AXCSAAA
HFDTE170615
HFFXA050
HFPLTPILOTINCHARGE:JOSH COHN
HFGTYGLIDERTYPE:ENZO 2
HFGIDGLIDERID:ENZO 2
HFCIDCOMPETITIONID:121
HFFTYFRTYPE:XCSOAR,XCSOAR Android 6.8_alpha7 Jun 13 2015
HFGPS:Internal GPS (Android)
HFDTM100DATUM:WGS-1984
I023638FXA3940SIU
C170615192801000000000002
C0000000N00000000ETAKEOFF
C4215813N12303090WRABIES
C4217151N12319383WPRSPCT
C4221412N12258661WJOHNS
C4205623N12305864WMULELZ
C0000000N00000000ELANDING
F192801
B1928014213891N12300199WA011250115500000
B1928064213891N12300199WA011250115500000
B1928114213891N12300199WA011250115500000
B1928174213891N12300199WA011250115500000
B1928224213891N12300199WA011250115500000
B1928284213891N12300199WA011250115500000
B1928334213891N12300199WA011250115500000
B1928384213891N12300199WA011250115500000
B1928434213891N12300199WA011250115500000
B1928484213891N12300199WA011250115500000
F192853
B1928534213891N12300199WA011250115500000
B1928584213891N12300199WA011240115500000
B1929034213891N12300199WA011250115500000
B1929084213891N12300199WA011250115500000
B1929134213891N12300199WA011250115500000
B1929184213891N12300199WA011240115500000
F192923
B1929234213891N12300201WA011240115600000
B1929284213892N12300201WA011250115500000
B1929334213892N12300201WA011240115500000
B1929384213892N12300201WA011250115500000
B1929434213892N12300201WA011240115500000
B1929484213892N12300201WA011240115500000
B1929534213892N12300201WA011240115500000
B1929584213892N12300201WA011240115500000
B1930034213892N12300201WA011240115500000
F193008
B1930084213892N12300201WA011240115400000
B1930134213892N12300201WA011240115400000
B1930194213892N12300201WA011240115400000
B1930244213892N12300201WA011240115400000
B1930294213892N12300201WA011240115400000
B1930344213892N12300201WA011250115400000
F193039
B1930394213892N12300201WA011240115400000
B1930444213892N12300201WA011250115400000
B1930494213892N12300201WA011240115400000
B1930544213892N12300201WA011240115400000
B1930594213892N12300201WA011240115400000
B1931044213892N12300201WA011240115400000
B1931094213892N12300201WA011240115400000
F193114
B1931144213892N12300201WA011240115400000
B1931194213892N12300201WA011250115400000
B1931244213892N12300201WA011250115200000
B1931294213891N12300201WA011250115100000
B1931344213892N12300201WA011250115100000
B1931394213892N12300201WA011250115100000
B1931444213892N12300201WA011250115100000
B1931494213892N12300201WA011250115100000
F193154
B1931544213892N12300201WA011250115100000
B1931594213892N12300201WA011250115100000
B1932044213892N12300201WA011250115100000
B1932094213892N12300201WA011250115100000
B1932144213892N12300201WA011250115100000
B1932194213892N12300201WA011250115100000
B1932244213892N12300201WA011250115100000
B1932294213892N12300201WA011250115100000
B1932344213892N12300201WA011250115100000
B1932394213893N12300201WA011250115100000
B1932444213901N12300202WA011210115100000
F193249
B1932494213918N12300199WA011260115700000
B1932544213936N12300198WA011230115500000
B1932594213953N12300203WA011270115500000
B1933044213971N12300213WA011290115900000
B1933094213983N12300224WA011390116700000
B1933144213994N12300231WA011400116700000
B1933194214012N12300251WA011350116200000
B1933244214021N12300278WA011290115700000
F193329
B1933294214032N12300314WA011180115100000
B1933344214041N12300344WA011270115600000
B1933394214049N12300369WA011350116400000
B1933444214050N12300398WA011400116300000
B1933494214030N12300433WA011410116700000
B1933544214005N12300420WA011500117700000
F193359
B1933594214016N12300406WA011590118900000
B1934004214019N12300407WA011620119200000
B1934024214025N12300414WA011650119500000
B1934034214026N12300421WA011650119400000
B1934044214024N12300429WA011650119400000
B1934054214021N12300436WA011640119400000
B1934064214016N12300444WA011630119400000
B1934074214011N12300450WA011630119400000
B1934084214004N12300453WA011650119500000
B1934094213998N12300454WA011660119600000
B1934104213993N12300448WA011680120000000
B1934114213990N12300445WA011700120100000
B1934124213987N12300442WA011730120100000
B1934134213985N12300438WA011740120300000
B1934144213987N12300434WA011740120200000
B1934154213988N12300432WA011750120200000
B1934164213989N12300429WA011750120300000
B1934174213990N12300426WA011760120300000
B1934184213992N12300424WA011780120500000
B1934194213995N12300423WA011800120700000
B1934204213997N12300423WA011810121000000
B1934214213998N12300426WA011820121100000
B1934224214000N12300428WA011820121100000
B1934234214002N12300432WA011820121100000
B1934244214004N12300437WA011810121000000
B1934254214007N12300442WA011800120900000
B1934264214009N12300446WA011790120900000
B1934274214011N12300451WA011770120700000
B1934284214013N12300456WA011750120300000
F193429
B1934294214016N12300461WA011710120100000
B1934304214020N12300466WA011690120000000
B1934314214023N12300471WA011670119900000
B1934324214025N12300476WA011650119900000
B1934334214028N12300480WA011640119700000
B1934344214030N12300485WA011620119500000
B1934354214032N12300491WA011600119300000
B1934364214035N12300495WA011590119200000
B1934374214039N12300498WA011570118900000
B1934384214044N12300501WA011540118800000
B1934394214049N12300502WA011510118300000
B1934404214056N12300503WA011490118100000
B1934414214062N12300504WA011480118100000
B1934424214067N12300506WA011490118200000
B1934434214072N12300508WA011500118300000
B1934444214077N12300510WA011510118300000
B1934454214082N12300511WA011520118300000
B1934464214087N12300510WA011520118400000
B1934474214092N12300510WA011530118400000
B1934484214097N12300510WA011530118500000
B1934494214101N12300510WA011540118600000
B1934504214105N12300512WA011550118700000
B1934514214109N12300515WA011550118700000
B1934524214114N12300517WA011550118600000
B1934534214118N12300519WA011560118700000
B1934544214122N12300520WA011570119000000
B1934554214125N12300520WA011590119100000
B1934564214128N12300521WA011600119000000
B1934574214131N12300523WA011610119000000
B1934584214134N12300526WA011590118800000
B1934594214137N12300530WA011570118600000
B1935004214141N12300535WA011540118500000
F193501
B1935014214145N12300539WA011530118500000
B1935024214149N12300542WA011520118300000
B1935034214153N12300544WA011510118200000
B1935044214157N12300546WA011510118300000
B1935054214162N12300547WA011520118400000
B1935074214170N12300551WA011550118900000
B1935084214172N12300554WA011570119100000
B1935094214175N12300555WA011590119100000
B1935104214178N12300557WA011600119100000
B1935154214197N12300563WA011700120100000
B1935204214215N12300585WA011780121000000
B1935254214193N12300613WA011870122000000
B1935304214179N12300592WA011970123200000
F193533
B1935334214191N12300586WA012010123700000
B1935344214196N12300590WA012030124000000
B1935354214199N12300595WA012060124400000
B1935364214201N12300600WA012090124700000
B1935374214202N12300606WA012120125000000
B1935384214201N12300612WA012160125200000
B1935394214200N12300619WA012180125400000
B1935404214198N12300626WA012190125500000
B1935414214194N12300632WA012200125500000
B1935424214189N12300638WA012200125500000
B1935434214182N12300642WA012190125700000
B1935444214175N12300642WA012200126000000
B1935454214170N12300640WA012230126300000
B1935464214166N12300637WA012250126600000
B1935474214161N12300632WA012300126700000
B1935484214160N12300626WA012340127200000
B1935494214160N12300621WA012370127400000
B1935504214159N12300616WA012390127500000
B1935514214160N12300611WA012420127700000
B1935524214162N12300607WA012440127900000
B1935534214166N12300603WA012460128200000
B1935544214170N12300602WA012470128500000
B1935554214174N12300603WA012500128900000
B1935564214178N12300604WA012530129200000
B1935574214182N12300607WA012560129500000
B1935584214184N12300611WA012580129700000
B1935594214186N12300616WA012600129900000
B1936004214187N12300623WA012610129900000
B1936014214186N12300633WA012610129900000
B1936024214182N12300641WA012620129900000
F193603
B1936034214176N12300648WA012630130000000
B1936044214170N12300651WA012650130400000
B1936054214166N12300652WA012690130700000
B1936064214161N12300653WA012710131000000
B1936074214156N12300652WA012740131100000
B1936084214151N12300648WA012760131400000
B1936094214146N12300645WA012790131800000
B1936104214143N12300640WA012830132100000
B1936114214142N12300634WA012850132400000
B1936124214143N12300629WA012880132500000
B1936134214145N12300623WA012890132700000
B1936144214147N12300617WA012910132900000
B1936154214150N12300614WA012930133300000
B1936164214153N12300612WA012950133300000
B1936174214156N12300614WA012960133300000
B1936184214159N12300619WA012980133600000
B1936194214161N12300623WA013000133700000
B1936204214163N12300627WA013020134000000
B1936214214164N12300631WA013030134100000
B1936224214165N12300638WA013050134200000
B1936234214165N12300644WA013060134300000
B1936244214162N12300652WA013070134400000
B1936254214159N12300660WA013070134600000
B1936274214149N12300672WA013110135100000
B1936284214143N12300677WA013130135200000
B1936294214137N12300675WA013150135500000
B1936304214132N12300673WA013180135700000
B1936314214128N12300671WA013210135900000
B1936324214124N12300667WA013230136100000
B1936334214121N12300664WA013250136400000
B1936344214119N12300660WA013270136600000
F193635
B1936354214118N12300655WA013280136600000
B1936364214118N12300649WA013290136700000
B1936374214118N12300644WA013300136700000
B1936384214121N12300639WA013320137100000
B1936394214124N12300637WA013340137400000
B1936404214127N12300637WA013360137600000
B1936414214130N12300638WA013380137700000
B1936424214134N12300638WA013390137800000
B1936434214138N12300640WA013420138000000
B1936444214141N12300644WA013430138200000
B1936454214142N12300648WA013450138400000
B1936464214143N12300655WA013460138500000
B1936474214142N12300663WA013470138600000
B1936484214140N12300670WA013470138600000
B1936494214135N12300678WA013480138800000
B1936504214129N12300683WA013490138900000
B1936514214122N12300686WA013510139000000
B1936524214116N12300686WA013530139300000
B1936534214111N12300684WA013550139600000
B1936544214106N12300680WA013580139800000
B1936554214102N12300675WA013610140000000
B1936564214100N12300670WA013620140100000
B1936574214101N12300664WA013630140100000
B1936584214104N12300658WA013630140200000
B1936594214109N12300655WA013630140300000
B1937004214115N12300655WA013640140500000
B1937014214118N12300660WA013650140800000
B1937024214120N12300665WA013670141100000
B1937034214122N12300670WA013700141300000
B1937044214122N12300675WA013720141400000
B1937054214124N12300680WA013730141500000
F193706
B1937064214125N12300686WA013740141600000
B1937074214126N12300693WA013740141700000
B1937084214127N12300699WA013750141800000
B1937094214130N12300705WA013760141900000
B1937104214133N12300709WA013780141900000
B1937114214138N12300709WA013780142000000
B1937124214142N12300712WA013790142100000
B1937134214147N12300714WA013810142300000
B1937144214151N12300717WA013830142500000
B1937154214156N12300720WA013850142800000
B1937164214159N12300721WA013860142800000
B1937174214162N12300722WA013860142600000
B1937184214165N12300723WA013840142300000
B1937194214170N12300724WA013810142100000
B1937204214175N12300726WA013790142000000
B1937214214181N12300725WA013780142200000
B1937224214185N12300724WA013800142300000
B1937234214188N12300723WA013810142400000
B1937244214191N12300721WA013830142500000
B1937254214192N12300718WA013840142500000
B1937264214194N12300714WA013830142200000
B1937274214195N12300709WA013810142000000
B1937284214195N12300702WA013790141800000
B1937294214193N12300694WA013770141800000
B1937304214188N12300687WA013760141700000
B1937314214182N12300684WA013760141600000
B1937324214176N12300681WA013750141600000
B1937334214171N12300683WA013750141700000
B1937344214164N12300685WA013740141600000
B1937354214159N12300687WA013740141700000
B1937364214154N12300687WA013740141500000
B1937374214149N12300687WA013720141400000
F193738
B1937384214143N12300684WA013700141200000
B1937394214136N12300685WA013700141300000
B1937404214129N12300688WA013710141600000
B1937414214123N12300694WA013730141700000
B1937424214119N12300701WA013750142000000
B1937434214115N12300707WA013780142100000
B1937444214111N12300712WA013800142300000
B1937454214106N12300715WA013820142400000
B1937464214100N12300718WA013830142600000
B1937474214094N12300722WA013840142700000
B1937484214089N12300727WA013860142800000
B1937494214084N12300731WA013870143100000
B1937504214078N12300734WA013890143300000
B1937514214072N12300734WA013900143300000
B1937524214066N12300732WA013900143400000
B1937534214062N12300728WA013910143600000
B1937544214059N12300724WA013910143500000
B1937554214058N12300718WA013890143400000
B1937564214057N12300712WA013870143100000
B1937574214059N12300706WA013840142900000
B1937584214061N12300700WA013830142800000
B1937594214063N12300695WA013820142800000
B1938004214068N12300696WA013820142800000
B1938014214072N12300698WA013820142900000
B1938024214075N12300702WA013820142800000
B1938034214076N12300708WA013820142700000
B1938044214076N12300715WA013810142700000
B1938054214076N12300722WA013820142800000
B1938064214076N12300730WA013820142800000
B1938074214077N12300736WA013840142900000
B1938084214078N12300743WA013860142900000
B1938094214077N12300750WA013870143100000
B1938104214077N12300757WA013890143200000
B1938114214076N12300764WA013900143200000
B1938124214075N12300771WA013900143300000
F193813
B1938134214075N12300777WA013900143200000
B1938144214073N12300784WA013890143100000
B1938154214072N12300792WA013870143200000
B1938164214072N12300800WA013860143200000
B1938174214065N12300811WA013850143300000
B1938184214062N12300820WA013850143400000
B1938194214059N12300829WA013860143400000
B1938204214056N12300836WA013890143800000
B1938214214054N12300843WA013910143800000
B1938224214050N12300850WA013940143900000
B1938234214047N12300856WA013950144000000
B1938244214044N12300863WA013960143900000
B1938254214041N12300871WA013950143900000
B1938264214038N12300881WA013940143800000
B1938274214036N12300890WA013940143900000
B1938284214033N12300900WA013960144200000
B1938334214006N12300927WA014030144600000
B1938384213997N12300906WA013960144200000
B1938434214014N12300904WA013980144300000
B1938474214031N12300904WA013980144300000
F193848
B1938484214036N12300904WA013990144600000
B1938494214037N12300905WA014000144400000
B1938504214040N12300906WA014010144400000
B1938514214043N12300906WA014020144400000
B1938524214046N12300907WA014000144400000
B1938534214051N12300908WA013980144300000
B1938544214055N12300908WA013960144300000
B1938554214060N12300908WA013940144300000
B1938564214064N12300906WA013930144100000
B1938574214068N12300903WA013920143900000
B1938584214072N12300899WA013910143800000
B1938594214074N12300894WA013910143600000
B1939004214076N12300888WA013890143500000
B1939014214078N12300882WA013890143500000
B1939024214079N12300877WA013890143500000
B1939034214078N12300872WA013880143400000
B1939044214078N12300866WA013870143100000
B1939054214077N12300859WA013850142800000
B1939064214077N12300851WA013820142700000
B1939074214075N12300843WA013810142800000
B1939084214073N12300836WA013820142800000
B1939094214071N12300833WA013840143100000
B1939104214068N12300829WA013900143400000
B1939114214066N12300826WA013930143600000
B1939124214064N12300824WA013960143700000
B1939134214061N12300822WA013970143900000
B1939144214059N12300820WA013980143900000
B1939154214056N12300816WA013990144000000
B1939164214053N12300813WA013990144100000
B1939174214050N12300810WA013980144100000
F193918
B1939184214048N12300807WA013980144000000
B1939194214046N12300804WA013960143700000
B1939204214042N12300799WA013930143300000
B1939214214039N12300791WA013880142900000
B1939224214036N12300782WA013840142600000
B1939234214032N12300773WA013820142500000
B1939244214029N12300766WA013810142600000
B1939254214027N12300760WA013820142700000
B1939264214024N12300754WA013830142700000
B1939274214023N12300747WA013840142700000
B1939284214021N12300741WA013840142700000
B1939294214019N12300735WA013820142500000
B1939304214016N12300727WA013810142400000
B1939314214012N12300720WA013800142500000
B1939324214009N12300713WA013800142600000
B1939334214006N12300706WA013810142900000
B1939384213982N12300684WA013900143500000
B1939434213965N12300660WA013940143900000
B1939484213964N12300636WA013990144300000
F193953
B1939534213977N12300624WA014020144700000
B1939584213993N12300612WA014050144900000
B1940034214007N12300612WA014110145400000
B1940084214021N12300621WA014180145900000
B1940134214030N12300646WA014230146800000
B1940184214025N12300680WA014190146700000
B1940224214006N12300696WA014180146600000
B1940234214000N12300696WA014170146600000
B1940244213994N12300695WA014160146500000
B1940254213988N12300694WA014160146500000
B1940264213980N12300691WA014160146500000
B1940274213974N12300688WA014170146700000
F194028
B1940284213969N12300683WA014190146800000
B1940294213965N12300677WA014210146900000
B1940304213962N12300672WA014220147100000
B1940314213961N12300666WA014230147200000
B1940324213960N12300660WA014240147200000
B1940334213960N12300655WA014240147200000
B1940344213961N12300649WA014240147100000
B1940354213965N12300645WA014250147200000
B1940364213968N12300643WA014250147300000
B1940374213971N12300641WA014260147400000
B1940384213974N12300639WA014270147600000
B1940394213977N12300639WA014290147600000
B1940404213981N12300639WA014300147800000
B1940414213984N12300640WA014310147900000
B1940424213988N12300641WA014320148000000
B1940434213991N12300644WA014340148300000
B1940444213994N12300646WA014360148400000
B1940454213996N12300649WA014370148500000
B1940464213999N12300652WA014380148500000
B1940474214001N12300656WA014380148500000
B1940484214003N12300661WA014380148500000
B1940494214006N12300665WA014380148400000
B1940504214011N12300669WA014370148200000
B1940514214016N12300674WA014350148100000
B1940524214020N12300679WA014350148100000
B1940534214024N12300683WA014350148200000
B1940544214027N12300689WA014360148100000
B1940554214031N12300692WA014370148100000
B1940564214035N12300695WA014370148000000
B1940574214039N12300697WA014370147900000
B1940584214043N12300700WA014360147700000
F194059
B1940594214049N12300703WA014340147400000
B1941004214055N12300708WA014320147200000
B1941014214062N12300713WA014310147400000
B1941064214088N12300738WA014270147400000
B1941114214120N12300765WA014150146600000
B1941164214143N12300801WA014060145600000
B1941214214167N12300838WA014000145100000
B1941264214188N12300871WA013920144100000
B1941314214211N12300913WA013800142800000
B1941364214234N12300954WA013720141600000
B1941414214258N12300990WA013700141200000
B1941464214280N12301029WA013570140000000
F194151
B1941514214301N12301073WA013470138600000
B1941564214327N12301111WA013350137700000
B1942014214355N12301145WA013220136500000
B1942074214389N12301180WA013150135400000
B1942124214416N12301211WA013100134800000
B1942174214441N12301245WA013000133800000
B1942224214466N12301278WA012860133100000
B1942274214487N12301323WA012800132200000
B1942324214504N12301366WA012700131400000
F194237
B1942374214523N12301407WA012650131000000
B1942424214543N12301437WA012560130400000
B1942474214571N12301468WA012510129500000
B1942524214596N12301497WA012440128800000
B1942574214620N12301528WA012390127600000
B1943024214641N12301562WA012280126600000
F194307
B1943074214660N12301597WA012210125800000
B1943124214676N12301638WA012120124600000
B1943174214694N12301679WA012120124600000
B1943224214708N12301722WA012050123800000
B1943274214725N12301763WA012010123300000
B1943324214743N12301803WA011960122900000
B1943374214761N12301836WA011910122200000
B1943424214784N12301866WA011830121600000
B1943474214802N12301900WA011790121200000
B1943524214819N12301937WA011700120400000
F194357
B1943574214831N12301975WA011700120200000
B1944024214840N12302015WA011660119800000
B1944074214849N12302051WA011600119000000
B1944124214863N12302084WA011540118300000
B1944174214880N12302116WA011470117700000
B1944224214895N12302152WA011430116900000
B1944274214911N12302185WA011370116300000
B1944324214926N12302216WA011280115700000
B1944364214939N12302242WA011150114500000
B1944374214942N12302249WA011130114300000
B1944394214947N12302267WA011090114000000
B1944404214950N12302275WA011070114000000
B1944414214952N12302283WA011060113900000
B1944464214962N12302324WA010940112500000
F194451
B1944514214970N12302369WA010860112000000
B1944564214979N12302407WA010860111500000
B1945014214991N12302442WA010760111000000
B1945064215004N12302479WA010720110800000
B1945114215020N12302515WA010640110000000
B1945164215037N12302550WA010630109600000
F194521
B1945214215050N12302575WA010720110200000
B1945264215054N12302586WA010800110900000
B1945314215058N12302612WA010830111400000
B1945364215064N12302633WA010860111400000
B1945414215069N12302654WA011010112800000
B1945464215067N12302679WA011140113900000
B1945514215045N12302691WA011210114500000
B1945564215034N12302659WA011210114700000
B1946014215049N12302631WA011320115200000
B1946024215053N12302630WA011350115500000
F194603
B1946034215055N12302631WA011380115800000
B1946044215058N12302632WA011410115900000
B1946054215061N12302634WA011440116300000
B1946064215064N12302636WA011450116500000
B1946074215066N12302639WA011480116600000
B1946084215069N12302642WA011490116800000
B1946094215070N12302646WA011490116800000
B1946104215069N12302651WA011480116800000
B1946114215068N12302657WA011480116800000
B1946124215068N12302663WA011490117200000
B1946134215067N12302669WA011520117500000
B1946144215065N12302675WA011560118000000
B1946154215062N12302680WA011600118400000
B1946164215060N12302686WA011650118900000
B1946174215058N12302691WA011690119300000
B1946184215056N12302697WA011740119900000
B1946194215054N12302702WA011780120400000
B1946204215052N12302707WA011810120700000
B1946214215049N12302710WA011820120700000
B1946224215044N12302713WA011810120600000
B1946234215040N12302713WA011790120500000
B1946244215035N12302713WA011780120500000
B1946254215030N12302714WA011790120700000
B1946264215026N12302714WA011800120800000
B1946274215022N12302714WA011810120800000
B1946284215018N12302714WA011820120900000
B1946294215014N12302713WA011830120900000
B1946304215009N12302713WA011830120900000
B1946314215005N12302713WA011830120900000
B1946324215001N12302711WA011820120800000
B1946334214997N12302707WA011820120700000
B1946344214995N12302700WA011800120600000
B1946354214994N12302691WA011780120600000
F194636
B1946364214995N12302684WA011780120700000
B1946374214995N12302678WA011790120800000
B1946384214995N12302673WA011790120700000
B1946394214995N12302667WA011780120600000
B1946404214995N12302660WA011770120500000
B1946414214997N12302654WA011770120400000
B1946424215000N12302648WA011780120700000
B1946434215002N12302641WA011790120900000
B1946444215004N12302636WA011820121100000
B1946454215005N12302629WA011850121300000
B1946464215007N12302623WA011880121600000
B1946474215009N12302617WA011910122100000
B1946484215011N12302612WA011950122500000
B1946494215014N12302608WA011990122900000
B1946504215017N12302604WA012030123200000
B1946514215022N12302602WA012060123600000
B1946524215026N12302602WA012100123900000
B1946534215030N12302603WA012160124100000
B1946544215033N12302604WA012200124100000
B1946554215034N12302609WA012240124500000
B1946564215036N12302611WA012260124500000
B1946574215040N12302616WA012260124600000
B1946584215043N12302624WA012260124700000
B1946594215046N12302631WA012270125000000
B1947004215048N12302637WA012300125600000
B1947014215049N12302641WA012340126000000
B1947024215050N12302645WA012380126300000
B1947034215051N12302649WA012410126600000
B1947044215050N12302654WA012430126900000
B1947054215049N12302660WA012460127300000
B1947064215047N12302665WA012490127900000
B1947074215044N12302668WA012540128400000
F194708
B1947084215042N12302670WA012570128700000
B1947094215038N12302671WA012590128800000
B1947104215033N12302671WA012600129000000
B1947114215029N12302670WA012620129000000
B1947124215025N12302666WA012620129200000
B1947134215021N12302661WA012630129500000
B1947144215018N12302655WA012660129900000
B1947154215016N12302649WA012690130300000
B1947164215014N12302644WA012720130400000
B1947174215015N12302637WA012750130600000
B1947184215016N12302629WA012770130600000
B1947194215019N12302621WA012800130800000
B1947214215030N12302611WA012840131200000
B1947224215035N12302609WA012880131600000
B1947234215040N12302607WA012920132000000
B1947244215043N12302604WA012940132100000
B1947254215045N12302602WA012940132000000
B1947264215049N12302603WA012920131900000
B1947274215052N12302605WA012890131900000
B1947284215054N12302612WA012850131600000
B1947294215054N12302619WA012840131600000
B1947304215052N12302624WA012840131700000
B1947314215049N12302628WA012840131800000
B1947324215046N12302632WA012850132000000
B1947334215042N12302635WA012890132500000
B1947344215038N12302637WA012940133100000
B1947354215035N12302636WA012990133500000
B1947364215031N12302633WA013040133700000
B1947374215027N12302628WA013060133900000
B1947384215022N12302621WA013090134200000
B1947394215020N12302612WA013120134600000
F194740
B1947404215018N12302604WA013140134900000
B1947414215023N12302594WA013160134900000
B1947424215028N12302587WA013180134900000
B1947434215037N12302587WA013180135200000
B1947444215043N12302588WA013200135400000
B1947454215047N12302591WA013220135400000
B1947464215049N12302594WA013230135400000
B1947474215051N12302598WA013240135500000
B1947484215052N12302601WA013250135500000
B1947494215054N12302605WA013250135600000
B1947504215055N12302609WA013250135700000
B1947514215057N12302613WA013260135800000
B1947524215057N12302617WA013270135800000
B1947534215055N12302621WA013280136000000
B1947544215052N12302625WA013290136100000
B1947554215047N12302626WA013310136200000
B1947564215043N12302625WA013320136300000
B1947574215040N12302621WA013330136500000
B1947584215036N12302615WA013340136700000
B1947594215035N12302608WA013360137000000
B1948004215033N12302601WA013380137400000
B1948014215032N12302595WA013410137600000
B1948024215030N12302589WA013430137800000
B1948034215027N12302582WA013440137900000
B1948044215025N12302574WA013450138100000
B1948054215024N12302565WA013460138100000
B1948064215025N12302555WA013460138000000
B1948074215030N12302545WA013470138100000
B1948084215035N12302537WA013480138200000
B1948094215044N12302537WA013480138200000
B1948104215050N12302537WA013480138000000
F194811
B1948114215054N12302539WA013480138100000
B1948124215058N12302541WA013470138100000
B1948134215060N12302545WA013460138000000
B1948144215060N12302548WA013440138000000
B1948154215056N12302551WA013410137500000
B1948164215051N12302553WA013370137300000
B1948174215046N12302556WA013360137300000
B1948184215042N12302557WA013350137400000
B1948194215038N12302559WA013360137600000
B1948204215035N12302561WA013370137600000
B1948214215031N12302561WA013390137600000
B1948224215028N12302564WA013400137600000
B1948234215024N12302566WA013410137700000
B1948244215020N12302567WA013430138000000
B1948254215016N12302569WA013450138200000
B1948264215013N12302569WA013480138400000
B1948274215010N12302569WA013500138500000
B1948284215007N12302569WA013510138500000
B1948294215003N12302568WA013510138500000
B1948304214998N12302568WA013510138600000
B1948314214993N12302568WA013520138700000
B1948324214989N12302567WA013530138900000
B1948334214985N12302567WA013540139100000
B1948344214982N12302566WA013550139200000
B1948354214979N12302566WA013570139400000
B1948364214976N12302569WA013570139400000
B1948374214973N12302573WA013570139500000
B1948384214975N12302581WA013560139600000
B1948394214976N12302588WA013560139700000
B1948404214979N12302590WA013540139500000
B1948414214983N12302594WA013530139500000
F194842
B1948424214987N12302599WA013500139400000
B1948434214991N12302604WA013470139000000
B1948444214995N12302610WA013430138600000
B1948454214999N12302618WA013390138300000
B1948464215005N12302628WA013370138200000
B1948474215009N12302635WA013360138200000
B1948484215014N12302643WA013360138200000
B1948494215018N12302649WA013360138200000
B1948504215024N12302657WA013380138200000
B1948514215030N12302662WA013410138500000
B1948524215035N12302667WA013440138700000
B1948534215041N12302671WA013480138800000
B1948544215045N12302674WA013490138900000
B1948554215050N12302677WA013500138900000
B1948564215054N12302682WA013490138900000
B1948574215059N12302685WA013480138900000
B1948584215063N12302688WA013470138900000
B1948594215069N12302691WA013470138900000
B1949004215073N12302694WA013470139000000
B1949014215078N12302698WA013470139000000
B1949024215082N12302704WA013480139000000
B1949034215086N12302709WA013490139300000
B1949044215089N12302713WA013520139400000
B1949054215093N12302715WA013540139500000
B1949064215097N12302718WA013550139500000
B1949074215102N12302722WA013550139400000
B1949124215125N12302739WA013510138900000
B1949174215150N12302767WA013350137800000
F194922
B1949224215173N12302787WA013360137800000
B1949274215199N12302810WA013250136400000
B1949324215226N12302834WA013170135600000
B1949374215251N12302862WA013060134300000
B1949424215279N12302892WA013100134600000
B1949474215297N12302915WA013110134200000
B1949524215321N12302944WA013070133800000
B1949574215345N12302973WA013130134200000
B1950024215364N12302992WA013280135200000
F195007
B1950074215388N12303010WA013290135600000
B1950124215413N12303029WA013370136600000
B1950174215439N12303038WA013460137300000
B1950224215466N12303055WA013460137600000
B1950284215487N12303077WA013440137500000
B1950334215472N12303110WA013460138200000
B1950384215457N12303136WA013440137700000
F195043
B1950434215441N12303167WA013460138200000
B1950484215420N12303186WA013530138900000
B1950534215406N12303166WA013580139400000
B1950584215429N12303145WA013630140000000
B1951024215448N12303156WA013650140200000
B1951034215451N12303162WA013650140200000
B1951044215453N12303168WA013640140100000
B1951054215456N12303175WA013640140200000
B1951064215457N12303181WA013640140300000
B1951074215459N12303187WA013660140400000
B1951084215458N12303193WA013670140400000
B1951094215456N12303199WA013680140400000
B1951104215452N12303204WA013670140300000
B1951114215447N12303207WA013660140300000
B1951124215443N12303208WA013650140300000
B1951134215439N12303207WA013650140300000
B1951144215436N12303199WA013660140500000
B1951154215435N12303191WA013660140700000
B1951164215435N12303184WA013680140800000
B1951174215436N12303178WA013690140900000
B1951184215437N12303173WA013710140900000
B1951194215440N12303168WA013710140800000
F195120
B1951204215444N12303164WA013690140800000
B1951214215451N12303162WA013680140900000
B1951224215457N12303162WA013660140800000
B1951234215465N12303165WA013650140800000
B1951244215472N12303166WA013650140800000
B1951254215478N12303168WA013660140800000
B1951264215484N12303170WA013670140800000
B1951274215490N12303174WA013680140800000
B1951284215495N12303179WA013680140800000
B1951294215500N12303182WA013690140800000
B1951304215505N12303185WA013690140800000
B1951314215510N12303188WA013690140800000
B1951324215515N12303192WA013680140700000
B1951334215520N12303195WA013670140700000
B1951344215525N12303198WA013670140700000
B1951354215530N12303201WA013670140600000
B1951364215534N12303202WA013660140500000
B1951374215539N12303204WA013650140200000
B1951384215544N12303205WA013620139900000
B1951394215550N12303209WA013600139800000
B1951444215576N12303227WA013540139600000
B1951494215600N12303246WA013440138800000
B1951544215626N12303267WA013340138500000
B1951594215654N12303288WA013260138000000
B1952044215687N12303309WA013170137000000
B1952094215720N12303326WA013120136600000
B1952144215748N12303346WA013040135900000
B1952194215777N12303365WA013000135300000
B1952244215804N12303385WA012950134800000
F195229
B1952294215835N12303404WA012920134500000
B1952344215869N12303419WA012880133900000
B1952394215902N12303434WA012920134000000
B1952444215933N12303450WA012870133100000
B1952494215961N12303467WA012920133200000
B1952544215985N12303491WA012860132400000
B1952594216018N12303508WA012870132700000
F195304
B1953044216036N12303523WA012930132600000
B1953094216056N12303539WA012840132000000
B1953144216076N12303541WA012890132400000
B1953194216094N12303540WA013020133800000
B1953244216111N12303546WA013070134100000
B1953294216131N12303555WA013140134800000
B1953344216151N12303562WA013290136500000
B1953394216162N12303547WA013370137400000
B1953444216138N12303531WA013540139600000
B1953494216121N12303556WA013610140000000
B1953524216133N12303579WA013620140300000
B1953534216137N12303580WA013680140400000
B1953544216140N12303578WA013760140700000
F195355
B1953554216142N12303578WA013830141200000
B1953564216144N12303579WA013850141300000
B1953574216148N12303579WA013860141300000
B1953584216152N12303578WA013850141400000
B1953594216155N12303574WA013840141500000
B1954004216157N12303568WA013840141600000
B1954014216155N12303561WA013840141700000
B1954024216152N12303555WA013850142100000
B1954034216147N12303551WA013870142400000
B1954044216141N12303550WA013900142800000
B1954054216136N12303552WA013930143100000
B1954064216131N12303558WA013980143400000
B1954074216128N12303565WA013990143800000
B1954084216127N12303572WA014020144100000
B1954094216125N12303579WA014050144400000
B1954104216123N12303586WA014080144700000
B1954114216119N12303592WA014110144900000
B1954124216114N12303597WA014120145000000
B1954134216110N12303601WA014130145000000
B1954144216104N12303602WA014130145100000
B1954154216100N12303592WA014140145200000
B1954164216099N12303586WA014140145300000
B1954174216101N12303581WA014140145500000
B1954184216106N12303578WA014140145700000
B1954194216111N12303578WA014150146000000
B1954204216116N12303580WA014190146300000
B1954214216119N12303584WA014220146700000
B1954224216121N12303588WA014260147000000
B1954234216122N12303592WA014290147100000
B1954244216122N12303597WA014300147100000
B1954254216122N12303604WA014310147200000
B1954264216120N12303612WA014310147100000
B1954274216115N12303618WA014310147200000
B1954284216108N12303620WA014310147200000
B1954294216103N12303619WA014310147300000
B1954304216097N12303617WA014320147500000
B1954314216093N12303614WA014340147700000
B1954324216090N12303611WA014370147900000
B1954334216087N12303607WA014390147900000
B1954344216087N12303602WA014390147700000
F195435
B1954354216088N12303596WA014370147600000
B1954364216092N12303591WA014360147600000
B1954374216099N12303591WA014350147700000
B1954384216104N12303596WA014350147800000
B1954394216107N12303604WA014370147900000
B1954404216106N12303614WA014380148100000
B1954414216103N12303622WA014410148400000
B1954424216100N12303628WA014440148700000
B1954434216097N12303634WA014470148900000
B1954444216095N12303638WA014490149000000
B1954464216086N12303645WA014480148900000
B1954474216080N12303648WA014470148800000
B1954484216073N12303645WA014460148900000
B1954494216066N12303642WA014460148800000
B1954504216062N12303634WA014460148700000
B1954514216065N12303625WA014460148800000
B1954524216066N12303620WA014470148900000
B1954534216072N12303617WA014480149200000
B1954544216076N12303615WA014490149300000
B1954554216080N12303615WA014510149500000
B1954564216083N12303615WA014530149600000
B1954574216087N12303615WA014550149700000
B1954584216090N12303616WA014570149900000
B1954594216093N12303617WA014590149900000
B1955004216095N12303617WA014590149800000
B1955014216099N12303618WA014580149700000
B1955024216103N12303619WA014570149600000
B1955034216107N12303622WA014560149700000
B1955044216110N12303627WA014580150000000
B1955054216112N12303632WA014600150200000
B1955064216113N12303637WA014630150700000
F195507
B1955074216114N12303641WA014660150800000
B1955084216115N12303646WA014680150900000
B1955094216119N12303653WA014690150900000
B1955104216120N12303659WA014690151100000
B1955114216122N12303664WA014690151300000
B1955124216124N12303667WA014700151400000
B1955134216126N12303671WA014690151300000
B1955144216129N12303675WA014660151200000
B1955154216133N12303681WA014630151200000
B1955164216138N12303685WA014590151200000
B1955174216147N12303685WA014560150700000
B1955184216154N12303687WA014540150700000
B1955194216160N12303689WA014550150700000
B1955204216166N12303691WA014570150900000
B1955214216170N12303695WA014590150700000
B1955224216174N12303697WA014590150600000
B1955234216179N12303701WA014580150300000
B1955244216185N12303704WA014550150200000
B1955254216191N12303706WA014520150200000
B1955264216198N12303707WA014490149900000
B1955274216204N12303708WA014470149600000
B1955284216211N12303709WA014460149400000
B1955294216217N12303711WA014440149300000
B1955304216224N12303712WA014420149000000
B1955354216262N12303733WA014340148600000
B1955404216281N12303750WA014430148500000
B1955454216310N12303732WA014460149600000
F195550
B1955504216333N12303733WA014470148900000
B1955554216360N12303733WA014430148600000
B1956004216395N12303739WA014350148000000
B1956054216434N12303745WA014190146400000
B1956104216472N12303748WA014160146300000
B1956154216512N12303744WA014240147400000
F195620
B1956204216534N12303729WA014430148900000
B1956254216550N12303730WA014640151300000
B1956304216532N12303728WA014780152000000
B1956354216555N12303726WA014970153500000
B1956404216531N12303732WA015120154900000
B1956414216528N12303726WA015150155200000
B1956424216531N12303717WA015190155700000
B1956434216534N12303709WA015220156100000
B1956444216538N12303703WA015260156400000
B1956454216542N12303700WA015290156600000
B1956464216548N12303703WA015320156900000
B1956474216551N12303708WA015340157300000
B1956484216553N12303714WA015370157700000
B1956494216551N12303720WA015390158000000
F195650
B1956504216547N12303725WA015420158200000
B1956514216539N12303726WA015450158700000
B1956524216534N12303723WA015480159000000
B1956534216529N12303716WA015510159300000
B1956544216527N12303707WA015540159600000
B1956554216527N12303698WA015570159600000
B1956564216529N12303690WA015590159900000
B1956574216533N12303685WA015610160200000
B1956584216538N12303681WA015630160300000
B1956594216544N12303682WA015660160900000
B1957004216548N12303684WA015700161500000
B1957014216550N12303687WA015750162000000
B1957024216550N12303691WA015780162200000
B1957034216550N12303697WA015800162300000
B1957044216548N12303704WA015810162700000
B1957054216544N12303709WA015840163200000
B1957064216539N12303711WA015870163500000
B1957074216533N12303710WA015890163600000
B1957084216528N12303706WA015910163800000
B1957094216523N12303699WA015930164000000
B1957104216520N12303691WA015950164400000
B1957114216519N12303683WA015980164500000
B1957124216521N12303675WA016000164500000
B1957134216524N12303667WA016000164600000
B1957144216528N12303662WA016010164600000
B1957154216534N12303662WA016020164700000
B1957164216539N12303664WA016030165000000
B1957174216543N12303669WA016060165300000
B1957184216544N12303677WA016090165700000
B1957194216543N12303683WA016130166200000
B1957204216540N12303688WA016160166600000
F195721
B1957214216536N12303692WA016200166900000
B1957224216531N12303695WA016220167000000
B1957234216525N12303697WA016230167200000
B1957244216519N12303696WA016240167400000
B1957254216514N12303693WA016260167400000
B1957264216510N12303686WA016260167600000
B1957274216507N12303678WA016260167500000
B1957284216507N12303668WA016250167400000
B1957294216510N12303659WA016250167500000
B1957304216513N12303651WA016240167500000
B1957314216518N12303645WA016260167400000
B1957324216523N12303642WA016280167800000
B1957334216527N12303639WA016300168000000
B1957344216532N12303637WA016330168200000
B1957354216535N12303635WA016350168500000
B1957364216539N12303636WA016380168700000
B1957374216542N12303638WA016400169000000
B1957384216545N12303641WA016420169200000
B1957394216547N12303647WA016440169500000
B1957404216548N12303653WA016450169500000
B1957414216546N12303660WA016460169500000
B1957424216542N12303667WA016480169500000
B1957434216532N12303663WA016490169800000
B1957444216527N12303658WA016500170000000
B1957454216521N12303652WA016510170000000
B1957464216520N12303643WA016510170200000
B1957474216521N12303635WA016510170200000
B1957484216523N12303629WA016520170300000
B1957494216527N12303625WA016520170500000
B1957504216532N12303624WA016530170600000
B1957514216535N12303628WA016540170900000
F195752
B1957524216537N12303633WA016550170900000
B1957534216538N12303639WA016550170800000
B1957544216534N12303645WA016540170800000
B1957554216525N12303651WA016530170800000
B1957564216519N12303653WA016530171000000
B1957574216513N12303655WA016540171000000
B1957584216507N12303655WA016540171000000
B1957594216502N12303656WA016540171100000
B1958004216497N12303659WA016530170800000
B1958014216491N12303660WA016510170500000
B1958024216485N12303664WA016480170100000
B1958034216479N12303668WA016440170000000
B1958044216473N12303671WA016430170100000
B1958054216469N12303674WA016450170300000
B1958064216465N12303678WA016460170400000
B1958074216462N12303683WA016480170400000
B1958084216460N12303688WA016490170600000
B1958094216458N12303693WA016510170700000
B1958104216456N12303697WA016530170900000
B1958114216454N12303700WA016540171100000
B1958124216452N12303703WA016550171000000
B1958134216450N12303706WA016540170900000
B1958144216448N12303709WA016530170700000
B1958154216444N12303714WA016510170600000
B1958164216440N12303718WA016500170700000
B1958174216436N12303722WA016500170700000
B1958184216433N12303725WA016500170600000
B1958194216428N12303725WA016480170600000
B1958204216422N12303725WA016450169900000
B1958214216416N12303722WA016400169600000
F195822
B1958224216409N12303716WA016380169400000
B1958234216405N12303708WA016360169500000
B1958244216403N12303699WA016370169800000
B1958254216403N12303692WA016400169900000
B1958264216404N12303685WA016410169900000
B1958274216403N12303678WA016430169900000
B1958284216404N12303670WA016430169900000
B1958294216405N12303662WA016440169900000
B1958304216407N12303654WA016460169800000
B1958314216413N12303651WA016460169900000
B1958324216418N12303646WA016450169800000
B1958334216424N12303646WA016430169700000
B1958344216430N12303656WA016450169800000
B1958354216434N12303660WA016500170500000
B1958364216438N12303662WA016540171000000
B1958374216440N12303665WA016570171100000
B1958384216441N12303670WA016580171000000
B1958394216445N12303676WA016570170800000
B1958404216447N12303683WA016560170900000
B1958414216448N12303690WA016550171000000
B1958424216450N12303699WA016540171000000
B1958434216452N12303706WA016540170900000
B1958444216454N12303714WA016530170800000
B1958454216457N12303720WA016520170700000
B1958464216460N12303726WA016520170700000
B1958474216462N12303731WA016510170500000
B1958484216463N12303736WA016480170100000
B1958494216465N12303743WA016430169500000
B1958504216467N12303751WA016370168800000
B1958514216471N12303761WA016310168300000
B1958524216475N12303772WA016270167900000
F195853
B1958534216479N12303782WA016240167800000
B1958584216493N12303818WA016340168100000
B1959034216495N12303850WA016400168800000
B1959084216495N12303883WA016430169200000
B1959134216493N12303918WA016450169600000
B1959184216492N12303958WA016340168700000
F195923
B1959234216499N12304003WA016310168700000
B1959284216502N12304045WA016250168400000
B1959334216509N12304084WA016150167200000
B1959384216512N12304133WA016010166100000
B1959434216513N12304180WA016000165800000
B1959484216508N12304223WA015990165600000
B1959534216509N12304258WA016010165500000
F195958
B1959584216507N12304301WA015830164000000
B2000034216501N12304347WA015800163500000
B2000084216506N12304390WA015720162900000
B2000134216516N12304427WA015590161100000
B2000184216545N12304427WA015440159900000
B2000234216570N12304409WA015330158400000
B2000284216595N12304376WA015110156100000
F200033
B2000334216608N12304331WA015040155200000
B2000384216626N12304282WA015010155200000
B2000434216640N12304249WA015130155900000
B2000484216660N12304223WA015200156600000
B2000534216678N12304206WA015390158400000
B2000584216702N12304215WA015570160100000
F200103
B2001034216704N12304187WA015670161500000
B2001084216692N12304220WA015760162100000
B2001094216691N12304227WA015810162500000
B2001104216691N12304233WA015860162900000
B2001114216691N12304239WA015920163300000
B2001124216692N12304245WA015960163800000
B2001134216693N12304250WA016010164200000
B2001144216695N12304255WA016040164400000
B2001154216697N12304260WA016080164900000
B2001164216700N12304266WA016110165300000
B2001174216704N12304271WA016150165700000
B2001184216709N12304274WA016190166100000
B2001194216714N12304272WA016230166400000
B2001204216718N12304269WA016260166500000
B2001214216721N12304263WA016270166600000
B2001224216722N12304256WA016280166800000
B2001234216720N12304247WA016290167100000
B2001244216717N12304241WA016320167500000
B2001254216713N12304236WA016350167900000
B2001264216709N12304233WA016370168200000
B2001274216704N12304234WA016400168500000
B2001284216699N12304238WA016420168500000
B2001294216696N12304245WA016440168700000
B2001304216695N12304253WA016460169200000
B2001314216697N12304260WA016510169800000
B2001324216698N12304266WA016560170200000
B2001334216700N12304271WA016600170300000
B2001344216703N12304273WA016630170600000
B2001354216707N12304274WA016640170900000
B2001364216711N12304275WA016640171000000
B2001374216718N12304270WA016640171100000
B2001384216721N12304264WA016640171000000
B2001394216724N12304258WA016640171200000
F200140
B2001404216723N12304251WA016650171200000
B2001414216722N12304245WA016670171400000
B2001424216720N12304239WA016690171600000
B2001434216718N12304234WA016720171800000
B2001444216715N12304229WA016730172000000
B2001454216712N12304225WA016750172100000
B2001464216708N12304222WA016760172200000
B2001474216703N12304221WA016770172400000
B2001484216699N12304221WA016790172600000
B2001494216694N12304223WA016810172800000
B2001504216690N12304227WA016830173000000
B2001514216685N12304231WA016840173200000
B2001524216681N12304237WA016860173400000
B2001534216678N12304243WA016890173500000
B2001544216676N12304252WA016910173900000
B2001554216676N12304260WA016930174000000
B2001564216678N12304267WA016950174200000
B2001574216680N12304274WA016970174200000
B2001584216684N12304278WA016990174400000
B2001594216689N12304277WA017020174700000
B2002004216694N12304276WA017030174600000
B2002014216698N12304273WA017030174700000
B2002024216702N12304268WA017030174700000
B2002034216705N12304262WA017040174700000
B2002044216706N12304256WA017050175000000
B2002064216705N12304245WA017070175200000
B2002074216703N12304239WA017080175300000
B2002084216702N12304234WA017090175300000
B2002094216699N12304228WA017100175400000
F200210
B2002104216696N12304225WA017110175500000
B2002114216691N12304221WA017130175800000
B2002124216687N12304218WA017160176100000
B2002134216682N12304217WA017190176400000
B2002144216676N12304218WA017210176600000
B2002154216670N12304222WA017230176600000
B2002164216665N12304229WA017260176900000
B2002174216662N12304238WA017290177400000
B2002184216661N12304245WA017350178000000
B2002194216662N12304251WA017400178600000
B2002204216665N12304255WA017430178700000
B2002214216669N12304257WA017440178600000
B2002224216675N12304258WA017430178700000
B2002234216681N12304258WA017440179100000
B2002244216684N12304254WA017450179400000
B2002254216685N12304249WA017470179400000
B2002264216682N12304243WA017470179400000
B2002274216679N12304237WA017480179500000
B2002284216675N12304232WA017490179900000
B2002294216669N12304230WA017520180100000
B2002304216663N12304233WA017550180100000
B2002314216658N12304237WA017570180400000
B2002324216654N12304243WA017610180900000
B2002334216652N12304249WA017650181300000
B2002344216651N12304256WA017670181600000
B2002354216653N12304262WA017680181500000
B2002364216661N12304263WA017670181600000
B2002374216668N12304263WA017660181700000
B2002384216673N12304259WA017650181700000
B2002394216675N12304252WA017650181800000
B2002404216675N12304245WA017660181800000
F200241
B2002414216672N12304238WA017670182000000
B2002424216669N12304233WA017690182400000
B2002434216666N12304229WA017730182700000
B2002444216662N12304226WA017750182900000
B2002454216658N12304224WA017770183000000
B2002464216651N12304223WA017780183100000
B2002474216645N12304224WA017810183400000
B2002484216640N12304228WA017830183700000
B2002494216636N12304234WA017850184000000
B2002504216633N12304242WA017880184200000
B2002514216632N12304251WA017900184300000
B2002524216634N12304258WA017920184500000
B2002534216639N12304262WA017930184500000
B2002544216643N12304268WA017930184600000
B2002554216649N12304265WA017930184600000
B2002564216653N12304261WA017940184700000
B2002574216656N12304257WA017950184800000
B2002584216657N12304251WA017960185000000
B2002594216657N12304244WA017970185100000
B2003004216654N12304238WA017980185200000
B2003014216652N12304233WA017990185500000
B2003024216649N12304228WA018010185700000
B2003034216647N12304224WA018020185900000
B2003044216644N12304221WA018040186000000
B2003054216641N12304218WA018040186100000
B2003064216637N12304214WA018050186200000
B2003074216632N12304211WA018070186400000
B2003084216629N12304206WA018090186700000
B2003094216627N12304199WA018110186900000
B2003104216627N12304191WA018120186900000
F200311
B2003114216630N12304185WA018120186800000
B2003124216635N12304181WA018140187100000
B2003134216640N12304177WA018170187400000
B2003144216644N12304175WA018200187800000
B2003154216647N12304173WA018240187900000
B2003164216650N12304172WA018260188000000
B2003174216654N12304170WA018270188100000
B2003184216658N12304166WA018260188000000
B2003194216663N12304162WA018260188000000
B2003204216667N12304157WA018250188300000
B2003214216671N12304153WA018270188500000
B2003224216675N12304148WA018290188700000
B2003234216679N12304144WA018310188900000
B2003244216683N12304140WA018330189000000
B2003254216687N12304137WA018350189200000
B2003264216692N12304134WA018360189300000
B2003274216696N12304135WA018360189300000
B2003284216700N12304139WA018360189200000
B2003294216703N12304145WA018360189100000
B2003304216703N12304153WA018340189000000
B2003314216700N12304161WA018330189200000
B2003324216696N12304166WA018340189400000
B2003334216692N12304170WA018370189400000
B2003344216688N12304171WA018400189600000
B2003354216684N12304173WA018410189600000
B2003364216680N12304172WA018420189700000
B2003374216676N12304172WA018420189700000
B2003384216670N12304171WA018430189800000
B2003394216666N12304169WA018430189800000
B2003404216661N12304166WA018440190000000
F200341
B2003414216657N12304163WA018450190000000
B2003424216655N12304157WA018450190000000
B2003434216653N12304150WA018450190000000
B2003444216652N12304142WA018440189800000
B2003454216654N12304134WA018440189900000
B2003464216656N12304127WA018440190000000
B2003474216659N12304120WA018440190100000
B2003484216662N12304115WA018450190100000
B2003494216666N12304111WA018450190200000
B2003504216672N12304107WA018460190200000
B2003514216677N12304106WA018460190400000
B2003524216681N12304107WA018480190500000
B2003534216685N12304107WA018500190800000
B2003544216690N12304107WA018520191000000
B2003554216694N12304107WA018540191100000
B2003564216697N12304107WA018540191000000
B2003574216701N12304108WA018540191000000
B2003584216705N12304110WA018530190800000
B2003594216710N12304113WA018520190800000
B2004004216715N12304116WA018520190900000
B2004014216720N12304118WA018530191000000
B2004024216725N12304120WA018540191100000
B2004034216729N12304122WA018540191200000
B2004044216733N12304126WA018550191200000
B2004054216737N12304130WA018550191200000
B2004064216740N12304136WA018550191300000
B2004074216743N12304141WA018560191400000
B2004084216744N12304146WA018570191500000
B2004094216744N12304152WA018570191400000
B2004104216741N12304158WA018550191100000
B2004114216737N12304163WA018530191100000
F200412
B2004124216732N12304165WA018520191000000
B2004134216727N12304165WA018500190900000
B2004144216722N12304160WA018480190700000
B2004154216720N12304153WA018450190600000
B2004164216719N12304145WA018430190400000
B2004174216718N12304137WA018420190200000
B2004184216724N12304129WA018420190400000
B2004194216728N12304124WA018440190600000
B2004204216733N12304122WA018450190700000
B2004214216737N12304122WA018460190700000
B2004224216743N12304121WA018470190700000
B2004234216748N12304121WA018470190700000
B2004244216754N12304121WA018470190700000
B2004254216759N12304123WA018460190600000
B2004264216765N12304126WA018450190500000
B2004274216770N12304129WA018450190600000
B2004284216774N12304134WA018450190600000
B2004294216778N12304139WA018460190600000
B2004304216781N12304145WA018460190600000
B2004314216782N12304151WA018450190600000
B2004324216777N12304159WA018430190500000
B2004334216771N12304166WA018420190400000
B2004344216767N12304168WA018420190500000
B2004354216763N12304166WA018430190600000
B2004364216760N12304163WA018440190500000
B2004374216758N12304158WA018440190400000
B2004384216756N12304151WA018430190500000
B2004394216755N12304144WA018430190500000
B2004404216754N12304137WA018430190500000
B2004414216753N12304131WA018440190600000
B2004424216751N12304125WA018450190800000
F200443
B2004434216750N12304120WA018470190900000
B2004444216749N12304115WA018480191000000
B2004454216747N12304109WA018490190800000
B2004464216745N12304102WA018480190800000
B2004474216743N12304095WA018470190800000
B2004484216740N12304088WA018480190900000
B2004494216738N12304082WA018480191000000
B2004504216737N12304076WA018490191000000
B2004514216735N12304069WA018500191000000
B2004524216734N12304063WA018500191200000
B2004534216733N12304056WA018510191200000
B2004544216733N12304048WA018510191200000
B2004554216734N12304040WA018500191200000
B2004564216736N12304033WA018490190900000
B2004574216740N12304027WA018470190700000
B2004584216747N12304025WA018450190700000
B2004594216754N12304025WA018440190700000
B2005004216759N12304027WA018440190900000
B2005014216763N12304031WA018450190900000
B2005024216766N12304036WA018460190900000
B2005034216768N12304040WA018460191000000
B2005044216771N12304045WA018470191000000
B2005054216773N12304050WA018480191000000
B2005064216775N12304055WA018480191000000
B2005074216777N12304061WA018480191000000
B2005084216777N12304067WA018480191100000
B2005094216778N12304073WA018480191000000
B2005104216779N12304078WA018490191000000
B2005114216778N12304082WA018490191000000
B2005124216776N12304087WA018480190900000
F200513
B2005134216773N12304091WA018480190800000
B2005144216769N12304095WA018470190900000
B2005154216764N12304097WA018480190900000
B2005164216759N12304096WA018490191000000
B2005174216755N12304093WA018500191100000
B2005184216752N12304089WA018500191000000
B2005194216749N12304083WA018490190800000
B2005204216747N12304076WA018470190600000
B2005214216746N12304067WA018440190400000
B2005224216747N12304058WA018430190300000
B2005234216749N12304050WA018410190300000
B2005244216753N12304042WA018410190100000
B2005254216757N12304037WA018390190000000
B2005264216763N12304035WA018380189900000
B2005274216769N12304037WA018360189700000
B2005284216774N12304042WA018340189600000
B2005294216777N12304047WA018340189600000
B2005304216779N12304052WA018350189600000
B2005314216780N12304056WA018360189700000
B2005324216781N12304061WA018360189600000
B2005334216782N12304066WA018360189500000
B2005344216784N12304071WA018360189300000
B2005354216786N12304078WA018340189300000
B2005364216788N12304085WA018330189200000
B2005374216789N12304092WA018330189400000
B2005384216791N12304099WA018340189500000
B2005394216791N12304105WA018360189800000
B2005404216790N12304111WA018370189800000
B2005414216788N12304116WA018380189700000
B2005424216783N12304121WA018370189600000
F200543
B2005434216778N12304124WA018360189600000
B2005444216774N12304126WA018360189500000
B2005454216769N12304122WA018350189400000
B2005464216766N12304117WA018340189200000
B2005474216764N12304109WA018320189200000
B2005484216762N12304102WA018310189200000
B2005494216761N12304095WA018310189300000
B2005504216759N12304088WA018320189400000
B2005514216757N12304083WA018340189600000
B2005524216756N12304078WA018360189700000
B2005534216756N12304071WA018380189800000
B2005544216756N12304065WA018390189900000
B2005554216757N12304057WA018390189900000
B2005574216757N12304042WA018380189900000
B2005584216756N12304034WA018370189800000
B2005594216754N12304028WA018370189800000
B2006004216751N12304023WA018350189500000
B2006014216747N12304017WA018320189100000
B2006024216743N12304010WA018310189100000
B2006034216738N12304002WA018300189100000
B2006044216734N12303994WA018310189300000
B2006054216731N12303986WA018330189400000
B2006064216727N12303978WA018330189400000
B2006074216724N12303972WA018330189200000
B2006084216720N12303966WA018310188900000
B2006094216716N12303958WA018280188600000
B2006104216710N12303949WA018250188200000
B2006114216707N12303940WA018220188000000
B2006124216703N12303932WA018200187900000
B2006144216696N12303918WA018170187500000
B2006154216691N12303912WA018150187300000
B2006164216687N12303905WA018120187200000
B2006174216681N12303898WA018110187000000
B2006184216676N12303892WA018110187100000
B2006234216654N12303867WA018030186100000
F200628
B2006284216621N12303850WA017880185000000
B2006334216592N12303826WA017770184000000
B2006384216568N12303801WA017790184200000
B2006434216569N12303768WA017810184400000
B2006484216578N12303744WA018000186100000
B2006534216598N12303725WA018120187100000
B2006584216610N12303753WA018160187200000
B2007034216581N12303757WA018070186600000
F200707
B2007074216563N12303743WA018150187100000
B2007084216558N12303737WA018170187300000
B2007094216555N12303731WA018190187500000
B2007104216553N12303724WA018220187800000
B2007114216552N12303716WA018240188200000
B2007124216553N12303709WA018260188200000
B2007134216555N12303702WA018270188400000
B2007144216558N12303696WA018290188600000
B2007154216561N12303690WA018320189100000
B2007164216564N12303685WA018340189500000
B2007174216567N12303681WA018390189900000
B2007184216570N12303677WA018420190100000
B2007194216573N12303674WA018440190100000
B2007204216578N12303673WA018450190000000
B2007214216583N12303675WA018450190100000
B2007224216587N12303680WA018460190300000
B2007234216590N12303686WA018480190700000
B2007244216591N12303692WA018520191100000
B2007254216591N12303697WA018560191500000
B2007264216589N12303703WA018600191800000
B2007274216587N12303708WA018640192100000
B2007284216585N12303714WA018660192300000
B2007294216584N12303720WA018680192500000
B2007304216581N12303726WA018700192700000
B2007314216577N12303731WA018720192900000
B2007324216574N12303735WA018720193000000
B2007334216568N12303737WA018720193000000
B2007344216563N12303737WA018720193000000
B2007354216557N12303728WA018720193200000
B2007364216554N12303723WA018720193100000
F200737
B2007374216552N12303717WA018710193000000
B2007384216551N12303710WA018700192900000
B2007394216549N12303703WA018700193000000
B2007404216549N12303695WA018710193100000
B2007414216550N12303688WA018750193400000
B2007424216551N12303681WA018770193600000
B2007434216553N12303675WA018800193700000
B2007444216555N12303668WA018810194000000
B2007454216557N12303660WA018830194200000
B2007464216559N12303654WA018850194600000
B2007474216562N12303649WA018860194800000
B2007484216567N12303647WA018870194600000
B2007494216572N12303645WA018870194800000
B2007504216577N12303642WA018880195000000
B2007514216581N12303639WA018900195300000
B2007524216585N12303634WA018920195600000
B2007534216589N12303631WA018960195800000
B2007544216593N12303629WA018990195900000
B2007554216598N12303629WA019010196000000
B2007564216603N12303631WA019020196000000
B2007574216607N12303633WA019030196300000
B2007584216612N12303636WA019050196400000
B2007594216615N12303641WA019060196500000
B2008004216617N12303646WA019060196500000
B2008014216619N12303652WA019060196500000
B2008024216620N12303659WA019050196500000
B2008034216618N12303666WA019050196500000
B2008044216614N12303673WA019060196500000
B2008054216609N12303678WA019060196600000
B2008064216604N12303682WA019070196500000
F200807
B2008074216598N12303684WA019080196700000
B2008084216592N12303683WA019100196900000
B2008094216587N12303682WA019120196900000
B2008104216583N12303680WA019130196900000
B2008114216577N12303675WA019140197100000
B2008124216572N12303669WA019150197200000
B2008134216569N12303663WA019160197400000
B2008144216567N12303654WA019170197500000
B2008154216567N12303645WA019180197500000
B2008164216568N12303638WA019180197400000
B2008174216569N12303631WA019190197500000
B2008194216575N12303617WA019200197800000
B2008204216578N12303611WA019210198000000
B2008214216582N12303606WA019230198200000
B2008224216586N12303601WA019250198300000
B2008234216590N12303597WA019270198500000
B2008244216594N12303595WA019280198600000
B2008254216598N12303593WA019300198800000
B2008264216602N12303592WA019310198900000
B2008274216607N12303592WA019320198900000
B2008284216611N12303593WA019320198900000
B2008294216615N12303595WA019320199100000
B2008304216617N12303600WA019320199000000
B2008314216619N12303606WA019310198900000
B2008324216619N12303612WA019300198900000
B2008334216615N12303619WA019300199100000
B2008344216612N12303623WA019310199200000
B2008354216608N12303627WA019320199200000
B2008364216604N12303630WA019310199200000
B2008374216600N12303634WA019310199000000
B2008384216594N12303635WA019310199000000
B2008394216588N12303636WA019310199100000
B2008404216582N12303637WA019320199100000
F200841
B2008414216576N12303632WA019330199200000
B2008424216571N12303627WA019330199300000
B2008434216565N12303621WA019340199300000
B2008444216560N12303615WA019350199400000
B2008454216558N12303607WA019350199400000
B2008464216557N12303598WA019340199400000
B2008474216558N12303591WA019330199300000
B2008484216562N12303582WA019320199400000
B2008494216568N12303579WA019310199300000
B2008504216574N12303577WA019320199500000
B2008514216578N12303576WA019330199600000
B2008534216584N12303579WA019350199500000
B2008544216587N12303581WA019350199500000
B2008554216591N12303585WA019340199400000
B2008564216593N12303590WA019320199500000
B2008574216595N12303595WA019320199400000
B2008584216596N12303600WA019320199400000
B2008594216596N12303605WA019320199400000
B2009004216596N12303610WA019330199400000
B2009014216595N12303616WA019330199400000
B2009024216595N12303623WA019330199500000
B2009034216595N12303630WA019350199600000
B2009044216593N12303634WA019390200100000
B2009054216591N12303638WA019420200300000
B2009064216589N12303642WA019440200300000
B2009074216583N12303644WA019450200300000
B2009084216578N12303645WA019440200400000
B2009094216571N12303644WA019440200700000
B2009104216566N12303641WA019450200700000
B2009114216562N12303636WA019470200900000
B2009124216559N12303630WA019490200900000
F200913
B2009134216557N12303623WA019490200900000
B2009144216560N12303615WA019490200800000
B2009154216563N12303610WA019480200700000
B2009164216567N12303605WA019480200700000
B2009174216572N12303602WA019490201000000
B2009184216577N12303601WA019500201300000
B2009194216580N12303602WA019520201400000
B2009204216584N12303604WA019540201500000
B2009214216586N12303607WA019560201700000
B2009224216588N12303611WA019580201800000
B2009234216590N12303616WA019580201800000
B2009244216588N12303624WA019580201700000
B2009254216586N12303631WA019580201900000
B2009264216582N12303636WA019590202100000
B2009274216577N12303639WA019600202100000
B2009284216573N12303639WA019600202200000
B2009294216567N12303638WA019600202100000
B2009304216562N12303636WA019600202100000
B2009314216557N12303631WA019590202100000
B2009324216554N12303625WA019600202000000
B2009334216552N12303618WA019590201900000
B2009344216554N12303609WA019580201900000
B2009354216558N12303602WA019570201800000
B2009364216561N12303598WA019580202000000
B2009374216565N12303596WA019580202100000
B2009384216569N12303595WA019590202100000
B2009394216573N12303595WA019590202100000
B2009404216577N12303596WA019590202100000
B2009414216581N12303599WA019600202100000
B2009424216584N12303602WA019600202300000
B2009434216585N12303607WA019610202200000
F200944
B2009444216586N12303612WA019600202100000
B2009454216584N12303619WA019600202300000
B2009464216580N12303624WA019600202300000
B2009474216576N12303627WA019600202400000
B2009484216570N12303628WA019610202400000
B2009494216565N12303627WA019600202100000
B2009504216559N12303623WA019590202000000
B2009514216555N12303616WA019570201800000
B2009524216553N12303608WA019550201900000
B2009534216552N12303599WA019540202000000
B2009544216562N12303594WA019520201700000
B2009554216569N12303590WA019510201700000
B2009564216573N12303588WA019520201900000
B2009574216577N12303588WA019540201900000
B2009584216579N12303589WA019550202000000
B2009594216582N12303590WA019550202000000
B2010004216585N12303592WA019550201900000
B2010014216588N12303595WA019530201800000
B2010024216592N12303598WA019520201700000
B2010034216594N12303603WA019520201600000
B2010044216596N12303607WA019520201600000
B2010054216597N12303612WA019520201500000
B2010064216600N12303616WA019510201500000
B2010074216602N12303621WA019510201600000
B2010084216605N12303627WA019500201500000
B2010094216607N12303634WA019510201400000
B2010104216607N12303641WA019520201600000
B2010114216607N12303648WA019530201700000
B2010124216601N12303653WA019540201700000
B2010134216596N12303657WA019530201700000
B2010144216591N12303660WA019520201700000
B2010154216584N12303650WA019500201700000
F201016
B2010164216579N12303642WA019490201600000
B2010174216577N12303633WA019490201500000
B2010184216579N12303625WA019490201500000
B2010194216581N12303617WA019500201600000
B2010204216589N12303615WA019490201500000
B2010214216594N12303612WA019490201700000
B2010224216598N12303611WA019490201700000
B2010234216602N12303612WA019500201700000
B2010244216605N12303615WA019500201700000
B2010254216609N12303619WA019500201600000
B2010264216613N12303624WA019500201500000
B2010274216616N12303632WA019500201700000
B2010284216618N12303639WA019500201800000
B2010294216618N12303645WA019520201900000
B2010304216619N12303651WA019530201800000
B2010314216620N12303655WA019520201700000
B2010324216621N12303660WA019480201600000
B2010334216624N12303666WA019450200900000
B2010344216626N12303674WA019380200500000
B2010354216629N12303683WA019340200000000
B2010364216633N12303690WA019330200300000
B2010374216636N12303697WA019330200300000
B2010384216640N12303704WA019340200300000
B2010394216641N12303711WA019350200200000
B2010404216643N12303718WA019350200200000
B2010414216645N12303725WA019350200200000
B2010424216647N12303732WA019350199900000
B2010434216648N12303740WA019340199900000
B2010444216649N12303748WA019330199800000
B2010454216650N12303756WA019320199700000
F201046
B2010464216648N12303764WA019320199900000
B2010474216645N12303771WA019340200000000
B2010484216642N12303774WA019350200000000
B2010494216637N12303773WA019360199900000
B2010504216634N12303767WA019360199900000
B2010514216630N12303764WA019350199700000
B2010524216627N12303758WA019350199700000
B2010534216624N12303752WA019350199700000
B2010544216623N12303745WA019350199700000
B2010554216624N12303737WA019340199900000
B2010564216625N12303730WA019340199800000
B2010574216629N12303724WA019340199800000
B2010584216634N12303719WA019340199800000
B2010594216639N12303717WA019340199700000
B2011004216643N12303717WA019330199600000
B2011014216647N12303718WA019320199500000
B2011024216653N12303721WA019300199400000
B2011034216657N12303726WA019290199400000
B2011044216660N12303732WA019280199300000
B2011054216665N12303737WA019280199300000
B2011064216667N12303743WA019280199400000
B2011074216669N12303749WA019280199300000
B2011084216667N12303755WA019260199200000
B2011094216661N12303759WA019230198900000
B2011104216657N12303762WA019210199000000
B2011114216652N12303764WA019210198900000
B2011124216648N12303763WA019200198800000
B2011134216644N12303761WA019200198700000
B2011144216640N12303757WA019190198600000
B2011154216637N12303753WA019190198400000
B2011164216634N12303747WA019190198500000
B2011174216631N12303742WA019200198500000
B2011184216630N12303736WA019200198500000
B2011194216629N12303729WA019200198600000
B2011204216628N12303724WA019210198500000
F201121
B2011214216627N12303717WA019220198600000
B2011224216626N12303711WA019220198700000
B2011234216626N12303704WA019220198600000
B2011244216628N12303698WA019210198500000
B2011254216632N12303692WA019200198400000
B2011264216638N12303686WA019200198500000
B2011274216644N12303683WA019200198700000
B2011284216649N12303683WA019220198800000
B2011294216654N12303685WA019230198900000
B2011304216658N12303688WA019240198900000
B2011314216662N12303692WA019230198700000
B2011324216665N12303698WA019210198800000
B2011334216669N12303704WA019190198600000
B2011344216671N12303711WA019170198500000
B2011354216672N12303719WA019150198400000
B2011364216673N12303726WA019150198400000
B2011374216671N12303733WA019150198400000
B2011384216669N12303738WA019150198600000
B2011394216665N12303741WA019150198400000
B2011404216662N12303743WA019140198100000
B2011414216658N12303744WA019130198000000
B2011424216653N12303743WA019120197900000
B2011434216649N12303741WA019120197800000
B2011444216645N12303738WA019120197800000
B2011454216642N12303733WA019110197700000
B2011464216639N12303726WA019110197700000
B2011474216636N12303718WA019110197700000
B2011484216633N12303712WA019120197700000
B2011494216628N12303711WA019120197400000
B2011504216622N12303712WA019110197200000
B2011514216617N12303717WA019090197200000
B2011524216613N12303722WA019090197000000
F201153
B2011534216610N12303728WA019080197100000
B2011544216607N12303733WA019090197100000
B2011554216604N12303738WA019080197000000
B2011564216601N12303742WA019070196900000
B2011574216597N12303747WA019060196900000
B2011584216593N12303752WA019060196900000
B2011594216587N12303757WA019050196800000
B2012004216582N12303763WA019060196900000
B2012014216577N12303769WA019060197100000
B2012034216570N12303779WA019100197400000
B2012044216568N12303782WA019110197300000
B2012054216564N12303787WA019110197100000
B2012064216561N12303791WA019090197100000
B2012114216540N12303804WA019120197200000
B2012164216518N12303807WA019110196900000
B2012214216512N12303769WA019050196300000
B2012264216532N12303760WA019090197000000
B2012314216538N12303785WA019080196700000
B2012324216536N12303790WA019090196900000
B2012334216535N12303795WA019090196800000
F201234
B2012344216533N12303801WA019080196800000
B2012354216531N12303807WA019060196700000
B2012364216526N12303815WA019050196600000
B2012374216521N12303821WA019040196600000
B2012384216517N12303827WA019040196600000
B2012394216513N12303832WA019040196700000
B2012404216510N12303836WA019050196700000
B2012414216507N12303840WA019040196700000
B2012424216503N12303844WA019010196500000
B2012434216499N12303850WA018990196100000
B2012444216494N12303856WA018970196000000
B2012454216489N12303862WA018970196200000
B2012464216484N12303869WA018990196300000
B2012474216480N12303874WA019010196400000
B2012484216476N12303877WA019030196800000
B2012494216472N12303879WA019040196700000
B2012504216469N12303881WA019030196500000
B2012514216464N12303886WA019020196300000
B2012524216460N12303892WA018990196300000
B2012534216455N12303900WA018980196200000
B2012544216451N12303907WA018990196400000
B2012554216446N12303912WA019010196600000
B2012564216441N12303916WA019030196600000
B2012574216437N12303919WA019040196600000
B2012584216433N12303922WA019040196500000
B2012594216429N12303928WA019020196300000
B2013004216425N12303933WA019000196200000
B2013054216403N12303954WA018980196100000
F201310
B2013104216374N12303946WA018900195200000
B2013154216381N12303904WA018860194800000
B2013204216397N12303873WA018750193500000
B2013254216414N12303850WA018640192200000
B2013304216448N12303857WA018500191100000
B2013354216467N12303858WA018650192200000
B2013404216490N12303856WA018720192900000
B2013454216486N12303824WA018760193000000
F201350
B2013504216463N12303847WA018840194300000
B2013554216466N12303869WA018870194400000
B2013574216476N12303873WA018860194500000
B2013584216479N12303875WA018870194600000
B2013594216482N12303878WA018870194500000
B2014004216485N12303881WA018870194200000
B2014014216488N12303886WA018850194100000
B2014024216492N12303893WA018820194100000
B2014034216489N12303907WA018780193700000
B2014044216487N12303916WA018760193500000
B2014054216476N12303920WA018740193300000
B2014064216468N12303925WA018730193300000
B2014074216465N12303919WA018730193300000
B2014084216462N12303916WA018730193200000
B2014094216459N12303914WA018720193100000
B2014104216454N12303915WA018700192800000
B2014114216447N12303916WA018670192500000
B2014124216441N12303919WA018650192400000
B2014134216435N12303920WA018660192600000
B2014144216429N12303919WA018680192800000
B2014154216424N12303918WA018700192900000
B2014164216420N12303914WA018720193000000
B2014174216417N12303909WA018730193200000
B2014184216415N12303905WA018740193300000
B2014194216415N12303898WA018750193600000
B2014204216416N12303894WA018770194000000
B2014214216416N12303891WA018790194000000
F201422
B2014224216416N12303888WA018810194100000
B2014234216416N12303885WA018810194000000
B2014244216417N12303882WA018810194000000
B2014254216419N12303879WA018800193800000
B2014264216422N12303874WA018780193700000
B2014274216424N12303869WA018780193800000
B2014284216426N12303866WA018790193900000
B2014294216429N12303864WA018790193800000
B2014304216434N12303866WA018780193500000
B2014314216438N12303871WA018750193200000
B2014324216441N12303878WA018740193200000
B2014334216444N12303886WA018730193200000
B2014344216446N12303894WA018720193100000
B2014354216447N12303902WA018710193100000
B2014364216448N12303910WA018700192900000
B2014374216449N12303918WA018670192700000
B2014384216450N12303925WA018620192400000
B2014394216453N12303934WA018580192000000
B2014404216455N12303944WA018530191600000
B2014414216457N12303955WA018510191500000
B2014424216457N12303963WA018490191500000
B2014434216457N12303972WA018480191300000
B2014444216457N12303980WA018470191200000
B2014454216458N12303988WA018460191100000
B2014464216462N12303997WA018440190800000
B2014474216464N12304006WA018430190700000
B2014484216466N12304015WA018420190700000
B2014494216467N12304025WA018420190600000
B2014504216469N12304033WA018420190400000
B2014514216471N12304042WA018420190500000
B2014524216473N12304051WA018410190300000
B2014534216475N12304058WA018410190200000
B2014544216478N12304067WA018400189900000
F201459
B2014594216486N12304111WA018380189800000
B2015044216493N12304152WA018440190300000
B2015094216493N12304175WA018590191400000
B2015144216498N12304205WA018400190400000
E201515STA
B2015154216499N12304214WA018390190400000
B2015194216501N12304245WA018390190300000
B2015244216501N12304285WA018320189500000
B2015294216498N12304326WA018190188200000
B2015344216493N12304372WA018040186900000
F201539
B2015394216487N12304413WA017960186100000
B2015444216477N12304457WA017760185500000
B2015494216475N12304497WA017770184700000
B2015544216472N12304531WA017600182700000
B2015594216480N12304587WA017500181300000
B2016044216481N12304644WA017450180700000
B2016094216485N12304701WA017430180600000
F201614
B2016144216486N12304745WA017450180200000
B2016194216484N12304793WA017390179500000
B2016244216484N12304839WA017280179100000
B2016294216499N12304896WA017160177900000
B2016344216513N12304946WA017110177200000
B2016394216527N12304993WA017090176900000
F201644
B2016444216543N12305042WA017070176900000
B2016494216548N12305077WA017200177600000
B2016544216560N12305099WA017130177100000
B2017004216583N12305112WA017150177100000
B2017054216592N12305140WA017180177300000
B2017104216592N12305167WA017220177800000
B2017154216590N12305200WA017250177900000
B2017204216593N12305229WA017250177900000
B2017254216601N12305260WA017210177700000
B2017304216609N12305291WA017210178100000
B2017354216614N12305334WA017330178400000
B2017404216589N12305341WA017490179800000
B2017454216597N12305322WA017710180900000
F201750
B2017504216583N12305362WA017870182300000
B2017514216577N12305360WA017890182300000
B2017524216572N12305359WA017910182400000
B2017534216580N12305345WA017930183100000
B2017544216585N12305336WA017970183500000
B2017554216588N12305341WA018030183700000
B2017564216590N12305342WA018070183900000
B2017574216594N12305356WA018120184300000
B2017584216583N12305367WA018160185100000
B2017594216576N12305373WA018200185500000
B2018004216570N12305378WA018220185600000
B2018014216566N12305380WA018240185900000
B2018024216568N12305360WA018270186500000
B2018034216570N12305350WA018300187300000
B2018044216574N12305346WA018340188200000
B2018054216578N12305346WA018400188700000
B2018064216583N12305350WA018450189200000
B2018074216585N12305357WA018490189800000
B2018084216587N12305364WA018540190300000
B2018094216587N12305372WA018590190800000
B2018104216584N12305380WA018620191100000
B2018114216581N12305385WA018650191400000
B2018124216573N12305387WA018660191500000
B2018134216567N12305385WA018670191600000
B2018144216562N12305379WA018680192000000
B2018154216559N12305372WA018690192200000
B2018164216560N12305365WA018720192300000
B2018174216563N12305359WA018750193000000
B2018184216566N12305356WA018800193600000
B2018194216568N12305354WA018850194200000
B2018204216571N12305353WA018900194700000
B2018214216574N12305353WA018920195000000
F201822
B2018224216578N12305355WA018960195200000
B2018234216582N12305359WA019000195500000
B2018244216585N12305366WA019020195900000
B2018254216584N12305375WA019050196100000
B2018264216582N12305384WA019070196300000
B2018274216575N12305390WA019100196200000
B2018284216566N12305389WA019120196500000
B2018294216561N12305380WA019140196600000
B2018304216559N12305372WA019160196600000
B2018314216559N12305363WA019170197100000
B2018324216564N12305357WA019210197900000
B2018334216570N12305356WA019250198400000
B2018344216576N12305359WA019300198900000
B2018354216580N12305368WA019340199500000
B2018364216583N12305376WA019380199900000
B2018374216577N12305384WA019410200200000
B2018384216572N12305391WA019440200500000
B2018394216566N12305391WA019460200700000
B2018404216560N12305392WA019470200800000
B2018414216555N12305384WA019470200800000
B2018424216551N12305377WA019470200700000
B2018434216554N12305367WA019470201000000
B2018444216555N12305358WA019490201000000
B2018454216562N12305359WA019520201200000
B2018464216568N12305360WA019580201500000
B2018474216572N12305364WA019620202100000
B2018484216574N12305370WA019690202600000
B2018494216576N12305376WA019730202900000
B2018504216576N12305383WA019770203200000
B2018514216575N12305390WA019790203300000
B2018524216572N12305395WA019790203400000
B2018534216566N12305397WA019790203400000
B2018544216560N12305398WA019790203500000
B2018554216555N12305392WA019790203700000
B2018564216552N12305384WA019790203700000
B2018574216552N12305375WA019800203700000
B2018584216554N12305367WA019810203800000
F201859
B2018594216559N12305362WA019810204000000
B2019004216564N12305358WA019840204300000
B2019014216569N12305357WA019880204800000
B2019024216574N12305357WA019930205200000
B2019034216579N12305359WA019970205600000
B2019044216583N12305363WA019990205600000
B2019054216587N12305369WA020010205900000
B2019064216589N12305376WA020030206200000
B2019074216589N12305384WA020050206600000
B2019084216586N12305391WA020070206800000
B2019094216582N12305394WA020080206700000
B2019104216578N12305395WA020080206700000
B2019114216572N12305389WA020070206500000
B2019124216569N12305382WA020060206700000
B2019134216566N12305376WA020070206700000
B2019144216571N12305368WA020080207000000
B2019154216577N12305363WA020110207100000
B2019164216582N12305360WA020120207000000
B2019174216588N12305367WA020120206800000
B2019184216594N12305376WA020120207000000
B2019194216598N12305384WA020130207200000
B2019204216602N12305393WA020140207300000
B2019224216598N12305405WA020210208100000
B2019234216598N12305410WA020240208500000
B2019244216597N12305415WA020260208600000
B2019254216596N12305420WA020260208700000
B2019264216591N12305426WA020260208800000
B2019274216587N12305430WA020260208700000
B2019284216583N12305433WA020250208600000
F201929
B2019294216578N12305433WA020250208500000
B2019304216574N12305430WA020230208400000
B2019314216569N12305423WA020220208200000
B2019324216566N12305417WA020220208300000
B2019334216568N12305407WA020220208500000
B2019344216572N12305400WA020230208600000
B2019354216578N12305395WA020240208700000
B2019364216585N12305395WA020240208700000
B2019374216591N12305398WA020230208800000
B2019384216597N12305405WA020230208800000
B2019394216600N12305413WA020230208800000
B2019404216601N12305423WA020240209000000
B2019414216603N12305431WA020260209200000
B2019424216604N12305438WA020280209400000
B2019434216606N12305444WA020290209300000
B2019444216609N12305450WA020270209000000
B2019454216612N12305458WA020240208800000
B2019464216617N12305466WA020190208300000
B2019474216622N12305475WA020160208000000
B2019484216627N12305485WA020130207700000
B2019494216632N12305495WA020100207700000
B2019504216637N12305506WA020100207700000
B2019514216641N12305516WA020120208100000
B2019524216644N12305524WA020150208500000
B2019534216646N12305531WA020200208700000
B2019584216664N12305567WA020140207700000
F202003
B2020034216685N12305621WA020070207500000
B2020084216707N12305665WA020000206800000
B2020134216728N12305712WA019900205600000
B2020184216752N12305760WA019810205200000
B2020234216773N12305802WA019740204400000
B2020284216795N12305841WA019710204000000
F202033
B2020334216812N12305881WA019580202700000
B2020384216827N12305918WA019500201800000
B2020434216844N12305961WA019470201500000
B2020484216858N12305994WA019550202000000
B2020534216874N12306030WA019490201600000
B2020584216893N12306072WA019470201400000
F202103
B2021034216913N12306111WA019460201000000
B2021084216933N12306152WA019430200700000
B2021134216950N12306192WA019390200200000
B2021184216968N12306234WA019350199700000
B2021234216983N12306277WA019310199300000
B2021284216998N12306322WA019260198900000
F202133
B2021334217010N12306366WA019210198300000
B2021384217023N12306411WA019170197900000
B2021434217032N12306457WA019110197200000
B2021484217039N12306504WA019050196600000
B2021534217048N12306550WA018990196100000
B2021584217064N12306591WA018930195500000
B2022034217080N12306633WA018860195000000
B2022084217095N12306673WA018810194200000
B2022134217112N12306715WA018740193400000
B2022184217126N12306755WA018680192800000
B2022234217142N12306796WA018630192500000
F202228
B2022284217157N12306838WA018580192000000
B2022334217173N12306878WA018530191600000
B2022384217189N12306919WA018470190900000
B2022434217205N12306961WA018420190200000
B2022484217219N12307002WA018370189400000
B2022534217233N12307043WA018320189100000
B2022584217247N12307084WA018260188400000
F202303
B2023034217262N12307124WA018200187800000
B2023084217277N12307162WA018130187100000
B2023134217292N12307202WA018050186100000
B2023184217307N12307241WA017970185500000
B2023234217320N12307279WA017890184800000
B2023284217335N12307316WA017830184200000
B2023334217349N12307354WA017760183300000
F202338
B2023384217364N12307392WA017700182900000
B2023434217379N12307429WA017640182100000
B2023484217394N12307469WA017580181500000
B2023534217408N12307508WA017520180700000
B2023584217423N12307548WA017450179900000
B2024034217440N12307588WA017370179000000
B2024084217453N12307629WA017280178400000
B2024134217470N12307670WA017210177600000
B2024184217484N12307711WA017130176500000
F202423
B2024234217498N12307752WA017060175700000
B2024284217513N12307792WA016990175000000
B2024334217529N12307832WA016920174000000
B2024384217546N12307869WA016850173400000
B2024434217562N12307907WA016780173000000
B2024484217579N12307945WA016760172800000
B2024534217593N12307980WA016730172500000
F202458
B2024584217613N12308015WA016760172700000
B2025034217628N12308050WA016750172300000
B2025084217645N12308083WA016800173100000
B2025134217660N12308114WA016820172900000
B2025184217675N12308142WA016840172700000
B2025234217690N12308168WA016800172500000
B2025284217708N12308197WA016740172200000
B2025334217724N12308227WA016690171800000
B2025384217739N12308260WA016620171200000
B2025434217753N12308289WA016550170400000
F202548
B2025484217768N12308311WA016470169900000
B2025534217784N12308338WA016510170300000
B2025584217797N12308354WA016430169300000
B2026034217817N12308380WA016440169700000
B2026084217830N12308397WA016460169600000
B2026134217848N12308428WA016450169100000
B2026184217861N12308442WA016460169000000
B2026234217887N12308471WA016430169000000
B2026284217909N12308500WA016350168500000
B2026334217928N12308532WA016340168300000
B2026384217948N12308564WA016380168900000
B2026434217962N12308584WA016480169800000
B2026484217972N12308614WA016550170800000
F202653
B2026534217980N12308650WA016660171600000
B2026584217998N12308662WA016680171700000
B2027034217986N12308624WA016820173500000
B2027084217961N12308624WA016830173100000
B2027114217969N12308649WA016880173300000
B2027124217976N12308650WA016880173200000
B2027134217983N12308648WA016880173400000
B2027144217987N12308643WA016890173600000
B2027154217990N12308636WA016910173800000
B2027164217993N12308630WA016920173800000
B2027174217991N12308624WA016920173800000
B2027184217988N12308618WA016910173600000
B2027194217984N12308615WA016890173500000
B2027204217978N12308613WA016880173600000
B2027214217972N12308613WA016900174000000
B2027224217968N12308614WA016940174500000
B2027234217965N12308617WA016970174600000
F202724
B2027244217963N12308621WA016980174400000
B2027254217962N12308627WA016970174300000
B2027264217962N12308636WA016950174300000
B2027274217964N12308646WA016940174400000
B2027284217965N12308654WA016960174400000
B2027294217971N12308659WA016980174800000
B2027304217974N12308663WA017000174600000
B2027314217977N12308668WA017000174500000
B2027324217979N12308673WA016970174600000
B2027334217983N12308678WA016920174500000
B2027344217988N12308686WA016880174300000
B2027354217991N12308695WA016820174000000
B2027364217995N12308703WA016790173800000
B2027374217998N12308710WA016770173300000
B2027384218002N12308717WA016750172900000
B2027394218008N12308724WA016740172700000
B2027404218013N12308731WA016710172600000
B2027414218019N12308738WA016700172500000
B2027424218024N12308744WA016690172500000
B2027434218030N12308750WA016690172400000
B2027444218035N12308756WA016690172300000
B2027494218061N12308790WA016600171200000
F202754
B2027544218087N12308822WA016550170400000
B2027594218107N12308857WA016480169900000
B2028044218129N12308893WA016350168800000
B2028094218150N12308930WA016280168000000
B2028144218167N12308971WA016190167200000
B2028194218190N12309011WA016090166200000
B2028244218209N12309043WA016100165600000
B2028294218231N12309081WA016020165100000
F202834
B2028344218251N12309115WA015980164700000
B2028394218276N12309150WA015920164100000
B2028444218297N12309181WA015890163800000
B2028494218318N12309211WA015820162900000
B2028544218335N12309247WA015760162400000
B2028594218346N12309284WA015690161500000
B2029044218359N12309319WA015600161100000
B2029094218373N12309355WA015510160200000
F202914
B2029144218386N12309391WA015420159500000
B2029194218398N12309428WA015320158500000
B2029244218414N12309465WA015180156900000
B2029294218436N12309499WA015050155500000
B2029344218456N12309533WA014960154200000
B2029394218477N12309573WA014870153200000
B2029444218498N12309611WA014830152600000
B2029494218515N12309646WA014800152500000
B2029544218536N12309683WA014780152100000
F202959
B2029594218552N12309718WA014770152100000
B2030044218562N12309750WA014810152800000
B2030094218576N12309777WA014720151900000
B2030144218596N12309814WA014790152600000
B2030194218613N12309829WA014790152000000
B2030244218624N12309802WA014750151900000
B2030294218609N12309764WA014780152500000
B2030344218596N12309730WA014820152600000
B2030394218589N12309688WA014850153000000
B2030444218577N12309655WA014780152200000
B2030494218548N12309626WA014700151600000
F203054
B2030544218521N12309607WA014730152000000
B2030594218501N12309598WA014820152600000
B2031044218476N12309595WA014930153700000
B2031094218463N12309625WA014980153800000
B2031144218477N12309647WA015010153900000
B2031194218480N12309678WA015090155000000
F203124
B2031244218500N12309679WA015150155700000
B2031294218507N12309651WA015230156400000
B2031344218489N12309622WA015280157300000
B2031364218482N12309617WA015340157800000
B2031374218479N12309615WA015360158000000
B2031384218475N12309614WA015370158000000
B2031394218469N12309615WA015370158000000
B2031404218464N12309617WA015370158100000
B2031414218460N12309621WA015380158200000
B2031424218456N12309626WA015380158300000
B2031434218453N12309631WA015380158300000
B2031444218451N12309637WA015380158400000
B2031454218451N12309643WA015370158300000
B2031464218452N12309649WA015360158200000
B2031474218455N12309655WA015360158200000
B2031484218457N12309660WA015360158300000
B2031494218461N12309664WA015370158400000
B2031504218464N12309668WA015390158600000
B2031514218467N12309673WA015400158700000
B2031524218470N12309677WA015420158800000
B2031534218473N12309681WA015440159000000
B2031544218476N12309685WA015450159100000
B2031554218480N12309688WA015460159200000
B2031564218483N12309691WA015470159200000
F203157
B2031574218486N12309694WA015470159100000
B2031584218490N12309697WA015480159100000
B2031594218495N12309697WA015480159200000
B2032004218499N12309696WA015480159200000
B2032014218503N12309692WA015480159200000
B2032024218506N12309688WA015470159200000
B2032034218509N12309683WA015460159100000
B2032044218512N12309678WA015450159000000
B2032054218514N12309672WA015430159000000
B2032064218514N12309663WA015400158700000
B2032074218512N12309655WA015380158500000
B2032084218510N12309647WA015360158500000
B2032094218507N12309639WA015370158600000
B2032104218504N12309631WA015390158900000
B2032114218503N12309623WA015430159200000
B2032124218503N12309617WA015480159700000
B2032134218502N12309610WA015520160000000
B2032144218500N12309604WA015550160100000
B2032154218497N12309599WA015570160200000
B2032164218491N12309595WA015570160300000
B2032174218486N12309591WA015590160400000
B2032184218480N12309594WA015620160600000
B2032194218475N12309598WA015640160800000
B2032204218472N12309601WA015660161000000
B2032214218469N12309606WA015670161200000
B2032224218468N12309612WA015690161500000
B2032234218467N12309618WA015710161800000
B2032244218468N12309622WA015730162000000
B2032254218471N12309627WA015760162200000
B2032264218474N12309631WA015780162400000
F203227
B2032274218478N12309633WA015810162500000
B2032284218482N12309631WA015830162700000
B2032294218486N12309629WA015850162800000
B2032304218490N12309627WA015860163000000
B2032314218492N12309624WA015870163000000
B2032324218495N12309619WA015870163000000
B2032334218497N12309613WA015860163000000
B2032344218499N12309606WA015860163100000
B2032354218502N12309600WA015870163400000
B2032364218505N12309593WA015890163700000
B2032374218506N12309587WA015920164000000
B2032384218507N12309581WA015940164200000
B2032394218507N12309575WA015960164200000
B2032404218505N12309568WA015960164100000
B2032414218501N12309562WA015960164100000
B2032424218495N12309559WA015970164300000
B2032434218489N12309559WA015980164500000
B2032444218484N12309561WA016000164800000
B2032454218482N12309564WA016020164800000
B2032464218479N12309569WA016020164800000
B2032474218477N12309576WA016020164900000
B2032484218475N12309582WA016030165100000
B2032494218476N12309587WA016050165200000
B2032504218477N12309593WA016060165300000
B2032514218483N12309596WA016070165300000
B2032524218489N12309597WA016070165300000
B2032534218494N12309596WA016090165500000
B2032544218498N12309592WA016110165800000
B2032554218501N12309586WA016110165800000
B2032564218503N12309579WA016110165700000
F203257
B2032574218502N12309571WA016100165500000
B2032584218499N12309563WA016090165500000
B2032594218494N12309558WA016090165600000
B2033004218488N12309557WA016100165900000
B2033014218483N12309559WA016120166300000
B2033024218480N12309562WA016150166500000
B2033034218477N12309565WA016170166600000
B2033044218475N12309569WA016180166600000
B2033054218472N12309574WA016190166700000
B2033064218468N12309579WA016190166800000
B2033074218466N12309585WA016200167000000
B2033084218463N12309590WA016220167100000
B2033094218460N12309594WA016230167100000
B2033104218456N12309598WA016240167000000
B2033114218454N12309602WA016220167000000
B2033124218450N12309606WA016210166800000
B2033134218447N12309611WA016190166800000
B2033144218444N12309615WA016180166800000
B2033154218441N12309619WA016170166700000
B2033164218438N12309623WA016150166500000
B2033174218433N12309627WA016130166300000
B2033184218429N12309632WA016110166100000
B2033194218425N12309638WA016090165900000
B2033244218400N12309665WA016060165600000
B2033294218373N12309690WA016010165000000
B2033344218386N12309716WA015980165100000
B2033394218402N12309720WA016060165400000
B2033444218423N12309719WA016030165500000
B2033494218445N12309714WA016010165000000
B2033544218463N12309706WA016080165400000
F203359
B2033594218473N12309676WA016120166100000
B2034044218487N12309650WA016130166200000
B2034094218510N12309634WA016150166400000
B2034144218537N12309648WA016070165700000
B2034194218533N12309676WA016140166700000
B2034244218526N12309699WA016260167400000
B2034294218544N12309711WA016290167600000
F203434
B2034344218543N12309671WA016270167600000
B2034394218520N12309663WA016320168300000
B2034424218515N12309680WA016340168300000
B2034434218516N12309689WA016350168400000
B2034444218519N12309695WA016390169100000
B2034454218520N12309700WA016430169500000
B2034464218522N12309704WA016470170100000
B2034474218522N12309707WA016500170000000
B2034484218522N12309712WA016510170000000
B2034494218521N12309719WA016510170000000
B2034504218518N12309725WA016500170100000
B2034514218512N12309727WA016500170400000
B2034524218507N12309726WA016510170500000
B2034534218502N12309719WA016520170700000
B2034544218499N12309712WA016530170800000
B2034554218496N12309701WA016550170900000
B2034564218503N12309695WA016560171100000
B2034574218509N12309691WA016560171200000
B2034584218515N12309692WA016570171300000
B2034594218521N12309696WA016580171200000
B2035004218524N12309702WA016600171300000
B2035014218525N12309708WA016610171300000
B2035024218523N12309715WA016620171300000
B2035034218519N12309719WA016620171400000
B2035044218514N12309720WA016630171700000
F203505
B2035054218509N12309719WA016650171700000
B2035064218506N12309714WA016660171700000
B2035074218504N12309707WA016680171900000
B2035084218504N12309699WA016690172100000
B2035094218505N12309692WA016690172100000
B2035104218509N12309685WA016690172000000
B2035114218515N12309680WA016690172100000
B2035124218521N12309677WA016690172300000
B2035134218526N12309676WA016700172200000
B2035144218530N12309681WA016700172100000
B2035154218536N12309686WA016690172100000
B2035164218535N12309695WA016670171900000
B2035174218533N12309701WA016670171900000
B2035184218530N12309706WA016670172000000
B2035194218527N12309708WA016670171900000
B2035204218525N12309711WA016670171900000
B2035214218522N12309714WA016670171900000
B2035224218519N12309717WA016670171800000
B2035234218516N12309721WA016680172100000
B2035244218513N12309724WA016700172300000
B2035254218510N12309726WA016720172500000
B2035264218507N12309728WA016730172500000
B2035274218503N12309728WA016720172300000
B2035284218499N12309726WA016720172300000
B2035294218494N12309722WA016720172300000
B2035304218490N12309718WA016720172400000
B2035314218488N12309711WA016720172500000
B2035324218488N12309702WA016730172600000
B2035334218491N12309694WA016730172600000
B2035344218496N12309687WA016740172700000
B2035354218501N12309683WA016750172900000
B2035364218505N12309680WA016760172900000
F203537
B2035374218511N12309685WA016770172800000
B2035384218514N12309690WA016760172700000
B2035394218518N12309695WA016760172600000
B2035404218522N12309700WA016750172500000
B2035414218525N12309705WA016740172500000
B2035424218529N12309712WA016730172400000
B2035434218534N12309717WA016730172400000
B2035444218537N12309722WA016740172400000
B2035454218541N12309726WA016720172400000
B2035464218545N12309731WA016700172100000
B2035474218549N12309737WA016670171700000
B2035484218554N12309742WA016640171400000
B2035494218560N12309745WA016620171300000
B2035504218566N12309748WA016600171000000
B2035514218571N12309752WA016570171000000
B2035524218577N12309756WA016540170600000
B2035534218584N12309760WA016510170200000
B2035544218591N12309765WA016490170100000
B2035594218620N12309787WA016480170000000
B2036044218649N12309813WA016380169000000
B2036094218677N12309835WA016340168600000
B2036144218704N12309863WA016270167900000
B2036194218731N12309891WA016220167200000
B2036244218759N12309918WA016190166700000
F203629
B2036294218787N12309945WA016150166100000
B2036344218816N12309970WA016100165800000
B2036394218844N12309992WA016060165200000
B2036444218870N12310017WA016040165100000
B2036494218893N12310036WA015960164100000
B2036544218919N12310063WA015970164300000
F203659
B2036594218944N12310076WA015920163600000
B2037044218971N12310096WA015800162900000
B2037094218999N12310119WA015650161500000
B2037144219025N12310143WA015580160700000
B2037194219050N12310175WA015430159500000
B2037244219077N12310205WA015330158000000
B2037294219100N12310229WA015240157100000
B2037344219131N12310225WA015120156300000
B2037394219164N12310217WA015020155500000
F203744
B2037444219198N12310204WA014990155100000
B2037494219222N12310191WA015120156100000
B2037544219242N12310178WA015110155800000
B2037594219265N12310173WA015250157200000
B2038044219285N12310150WA015340158100000
B2038094219267N12310130WA015350158200000
F203814
B2038144219271N12310152WA015450159100000
B2038184219289N12310141WA015500159600000
B2038194219293N12310133WA015510159600000
B2038204219291N12310123WA015530160000000
B2038214219291N12310115WA015540160100000
B2038224219289N12310108WA015550160100000
B2038234219283N12310102WA015540160100000
B2038244219277N12310105WA015530160000000
B2038254219272N12310106WA015540160100000
B2038264219267N12310107WA015550160400000
B2038274219263N12310108WA015570160700000
B2038284219259N12310108WA015600160900000
B2038294219255N12310109WA015620161100000
B2038304219252N12310111WA015630161100000
B2038314219250N12310114WA015640161200000
B2038324219247N12310118WA015650161200000
B2038334219245N12310123WA015660161300000
B2038344219243N12310127WA015670161600000
B2038354219242N12310132WA015690161900000
B2038364219242N12310137WA015720162200000
B2038374219245N12310142WA015760162500000
B2038384219248N12310145WA015800162700000
B2038394219253N12310148WA015830163100000
B2038404219257N12310149WA015880163400000
B2038414219262N12310148WA015910163800000
B2038424219266N12310145WA015950164100000
B2038434219270N12310140WA015970164300000
B2038444219274N12310134WA015990164400000
B2038454219275N12310127WA016020164500000
B2038464219275N12310119WA016040164900000
B2038474219275N12310111WA016060165200000
B2038484219273N12310104WA016070165400000
B2038494219269N12310097WA016080165400000
B2038504219262N12310098WA016070165600000
F203851
B2038514219257N12310101WA016080165700000
B2038524219253N12310106WA016100166100000
B2038534219250N12310110WA016130166500000
B2038544219248N12310115WA016160166900000
B2038554219248N12310121WA016190167100000
B2038564219251N12310127WA016230167100000
B2038574219255N12310132WA016250167400000
B2038584219258N12310136WA016270167700000
B2038594219261N12310140WA016280167800000
B2039004219267N12310141WA016290168000000
B2039014219274N12310139WA016290168100000
B2039024219280N12310136WA016310168300000
B2039034219285N12310133WA016340168800000
B2039044219290N12310129WA016390169300000
B2039054219292N12310124WA016430169600000
B2039064219296N12310119WA016470169900000
B2039074219295N12310111WA016500169900000
B2039084219295N12310104WA016500170000000
B2039094219292N12310097WA016520170200000
B2039104219287N12310092WA016530170400000
B2039114219281N12310092WA016550170800000
B2039124219277N12310095WA016590171300000
B2039134219275N12310100WA016640171700000
B2039144219274N12310104WA016670172000000
B2039154219273N12310109WA016690172200000
B2039164219274N12310115WA016710172200000
B2039174219276N12310121WA016720172300000
B2039184219282N12310124WA016730172400000
B2039194219289N12310124WA016740172700000
B2039204219295N12310121WA016760172900000
F203921
B2039214219300N12310117WA016780173200000
B2039224219303N12310111WA016810173500000
B2039234219305N12310104WA016840173600000
B2039244219308N12310097WA016860173700000
B2039254219308N12310089WA016870173900000
B2039264219308N12310081WA016880174000000
B2039274219306N12310072WA016890174100000
B2039284219303N12310065WA016910174400000
B2039294219300N12310060WA016920174700000
B2039304219295N12310059WA016930174800000
B2039314219291N12310060WA016940174800000
B2039324219288N12310064WA016940174800000
B2039334219285N12310067WA016940174900000
B2039344219283N12310071WA016960175100000
B2039354219281N12310075WA016970175300000
B2039364219279N12310079WA016990175400000
B2039374219279N12310085WA017000175400000
B2039384219280N12310091WA017020175500000
B2039394219283N12310096WA017030175700000
B2039404219288N12310098WA017050175900000
B2039414219293N12310098WA017070176000000
B2039424219298N12310096WA017080176100000
B2039434219303N12310093WA017100176300000
B2039444219306N12310089WA017110176400000
B2039454219310N12310083WA017120176400000
B2039464219314N12310077WA017130176400000
B2039474219317N12310068WA017130176500000
B2039484219320N12310060WA017140176600000
B2039494219321N12310053WA017150176600000
B2039504219319N12310045WA017170177100000
F203951
B2039514219318N12310039WA017180177200000
B2039524219315N12310034WA017200177400000
B2039534219310N12310031WA017210177600000
B2039544219306N12310030WA017230177800000
B2039554219301N12310030WA017250178000000
B2039564219298N12310032WA017260178000000
B2039574219294N12310033WA017260178000000
B2039584219290N12310036WA017260178000000
B2039594219287N12310040WA017260177900000
B2040004219286N12310047WA017260177900000
B2040014219284N12310054WA017270177900000
B2040024219284N12310061WA017290178000000
B2040034219288N12310065WA017300178400000
B2040044219291N12310070WA017320178200000
B2040054219294N12310073WA017330178300000
B2040064219299N12310075WA017350178600000
B2040074219304N12310076WA017370178800000
B2040084219308N12310075WA017380178600000
B2040094219312N12310075WA017370178500000
B2040104219317N12310075WA017350178200000
B2040114219324N12310075WA017310177800000
B2040124219332N12310074WA017280177400000
B2040134219339N12310073WA017250177300000
B2040144219347N12310072WA017240177500000
B2040154219353N12310071WA017260177800000
B2040164219359N12310071WA017280178100000
B2040174219364N12310072WA017310178200000
B2040184219369N12310073WA017330178500000
B2040194219373N12310074WA017340178600000
B2040204219377N12310076WA017340178700000
B2040214219380N12310080WA017330178500000
B2040224219385N12310086WA017320178400000
B2040234219390N12310092WA017330178500000
B2040244219393N12310097WA017340178700000
B2040254219396N12310103WA017350178800000
B2040274219397N12310116WA017380179100000
F204028
B2040284219397N12310121WA017370179000000
B2040294219398N12310125WA017350178900000
B2040304219399N12310130WA017320178800000
B2040314219403N12310136WA017280178600000
B2040324219404N12310145WA017220178300000
B2040334219408N12310153WA017200178000000
B2040344219412N12310160WA017200178000000
B2040354219416N12310165WA017210178100000
B2040364219418N12310169WA017220178000000
B2040374219420N12310174WA017210177600000
B2040384219424N12310178WA017190177500000
B2040394219428N12310184WA017150177100000
B2040404219434N12310191WA017130176700000
B2040454219459N12310222WA017100175900000
B2040504219477N12310254WA017010175400000
B2040554219499N12310288WA016950174900000
B2041004219522N12310321WA016880174400000
B2041054219545N12310355WA016810173500000
B2041104219568N12310384WA016720172800000
B2041154219591N12310412WA016630171500000
B2041204219618N12310437WA016580171100000
B2041254219644N12310458WA016490170300000
F204130
B2041304219670N12310479WA016280168900000
B2041354219690N12310506WA016170167400000
B2041404219713N12310529WA016110166400000
B2041454219736N12310556WA016110166400000
B2041504219762N12310578WA016130166200000
B2041554219780N12310599WA016170166500000
B2042004219803N12310624WA016170166600000
B2042054219826N12310649WA016120165900000
B2042104219850N12310674WA016120166100000
F204215
B2042154219870N12310702WA016110165900000
B2042204219893N12310727WA016110165900000
B2042254219909N12310753WA016150166100000
B2042304219922N12310774WA016180166500000
B2042354219937N12310797WA016200166800000
B2042404219954N12310818WA016190166500000
B2042454219975N12310841WA016190166300000
F204250
B2042504219999N12310862WA016160165700000
B2042554220015N12310890WA016160165800000
B2043004219996N12310912WA016090166100000
B2043054219973N12310918WA016190166900000
B2043104219954N12310932WA016370169100000
B2043154219934N12310931WA016540170700000
B2043204219921N12310905WA016640171700000
B2043254219938N12310879WA016700172400000
F204330
B2043304219957N12310893WA016790173300000
B2043314219960N12310896WA016820173500000
B2043324219962N12310899WA016840173600000
B2043334219965N12310904WA016850173600000
B2043344219969N12310909WA016870173700000
B2043354219970N12310915WA016890174100000
B2043364219971N12310920WA016920174500000
B2043374219972N12310924WA016960174800000
B2043384219970N12310929WA016980175000000
B2043394219967N12310934WA017010175100000
B2043404219963N12310937WA017030175400000
B2043414219959N12310938WA017050175500000
B2043424219955N12310936WA017060175800000
B2043434219951N12310931WA017080175900000
B2043444219948N12310924WA017090176000000
B2043454219947N12310917WA017110176100000
B2043464219949N12310908WA017130176200000
B2043474219955N12310900WA017140176400000
B2043484219961N12310897WA017150176700000
B2043494219967N12310895WA017170177000000
B2043504219974N12310895WA017200177200000
B2043514219979N12310897WA017220177500000
B2043524219984N12310901WA017240177600000
B2043534219987N12310906WA017260177900000
B2043544219989N12310912WA017270178000000
B2043554219990N12310918WA017290178200000
B2043564219992N12310923WA017300178200000
B2043574219989N12310929WA017330178400000
B2043584219988N12310934WA017350178900000
B2043594219986N12310938WA017380179200000
B2044004219983N12310940WA017410179400000
B2044014219979N12310942WA017430179500000
B2044024219976N12310945WA017440179600000
B2044034219971N12310946WA017460179800000
B2044044219967N12310946WA017480180000000
F204405
B2044054219963N12310943WA017490180200000
B2044064219961N12310940WA017500180100000
B2044074219960N12310930WA017500180100000
B2044084219961N12310921WA017490180200000
B2044094219963N12310912WA017490180100000
B2044104219970N12310906WA017490180300000
B2044114219976N12310902WA017500180400000
B2044124219982N12310903WA017510180600000
B2044134219987N12310904WA017530180800000
B2044144219993N12310908WA017550180900000
B2044154219997N12310913WA017560181300000
B2044164220000N12310918WA017590181700000
B2044174220002N12310924WA017620181900000
B2044184220004N12310928WA017650182100000
B2044194220005N12310933WA017670182200000
B2044204220006N12310939WA017670182100000
B2044214220005N12310945WA017660182100000
B2044224220002N12310951WA017650182000000
B2044234219999N12310955WA017650182200000
B2044244219995N12310957WA017660182300000
B2044254219991N12310959WA017680182400000
B2044264219987N12310959WA017690182700000
B2044274219984N12310958WA017710182800000
B2044284219980N12310958WA017720182900000
B2044294219976N12310956WA017730182900000
B2044304219973N12310954WA017730182900000
B2044314219969N12310951WA017730183000000
B2044324219964N12310949WA017740183200000
B2044334219959N12310948WA017760183300000
B2044344219954N12310948WA017770183500000
F204435
B2044354219950N12310949WA017800183800000
B2044364219946N12310949WA017820184000000
B2044374219942N12310949WA017840184200000
B2044384219939N12310949WA017850184100000
B2044394219935N12310949WA017850184200000
B2044404219931N12310949WA017860184400000
B2044414219927N12310950WA017860184500000
B2044424219923N12310951WA017880184700000
B2044474219905N12310951WA017900184700000
B2044524219888N12310931WA017970185400000
B2044574219918N12310916WA017900185300000
B2045024219932N12310944WA017950185600000
B2045074219940N12310975WA017990185600000
B2045124219966N12310999WA017980185600000
B2045174219991N12311014WA018030185700000
B2045224220019N12311035WA017980185300000
B2045274220051N12311060WA017840184100000
B2045324220094N12311073WA017780183900000
F204537
B2045374220122N12311082WA017800183500000
B2045424220156N12311099WA017760183200000
B2045474220188N12311116WA017720183000000
B2045524220222N12311134WA017700182700000
B2045574220253N12311151WA017660182600000
B2046024220285N12311174WA017610181700000
B2046074220317N12311195WA017550181500000
B2046124220348N12311218WA017500181000000
F204617
B2046174220380N12311239WA017450181000000
B2046224220410N12311262WA017360180300000
B2046274220441N12311289WA017270179400000
B2046324220469N12311314WA017210178300000
B2046374220498N12311338WA017120177300000
B2046424220524N12311362WA017030176500000
B2046474220550N12311393WA016870174800000
B2046524220583N12311423WA016800173900000
B2046574220615N12311458WA016720173000000
F204702
B2047024220643N12311490WA016710172900000
B2047074220672N12311513WA016600171700000
B2047124220706N12311530WA016560171200000
B2047174220739N12311546WA016470170100000
B2047224220775N12311567WA016390169400000
B2047284220821N12311589WA016310168700000
F204733
B2047334220853N12311608WA016360169000000
B2047384220881N12311622WA016340168700000
B2047434220914N12311633WA016360168900000
B2047484220942N12311647WA016400169000000
B2047534220981N12311672WA016330169100000
B2047584220996N12311696WA016460169300000
B2048034221015N12311735WA016390169200000
B2048084221030N12311766WA016360168600000
F204813
B2048134221054N12311803WA016250167800000
B2048184221069N12311837WA016170166700000
B2048234221086N12311873WA016100166100000
B2048284221104N12311908WA016030165500000
B2048334221127N12311942WA015970165000000
B2048384221148N12311979WA015870164000000
B2048434221170N12312020WA015760162800000
B2048484221195N12312068WA015600161200000
F204853
B2048534221219N12312114WA015680161200000
B2048584221221N12312134WA015770161500000
B2049034221238N12312158WA015740161900000
B2049084221254N12312177WA015760162400000
B2049134221276N12312187WA015820163100000
B2049184221295N12312189WA015850163200000
B2049234221318N12312196WA015850163300000
B2049284221339N12312203WA015920163900000
B2049334221360N12312201WA015930163900000
F204938
B2049384221363N12312170WA015960164300000
B2049434221347N12312153WA016060165400000
B2049474221330N12312157WA016070165500000
B2049484221326N12312164WA016070165500000
B2049494221325N12312171WA016080165500000
B2049504221325N12312178WA016090165500000
B2049514221331N12312181WA016110165800000
B2049524221334N12312183WA016120165800000
B2049534221339N12312184WA016120165800000
B2049544221343N12312185WA016120165700000
B2049554221348N12312186WA016120165800000
B2049564221352N12312188WA016120165800000
B2049574221356N12312193WA016100165800000
B2049584221359N12312200WA016080165900000
B2049594221358N12312212WA016060165800000
B2050004221353N12312223WA016060165600000
B2050014221350N12312227WA016080165800000
B2050024221352N12312233WA016120165900000
B2050034221353N12312237WA016150165800000
B2050044221354N12312243WA016170165800000
B2050054221354N12312245WA016170165800000
B2050064221357N12312252WA016170165800000
B2050074221355N12312257WA016140166000000
B2050084221353N12312264WA016130166100000
B2050094221354N12312274WA016120166200000
F205010
B2050104221353N12312282WA016120166600000
B2050114221354N12312291WA016150166500000
B2050124221355N12312298WA016200166600000
B2050134221357N12312304WA016250167000000
B2050144221357N12312309WA016290167300000
B2050154221358N12312315WA016300167300000
B2050164221357N12312321WA016290167100000
B2050174221357N12312327WA016250167100000
B2050184221355N12312334WA016210167100000
B2050194221358N12312345WA016180166900000
B2050204221360N12312357WA016160166800000
B2050214221359N12312366WA016160167100000
B2050264221357N12312408WA016240167800000
B2050314221355N12312439WA016250167600000
B2050364221364N12312485WA016270167500000
B2050414221377N12312508WA016470169000000
B2050464221381N12312533WA016550170200000
B2050514221366N12312505WA016630171400000
F205056
B2050564221393N12312495WA016770172700000
B2051014221388N12312519WA016860173600000
B2051024221383N12312519WA016870173700000
B2051034221377N12312518WA016890173900000
B2051044221372N12312512WA016910174300000
B2051054221368N12312507WA016940174500000
B2051064221366N12312498WA016960174700000
B2051074221365N12312493WA016990174600000
B2051084221367N12312484WA017010174900000
B2051094221369N12312476WA017020174900000
B2051104221373N12312469WA017040175400000
B2051114221377N12312463WA017060175500000
B2051124221384N12312466WA017070175600000
B2051134221390N12312466WA017090175700000
B2051144221394N12312473WA017100176100000
B2051154221397N12312479WA017120176400000
B2051164221399N12312484WA017150176600000
B2051174221402N12312489WA017180176700000
B2051184221404N12312493WA017210177100000
B2051194221407N12312498WA017230177300000
B2051204221409N12312503WA017250177400000
B2051214221409N12312509WA017270177500000
B2051224221408N12312515WA017280177600000
B2051234221405N12312521WA017300177900000
B2051244221401N12312525WA017310178100000
B2051254221396N12312528WA017330178200000
B2051264221392N12312528WA017350178400000
F205127
B2051274221389N12312521WA017370178600000
B2051284221387N12312514WA017390178700000
B2051294221392N12312502WA017410179300000
B2051304221396N12312493WA017430179700000
B2051314221402N12312489WA017460179900000
B2051324221408N12312489WA017470180000000
B2051334221413N12312493WA017490180200000
B2051344221415N12312500WA017510180500000
B2051354221416N12312506WA017520180500000
B2051364221413N12312511WA017550180900000
B2051374221411N12312513WA017570181200000
B2051384221410N12312517WA017580181400000
B2051394221408N12312520WA017590181400000
B2051404221407N12312525WA017590181400000
B2051414221405N12312531WA017590181400000
B2051424221404N12312537WA017610181700000
B2051434221403N12312542WA017630182100000
B2051444221401N12312546WA017650182300000
B2051454221399N12312550WA017680182400000
B2051464221395N12312553WA017700182500000
B2051474221389N12312554WA017710182700000
B2051484221384N12312554WA017730182800000
B2051494221381N12312549WA017750182900000
B2051504221377N12312541WA017780183100000
B2051514221375N12312532WA017810183300000
B2051524221378N12312524WA017850183400000
B2051534221380N12312518WA017900183500000
B2051544221382N12312513WA017930183500000
B2051554221387N12312511WA017960183800000
B2051564221392N12312507WA017970184000000
F205157
B2051574221398N12312506WA017970184100000
B2051584221406N12312507WA017970184300000
B2051594221412N12312511WA017980184400000
B2052004221418N12312517WA017980184400000
B2052014221423N12312523WA018000184500000
B2052024221425N12312531WA018030184800000
B2052034221429N12312537WA018090184800000
B2052044221427N12312546WA018140185200000
B2052054221422N12312547WA018170185600000
B2052064221417N12312549WA018200185900000
B2052074221411N12312551WA018210186300000
B2052084221405N12312553WA018240186800000
B2052094221401N12312553WA018280187400000
B2052104221397N12312553WA018300187800000
B2052114221395N12312549WA018320187800000
B2052124221392N12312538WA018320188100000
B2052134221391N12312528WA018340188100000
B2052144221399N12312522WA018370188900000
B2052154221404N12312518WA018400189400000
B2052164221409N12312516WA018430189700000
B2052174221413N12312514WA018460190000000
B2052184221418N12312513WA018480190200000
B2052194221422N12312513WA018490190200000
B2052204221429N12312514WA018500190300000
B2052214221435N12312515WA018510190500000
B2052224221441N12312517WA018530190900000
B2052234221444N12312520WA018560191200000
B2052244221447N12312524WA018580191200000
B2052254221449N12312530WA018580191300000
B2052264221448N12312536WA018590191700000
F205227
B2052274221447N12312542WA018610192000000
B2052284221446N12312546WA018630192400000
B2052294221444N12312550WA018650192400000
B2052304221442N12312554WA018670192500000
B2052314221438N12312558WA018680192700000
B2052324221433N12312561WA018700193100000
B2052334221429N12312562WA018740193400000
B2052344221426N12312560WA018770193700000
B2052354221424N12312553WA018790193900000
B2052364221425N12312545WA018800194100000
B2052374221426N12312538WA018820194400000
B2052384221427N12312532WA018850194800000
B2052394221428N12312526WA018870195100000
B2052404221430N12312522WA018890195200000
B2052414221434N12312517WA018900195200000
B2052424221440N12312511WA018890195100000
B2052434221447N12312506WA018890195200000
B2052444221453N12312504WA018900195500000
B2052454221459N12312504WA018930195800000
B2052464221465N12312505WA018960196100000
B2052474221470N12312505WA018980196400000
B2052484221475N12312505WA019000196500000
B2052494221480N12312508WA019010196600000
B2052504221485N12312513WA019010196600000
B2052514221489N12312519WA019010196800000
B2052524221491N12312526WA019020196900000
B2052534221492N12312531WA019050197200000
B2052544221491N12312537WA019060197200000
B2052554221489N12312541WA019080197400000
B2052564221487N12312544WA019100197500000
B2052574221484N12312545WA019120197600000
F205258
B2052584221481N12312546WA019130197800000
B2052594221478N12312545WA019140197800000
B2053004221474N12312543WA019150197900000
B2053014221470N12312540WA019160198000000
B2053024221467N12312536WA019170198200000
B2053034221467N12312526WA019180198500000
B2053044221469N12312519WA019200198700000
B2053054221474N12312513WA019220199000000
B2053064221478N12312507WA019240199100000
B2053074221483N12312503WA019250199100000
B2053084221493N12312506WA019250199000000
B2053094221499N12312507WA019250199000000
B2053104221507N12312512WA019260199100000
B2053114221510N12312518WA019270199200000
B2053124221513N12312523WA019300199300000
B2053134221516N12312528WA019310199300000
B2053144221517N12312533WA019310199300000
B2053154221519N12312539WA019290199200000
B2053164221517N12312544WA019260198800000
B2053174221514N12312547WA019240198500000
B2053184221509N12312550WA019210198600000
B2053194221505N12312553WA019190198600000
B2053204221502N12312555WA019200198600000
B2053214221499N12312559WA019200198600000
B2053224221496N12312562WA019200198700000
B2053234221492N12312563WA019210198800000
B2053244221489N12312564WA019230199000000
B2053254221485N12312564WA019270199300000
B2053264221482N12312563WA019300199700000
B2053274221479N12312562WA019340200100000
F205328
B2053284221477N12312559WA019380200500000
B2053294221475N12312556WA019410200600000
B2053304221474N12312552WA019430200800000
B2053314221474N12312546WA019440200800000
B2053324221475N12312538WA019460201000000
B2053334221478N12312531WA019470201100000
B2053344221482N12312524WA019490201100000
B2053354221489N12312519WA019510201400000
B2053364221495N12312515WA019530201500000
B2053374221503N12312516WA019540201400000
B2053384221512N12312518WA019550201700000
B2053394221520N12312522WA019570202100000
B2053404221526N12312527WA019590202400000
B2053414221530N12312533WA019610202500000
B2053424221533N12312539WA019620202600000
B2053434221535N12312546WA019620202300000
B2053444221535N12312553WA019610202200000
B2053454221533N12312560WA019590202200000
B2053464221529N12312564WA019580202400000
B2053474221525N12312567WA019590202700000
B2053484221522N12312568WA019610202900000
B2053494221520N12312569WA019630203000000
B2053504221518N12312569WA019650203100000
B2053514221515N12312569WA019660203100000
B2053524221512N12312569WA019660203200000
B2053534221508N12312566WA019670203400000
B2053544221506N12312564WA019690203400000
B2053554221505N12312559WA019720203800000
B2053564221504N12312553WA019740204000000
B2053574221505N12312548WA019760204200000
F205358
B2053584221507N12312542WA019760204100000
B2053594221510N12312534WA019740203800000
B2054004221516N12312527WA019720203600000
B2054014221526N12312524WA019700203700000
B2054024221535N12312525WA019700203800000
B2054034221543N12312528WA019720204000000
B2054044221550N12312534WA019740204000000
B2054054221555N12312541WA019770204200000
B2054064221557N12312548WA019790204300000
B2054074221553N12312556WA019800204300000
B2054084221552N12312564WA019800204400000
B2054094221551N12312571WA019800204400000
B2054104221553N12312579WA019790204300000
B2054114221553N12312588WA019780204400000
B2054124221551N12312596WA019770204200000
B2054134221549N12312604WA019760204300000
B2054144221546N12312611WA019770204600000
B2054154221544N12312617WA019790204900000
B2054164221543N12312623WA019810204900000
B2054174221542N12312629WA019810204600000
B2054184221540N12312637WA019810204600000
B2054194221540N12312644WA019790204600000
B2054204221540N12312653WA019790204500000
B2054214221540N12312660WA019780204700000
B2054224221541N12312667WA019780204600000
B2054234221542N12312674WA019770204500000
B2054244221543N12312683WA019750204500000
B2054254221543N12312692WA019710203900000
B2054264221544N12312702WA019660203500000
F205431
B2054314221545N12312757WA019600203200000
B2054364221543N12312799WA019570202400000
B2054414221536N12312850WA019430201100000
B2054464221531N12312892WA019350200400000
B2054514221527N12312940WA019300200200000
B2054564221524N12312990WA019200198900000
B2055014221522N12313039WA019150198400000
B2055064221516N12313086WA019030197300000
B2055114221510N12313133WA018950196500000
B2055164221502N12313177WA018820195700000
B2055214221499N12313224WA018770195500000
B2055264221499N12313273WA018710194200000
B2055314221499N12313320WA018610193000000
F205536
B2055364221498N12313364WA018530191900000
B2055414221498N12313411WA018480191400000
B2055464221501N12313461WA018420190700000
B2055514221506N12313510WA018370190100000
B2055564221510N12313559WA018320189400000
B2056014221514N12313608WA018290188900000
B2056064221522N12313657WA018210187900000
B2056114221528N12313706WA018210188100000
B2056164221534N12313749WA018270188500000
B2056214221543N12313792WA018240188300000
B2056264221542N12313833WA018260188500000
B2056314221539N12313869WA018280188800000
B2056364221537N12313907WA018280188700000
B2056414221533N12313938WA018260188800000
B2056464221533N12313984WA018190188700000
B2056514221532N12314025WA018150188200000
F205656
B2056564221532N12314066WA018100187800000
B2057014221534N12314111WA018040187000000
B2057064221531N12314146WA017980186500000
B2057114221529N12314190WA017910185800000
B2057164221524N12314235WA017840185700000
B2057214221518N12314271WA017770184900000
B2057264221515N12314315WA017700183900000
B2057314221506N12314356WA017630183000000
B2057364221498N12314396WA017550182400000
B2057414221490N12314437WA017470181700000
B2057464221482N12314479WA017380180700000
F205751
B2057514221473N12314521WA017310179800000
B2057564221463N12314563WA017260179000000
B2058014221454N12314604WA017210178600000
B2058064221448N12314646WA017170178200000
B2058114221443N12314687WA017120177500000
B2058164221442N12314732WA017060176900000
F205821
B2058214221444N12314777WA017000176200000
B2058264221443N12314821WA016960175500000
B2058314221442N12314865WA016890174800000
B2058364221440N12314907WA016830173900000
B2058414221426N12314945WA016680172300000
B2058464221409N12314985WA016550171100000
B2058514221394N12315032WA016400169700000
B2058564221391N12315081WA016350169200000
F205901
B2059014221385N12315114WA016420169500000
B2059064221361N12315133WA016310168400000
B2059114221334N12315142WA016410169400000
B2059164221309N12315144WA016400169400000
B2059214221280N12315140WA016420169800000
B2059264221254N12315137WA016420169600000
B2059314221234N12315162WA016390169500000
B2059364221255N12315187WA016340168700000
B2059414221273N12315180WA016360168500000
B2059464221302N12315194WA016290168100000
B2059514221325N12315207WA016350168700000
B2059564221347N12315226WA016370169000000
F210001
B2100014221368N12315245WA016380169200000
B2100064221391N12315250WA016430169600000
B2100114221397N12315225WA016420169500000
B2100164221376N12315211WA016430169500000
B2100204221354N12315219WA016470169900000
B2100214221350N12315222WA016470170000000
B2100224221345N12315227WA016460169700000
B2100244221341N12315243WA016420169300000
B2100254221341N12315251WA016410169100000
B2100264221344N12315258WA016390168900000
B2100274221348N12315261WA016370168900000
B2100284221353N12315262WA016360168800000
B2100294221357N12315259WA016370168900000
B2100304221360N12315255WA016380168900000
B2100314221362N12315250WA016400169100000
B2100324221363N12315244WA016420169200000
F210033
B2100334221364N12315238WA016430169300000
B2100344221364N12315232WA016440169400000
B2100354221366N12315228WA016450169500000
B2100364221366N12315223WA016450169400000
B2100374221364N12315216WA016440169200000
B2100384221363N12315208WA016420169000000
B2100394221360N12315200WA016410169100000
B2100404221356N12315193WA016410169000000
B2100414221352N12315187WA016420169100000
B2100424221347N12315183WA016430169400000
B2100434221342N12315181WA016450169700000
B2100444221336N12315181WA016470169800000
B2100454221331N12315181WA016480169900000
B2100464221325N12315182WA016490170000000
B2100474221319N12315183WA016490170000000
B2100484221314N12315185WA016500170200000
B2100494221308N12315186WA016520170400000
B2100504221303N12315188WA016540170800000
B2100514221299N12315189WA016570170900000
B2100524221295N12315192WA016580170900000
B2100534221292N12315197WA016570170600000
B2100544221290N12315205WA016550170400000
B2100554221289N12315213WA016520170200000
B2100564221290N12315222WA016510170200000
B2100574221296N12315229WA016510170200000
B2100584221304N12315226WA016520170300000
B2100594221308N12315229WA016540170500000
B2101004221311N12315230WA016550170600000
B2101014221314N12315233WA016550170500000
B2101024221317N12315234WA016540170400000
B2101034221321N12315233WA016510170300000
B2101044221326N12315231WA016480170100000
F210105
B2101054221330N12315228WA016470170100000
B2101064221334N12315224WA016470170200000
B2101074221337N12315220WA016480170200000
B2101084221339N12315216WA016480170000000
B2101094221341N12315211WA016480170000000
B2101104221344N12315205WA016480170000000
B2101114221345N12315198WA016480169900000
B2101124221346N12315190WA016480170000000
B2101134221346N12315183WA016480170100000
B2101144221346N12315175WA016490170000000
B2101154221346N12315169WA016510170200000
B2101164221345N12315161WA016520170300000
B2101174221342N12315154WA016540170400000
B2101184221341N12315147WA016560170700000
B2101194221342N12315140WA016580170900000
B2101204221343N12315134WA016590170800000
B2101214221342N12315128WA016600170700000
B2101224221340N12315121WA016590170500000
B2101234221336N12315114WA016580170600000
B2101244221330N12315110WA016590170600000
B2101254221325N12315107WA016600170700000
B2101264221319N12315110WA016620170800000
B2101274221314N12315111WA016620170800000
B2101284221308N12315114WA016620170800000
B2101294221301N12315114WA016610170900000
B2101304221296N12315124WA016610171300000
B2101314221291N12315130WA016620171600000
B2101324221286N12315133WA016640171700000
B2101334221282N12315137WA016660171800000
B2101344221277N12315140WA016680172000000
B2101354221274N12315144WA016690172200000
F210136
B2101364221271N12315150WA016700172200000
B2101374221268N12315156WA016700172300000
B2101384221267N12315163WA016710172300000
B2101394221271N12315169WA016710172300000
B2101404221274N12315175WA016710172300000
B2101414221279N12315177WA016710172400000
B2101424221283N12315178WA016710172400000
B2101444221291N12315179WA016710172400000
B2101454221295N12315180WA016720172500000
B2101464221299N12315178WA016720172400000
B2101474221301N12315174WA016720172300000
B2101484221304N12315169WA016710172300000
B2101494221302N12315160WA016700172300000
B2101504221300N12315154WA016700172400000
B2101514221296N12315148WA016710172500000
B2101524221292N12315143WA016710172600000
B2101534221287N12315139WA016720172700000
B2101544221283N12315136WA016730172900000
B2101554221278N12315134WA016730172900000
B2101564221274N12315132WA016740172900000
B2101574221268N12315129WA016740172900000
B2101584221263N12315127WA016740172900000
B2101594221257N12315126WA016740173000000
B2102004221251N12315126WA016740172900000
B2102014221245N12315128WA016730172900000
B2102024221239N12315129WA016730172900000
B2102034221232N12315132WA016730173000000
B2102044221226N12315135WA016730173000000
B2102054221219N12315138WA016740173000000
B2102064221212N12315142WA016750173300000
B2102074221205N12315145WA016780173500000
B2102084221198N12315146WA016810173900000
B2102094221192N12315147WA016830174000000
F210210
B2102104221187N12315148WA016850174100000
B2102114221181N12315151WA016850174100000
B2102124221176N12315154WA016840173800000
B2102134221171N12315156WA016820173700000
B2102144221164N12315158WA016790173400000
B2102154221157N12315159WA016760173100000
B2102204221123N12315177WA016650172100000
B2102254221088N12315192WA016610171600000
B2102304221053N12315205WA016560171000000
B2102354221018N12315220WA016520170700000
B2102404220987N12315243WA016480170000000
B2102454220957N12315268WA016470169700000
F210250
B2102504220928N12315294WA016430169700000
B2102554220900N12315316WA016400169500000
B2103004220871N12315337WA016380169300000
B2103054220841N12315356WA016340168900000
B2103104220812N12315377WA016320168700000
B2103154220781N12315398WA016300168500000
F210320
B2103204220751N12315418WA016270168200000
B2103254220721N12315439WA016240167800000
B2103304220692N12315459WA016180167100000
B2103354220662N12315482WA016120166400000
B2103404220631N12315504WA016080165900000
B2103454220602N12315525WA016020165300000
B2103504220570N12315545WA015950164600000
B2103554220538N12315564WA015900163900000
B2104004220507N12315583WA015830163300000
B2104054220477N12315604WA015760162600000
B2104104220447N12315623WA015680161800000
B2104154220417N12315644WA015600160900000
F210420
B2104204220388N12315664WA015510160000000
B2104254220358N12315685WA015420159200000
B2104304220328N12315706WA015360158600000
B2104354220297N12315729WA015280157600000
B2104404220268N12315752WA015210156700000
B2104454220241N12315777WA015160156200000
B2104504220213N12315805WA015100155400000
B2104554220186N12315830WA015050154700000
B2105004220159N12315855WA014990154100000
F210505
B2105054220133N12315881WA014930153500000
B2105104220105N12315905WA014880152800000
B2105154220074N12315926WA014820152200000
B2105204220045N12315948WA014760151700000
B2105254220014N12315969WA014710151200000
B2105304219985N12315989WA014660150600000
B2105354219954N12316010WA014610150100000
B2105404219925N12316032WA014550149500000
B2105454219896N12316054WA014500148800000
B2105504219867N12316079WA014430148400000
B2105554219840N12316102WA014390148000000
B2106004219811N12316124WA014340147600000
F210605
B2106054219784N12316145WA014280146900000
B2106104219754N12316166WA014220146400000
B2106154219725N12316185WA014170145800000
B2106204219697N12316203WA014110145100000
B2106254219669N12316222WA014050144700000
B2106304219640N12316243WA013990144000000
B2106354219611N12316262WA013920143200000
B2106404219584N12316279WA013840142400000
B2106454219555N12316298WA013770141800000
B2106504219527N12316317WA013700141100000
B2106554219501N12316339WA013630140400000
F210700
B2107004219476N12316360WA013560139500000
B2107054219451N12316382WA013480138800000
B2107104219426N12316405WA013390137700000
B2107154219403N12316429WA013320137000000
B2107204219378N12316452WA013220136000000
B2107254219353N12316473WA013160135100000
B2107304219326N12316495WA013100134600000
B2107354219299N12316517WA013040134000000
B2107404219272N12316538WA012970133200000
B2107454219245N12316557WA012890132600000
B2107504219233N12316516WA012710131500000
B2107554219260N12316481WA012720131500000
B2108004219289N12316449WA012590130500000
B2108054219313N12316406WA012550129900000
B2108104219341N12316367WA012480128800000
B2108154219366N12316330WA012420128200000
B2108204219392N12316296WA012320127300000
B2108254219417N12316264WA012250126600000
B2108304219441N12316230WA012140125300000
F210835
B2108354219467N12316192WA012070124700000
B2108404219490N12316150WA011990123600000
B2108454219511N12316108WA011930122900000
B2108504219534N12316068WA011860122200000
B2108554219560N12316030WA011810121800000
B2109004219587N12315995WA011780121400000
B2109054219612N12315962WA011740121100000
B2109104219634N12315931WA011700120300000
B2109154219658N12315902WA011650120000000
B2109204219682N12315878WA011610119700000
F210925
B2109254219704N12315853WA011580119200000
B2109304219725N12315831WA011530118500000
B2109354219748N12315815WA011490118000000
B2109404219770N12315802WA011380117400000
B2109454219796N12315788WA011290116600000
B2109504219819N12315780WA011140115500000
F210955
B2109554219842N12315771WA011030114400000
B2110004219867N12315761WA010850112200000
B2110054219895N12315749WA010800111300000
B2110104219916N12315730WA010780110900000
B2110154219935N12315710WA010810110900000
B2110204219955N12315699WA010820111000000
B2110254219971N12315693WA010850111000000
F211030
B2110304219987N12315683WA010890111600000
B2110354219997N12315672WA010870111000000
B2110404220020N12315669WA010860111500000
B2110454220036N12315668WA010920111900000
B2110504220049N12315663WA010970112500000
B2110554220064N12315659WA011060112900000
B2111004220080N12315650WA011110113400000
F211105
B2111054220101N12315643WA011130113800000
B2111104220126N12315633WA011190114800000
B2111154220145N12315632WA011170114500000
B2111204220161N12315642WA011080114300000
B2111254220190N12315635WA010960113000000
B2111304220219N12315626WA010870111700000
B2111354220251N12315621WA010770110800000
B2111404220277N12315612WA010790110800000
B2111454220303N12315609WA010760110300000
B2111504220319N12315605WA010850110800000
B2111554220338N12315600WA010880111300000
B2112004220356N12315601WA010820110800000
B2112054220377N12315604WA010730110200000
B2112104220406N12315598WA010560108900000
B2112154220437N12315590WA010470107600000
B2112204220467N12315584WA010360106500000
F211225
B2112254220498N12315578WA010280105600000
B2112304220527N12315569WA010310106100000
B2112354220545N12315556WA010380106600000
B2112404220568N12315544WA010310106300000
B2112454220588N12315523WA010310105900000
B2112504220614N12315518WA010230105200000
F211255
B2112554220642N12315507WA010150104300000
B2113004220661N12315523WA010030103500000
B2113054220639N12315545WA010020103000000
B2113104220623N12315562WA010000102600000
B2113154220600N12315573WA009940102400000
B2113204220577N12315560WA009960102500000
F211325
B2113254220556N12315550WA009980102500000
B2113304220541N12315556WA010050102700000
B2113354220533N12315575WA009970101900000
B2113404220518N12315598WA009880101400000
B2113454220500N12315612WA009870101500000
B2113504220477N12315635WA009860101500000
B2113554220458N12315662WA009750100800000
B2114004220442N12315683WA009770100400000
B2114054220412N12315679WA009730100400000
B2114104220388N12315675WA009740100200000
B2114154220372N12315683WA009760100100000
B2114204220358N12315699WA009640098900000
F211425
B2114254220384N12315693WA009650098900000
B2114304220404N12315690WA009670098600000
B2114354220420N12315702WA009740099400000
B2114404220424N12315720WA009750099600000
B2114454220399N12315726WA009730100200000
B2114504220382N12315695WA009740099900000
B2114534220396N12315673WA009780100300000
B2114544220400N12315673WA009800100500000
B2114554220403N12315675WA009820100700000
F211456
B2114564220405N12315677WA009830100700000
B2114574220406N12315680WA009840100800000
B2114584220406N12315683WA009840100900000
B2114594220405N12315687WA009840100800000
B2115004220403N12315690WA009840100900000
B2115014220400N12315692WA009850101000000
B2115024220397N12315692WA009870101100000
B2115034220392N12315691WA009870101200000
B2115044220387N12315689WA009880101300000
B2115054220382N12315685WA009890101300000
B2115064220377N12315682WA009890101400000
B2115074220371N12315677WA009900101500000
B2115084220365N12315675WA009920101700000
B2115094220361N12315672WA009940101800000
B2115104220356N12315672WA009950101900000
B2115114220352N12315672WA009970102000000
B2115124220347N12315674WA009980102100000
B2115134220344N12315677WA009990102000000
B2115144220341N12315680WA010000102200000
B2115154220338N12315682WA010000102200000
B2115164220336N12315687WA010010102100000
B2115174220333N12315689WA010010102300000
B2115184220331N12315693WA010020102500000
B2115194220329N12315696WA010030102700000
B2115204220328N12315698WA010040102800000
B2115214220326N12315700WA010050102900000
B2115224220324N12315702WA010060103000000
B2115234220322N12315705WA010070103100000
B2115244220320N12315709WA010060103100000
B2115254220319N12315713WA010060103100000
F211526
B2115264220319N12315718WA010050103100000
B2115274220320N12315722WA010050103200000
B2115284220323N12315723WA010050103200000
B2115294220326N12315721WA010060103300000
B2115304220329N12315719WA010060103300000
B2115314220333N12315717WA010050103100000
B2115324220336N12315715WA010040103100000
B2115334220341N12315716WA010030103100000
B2115344220345N12315716WA010030103200000
B2115354220349N12315717WA010030103200000
B2115364220354N12315718WA010040103200000
B2115374220356N12315720WA010050103200000
B2115384220359N12315723WA010060103300000
B2115394220361N12315727WA010070103400000
B2115404220362N12315730WA010090103700000
B2115414220364N12315733WA010110103900000
B2115424220363N12315737WA010120103900000
B2115434220362N12315741WA010130103900000
B2115444220359N12315746WA010140103900000
B2115454220355N12315751WA010160104400000
B2115464220350N12315754WA010170104500000
B2115474220344N12315756WA010180104500000
B2115484220337N12315751WA010190104600000
B2115494220331N12315750WA010200104600000
B2115504220325N12315748WA010210104800000
B2115514220319N12315744WA010230105000000
B2115524220314N12315739WA010240105100000
B2115534220309N12315731WA010250105200000
B2115544220306N12315721WA010250105300000
B2115554220306N12315710WA010260105500000
F211556
B2115564220308N12315702WA010270105700000
B2115574220310N12315695WA010280105700000
B2115584220314N12315690WA010290105600000
B2115594220317N12315697WA010290105700000
B2116004220320N12315701WA010300105800000
B2116014220322N12315703WA010320106100000
B2116024220323N12315704WA010340106300000
B2116034220324N12315705WA010360106300000
B2116044220324N12315706WA010360106300000
B2116054220324N12315709WA010360106300000
B2116064220324N12315714WA010350106100000
B2116074220323N12315719WA010330106100000
B2116084220322N12315723WA010330106100000
B2116094220320N12315727WA010340106100000
B2116104220314N12315730WA010340106100000
B2116114220308N12315730WA010330106100000
B2116124220302N12315727WA010330106000000
B2116134220297N12315716WA010320105900000
B2116144220294N12315705WA010320105900000
B2116154220293N12315695WA010320105800000
B2116164220295N12315686WA010320105800000
B2116174220296N12315678WA010320105700000
B2116184220302N12315674WA010320106000000
B2116194220306N12315671WA010340106300000
B2116204220310N12315668WA010360106600000
B2116214220313N12315666WA010390106700000
B2116224220316N12315664WA010390106500000
B2116234220319N12315663WA010390106500000
B2116244220322N12315664WA010370106400000
B2116254220324N12315667WA010360106400000
F211626
B2116264220326N12315670WA010350106200000
B2116274220324N12315674WA010360106100000
B2116284220319N12315676WA010370106300000
B2116294220315N12315678WA010370106200000
B2116304220308N12315678WA010370106300000
B2116314220302N12315677WA010370106200000
B2116324220296N12315669WA010360106300000
B2116334220291N12315662WA010360106200000
B2116344220287N12315656WA010350106000000
B2116354220286N12315645WA010330105700000
B2116364220286N12315633WA010320105600000
B2116374220288N12315622WA010300105500000
B2116384220292N12315614WA010310105600000
B2116394220296N12315610WA010320105600000
B2116404220300N12315614WA010330105600000
B2116414220302N12315617WA010330105700000
B2116424220304N12315620WA010340105700000
B2116434220306N12315623WA010330105600000
B2116444220310N12315625WA010330105600000
B2116454220313N12315626WA010340105800000
B2116464220317N12315627WA010350106000000
B2116474220319N12315627WA010370106100000
B2116484220321N12315628WA010390106200000
B2116494220322N12315629WA010390106300000
B2116504220325N12315629WA010390106200000
B2116514220329N12315631WA010380106100000
B2116524220333N12315631WA010370106100000
B2116534220336N12315633WA010370106200000
B2116544220339N12315635WA010380106400000
B2116554220342N12315636WA010390106300000
B2116564220345N12315637WA010390106300000
B2116574220346N12315639WA010390106300000
B2116584220347N12315642WA010380106300000
B2116594220348N12315646WA010370106200000
B2117004220349N12315650WA010370106200000
F211701
B2117014220350N12315653WA010370106100000
B2117024220350N12315656WA010360106100000
B2117034220349N12315659WA010330106000000
B2117044220349N12315664WA010310105700000
B2117054220348N12315669WA010270105400000
B2117064220348N12315676WA010240105000000
B2117074220348N12315683WA010220104900000
B2117084220347N12315688WA010200104800000
B2117094220347N12315693WA010190104700000
B2117104220344N12315697WA010170104600000
B2117114220341N12315701WA010160104200000
B2117124220338N12315706WA010120104100000
B2117134220335N12315713WA010090104000000
B2117144220331N12315721WA010060103900000
B2117154220328N12315727WA010040103800000
B2117164220325N12315733WA010040103900000
B2117174220322N12315737WA010040103800000
B2117184220320N12315743WA010040103600000
B2117194220317N12315749WA010040103600000
B2117204220313N12315755WA010050103700000
B2117214220311N12315760WA010060103500000
B2117224220306N12315762WA010100103900000
B2117234220303N12315762WA010120104100000
B2117244220299N12315763WA010150104100000
B2117254220294N12315764WA010160104100000
B2117264220289N12315765WA010160104100000
B2117274220283N12315764WA010160104200000
B2117284220277N12315763WA010150104200000
B2117294220271N12315757WA010150104100000
B2117304220266N12315750WA010140104000000
B2117314220263N12315741WA010130104000000
B2117324220261N12315732WA010110103900000
F211733
B2117334220260N12315724WA010110103800000
B2117344220260N12315717WA010110103700000
B2117354220262N12315710WA010100103600000
B2117364220265N12315703WA010090103600000
B2117374220267N12315697WA010090103600000
B2117394220277N12315700WA010140104200000
B2117404220280N12315701WA010170104300000
B2117414220283N12315699WA010200104400000
B2117424220285N12315698WA010220104400000
B2117434220288N12315699WA010240104500000
B2117444220290N12315701WA010240104600000
B2117454220292N12315707WA010240104400000
B2117464220294N12315711WA010230104300000
B2117474220291N12315717WA010220104200000
B2117484220285N12315721WA010210104300000
B2117494220279N12315722WA010210104300000
B2117504220273N12315722WA010210104300000
B2117514220267N12315720WA010210104400000
B2117524220262N12315714WA010210104400000
B2117534220258N12315704WA010210104400000
B2117544220255N12315695WA010200104400000
B2117554220254N12315685WA010200104400000
B2117564220255N12315676WA010190104200000
B2117574220257N12315669WA010190104300000
B2117584220262N12315666WA010190104100000
B2117594220269N12315666WA010210104200000
B2118004220271N12315668WA010240104400000
B2118014220273N12315671WA010260104600000
B2118024220275N12315672WA010260104700000
F211803
B2118034220277N12315675WA010250104500000
B2118044220278N12315678WA010230104300000
B2118054220280N12315682WA010210104200000
B2118064220281N12315686WA010190104300000
B2118074220282N12315689WA010190104400000
B2118084220283N12315693WA010200104500000
B2118094220283N12315697WA010200104500000
B2118104220283N12315701WA010210104500000
B2118114220283N12315705WA010220104700000
B2118124220282N12315709WA010230104700000
B2118134220280N12315712WA010230104700000
B2118144220276N12315716WA010220104600000
B2118154220271N12315718WA010200104400000
B2118164220265N12315720WA010190104300000
B2118174220258N12315721WA010170104300000
B2118184220251N12315722WA010160104300000
B2118194220243N12315715WA010140104200000
B2118204220236N12315712WA010130104000000
B2118214220228N12315711WA010110103900000
B2118224220219N12315710WA010100103800000
B2118234220210N12315708WA010090103800000
B2118244220202N12315706WA010100103900000
B2118254220195N12315706WA010110104000000
B2118264220189N12315705WA010110103800000
B2118274220181N12315703WA010100103700000
B2118284220174N12315702WA010100103800000
B2118294220167N12315701WA010100103700000
B2118304220159N12315699WA010100103700000
B2118314220152N12315698WA010110103800000
B2118324220145N12315698WA010120104000000
B2118334220140N12315697WA010150104400000
F211838
B2118384220113N12315692WA010260105100000
B2118434220095N12315653WA010380105700000
B2118484220108N12315638WA010410106300000
B2118534220089N12315656WA010510107400000
B2118544220082N12315654WA010540107500000
B2118554220075N12315649WA010560107600000
B2118564220074N12315634WA010570107800000
B2118574220074N12315623WA010580107900000
B2118584220077N12315612WA010590108200000
B2118594220080N12315607WA010620108700000
B2119004220083N12315607WA010660109100000
B2119014220084N12315609WA010680109200000
B2119024220084N12315612WA010700109500000
B2119034220084N12315615WA010720109700000
B2119044220085N12315617WA010740109900000
B2119054220085N12315621WA010750110000000
B2119064220083N12315625WA010770110200000
B2119074220079N12315630WA010780110300000
B2119084220074N12315635WA010790110400000
B2119094220066N12315634WA010800110600000
F211910
B2119104220057N12315628WA010820110800000
B2119114220052N12315620WA010820110800000
B2119124220049N12315610WA010830111100000
B2119134220049N12315600WA010840111000000
B2119144220050N12315591WA010850111000000
B2119154220053N12315586WA010870110900000
B2119164220057N12315584WA010890111400000
B2119174220060N12315583WA010930111800000
B2119184220062N12315584WA010950112000000
B2119194220063N12315585WA010970112100000
B2119204220063N12315588WA010970112200000
B2119214220063N12315591WA010980112300000
B2119224220062N12315594WA010980112400000
B2119234220060N12315598WA011000112500000
B2119244220058N12315603WA011010112800000
B2119254220055N12315606WA011030112900000
B2119264220048N12315610WA011040113000000
B2119274220041N12315611WA011050113000000
B2119284220033N12315609WA011060113100000
B2119294220025N12315603WA011070113300000
B2119304220020N12315597WA011090113500000
B2119314220017N12315587WA011110113800000
B2119324220016N12315579WA011110113800000
B2119334220016N12315570WA011110113900000
B2119344220016N12315562WA011110113900000
B2119354220018N12315555WA011110113800000
B2119364220022N12315551WA011120113900000
B2119374220024N12315546WA011110114100000
B2119384220030N12315548WA011120114100000
B2119394220033N12315549WA011120114100000
F211940
B2119404220035N12315551WA011160114000000
B2119414220035N12315551WA011190114200000
B2119424220035N12315552WA011210114300000
B2119434220034N12315553WA011210114300000
B2119444220035N12315554WA011200114400000
B2119454220036N12315557WA011190114600000
B2119464220037N12315560WA011190114700000
B2119474220037N12315563WA011210114700000
B2119484220036N12315566WA011230115000000
B2119494220035N12315569WA011250115300000
B2119504220036N12315572WA011260115500000
B2119514220036N12315575WA011280115500000
B2119524220037N12315578WA011290115600000
B2119534220039N12315582WA011310115800000
B2119544220041N12315585WA011330116100000
B2119554220042N12315587WA011360116300000
B2119564220042N12315588WA011380116300000
B2119574220040N12315590WA011390116300000
B2119584220037N12315593WA011380116400000
B2119594220031N12315598WA011360116400000
B2120004220024N12315601WA011360116600000
B2120014220016N12315602WA011370116900000
B2120024220009N12315599WA011400117100000
B2120034220002N12315594WA011410117200000
B2120044219997N12315586WA011410117200000
B2120054219992N12315577WA011410117200000
B2120064219989N12315568WA011400117200000
B2120074219991N12315558WA011400117200000
B2120084219993N12315551WA011400117300000
B2120094219998N12315547WA011410117600000
F212010
B2120104220001N12315545WA011430117800000
B2120114220004N12315546WA011450118100000
B2120124220006N12315547WA011460118100000
B2120134220007N12315551WA011470117700000
B2120144220009N12315554WA011470117800000
B2120154220012N12315556WA011470117900000
B2120164220014N12315556WA011460118000000
B2120174220018N12315551WA011460117900000
B2120184220021N12315544WA011450117800000
B2120194220023N12315536WA011450117900000
B2120204220023N12315528WA011430117900000
B2120214220016N12315516WA011430117600000
B2120224220009N12315507WA011430117700000
B2120234220003N12315501WA011440117700000
B2120244219996N12315496WA011440117700000
B2120254219989N12315492WA011440117700000
B2120264219981N12315490WA011430117700000
B2120274219973N12315489WA011430117700000
B2120284219966N12315490WA011450118000000
B2120294219959N12315491WA011480118300000
B2120304219953N12315493WA011500118500000
B2120314219950N12315498WA011530118500000
B2120324219947N12315503WA011540118000000
B2120334219945N12315508WA011540118200000
B2120344219944N12315512WA011540118400000
B2120354219946N12315516WA011550118600000
B2120364219948N12315517WA011550118700000
B2120374219952N12315517WA011550118800000
B2120384219955N12315516WA011550118900000
B2120394219958N12315515WA011550118900000
F212040
B2120404219961N12315516WA011560118900000
B2120414219964N12315517WA011560118800000
B2120424219967N12315517WA011550118200000
B2120434219970N12315518WA011540118200000
B2120444219973N12315517WA011520118100000
B2120454219977N12315518WA011500117900000
B2120464219982N12315518WA011480117800000
B2120474219987N12315520WA011450117600000
B2120484219991N12315521WA011430117500000
B2120494219995N12315522WA011420117400000
B2120504220000N12315524WA011400117100000
B2120514220004N12315524WA011380117000000
B2120524220008N12315525WA011360116800000
B2120534220012N12315528WA011340116500000
B2120544220016N12315532WA011310116400000
B2120554220020N12315539WA011260116300000
B2120564220024N12315545WA011240116100000
B2120574220029N12315550WA011220116000000
B2120584220033N12315555WA011200115900000
B2120594220037N12315556WA011180115500000
B2121004220041N12315559WA011150115400000
B2121014220045N12315562WA011120115300000
B2121024220049N12315566WA011060115400000
B2121034220054N12315571WA011020114700000
B2121044220060N12315575WA010960114000000
B2121054220067N12315579WA010920113600000
B2121064220073N12315582WA010890113200000
B2121074220080N12315586WA010880112900000
B2121124220105N12315590WA010870114100000
B2121174220134N12315589WA010690111500000
B2121224220160N12315598WA010600113000000
B2121274220183N12315609WA010520109600000
B2121324220189N12315639WA010380109400000
F212137
B2121374220187N12315674WA010330107500000
B2121424220194N12315703WA010220108400000
B2121474220197N12315734WA010240106800000
B2121524220199N12315752WA010340110600000
B2121574220210N12315759WA010420108000000
B2122024220225N12315735WA010470111200000
B2122074220244N12315706WA010390107700000
F212212
B2122124220272N12315689WA010480111200000
B2122174220298N12315683WA010490108900000
B2122224220321N12315680WA010460110500000
B2122274220348N12315669WA010380107700000
B2122324220371N12315659WA010440109100000
B2122374220398N12315634WA010400111600000
B2122424220423N12315615WA010330107400000
B2122474220452N12315603WA010200111700000
B2122524220483N12315597WA010140109100000
F212257
B2122574220514N12315601WA010020111400000
B2123024220547N12315603WA010020106000000
B2123074220570N12315584WA010200112200000
B2123124220591N12315570WA010190107400000
B2123174220590N12315592WA010180105200000
B2123224220565N12315575WA010180109200000
B2123274220559N12315522WA010180105700000
B2123284220562N12315515WA010200105600000
B2123294220565N12315510WA010200105600000
B2123304220574N12315514WA010200105000000
B2123314220579N12315514WA010190111000000
B2123324220581N12315518WA010180109800000
B2123334220584N12315520WA010170108600000
B2123344220585N12315524WA010170107500000
B2123354220586N12315526WA010170106500000
F212336
B2123364220587N12315527WA010190106400000
B2123374220588N12315529WA010210106000000
B2123384220589N12315532WA010220105700000
B2123394220590N12315535WA010230105600000
B2123404220595N12315536WA010240105500000
B2123414220599N12315537WA010250110300000
B2123424220603N12315538WA010290109200000
B2123434220605N12315540WA010330108700000
B2123454220604N12315546WA010340107300000
B2123464220601N12315549WA010320107000000
B2123474220598N12315551WA010290107100000
B2123484220590N12315547WA010290106900000
B2123494220586N12315527WA010300107100000
B2123504220588N12315517WA010310107000000
B2123514220592N12315507WA010330111600000
B2123524220595N12315498WA010350111700000
B2123534220597N12315490WA010390110400000
B2123544220603N12315489WA010420109700000
B2123554220608N12315488WA010440108900000
B2123564220613N12315490WA010450108700000
B2123574220615N12315494WA010460108400000
B2123584220615N12315499WA010470108100000
B2123594220615N12315504WA010470108100000
B2124004220608N12315504WA010470108200000
B2124014220603N12315500WA010470108000000
B2124024220598N12315494WA010460111700000
B2124034220594N12315484WA010450110400000
B2124044220592N12315474WA010450112500000
B2124054220590N12315463WA010470111200000
F212406
B2124064220591N12315453WA010500110100000
B2124074220591N12315444WA010530113000000
B2124084220593N12315441WA010560111900000
B2124094220599N12315439WA010570111300000
B2124104220607N12315441WA010570110800000
B2124114220613N12315443WA010560110200000
B2124124220617N12315444WA010550109600000
B2124134220620N12315447WA010550109300000
B2124144220622N12315452WA010540109100000
B2124154220621N12315458WA010530108700000
B2124164220618N12315462WA010520108500000
B2124174220615N12315465WA010500113000000
B2124184220611N12315465WA010480111300000
B2124194220602N12315453WA010470110300000
B2124204220597N12315442WA010450109500000
B2124214220597N12315430WA010450111700000
B2124224220598N12315418WA010450110500000
B2124234220602N12315407WA010470109800000
B2124244220606N12315401WA010500109200000
B2124254220611N12315401WA010530109100000
B2124264220615N12315400WA010550108800000
B2124274220619N12315399WA010550108700000
B2124284220624N12315400WA010510108700000
B2124294220627N12315406WA010470108700000
B2124304220630N12315415WA010440108500000
B2124314220633N12315420WA010420112700000
B2124324220635N12315426WA010410110800000
B2124334220637N12315430WA010400109500000
B2124344220641N12315431WA010380108600000
B2124354220646N12315432WA010360108200000
F212436
B2124364220652N12315431WA010340107700000
B2124374220656N12315431WA010320107600000
B2124384220662N12315431WA010300107400000
B2124394220667N12315431WA010270107100000
B2124404220673N12315430WA010240106900000
B2124414220680N12315429WA010200106700000
B2124424220690N12315429WA010150106400000
B2124434220698N12315428WA010110106000000
B2124444220706N12315428WA010080105600000
B2124454220713N12315427WA010070105500000
B2124464220720N12315426WA010060105300000
B2124474220726N12315425WA010050104800000
B2124484220732N12315425WA010040104500000
B2124494220740N12315425WA010020104400000
B2124544220775N12315422WA009940103300000
B2124594220806N12315418WA009900102700000
B2125044220840N12315416WA009880101700000
B2125094220871N12315411WA009860100800000
F212514
B2125144220897N12315407WA009810100700000
B2125194220924N12315417WA009780100500000
B2125244220952N12315420WA009710099900000
B2125294220986N12315419WA009630099600000
B2125344221017N12315412WA009580099000000
B2125394221050N12315408WA009560099200000
F212544
B2125444221065N12315413WA009580099000000
B2125494221088N12315410WA009570099400000
B2125544221114N12315402WA009640099500000
B2125594221140N12315392WA009690099800000
B2126044221170N12315382WA009800100000000
B2126094221183N12315393WA009980100800000
B2126144221187N12315412WA010120102200000
F212619
B2126194221159N12315399WA010140102600000
B2126244221165N12315345WA010290103500000
B2126274221179N12315332WA010340104300000
B2126284221181N12315330WA010370105100000
B2126294221183N12315330WA010400105300000
B2126304221185N12315329WA010410105400000
B2126314221189N12315329WA010400105200000
B2126324221194N12315331WA010390105200000
B2126334221197N12315335WA010400105300000
B2126344221198N12315341WA010420105900000
B2126354221199N12315345WA010460106700000
B2126364221198N12315348WA010510107200000
B2126374221198N12315350WA010560107700000
B2126384221195N12315352WA010600108000000
B2126394221191N12315354WA010620108000000
B2126404221188N12315359WA010620108100000
B2126414221183N12315360WA010630108100000
B2126424221175N12315351WA010630108100000
B2126434221167N12315341WA010640108500000
B2126444221163N12315329WA010650108400000
B2126454221162N12315316WA010680108600000
B2126464221171N12315310WA010710109300000
B2126474221175N12315307WA010740109800000
B2126484221177N12315306WA010790110000000
F212649
B2126494221180N12315305WA010810110100000
B2126504221183N12315303WA010840110300000
B2126514221189N12315301WA010860110400000
B2126524221191N12315303WA010880110400000
B2126534221193N12315305WA010900110600000
B2126544221195N12315306WA010930110700000
B2126554221192N12315310WA010940110800000
B2126564221190N12315314WA010940111100000
B2126574221185N12315320WA010930111200000
B2126584221177N12315323WA010930111600000
B2126594221170N12315325WA010940111700000
B2127004221161N12315323WA010940111800000
B2127014221160N12315304WA010940111600000
B2127024221160N12315294WA010930111600000
B2127034221161N12315284WA010910111700000
B2127044221168N12315284WA010910111900000
B2127054221173N12315282WA010940111900000
B2127064221174N12315284WA010990112600000
B2127074221175N12315285WA011030113100000
B2127084221175N12315286WA011060113100000
B2127094221175N12315288WA011060113000000
B2127104221175N12315293WA011040113000000
B2127114221175N12315300WA011020112900000
B2127124221174N12315307WA011020112800000
B2127134221172N12315313WA011030112800000
B2127144221167N12315314WA011060112800000
B2127154221161N12315314WA011070112800000
B2127164221152N12315311WA011080112900000
B2127174221144N12315306WA011060112800000
B2127184221137N12315304WA011050112800000
B2127194221130N12315303WA011020112700000
B2127204221126N12315304WA010980112600000
B2127214221124N12315310WA010940112600000
B2127224221124N12315318WA010890112500000
B2127234221131N12315321WA010900112500000
B2127244221133N12315322WA010940112700000
B2127254221136N12315322WA010980112700000
F212726
B2127264221139N12315323WA011000112700000
B2127274221141N12315324WA010990112400000
B2127284221145N12315326WA010980112300000
B2127294221150N12315328WA010950112300000
B2127304221154N12315332WA010920112300000
B2127314221159N12315337WA010900112200000
B2127324221164N12315342WA010890112500000
B2127334221167N12315346WA010900112500000
B2127344221171N12315351WA010910112700000
B2127354221174N12315355WA010920112700000
B2127364221178N12315358WA010930112700000
B2127374221182N12315359WA010930112700000
B2127384221187N12315358WA010920112600000
B2127394221191N12315356WA010910112600000
B2127404221197N12315353WA010900112600000
B2127414221202N12315351WA010890112600000
B2127424221208N12315348WA010910112800000
B2127434221212N12315347WA010930112800000
B2127444221215N12315345WA010950112800000
B2127454221220N12315344WA010950112600000
B2127464221225N12315344WA010940112500000
B2127474221231N12315345WA010930112600000
B2127484221236N12315345WA010930112700000
B2127494221241N12315344WA010940112800000
B2127504221245N12315342WA010940112700000
B2127514221250N12315340WA010930112700000
B2127524221256N12315339WA010910112600000
B2127534221262N12315340WA010900112600000
B2127544221268N12315339WA010900112600000
B2127554221273N12315338WA010900112400000
F212756
B2127564221277N12315337WA010900112500000
B2127574221281N12315336WA010890112400000
B2127584221287N12315334WA010880112200000
B2127594221292N12315332WA010860112100000
B2128004221298N12315330WA010840112000000
B2128014221304N12315327WA010840111900000
B2128064221328N12315317WA010830111500000
B2128114221352N12315299WA010780111200000
B2128164221377N12315291WA010820111500000
B2128214221398N12315272WA010810111400000
B2128264221425N12315262WA010750111300000
B2128314221436N12315281WA010780111500000
B2128364221421N12315300WA010720110700000
F212841
B2128414221399N12315313WA010660110200000
B2128424221394N12315313WA010650110100000
B2128434221388N12315313WA010640110000000
B2128444221382N12315312WA010630110000000
B2128454221377N12315312WA010640110000000
B2128464221370N12315310WA010650110000000
B2128474221365N12315309WA010640109800000
B2128484221360N12315309WA010640109600000
B2128494221355N12315311WA010620109400000
B2128504221350N12315314WA010600109400000
B2128514221346N12315321WA010600109400000
B2128524221344N12315326WA010600109700000
B2128534221343N12315330WA010610109800000
B2128544221342N12315334WA010610109600000
B2128554221341N12315338WA010600109500000
B2128564221340N12315343WA010570109000000
B2128574221338N12315349WA010550108700000
B2128584221338N12315355WA010530108500000
B2128594221337N12315361WA010520108400000
B2129004221337N12315365WA010530108600000
B2129014221335N12315369WA010540108600000
B2129024221335N12315371WA010550108600000
B2129034221335N12315375WA010570108800000
B2129044221334N12315378WA010590109000000
B2129064221332N12315384WA010630109100000
B2129074221331N12315387WA010640109200000
B2129084221331N12315390WA010660109200000
B2129094221331N12315393WA010660109100000
B2129104221331N12315397WA010650109200000
F212911
B2129114221331N12315401WA010640109200000
B2129124221327N12315404WA010630109100000
B2129134221323N12315408WA010620108900000
B2129144221319N12315411WA010590108800000
B2129154221314N12315409WA010580108700000
B2129164221311N12315405WA010580108700000
B2129174221308N12315401WA010590108800000
B2129184221305N12315391WA010610108900000
B2129194221301N12315381WA010620108700000
B2129204221297N12315376WA010610108700000
B2129214221293N12315371WA010610108800000
B2129224221289N12315365WA010610108800000
B2129234221285N12315359WA010620108800000
B2129244221282N12315353WA010630109100000
B2129254221280N12315346WA010650109100000
B2129264221279N12315339WA010650109000000
B2129274221279N12315330WA010640109100000
B2129284221279N12315321WA010620109100000
B2129294221282N12315311WA010600109100000
B2129304221288N12315302WA010600108900000
B2129314221296N12315297WA010600109000000
B2129324221300N12315294WA010610108900000
B2129334221305N12315294WA010620108800000
B2129344221310N12315296WA010620108900000
B2129354221313N12315301WA010640109000000
B2129364221314N12315304WA010650109200000
B2129374221314N12315309WA010660109300000
B2129384221313N12315312WA010660109300000
B2129394221307N12315314WA010660109300000
B2129404221302N12315314WA010660109400000
B2129414221298N12315314WA010680109500000
B2129424221294N12315314WA010710109500000
B2129434221291N12315307WA010720109500000
B2129444221287N12315301WA010740109400000
F212945
B2129454221284N12315296WA010730109400000
B2129464221281N12315288WA010730109400000
B2129474221278N12315280WA010720109500000
B2129484221275N12315275WA010720109500000
B2129494221272N12315272WA010700109200000
B2129504221267N12315272WA010670109000000
B2129514221262N12315273WA010640108900000
B2129524221257N12315274WA010630109000000
B2129534221252N12315275WA010630109100000
B2129544221247N12315275WA010650109200000
B2129554221243N12315275WA010670109300000
B2129564221239N12315275WA010670109300000
B2129574221235N12315276WA010670109300000
B2129584221229N12315277WA010650109100000
B2129594221224N12315280WA010640109100000
B2130004221219N12315283WA010630109000000
B2130014221215N12315286WA010630109100000
B2130024221212N12315290WA010640109300000
B2130034221209N12315293WA010650109500000
B2130044221206N12315294WA010670109600000
B2130054221203N12315294WA010680109600000
B2130064221200N12315294WA010690109600000
B2130074221196N12315295WA010690109700000
B2130084221193N12315295WA010700109800000
B2130094221189N12315296WA010710109900000
B2130104221186N12315296WA010710110000000
B2130114221183N12315298WA010730110100000
B2130124221179N12315299WA010730110100000
B2130134221176N12315301WA010740110300000
B2130144221171N12315302WA010740110300000
F213015
B2130154221166N12315303WA010740110400000
B2130164221162N12315302WA010730110400000
B2130174221155N12315286WA010720110000000
B2130184221154N12315274WA010700109900000
B2130194221152N12315261WA010700109900000
B2130204221153N12315248WA010720109900000
B2130214221155N12315236WA010740109800000
B2130224221158N12315228WA010790109700000
B2130234221162N12315221WA010820109700000
B2130244221170N12315226WA010850109700000
B2130254221177N12315229WA010850109900000
B2130264221184N12315231WA010850110000000
B2130274221190N12315235WA010850110200000
B2130284221194N12315239WA010850110400000
B2130294221197N12315242WA010860110500000
B2130304221196N12315249WA010870110800000
B2130314221194N12315254WA010880110800000
B2130324221191N12315255WA010880111000000
B2130334221186N12315255WA010890111100000
B2130344221181N12315252WA010880111100000
B2130354221176N12315245WA010880111300000
B2130364221171N12315239WA010880111300000
B2130374221169N12315230WA010900111400000
B2130384221171N12315220WA010920111400000
B2130394221176N12315214WA010940111600000
B2130404221179N12315209WA010950111700000
B2130414221184N12315205WA010970111800000
B2130424221188N12315207WA010990112100000
B2130434221192N12315208WA011000112400000
B2130444221194N12315210WA011010112600000
B2130454221195N12315215WA011010112600000
B2130464221193N12315220WA011010112600000
B2130474221192N12315223WA011010112700000
F213048
B2130484221188N12315226WA011010112700000
B2130494221182N12315228WA011020112900000
B2130504221174N12315217WA011010112700000
B2130514221168N12315206WA011010112700000
B2130524221166N12315196WA011000112900000
B2130534221166N12315186WA010990112800000
B2130544221167N12315175WA010980112800000
B2130554221179N12315174WA010990112900000
B2130564221185N12315172WA011020113300000
B2130574221191N12315172WA011050113500000
B2130584221192N12315178WA011080113500000
B2130594221192N12315181WA011090113500000
B2131004221190N12315185WA011090113500000
B2131014221185N12315188WA011080113400000
B2131024221179N12315188WA011060113400000
B2131034221172N12315185WA011050113500000
B2131044221167N12315176WA011040113700000
B2131054221164N12315166WA011050113600000
B2131064221163N12315155WA011050113600000
B2131074221163N12315145WA011070113700000
B2131084221166N12315136WA011070113700000
B2131094221168N12315128WA011080113700000
B2131104221173N12315123WA011090114000000
B2131114221178N12315119WA011100114000000
B2131124221182N12315118WA011120114100000
B2131134221186N12315118WA011130114200000
B2131144221190N12315120WA011130114200000
B2131154221189N12315125WA011140114300000
B2131164221185N12315129WA011140114300000
B2131174221181N12315133WA011130114300000
B2131184221171N12315123WA011130114500000
B2131194221164N12315117WA011140114600000
B2131204221163N12315105WA011160115000000
B2131214221161N12315095WA011190115100000
F213122
B2131224221160N12315086WA011220115300000
B2131234221159N12315076WA011230115600000
B2131244221160N12315067WA011250115700000
B2131254221162N12315058WA011270116000000
B2131264221166N12315049WA011290116100000
B2131274221172N12315044WA011310116200000
B2131284221179N12315043WA011330116500000
B2131294221182N12315045WA011350116900000
B2131304221183N12315050WA011380117100000
B2131314221181N12315053WA011390117200000
B2131324221175N12315056WA011390117300000
B2131334221169N12315055WA011400117400000
B2131344221162N12315053WA011420117500000
B2131354221157N12315046WA011450117500000
B2131364221153N12315035WA011470117700000
B2131374221150N12315024WA011480117700000
B2131384221149N12315011WA011500117700000
B2131394221152N12314999WA011510117600000
B2131404221156N12314989WA011530117800000
B2131414221160N12314982WA011540117800000
B2131424221168N12314977WA011560117900000
B2131434221175N12314977WA011580118000000
B2131444221181N12314977WA011600118300000
B2131454221184N12314978WA011620118300000
B2131464221185N12314985WA011640118500000
B2131474221185N12314990WA011650118500000
B2131484221183N12314992WA011670118600000
B2131494221173N12314995WA011690118700000
B2131504221166N12314994WA011700118800000
B2131514221161N12314992WA011710119000000
B2131524221155N12314979WA011720119200000
B2131534221152N12314967WA011720119500000
F213154
B2131544221152N12314955WA011740119600000
B2131554221156N12314945WA011760119800000
B2131564221161N12314938WA011780120200000
B2131574221165N12314933WA011790120200000
B2131584221171N12314930WA011800120400000
B2131594221176N12314930WA011810120400000
B2132004221182N12314932WA011820120500000
B2132014221185N12314936WA011820120600000
B2132024221180N12314944WA011830121000000
B2132034221177N12314950WA011850121100000
B2132044221169N12314949WA011880121400000
B2132064221155N12314940WA011900121700000
B2132074221149N12314932WA011910121700000
B2132084221150N12314915WA011920121800000
B2132094221154N12314905WA011950122300000
B2132104221158N12314897WA011960122600000
B2132114221163N12314890WA011980122600000
B2132124221168N12314887WA011990122700000
B2132134221171N12314894WA012000122800000
B2132144221172N12314897WA012020123100000
B2132154221172N12314901WA012040123500000
B2132164221171N12314905WA012070123800000
B2132174221169N12314908WA012100124100000
B2132184221165N12314909WA012110124300000
B2132194221160N12314909WA012120124400000
B2132204221152N12314906WA012120124200000
B2132214221145N12314905WA012130124300000
B2132224221140N12314895WA012140124800000
B2132234221137N12314884WA012150124800000
B2132244221137N12314873WA012150124800000
B2132254221138N12314861WA012150124800000
B2132264221142N12314853WA012170125000000
B2132274221146N12314846WA012190125300000
F213228
B2132284221150N12314843WA012210125500000
B2132294221154N12314842WA012230125700000
B2132304221158N12314842WA012250125900000
B2132314221161N12314843WA012280126100000
B2132324221164N12314845WA012300126300000
B2132334221165N12314848WA012320126500000
B2132344221165N12314852WA012340126700000
B2132354221164N12314856WA012360126900000
B2132364221163N12314859WA012380127200000
B2132374221160N12314863WA012400127400000
B2132384221155N12314865WA012420127400000
B2132394221149N12314867WA012440127400000
B2132404221143N12314868WA012480127500000
B2132414221136N12314856WA012500127800000
B2132424221131N12314848WA012530127900000
B2132434221127N12314838WA012550128000000
B2132444221123N12314827WA012560128000000
B2132454221122N12314813WA012570128100000
B2132464221124N12314803WA012580128200000
B2132474221132N12314801WA012590128600000
B2132484221137N12314795WA012600128800000
B2132494221145N12314798WA012600129000000
B2132504221149N12314802WA012620129500000
B2132514221149N12314806WA012640129900000
B2132524221148N12314811WA012670130100000
B2132534221145N12314815WA012700130300000
B2132554221136N12314820WA012750130900000
B2132564221130N12314821WA012760130800000
B2132574221123N12314821WA012770130900000
B2132584221116N12314821WA012780130900000
F213259
B2132594221108N12314817WA012790130900000
B2133004221101N12314810WA012810130900000
B2133014221103N12314794WA012820131100000
B2133024221105N12314782WA012830131500000
B2133034221107N12314773WA012860131700000
B2133044221110N12314766WA012870131800000
B2133054221115N12314766WA012890132000000
B2133064221119N12314764WA012890132200000
B2133074221123N12314761WA012900132300000
B2133084221128N12314757WA012900132400000
B2133094221132N12314752WA012900132400000
B2133104221137N12314747WA012890132300000
B2133114221143N12314743WA012870131900000
B2133124221149N12314740WA012840131700000
B2133134221156N12314740WA012810131600000
B2133144221164N12314740WA012770131500000
B2133154221172N12314739WA012750131500000
B2133164221178N12314739WA012750131500000
B2133174221184N12314740WA012750131500000
B2133184221190N12314740WA012750131400000
B2133194221195N12314740WA012740131200000
B2133204221201N12314740WA012730131200000
B2133214221208N12314735WA012730131200000
B2133224221215N12314731WA012750131400000
B2133234221220N12314728WA012780131600000
B2133244221225N12314729WA012830131600000
B2133254221228N12314730WA012870131800000
B2133264221231N12314732WA012920132000000
B2133274221233N12314734WA012940132000000
B2133284221237N12314736WA012940132100000
F213329
B2133294221240N12314738WA012940132100000
B2133304221244N12314739WA012920132100000
B2133314221249N12314740WA012910132200000
B2133324221254N12314739WA012900132200000
B2133334221259N12314734WA012890132200000
B2133344221261N12314727WA012900132400000
B2133354221263N12314719WA012910132700000
B2133364221263N12314712WA012950133100000
B2133374221263N12314706WA012980133600000
B2133384221263N12314701WA013020133900000
B2133394221265N12314696WA013050134200000
B2133404221266N12314692WA013080134400000
B2133414221268N12314687WA013090134700000
B2133424221269N12314682WA013120135000000
B2133434221270N12314679WA013140135000000
B2133444221272N12314676WA013150135200000
B2133454221273N12314671WA013170135200000
B2133464221273N12314666WA013170135300000
B2133474221272N12314660WA013180135300000
B2133484221271N12314654WA013180135500000
B2133494221266N12314650WA013190135800000
B2133504221262N12314645WA013210136000000
B2133514221259N12314643WA013240136500000
B2133524221256N12314641WA013280137000000
B2133534221252N12314640WA013300137100000
B2133544221248N12314639WA013310137100000
B2133554221242N12314640WA013310137000000
B2133564221237N12314642WA013300137000000
B2133574221234N12314653WA013310137200000
B2133584221232N12314662WA013330137300000
F213359
B2133594221234N12314669WA013380137400000
B2134004221235N12314675WA013430137400000
B2134014221238N12314678WA013480138000000
B2134024221240N12314682WA013530138300000
B2134034221243N12314685WA013560138500000
B2134044221246N12314689WA013570138500000
B2134054221249N12314695WA013580138600000
B2134064221251N12314701WA013590138900000
B2134074221254N12314706WA013600139100000
B2134084221257N12314710WA013610139300000
B2134094221260N12314713WA013620139400000
B2134104221265N12314710WA013610139400000
B2134114221267N12314695WA013610139800000
B2134124221266N12314686WA013630140100000
B2134134221263N12314681WA013650140200000
B2134144221259N12314679WA013670140500000
B2134154221255N12314677WA013680140800000
B2134164221251N12314673WA013690140900000
B2134174221248N12314668WA013710141100000
B2134184221245N12314663WA013730141400000
B2134194221241N12314660WA013760141700000
B2134204221235N12314659WA013790142000000
B2134214221230N12314660WA013800142100000
B2134224221224N12314665WA013830142400000
B2134234221220N12314670WA013850142500000
B2134244221222N12314678WA013870142700000
B2134254221225N12314684WA013890142900000
B2134264221229N12314688WA013910143000000
B2134274221234N12314690WA013940143300000
B2134284221238N12314689WA013960143700000
F213429
B2134294221241N12314687WA013990143900000
B2134304221244N12314683WA014010144200000
B2134314221247N12314678WA014020144200000
B2134324221249N12314671WA014030144400000
B2134334221250N12314664WA014040144600000
B2134344221250N12314657WA014070144900000
B2134354221248N12314651WA014090145100000
B2134364221245N12314646WA014120145100000
B2134374221238N12314644WA014130145200000
B2134384221232N12314643WA014150145500000
B2134394221227N12314645WA014160145900000
B2134404221222N12314648WA014190146200000
B2134414221218N12314652WA014230146400000
B2134424221215N12314658WA014250146500000
B2134434221216N12314668WA014270146800000
B2134444221216N12314674WA014280146800000
B2134454221220N12314679WA014300147200000
B2134464221223N12314683WA014320147700000
B2134474221228N12314684WA014350148000000
B2134484221232N12314684WA014370148200000
B2134494221236N12314681WA014380148500000
B2134504221239N12314677WA014400148600000
B2134514221242N12314672WA014420148900000
B2134524221243N12314666WA014440149100000
B2134534221243N12314661WA014440149200000
B2134544221241N12314655WA014450149200000
B2134554221238N12314649WA014450149200000
B2134564221234N12314643WA014450149200000
B2134574221229N12314639WA014460149400000
B2134584221223N12314640WA014480149600000
B2134594221218N12314638WA014500149700000
B2135004221213N12314642WA014530149900000
F213501
B2135014221209N12314645WA014540149900000
B2135024221205N12314651WA014550149800000
B2135034221206N12314659WA014580150300000
B2135044221206N12314665WA014600150300000
B2135054221210N12314670WA014610150700000
B2135064221213N12314673WA014630150700000
B2135074221218N12314669WA014650151000000
B2135084221221N12314665WA014670151100000
B2135094221224N12314659WA014700151500000
B2135104221226N12314653WA014720151800000
B2135114221228N12314645WA014750151900000
B2135124221227N12314639WA014770152000000
B2135134221226N12314632WA014790152300000
B2135144221222N12314627WA014790152400000
B2135154221216N12314624WA014800152400000
B2135164221211N12314623WA014810152500000
B2135174221205N12314624WA014820152600000
B2135184221201N12314629WA014830152700000
B2135194221197N12314636WA014840152800000
B2135204221195N12314642WA014850153000000
B2135214221194N12314648WA014870153100000
B2135224221196N12314654WA014880153300000
B2135234221198N12314658WA014910153600000
B2135244221201N12314662WA014930153800000
B2135254221204N12314664WA014960154300000
B2135264221207N12314666WA014980154300000
B2135274221211N12314665WA015000154400000
B2135284221215N12314664WA015010154500000
B2135294221220N12314660WA015020154600000
B2135304221224N12314655WA015030154800000
B2135314221228N12314648WA015050155000000
B2135324221229N12314640WA015070155300000
F213533
B2135334221229N12314633WA015090155600000
B2135344221229N12314626WA015110155700000
B2135354221228N12314621WA015120155800000
B2135364221226N12314616WA015130155700000
B2135374221223N12314611WA015120155700000
B2135384221219N12314606WA015120155600000
B2135394221214N12314605WA015110155800000
B2135404221208N12314606WA015110155900000
B2135414221203N12314608WA015110155900000
B2135424221199N12314612WA015120155900000
B2135434221198N12314618WA015130156100000
B2135444221198N12314623WA015150156300000
B2135454221199N12314628WA015160156300000
B2135464221202N12314632WA015180156500000
B2135474221204N12314636WA015200156700000
B2135484221207N12314639WA015230156800000
B2135494221210N12314640WA015250156900000
B2135504221213N12314641WA015260157000000
B2135514221217N12314641WA015260156900000
B2135524221221N12314642WA015260156900000
B2135534221226N12314642WA015240156700000
B2135544221232N12314641WA015230156700000
B2135554221238N12314637WA015230156700000
B2135564221244N12314633WA015220156700000
B2135574221248N12314627WA015210156700000
B2135584221251N12314620WA015210156800000
B2135594221249N12314612WA015200156600000
B2136004221247N12314605WA015180156500000
B2136014221244N12314598WA015170156400000
B2136024221240N12314595WA015150156400000
B2136034221235N12314593WA015140156400000
B2136044221230N12314590WA015140156400000
B2136054221225N12314589WA015140156600000
F213606
B2136064221220N12314587WA015140156500000
B2136074221215N12314586WA015130156500000
B2136084221211N12314586WA015130156400000
B2136094221206N12314586WA015110156400000
B2136104221201N12314590WA015100156400000
B2136114221205N12314600WA015080156000000
B2136124221208N12314607WA015070156000000
B2136134221211N12314613WA015080156100000
B2136144221218N12314613WA015090156100000
B2136154221224N12314613WA015100156200000
B2136164221229N12314611WA015100156100000
B2136174221234N12314609WA015090156000000
B2136184221240N12314606WA015060155700000
B2136194221244N12314600WA015040155800000
B2136204221248N12314593WA015020155600000
B2136214221251N12314586WA015000155400000
B2136224221254N12314579WA014990155200000
B2136234221254N12314573WA014980154900000
B2136244221252N12314570WA014950154400000
B2136254221248N12314567WA014890153500000
B2136264221240N12314565WA014810152500000
B2136274221230N12314567WA014690151600000
B2136284221219N12314570WA014630151400000
B2136294221209N12314570WA014580151500000
B2136304221200N12314571WA014610151700000
B2136314221195N12314570WA014680152300000
B2136324221190N12314570WA014750152400000
B2136334221186N12314571WA014780152300000
B2136344221180N12314572WA014780152200000
B2136354221174N12314572WA014770152100000
F213636
B2136364221167N12314572WA014740151800000
B2136374221160N12314570WA014720151600000
B2136384221152N12314570WA014690151600000
B2136394221144N12314569WA014680151600000
B2136404221136N12314569WA014670151700000
B2136414221128N12314569WA014690151900000
B2136464221097N12314564WA014800152600000
B2136514221066N12314574WA014860153400000
B2136564221058N12314600WA014940154300000
B2137014221070N12314592WA015060155700000
B2137064221047N12314561WA015100155700000
F213708
B2137084221034N12314565WA015130156300000
B2137094221028N12314569WA015160156500000
B2137104221025N12314576WA015170156500000
B2137114221024N12314583WA015190156700000
B2137124221023N12314589WA015210157000000
B2137134221024N12314594WA015240157300000
B2137144221026N12314597WA015270157600000
B2137154221030N12314597WA015290157900000
B2137164221033N12314595WA015310158000000
B2137174221036N12314590WA015330158200000
B2137184221037N12314584WA015350158500000
B2137194221037N12314578WA015360158600000
B2137204221035N12314570WA015370158600000
B2137214221032N12314563WA015380158600000
B2137224221028N12314555WA015370158600000
B2137234221021N12314549WA015370158600000
B2137244221013N12314546WA015370158700000
B2137254221006N12314546WA015380158700000
B2137264220999N12314548WA015380158700000
B2137274220993N12314556WA015380159000000
B2137284220988N12314561WA015390159000000
B2137294220984N12314566WA015410159100000
B2137304220984N12314571WA015420159000000
B2137314220985N12314577WA015440159100000
B2137324220987N12314581WA015450159000000
B2137334220991N12314584WA015450159100000
B2137344220995N12314585WA015460159200000
B2137354220999N12314586WA015480159400000
B2137364221002N12314585WA015500159400000
B2137374221004N12314585WA015530159600000
B2137384221006N12314585WA015540159700000
B2137394221009N12314586WA015560159900000
B2137404221013N12314585WA015570160100000
F213741
B2137414221016N12314581WA015580160200000
B2137424221018N12314575WA015600160500000
B2137434221019N12314568WA015610160500000
B2137444221018N12314557WA015620160600000
B2137454221011N12314551WA015620160700000
B2137464221004N12314545WA015630160900000
B2137474220998N12314541WA015630161000000
B2137484220991N12314542WA015640160900000
B2137494220983N12314545WA015640161100000
B2137504220977N12314549WA015640161100000
B2137514220971N12314555WA015650161200000
B2137524220969N12314561WA015660161400000
B2137544220968N12314573WA015660161400000
B2137554220970N12314577WA015660161300000
B2137564220973N12314580WA015660161600000
B2137574220976N12314583WA015670161800000
B2137584220979N12314583WA015700162200000
B2137594220981N12314583WA015730162400000
B2138004220983N12314581WA015750162500000
B2138014220984N12314577WA015750162400000
B2138024220987N12314572WA015740162400000
B2138034220991N12314566WA015730162300000
B2138044220994N12314560WA015710162300000
B2138054220997N12314554WA015720162500000
B2138064221000N12314548WA015720162500000
B2138074221003N12314543WA015730162500000
B2138084221005N12314537WA015720162500000
B2138094221008N12314530WA015700162100000
B2138104221012N12314522WA015680161900000
B2138114221017N12314513WA015660161800000
B2138124221021N12314503WA015650162000000
B2138134221024N12314494WA015660162200000
B2138144221027N12314486WA015680162300000
F213815
B2138154221029N12314479WA015690162300000
B2138164221030N12314471WA015690162200000
B2138174221033N12314463WA015670162300000
B2138184221038N12314454WA015630162200000
B2138194221041N12314444WA015590162200000
B2138204221044N12314432WA015550162000000
B2138214221049N12314422WA015520161700000
B2138224221054N12314412WA015500161500000
B2138234221058N12314404WA015490161300000
B2138244221062N12314397WA015480161200000
B2138254221066N12314389WA015450161100000
B2138304221084N12314339WA015390161000000
B2138354221082N12314310WA015520161300000
B2138404221089N12314285WA015640162300000
B2138454221096N12314247WA015460161100000
F213850
B2138504221121N12314208WA015400160800000
B2138554221139N12314165WA015370159900000
B2139004221153N12314119WA015270158500000
B2139054221164N12314061WA015180157600000
B2139104221170N12314021WA015360158500000
B2139154221175N12313980WA015280158200000
F213920
B2139204221181N12313925WA015350159100000
B2139254221182N12313873WA015310158400000
B2139304221180N12313815WA015370158900000
B2139354221169N12313774WA015510160100000
B2139404221162N12313739WA015550160500000
B2139454221159N12313702WA015550160600000
B2139504221159N12313658WA015580160900000
B2139554221166N12313619WA015570160900000
B2140004221168N12313585WA015530160800000
F214005
B2140054221172N12313538WA015410159800000
B2140104221174N12313502WA015400159400000
B2140154221175N12313457WA015310158800000
B2140204221178N12313421WA015260157900000
B2140254221181N12313377WA015190157500000
B2140304221183N12313332WA015120157000000
B2140354221191N12313285WA015000155800000
B2140404221198N12313234WA014840153800000
B2140454221202N12313180WA014710152500000
B2140504221208N12313127WA014580151000000
B2140554221217N12313079WA014520150300000
B2141004221220N12313026WA014440149400000
B2141054221224N12312990WA014630151000000
B2141104221224N12312947WA014610151000000
B2141154221223N12312902WA014600151000000
F214120
B2141204221223N12312862WA014700151900000
B2141254221237N12312834WA014810153300000
B2141304221249N12312814WA014920154000000
B2141354221262N12312798WA015000154700000
B2141404221273N12312773WA015010155000000
B2141454221284N12312746WA015040155200000
B2141504221292N12312722WA015080155400000
B2141554221302N12312681WA015020155100000
B2142004221309N12312644WA015180156700000
F214205
B2142054221297N12312626WA015260157600000
B2142104221275N12312638WA015360158800000
B2142154221276N12312676WA015390159700000
B2142184221287N12312669WA015510160100000
B2142194221288N12312663WA015540160200000
B2142204221286N12312655WA015570160500000
B2142214221284N12312649WA015600160600000
B2142224221279N12312647WA015630160700000
B2142234221273N12312649WA015660161100000
B2142244221267N12312651WA015670161300000
B2142254221262N12312660WA015680161400000
B2142264221259N12312668WA015680161200000
B2142274221261N12312679WA015680161400000
B2142284221263N12312687WA015690161700000
B2142294221266N12312695WA015720162400000
B2142304221269N12312702WA015780163000000
B2142314221270N12312708WA015820163400000
B2142324221270N12312713WA015870163600000
B2142334221271N12312717WA015900163700000
B2142344221272N12312720WA015910163600000
F214235
B2142354221276N12312721WA015900163500000
B2142374221286N12312712WA015850163500000
B2142384221289N12312705WA015850163500000
B2142394221284N12312694WA015880163600000
B2142404221279N12312687WA015920163600000
B2142414221272N12312681WA015990163800000
B2142424221269N12312679WA016040164000000
B2142434221264N12312683WA016080164500000
B2142444221258N12312684WA016090164600000
B2142454221252N12312684WA016100164700000
B2142464221245N12312683WA016100165000000
B2142474221239N12312685WA016110165300000
B2142484221233N12312690WA016130165400000
B2142494221227N12312695WA016140165700000
B2142504221222N12312703WA016160165900000
B2142514221222N12312715WA016180166200000
B2142524221219N12312722WA016210166400000
B2142534221217N12312729WA016240166700000
B2142544221214N12312737WA016270167000000
B2142554221213N12312746WA016300167300000
B2142564221212N12312754WA016340167500000
B2142574221211N12312763WA016380168100000
B2142584221211N12312771WA016420168500000
B2142594221210N12312780WA016460168800000
B2143004221209N12312788WA016490168900000
B2143014221207N12312796WA016510169200000
B2143024221207N12312805WA016530169700000
B2143034221206N12312812WA016540169900000
B2143044221205N12312819WA016550170300000
B2143054221205N12312827WA016560170400000
B2143064221206N12312834WA016560170400000
B2143074221207N12312842WA016550170400000
B2143084221210N12312851WA016540170400000
B2143094221213N12312859WA016540170400000
B2143104221215N12312867WA016540170600000
B2143114221218N12312875WA016550170700000
F214312
B2143124221221N12312882WA016560170800000
B2143134221223N12312889WA016590171300000
B2143144221225N12312896WA016630171800000
B2143154221226N12312902WA016680172200000
B2143174221229N12312912WA016740172700000
B2143184221230N12312919WA016770172800000
B2143194221231N12312928WA016780173100000
B2143204221232N12312935WA016810173400000
B2143254221238N12312963WA016990175200000
B2143304221209N12312959WA016970175500000
B2143354221199N12312927WA017220176300000
B2143404221195N12312900WA017310177700000
F214345
B2143454221192N12312865WA017400178900000
B2143514221179N12312826WA017410179700000
B2143564221162N12312786WA017430180200000
B2144014221139N12312750WA017500180700000
B2144064221127N12312721WA017690181600000
B2144114221115N12312699WA017770182700000
B2144164221104N12312668WA017820183600000
F214421
B2144214221099N12312636WA017830183800000
B2144264221092N12312593WA017810184100000
B2144314221087N12312553WA017880185000000
B2144364221078N12312520WA017990185800000
B2144414221070N12312487WA018120186900000
B2144464221063N12312442WA018190188000000
B2144514221054N12312410WA018330189200000
F214456
B2144564221039N12312371WA018420190400000
B2145014221026N12312335WA018530191300000
B2145064221013N12312294WA018550191700000
B2145114220996N12312252WA018590192500000
B2145164220981N12312215WA018730193900000
B2145214220970N12312176WA018780193800000
B2145264220957N12312133WA018690193300000
B2145314220938N12312090WA018620193100000
F214536
B2145364220925N12312055WA018620193000000
B2145414220908N12312010WA018550192800000
B2145464220895N12311970WA018550192500000
B2145514220888N12311920WA018590192900000
B2145564220882N12311886WA018590192800000
B2146014220870N12311848WA018670193700000
B2146064220852N12311820WA018630193500000
B2146114220820N12311796WA018550193000000
B2146164220791N12311772WA018470192600000
F214621
B2146214220763N12311752WA018400192200000
B2146264220729N12311720WA018290191700000
B2146314220701N12311694WA018270191100000
B2146364220674N12311661WA018120190400000
B2146414220645N12311632WA018060189600000
B2146464220616N12311598WA017980188500000
B2146514220587N12311564WA017810187700000
F214656
B2146564220570N12311524WA017770186200000
B2147014220544N12311471WA017700184800000
B2147064220528N12311441WA017740184500000
B2147114220498N12311421WA017660184000000
B2147164220472N12311406WA017740183900000
B2147214220443N12311388WA017640183700000
B2147264220411N12311370WA017590182800000
F214731
B2147314220379N12311346WA017580182600000
B2147364220352N12311322WA017510182300000
B2147414220325N12311289WA017470181700000
B2147464220299N12311254WA017360180700000
B2147514220263N12311234WA017310180100000
B2147564220228N12311220WA017380180400000
F214801
B2148014220197N12311206WA017310179900000
B2148064220162N12311192WA017270179400000
B2148114220123N12311175WA017130178100000
B2148164220092N12311154WA017170177900000
B2148214220061N12311123WA017050177200000
B2148264220036N12311089WA016990176700000
F214831
B2148314220007N12311052WA016810175700000
B2148364219976N12311014WA016770175000000
B2148414219954N12310997WA016970175400000
B2148464219935N12310981WA017040176000000
B2148514219918N12310971WA017130177100000
B2148564219901N12310964WA017280179000000
B2149014219885N12310955WA017420180200000
B2149064219885N12310992WA017470180300000
F214911
B2149114219906N12310970WA017630181000000
B2149164219898N12310940WA017730181800000
B2149174219892N12310947WA017750182200000
B2149184219888N12310952WA017770182700000
B2149194219885N12310957WA017790182900000
B2149204219884N12310963WA017820183000000
B2149214219883N12310970WA017850183100000
B2149224219885N12310977WA017880183700000
B2149234219887N12310984WA017930183800000
B2149244219890N12310990WA017950184100000
B2149254219895N12310993WA017960184300000
B2149264219901N12310993WA017970184800000
B2149274219906N12310992WA017980185300000
B2149284219910N12310988WA017990185300000
B2149294219911N12310976WA018010185500000
B2149304219913N12310969WA018020185600000
B2149314219913N12310962WA018050185800000
B2149324219912N12310958WA018080186200000
B2149334219909N12310955WA018100186300000
B2149344219905N12310952WA018130186400000
B2149354219901N12310952WA018150187000000
B2149364219897N12310952WA018180187300000
B2149374219893N12310952WA018200187700000
B2149384219889N12310952WA018220188100000
B2149394219886N12310953WA018240188400000
B2149404219881N12310954WA018260188700000
F214941
B2149414219877N12310954WA018280188900000
B2149424219873N12310954WA018290189000000
B2149434219869N12310953WA018300189200000
B2149444219865N12310953WA018310189400000
B2149454219861N12310955WA018320189600000
B2149464219857N12310957WA018340189700000
B2149474219853N12310959WA018350189900000
B2149484219849N12310961WA018370190100000
B2149494219845N12310963WA018380190400000
B2149504219841N12310966WA018410190700000
B2149514219837N12310969WA018430190900000
B2149524219833N12310973WA018460191200000
B2149534219829N12310977WA018480191300000
B2149544219826N12310983WA018490191400000
B2149554219824N12310991WA018510191700000
B2149564219822N12310997WA018530191700000
B2149574219823N12311004WA018550191800000
B2149584219825N12311011WA018560191900000
B2149594219828N12311017WA018580191900000
B2150004219832N12311023WA018590192300000
B2150014219837N12311027WA018610192400000
B2150024219841N12311030WA018640192600000
B2150034219848N12311023WA018660193000000
B2150044219854N12311021WA018690193100000
B2150054219858N12311018WA018710193100000
B2150064219855N12311007WA018740193100000
B2150074219856N12311000WA018770193100000
B2150084219854N12310998WA018790193200000
B2150094219847N12310998WA018810193700000
B2150104219843N12310996WA018830193900000
F215011
B2150114219839N12310995WA018850194300000
B2150124219835N12310996WA018860194500000
B2150134219830N12311000WA018870194600000
B2150144219826N12311004WA018880194800000
B2150154219823N12311011WA018890195000000
B2150164219820N12311017WA018910195200000
B2150174219819N12311025WA018920195100000
B2150184219820N12311032WA018950195400000
B2150194219821N12311039WA018970195700000
B2150204219825N12311045WA018990196100000
B2150214219828N12311049WA019000196100000
B2150224219833N12311053WA018990196000000
B2150234219838N12311055WA018990195800000
B2150244219843N12311057WA018990196200000
B2150254219849N12311057WA019000196300000
B2150264219855N12311057WA019030196500000
B2150274219859N12311053WA019070196900000
B2150284219863N12311050WA019100197000000
B2150294219862N12311044WA019130197000000
B2150304219862N12311039WA019150197200000
B2150314219861N12311034WA019170197500000
B2150324219860N12311030WA019190197900000
B2150334219858N12311028WA019200198100000
B2150344219855N12311026WA019220198500000
B2150354219851N12311025WA019230198700000
B2150364219846N12311023WA019230198900000
B2150374219841N12311020WA019230198900000
B2150384219837N12311017WA019230198900000
B2150394219833N12311012WA019240199000000
B2150404219828N12311008WA019260199200000
B2150414219824N12311003WA019290199200000
F215042
B2150424219820N12310998WA019320199200000
B2150434219815N12310995WA019340199400000
B2150444219811N12310992WA019350199500000
B2150454219806N12310987WA019350199500000
B2150464219801N12310981WA019340199500000
B2150474219795N12310978WA019340199700000
B2150484219793N12310974WA019360199900000
B2150534219774N12310952WA019510201100000
B2150584219751N12310926WA019540201900000
B2151034219728N12310893WA019560202400000
B2151084219705N12310869WA019520202600000
B2151134219670N12310831WA019520202800000
F215118
B2151184219645N12310807WA019530202600000
B2151234219611N12310767WA019460202400000
B2151284219582N12310727WA019490202400000
B2151334219554N12310692WA019480202500000
B2151384219520N12310659WA019430202100000
B2151434219487N12310623WA019360202000000
F215148
B2151484219450N12310586WA019250201300000
B2151534219423N12310554WA019210200500000
B2151584219390N12310515WA019040199100000
B2152034219354N12310470WA019000198900000
B2152084219325N12310425WA018890198700000
B2152134219289N12310380WA018820197800000
F215218
B2152184219263N12310334WA018810197200000
B2152234219237N12310300WA018760196100000
B2152284219208N12310258WA018550195200000
B2152334219166N12310209WA018410194300000
B2152384219140N12310176WA018710193800000
B2152434219136N12310148WA018790194500000
F215248
B2152484219144N12310176WA018990195700000
B2152534219109N12310151WA019090196400000
B2152574219132N12310143WA019290197400000
B2152584219135N12310146WA019330197800000
B2152594219140N12310150WA019360197900000
B2153004219144N12310158WA019380198200000
B2153014219144N12310164WA019410198700000
B2153024219137N12310172WA019450198900000
B2153034219129N12310180WA019460199400000
B2153044219124N12310185WA019470199500000
B2153054219115N12310183WA019490199600000
B2153064219113N12310174WA019510199700000
B2153074219114N12310159WA019540200500000
B2153084219118N12310153WA019570201200000
B2153094219121N12310150WA019620201700000
B2153104219128N12310150WA019680202000000
B2153114219134N12310154WA019700202000000
B2153124219136N12310163WA019710202000000
B2153134219137N12310170WA019730202100000
B2153144219125N12310178WA019760203000000
B2153154219118N12310182WA019790203500000
B2153164219112N12310183WA019810203800000
B2153174219106N12310181WA019830204200000
B2153184219101N12310177WA019850204500000
B2153194219098N12310171WA019880205200000
F215320
B2153204219096N12310167WA019920205800000
B2153214219095N12310162WA019960206300000
B2153224219096N12310158WA020000206500000
B2153234219097N12310152WA020030206800000
B2153244219099N12310147WA020050207000000
B2153254219101N12310141WA020070207000000
B2153264219104N12310139WA020110207100000
B2153274219107N12310138WA020140207200000
B2153284219113N12310151WA020160207600000
B2153294219117N12310158WA020200208000000
B2153304219119N12310165WA020240208800000
B2153314219119N12310174WA020260209200000
B2153324219116N12310181WA020270209300000
B2153334219111N12310186WA020270209400000
B2153344219105N12310190WA020270209400000
B2153354219098N12310185WA020280209800000
B2153364219093N12310181WA020300210100000
B2153374219089N12310176WA020340210700000
B2153384219085N12310171WA020370211000000
B2153394219082N12310167WA020410211400000
B2153414219077N12310158WA020450211700000
B2153424219075N12310151WA020460211600000
B2153434219073N12310144WA020480211600000
B2153444219071N12310137WA020500211800000
B2153454219068N12310133WA020520211900000
B2153464219064N12310126WA020530212000000
B2153474219062N12310120WA020540212000000
B2153484219063N12310116WA020550212000000
B2153494219066N12310111WA020550212200000
F215350
B2153504219069N12310106WA020550212200000
B2153514219072N12310100WA020550212300000
B2153524219077N12310098WA020560212500000
B2153534219085N12310103WA020580212900000
B2153544219089N12310108WA020600213400000
B2153554219091N12310114WA020630213600000
B2153564219091N12310120WA020650213800000
B2153574219090N12310127WA020660213800000
B2153584219087N12310135WA020670214000000
B2153594219083N12310140WA020680214200000
B2154004219076N12310143WA020690214400000
B2154014219069N12310143WA020690214300000
B2154024219063N12310139WA020700214500000
B2154034219057N12310133WA020710214600000
B2154044219053N12310128WA020720214800000
B2154054219048N12310123WA020730215000000
B2154064219042N12310119WA020730215000000
B2154074219036N12310114WA020730215000000
B2154084219030N12310110WA020730215000000
B2154094219025N12310106WA020710214900000
B2154104219021N12310101WA020680214800000
B2154114219014N12310095WA020640214800000
B2154124219008N12310088WA020590214800000
B2154134219001N12310079WA020520214500000
B2154144218992N12310072WA020470214500000
B2154154218984N12310063WA020440214300000
B2154164218977N12310055WA020400214100000
B2154174218971N12310045WA020370213400000
B2154224218939N12309996WA020260211900000
B2154274218906N12309956WA020210210800000
F215432
B2154324218877N12309914WA020020208500000
B2154374218853N12309871WA019970208000000
B2154424218829N12309835WA019950207500000
B2154474218808N12309794WA019930207100000
B2154524218784N12309753WA019860207600000
B2154574218764N12309713WA019810207000000
B2155024218741N12309669WA019750206300000
B2155074218718N12309628WA019700206300000
B2155124218695N12309586WA019640205500000
B2155174218672N12309545WA019600205100000
B2155224218651N12309503WA019550204200000
B2155274218630N12309463WA019490203200000
F215532
B2155324218607N12309426WA019410202500000
B2155374218585N12309388WA019350202000000
B2155424218566N12309347WA019300201200000
B2155484218541N12309300WA019250200900000
B2155534218522N12309266WA019140199900000
B2155584218497N12309231WA019070199400000
F215603
B2156034218475N12309191WA019000198700000
B2156084218452N12309147WA018960198200000
B2156134218426N12309098WA018940197600000
B2156184218400N12309062WA019000197600000
B2156234218379N12309023WA018980197100000
B2156284218356N12308991WA019010197200000
B2156334218329N12308956WA018980197000000
F215638
B2156384218304N12308923WA018970196600000
B2156434218277N12308883WA019030197300000
B2156484218253N12308846WA019030197300000
B2156534218229N12308807WA019060197600000
B2156584218205N12308763WA019040197800000
B2157034218181N12308723WA019110198100000
B2157084218160N12308674WA019140198600000
B2157134218140N12308634WA019230199300000
B2157184218129N12308604WA019270199400000
B2157234218109N12308564WA019120198900000
B2157284218087N12308517WA018970197800000
B2157334218067N12308465WA018970197700000
F215738
B2157384218049N12308414WA018940197300000
B2157434218030N12308364WA018930196900000
B2157484218011N12308319WA019000197700000
B2157534217997N12308282WA019040197800000
B2157584217981N12308246WA019070198100000
B2158034217960N12308207WA019030197700000
B2158084217939N12308164WA019010197300000
B2158134217918N12308117WA019020197400000
F215818
B2158184217899N12308072WA019040197600000
B2158234217877N12308023WA019070198100000
B2158284217858N12307979WA019140198600000
B2158334217836N12307934WA019160198800000
B2158384217818N12307892WA019000196700000
B2158434217797N12307826WA018880196000000
F215848
B2158484217780N12307776WA018820195300000
B2158534217766N12307728WA018730194900000
B2158584217747N12307678WA018550193300000
B2159034217729N12307631WA018510192600000
B2159084217710N12307585WA018350190900000
B2159134217694N12307536WA018220189400000
B2159184217677N12307484WA018050187700000
B2159234217661N12307430WA017930186700000
B2159284217646N12307385WA017930186400000
B2159334217629N12307335WA017820185600000
F215938
B2159384217609N12307277WA017820185600000
B2159434217589N12307232WA017830185700000
B2159484217571N12307184WA017800185100000
B2159534217550N12307135WA017840185500000
B2159584217531N12307094WA017890185900000
B2200034217517N12307069WA017970186500000
B2200084217501N12307039WA018070186900000
B2200134217486N12307007WA018160187700000
B2200184217470N12306974WA018280189400000
B2200234217462N12306942WA018460190600000
B2200284217480N12306956WA018560191900000
B2200334217451N12306955WA018710193100000
B2200384217453N12306922WA018820194000000
B2200394217458N12306918WA018840194200000
B2200404217462N12306916WA018860194300000
B2200414217466N12306927WA018880194400000
B2200424217469N12306932WA018900194500000
B2200434217467N12306939WA018930194700000
B2200444217461N12306945WA018960195300000
F220045
B2200454217456N12306947WA018980195800000
B2200464217450N12306947WA019020196000000
B2200474217444N12306945WA019030196300000
B2200484217439N12306941WA019040196600000
B2200494217435N12306935WA019060196900000
B2200504217432N12306929WA019080197300000
B2200514217429N12306923WA019100197500000
B2200524217429N12306916WA019120197600000
B2200534217430N12306909WA019120197500000
B2200544217432N12306904WA019140197500000
B2200554217439N12306906WA019150197700000
B2200564217443N12306909WA019160198000000
B2200574217447N12306914WA019180197900000
B2200584217448N12306921WA019210198400000
B2200594217448N12306927WA019240198700000
B2201004217445N12306932WA019260199000000
B2201014217442N12306936WA019280199000000
B2201024217435N12306938WA019290199100000
B2201034217428N12306941WA019290199100000
B2201044217422N12306941WA019300199300000
B2201054217417N12306937WA019320199700000
B2201064217412N12306921WA019350199700000
B2201074217412N12306914WA019370199800000
B2201084217418N12306909WA019390200300000
B2201094217421N12306903WA019400200500000
B2201104217423N12306900WA019410200600000
B2201114217429N12306901WA019430200800000
B2201124217434N12306903WA019440201100000
B2201134217438N12306906WA019450201400000
B2201144217441N12306910WA019470201600000
F220115
B2201154217442N12306916WA019490201700000
B2201164217439N12306923WA019510201800000
B2201174217435N12306928WA019520201900000
B2201184217429N12306932WA019540202100000
B2201194217424N12306934WA019550202400000
B2201204217418N12306934WA019570202500000
B2201214217413N12306932WA019590202800000
B2201224217407N12306928WA019610202900000
B2201234217402N12306923WA019610203100000
B2201244217398N12306918WA019630203200000
B2201254217395N12306913WA019630203200000
B2201264217394N12306907WA019630203100000
B2201274217394N12306900WA019630203100000
B2201284217393N12306891WA019620203200000
B2201294217392N12306883WA019620203300000
B2201304217390N12306875WA019630203500000
B2201314217387N12306865WA019650203600000
B2201324217384N12306858WA019660203900000
B2201334217382N12306850WA019670204000000
B2201344217380N12306842WA019680203900000
B2201354217378N12306835WA019690204000000
B2201364217376N12306827WA019680203900000
B2201374217374N12306818WA019680203800000
B2201384217372N12306809WA019680203900000
B2201394217369N12306800WA019680203800000
B2201404217369N12306791WA019680203700000
B2201454217369N12306744WA019710204200000
B2201504217369N12306700WA019840205000000
B2201554217366N12306667WA019990205900000
B2202004217359N12306636WA020200207600000
F220205
B2202054217344N12306657WA020310209100000
B2202104217368N12306656WA020500210900000
B2202144217358N12306621WA020630212600000
B2202154217354N12306618WA020660212800000
B2202164217349N12306620WA020680213200000
B2202174217345N12306623WA020700213400000
B2202184217342N12306629WA020710213700000
B2202194217339N12306635WA020730213800000
B2202204217338N12306641WA020760214000000
B2202214217339N12306646WA020790214300000
B2202224217340N12306652WA020820214600000
B2202234217343N12306656WA020850214900000
B2202244217346N12306659WA020870215200000
B2202254217350N12306661WA020900215400000
B2202264217354N12306661WA020920215700000
B2202274217359N12306659WA020940216100000
B2202284217364N12306656WA020960216300000
B2202294217365N12306649WA020980216700000
B2202304217366N12306642WA021010217100000
B2202314217367N12306635WA021030217400000
B2202324217365N12306628WA021060217800000
B2202334217362N12306622WA021090218200000
B2202344217359N12306616WA021130218400000
B2202354217353N12306612WA021150218700000
B2202364217347N12306612WA021160218800000
B2202374217342N12306615WA021190219000000
B2202384217337N12306621WA021200219200000
B2202394217335N12306628WA021220219400000
B2202404217336N12306636WA021240219600000
B2202414217338N12306643WA021260219700000
F220242
B2202424217343N12306645WA021280220200000
B2202434217348N12306645WA021310220500000
B2202444217353N12306642WA021330220900000
B2202454217357N12306637WA021350221200000
B2202464217360N12306631WA021370221600000
B2202474217361N12306624WA021410222000000
B2202484217362N12306618WA021440222200000
B2202494217360N12306612WA021470222500000
B2202504217358N12306606WA021490222700000
B2202514217354N12306600WA021510222800000
B2202524217350N12306596WA021520222800000
B2202534217344N12306592WA021540222900000
B2202554217338N12306580WA021560223000000
B2202564217338N12306572WA021570222900000
B2202574217338N12306563WA021560223100000
B2202584217335N12306553WA021560223100000
B2202594217334N12306546WA021560223200000
B2203004217331N12306537WA021570223400000
B2203014217330N12306528WA021570223400000
B2203024217329N12306518WA021570223500000
B2203034217327N12306509WA021570223600000
B2203044217326N12306500WA021570223600000
B2203054217324N12306489WA021550223500000
B2203064217323N12306478WA021540223300000
B2203074217322N12306467WA021520223400000
B2203084217321N12306454WA021520223400000
B2203134217315N12306396WA021570223700000
B2203184217308N12306345WA021560223800000
B2203234217306N12306296WA021540223800000
F220328
B2203284217301N12306259WA021500223100000
B2203334217312N12306219WA021380222400000
B2203384217338N12306178WA021310221700000
B2203434217361N12306134WA021260221400000
B2203484217383N12306083WA021240221200000
B2203534217398N12306039WA021410222500000
B2203584217417N12305992WA021410222200000
B2204034217437N12305957WA021470222500000
B2204084217460N12305918WA021480223000000
B2204134217480N12305875WA021510223500000
B2204184217504N12305826WA021450222800000
F220423
B2204234217532N12305777WA021470223100000
B2204284217561N12305731WA021410222300000
B2204334217589N12305691WA021400222100000
B2204384217622N12305652WA021310221500000
B2204434217651N12305615WA021300221200000
B2204484217683N12305579WA021240220700000
B2204534217712N12305546WA021160219800000
F220458
B2204584217742N12305508WA021080219200000
B2205034217771N12305467WA021080219000000
B2205084217802N12305428WA021120219200000
B2205134217827N12305396WA021120219300000
B2205184217859N12305356WA021010218500000
B2205234217892N12305325WA020950217600000
B2205284217923N12305290WA020870216300000
B2205334217957N12305254WA020750215300000
B2205384217990N12305219WA020660214500000
F220543
B2205434218026N12305178WA020540213500000
B2205484218064N12305140WA020440212200000
B2205534218098N12305106WA020350211400000
B2205584218134N12305065WA020190209900000
B2206034218166N12305027WA020130209200000
B2206084218202N12304987WA020000207800000
B2206134218239N12304949WA019900206900000
B2206184218275N12304921WA019840206200000
F220623
B2206234218307N12304893WA019780205600000
B2206284218333N12304858WA019680204600000
B2206334218366N12304825WA019640204300000
B2206384218395N12304797WA019680204500000
B2206434218420N12304768WA019650204100000
B2206484218443N12304735WA019600203700000
B2206534218470N12304706WA019570203600000
F220658
B2206584218493N12304665WA019560202900000
B2207034218511N12304631WA019650203700000
B2207084218528N12304594WA019630203700000
B2207134218545N12304561WA019610203500000
B2207184218561N12304533WA019590203100000
B2207234218581N12304494WA019510202500000
B2207284218598N12304452WA019440202300000
B2207334218615N12304408WA019370201600000
F220738
B2207384218633N12304362WA019280200800000
B2207434218652N12304316WA019240200200000
B2207484218669N12304269WA019200199900000
B2207534218685N12304223WA019160199400000
B2207584218701N12304179WA019130198900000
B2208034218718N12304136WA019100198700000
B2208084218732N12304098WA019050198100000
B2208134218750N12304060WA018980197400000
F220818
B2208184218763N12304020WA018950197400000
B2208234218779N12303980WA018930197000000
B2208284218796N12303943WA018910196900000
B2208334218812N12303908WA018810195700000
B2208384218833N12303869WA018690194400000
B2208434218849N12303829WA018560193600000
B2208484218865N12303788WA018420192500000
F220853
B2208534218885N12303740WA018300191100000
B2208584218902N12303695WA018230189800000
B2209034218921N12303646WA018110188700000
B2209084218935N12303597WA018050188200000
B2209134218945N12303552WA017930186600000
B2209184218957N12303509WA017800185300000
F220923
B2209234218966N12303461WA017680183900000
B2209284218968N12303412WA017610183200000
B2209334218970N12303362WA017490182100000
B2209384218973N12303306WA017410181200000
B2209434218971N12303248WA017370180900000
B2209484218960N12303216WA017530181000000
B2209534218950N12303173WA017560181700000
B2209584218944N12303139WA017630182200000
B2210034218936N12303100WA017690182900000
F221008
B2210084218908N12303076WA017760183200000
B2210134218913N12303098WA017830184400000
B2210184218915N12303062WA017980185200000
B2210224218889N12303050WA018050185600000
B2210234218882N12303053WA018070185600000
B2210244218877N12303055WA018090185800000
B2210254218879N12303064WA018110185900000
B2210264218881N12303069WA018120186000000
B2210274218883N12303073WA018130186100000
B2210284218887N12303075WA018140186200000
B2210294218889N12303075WA018150186500000
B2210304218894N12303070WA018170186900000
B2210314218897N12303067WA018200187500000
B2210324218900N12303063WA018230187800000
B2210334218901N12303057WA018250188100000
B2210344218902N12303050WA018270188300000
B2210354218902N12303041WA018280188400000
B2210364218901N12303031WA018290188500000
B2210374218899N12303024WA018310188500000
B2210384218891N12303017WA018340188400000
F221039
B2210394218884N12303014WA018380188500000
B2210404218878N12303011WA018420188700000
B2210414218871N12303015WA018450189400000
B2210424218866N12303019WA018490190100000
B2210434218864N12303025WA018520190700000
B2210444218863N12303031WA018550191000000
B2210454218865N12303036WA018580191100000
B2210464218869N12303041WA018600191400000
B2210474218873N12303044WA018630192000000
B2210484218877N12303043WA018670192500000
B2210494218881N12303041WA018700192900000
B2210504218884N12303037WA018740193500000
B2210514218885N12303031WA018760193700000
B2210524218887N12303025WA018790194000000
B2210534218887N12303018WA018800194100000
B2210544218887N12303009WA018810194300000
B2210554218887N12303000WA018830194400000
B2210564218884N12302990WA018840194300000
B2210574218879N12302984WA018870194500000
B2210584218873N12302979WA018900194600000
B2210594218867N12302976WA018940194800000
B2211004218861N12302974WA018980194900000
B2211024218852N12302980WA019050196000000
B2211034218848N12302984WA019080196000000
B2211044218845N12302988WA019090196200000
B2211054218849N12302993WA019100196400000
B2211064218854N12302998WA019110196500000
B2211074218859N12303001WA019140196900000
B2211084218863N12303002WA019180197300000
F221109
B2211094218866N12303003WA019230197800000
B2211114218873N12303003WA019300198500000
B2211124218876N12303000WA019320198900000
B2211134218880N12302995WA019330199100000
B2211144218883N12302988WA019340199200000
B2211154218885N12302977WA019370199200000
B2211164218881N12302966WA019390199200000
B2211174218874N12302959WA019410199800000
B2211184218870N12302954WA019460200200000
B2211194218864N12302950WA019490200700000
B2211204218859N12302949WA019530201000000
B2211214218854N12302950WA019560201300000
B2211224218850N12302954WA019590201600000
B2211234218847N12302960WA019620201900000
B2211244218846N12302965WA019640202000000
B2211254218848N12302971WA019670202100000
B2211264218853N12302974WA019700202500000
B2211274218855N12302976WA019720202800000
B2211284218859N12302979WA019750203100000
B2211294218863N12302983WA019780203400000
B2211304218866N12302987WA019800203500000
B2211314218868N12302990WA019840204000000
B2211324218872N12302992WA019870204400000
B2211334218875N12302990WA019890204500000
B2211344218879N12302985WA019900204900000
B2211354218882N12302978WA019910205100000
B2211364218885N12302970WA019920205200000
B2211374218886N12302960WA019940205300000
B2211384218886N12302950WA019960205300000
B2211394218885N12302942WA019980205400000
B2211404218881N12302936WA020010205600000
F221141
B2211414218873N12302933WA020050205700000
B2211424218867N12302933WA020080206300000
B2211434218861N12302933WA020110206600000
B2211444218856N12302934WA020150206800000
B2211454218853N12302939WA020180207300000
B2211464218850N12302944WA020210207900000
B2211474218852N12302951WA020230208000000
B2211484218854N12302957WA020240208200000
B2211494218856N12302963WA020270208300000
B2211504218861N12302965WA020290208900000
B2211514218865N12302966WA020330209300000
B2211524218869N12302966WA020350209600000
B2211534218875N12302963WA020380209800000
B2211544218878N12302958WA020400210200000
B2211554218882N12302950WA020430210500000
B2211564218884N12302942WA020460210900000
B2211574218883N12302933WA020480211000000
B2211584218880N12302925WA020500211400000
B2211594218878N12302918WA020530211400000
B2212004218873N12302916WA020560211900000
B2212014218867N12302914WA020580212300000
B2212024218862N12302914WA020630212700000
B2212034218859N12302919WA020660213200000
B2212044218858N12302924WA020690213600000
B2212054218857N12302929WA020710213800000
B2212064218857N12302934WA020730213700000
B2212074218859N12302941WA020750213700000
B2212084218864N12302943WA020780213900000
B2212094218870N12302944WA020800214300000
B2212104218876N12302944WA020820214600000
B2212114218882N12302943WA020860214900000
B2212124218886N12302936WA020890215600000
B2212134218890N12302929WA020920216000000
B2212144218893N12302920WA020960216100000
B2212154218889N12302910WA020990216500000
B2212164218886N12302903WA021020217000000
F221217
B2212174218884N12302898WA021040217300000
B2212184218879N12302896WA021070217700000
B2212194218874N12302897WA021090218100000
B2212204218870N12302900WA021120218500000
B2212214218868N12302905WA021140218700000
B2212224218866N12302910WA021160218700000
B2212234218867N12302917WA021190218900000
B2212244218868N12302922WA021220219400000
B2212254218871N12302927WA021250219700000
B2212264218877N12302931WA021270219900000
B2212274218883N12302934WA021280220200000
B2212284218889N12302937WA021320220300000
B2212294218895N12302932WA021340220800000
B2212304218900N12302927WA021380221000000
B2212314218905N12302921WA021410221300000
B2212324218908N12302914WA021430221600000
B2212334218910N12302907WA021450221600000
B2212344218912N12302898WA021480221600000
B2212354218909N12302891WA021500222100000
B2212364218906N12302885WA021530222500000
B2212374218901N12302881WA021550222800000
B2212384218897N12302878WA021580223100000
B2212394218893N12302878WA021600223500000
B2212404218890N12302879WA021620223700000
B2212414218886N12302883WA021650223900000
B2212424218884N12302889WA021660224200000
B2212434218883N12302895WA021690224500000
B2212444218883N12302901WA021710224900000
B2212454218885N12302906WA021740225200000
B2212464218889N12302911WA021760225300000
B2212474218894N12302913WA021780225200000
B2212484218900N12302914WA021790225500000
F221249
B2212494218906N12302914WA021800225600000
B2212504218912N12302911WA021820225900000
B2212514218917N12302904WA021830226100000
B2212524218922N12302897WA021840226100000
B2212534218923N12302890WA021870226400000
B2212544218925N12302883WA021900226600000
B2212554218924N12302876WA021930226800000
B2212564218923N12302869WA021950227000000
B2212574218921N12302862WA021960227100000
B2212584218917N12302858WA021980227400000
B2212594218913N12302856WA021990227700000
B2213004218909N12302857WA022010227800000
B2213014218906N12302860WA022020227900000
B2213024218903N12302866WA022040228200000
B2213034218903N12302872WA022050228400000
B2213044218903N12302879WA022080228600000
B2213054218907N12302885WA022100228900000
B2213064218910N12302891WA022120228900000
B2213074218916N12302893WA022140229100000
B2213084218923N12302894WA022150229300000
B2213094218929N12302892WA022170229500000
B2213104218935N12302888WA022190229700000
B2213114218940N12302882WA022200229800000
B2213124218944N12302876WA022220230000000
B2213134218946N12302868WA022230230200000
B2213144218948N12302860WA022250230300000
B2213154218948N12302853WA022260230500000
B2213164218946N12302846WA022280230800000
B2213174218942N12302840WA022300230900000
B2213184218939N12302837WA022310231100000
B2213194218934N12302834WA022320231300000
B2213204218930N12302832WA022330231400000
B2213214218925N12302829WA022350231600000
B2213224218922N12302826WA022350231800000
B2213234218917N12302824WA022370232100000
B2213244218914N12302825WA022390232100000
B2213254218912N12302830WA022380232000000
F221326
B2213264218912N12302838WA022370232000000
B2213274218914N12302847WA022360232100000
B2213284218917N12302855WA022370232100000
B2213294218922N12302861WA022400232200000
B2213304218932N12302859WA022420232300000
B2213314218938N12302859WA022440232600000
B2213324218945N12302857WA022460232800000
B2213334218951N12302855WA022470233000000
B2213344218957N12302852WA022490233300000
B2213354218964N12302849WA022500233500000
B2213364218971N12302847WA022500233500000
B2213374218978N12302843WA022500233600000
B2213384218985N12302839WA022510233700000
B2213394218992N12302833WA022510233700000
B2213404218997N12302826WA022520233900000
B2213414219001N12302820WA022530234000000
B2213424219007N12302814WA022550234100000
B2213434219011N12302809WA022560234100000
B2213444219016N12302804WA022560234100000
B2213454219021N12302798WA022550233900000
B2213464219026N12302791WA022540233700000
B2213474219032N12302783WA022510233600000
B2213484219037N12302775WA022500233400000
B2213494219042N12302767WA022480233300000
B2213504219047N12302759WA022470233200000
B2213514219052N12302750WA022450233100000
B2213524219056N12302742WA022440233000000
F221357
B2213574219078N12302702WA022360232400000
B2214024219101N12302663WA022190230700000
B2214074219130N12302619WA022050229200000
B2214124219159N12302575WA021980228300000
B2214174219187N12302525WA021870226900000
B2214224219213N12302477WA021850226800000
B2214274219237N12302435WA021860226600000
B2214324219260N12302397WA021850226300000
B2214374219285N12302353WA021870226200000
B2214424219305N12302320WA021850225600000
F221447
B2214474219327N12302275WA021710224700000
B2214524219350N12302235WA021570223100000
B2214574219377N12302193WA021430221800000
B2215024219403N12302145WA021260220100000
B2215074219428N12302098WA021090218300000
B2215124219456N12302050WA020920216800000
B2215174219482N12301997WA020830215800000
B2215224219507N12301948WA020870216600000
B2215274219525N12301915WA020970216800000
B2215324219545N12301877WA021000217400000
B2215374219559N12301841WA021040217900000
B2215424219575N12301802WA021020217500000
B2215474219597N12301755WA020960217200000
F221552
B2215524219619N12301707WA020900216800000
B2215574219638N12301658WA020890216300000
B2216024219656N12301612WA020750215200000
B2216074219675N12301565WA020660213900000
B2216124219692N12301523WA020620213500000
B2216174219712N12301475WA020510212300000
B2216224219733N12301425WA020470212000000
B2216274219750N12301392WA020510212200000
F221632
B2216324219763N12301361WA020530212400000
B2216374219773N12301328WA020540212400000
B2216424219781N12301295WA020560212400000
B2216474219791N12301257WA020570212800000
B2216524219807N12301222WA020570212700000
B2216574219826N12301182WA020430211500000
B2217024219851N12301130WA020380211200000
F221707
B2217074219875N12301094WA020370210600000
B2217124219895N12301052WA020350210600000
B2217174219916N12301008WA020260209600000
B2217224219937N12300959WA020260209300000
B2217274219954N12300915WA020280209600000
B2217324219974N12300872WA020210208900000
B2217374219990N12300831WA020060208300000
B2217424220017N12300769WA019920207100000
B2217474220034N12300716WA019800204900000
B2217524220059N12300658WA019690204000000
B2217574220081N12300608WA019570202100000
F221802
B2218024220108N12300553WA019400200600000
B2218074220132N12300495WA019310199300000
B2218124220159N12300434WA019160197700000
B2218174220184N12300378WA019050196300000
B2218224220211N12300323WA018940195500000
B2218274220237N12300271WA018820194300000
B2218324220265N12300222WA018720193800000
B2218374220290N12300172WA018600192500000
B2218424220313N12300119WA018550192200000
B2218474220336N12300072WA018490191400000
B2218524220362N12300023WA018340189700000
B2218574220386N12259976WA018220187900000
B2219024220417N12259930WA018080186900000
B2219074220445N12259889WA017960185600000
B2219124220476N12259846WA017850185200000
B2219174220508N12259801WA017740184200000
B2219224220540N12259753WA017640183300000
F221927
B2219274220564N12259706WA017550182000000
B2219324220593N12259660WA017370179800000
B2219374220626N12259615WA017250179000000
B2219424220656N12259567WA017100177300000
B2219474220687N12259531WA016970175900000
B2219524220702N12259481WA016820174200000
F221957
B2219574220668N12259464WA016650172400000
B2220024220641N12259464WA016530170800000
B2220074220610N12259472WA016300168500000
B2220124220574N12259483WA016080165900000
B2220174220540N12259494WA015900163900000
B2220224220505N12259509WA015670161300000
F222027
B2220274220471N12259527WA015570160400000
B2220324220440N12259547WA015430158900000
B2220374220405N12259558WA015410159300000
B2220424220375N12259558WA015400158900000
B2220474220345N12259558WA015360158400000
B2220524220315N12259571WA015230157200000
B2220574220280N12259584WA015150156500000
B2221024220244N12259599WA015010154900000
B2221074220211N12259619WA014970154500000
B2221124220177N12259638WA014790152700000
B2221174220141N12259656WA014750152300000
B2221224220108N12259677WA014670151400000
F222127
B2221274220073N12259697WA014570150200000
B2221324220039N12259718WA014490149400000
B2221374220008N12259737WA014380148500000
B2221424219971N12259757WA014250147200000
B2221474219930N12259776WA014160146300000
B2221524219889N12259790WA014080145100000
B2221574219851N12259807WA013980144000000
F222202
B2222024219816N12259813WA014010144600000
B2222074219780N12259815WA013930143700000
B2222124219745N12259825WA014000144300000
B2222174219720N12259834WA014160146000000
B2222224219720N12259853WA014180146100000
B2222274219718N12259819WA014280146400000
B2222324219694N12259823WA014430147300000
F222235
B2222354219694N12259841WA014410147100000
B2222364219696N12259849WA014410147000000
B2222374219701N12259852WA014420147200000
B2222384219705N12259851WA014440147300000
B2222394219709N12259844WA014440146900000
B2222404219712N12259838WA014420146900000
B2222414219715N12259827WA014410146900000
B2222424219716N12259815WA014410146800000
B2222434219708N12259805WA014440147200000
B2222444219703N12259798WA014480147200000
B2222454219698N12259800WA014510147900000
B2222464219694N12259799WA014540148200000
B2222474219690N12259799WA014560148300000
B2222484219685N12259798WA014570148400000
B2222494219680N12259800WA014570148500000
B2222504219676N12259804WA014560148500000
B2222514219672N12259809WA014550148400000
B2222524219676N12259820WA014540148400000
B2222534219679N12259827WA014550148400000
B2222544219683N12259829WA014570148500000
B2222554219689N12259824WA014600148800000
B2222564219693N12259822WA014620149100000
B2222574219696N12259816WA014620149300000
B2222584219694N12259806WA014620149400000
B2222594219695N12259795WA014630149400000
B2223004219694N12259785WA014650149500000
B2223014219694N12259777WA014670149500000
B2223024219688N12259773WA014690149800000
B2223034219683N12259770WA014700149800000
B2223044219679N12259772WA014700149800000
B2223054219674N12259774WA014690149700000
B2223064219670N12259779WA014680149900000
B2223074219666N12259786WA014680149900000
B2223084219665N12259793WA014680149900000
B2223094219666N12259800WA014690149900000
B2223104219668N12259806WA014710150200000
B2223114219669N12259811WA014730150300000
B2223124219670N12259818WA014740150500000
F222313
B2223134219670N12259824WA014770150700000
B2223144219670N12259828WA014780150700000
B2223154219671N12259830WA014780150600000
B2223164219672N12259834WA014750150500000
B2223174219674N12259841WA014720150000000
B2223184219677N12259849WA014670149700000
B2223194219680N12259857WA014640149700000
B2223204219683N12259862WA014640150100000
B2223214219686N12259866WA014650150200000
B2223224219688N12259868WA014650150200000
B2223234219691N12259869WA014640149900000
B2223244219694N12259872WA014620149500000
B2223254219697N12259876WA014590149300000
B2223264219701N12259879WA014570149100000
B2223274219704N12259882WA014550149100000
B2223284219707N12259886WA014540149100000
B2223294219710N12259889WA014530148900000
B2223304219713N12259892WA014510148700000
B2223314219715N12259897WA014490148600000
B2223324219715N12259903WA014460148100000
B2223334219713N12259910WA014400147500000
B2223344219709N12259917WA014340146900000
B2223354219704N12259922WA014300146200000
B2223364219699N12259928WA014290146400000
B2223374219695N12259934WA014300146700000
B2223384219692N12259940WA014310146800000
B2223394219686N12259945WA014320146900000
B2223404219683N12259950WA014340147000000
B2223414219679N12259955WA014380147400000
B2223424219675N12259959WA014420148000000
B2223434219672N12259962WA014480148700000
B2223444219670N12259964WA014540149200000
B2223454219668N12259967WA014590149600000
B2223464219667N12259971WA014630149800000
B2223474219668N12259978WA014640149800000
F222348
B2223484219669N12259984WA014640149800000
B2223494219673N12259991WA014640149600000
B2223504219679N12259993WA014640149600000
B2223514219688N12259992WA014660149700000
B2223524219696N12259989WA014680149800000
B2223534219701N12259975WA014720149900000
B2223544219698N12259962WA014750150100000
B2223554219698N12259951WA014800150200000
B2223564219690N12259952WA014830150300000
B2223574219685N12259953WA014870151000000
B2223584219682N12259958WA014910151500000
B2223594219680N12259964WA014940151700000
B2224004219680N12259970WA014970151700000
B2224014219684N12259979WA014980151800000
B2224024219690N12259982WA015000151800000
B2224034219700N12259978WA015020152000000
B2224044219707N12259975WA015030152100000
B2224054219713N12259968WA015050152200000
B2224064219717N12259959WA015070152200000
B2224074219719N12259947WA015090152300000
B2224084219720N12259940WA015110152500000
B2224094219718N12259935WA015130153400000
B2224104219714N12259931WA015150153900000
B2224114219711N12259928WA015150154100000
B2224124219707N12259928WA015140153900000
B2224134219703N12259932WA015130154100000
B2224144219700N12259937WA015140154500000
B2224154219699N12259943WA015160155200000
B2224164219699N12259948WA015190155500000
B2224174219702N12259954WA015230155700000
B2224184219707N12259957WA015260155900000
B2224194219713N12259959WA015280155700000
B2224204219720N12259959WA015290155700000
B2224214219727N12259957WA015300155700000
F222422
B2224224219733N12259954WA015300155900000
B2224234219738N12259948WA015310156100000
B2224244219741N12259941WA015310156100000
B2224254219744N12259933WA015310156100000
B2224264219745N12259923WA015290155900000
B2224274219745N12259913WA015270155700000
B2224284219742N12259904WA015250155700000
B2224294219737N12259898WA015230155600000
B2224304219731N12259898WA015210155500000
B2224314219728N12259904WA015190155500000
B2224324219726N12259911WA015190155600000
B2224334219725N12259918WA015190155700000
B2224344219725N12259924WA015210155800000
B2224354219723N12259928WA015210155700000
B2224364219722N12259934WA015210155700000
B2224374219722N12259941WA015210155600000
B2224384219721N12259948WA015210155700000
B2224394219719N12259952WA015220155800000
B2224404219718N12259956WA015230156000000
B2224414219715N12259959WA015240156100000
B2224424219713N12259963WA015240156200000
B2224434219711N12259968WA015240156300000
B2224444219708N12259971WA015230156200000
B2224454219704N12259973WA015220156100000
B2224464219700N12259974WA015210156200000
B2224474219695N12259976WA015190156100000
B2224484219690N12259979WA015180155900000
B2224494219686N12259984WA015180156300000
B2224504219682N12259989WA015200156800000
B2224514219679N12259992WA015240157300000
B2224524219676N12259994WA015280157600000
F222453
B2224534219674N12259996WA015310157700000
B2224544219671N12259998WA015320157800000
B2224554219669N12300002WA015340158300000
B2224564219665N12300005WA015350158400000
B2224574219663N12300009WA015360158500000
B2224584219660N12300012WA015360158500000
B2225044219629N12300036WA015170157600000
B2225094219612N12300059WA015300157700000
B2225154219588N12300098WA015150156400000
B2225204219573N12300128WA015120155800000
B2225254219551N12300162WA015050155600000
B2225304219531N12300194WA015050155600000
B2225354219513N12300221WA015100156100000
B2225404219492N12300250WA015050155300000
F222545
B2225454219466N12300286WA015020155100000
B2225504219440N12300320WA015020155000000
B2225554219412N12300349WA014980154400000
B2226004219384N12300375WA014970154600000
B2226054219356N12300401WA014800154000000
B2226104219321N12300444WA014680153200000
F222615
B2226154219297N12300467WA014770152500000
B2226204219263N12300499WA014570151400000
B2226254219239N12300526WA014540150100000
B2226304219208N12300558WA014370149300000
B2226354219179N12300593WA014260148200000
B2226404219151N12300629WA014130147200000
B2226454219125N12300666WA013970146100000
B2226504219097N12300701WA013850144900000
B2226554219060N12300728WA013740143600000
B2227004219018N12300740WA013680142100000
B2227054218977N12300742WA013550140200000
B2227104218931N12300734WA013420138500000
F222715
B2227154218886N12300730WA013330137200000
B2227204218840N12300721WA013230136100000
B2227254218797N12300711WA013110135100000
B2227304218747N12300706WA012950134100000
B2227354218703N12300702WA012960133800000
B2227404218664N12300700WA012850132500000
B2227454218621N12300702WA012750131500000
B2227504218581N12300707WA012710130400000
B2227554218542N12300716WA012620129300000
F222800
B2228004218503N12300719WA012520128700000
B2228054218464N12300720WA012430127600000
B2228104218425N12300721WA012310126900000
B2228154218386N12300721WA012200125800000
B2228204218344N12300721WA012100124500000
B2228254218304N12300719WA012030124100000
B2228304218261N12300722WA011970123500000
F222835
B2228354218222N12300720WA011910123100000
B2228404218183N12300724WA011890122400000
B2228454218150N12300733WA011890122200000
B2228504218114N12300748WA011880122000000
B2228554218087N12300763WA011950122000000
B2229004218045N12300772WA011810121000000
F222905
B2229054218007N12300792WA011730119600000
B2229104217969N12300808WA011670119300000
B2229154217928N12300814WA011570118300000
B2229204217892N12300822WA011480117400000
B2229254217857N12300830WA011380116900000
B2229304217822N12300838WA011280115900000
B2229354217783N12300842WA011120115100000
F222940
B2229404217747N12300846WA011060114700000
B2229454217711N12300861WA010990113000000
B2229504217677N12300866WA010910112600000
B2229554217645N12300878WA010860111700000
B2230004217612N12300895WA010750110700000
B2230054217577N12300908WA010670109900000
F223010
B2230104217544N12300923WA010670109400000
B2230154217514N12300945WA010650108900000
B2230204217487N12300961WA010670109000000
B2230264217453N12300978WA010640108600000
B2230314217429N12300992WA010670109000000
B2230364217404N12301006WA010660108600000
B2230414217376N12301013WA010650108500000
F223046
B2230464217348N12301019WA010630108400000
B2230514217323N12301026WA010600108000000
B2230564217293N12301029WA010550107700000
B2231014217261N12301039WA010480106800000
B2231064217230N12301043WA010490106900000
B2231114217204N12301043WA010480106800000
B2231164217179N12301041WA010550107600000
B2231214217163N12301025WA010570107800000
F223126
B2231264217184N12301020WA010610108400000
B2231314217198N12301047WA010640108600000
B2231354217189N12301075WA010610108500000
B2231364217180N12301072WA010600108300000
B2231374217174N12301072WA010600108100000
B2231384217167N12301072WA010600108200000
B2231394217164N12301069WA010620108200000
B2231404217162N12301063WA010630108500000
B2231414217160N12301061WA010650108700000
B2231424217157N12301058WA010660108800000
B2231434217155N12301054WA010660108700000
B2231444217154N12301050WA010650108600000
B2231454217154N12301044WA010640108600000
B2231464217155N12301039WA010630108600000
B2231474217156N12301034WA010630108500000
B2231484217159N12301032WA010640108500000
B2231494217166N12301035WA010650108500000
B2231504217171N12301038WA010660108600000
B2231514217174N12301041WA010680108800000
B2231524217177N12301046WA010700108900000
B2231534217179N12301052WA010710109100000
B2231544217181N12301059WA010710109000000
B2231554217180N12301066WA010700108800000
B2231564217178N12301075WA010690109000000
B2231574217173N12301080WA010680108900000
B2231584217168N12301084WA010680108900000
B2231594217163N12301085WA010690108900000
B2232004217157N12301083WA010690109100000
F223201
B2232014217152N12301081WA010700109200000
B2232024217151N12301077WA010710109300000
B2232034217149N12301073WA010720109700000
B2232044217148N12301068WA010730109700000
B2232054217147N12301064WA010730109700000
B2232064217151N12301060WA010740109600000
B2232074217153N12301057WA010740109600000
B2232084217156N12301056WA010750109700000
B2232094217159N12301055WA010750109700000
B2232104217162N12301055WA010750109700000
B2232114217166N12301057WA010750109700000
B2232124217170N12301059WA010760109700000
B2232134217173N12301063WA010760109800000
B2232144217177N12301068WA010760109800000
B2232154217180N12301075WA010760110000000
B2232164217178N12301086WA010750110000000
B2232174217177N12301096WA010750109900000
B2232184217175N12301104WA010750110000000
B2232194217171N12301111WA010750110200000
B2232204217168N12301118WA010750110100000
B2232214217162N12301120WA010750110000000
B2232224217157N12301121WA010760110000000
B2232234217152N12301121WA010760110000000
B2232244217148N12301119WA010760110100000
B2232254217144N12301117WA010770110100000
B2232264217141N12301112WA010770110300000
B2232274217140N12301107WA010780110300000
B2232284217138N12301103WA010790110300000
B2232294217139N12301099WA010790110300000
B2232304217140N12301095WA010780110200000
B2232314217141N12301091WA010770110100000
B2232324217142N12301086WA010760110000000
B2232334217142N12301081WA010760109900000
F223234
B2232344217143N12301076WA010770109900000
B2232354217143N12301072WA010780109900000
B2232364217144N12301067WA010790109900000
B2232374217144N12301063WA010790109900000
B2232384217145N12301058WA010790109800000
B2232394217145N12301053WA010790109700000
B2232404217146N12301049WA010780109700000
B2232414217147N12301044WA010780109700000
B2232424217148N12301040WA010780109700000
B2232434217149N12301035WA010790109800000
B2232444217151N12301032WA010790109800000
B2232454217152N12301028WA010790109900000
B2232464217154N12301025WA010800110000000
B2232484217158N12301021WA010800109900000
B2232494217160N12301019WA010800109900000
B2232504217163N12301018WA010800109700000
B2232514217166N12301020WA010790109600000
B2232524217169N12301023WA010790109600000
B2232534217172N12301026WA010790109600000
B2232544217176N12301031WA010800109400000
B2232554217177N12301037WA010810109600000
B2232564217177N12301044WA010820109900000
B2232574217176N12301052WA010830110000000
B2232584217174N12301060WA010840110000000
B2232594217170N12301068WA010840110200000
B2233004217165N12301074WA010840110200000
B2233014217159N12301079WA010850110500000
B2233024217155N12301082WA010860110500000
B2233034217148N12301081WA010860110600000
B2233044217143N12301079WA010870110600000
B2233054217138N12301075WA010880110700000
B2233064217135N12301072WA010890111000000
F223307
B2233074217134N12301068WA010890111000000
B2233084217136N12301063WA010880110800000
B2233094217138N12301060WA010870110700000
B2233104217138N12301057WA010860110800000
B2233114217142N12301055WA010860110800000
B2233124217144N12301054WA010880110800000
B2233134217146N12301052WA010880110900000
B2233144217148N12301050WA010890111000000
B2233154217150N12301048WA010900111100000
B2233164217152N12301046WA010890111000000
B2233174217153N12301043WA010880111000000
B2233184217156N12301042WA010870111000000
B2233194217158N12301040WA010860111000000
B2233204217162N12301042WA010860111000000
B2233214217166N12301044WA010860111100000
B2233224217169N12301049WA010870111200000
B2233234217171N12301057WA010880111300000
B2233244217171N12301066WA010880111300000
B2233254217168N12301073WA010890111300000
B2233264217164N12301081WA010910111600000
B2233274217160N12301086WA010920111500000
B2233284217155N12301090WA010930111500000
B2233294217150N12301093WA010940111500000
B2233304217146N12301094WA010940111500000
B2233314217140N12301094WA010930111600000
B2233324217131N12301090WA010910111400000
B2233334217122N12301086WA010910111200000
B2233344217117N12301082WA010910111400000
B2233354217114N12301078WA010910111400000
B2233364217111N12301074WA010910111400000
B2233374217110N12301069WA010910111200000
B2233384217109N12301064WA010900111200000
B2233394217108N12301059WA010890111200000
B2233404217111N12301055WA010890111100000
B2233414217110N12301052WA010880111200000
B2233424217111N12301049WA010860111300000
B2233434217112N12301046WA010830111300000
B2233444217114N12301043WA010790111300000
B2233454217115N12301038WA010780111200000
B2233464217118N12301030WA010780111100000
B2233474217122N12301026WA010780111100000
B2233484217124N12301022WA010790111000000
B2233494217126N12301019WA010780110900000
B2233504217130N12301012WA010770110900000
F223351
B2233514217133N12301009WA010750110700000
B2233524217135N12301006WA010740110900000
B2233534217138N12301002WA010720110700000
B2233544217141N12300998WA010710110600000
B2233554217141N12300994WA010710110700000
B2233564217143N12300992WA010700110700000
B2233574217144N12300989WA010680110400000
B2233584217145N12300984WA010650110200000
B2233594217145N12300980WA010630110000000
B2234004217145N12300974WA010620109900000
B2234014217144N12300967WA010610109500000
B2234024217144N12300962WA010610109400000
B2234034217144N12300958WA010600109200000
B2234044217145N12300955WA010590109200000
B2234054217145N12300952WA010560108900000
B2234064217145N12300947WA010530108600000
B2234074217145N12300940WA010490108500000
B2234084217145N12300933WA010460108300000
B2234094217145N12300926WA010440108200000
B2234104217143N12300919WA010430108000000
B2234114217142N12300913WA010440108000000
B2234124217141N12300907WA010440107700000
B2234134217139N12300902WA010430107600000
B2234144217136N12300896WA010420107400000
B2234154217133N12300890WA010390106900000
B2234164217129N12300885WA010370106600000
B2234174217126N12300879WA010360106300000
B2234184217123N12300873WA010340106200000
B2234194217118N12300867WA010320105900000
B2234204217113N12300861WA010310105500000
B2234214217109N12300855WA010290105300000
F223422
B2234224217103N12300850WA010280105100000
B2234234217098N12300845WA010260104800000
B2234244217093N12300840WA010230104700000
B2234254217086N12300836WA010210104500000
B2234264217081N12300832WA010180104300000
B2234274217075N12300829WA010170104000000
B2234284217069N12300826WA010130103800000
B2234294217062N12300821WA010110103500000
B2234304217056N12300815WA010070103400000
B2234314217050N12300810WA010050103000000
B2234324217044N12300806WA010020102900000
B2234374217020N12300782WA009890101800000
B2234424217001N12300746WA009770100800000
B2234474216974N12300717WA009790100600000
F223452
B2234524216963N12300704WA009860100100000
B2234574216974N12300687WA009840100400000
B2235024216970N12300721WA009830100400000
B2235074216943N12300737WA009870100100000
B2235094216932N12300739WA009840099800000
B2235104216928N12300739WA009830099900000
B2235114216925N12300734WA009820099800000
B2235124216923N12300730WA009820099900000
B2235134216922N12300725WA009820099900000
B2235144216924N12300720WA009820099800000
B2235154216927N12300717WA009820099800000
B2235164216931N12300715WA009810099700000
B2235174216937N12300716WA009810099900000
B2235184216942N12300720WA009820100200000
B2235194216946N12300723WA009840100200000
B2235204216948N12300729WA009840100100000
B2235214216951N12300733WA009840100100000
B2235224216951N12300740WA009830100100000
B2235234216943N12300753WA009820100000000
F223524
B2235244216937N12300760WA009810099900000
B2235254216931N12300764WA009790099900000
B2235264216924N12300764WA009790099800000
B2235274216920N12300763WA009790099900000
B2235284216916N12300761WA009800100200000
B2235294216913N12300756WA009810100100000
B2235304216910N12300752WA009810100100000
B2235314216908N12300746WA009810100100000
B2235324216906N12300741WA009820100100000
B2235334216911N12300736WA009820100100000
B2235344216914N12300732WA009830100000000
B2235354216917N12300731WA009830100100000
B2235364216922N12300731WA009830100000000
B2235374216926N12300733WA009830100100000
B2235384216930N12300736WA009840100000000
B2235394216932N12300739WA009820099900000
B2235404216934N12300744WA009800099600000
B2235414216935N12300750WA009760099600000
B2235424216937N12300757WA009720099600000
B2235434216934N12300765WA009690099600000
B2235444216927N12300773WA009670099600000
B2235454216922N12300780WA009680099500000
B2235464216917N12300782WA009710099400000
B2235474216912N12300783WA009750099400000
B2235484216908N12300783WA009770099400000
B2235494216903N12300784WA009770099300000
B2235504216896N12300782WA009750099100000
B2235514216890N12300779WA009730099100000
B2235524216885N12300772WA009700099000000
B2235534216883N12300765WA009700099100000
F223554
B2235544216882N12300759WA009700099000000
B2235554216883N12300753WA009700099000000
B2235564216885N12300750WA009700099000000
B2235574216889N12300748WA009690099000000
B2235584216897N12300749WA009680098700000
B2235594216905N12300749WA009680098800000
B2236004216908N12300757WA009690098600000
B2236014216907N12300773WA009700098700000
B2236024216905N12300782WA009720099100000
B2236034216904N12300789WA009720099100000
B2236044216903N12300795WA009710099000000
B2236054216904N12300801WA009690098600000
B2236064216903N12300809WA009650098100000
B2236074216904N12300818WA009600097600000
B2236084216905N12300827WA009550097500000
B2236094216906N12300835WA009530097300000
B2236104216907N12300842WA009520097200000
B2236114216909N12300850WA009500096900000
B2236124216911N12300857WA009480096500000
B2236134216910N12300864WA009450096100000
B2236144216909N12300872WA009420095900000
B2236154216906N12300882WA009360095800000
B2236164216893N12300885WA009310095400000
B2236174216884N12300888WA009280095200000
B2236184216876N12300891WA009270095300000
B2236194216869N12300892WA009280095200000
B2236204216862N12300894WA009280095100000
B2236214216856N12300895WA009280095100000
B2236224216849N12300896WA009270095000000
B2236234216842N12300897WA009270095000000
B2236244216835N12300899WA009260095000000
F223625
B2236254216828N12300900WA009250094800000
B2236264216821N12300902WA009250094800000
B2236274216816N12300904WA009260094900000
B2236284216811N12300904WA009270094900000
B2236294216806N12300904WA009270094700000
B2236314216796N12300904WA009260094600000
B2236324216791N12300903WA009250094400000
B2236334216787N12300902WA009250094500000
B2236384216765N12300896WA009200093800000
B2236434216739N12300898WA009160093400000
B2236484216708N12300907WA009030092300000
B2236534216670N12300918WA008930091300000
F223658
B2236584216630N12300922WA008920091100000
B2237034216598N12300930WA008910090700000
B2237084216564N12300936WA008840090300000
B2237134216536N12300952WA008830089900000
B2237184216508N12300978WA008810089600000
B2237234216482N12301002WA008730089000000
B2237284216454N12301025WA008730089000000
B2237334216433N12301043WA008890089700000
B2237384216410N12301049WA008890090000000
F223743
B2237434216429N12301032WA008940090100000
B2237484216434N12301076WA009010090000000
B2237524216413N12301062WA009040090700000
B2237534216410N12301059WA009060090700000
B2237544216415N12301056WA009080091000000
B2237554216417N12301055WA009100091000000
B2237564216422N12301057WA009110091200000
B2237574216427N12301060WA009120091400000
B2237584216432N12301064WA009130091400000
B2237594216435N12301068WA009150091300000
B2238004216437N12301074WA009160091400000
B2238014216438N12301081WA009180091500000
B2238024216434N12301090WA009200091600000
B2238034216425N12301094WA009200091700000
B2238044216420N12301096WA009210091700000
B2238054216414N12301096WA009200091800000
B2238064216409N12301095WA009200092100000
B2238074216404N12301093WA009220092300000
B2238084216400N12301092WA009240092500000
B2238104216397N12301087WA009280092600000
B2238114216397N12301083WA009290092500000
B2238124216396N12301079WA009290092500000
B2238134216402N12301075WA009290092600000
F223814
B2238144216405N12301072WA009290092600000
B2238154216411N12301072WA009310092800000
B2238164216417N12301075WA009330092900000
B2238174216420N12301081WA009350093000000
B2238184216423N12301088WA009370093000000
B2238194216420N12301099WA009380093100000
B2238204216417N12301108WA009390093100000
B2238214216414N12301115WA009400093400000
B2238224216406N12301117WA009430093800000
B2238234216401N12301119WA009460094000000
B2238244216395N12301118WA009480094500000
B2238254216393N12301116WA009490094900000
B2238264216392N12301109WA009500095100000
B2238274216392N12301104WA009500095200000
B2238284216393N12301099WA009520095300000
B2238294216393N12301094WA009530095500000
B2238304216394N12301091WA009560095600000
B2238314216394N12301087WA009580095800000
B2238324216395N12301083WA009580095900000
B2238334216398N12301078WA009590096100000
B2238344216400N12301075WA009560096100000
B2238354216405N12301074WA009530096200000
B2238364216411N12301075WA009470096100000
B2238374216414N12301079WA009440096100000
B2238384216409N12301104WA009420096200000
B2238394216408N12301115WA009420096300000
B2238404216400N12301120WA009440096500000
B2238414216395N12301124WA009470096600000
B2238424216390N12301133WA009520096900000
B2238434216387N12301135WA009570096800000
B2238444216382N12301130WA009610097000000
B2238454216377N12301128WA009620097000000
B2238464216373N12301123WA009620097300000
F223847
B2238474216369N12301117WA009630097400000
B2238484216369N12301112WA009620097200000
B2238494216370N12301106WA009600097200000
B2238504216374N12301104WA009570097200000
B2238514216377N12301103WA009550097200000
B2238524216383N12301109WA009530097200000
B2238534216390N12301113WA009510097100000
B2238544216388N12301130WA009500096800000
B2238554216389N12301141WA009490096600000
B2238564216389N12301151WA009500097000000
B2238574216389N12301160WA009520097000000
B2238584216388N12301168WA009550097300000
B2238594216386N12301175WA009580097600000
B2239004216385N12301181WA009600097700000
B2239014216384N12301187WA009620097800000
B2239024216383N12301195WA009620097700000
B2239034216381N12301202WA009620097600000
B2239044216377N12301209WA009610097600000
B2239054216372N12301214WA009600097500000
B2239064216366N12301217WA009590097500000
B2239074216359N12301216WA009590097600000
B2239084216355N12301213WA009600097800000
B2239094216352N12301209WA009620098000000
B2239104216350N12301205WA009630098100000
B2239114216349N12301201WA009640098200000
B2239124216350N12301197WA009650098200000
B2239134216350N12301193WA009650098200000
B2239144216352N12301189WA009650098300000
B2239154216354N12301186WA009650098300000
B2239164216355N12301183WA009650098200000
F223917
B2239174216358N12301180WA009640098200000
B2239184216362N12301179WA009630098200000
B2239194216368N12301180WA009630098100000
B2239204216373N12301184WA009620098200000
B2239214216377N12301192WA009620098100000
B2239224216379N12301199WA009620098100000
B2239234216378N12301210WA009620098000000
B2239244216376N12301220WA009620098000000
B2239254216372N12301229WA009630098100000
B2239264216368N12301237WA009640098300000
B2239274216363N12301243WA009660098600000
B2239284216358N12301247WA009690098700000
B2239294216354N12301250WA009700098700000
B2239304216349N12301252WA009710098700000
B2239314216344N12301252WA009710098600000
B2239324216339N12301251WA009710098800000
B2239334216336N12301248WA009700098800000
B2239344216333N12301243WA009700098800000
B2239354216331N12301237WA009690098800000
B2239364216332N12301231WA009680098800000
B2239374216333N12301226WA009680099100000
B2239384216337N12301223WA009690099200000
B2239394216342N12301222WA009700099200000
B2239404216347N12301226WA009700099200000
B2239414216351N12301236WA009700099100000
B2239424216355N12301242WA009700099000000
B2239434216358N12301248WA009690098700000
B2239444216358N12301258WA009690098600000
B2239454216359N12301268WA009680098400000
B2239464216357N12301278WA009670098300000
F223947
B2239474216354N12301288WA009670098300000
B2239484216350N12301296WA009680098500000
B2239494216345N12301302WA009690098600000
B2239504216340N12301305WA009700098700000
B2239514216335N12301307WA009710098600000
B2239524216332N12301307WA009700098400000
B2239534216328N12301306WA009690098200000
B2239544216324N12301304WA009670098000000
B2239554216320N12301300WA009650097900000
B2239564216317N12301294WA009630097800000
B2239574216315N12301290WA009620097700000
B2239584216315N12301286WA009620097700000
B2239594216317N12301281WA009630097700000
B2240004216322N12301282WA009620097700000
B2240014216328N12301282WA009620097700000
B2240024216332N12301287WA009620097800000
B2240034216336N12301294WA009610097800000
B2240044216340N12301300WA009610097700000
B2240054216342N12301308WA009600097600000
B2240064216343N12301317WA009600097500000
B2240074216341N12301327WA009590097400000
B2240084216339N12301335WA009590097500000
B2240094216336N12301342WA009590097600000
B2240104216334N12301349WA009580097500000
B2240114216328N12301355WA009560097400000
B2240124216321N12301358WA009540097300000
B2240134216315N12301359WA009520097300000
B2240144216309N12301360WA009510097400000
B2240154216304N12301357WA009500097300000
B2240164216299N12301357WA009490097400000
B2240174216293N12301357WA009490097300000
B2240184216288N12301357WA009490097300000
B2240194216284N12301356WA009490097300000
F224020
B2240204216280N12301355WA009490097300000
B2240214216276N12301354WA009490097100000
B2240224216272N12301353WA009470097000000
B2240234216267N12301351WA009430097000000
B2240244216262N12301345WA009400096800000
B2240254216257N12301344WA009350096100000
B2240264216251N12301341WA009320095900000
B2240274216244N12301338WA009290095500000
B2240284216240N12301334WA009270095300000
B2240294216235N12301331WA009260095100000
B2240304216230N12301327WA009240094800000
B2240314216224N12301324WA009220094400000
B2240324216219N12301322WA009190094100000
B2240334216213N12301321WA009170094100000
B2240344216205N12301319WA009150093900000
B2240354216198N12301318WA009130093700000
B2240364216191N12301316WA009110093600000
B2240374216184N12301313WA009100093500000
B2240424216150N12301304WA008930092500000
B2240474216112N12301285WA008790091100000
F224052
B2240524216074N12301273WA008640090200000
B2240574216036N12301263WA008510088900000
B2241024216004N12301261WA008450087900000
B2241074215985N12301267WA008510087500000
B2241124215965N12301266WA008460086500000
B2241174215944N12301257WA008400085900000
B2241224215921N12301242WA008470085800000
F224127
B2241274215908N12301236WA008560086700000
B2241324215904N12301213WA008600087100000
B2241374215889N12301204WA008650087100000
B2241424215904N12301240WA008700087400000
B2241474215925N12301222WA008810088000000
B2241504215919N12301208WA008830088500000
B2241514215917N12301205WA008840088500000
B2241524215914N12301204WA008860088500000
B2241534215910N12301204WA008880088500000
B2241544215906N12301207WA008890088600000
B2241554215903N12301216WA008900088600000
B2241564215908N12301228WA008920089400000
F224157
B2241574215911N12301235WA008940089800000
B2241584215916N12301240WA008960090000000
B2241594215922N12301245WA008980090200000
B2242004215928N12301246WA008980090300000
B2242024215941N12301241WA009010090500000
B2242034215944N12301234WA009020090600000
B2242044215947N12301228WA009030090600000
B2242054215947N12301221WA009040090500000
B2242064215941N12301216WA009060090700000
B2242074215937N12301212WA009070091100000
B2242084215934N12301208WA009080091200000
B2242094215929N12301207WA009100091200000
B2242104215926N12301210WA009120091400000
B2242114215923N12301213WA009130091700000
B2242124215920N12301218WA009150091900000
B2242134215919N12301222WA009160091900000
B2242144215918N12301228WA009170092000000
B2242154215919N12301237WA009170092000000
B2242164215920N12301245WA009180092100000
B2242174215925N12301252WA009190092100000
B2242184215931N12301257WA009200092200000
B2242194215941N12301255WA009220092500000
B2242204215947N12301254WA009240092600000
B2242214215952N12301250WA009260092600000
B2242224215952N12301242WA009280092700000
B2242234215951N12301236WA009300092900000
B2242244215950N12301232WA009310093000000
B2242254215946N12301228WA009320093100000
B2242264215942N12301226WA009320093200000
F224227
B2242274215938N12301224WA009330093200000
B2242284215933N12301224WA009340093300000
B2242294215931N12301228WA009350093500000
B2242304215928N12301233WA009360093800000
B2242314215926N12301239WA009370094000000
B2242324215925N12301246WA009380094100000
B2242334215926N12301254WA009390094400000
B2242344215928N12301262WA009410094600000
B2242354215932N12301269WA009420094700000
B2242364215937N12301275WA009440094700000
B2242374215944N12301277WA009450094700000
B2242384215950N12301278WA009460094900000
B2242394215959N12301275WA009470094900000
B2242404215964N12301270WA009490095300000
B2242414215968N12301266WA009510095500000
B2242424215970N12301261WA009530095700000
B2242434215972N12301255WA009540095600000
B2242444215971N12301249WA009540095700000
B2242454215969N12301244WA009550096000000
B2242464215965N12301239WA009550096100000
B2242474215962N12301235WA009550096200000
B2242484215959N12301233WA009570096300000
B2242494215955N12301231WA009580096400000
B2242504215952N12301230WA009580096500000
B2242514215949N12301230WA009590096500000
B2242524215945N12301229WA009610096900000
B2242534215942N12301229WA009620097000000
B2242544215938N12301227WA009630097200000
B2242554215935N12301226WA009640097300000
B2242564215931N12301224WA009650097400000
B2242574215927N12301222WA009660097700000
B2242584215926N12301220WA009690097700000
B2242594215923N12301219WA009720097800000
B2243004215920N12301216WA009740098200000
F224301
B2243014215918N12301213WA009760098400000
B2243024215917N12301209WA009770098500000
B2243034215914N12301205WA009780098900000
B2243044215911N12301201WA009800098900000
B2243054215904N12301205WA009810098900000
B2243064215897N12301207WA009810098800000
B2243074215892N12301214WA009820098900000
B2243084215893N12301226WA009840099100000
B2243094215893N12301235WA009850099100000
B2243104215898N12301245WA009880099100000
B2243114215904N12301250WA009890099100000
B2243124215910N12301249WA009920099200000
B2243134215922N12301241WA009950099200000
B2243144215926N12301234WA009980099200000
B2243154215930N12301228WA010000099400000
B2243164215923N12301221WA010020100000000
B2243174215920N12301216WA010040100200000
B2243184215916N12301213WA010060100400000
B2243194215910N12301215WA010080100500000
B2243204215905N12301217WA010090100700000
B2243214215900N12301221WA010100101200000
B2243224215896N12301229WA010120101800000
B2243234215894N12301238WA010140102100000
B2243244215893N12301248WA010160102300000
B2243254215896N12301256WA010170102500000
B2243264215900N12301265WA010180102600000
B2243274215905N12301272WA010200102800000
B2243284215912N12301276WA010220102900000
B2243294215920N12301277WA010240103000000
B2243304215928N12301274WA010260103200000
B2243314215935N12301267WA010300103400000
B2243324215940N12301262WA010340103500000
B2243334215941N12301255WA010370103500000
B2243344215939N12301247WA010390103700000
B2243354215935N12301242WA010410104000000
F224336
B2243364215931N12301238WA010440104100000
B2243374215925N12301238WA010460104200000
B2243384215921N12301238WA010480104300000
B2243394215916N12301244WA010500104600000
B2243404215914N12301252WA010510105000000
B2243414215913N12301260WA010520105500000
B2243424215912N12301268WA010530105700000
B2243434215914N12301277WA010540105800000
B2243444215917N12301285WA010560106100000
B2243454215924N12301289WA010580106100000
B2243464215930N12301293WA010600106200000
B2243474215937N12301296WA010620106300000
B2243484215945N12301297WA010630106300000
B2243494215951N12301291WA010640106700000
B2243504215957N12301286WA010650106800000
B2243514215961N12301280WA010670106700000
B2243524215959N12301273WA010680107000000
B2243534215955N12301268WA010700107100000
B2243544215951N12301265WA010710107300000
B2243554215946N12301263WA010740107300000
B2243564215942N12301269WA010760107200000
B2243574215938N12301271WA010790107300000
B2243584215933N12301275WA010820107600000
B2243594215931N12301280WA010850108000000
B2244014215932N12301297WA010880108800000
B2244024215935N12301306WA010890108900000
B2244034215939N12301315WA010900108900000
B2244044215945N12301322WA010930108900000
B2244054215952N12301326WA010950109100000
B2244064215958N12301331WA010980109300000
B2244074215968N12301321WA011000109600000
B2244084215972N12301313WA011030109800000
B2244104215977N12301299WA011050110100000
F224411
B2244114215977N12301292WA011060110400000
B2244124215975N12301286WA011060110600000
B2244134215972N12301282WA011060110800000
B2244144215969N12301277WA011060111000000
B2244154215965N12301275WA011070111400000
B2244164215962N12301273WA011080111500000
B2244174215960N12301268WA011090111800000
B2244184215957N12301264WA011110111900000
B2244194215956N12301260WA011130112100000
B2244204215953N12301255WA011150112700000
B2244214215951N12301251WA011170112900000
B2244224215949N12301246WA011190113100000
B2244234215947N12301241WA011200113200000
B2244244215944N12301237WA011220113400000
B2244254215942N12301233WA011230113700000
B2244264215941N12301227WA011260113800000
B2244274215938N12301222WA011270114200000
B2244284215936N12301218WA011290114300000
B2244334215926N12301197WA011400115400000
B2244384215912N12301173WA011470116100000
B2244434215906N12301149WA011570117100000
B2244484215901N12301124WA011650118000000
B2244534215896N12301103WA011750118800000
B2244584215889N12301078WA011810119700000
B2245034215882N12301049WA011910120400000
B2245084215879N12301026WA012010121500000
F224513
B2245134215875N12300996WA012090122500000
B2245184215874N12300967WA012270123600000
B2245234215864N12300937WA012370125000000
B2245284215853N12300907WA012350125200000
B2245334215840N12300863WA012350125200000
B2245384215830N12300820WA012360125500000
F224543
B2245434215819N12300774WA012290125800000
B2245484215803N12300726WA012260125500000
B2245534215795N12300677WA012200125500000
B2245584215784N12300632WA012200125300000
B2246034215774N12300584WA012170124900000
B2246084215767N12300545WA012220125400000
B2246134215764N12300508WA012290125500000
F224618
B2246184215760N12300477WA012470126400000
B2246234215751N12300449WA012570127300000
B2246284215717N12300446WA012620127700000
B2246334215716N12300482WA012680128100000
B2246384215735N12300458WA012850129000000
B2246394215736N12300452WA012890129400000
B2246404215738N12300447WA012930129700000
B2246414215738N12300443WA012970130300000
B2246424215737N12300438WA013010130800000
B2246434215735N12300433WA013040131200000
B2246444215731N12300429WA013060131500000
B2246454215726N12300427WA013080131700000
B2246464215718N12300424WA013100131700000
B2246474215712N12300422WA013110131800000
B2246484215705N12300421WA013130131900000
B2246494215702N12300429WA013160132400000
F224650
B2246504215700N12300437WA013190132900000
B2246514215698N12300445WA013220133000000
B2246524215700N12300452WA013260133000000
B2246534215702N12300455WA013290133200000
B2246544215705N12300455WA013320133300000
B2246554215709N12300454WA013360133500000
B2246564215714N12300451WA013390133900000
B2246574215716N12300445WA013420134200000
B2246584215719N12300441WA013450134500000
B2246594215722N12300437WA013470134800000
B2247004215725N12300433WA013470135000000
B2247014215727N12300428WA013480135200000
B2247024215726N12300423WA013500135900000
B2247034215726N12300418WA013530135900000
B2247044215722N12300413WA013560136100000
B2247054215714N12300410WA013570136500000
B2247064215707N12300408WA013580136800000
B2247074215699N12300405WA013580136900000
B2247084215693N12300412WA013590137000000
B2247094215687N12300417WA013600137100000
B2247104215681N12300425WA013610137300000
B2247114215678N12300431WA013630137600000
B2247124215680N12300440WA013670138600000
B2247134215679N12300447WA013720139300000
B2247144215680N12300454WA013750140100000
B2247154215682N12300459WA013800140400000
B2247164215684N12300463WA013820140400000
B2247174215688N12300461WA013850140500000
B2247184215689N12300454WA013870140700000
B2247194215688N12300449WA013880141200000
B2247204215686N12300443WA013890141300000
B2247214215677N12300439WA013890141500000
F224722
B2247224215671N12300435WA013890141600000
B2247234215661N12300431WA013900141600000
B2247244215652N12300429WA013930141500000
B2247254215644N12300434WA013960141600000
B2247264215641N12300443WA014000142100000
B2247274215638N12300453WA014040142100000
B2247284215645N12300464WA014090142800000
B2247294215646N12300469WA014110143000000
B2247304215649N12300472WA014140143400000
B2247314215653N12300474WA014150143700000
B2247324215656N12300474WA014170143900000
B2247334215657N12300471WA014190144000000
B2247344215656N12300465WA014230144000000
B2247354215655N12300459WA014250144000000
B2247364215653N12300452WA014280144000000
B2247374215649N12300447WA014300144200000
B2247384215642N12300443WA014320144700000
B2247394215634N12300440WA014340144900000
B2247404215626N12300441WA014350145200000
B2247414215618N12300439WA014380145600000
B2247424215610N12300441WA014420145600000
B2247434215604N12300444WA014460145900000
B2247444215603N12300455WA014500146700000
B2247464215600N12300466WA014540147200000
B2247474215599N12300471WA014550147400000
B2247484215600N12300475WA014560147400000
B2247494215603N12300479WA014560147400000
B2247504215604N12300481WA014570147600000
B2247514215608N12300482WA014590147900000
F224752
B2247524215610N12300482WA014610148200000
B2247534215612N12300482WA014640148500000
B2247544215614N12300482WA014670148800000
B2247554215616N12300483WA014700149200000
B2247564215618N12300483WA014720149600000
B2247574215619N12300482WA014730149800000
B2247584215620N12300479WA014740150000000
B2247594215621N12300475WA014740150100000
B2248004215619N12300469WA014740150200000
B2248024215601N12300449WA014770150900000
B2248034215592N12300445WA014810151000000
B2248044215585N12300441WA014840151100000
B2248054215578N12300438WA014880151300000
B2248064215571N12300437WA014910151400000
B2248074215566N12300438WA014940151800000
B2248084215560N12300442WA014940151800000
B2248094215554N12300446WA014930151900000
B2248104215553N12300458WA014920152100000
B2248114215555N12300468WA014920152500000
B2248124215555N12300473WA014950152500000
B2248134215557N12300476WA014970152500000
B2248144215560N12300474WA014990152600000
B2248154215562N12300475WA014990152700000
B2248164215566N12300473WA015000152800000
B2248174215570N12300469WA015000152900000
B2248184215571N12300463WA015010153200000
B2248194215569N12300456WA015030153400000
B2248204215567N12300447WA015030153400000
B2248214215562N12300440WA015040153500000
F224822
B2248224215556N12300433WA015050153600000
B2248234215547N12300433WA015080153600000
B2248244215540N12300430WA015110153600000
B2248254215534N12300432WA015130153800000
B2248264215529N12300435WA015130153900000
B2248274215523N12300439WA015130154000000
B2248284215518N12300445WA015120154100000
B2248294215512N12300450WA015110154100000
B2248304215506N12300456WA015110154200000
B2248314215502N12300462WA015120154500000
B2248324215501N12300467WA015140154900000
B2248334215501N12300472WA015140154800000
B2248344215502N12300476WA015140154900000
B2248354215504N12300479WA015130154900000
B2248364215507N12300480WA015120154900000
B2248374215510N12300479WA015110155000000
B2248384215514N12300477WA015100155000000
B2248394215518N12300474WA015100155100000
B2248404215522N12300469WA015110155200000
B2248414215524N12300466WA015130155500000
B2248424215528N12300463WA015160155500000
B2248434215531N12300461WA015180155400000
B2248444215534N12300460WA015190155600000
B2248454215537N12300458WA015210155700000
B2248464215539N12300456WA015220156000000
B2248474215542N12300454WA015230156300000
B2248484215545N12300452WA015250156600000
B2248494215547N12300451WA015280156900000
B2248504215548N12300451WA015300157100000
B2248514215550N12300449WA015320157300000
B2248524215552N12300448WA015330157400000
B2248534215555N12300447WA015350157500000
B2248544215557N12300446WA015370157600000
B2248554215559N12300444WA015390157700000
B2249004215567N12300440WA015490158800000
B2249054215567N12300457WA015560159100000
F224910
B2249104215534N12300469WA015690160200000
B2249154215508N12300437WA015770161400000
B2249174215509N12300426WA015800161400000
B2249184215510N12300420WA015820161400000
B2249194215512N12300417WA015840161400000
B2249204215515N12300414WA015870161500000
B2249214215517N12300412WA015890161800000
B2249224215520N12300411WA015900161800000
B2249234215522N12300410WA015910161900000
B2249244215523N12300414WA015920161900000
B2249254215521N12300423WA015940162000000
B2249264215518N12300429WA015970162700000
B2249274215515N12300434WA016000163100000
B2249284215514N12300439WA016030163500000
B2249294215512N12300443WA016040163600000
B2249304215509N12300448WA016050163900000
B2249314215503N12300456WA016050164000000
B2249324215496N12300460WA016050164000000
B2249334215488N12300465WA016050164300000
B2249344215479N12300465WA016050164300000
B2249354215470N12300461WA016060164400000
B2249364215462N12300457WA016060164400000
B2249374215454N12300451WA016070164600000
B2249384215448N12300445WA016080164800000
B2249394215442N12300438WA016090165100000
F224940
B2249404215436N12300431WA016100165000000
B2249414215434N12300423WA016110165000000
B2249424215430N12300416WA016130165000000
B2249434215426N12300409WA016140165100000
B2249444215426N12300402WA016150165000000
B2249454215429N12300398WA016180164900000
B2249464215430N12300395WA016210165100000
B2249474215433N12300389WA016240165300000
B2249484215434N12300385WA016260165200000
B2249494215434N12300381WA016280165600000
B2249504215434N12300377WA016300165700000
B2249514215434N12300373WA016310165900000
B2249524215435N12300368WA016310165900000
B2249534215439N12300361WA016310166100000
B2249544215440N12300355WA016320166400000
B2249554215442N12300347WA016340166700000
B2249564215443N12300340WA016360166900000
B2249574215443N12300334WA016400167400000
B2249584215444N12300328WA016430167600000
B2249594215443N12300321WA016440167800000
B2250044215442N12300275WA016460168100000
B2250094215429N12300226WA016500168500000
B2250144215406N12300179WA016640169600000
F225019
B2250194215384N12300143WA016710170200000
B2250244215358N12300101WA016690170900000
B2250294215334N12300057WA016700171400000
B2250344215315N12300015WA016700171800000
B2250394215297N12259973WA016650171300000
B2250444215276N12259928WA016620171400000
B2250494215257N12259877WA016580170800000
F225054
B2250544215239N12259831WA016500170600000
B2250594215215N12259781WA016330169800000
B2251044215190N12259726WA016230168700000
B2251094215164N12259685WA016150167400000
B2251144215142N12259642WA016340167600000
B2251194215157N12259614WA016360167500000
B2251244215183N12259630WA016420167400000
B2251294215176N12259655WA016430167600000
B2251324215154N12259652WA016450168000000
F225133
B2251334215150N12259642WA016490168000000
B2251344215153N12259632WA016510168100000
B2251354215154N12259623WA016530168200000
B2251364215156N12259616WA016550168600000
B2251374215161N12259610WA016550168800000
B2251384215168N12259605WA016560168900000
B2251394215174N12259603WA016560169300000
B2251404215180N12259604WA016560169300000
B2251414215182N12259615WA016580169600000
B2251424215184N12259621WA016580169800000
B2251434215187N12259626WA016600170300000
B2251444215186N12259628WA016600170300000
B2251454215181N12259635WA016610170200000
B2251464215173N12259640WA016610170200000
B2251474215165N12259643WA016610170200000
B2251484215157N12259637WA016620170200000
B2251494215150N12259636WA016630170200000
B2251504215143N12259637WA016640170400000
B2251514215138N12259637WA016670170500000
B2251524215134N12259636WA016700171100000
B2251534215128N12259634WA016730171400000
B2251544215126N12259628WA016740171500000
B2251554215124N12259619WA016750171500000
B2251564215123N12259612WA016740171600000
B2251574215130N12259606WA016750171600000
B2251584215136N12259602WA016770171800000
B2251594215143N12259598WA016810172000000
B2252014215150N12259608WA016850172200000
B2252024215152N12259614WA016870172400000
F225203
B2252034215150N12259621WA016880172600000
B2252044215147N12259627WA016880172700000
B2252054215144N12259631WA016880172700000
B2252064215138N12259635WA016880172600000
B2252074215136N12259642WA016880172800000
B2252084215128N12259647WA016880172800000
B2252094215123N12259652WA016890172900000
B2252104215120N12259658WA016900173100000
B2252114215115N12259663WA016910173100000
B2252124215109N12259664WA016920173400000
B2252134215102N12259666WA016930173300000
B2252144215097N12259667WA016930173200000
B2252154215091N12259670WA016920173200000
B2252164215084N12259672WA016910173000000
B2252174215078N12259674WA016900173200000
B2252184215072N12259678WA016880172900000
B2252194215065N12259680WA016860173000000
B2252204215058N12259680WA016840173000000
B2252214215050N12259681WA016810173000000
B2252224215041N12259682WA016780173000000
B2252234215031N12259684WA016750172700000
B2252244215022N12259685WA016720172800000
B2252254215013N12259688WA016710172700000
B2252264215004N12259690WA016710172600000
B2252274214995N12259692WA016720172700000
B2252324214959N12259702WA016700172700000
F225237
B2252374214921N12259715WA016700172500000
B2252424214891N12259722WA016750172500000
B2252474214854N12259728WA016690172300000
B2252524214822N12259735WA016760172300000
B2252574214788N12259746WA016650172300000
B2253024214749N12259760WA016610172400000
B2253074214709N12259772WA016500171900000
B2253124214677N12259787WA016480171600000
B2253174214635N12259800WA016320170600000
B2253224214596N12259814WA016220169500000
B2253274214551N12259820WA016090168200000
B2253324214506N12259828WA015980167300000
B2253374214461N12259836WA015880166600000
B2253424214419N12259849WA015800164800000
B2253474214379N12259862WA015640163800000
F225352
B2253524214338N12259879WA015600163400000
B2253584214285N12259902WA015520162600000
B2254034214242N12259918WA015460162200000
B2254084214200N12259935WA015400160800000
B2254134214163N12259954WA015310159500000
B2254184214125N12259965WA015260158600000
B2254234214084N12259975WA015150157700000
F225428
B2254284214044N12259982WA015080157000000
B2254334214003N12259993WA014970156600000
B2254384213961N12259995WA014870154900000
B2254434213920N12259999WA014770153600000
B2254484213880N12300006WA014760153200000
B2254534213855N12300002WA014680152500000
B2254584213823N12300015WA014550151900000
B2255034213794N12300042WA014480150800000
B2255084213764N12300065WA014410150000000
F225513
B2255134213735N12300088WA014350149400000
B2255184213705N12300112WA014270148900000
B2255234213674N12300136WA014200148200000
B2255284213641N12300154WA014110147800000
B2255334213612N12300169WA014030146100000
B2255384213577N12300180WA013970145600000
F225543
B2255434213551N12300183WA014180146200000
B2255484213552N12300210WA014200146000000
B2255534213560N12300172WA014360146200000
B2255584213534N12300172WA014380146500000
B2256004213547N12300180WA014410146700000
B2256014213554N12300165WA014430147100000
B2256024213560N12300158WA014450147200000
B2256034213560N12300145WA014470147300000
B2256044213558N12300136WA014490147500000
B2256054213554N12300131WA014520147600000
B2256064213548N12300126WA014530147600000
B2256074213540N12300131WA014540147500000
B2256084213537N12300139WA014570147700000
B2256094213534N12300144WA014580147900000
B2256104213533N12300148WA014590147900000
B2256114213540N12300160WA014600147900000
B2256124213545N12300163WA014610147900000
B2256134213548N12300167WA014620148000000
F225614
B2256144213552N12300168WA014640148000000
B2256154213555N12300166WA014640147900000
B2256164213557N12300164WA014610148400000
B2256174213561N12300162WA014570148500000
B2256184213563N12300151WA014560148700000
B2256194213565N12300147WA014560148800000
B2256204213569N12300144WA014570148800000
B2256214213573N12300141WA014560149000000
B2256224213577N12300139WA014540149000000
B2256234213581N12300138WA014510149000000
B2256244213586N12300143WA014490149000000
B2256254213582N12300153WA014460149000000
B2256264213583N12300162WA014450148800000
B2256274213583N12300170WA014440148700000
B2256284213583N12300177WA014430148600000
B2256294213583N12300181WA014410148400000
B2256304213583N12300187WA014390148100000
B2256314213583N12300194WA014370147800000
B2256324213583N12300201WA014340147600000
B2256334213584N12300208WA014310147100000
B2256344213586N12300215WA014290147000000
B2256354213587N12300221WA014280146900000
B2256364213587N12300226WA014260146600000
B2256374213588N12300232WA014230146200000
B2256384213589N12300239WA014200146000000
B2256394213590N12300246WA014170145700000
B2256404213591N12300252WA014140145500000
B2256414213593N12300260WA014130145400000
B2256464213607N12300287WA014040145000000
B2256514213635N12300287WA013960144900000
B2256564213664N12300271WA013910144600000
B2257024213696N12300256WA013830143400000
B2257074213719N12300246WA014020143300000
F225712
B2257124213736N12300218WA014090144200000
B2257174213738N12300240WA014080144100000
B2257224213708N12300194WA014200145900000
B2257274213719N12300160WA014250145900000
B2257284213722N12300158WA014250146000000
B2257294213726N12300159WA014240146100000
B2257304213728N12300164WA014250146200000
B2257314213727N12300170WA014260146300000
B2257324213722N12300175WA014280146600000
B2257334213721N12300177WA014300146700000
B2257344213720N12300182WA014310146900000
B2257354213717N12300185WA014330147100000
B2257364213710N12300186WA014340147100000
B2257374213701N12300182WA014350147400000
B2257384213695N12300175WA014360147500000
B2257394213689N12300169WA014380147700000
B2257404213684N12300160WA014400147700000
B2257414213682N12300151WA014440147700000
B2257424213683N12300140WA014460147700000
B2257434213683N12300131WA014480148000000
F225744
B2257444213686N12300122WA014480148200000
B2257454213697N12300120WA014480148400000
B2257464213702N12300121WA014480148500000
B2257474213706N12300125WA014490148600000
B2257484213708N12300126WA014500148800000
B2257494213709N12300128WA014510149000000
B2257504213709N12300131WA014520149100000
B2257514213706N12300136WA014530149400000
B2257524213703N12300139WA014540149700000
B2257534213702N12300143WA014560149800000
B2257544213698N12300144WA014580149800000
B2257554213692N12300143WA014600150000000
B2257564213687N12300142WA014620150100000
B2257574213681N12300137WA014640150500000
B2257584213675N12300131WA014650150800000
B2257594213673N12300118WA014670151000000
B2258004213670N12300108WA014700151100000
B2258014213668N12300099WA014720151100000
B2258024213672N12300092WA014740151300000
B2258034213678N12300086WA014750151300000
B2258044213684N12300085WA014760151300000
B2258054213691N12300081WA014760151300000
B2258064213693N12300086WA014760151400000
B2258074213693N12300094WA014750151400000
B2258084213691N12300100WA014760151600000
B2258094213690N12300104WA014790151900000
B2258104213689N12300108WA014820152200000
B2258114213689N12300110WA014840152400000
B2258124213687N12300113WA014870152600000
B2258134213685N12300115WA014890152600000
B2258144213682N12300118WA014920152700000
F225815
B2258154213682N12300122WA014940152800000
B2258164213684N12300122WA014960152800000
B2258174213686N12300124WA014960152900000
B2258184213686N12300125WA014980153000000
B2258194213687N12300127WA014990153000000
B2258204213689N12300131WA015010153100000
B2258214213687N12300136WA015020153200000
B2258224213680N12300143WA015040153200000
B2258234213670N12300147WA015050153600000
B2258244213664N12300143WA015060153600000
B2258254213658N12300124WA015070154200000
B2258264213653N12300114WA015080154400000
B2258274213652N12300105WA015090154600000
B2258284213651N12300099WA015120154600000
B2258294213651N12300093WA015140154700000
B2258304213662N12300094WA015150155100000
B2258314213666N12300096WA015170155300000
B2258324213668N12300098WA015190155500000
B2258334213669N12300102WA015220155700000
B2258344213668N12300106WA015240155800000
B2258354213668N12300109WA015250155800000
B2258374213665N12300117WA015250156000000
B2258384213663N12300121WA015250156100000
B2258394213655N12300120WA015240156200000
B2258404213649N12300121WA015240156400000
B2258414213642N12300120WA015240156400000
B2258424213634N12300118WA015260156700000
B2258434213627N12300116WA015280156800000
B2258444213622N12300111WA015300157000000
B2258454213617N12300103WA015320157200000
F225846
B2258464213613N12300094WA015330157200000
B2258474213610N12300084WA015320157200000
B2258484213608N12300076WA015310157200000
B2258494213607N12300068WA015310157200000
B2258504213607N12300060WA015290157200000
B2258514213614N12300057WA015280157200000
B2258524213618N12300055WA015280157200000
B2258534213626N12300060WA015300157400000
B2258544213627N12300062WA015330157400000
B2258554213626N12300068WA015340157600000
B2258564213627N12300071WA015360157700000
B2258574213628N12300074WA015370157800000
B2258584213627N12300077WA015370157900000
B2258594213626N12300082WA015370157900000
B2259004213625N12300086WA015360157900000
B2259014213623N12300091WA015350158100000
B2259024213618N12300097WA015350158100000
B2259034213613N12300102WA015360158100000
B2259044213605N12300100WA015370158300000
B2259054213599N12300100WA015380158400000
B2259064213594N12300099WA015380158400000
B2259074213586N12300095WA015360158300000
B2259084213579N12300096WA015330158200000
B2259094213571N12300093WA015310158000000
B2259104213563N12300091WA015290157900000
B2259114213555N12300091WA015270157700000
B2259124213547N12300090WA015260157600000
B2259134213540N12300090WA015240157500000
B2259144213531N12300088WA015220157300000
B2259154213523N12300088WA015190157200000
B2259164213514N12300086WA015170157100000
B2259174213506N12300084WA015130156700000
F225918
B2259184213497N12300081WA015100156500000
B2259194213488N12300080WA015080156500000
B2259204213480N12300078WA015060156400000
B2259254213439N12300081WA014970154800000
B2259304213402N12300091WA014900154600000
B2259354213374N12300087WA015050154900000
B2259404213346N12300081WA015150155900000
B2259454213318N12300078WA015230156400000
B2259504213316N12300092WA015330157400000
B2259554213331N12300060WA015400158200000
F230000
B2300004213301N12300032WA015480158500000
B2300014213300N12300044WA015500158900000
B2300024213298N12300049WA015530159000000
B2300034213298N12300055WA015540159300000
B2300044213300N12300059WA015560159700000
B2300054213302N12300062WA015580159800000
B2300064213306N12300063WA015590159700000
B2300074213311N12300057WA015600159900000
B2300084213315N12300051WA015600160000000
B2300094213319N12300042WA015620160300000
B2300104213321N12300033WA015630160600000
B2300114213320N12300022WA015650160700000
B2300134213314N12300002WA015660160900000
B2300144213308N12259993WA015680160700000
B2300154213303N12259987WA015700160900000
B2300164213295N12259983WA015730160800000
B2300174213288N12259984WA015750160800000
B2300184213286N12259991WA015780160700000
B2300194213283N12259996WA015790161200000
B2300204213282N12300003WA015810161600000
B2300214213287N12300005WA015820161900000
B2300224213291N12300007WA015840162000000
B2300234213295N12300008WA015850161900000
B2300244213298N12300005WA015860162000000
B2300254213304N12300002WA015860162000000
B2300264213306N12259993WA015860161900000
B2300274213309N12259985WA015860162000000
B2300284213302N12259967WA015870162100000
B2300294213297N12259956WA015900162300000
B2300304213292N12259947WA015910162400000
F230031
B2300314213285N12259942WA015920162500000
B2300324213279N12259937WA015930162500000
B2300334213273N12259935WA015940162600000
B2300344213266N12259933WA015940162600000
B2300354213261N12259935WA015960162800000
B2300364213258N12259941WA015970163100000
B2300374213256N12259945WA015980163400000
B2300384213254N12259950WA015990163600000
B2300394213252N12259955WA016010164000000
B2300404213250N12259961WA016040164000000
B2300414213248N12259967WA016070164100000
B2300424213244N12259970WA016110164200000
B2300434213240N12259972WA016140164700000
B2300444213236N12259974WA016160165000000
B2300454213233N12259979WA016180165300000
B2300464213229N12259984WA016200165400000
B2300474213227N12259990WA016210165600000
B2300484213225N12259994WA016230165900000
B2300494213224N12259998WA016240166000000
B2300504213226N12300003WA016240166300000
B2300514213229N12300008WA016250166200000
B2300524213232N12300010WA016250166200000
B2300534213237N12300009WA016270166500000
B2300544213239N12259998WA016290166400000
B2300554213242N12259990WA016310166900000
B2300564213243N12259982WA016340167100000
B2300574213245N12259975WA016360167300000
B2300584213243N12259965WA016360167300000
B2300594213241N12259957WA016360167500000
B2301004213237N12259951WA016360167500000
B2301014213226N12259963WA016360167800000
B2301024213221N12259966WA016380168000000
B2301034213220N12259972WA016400168400000
F230104
B2301044213220N12259978WA016410168400000
B2301054213222N12259984WA016410168500000
B2301064213225N12259988WA016430168500000
B2301074213228N12259990WA016460168600000
B2301084213231N12259988WA016480168800000
B2301094213235N12259988WA016500168800000
B2301104213239N12259981WA016510168900000
B2301114213236N12259968WA016510169100000
B2301124213235N12259959WA016520169200000
B2301134213234N12259950WA016550169300000
B2301144213227N12259945WA016570169400000
B2301154213218N12259944WA016580169300000
B2301164213211N12259943WA016600169600000
B2301174213205N12259946WA016620169900000
B2301184213200N12259949WA016630170100000
B2301194213196N12259953WA016650170300000
B2301204213194N12259958WA016650170400000
B2301214213195N12259964WA016650170400000
B2301224213198N12259968WA016650170400000
B2301234213201N12259973WA016660170400000
B2301244213203N12259976WA016690170500000
B2301254213206N12259976WA016740170500000
B2301264213208N12259978WA016780170500000
B2301274213208N12259979WA016800170600000
B2301284213209N12259978WA016810170600000
B2301294213212N12259977WA016810170700000
B2301304213215N12259971WA016780170500000
B2301314213218N12259962WA016750170700000
B2301324213211N12259948WA016740170800000
B2301334213206N12259936WA016760171000000
B2301344213200N12259931WA016810171500000
B2301354213194N12259926WA016860171600000
B2301364213187N12259923WA016900171700000
B2301374213181N12259927WA016910171700000
F230138
B2301384213183N12259944WA016930172100000
B2301394213183N12259952WA016950172300000
B2301404213184N12259959WA016970172500000
B2301414213185N12259960WA016990172800000
B2301424213186N12259959WA017000172900000
B2301434213188N12259955WA017010172900000
B2301444213186N12259945WA017040173000000
B2301454213176N12259929WA017090173300000
B2301464213171N12259922WA017130173400000
B2301474213161N12259917WA017160173400000
B2301484213151N12259913WA017180173700000
B2301494213144N12259914WA017200173700000
B2301504213141N12259921WA017220174000000
B2301514213139N12259930WA017230174100000
B2301524213138N12259934WA017240174100000
B2301534213139N12259936WA017240174100000
B2301544213144N12259938WA017240174800000
B2301554213148N12259931WA017230175000000
B2301564213151N12259927WA017220175600000
B2301574213151N12259921WA017220175900000
B2301584213152N12259912WA017230176200000
B2301594213153N12259904WA017250176300000
B2302004213153N12259897WA017290176900000
B2302014213152N12259889WA017330177400000
B2302024213150N12259881WA017380177800000
B2302034213146N12259872WA017410178100000
B2302044213141N12259864WA017430178300000
B2302054213135N12259858WA017450178500000
B2302064213128N12259854WA017460178500000
B2302074213120N12259851WA017470178500000
B2302084213119N12259863WA017470178500000
B2302094213115N12259869WA017470178600000
B2302104213116N12259874WA017490179100000
F230211
B2302114213116N12259881WA017520179600000
B2302124213116N12259885WA017570180200000
B2302134213115N12259889WA017610180700000
B2302144213115N12259891WA017640181000000
B2302154213117N12259891WA017650180800000
B2302164213118N12259891WA017630180700000
B2302174213122N12259879WA017590180600000
B2302184213116N12259864WA017570180600000
B2302194213113N12259852WA017580180700000
B2302204213109N12259843WA017610180700000
B2302214213104N12259838WA017650180800000
B2302224213100N12259837WA017680180800000
B2302234213094N12259842WA017700180900000
B2302244213088N12259855WA017720180900000
B2302254213086N12259865WA017740181300000
B2302264213085N12259871WA017760181700000
B2302274213084N12259875WA017770181700000
B2302284213084N12259878WA017770181700000
B2302294213084N12259882WA017770181900000
B2302304213085N12259888WA017750181900000
B2302314213081N12259894WA017720182100000
B2302324213077N12259899WA017700182100000
B2302334213071N12259904WA017690182200000
B2302344213067N12259909WA017690182200000
B2302354213063N12259916WA017690182200000
B2302364213060N12259921WA017690182000000
B2302384213053N12259930WA017690182100000
B2302394213050N12259934WA017670181900000
B2302404213045N12259938WA017650181500000
B2302414213040N12259944WA017610181200000
F230242
B2302424213034N12259951WA017560181000000
B2302434213027N12259957WA017530180700000
B2302444213022N12259964WA017490180300000
B2302454213016N12259971WA017470180000000
B2302504212993N12300013WA017260178200000
B2302554212969N12300059WA017130177200000
B2303004212951N12300099WA017020176300000
B2303054212936N12300129WA016980175900000
B2303104212914N12300160WA016870174900000
B2303154212892N12300186WA016800173900000
F230320
B2303204212869N12300209WA016700172900000
B2303254212840N12300229WA016620172400000
B2303304212809N12300244WA016530171300000
B2303354212782N12300260WA016510171100000
B2303404212759N12300273WA016470170900000
B2303454212733N12300289WA016380170300000
B2303504212702N12300307WA016370169700000
B2303554212674N12300324WA016300168800000
B2304004212644N12300335WA016270168300000
F230405
B2304054212610N12300352WA016160167800000
B2304104212575N12300366WA016210167700000
B2304154212544N12300377WA016220167400000
B2304204212513N12300385WA016230167200000
B2304254212480N12300395WA016170166900000
B2304304212445N12300403WA016180166900000
F230435
B2304354212410N12300410WA016120166500000
B2304404212374N12300416WA016040166100000
B2304454212338N12300426WA015990165400000
B2304504212300N12300436WA015900165100000
B2304554212261N12300448WA015850164600000
B2305004212223N12300458WA015800163600000
B2305054212181N12300475WA015630163300000
B2305104212134N12300489WA015540162600000
B2305154212090N12300503WA015480162000000
B2305204212047N12300518WA015410161100000
F230525
B2305254212003N12300535WA015320160500000
B2305304211960N12300555WA015210158400000
B2305354211907N12300582WA015130157400000
B2305404211869N12300605WA015310157800000
B2305454211842N12300617WA015310158200000
B2305504211808N12300630WA015300157700000
B2305554211775N12300647WA015180157700000
B2306004211737N12300665WA015120157200000
B2306054211697N12300684WA014970156800000
B2306104211654N12300707WA014880155000000
F230615
B2306154211610N12300720WA014820153900000
B2306204211565N12300728WA014740153500000
B2306254211519N12300732WA014610152600000
B2306304211474N12300748WA014490152000000
B2306354211435N12300766WA014420151100000
B2306404211391N12300782WA014300150100000
F230645
B2306454211351N12300795WA014240148700000
B2306504211315N12300813WA014130147200000
B2306554211273N12300823WA013980147000000
B2307004211226N12300832WA013890145800000
B2307054211180N12300846WA013800145000000
B2307104211133N12300858WA013760144500000
B2307154211087N12300866WA013630144300000
B2307204211037N12300879WA013480142700000
B2307254210987N12300896WA013380142000000
B2307304210945N12300914WA013340141400000
B2307354210901N12300927WA013250140800000
F230740
B2307404210858N12300940WA013150140100000
B2307454210814N12300954WA013070137800000
B2307504210768N12300968WA013000137100000
B2307554210723N12300983WA012930135000000
B2308004210678N12300995WA012860134100000
B2308054210631N12301006WA012770133200000
F230810
B2308104210586N12301019WA012690131900000
B2308154210538N12301030WA012610131500000
B2308204210496N12301037WA012560131100000
B2308254210452N12301044WA012460130900000
B2308304210408N12301048WA012430129500000
B2308354210363N12301049WA012330128700000
B2308404210321N12301047WA012290127300000
B2308454210279N12301048WA012230126800000
B2308504210241N12301052WA012310127100000
B2308554210214N12301050WA012460128000000
B2309004210185N12301054WA012480128200000
B2309054210148N12301053WA012370127100000
B2309104210098N12301056WA012350127000000
B2309154210053N12301053WA012330126700000
B2309204210010N12301047WA012240126000000
B2309254209967N12301042WA012240125800000
B2309304209923N12301034WA012310126100000
B2309354209886N12301024WA012430126600000
B2309404209858N12301007WA012560127400000
B2309454209835N12300980WA012660128400000
B2309504209815N12301011WA012790128900000
B2309554209829N12300994WA012910129800000
B2310004209787N12300993WA013040131300000
B2310014209784N12301002WA013060131600000
B2310024209786N12301008WA013090132500000
B2310034209786N12301015WA013100132700000
B2310044209786N12301020WA013130132800000
F231005
B2310054209787N12301019WA013130133200000
B2310064209790N12301011WA013130133100000
B2310074209792N12301004WA013120133100000
B2310084209792N12300995WA013100133200000
B2310094209790N12300983WA013120133300000
B2310104209781N12300975WA013160134000000
B2310114209775N12300970WA013200134700000
B2310124209768N12300966WA013250135200000
B2310134209759N12300965WA013280135500000
B2310144209754N12300975WA013310136000000
B2310154209752N12300983WA013330136300000
B2310164209751N12300987WA013360136300000
B2310174209753N12300989WA013370136400000
B2310184209754N12300990WA013370136300000
B2310194209757N12300987WA013360136500000
B2310204209758N12300986WA013370136500000
B2310214209759N12300985WA013380136600000
B2310224209760N12300984WA013400137000000
B2310234209761N12300982WA013410137100000
B2310244209761N12300979WA013430137300000
B2310254209762N12300975WA013440137300000
B2310264209761N12300968WA013440137300000
B2310274209757N12300958WA013430137100000
B2310284209753N12300948WA013420137100000
B2310294209749N12300939WA013430137100000
B2310304209743N12300936WA013460137300000
B2310314209732N12300932WA013520137400000
B2310324209724N12300929WA013600137400000
B2310334209716N12300926WA013660137600000
B2310344209708N12300921WA013700137800000
F231035
B2310354209702N12300915WA013710138300000
B2310364209703N12300899WA013720138800000
B2310374209702N12300889WA013730139000000
B2310384209703N12300879WA013760139400000
B2310394209707N12300870WA013810139500000
B2310404209714N12300885WA013850140500000
B2310414209716N12300890WA013900141200000
B2310424209716N12300892WA013960142000000
B2310434209715N12300894WA014010142600000
B2310444209710N12300898WA014040142800000
B2310454209705N12300901WA014040143000000
B2310464209697N12300900WA014080143100000
B2310474209690N12300895WA014130143600000
B2310484209687N12300883WA014160144000000
B2310504209701N12300876WA014210144800000
B2310514209708N12300877WA014260145000000
B2310524209713N12300879WA014310145100000
B2310534209706N12300887WA014350145000000
B2310544209703N12300890WA014390145100000
B2310554209692N12300889WA014440145300000
B2310564209687N12300879WA014490145300000
B2310574209684N12300865WA014550146000000
B2310584209684N12300850WA014600146400000
B2310594209684N12300844WA014640146700000
B2311004209686N12300856WA014670147500000
B2311014209685N12300863WA014700147900000
B2311024209684N12300867WA014740148300000
B2311034209675N12300872WA014790148800000
B2311044209669N12300871WA014830148800000
F231105
B2311054209667N12300863WA014870149000000
B2311064209661N12300841WA014910150300000
B2311074209660N12300831WA014950151200000
B2311084209665N12300824WA015000151600000
B2311094209668N12300818WA015030152000000
B2311104209673N12300813WA015060152000000
B2311114209674N12300811WA015100152200000
B2311124209676N12300831WA015150153500000
B2311134209675N12300838WA015190154100000
B2311144209667N12300842WA015230154900000
B2311154209661N12300845WA015270155700000
B2311164209653N12300845WA015320155900000
B2311174209646N12300843WA015360156100000
B2311184209649N12300818WA015410157300000
B2311194209648N12300809WA015440157700000
B2311204209653N12300804WA015480157900000
B2311214209658N12300804WA015530158600000
B2311224209662N12300806WA015580159200000
B2311234209666N12300809WA015610159900000
B2311244209669N12300816WA015640161000000
B2311254209668N12300822WA015680161600000
B2311264209661N12300832WA015720161800000
B2311274209656N12300834WA015750161000000
B2311284209648N12300831WA015790160700000
B2311294209641N12300812WA015830161500000
B2311304209637N12300804WA015870162000000
B2311314209636N12300793WA015920162100000
B2311324209644N12300791WA015960163100000
B2311334209648N12300792WA016000163900000
B2311344209650N12300798WA016060164300000
F231135
B2311354209651N12300805WA016090164700000
B2311364209643N12300815WA016120164900000
B2311374209638N12300822WA016140165000000
B2311384209632N12300828WA016180165200000
B2311394209624N12300829WA016220165200000
B2311404209618N12300830WA016250165300000
B2311414209615N12300828WA016280165400000
B2311424209613N12300802WA016320166200000
B2311434209611N12300792WA016340166500000
B2311444209608N12300785WA016390166600000
B2311454209611N12300771WA016430166900000
B2311464209617N12300770WA016500167500000
B2311474209621N12300768WA016560167800000
B2311484209624N12300769WA016600168000000
B2311494209626N12300772WA016630168400000
B2311504209631N12300776WA016650168900000
B2311514209634N12300781WA016650169300000
B2311524209635N12300788WA016650169700000
B2311534209633N12300795WA016640169700000
B2311544209625N12300800WA016620169700000
B2311554209617N12300802WA016620170200000
B2311564209609N12300804WA016650170400000
B2311574209605N12300806WA016690170600000
B2311584209601N12300807WA016740170600000
B2311594209596N12300807WA016770170600000
B2312004209592N12300806WA016790170700000
B2312014209584N12300803WA016800171100000
B2312024209577N12300798WA016810171600000
B2312034209570N12300794WA016840172100000
B2312044209564N12300789WA016870172500000
B2312054209559N12300785WA016910172800000
B2312064209552N12300780WA016940173400000
B2312074209545N12300775WA016990174100000
B2312084209539N12300771WA017040174700000
F231209
B2312094209534N12300767WA017110175400000
B2312104209529N12300765WA017180176100000
B2312114209525N12300762WA017230176800000
B2312124209520N12300759WA017280177200000
B2312134209515N12300755WA017320177600000
B2312144209510N12300749WA017350178100000
B2312154209504N12300745WA017380178600000
B2312204209478N12300726WA017580180900000
B2312254209449N12300714WA017650181300000
B2312304209460N12300739WA017680181400000
B2312354209475N12300741WA017900182100000
B2312404209484N12300751WA018120184300000
F231245
B2312454209485N12300716WA018180185900000
B2312504209463N12300691WA018440189400000
B2312554209444N12300669WA018640191400000
B2313004209421N12300640WA018820193500000
B2313054209395N12300654WA018910194000000
B2313104209410N12300672WA019100195400000
B2313154209429N12300657WA019260196900000
F231318
B2313184209413N12300639WA019370198100000
B2313194209408N12300633WA019400198600000
B2313204209404N12300626WA019430199100000
B2313214209399N12300619WA019460199700000
B2313224209395N12300613WA019510200300000
B2313234209390N12300607WA019540200800000
B2313244209386N12300602WA019570201000000
B2313254209382N12300594WA019590201300000
B2313264209378N12300586WA019600201500000
B2313274209375N12300577WA019620201800000
B2313294209367N12300563WA019670202500000
B2313304209363N12300558WA019690202700000
B2313314209360N12300552WA019710202700000
B2313324209355N12300545WA019710202600000
B2313334209350N12300539WA019700202500000
B2313344209343N12300536WA019680202500000
B2313354209334N12300534WA019670202400000
B2313364209327N12300537WA019650202400000
B2313374209321N12300542WA019630202400000
B2313384209315N12300547WA019620202200000
B2313394209310N12300552WA019610202100000
B2313404209306N12300558WA019590202200000
B2313414209300N12300563WA019570202000000
B2313424209294N12300569WA019550201800000
B2313434209288N12300576WA019530201500000
B2313444209281N12300583WA019510201400000
B2313454209275N12300590WA019500201300000
B2313464209269N12300597WA019500201200000
B2313474209264N12300604WA019500201200000
B2313484209259N12300610WA019500201100000
B2313494209255N12300616WA019490200900000
B2313504209250N12300623WA019450200500000
F231351
B2313514209244N12300629WA019410199900000
B2313524209239N12300636WA019360199600000
B2313534209233N12300644WA019350199700000
B2313544209227N12300650WA019350199700000
B2313594209201N12300687WA019280199400000
B2314044209175N12300727WA019230198800000
B2314094209146N12300756WA019260198400000
B2314144209115N12300789WA019270198600000
B2314194209090N12300825WA019210198000000
B2314244209060N12300860WA019140197500000
B2314294209034N12300896WA019030196300000
B2314344209006N12300936WA018950195600000
B2314394208980N12300970WA018870194600000
B2314444208952N12301006WA018800193800000
B2314494208925N12301038WA018730193300000
B2314544208899N12301073WA018670192800000
F231459
B2314594208873N12301108WA018630192500000
B2315044208847N12301141WA018570191700000
B2315094208820N12301174WA018540191400000
B2315144208790N12301205WA018490190900000
B2315194208762N12301233WA018460190400000
B2315244208738N12301265WA018370189600000
F231529
B2315294208712N12301298WA018310188900000
B2315344208684N12301329WA018290188600000
B2315394208658N12301360WA018210187900000
B2315444208633N12301388WA018130187000000
B2315494208608N12301418WA018050186300000
B2315544208585N12301444WA017990185700000
F231559
B2315594208558N12301474WA017900184800000
B2316044208535N12301503WA017860184200000
B2316094208507N12301531WA017800183800000
B2316144208482N12301558WA017760182900000
B2316194208454N12301587WA017680182100000
B2316244208429N12301616WA017620181400000
B2316294208401N12301647WA017540180700000
B2316344208375N12301679WA017500180300000
B2316394208348N12301711WA017440179600000
F231644
B2316444208321N12301740WA017350179000000
B2316494208291N12301768WA017260178200000
B2316544208266N12301800WA017190177000000
B2316594208236N12301830WA017120176200000
B2317054208201N12301867WA017010174900000
B2317104208169N12301900WA016890173600000
B2317154208136N12301934WA016750172200000
B2317204208102N12301969WA016650171200000
B2317254208068N12302005WA016560170500000
B2317304208034N12302040WA016470169100000
B2317354208003N12302073WA016380168400000
B2317404207976N12302104WA016280167100000
B2317454207946N12302142WA016120165900000
B2317504207913N12302179WA016040164700000
B2317554207877N12302214WA015940163800000
B2318004207839N12302252WA015830162500000
F231805
B2318054207803N12302292WA015740161400000
B2318104207766N12302333WA015620160300000
B2318154207730N12302373WA015490158900000
B2318204207691N12302414WA015400158100000
B2318254207654N12302455WA015280156700000
B2318304207616N12302496WA015200156000000
B2318354207577N12302537WA015090154900000
B2318404207539N12302574WA015020154100000
B2318454207501N12302613WA014910153000000
B2318504207462N12302651WA014810152000000
F231855
B2318554207426N12302692WA014740151300000
B2319004207392N12302731WA014680150700000
B2319054207359N12302769WA014580149600000
B2319104207328N12302802WA014480148600000
B2319154207297N12302840WA014310147000000
B2319204207268N12302877WA014280146700000
B2319254207242N12302913WA014250146300000
F231930
B2319304207216N12302953WA014240146000000
B2319354207191N12302988WA014180145200000
B2319404207162N12303021WA014110144600000
B2319454207134N12303055WA013980143300000
B2319504207104N12303086WA013830141700000
B2319554207073N12303117WA013710140400000
B2320004207040N12303151WA013600139200000
B2320054207005N12303184WA013470138300000
B2320104206967N12303218WA013340137800000
B2320154206930N12303252WA013440137600000
B2320204206901N12303274WA013430137300000
B2320254206872N12303301WA013360136600000
B2320304206844N12303332WA013220135000000
F232035
B2320354206811N12303370WA013100134000000
B2320404206781N12303406WA013070133600000
B2320454206757N12303435WA013050133600000
B2320504206725N12303468WA012940132600000
B2320554206691N12303498WA012840131200000
B2321004206658N12303531WA012750130400000
B2321054206632N12303561WA012690129800000
F232110
B2321104206613N12303587WA012600129000000
B2321154206590N12303630WA012500128000000
B2321204206573N12303663WA012430127000000
B2321254206557N12303701WA012410127200000
B2321304206539N12303739WA012440127200000
B2321354206520N12303774WA012450127000000
F232140
B2321404206497N12303822WA012380126600000
B2321454206474N12303862WA012360126100000
B2321504206448N12303904WA012380126400000
B2321554206429N12303944WA012260125900000
B2322004206402N12303983WA012220125500000
B2322054206375N12304023WA012180124900000
F232210
B2322104206344N12304068WA012110124000000
B2322154206318N12304112WA012200124300000
B2322204206298N12304153WA012220124500000
B2322254206278N12304195WA012290125100000
B2322304206257N12304242WA012300125400000
B2322354206236N12304287WA012380125900000
B2322404206212N12304332WA012390126100000
B2322454206188N12304379WA012380126100000
B2322504206156N12304426WA012200124300000
F232255
B2322554206126N12304486WA012080123300000
B2323004206094N12304536WA012040122800000
B2323054206067N12304582WA011980121900000
B2323104206037N12304634WA011920121500000
B2323164206004N12304699WA011980122100000
B2323214205979N12304744WA011970121800000
B2323264205953N12304794WA011910121200000
B2323314205931N12304851WA011960121800000
F232336
B2323364205908N12304893WA012070122600000
B2323414205886N12304928WA012140123000000
B2323464205864N12304968WA012110123000000
B2323524205842N12304999WA012150123200000
B2323574205816N12305054WA012130123200000
B2324024205791N12305113WA012140123300000
F232407
B2324074205765N12305170WA012200123300000
B2324124205740N12305219WA012280123900000
B2324184205718N12305269WA012460125400000
B2324234205693N12305313WA012510126100000
B2324284205675N12305358WA012640126900000
B2324334205657N12305411WA012630127500000
F232438
B2324384205650N12305460WA012690128400000
B2324434205645N12305509WA012500128500000
B2324484205629N12305572WA012460127800000
B2324494205626N12305585WA012460128000000
B2324514205620N12305610WA012530128100000
B2324524205619N12305617WA012550128200000
B2324534205617N12305626WA012560128200000
B2324544205617N12305634WA012560127900000
B2324594205606N12305680WA012500127900000
B2325044205597N12305715WA012460127600000
F232509
B2325094205583N12305752WA012520128000000
B2325144205559N12305774WA012470127600000
B2325194205532N12305744WA012520127800000
B2325244205504N12305720WA012460127100000
B2325294205472N12305734WA012470127200000
B2325344205452N12305760WA012480127000000
B2325394205468N12305781WA012420126800000
F232544
B2325444205480N12305809WA012430127000000
B2325494205490N12305836WA012470127100000
B2325544205501N12305861WA012580127900000
B2325594205517N12305870WA012660128200000
B2326044205539N12305875WA012650129000000
B2326094205558N12305886WA012650128900000
B2326144205583N12305898WA012610129400000
F232619
B2326194205604N12305891WA012580129300000
B2326244205631N12305901WA012520129000000
B2326294205649N12305875WA012330128500000
B2326344205676N12305874WA012120127100000
B2326394205702N12305851WA011880125000000
B2326444205715N12305842WA011790123200000
B2326494205741N12305847WA011650121900000
B2326544205695N12305820WA011460119800000
B2326594205729N12305819WA011420117800000
B2327044205739N12305837WA011310116600000
B2327094205721N12305872WA011150114600000
B2327144205733N12305867WA011100112100000
B2327194205753N12305860WA010950110900000
B2327244205755N12305898WA010710110200000
F232729
B2327294205765N12305872WA010550108400000
B2327344205777N12305849WA010430107000000
B2327394205808N12305854WA010310106000000
B2327444205820N12305827WA010100105400000
B2327494205837N12305833WA009910103300000
B2327544205788N12305827WA009730101500000
B2327594205795N12305856WA009460099900000
B2328044205800N12305820WA009470098800000
B2328064205802N12305819WA009450097700000
F232807
B2328074205805N12305815WA009400097300000
B2328084205807N12305798WA009350096800000
B2328094205808N12305786WA009310096300000
B2328104205804N12305773WA009280095600000
B2328114205799N12305760WA009210095300000
B2328124205795N12305756WA009160095000000
B2328134205792N12305753WA009110094600000
B2328144205784N12305790WA009110093900000
B2328154205787N12305796WA009110093600000
B2328164205790N12305798WA009100093500000
B2328174205794N12305791WA009080093200000
B2328184205796N12305784WA009060093000000
B2328194205784N12305769WA009040092700000
B2328204205777N12305761WA009040092400000
B2328214205772N12305757WA009040092100000
B2328224205767N12305751WA009030091800000
B2328234205764N12305744WA009020091600000
B2328244205756N12305738WA008980091500000
B2328254205748N12305734WA008950090800000
B2328264205741N12305732WA008930090700000
B2328274205734N12305730WA008930090700000
B2328284205728N12305728WA008930090600000
B2328294205723N12305727WA008930090300000
B2328304205716N12305725WA008920090100000
B2328314205709N12305724WA008890090000000
B2328324205702N12305725WA008870089800000
B2328334205695N12305726WA008860089600000
B2328344205688N12305727WA008850089500000
B2328354205682N12305727WA008840089400000
B2328364205676N12305731WA008830088900000
F232837
B2328374205669N12305733WA008810088700000
B2328384205662N12305736WA008800088600000
B2328394205656N12305740WA008780088600000
B2328404205652N12305746WA008780088600000
B2328414205647N12305749WA008770088400000
B2328424205642N12305753WA008770088400000
B2328434205638N12305759WA008760088200000
B2328444205633N12305764WA008740087900000
B2328454205631N12305771WA008720087700000
B2328464205629N12305778WA008700087300000
B2328474205628N12305785WA008670087300000
B2328484205628N12305791WA008660087200000
B2328494205629N12305796WA008650087100000
B2328504205631N12305801WA008620087000000
B2328514205633N12305804WA008590086800000
B2328524205636N12305808WA008550086800000
B2328534205640N12305812WA008520086700000
B2328544205643N12305817WA008510086500000
B2328554205650N12305811WA008500086200000
B2328564205654N12305809WA008490085900000
B2328574205659N12305805WA008480085600000
B2328584205663N12305801WA008470085300000
B2328594205668N12305796WA008470085300000
B2329004205671N12305792WA008470085100000
B2329014205675N12305790WA008470085000000
B2329024205680N12305787WA008460084800000
B2329034205684N12305791WA008430084500000
B2329044205687N12305793WA008400084400000
B2329064205681N12305811WA008310084500000
B2329074205672N12305815WA008280084300000
B2329094205657N12305796WA008230084000000
F232910
B2329104205654N12305791WA008160084200000
B2329114205655N12305786WA008100084100000
B2329124205666N12305800WA008070083900000
B2329134205671N12305806WA008040083800000
B2329144205662N12305807WA008020083000000
B2329164205652N12305807WA007950082500000
B2329174205648N12305790WA007900082400000
B2329184205663N12305780WA007850081900000
B2329194205669N12305774WA007800081800000
B2329204205672N12305778WA007780081500000
B2329214205675N12305780WA007780081100000
B2329224205672N12305788WA007790080800000
B2329234205667N12305789WA007800080600000
B2329244205651N12305795WA007810080300000
B2329254205645N12305801WA007780080000000
B2329264205642N12305808WA007720079800000
B2329274205643N12305819WA007630079300000
B2329284205652N12305810WA007560078900000
B2329294205655N12305801WA007500078100000
B2329304205655N12305798WA007480078000000
B2329314205652N12305795WA007450077900000
B2329324205639N12305793WA007430077500000
B2329334205637N12305794WA007410077300000
B2329344205635N12305799WA007370076800000
B2329354205636N12305799WA007330076000000
B2329364205642N12305788WA007300075500000
B2329374205644N12305776WA007270075100000
B2329384205640N12305762WA007240074600000
B2329394205633N12305758WA007230074500000
B2329404205626N12305760WA007210074300000
B2329414205619N12305771WA007200074100000
B2329424205618N12305782WA007190073600000
F232943
B2329434205621N12305791WA007170073300000
B2329444205624N12305791WA007150072800000
B2329454205628N12305794WA007150072600000
B2329464205630N12305794WA007130072300000
B2329474205631N12305797WA007090072100000
B2329484205630N12305798WA007050071800000
B2329494205618N12305801WA007030071400000
B2329504205610N12305800WA007010071100000
B2329514205605N12305787WA006990070500000
B2329524205600N12305778WA006970070100000
B2329534205596N12305766WA006960070100000
B2329544205595N12305757WA006960070000000
B2329554205593N12305749WA006960069700000
B2329564205590N12305741WA006950069700000
B2329574205586N12305734WA006940069600000
B2329584205581N12305726WA006940069400000
B2329594205575N12305720WA006940069400000
B2330004205570N12305715WA006960069500000
B2330014205565N12305712WA006960069500000
B2330024205559N12305716WA006950069000000
B2330034205552N12305719WA006930068800000
B2330044205546N12305723WA006900068700000
B2330054205542N12305727WA006880068600000
B2330064205544N12305741WA006850068300000
B2330074205543N12305747WA006840068300000
B2330084205550N12305745WA006840068200000
B2330094205554N12305749WA006830068200000
B2330104205557N12305751WA006810068000000
B2330114205557N12305756WA006770067800000
B2330124205559N12305763WA006750067800000
B2330134205568N12305760WA006710067000000
B2330144205573N12305762WA006690066600000
B2330154205578N12305761WA006690066400000
B2330164205582N12305762WA006690066100000
B2330174205583N12305768WA006660065900000
B2330184205584N12305771WA006620065700000
F233019
B2330194205577N12305782WA006590065800000
B2330204205577N12305791WA006580065700000
B2330214205578N12305799WA006560065500000
B2330224205580N12305804WA006520065400000
B2330234205583N12305801WA006520064800000
B2330244205588N12305802WA006530064600000
B2330254205591N12305807WA006530064400000
B2330264205591N12305811WA006480064400000
B2330274205591N12305816WA006440064400000
B2330284205584N12305820WA006430064100000
B2330294205575N12305820WA006430063900000
B2330304205568N12305816WA006420063700000
B2330314205561N12305806WA006420063500000
B2330324205555N12305804WA006410063200000
B2330334205549N12305803WA006400063100000
B2330344205543N12305806WA006370062800000
B2330354205537N12305812WA006350062500000
B2330364205532N12305816WA006330062200000
B2330374205530N12305821WA006330062100000
B2330384205526N12305825WA006320061800000
B2330394205524N12305828WA006300061600000
B2330404205523N12305832WA006270061400000
B2330414205522N12305839WA006240061100000
B2330424205522N12305844WA006220061000000
B2330434205521N12305850WA006190060900000
B2330444205520N12305854WA006170060800000
B2330454205519N12305858WA006160060600000
B2330464205516N12305863WA006140060200000
B2330474205514N12305867WA006120060100000
B2330484205511N12305872WA006100059900000
B2330494205507N12305878WA006080059700000
B2330504205504N12305884WA006070059600000
B2330514205503N12305889WA006070059600000
B2330524205505N12305892WA006070059500000
B2330534205507N12305895WA006070059400000
F233054
B2330544205510N12305897WA006050059400000
B2330554205514N12305891WA006030059300000
B2330564205518N12305883WA006010059100000
B2330574205522N12305875WA005980059100000
B2330584205524N12305864WA005960059100000
B2330594205524N12305854WA005950059200000
B2331004205519N12305845WA005970059300000
B2331014205516N12305839WA005980059400000
B2331024205515N12305830WA005980059200000
B2331034205512N12305823WA005970059000000
B2331044205512N12305815WA005950059000000
B2331054205512N12305808WA005920058800000
B2331064205512N12305801WA005880058600000
B2331074205514N12305792WA005860058300000
B2331084205517N12305785WA005840058300000
B2331094205518N12305779WA005840058200000
B2331104205520N12305773WA005840058100000
B2331114205523N12305770WA005840058100000
B2331124205525N12305767WA005840057900000
B2331134205529N12305766WA005830057800000
B2331144205531N12305765WA005830057700000
B2331154205536N12305764WA005830057500000
B2331164205538N12305765WA005830057400000
B2331174205541N12305765WA005820057100000
B2331184205545N12305764WA005810057100000
B2331194205548N12305764WA005800056900000
B2331204205552N12305766WA005770056900000
B2331214205557N12305767WA005750056900000
B2331224205560N12305771WA005730056800000
B2331234205564N12305771WA005700057000000
B2331244205565N12305776WA005690056900000
B2331254205566N12305783WA005670056900000
B2331264205564N12305786WA005660057000000
F233127
B2331274205553N12305789WA005650057000000
B2331294205542N12305797WA005640056600000
B2331314205540N12305809WA005620056600000
B2331324205540N12305816WA005600056500000
B2331334205538N12305821WA005590056200000
B2331344205539N12305827WA005590056100000
B2331354205542N12305831WA005580056000000
B2331364205545N12305833WA005560055900000
B2331374205545N12305841WA005530055900000
B2331384205547N12305843WA005510055900000
B2331394205551N12305852WA005500056000000
B2331404205552N12305861WA005500055900000
B2331414205555N12305863WA005500055700000
B2331424205558N12305866WA005500055700000
B2331434205559N12305868WA005510055500000
B2331444205560N12305871WA005510055500000
B2331454205562N12305873WA005520055300000
B2331464205562N12305875WA005520055300000
B2331474205563N12305877WA005520055200000
B2331484205562N12305878WA005520055100000
B2331494205561N12305876WA005520054600000
B2331504205559N12305875WA005520054600000
B2331514205560N12305876WA005520054600000
B2331524205560N12305877WA005520054600000
B2331534205560N12305876WA005520054500000
B2331544205560N12305876WA005520054500000
B2331554205561N12305877WA005520054400000
B2331564205561N12305877WA005520054400000
B2331574205561N12305877WA005510054300000
B2331584205560N12305877WA005510054200000
F233159
B2331594205560N12305877WA005520054200000
B2332004205560N12305877WA005520054200000
B2332014205560N12305877WA005520054200000
B2332024205560N12305877WA005520054200000
B2332034205560N12305877WA005520054100000
B2332044205560N12305877WA005520054200000
B2332054205560N12305877WA005520054200000
B2332064205560N12305877WA005520054200000
B2332074205560N12305877WA005520054200000
B2332084205560N12305877WA005520054100000
B2332094205560N12305877WA005520054100000
B2332144205560N12305877WA005520054100000
G770a9543ee40797e
G8e92fe509191f0fc
G7e65a48982bfb14e
G4d2926f2016fce04
Gadd2f4d14ad4192a
Ga62c87fb7632d0b4
G9ba8d9019e6712f3
Gd657b4a4fcbe987c
