AXCTce9d9864-a984-420c-81ea-b05f4669e919
HFFTYFRTYPE:Google Pixel 9 Pro XL 14 Client:xctrack FlightId:01928709-7da6-77fe-87cd-7bb63610554e
HFRFWFIRMWAREVERSION:0.9.11.11 LIVE:UNKNOWN
HFPLTPILOTINCHARGE:Josh Cohn
HOSITSite:Mt Vaca
HFCCLCOMPETITIONCLASS:FAI-3 (PG)
HFGTYGLIDERTYPE:NIVIUK Icepeak X-One
HODTM100GPSDATUM:WGS-84
HFALPALTPRESSURE:ISA
HFALG:GEO
HFDTEDATE:131024,00
I023636LAD3737LOD
LXCTDEVICE eyJjYXBhYmlsaXRpZXMiOnsibWVtQ2xhc3MiOjI1NiwibWVtTGFyZ2VDbGFzcyI6N
LXCTDEVICE TEyLCJuYW4iOnRydWV9LCJkZXZpY2UiOnsiYm9hcmQiOiJrb21vZG8iLCJidWlsZE
LXCTDEVICE lkIjoiQUQxQS4yNDA5MDUuMDA0IiwiY3B1QUJJIjoiYXJtNjQtdjhhIiwiY3B1QUJ
LXCTDEVICE JMiI6IiIsImRldlF1ZXVlQnVpbGQiOiJmMjNhYWYxNDhlNWZhMGNjMGEwNTAzZWE4
LXCTDEVICE MTY1OTdjOWJjNDgwODBkIiwiZGV2aWNlU3RyaW5nIjoiR29vZ2xlIFBpeGVsIDkgU
LXCTDEVICE HJvIFhMIDE0IiwiZGlzcGxheSI6eyJoIjoyMDcxLCJtbSI6MTQuMTczMjI4LCJ3Ij
LXCTDEVICE oxMDA4fSwiZmluZ2VycHJpbnQiOiJnb29nbGUva29tb2RvL2tvbW9kbzoxNC9BRDF
LXCTDEVICE BLjI0MDkwNS4wMDQvMTIxOTYyOTI6dXNlci9yZWxlYXNlLWtleXMiLCJoYXJkd2Fy
LXCTDEVICE ZSI6ImtvbW9kbyIsIm1hbnVmYWN0dXJlciI6Ikdvb2dsZSIsIm1vZGVsIjoiUGl4Z
LXCTDEVICE WwgOSBQcm8gWEwiLCJwcm9kdWN0Ijoia29tb2RvIiwic2RrIjozNCwidGltZXpvbm
LXCTDEVICE UiOiJBbWVyaWNhL0xvc19BbmdlbGVzIn0sImRldmljZUlkIjoiY2U5ZDk4NjQtYTk
LXCTDEVICE 4NC00MjBjLTgxZWEtYjA1ZjQ2NjllOTE5IiwieGN0cmFjayI6eyJ2ZXJzaW9uQ29k
LXCTDEVICE ZSI6OTExOTIsInZlcnNpb25OYW1lIjoiMC45LjExLjExIn19
B1858423824016N12206366WA007970085115
B1858433824016N12206366WA007970085115
B1858443824016N12206366WA007970085115
B1858453824016N12206366WA007970085115
B1858463824016N12206366WA007970085115
B1858473824016N12206366WA007970085117
B1858483824015N12206366WA007970085199
B1858493824015N12206367WA007970085190
B1858503824015N12206367WA007970085190
B1858513824015N12206367WA007970085190
B1858523824016N12206367WA007970085002
B1858533824016N12206367WA007970085025
B1858543824016N12206366WA007970085065
B1858553824016N12206365WA007970085094
B1858563824016N12206365WA007970085045
B1858573824015N12206366WA007970085062
B1858583824015N12206367WA007970085036
B1858593824014N12206369WA007960085073
B1859003824013N12206371WA007950085071
B1859013824012N12206373WA007940085025
B1859023824009N12206375WA007940084965
B1859033824006N12206377WA007940085132
B1859043824003N12206378WA007950085260
B1859053824001N12206378WA007960085403
B1859063823998N12206378WA007970085441
B1859073823995N12206377WA007970085328
B1859083823991N12206379WA007970085272
B1859093823989N12206383WA007960085077
B1859103823989N12206388WA007950084949
B1859113823990N12206394WA007930084948
B1859123823990N12206399WA007920084999
B1859133823991N12206404WA007920084913
B1859143823991N12206408WA007920084944
B1859153823991N12206412WA007920084967
B1859163823991N12206417WA007920084793
B1859173823992N12206422WA007910084603
B1859183823992N12206427WA007900084617
B1859193823992N12206433WA007890084652
B1859203823993N12206438WA007900084813
B1859213823993N12206443WA007910085082
B1859223823994N12206447WA007920085336
B1859233823994N12206451WA007950085691
B1859243823994N12206453WA007970085859
B1859253823993N12206456WA008000085919
B1859263823990N12206460WA008020085920
B1859273823985N12206461WA008040086026
B1859283823979N12206459WA008050086013
B1859293823974N12206453WA008050086180
B1859303823973N12206444WA008040086315
B1859313823974N12206436WA008050086506
B1859323823976N12206430WA008060086790
B1859333823981N12206425WA008080086740
B1859343823986N12206422WA008090086680
B1859353823992N12206421WA008100086683
B1859363823997N12206424WA008090086485
B1859373824001N12206429WA008090086569
B1859383824004N12206435WA008090086658
B1859393824006N12206439WA008100087078
B1859403824007N12206442WA008130087466
B1859413824007N12206444WA008160087568
B1859423824006N12206448WA008180087560
B1859433824004N12206452WA008200087610
B1859443824000N12206454WA008210087615
B1859453823994N12206454WA008200087762
B1859463823990N12206450WA008200087717
B1859473823987N12206444WA008200087821
B1859483823987N12206436WA008210087902
B1859493823988N12206428WA008220087996
B1859503823992N12206422WA008220087977
B1859513823997N12206418WA008230088167
B1859523824003N12206417WA008240088202
B1859533824007N12206418WA008250088266
B1859543824011N12206422WA008260088223
B1859553824013N12206426WA008270088379
B1859563824014N12206431WA008280088580
B1859573824014N12206434WA008300088731
B1859583824012N12206437WA008310088651
B1859593824009N12206439WA008310088534
B1900003824005N12206440WA008300088508
B1900013823999N12206438WA008300088596
B1900023823994N12206433WA008290088472
B1900033823991N12206425WA008280088362
B1900043823991N12206416WA008280088562
B1900053823994N12206408WA008290088714
B1900063823998N12206402WA008290088746
B1900073824003N12206398WA008300088707
B1900083824007N12206397WA008310088873
B1900093824012N12206398WA008310088821
B1900103824016N12206400WA008310089042
B1900113824019N12206402WA008320089196
B1900123824022N12206404WA008330089297
B1900133824025N12206407WA008340089350
B1900143824027N12206409WA008350089337
B1900153824028N12206413WA008360089344
B1900163824028N12206417WA008360089258
B1900173824028N12206422WA008360089304
B1900183824026N12206426WA008370089485
B1900193824025N12206429WA008370089407
B1900203824021N12206431WA008370089276
B1900213824016N12206429WA008370089198
B1900223824012N12206424WA008360089072
B1900233824009N12206416WA008350089165
B1900243824009N12206407WA008340089269
B1900253824012N12206400WA008340089392
B1900263824017N12206395WA008350089399
B1900273824024N12206395WA008350089376
B1900283824029N12206397WA008360089546
B1900293824033N12206400WA008370089839
B1900303824034N12206403WA008390090099
B1900313824034N12206406WA008410090054
B1900323824033N12206409WA008420089849
B1900333824030N12206413WA008410089635
B1900343824026N12206415WA008400089446
B1900353824021N12206415WA008380089485
B1900363824017N12206413WA008370089324
B1900373824012N12206409WA008370089453
B1900383824009N12206403WA008370089504
B1900393824007N12206395WA008370089443
B1900403824006N12206386WA008370089578
B1900413824007N12206378WA008380089838
B1900423824009N12206372WA008390090131
B1900433824011N12206366WA008410090512
B1900443824011N12206359WA008440090609
B1900453824009N12206353WA008460090630
B1900463824006N12206346WA008480090709
B1900473824002N12206341WA008500090928
B1900483823997N12206339WA008520091092
B1900493823994N12206340WA008530091046
B1900503823992N12206345WA008530091099
B1900513823993N12206352WA008530091211
B1900523823994N12206357WA008540091610
B1900533823994N12206360WA008560092115
B1900543823994N12206363WA008600092420
B1900553823994N12206365WA008630092435
B1900563823995N12206368WA008650092431
B1900573823996N12206369WA008670092468
B1900583823998N12206371WA008660092408
B1900593824004N12206373WA008660092408
B1901003824011N12206371WA008660092489
B1901013824015N12206364WA008660092589
B1901023824017N12206356WA008660092575
B1901033824016N12206348WA008670092758
B1901043824013N12206341WA008670092958
B1901053824008N12206337WA008690093290
B1901063824004N12206334WA008700093641
B1901073824000N12206333WA008730093968
B1901083823997N12206335WA008750094058
B1901093823995N12206339WA008780094163
B1901103823995N12206344WA008800094122
B1901113823996N12206349WA008820094260
B1901123823999N12206353WA008830094272
B1901133824004N12206356WA008830094312
B1901143824008N12206357WA008830094388
B1901153824013N12206358WA008840094281
B1901163824019N12206355WA008840094112
B1901173824023N12206348WA008830094058
B1901183824024N12206339WA008830094071
B1901193824023N12206330WA008820094193
B1901203824021N12206323WA008820094297
B1901213824019N12206318WA008830094420
B1901223824015N12206313WA008840094494
B1901233824011N12206309WA008850094577
B1901243824007N12206307WA008860094606
B1901253824002N12206307WA008870094867
B1901263823999N12206309WA008880095056
B1901273823997N12206313WA008900095187
B1901283823997N12206317WA008910095218
B1901293823997N12206321WA008930095329
B1901303823998N12206325WA008940095367
B1901313824002N12206329WA008940095378
B1901323824008N12206332WA008940095425
B1901333824014N12206333WA008940095522
B1901343824019N12206331WA008940095542
B1901353824023N12206327WA008940095460
B1901363824026N12206320WA008930095306
B1901373824026N12206313WA008920095080
B1901383824025N12206304WA008900094833
B1901393824021N12206297WA008890094834
B1901403824016N12206291WA008880095148
B1901413824012N12206286WA008890095519
B1901423824008N12206282WA008910095970
B1901433824006N12206278WA008940096213
B1901443824003N12206276WA008970096329
B1901453824000N12206277WA009000096273
B1901463823997N12206281WA009010096076
B1901473823995N12206288WA009000096021
B1901483823993N12206293WA009000096205
B1901493823991N12206298WA009010096563
B1901503823990N12206302WA009030096816
B1901513823989N12206306WA009050096977
B1901523823990N12206310WA009070096949
B1901533823992N12206315WA009080096946
B1901543823996N12206319WA009090096907
B1901553824001N12206321WA009090096946
B1901563824006N12206320WA009090097058
B1901573824011N12206317WA009100097043
B1901583824014N12206310WA009100097099
B1901593824015N12206303WA009100096994
B1902003824014N12206295WA009100097029
B1902013824011N12206290WA009110097217
B1902023824006N12206286WA009110097479
B1902033824002N12206285WA009130097515
B1902043823997N12206285WA009140097650
B1902053823993N12206286WA009150097734
B1902063823989N12206290WA009170097794
B1902073823988N12206296WA009170097742
B1902083823988N12206302WA009180097872
B1902093823990N12206307WA009180098052
B1902103823993N12206311WA009190098100
B1902113823996N12206313WA009200098218
B1902123823999N12206315WA009210098277
B1902133824004N12206315WA009220098127
B1902143824009N12206314WA009210098081
B1902153824014N12206310WA009210098094
B1902163824018N12206304WA009200097998
B1902173824021N12206297WA009190097849
B1902183824021N12206291WA009180097890
B1902193824020N12206284WA009180097882
B1902203824019N12206278WA009180097820
B1902213824017N12206271WA009180097947
B1902223824014N12206265WA009190098197
B1902233824011N12206260WA009200098372
B1902243824007N12206256WA009220098487
B1902253824003N12206254WA009230098608
B1902263823998N12206254WA009250098829
B1902273823994N12206256WA009270099129
B1902283823991N12206260WA009300099472
B1902293823990N12206263WA009330099628
B1902303823989N12206268WA009360099860
B1902313823989N12206272WA009380099972
B1902323823990N12206276WA009400100096
B1902333823993N12206281WA009420100160
B1902343823997N12206284WA009420100231
B1902353824002N12206285WA009430100339
B1902363824007N12206285WA009430100443
B1902373824011N12206282WA009440100696
B1902383824015N12206277WA009450100685
B1902393824017N12206270WA009460100603
B1902403824015N12206263WA009460100600
B1902413824011N12206256WA009460100779
B1902423824007N12206252WA009470101137
B1902433824002N12206250WA009490101476
B1902443823998N12206250WA009520101765
B1902453823994N12206252WA009540101875
B1902463823991N12206256WA009570101963
B1902473823989N12206261WA009590101967
B1902483823988N12206267WA009610102198
B1902493823990N12206272WA009620102469
B1902503823993N12206277WA009650102790
B1902513823998N12206278WA009670102919
B1902523824002N12206277WA009680102998
B1902533824007N12206274WA009680102943
B1902543824010N12206269WA009690103070
B1902553824010N12206262WA009690103195
B1902563824008N12206256WA009700103264
B1902573824004N12206251WA009710103457
B1902583823999N12206248WA009720103769
B1902593823994N12206248WA009740104068
B1903003823990N12206251WA009770104277
B1903013823987N12206256WA009790104374
B1903023823985N12206261WA009820104734
B1903033823984N12206265WA009850105048
B1903043823986N12206269WA009880105206
B1903053823989N12206272WA009900105222
B1903063823993N12206273WA009920105215
B1903073823997N12206272WA009910105258
B1903083824002N12206269WA009910105212
B1903093824005N12206262WA009910105216
B1903103824005N12206255WA009910105362
B1903113824004N12206248WA009920105604
B1903123824001N12206243WA009940106031
B1903133823997N12206239WA009960106377
B1903143823993N12206238WA009990106550
B1903153823988N12206237WA010010106888
B1903163823984N12206239WA010040107046
B1903173823980N12206243WA010070107295
B1903183823978N12206248WA010100107446
B1903193823977N12206253WA010120107617
B1903203823977N12206258WA010150107805
B1903213823978N12206262WA010160107907
B1903223823979N12206266WA010170107966
B1903233823981N12206269WA010170107979
B1903243823984N12206273WA010160107840
B1903253823987N12206275WA010160107779
B1903263823991N12206279WA010150107633
B1903273823995N12206283WA010140107511
B1903283823999N12206287WA010120107421
B1903293824003N12206291WA010110107512
B1903303824006N12206294WA010110107639
B1903313824009N12206298WA010110107734
B1903323824012N12206301WA010120107632
B1903333824015N12206303WA010110107578
B1903343824019N12206306WA010110107329
B1903353824022N12206310WA010100107273
B1903363824025N12206313WA010090107185
B1903373824029N12206316WA010080107004
B1903383824032N12206319WA010060106915
B1903393824035N12206323WA010050106750
B1903403824038N12206326WA010030106589
B1903413824042N12206330WA010010106369
B1903423824046N12206334WA009990106099
B1903433824051N12206338WA009960105737
B1903443824055N12206342WA009940105498
B1903453824060N12206346WA009910105297
B1903463824066N12206350WA009890105175
B1903473824072N12206354WA009870105131
B1903483824077N12206357WA009870105028
B1903493824081N12206361WA009870104966
B1903503824086N12206365WA009860104608
B1903513824090N12206370WA009850104557
B1903523824095N12206376WA009840104470
B1903533824101N12206380WA009820104594
B1903543824108N12206383WA009820104677
B1903553824115N12206386WA009830104930
B1903563824121N12206388WA009850105301
B1903573824126N12206390WA009880105745
B1903583824130N12206392WA009910106111
B1903593824133N12206393WA009950106203
B1904003824135N12206394WA009980106286
B1904013824139N12206396WA010000106142
B1904023824144N12206398WA009990105925
B1904033824149N12206401WA009970105765
B1904043824155N12206405WA009960105704
B1904053824160N12206409WA009950105736
B1904063824165N12206413WA009950105869
B1904073824170N12206418WA009950105944
B1904083824175N12206422WA009960105928
B1904093824179N12206426WA009960105947
B1904103824182N12206431WA009960105960
B1904113824185N12206435WA009960105962
B1904123824189N12206439WA009950105713
B1904133824193N12206444WA009930105420
B1904143824197N12206450WA009910105221
B1904153824200N12206457WA009890105138
B1904163824203N12206464WA009870105504
B1904173824205N12206468WA009890105988
B1904183824207N12206472WA009920106271
B1904193824208N12206474WA009950106379
B1904203824209N12206477WA009980106359
B1904213824211N12206481WA009990106228
B1904223824213N12206486WA009980106279
B1904233824215N12206492WA009980106456
B1904243824215N12206498WA009990106661
B1904253824215N12206502WA010010106979
B1904263824217N12206507WA010030107030
B1904273824220N12206509WA010050107068
B1904283824224N12206512WA010070107071
B1904293824228N12206511WA010070106989
B1904303824232N12206510WA010060106862
B1904313824236N12206508WA010050106792
B1904323824241N12206504WA010040106618
B1904333824243N12206499WA010030106470
B1904343824245N12206492WA010020106300
B1904353824243N12206483WA010010106487
B1904363824242N12206476WA010000106636
B1904373824241N12206470WA010010106725
B1904383824240N12206464WA010020106754
B1904393824239N12206458WA010030106731
B1904403824236N12206451WA010030106594
B1904413824233N12206446WA010020106304
B1904423824227N12206443WA010010106249
B1904433824222N12206441WA010000106206
B1904443824216N12206439WA010000106375
B1904453824211N12206437WA009990106274
B1904463824206N12206435WA009990106169
B1904473824201N12206435WA009990106024
B1904483824195N12206436WA009980105988
B1904493824191N12206439WA009980106007
B1904503824187N12206442WA009980106116
B1904513824184N12206445WA009980106148
B1904523824182N12206449WA009990106174
B1904533824182N12206453WA009990106136
B1904543824183N12206458WA009990106013
B1904553824184N12206463WA009980105950
B1904563824186N12206467WA009980105906
B1904573824187N12206471WA009970105887
B1904583824189N12206475WA009960105699
B1904593824192N12206480WA009950105414
B1905003824195N12206485WA009930105303
B1905013824198N12206490WA009920105142
B1905023824202N12206494WA009900105029
B1905033824206N12206499WA009890104952
B1905043824211N12206502WA009870104928
B1905053824216N12206505WA009880105025
B1905063824221N12206506WA009880105227
B1905073824225N12206506WA009890105483
B1905083824230N12206504WA009910105647
B1905093824233N12206501WA009920105613
B1905103824235N12206496WA009910105236
B1905113824236N12206490WA009890104823
B1905123824236N12206482WA009870104625
B1905133824235N12206473WA009850104669
B1905143824235N12206466WA009840104723
B1905153824234N12206459WA009830104837
B1905163824232N12206454WA009840104893
B1905173824230N12206449WA009840104812
B1905183824226N12206444WA009830104736
B1905193824221N12206442WA009830104745
B1905203824216N12206442WA009830104768
B1905213824212N12206445WA009840104992
B1905223824210N12206449WA009850105051
B1905233824210N12206454WA009860105012
B1905243824210N12206459WA009870105164
B1905253824212N12206464WA009880105121
B1905263824214N12206468WA009890105191
B1905273824219N12206470WA009880104927
B1905283824224N12206472WA009880104790
B1905293824230N12206472WA009870104782
B1905303824236N12206470WA009860104787
B1905313824241N12206467WA009860104893
B1905323824246N12206462WA009850104733
B1905333824250N12206455WA009850104718
B1905343824253N12206448WA009850104752
B1905353824256N12206440WA009850104837
B1905363824258N12206433WA009850104958
B1905373824259N12206427WA009860105092
B1905383824260N12206420WA009860105082
B1905393824259N12206413WA009860104891
B1905403824257N12206406WA009860104749
B1905413824253N12206401WA009850104767
B1905423824248N12206398WA009850104776
B1905433824244N12206397WA009850104703
B1905443824239N12206397WA009850104872
B1905453824236N12206397WA009860104924
B1905463824233N12206398WA009860105002
B1905473824230N12206399WA009870105018
B1905483824227N12206402WA009880105061
B1905493824225N12206405WA009890105143
B1905503824223N12206408WA009890105067
B1905513824222N12206412WA009890105015
B1905523824220N12206416WA009890105079
B1905533824219N12206421WA009890105082
B1905543824219N12206425WA009880104957
B1905553824219N12206430WA009870104764
B1905563824218N12206434WA009860104589
B1905573824216N12206439WA009850104492
B1905583824213N12206442WA009830104273
B1905593824209N12206443WA009820104177
B1906003824205N12206444WA009800104067
B1906013824201N12206445WA009790103986
B1906023824197N12206446WA009770103973
B1906033824193N12206446WA009770103957
B1906043824189N12206447WA009760103910
B1906053824184N12206447WA009770103883
B1906063824180N12206446WA009770103828
B1906073824175N12206445WA009760103757
B1906083824170N12206443WA009760103679
B1906093824165N12206441WA009750103565
B1906103824160N12206439WA009740103340
B1906113824155N12206436WA009720103238
B1906123824150N12206435WA009710103141
B1906133824145N12206433WA009700103163
B1906143824140N12206431WA009690103055
B1906153824135N12206430WA009670102910
B1906163824129N12206429WA009670102971
B1906173824124N12206427WA009670102925
B1906183824118N12206426WA009670102880
B1906193824113N12206425WA009660102881
B1906203824109N12206427WA009660102743
B1906213824105N12206430WA009660102747
B1906223824102N12206435WA009660102603
B1906233824100N12206440WA009650102655
B1906243824100N12206446WA009650102648
B1906253824102N12206452WA009650102724
B1906263824104N12206456WA009650102865
B1906273824107N12206459WA009660102905
B1906283824109N12206462WA009670102922
B1906293824111N12206464WA009670102809
B1906303824113N12206467WA009670102729
B1906313824116N12206471WA009660102421
B1906323824120N12206474WA009650102254
B1906333824125N12206477WA009630102078
B1906343824131N12206481WA009610101942
B1906353824137N12206484WA009600101829
B1906363824142N12206488WA009580101834
B1906373824146N12206491WA009570101995
B1906383824151N12206494WA009580101904
B1906393824154N12206497WA009580101977
B1906403824158N12206501WA009580101943
B1906413824162N12206504WA009580102068
B1906423824167N12206508WA009590102151
B1906433824172N12206510WA009590102239
B1906443824176N12206513WA009600102428
B1906453824179N12206516WA009610102455
B1906463824182N12206519WA009620102375
B1906473824186N12206523WA009620102331
B1906483824190N12206526WA009620102336
B1906493824194N12206529WA009620102467
B1906503824199N12206532WA009630102615
B1906513824203N12206535WA009640102811
B1906523824206N12206537WA009650102987
B1906533824209N12206539WA009660103097
B1906543824213N12206541WA009680103016
B1906553824216N12206543WA009680102989
B1906563824221N12206546WA009670102849
B1906573824226N12206551WA009670102751
B1906583824231N12206555WA009660102685
B1906593824236N12206559WA009650102779
B1907003824241N12206563WA009660102857
B1907013824246N12206566WA009660102809
B1907023824250N12206569WA009670102878
B1907033824255N12206572WA009670102773
B1907043824260N12206574WA009660102698
B1907053824266N12206578WA009650102500
B1907063824271N12206581WA009640102429
B1907073824276N12206585WA009630102348
B1907083824281N12206589WA009610102260
B1907093824286N12206591WA009600102179
B1907103824291N12206595WA009590101931
B1907113824296N12206598WA009570101806
B1907123824301N12206601WA009560101708
B1907133824306N12206604WA009540101508
B1907143824311N12206607WA009530101427
B1907153824316N12206610WA009510101326
B1907163824321N12206612WA009500101228
B1907173824326N12206613WA009480101057
B1907183824332N12206613WA009470100804
B1907193824337N12206612WA009450100698
B1907203824344N12206611WA009430100427
B1907213824350N12206610WA009420100495
B1907223824357N12206610WA009400100481
B1907233824364N12206610WA009400100406
B1907243824369N12206611WA009400100394
B1907253824375N12206612WA009400100380
B1907263824381N12206612WA009400100296
B1907273824388N12206613WA009390100007
B1907283824394N12206614WA009380099929
B1907293824400N12206616WA009370099983
B1907303824406N12206617WA009370099974
B1907313824412N12206618WA009370100028
B1907323824417N12206619WA009370100008
B1907333824421N12206620WA009370099913
B1907343824425N12206621WA009370099556
B1907353824430N12206624WA009340099243
B1907363824436N12206628WA009320098823
B1907373824442N12206632WA009300098616
B1907383824447N12206636WA009270098699
B1907393824453N12206641WA009250098652
B1907403824458N12206645WA009240098619
B1907413824462N12206650WA009240098602
B1907423824465N12206653WA009240098749
B1907433824468N12206657WA009240098592
B1907443824472N12206661WA009230098387
B1907453824476N12206667WA009220098280
B1907463824482N12206672WA009210098300
B1907473824486N12206675WA009210098517
B1907483824490N12206678WA009220098706
B1907493824493N12206681WA009230098815
B1907503824496N12206684WA009240098714
B1907513824498N12206687WA009250098688
B1907523824501N12206691WA009250098698
B1907533824505N12206696WA009250098610
B1907543824508N12206700WA009250098731
B1907553824512N12206704WA009260098803
B1907563824515N12206708WA009260098943
B1907573824518N12206712WA009270099062
B1907583824521N12206715WA009280098978
B1907593824524N12206720WA009280098892
B1908003824528N12206724WA009270098717
B1908013824531N12206729WA009270098732
B1908023824534N12206733WA009260098744
B1908033824538N12206736WA009250098646
B1908043824542N12206738WA009250098675
B1908053824546N12206740WA009250098627
B1908063824549N12206743WA009250098518
B1908073824551N12206747WA009250098558
B1908083824553N12206751WA009250098486
B1908093824555N12206755WA009250098470
B1908103824557N12206758WA009240098302
B1908113824558N12206761WA009230098225
B1908123824559N12206765WA009220098134
B1908133824560N12206769WA009210098047
B1908143824560N12206774WA009200097982
B1908153824560N12206778WA009190097930
B1908163824560N12206780WA009180097837
B1908173824560N12206784WA009170097650
B1908183824559N12206787WA009150097378
B1908193824556N12206791WA009130097042
B1908203824550N12206793WA009100096685
B1908213824544N12206793WA009070096336
B1908223824538N12206791WA009040096260
B1908233824533N12206788WA009010096220
B1908243824528N12206784WA008990096160
B1908253824523N12206779WA008990095995
B1908263824518N12206774WA008980095796
B1908273824513N12206769WA008970095541
B1908283824508N12206763WA008960095509
B1908293824502N12206758WA008950095493
B1908303824498N12206752WA008940095566
B1908313824495N12206747WA008940095634
B1908323824492N12206743WA008950095651
B1908333824490N12206739WA008950095605
B1908343824487N12206736WA008960095652
B1908353824484N12206732WA008960095589
B1908363824481N12206729WA008950095577
B1908373824478N12206725WA008950095479
B1908383824475N12206721WA008940095278
B1908393824472N12206717WA008930095154
B1908403824469N12206713WA008910094812
B1908413824465N12206708WA008890094754
B1908423824460N12206703WA008870094572
B1908433824455N12206698WA008840094334
B1908443824449N12206694WA008810094034
B1908453824443N12206691WA008780093943
B1908463824438N12206688WA008760093912
B1908473824433N12206685WA008750093830
B1908483824428N12206682WA008740093642
B1908493824423N12206680WA008720093320
B1908503824417N12206678WA008700092963
B1908513824411N12206676WA008680092694
B1908523824406N12206673WA008650092459
B1908533824401N12206671WA008620092107
B1908543824395N12206670WA008600091964
B1908553824389N12206669WA008580091540
B1908563824382N12206667WA008540091274
B1908573824375N12206665WA008510090954
B1908583824367N12206663WA008480090787
B1908593824360N12206662WA008470090861
B1909003824354N12206659WA008480090937
B1909013824348N12206657WA008490091071
B1909023824344N12206655WA008500091024
B1909033824340N12206654WA008510091143
B1909043824336N12206653WA008520091142
B1909053824332N12206651WA008520091145
B1909063824328N12206649WA008520091034
B1909073824324N12206647WA008510090905
B1909083824319N12206646WA008510090751
B1909093824315N12206644WA008500090711
B1909103824310N12206641WA008490090667
B1909113824306N12206638WA008490090609
B1909123824301N12206636WA008480090691
B1909133824297N12206633WA008480090660
B1909143824293N12206629WA008480090578
B1909153824289N12206627WA008480090564
B1909163824285N12206625WA008480090511
B1909173824280N12206622WA008490090672
B1909183824276N12206619WA008490090653
B1909193824272N12206616WA008490090446
B1909203824267N12206614WA008480090285
B1909213824262N12206612WA008460089934
B1909223824255N12206609WA008440089578
B1909233824248N12206607WA008410089332
B1909243824240N12206604WA008380089369
B1909253824233N12206603WA008360089431
B1909263824226N12206601WA008370089667
B1909273824220N12206600WA008380089772
B1909283824215N12206599WA008400089881
B1909293824210N12206597WA008410089865
B1909303824205N12206595WA008410089828
B1909313824199N12206593WA008410089836
B1909323824192N12206591WA008410089977
B1909333824186N12206590WA008420090074
B1909343824181N12206589WA008440090464
B1909353824177N12206587WA008470090965
B1909363824174N12206585WA008500091201
B1909373824170N12206582WA008540091496
B1909383824167N12206580WA008570091675
B1909393824164N12206578WA008600091729
B1909403824160N12206578WA008630091972
B1909413824157N12206578WA008660092174
B1909423824155N12206579WA008670092128
B1909433824153N12206582WA008670092169
B1909443824154N12206588WA008670092143
B1909453824157N12206594WA008660092042
B1909463824163N12206598WA008650092138
B1909473824170N12206599WA008650092239
B1909483824177N12206597WA008650092421
B1909493824182N12206591WA008660092756
B1909503824185N12206584WA008680093057
B1909513824186N12206577WA008700093250
B1909523824185N12206570WA008720093580
B1909533824183N12206563WA008750093776
B1909543824180N12206559WA008770093803
B1909553824175N12206557WA008780093847
B1909563824171N12206559WA008800093955
B1909573824169N12206564WA008810094022
B1909583824169N12206569WA008820094170
B1909593824172N12206573WA008830094124
B1910003824175N12206578WA008840094230
B1910013824179N12206582WA008850094334
B1910023824184N12206586WA008850094403
B1910033824189N12206588WA008850094465
B1910043824195N12206588WA008860094540
B1910053824201N12206584WA008860094667
B1910063824206N12206579WA008870094631
B1910073824209N12206572WA008870094765
B1910083824210N12206565WA008880094894
B1910093824209N12206559WA008880094851
B1910103824205N12206553WA008880094795
B1910113824200N12206548WA008870094667
B1910123824194N12206547WA008870094782
B1910133824189N12206548WA008870094942
B1910143824185N12206550WA008880095337
B1910153824182N12206552WA008910095788
B1910163824181N12206555WA008940096052
B1910173824180N12206557WA008970096265
B1910183824181N12206560WA008990096331
B1910193824183N12206564WA009020096245
B1910203824187N12206568WA009040096297
B1910213824195N12206572WA009070096538
B1910223824202N12206572WA009090096641
B1910233824208N12206568WA009100096911
B1910243824212N12206562WA009100097005
B1910253824214N12206556WA009110097144
B1910263824214N12206549WA009110097108
B1910273824211N12206545WA009120097035
B1910283824207N12206544WA009110096811
B1910293824201N12206544WA009100096866
B1910303824196N12206547WA009110097095
B1910313824193N12206550WA009120097456
B1910323824191N12206553WA009150097866
B1910333824190N12206556WA009180098172
B1910343824190N12206558WA009210098370
B1910353824190N12206559WA009240098278
B1910363824194N12206564WA009270098239
B1910373824201N12206571WA009290098437
B1910383824208N12206573WA009310098697
B1910393824215N12206570WA009330098948
B1910403824219N12206564WA009350099142
B1910413824221N12206556WA009350099273
B1910423824221N12206549WA009350099470
B1910433824219N12206542WA009360099466
B1910443824215N12206539WA009360099474
B1910453824211N12206540WA009370099521
B1910463824207N12206543WA009380099714
B1910473824204N12206548WA009390099945
B1910483824203N12206554WA009410100385
B1910493824205N12206560WA009430100692
B1910503824209N12206564WA009450100712
B1910513824214N12206567WA009480100810
B1910523824219N12206568WA009500101084
B1910533824225N12206568WA009520101131
B1910543824230N12206564WA009540101316
B1910553824233N12206558WA009550101348
B1910563824235N12206551WA009550101446
B1910573824236N12206544WA009550101610
B1910583824235N12206536WA009550101847
B1910593824232N12206531WA009560101876
B1911003824227N12206528WA009570101965
B1911013824223N12206527WA009570102005
B1911023824218N12206529WA009580102175
B1911033824215N12206533WA009590102076
B1911043824213N12206539WA009590102107
B1911053824210N12206546WA009590102243
B1911063824208N12206551WA009600102698
B1911073824208N12206556WA009620102950
B1911083824208N12206559WA009650103077
B1911093824209N12206562WA009670103183
B1911103824211N12206563WA009680103024
B1911113824212N12206564WA009680103066
B1911123824214N12206565WA009680103046
B1911133824219N12206563WA009690103007
B1911143824227N12206560WA009700103259
B1911153824233N12206555WA009710103379
B1911163824234N12206548WA009720103279
B1911173824232N12206542WA009720103326
B1911183824228N12206538WA009720103304
B1911193824223N12206538WA009720103503
B1911203824218N12206540WA009730103674
B1911213824215N12206544WA009740103636
B1911223824212N12206549WA009740103623
B1911233824209N12206553WA009750103727
B1911243824206N12206558WA009760103833
B1911253824204N12206562WA009770104024
B1911263824202N12206566WA009790104054
B1911273824202N12206571WA009800104001
B1911283824203N12206577WA009790103800
B1911293824205N12206583WA009780103681
B1911303824212N12206588WA009760103517
B1911313824219N12206590WA009750103575
B1911323824226N12206587WA009740103687
B1911333824231N12206581WA009740103982
B1911343824235N12206574WA009760104026
B1911353824237N12206569WA009770104110
B1911363824238N12206563WA009790104203
B1911373824238N12206557WA009800104205
B1911383824237N12206551WA009800104115
B1911393824235N12206545WA009800104127
B1911403824232N12206540WA009800104127
B1911413824229N12206536WA009790104110
B1911423824226N12206531WA009800104210
B1911433824223N12206525WA009800104367
B1911443824221N12206520WA009810104302
B1911453824218N12206514WA009810104413
B1911463824214N12206509WA009820104681
B1911473824211N12206504WA009830104735
B1911483824208N12206500WA009850104801
B1911493824204N12206495WA009860104868
B1911503824200N12206492WA009870104839
B1911513824195N12206492WA009870104825
B1911523824190N12206492WA009870105034
B1911533824186N12206492WA009880105120
B1911543824183N12206491WA009890105201
B1911553824179N12206490WA009900105370
B1911563824176N12206488WA009900105258
B1911573824172N12206486WA009900105194
B1911583824169N12206482WA009890105034
B1911593824165N12206477WA009880105080
B1912003824162N12206472WA009870105065
B1912013824159N12206470WA009880105098
B1912023824157N12206470WA009890105082
B1912033824155N12206469WA009890105097
B1912043824154N12206470WA009880104801
B1912053824151N12206472WA009870104420
B1912063824148N12206475WA009850104224
B1912073824143N12206477WA009840104199
B1912083824139N12206478WA009830104488
B1912093824136N12206479WA009830104650
B1912103824132N12206479WA009840104783
B1912113824129N12206480WA009850104701
B1912123824124N12206481WA009860104880
B1912133824120N12206481WA009870104948
B1912143824116N12206482WA009880105049
B1912153824112N12206483WA009890105165
B1912163824108N12206483WA009900105197
B1912173824105N12206483WA009910105159
B1912183824102N12206484WA009900105011
B1912193824097N12206484WA009900105091
B1912203824093N12206483WA009900105029
B1912213824088N12206484WA009890105012
B1912223824083N12206485WA009890105006
B1912233824078N12206488WA009890105173
B1912243824076N12206492WA009890105123
B1912253824076N12206497WA009890105134
B1912263824078N12206502WA009890105022
B1912273824081N12206505WA009880105009
B1912283824085N12206508WA009880105021
B1912293824089N12206508WA009880105066
B1912303824094N12206507WA009880105178
B1912313824099N12206504WA009890105378
B1912323824104N12206500WA009900105604
B1912333824107N12206495WA009920105932
B1912343824110N12206491WA009940106022
B1912353824113N12206488WA009960106142
B1912363824117N12206486WA009980106262
B1912373824122N12206485WA010000106361
B1912383824127N12206485WA010010106564
B1912393824131N12206487WA010030106763
B1912403824134N12206490WA010050107061
B1912413824136N12206493WA010070107273
B1912423824138N12206496WA010100107478
B1912433824140N12206500WA010120107642
B1912443824142N12206503WA010140107943
B1912453824144N12206505WA010170108168
B1912463824147N12206508WA010200108433
B1912473824150N12206511WA010230108706
B1912483824152N12206515WA010260109043
B1912493824153N12206519WA010280109267
B1912503824152N12206523WA010310109335
B1912513824149N12206526WA010320109317
B1912523824144N12206527WA010320109464
B1912533824140N12206525WA010330109631
B1912543824137N12206521WA010340109762
B1912553824135N12206516WA010350109810
B1912563824132N12206510WA010370110087
B1912573824130N12206505WA010380110089
B1912583824129N12206500WA010400110111
B1912593824127N12206493WA010410110265
B1913003824125N12206486WA010420110483
B1913013824124N12206479WA010440110642
B1913023824124N12206471WA010460110929
B1913033824125N12206465WA010480111171
B1913043824128N12206458WA010500111507
B1913053824132N12206455WA010530111812
B1913063824137N12206454WA010550111925
B1913073824141N12206456WA010570112094
B1913083824145N12206458WA010580112128
B1913093824148N12206461WA010590112423
B1913103824150N12206464WA010600112676
B1913113824152N12206468WA010620112774
B1913123824154N12206472WA010640112932
B1913133824155N12206476WA010660113133
B1913143824156N12206480WA010680113310
B1913153824156N12206483WA010700113581
B1913163824156N12206486WA010720113633
B1913173824155N12206489WA010740113734
B1913183824154N12206491WA010760113830
B1913193824152N12206492WA010770113989
B1913203824149N12206493WA010790114197
B1913213824145N12206493WA010800114174
B1913223824143N12206491WA010790114258
B1913233824142N12206488WA010790114047
B1913243824138N12206483WA010800113964
B1913253824134N12206474WA010800113915
B1913263824131N12206464WA010810114095
B1913273824132N12206455WA010810114127
B1913283824134N12206447WA010820114408
B1913293824137N12206441WA010830114726
B1913303824141N12206437WA010850115005
B1913313824144N12206436WA010880115181
B1913323824148N12206437WA010890115133
B1913333824151N12206440WA010900115162
B1913343824153N12206445WA010900115146
B1913353824153N12206452WA010900115420
B1913363824151N12206457WA010920115779
B1913373824148N12206461WA010940116074
B1913383824144N12206463WA010960116275
B1913393824139N12206463WA010980116399
B1913403824134N12206463WA011000116491
B1913413824130N12206460WA011020116732
B1913423824126N12206455WA011040116741
B1913433824124N12206447WA011060116808
B1913443824122N12206440WA011080117070
B1913453824122N12206432WA011090117261
B1913463824123N12206425WA011100117391
B1913473824126N12206418WA011100117393
B1913483824130N12206412WA011100117467
B1913493824134N12206408WA011110117742
B1913503824138N12206405WA011120118019
B1913513824142N12206406WA011130118026
B1913523824145N12206408WA011140118177
B1913533824148N12206412WA011150118257
B1913543824150N12206417WA011160118486
B1913553824152N12206422WA011180118640
B1913563824152N12206426WA011200118704
B1913573824150N12206430WA011220118835
B1913583824148N12206434WA011230118821
B1913593824145N12206437WA011250119082
B1914003824143N12206439WA011270119128
B1914013824140N12206440WA011280119258
B1914023824137N12206441WA011290119344
B1914033824133N12206440WA011290119355
B1914043824129N12206437WA011300119443
B1914053824125N12206433WA011300119578
B1914063824121N12206429WA011310119892
B1914073824118N12206423WA011330119948
B1914083824115N12206417WA011340120013
B1914093824111N12206410WA011350120097
B1914103824109N12206404WA011360120230
B1914113824108N12206397WA011370120325
B1914123824108N12206390WA011380120277
B1914133824111N12206384WA011370120073
B1914143824115N12206379WA011370119897
B1914153824119N12206378WA011360119990
B1914163824124N12206377WA011370120146
B1914173824128N12206378WA011370120243
B1914183824132N12206380WA011380120328
B1914193824135N12206384WA011380120340
B1914203824137N12206388WA011390120514
B1914213824137N12206392WA011400120639
B1914223824136N12206396WA011410120988
B1914233824135N12206399WA011430121188
B1914243824134N12206402WA011440121299
B1914253824134N12206406WA011460121243
B1914263824134N12206410WA011470121316
B1914273824134N12206415WA011480121510
B1914283824133N12206419WA011500121861
B1914293824132N12206422WA011520122011
B1914303824129N12206424WA011540122194
B1914313824126N12206425WA011560122286
B1914323824122N12206426WA011570122250
B1914333824117N12206425WA011570122232
B1914343824112N12206422WA011560122201
B1914353824107N12206417WA011570122494
B1914363824104N12206411WA011570122586
B1914373824103N12206405WA011580122721
B1914383824102N12206398WA011600122879
B1914393824103N12206392WA011610122888
B1914403824106N12206386WA011610122787
B1914413824111N12206381WA011600122649
B1914423824117N12206380WA011600122812
B1914433824121N12206381WA011600122981
B1914443824125N12206384WA011610123043
B1914453824127N12206387WA011620123134
B1914463824128N12206390WA011630123494
B1914473824129N12206393WA011640123562
B1914483824129N12206396WA011660123724
B1914493824128N12206399WA011680123785
B1914503824127N12206402WA011700123826
B1914513824123N12206405WA011720123869
B1914523824119N12206407WA011740123953
B1914533824115N12206406WA011760124059
B1914543824111N12206405WA011770123938
B1914553824106N12206402WA011760123978
B1914563824102N12206397WA011750123979
B1914573824099N12206391WA011750124091
B1914583824099N12206383WA011750124035
B1914593824101N12206376WA011750124013
B1915003824106N12206371WA011750124108
B1915013824111N12206370WA011750124267
B1915023824116N12206372WA011760124335
B1915033824119N12206375WA011760124597
B1915043824122N12206378WA011770124639
B1915053824124N12206382WA011790124963
B1915063824126N12206385WA011810125172
B1915073824128N12206387WA011830125265
B1915083824130N12206389WA011850125368
B1915093824132N12206393WA011870125440
B1915103824134N12206396WA011880125553
B1915113824136N12206399WA011900125864
B1915123824137N12206402WA011920125986
B1915133824137N12206406WA011940126093
B1915143824137N12206410WA011960126104
B1915153824135N12206415WA011970126381
B1915163824133N12206419WA011990126574
B1915173824130N12206422WA012010126813
B1915183824125N12206423WA012030126952
B1915193824120N12206421WA012040126912
B1915203824116N12206417WA012040127001
B1915213824112N12206411WA012040127173
B1915223824110N12206404WA012040127158
B1915233824109N12206398WA012050127247
B1915243824109N12206392WA012050127258
B1915253824111N12206387WA012050127316
B1915263824113N12206383WA012060127370
B1915273824117N12206379WA012060127458
B1915283824121N12206378WA012070127596
B1915293824126N12206378WA012080127608
B1915303824130N12206379WA012080127718
B1915313824133N12206382WA012090128021
B1915323824135N12206385WA012110128146
B1915333824135N12206390WA012130128283
B1915343824134N12206395WA012140128372
B1915353824131N12206398WA012160128457
B1915363824126N12206400WA012170128647
B1915373824121N12206400WA012190128818
B1915383824116N12206399WA012210129015
B1915393824111N12206397WA012220129156
B1915403824107N12206395WA012230129161
B1915413824103N12206392WA012230129193
B1915423824100N12206389WA012230129241
B1915433824097N12206385WA012230129238
B1915443824094N12206381WA012240129295
B1915453824092N12206376WA012240129297
B1915463824091N12206371WA012240129203
B1915473824089N12206365WA012250129464
B1915483824089N12206359WA012250129579
B1915493824091N12206355WA012260129498
B1915503824096N12206352WA012260129409
B1915513824100N12206351WA012260129451
B1915523824105N12206351WA012260129503
B1915533824109N12206353WA012260129671
B1915543824113N12206355WA012270129747
B1915553824116N12206358WA012280129965
B1915563824119N12206361WA012290130131
B1915573824121N12206364WA012310130330
B1915583824122N12206367WA012330130482
B1915593824124N12206371WA012350130521
B1916003824125N12206375WA012370130751
B1916013824127N12206379WA012390130901
B1916023824127N12206382WA012410131189
B1916033824128N12206387WA012430131201
B1916043824127N12206392WA012450131210
B1916053824124N12206397WA012460131293
B1916063824121N12206402WA012460131373
B1916073824119N12206407WA012460131524
B1916083824119N12206412WA012470131534
B1916093824121N12206417WA012470131409
B1916103824124N12206422WA012460131438
B1916113824128N12206426WA012470131607
B1916123824131N12206429WA012470131767
B1916133824135N12206432WA012480131808
B1916143824138N12206435WA012490131919
B1916153824141N12206438WA012500132029
B1916163824144N12206441WA012510132047
B1916173824147N12206444WA012520131982
B1916183824151N12206447WA012510131740
B1916193824155N12206450WA012500131574
B1916203824160N12206455WA012480131391
B1916213824166N12206461WA012460131440
B1916223824171N12206467WA012460131601
B1916233824174N12206472WA012460131916
B1916243824176N12206477WA012480132020
B1916253824178N12206481WA012490131855
B1916263824181N12206486WA012480131565
B1916273824185N12206492WA012460131072
B1916283824190N12206498WA012440130723
B1916293824195N12206504WA012420130625
B1916303824200N12206510WA012400130528
B1916313824204N12206516WA012370130497
B1916323824209N12206522WA012360130332
B1916333824213N12206527WA012340130178
B1916343824218N12206533WA012320129839
B1916353824223N12206540WA012290129710
B1916363824228N12206546WA012270129523
B1916373824233N12206552WA012250129424
B1916383824237N12206557WA012240129398
B1916393824242N12206562WA012230129146
B1916403824247N12206567WA012210128831
B1916413824252N12206571WA012190128389
B1916423824258N12206577WA012160127871
B1916433824264N12206582WA012130127594
B1916443824270N12206587WA012090127180
B1916453824276N12206591WA012060126833
B1916463824281N12206595WA012030126749
B1916473824286N12206600WA012010126564
B1916483824291N12206605WA011980126283
B1916493824297N12206610WA011960126032
B1916503824303N12206614WA011930125608
B1916513824309N12206619WA011900125318
B1916523824315N12206625WA011870125252
B1916533824321N12206630WA011850125280
B1916543824327N12206633WA011860125304
B1916553824331N12206636WA011860125348
B1916563824335N12206641WA011860125031
B1916573824339N12206645WA011850124719
B1916583824343N12206651WA011820124292
B1916593824349N12206656WA011790123787
B1917003824356N12206662WA011750123247
B1917013824363N12206669WA011700122933
B1917023824370N12206675WA011650122749
B1917033824376N12206681WA011620122679
B1917043824382N12206687WA011590122579
B1917053824388N12206694WA011570122360
B1917063824394N12206700WA011560122173
B1917073824401N12206706WA011540121905
B1917083824407N12206712WA011520121778
B1917093824414N12206719WA011500121541
B1917103824421N12206725WA011480121481
B1917113824429N12206730WA011460121307
B1917123824435N12206736WA011460121341
B1917133824441N12206741WA011460121220
B1917143824447N12206745WA011460121103
B1917153824453N12206749WA011450120906
B1917163824459N12206753WA011440120729
B1917173824465N12206758WA011420120640
B1917183824471N12206761WA011410120539
B1917193824476N12206765WA011390120299
B1917203824482N12206769WA011370120078
B1917213824488N12206774WA011340119780
B1917223824495N12206778WA011310119465
B1917233824502N12206782WA011280119267
B1917243824509N12206786WA011260119147
B1917253824515N12206790WA011240119197
B1917263824522N12206794WA011250119143
B1917273824528N12206797WA011250119248
B1917283824534N12206801WA011260119305
B1917293824539N12206805WA011260119411
B1917303824543N12206807WA011270119543
B1917313824547N12206808WA011280119469
B1917323824551N12206810WA011280119394
B1917333824556N12206812WA011270119272
B1917343824562N12206814WA011260119003
B1917353824567N12206815WA011240118966
B1917363824572N12206816WA011240118891
B1917373824577N12206816WA011240118769
B1917383824582N12206818WA011250118751
B1917393824587N12206819WA011250118794
B1917403824593N12206821WA011240118711
B1917413824598N12206822WA011240118846
B1917423824603N12206823WA011250118938
B1917433824607N12206825WA011260119164
B1917443824612N12206827WA011260119113
B1917453824617N12206829WA011270119110
B1917463824622N12206829WA011280119279
B1917473824628N12206830WA011290119325
B1917483824633N12206832WA011300119440
B1917493824637N12206834WA011310119571
B1917503824641N12206836WA011320119675
B1917513824645N12206838WA011330119759
B1917523824649N12206841WA011340119767
B1917533824653N12206845WA011330119790
B1917543824658N12206848WA011330119755
B1917553824663N12206851WA011330119756
B1917563824668N12206854WA011330119762
B1917573824673N12206856WA011330119845
B1917583824678N12206858WA011330119815
B1917593824682N12206860WA011320119753
B1918003824686N12206863WA011310119570
B1918013824690N12206866WA011300119387
B1918023824694N12206870WA011280119182
B1918033824699N12206873WA011260118728
B1918043824703N12206877WA011230118492
B1918053824709N12206881WA011190118021
B1918063824715N12206885WA011160117703
B1918073824721N12206889WA011120117614
B1918083824727N12206893WA011100117612
B1918093824732N12206896WA011100117857
B1918103824737N12206899WA011120118107
B1918113824740N12206902WA011140118240
B1918123824743N12206904WA011150118270
B1918133824746N12206906WA011160118176
B1918143824750N12206909WA011160118149
B1918153824754N12206913WA011160118330
B1918163824757N12206915WA011170118581
B1918173824761N12206916WA011180118708
B1918183824763N12206918WA011190118888
B1918193824766N12206921WA011210118840
B1918203824768N12206922WA011220118832
B1918213824769N12206922WA011220118874
B1918223824770N12206922WA011220118885
B1918233824772N12206922WA011220118847
B1918243824776N12206924WA011220118890
B1918253824782N12206926WA011210118886
B1918263824788N12206928WA011210118726
B1918273824793N12206930WA011200118751
B1918283824798N12206931WA011200118664
B1918293824803N12206932WA011190118779
B1918303824808N12206934WA011190118756
B1918313824813N12206936WA011200118803
B1918323824817N12206938WA011200118962
B1918333824822N12206940WA011210118932
B1918343824827N12206942WA011220119108
B1918353824830N12206945WA011230119489
B1918363824834N12206948WA011260119610
B1918373824837N12206948WA011280119788
B1918383824841N12206949WA011300119896
B1918393824846N12206951WA011320119911
B1918403824850N12206953WA011330119927
B1918413824854N12206956WA011350119914
B1918423824857N12206958WA011350120087
B1918433824861N12206960WA011360120049
B1918443824865N12206962WA011360120066
B1918453824869N12206964WA011350120187
B1918463824873N12206967WA011360120281
B1918473824877N12206969WA011360120390
B1918483824882N12206970WA011370120415
B1918493824886N12206971WA011380120686
B1918503824891N12206972WA011390120715
B1918513824895N12206973WA011410120968
B1918523824900N12206975WA011430121103
B1918533824904N12206976WA011440121342
B1918543824908N12206976WA011470121480
B1918553824913N12206975WA011480121647
B1918563824917N12206975WA011500121878
B1918573824922N12206975WA011520122039
B1918583824927N12206976WA011540122201
B1918593824932N12206976WA011560122508
B1919003824936N12206978WA011590122891
B1919013824941N12206979WA011620123250
B1919023824946N12206978WA011650123418
B1919033824950N12206977WA011680123648
B1919043824954N12206974WA011710123703
B1919053824957N12206967WA011730123918
B1919063824957N12206959WA011730124074
B1919073824955N12206951WA011730124244
B1919083824951N12206944WA011740124468
B1919093824947N12206939WA011750124747
B1919103824943N12206936WA011780125012
B1919113824938N12206934WA011810125273
B1919123824933N12206933WA011830125358
B1919133824928N12206934WA011850125306
B1919143824922N12206937WA011870125439
B1919153824918N12206943WA011890125705
B1919163824916N12206951WA011910126001
B1919173824916N12206957WA011930126469
B1919183824918N12206962WA011960126787
B1919193824921N12206965WA011990127075
B1919203824925N12206966WA012020127282
B1919213824930N12206965WA012050127404
B1919223824934N12206963WA012070127717
B1919233824937N12206960WA012100128072
B1919243824939N12206955WA012130128284
B1919253824941N12206948WA012150128307
B1919263824940N12206942WA012160128550
B1919273824938N12206935WA012170128615
B1919283824934N12206929WA012190128719
B1919293824928N12206926WA012200128936
B1919303824921N12206926WA012210129187
B1919313824916N12206928WA012230129448
B1919323824912N12206932WA012250129809
B1919333824909N12206938WA012280130211
B1919343824908N12206943WA012310130427
B1919353824907N12206949WA012350130682
B1919363824908N12206954WA012370130789
B1919373824910N12206960WA012400130874
B1919383824913N12206965WA012420131032
B1919393824916N12206968WA012430131297
B1919403824920N12206971WA012450131583
B1919413824924N12206973WA012470131702
B1919423824927N12206974WA012490131951
B1919433824931N12206972WA012500131954
B1919443824935N12206967WA012500131949
B1919453824937N12206961WA012500132161
B1919463824938N12206952WA012510132209
B1919473824935N12206946WA012520132474
B1919483824932N12206941WA012530132704
B1919493824927N12206937WA012560132989
B1919503824923N12206935WA012580133260
B1919513824919N12206932WA012620133507
B1919523824913N12206930WA012650133898
B1919533824908N12206930WA012680134104
B1919543824902N12206932WA012720134611
B1919553824897N12206935WA012760135036
B1919563824894N12206940WA012790135126
B1919573824891N12206946WA012830135391
B1919583824890N12206952WA012850135445
B1919593824890N12206958WA012860135599
B1920003824893N12206964WA012870135841
B1920013824897N12206967WA012890136017
B1920023824901N12206968WA012910136136
B1920033824905N12206967WA012920136475
B1920043824909N12206965WA012940136662
B1920053824912N12206962WA012960136961
B1920063824914N12206957WA012990137074
B1920073824915N12206950WA013010137166
B1920083824914N12206943WA013030137419
B1920093824910N12206938WA013050137690
B1920103824906N12206933WA013090138036
B1920113824901N12206931WA013130138528
B1920123824895N12206931WA013170138897
B1920133824890N12206933WA013210139165
B1920143824885N12206936WA013250139387
B1920153824882N12206941WA013280139614
B1920163824879N12206947WA013300139860
B1920173824879N12206953WA013310140025
B1920183824880N12206959WA013310140135
B1920193824882N12206965WA013320140360
B1920203824886N12206968WA013340140497
B1920213824890N12206970WA013360140581
B1920223824894N12206968WA013380140634
B1920233824896N12206964WA013390140841
B1920243824898N12206957WA013410141028
B1920253824899N12206950WA013420141239
B1920263824900N12206943WA013440141624
B1920273824900N12206937WA013470142161
B1920283824900N12206931WA013500142555
B1920293824897N12206926WA013540142876
B1920303824892N12206922WA013580143079
B1920313824886N12206921WA013600143116
B1920323824879N12206922WA013630143560
B1920333824874N12206924WA013670144015
B1920343824870N12206928WA013700144462
B1920353824868N12206933WA013730144721
B1920363824867N12206939WA013770144930
B1920373824867N12206944WA013800145195
B1920383824870N12206949WA013810145371
B1920393824875N12206951WA013810145429
B1920403824880N12206952WA013820145752
B1920413824885N12206950WA013830146115
B1920423824888N12206946WA013860146601
B1920433824889N12206939WA013880147046
B1920443824888N12206932WA013920147293
B1920453824886N12206925WA013950147590
B1920463824883N12206919WA013980147725
B1920473824878N12206915WA014010147917
B1920483824872N12206914WA014040148280
B1920493824867N12206913WA014080148699
B1920503824863N12206915WA014110148979
B1920513824860N12206919WA014140149006
B1920523824857N12206925WA014170149112
B1920533824855N12206931WA014180149342
B1920543824855N12206937WA014200149592
B1920553824858N12206941WA014210149737
B1920563824862N12206944WA014230149905
B1920573824866N12206945WA014250150174
B1920583824871N12206944WA014270150400
B1920593824874N12206939WA014300150741
B1921003824876N12206932WA014320151028
B1921013824876N12206925WA014350151227
B1921023824874N12206919WA014380151308
B1921033824870N12206914WA014400151405
B1921043824865N12206911WA014410151631
B1921053824860N12206909WA014420151805
B1921063824854N12206909WA014440151979
B1921073824850N12206912WA014450152016
B1921083824846N12206917WA014460152156
B1921093824844N12206923WA014470152212
B1921103824843N12206929WA014490152414
B1921113824843N12206934WA014500152549
B1921123824844N12206939WA014510152745
B1921133824847N12206943WA014530152903
B1921143824850N12206946WA014550153227
B1921153824853N12206949WA014570153534
B1921163824856N12206951WA014600153761
B1921173824860N12206950WA014620153949
B1921183824864N12206948WA014640153928
B1921193824868N12206946WA014660154035
B1921203824872N12206944WA014670154176
B1921213824877N12206943WA014670154360
B1921223824882N12206941WA014680154584
B1921233824888N12206939WA014690154818
B1921243824892N12206937WA014710155202
B1921253824895N12206933WA014740155656
B1921263824897N12206928WA014770155746
B1921273824897N12206922WA014800155761
B1921283824896N12206915WA014820155821
B1921293824891N12206910WA014840155981
B1921303824885N12206907WA014830155912
B1921313824878N12206907WA014830155919
B1921323824872N12206911WA014830155912
B1921333824867N12206917WA014840156091
B1921343824865N12206924WA014840156061
B1921353824865N12206931WA014840156100
B1921363824865N12206937WA014850156269
B1921373824867N12206944WA014860156412
B1921383824869N12206950WA014880156550
B1921393824872N12206954WA014890156799
B1921403824877N12206958WA014910157009
B1921413824880N12206962WA014930157393
B1921423824884N12206964WA014960157757
B1921433824888N12206966WA014990158051
B1921443824892N12206968WA015030158255
B1921453824897N12206972WA015050158333
B1921463824902N12206976WA015070158571
B1921473824907N12206978WA015100158898
B1921483824912N12206981WA015120159042
B1921493824916N12206984WA015150159242
B1921503824920N12206987WA015160159231
B1921513824924N12206989WA015160159356
B1921523824929N12206991WA015160159219
B1921533824934N12206994WA015160159211
B1921543824939N12206996WA015160159284
B1921553824945N12206999WA015150159294
B1921563824951N12207003WA015160159461
B1921573824956N12207006WA015170159747
B1921583824960N12207009WA015190160077
B1921593824964N12207012WA015210160177
B1922003824968N12207015WA015230160267
B1922013824972N12207018WA015240160397
B1922023824977N12207021WA015260160353
B1922033824982N12207023WA015260160258
B1922043824987N12207026WA015260160384
B1922053824993N12207029WA015260160312
B1922063824997N12207031WA015260160496
B1922073825002N12207033WA015260160439
B1922083825006N12207036WA015270160470
B1922093825011N12207037WA015270160339
B1922103825016N12207039WA015260160308
B1922113825020N12207041WA015260160296
B1922123825026N12207044WA015250160213
B1922133825031N12207047WA015250160221
B1922143825035N12207049WA015250160287
B1922153825040N12207052WA015250160027
B1922163825043N12207055WA015230159798
B1922173825048N12207060WA015210159322
B1922183825052N12207065WA015170158997
B1922193825058N12207071WA015130158530
B1922203825064N12207075WA015090158418
B1922213825069N12207080WA015060158421
B1922223825073N12207084WA015050158381
B1922233825077N12207088WA015040158283
B1922243825081N12207093WA015020157945
B1922253825084N12207100WA015000157674
B1922263825087N12207108WA014980157465
B1922273825090N12207117WA014960157460
B1922283825093N12207124WA014960157478
B1922293825096N12207132WA014960157444
B1922303825098N12207140WA014960157382
B1922313825101N12207148WA014970157242
B1922323825104N12207156WA014960157276
B1922333825108N12207164WA014960157309
B1922343825111N12207173WA014960157420
B1922353825114N12207180WA014970157456
B1922363825117N12207188WA014970157465
B1922373825120N12207196WA014980157548
B1922383825122N12207204WA014990157697
B1922393825125N12207212WA014990157614
B1922403825127N12207220WA015000157640
B1922413825130N12207227WA015000157608
B1922423825133N12207235WA015000157606
B1922433825136N12207243WA015000157636
B1922443825139N12207251WA015000157721
B1922453825141N12207258WA015010157824
B1922463825142N12207265WA015010157995
B1922473825145N12207272WA015020157842
B1922483825148N12207278WA015020157716
B1922493825151N12207285WA015020157614
B1922503825154N12207293WA015010157601
B1922513825157N12207300WA015010157617
B1922523825160N12207308WA015010157600
B1922533825163N12207314WA015010157619
B1922543825166N12207321WA015010157618
B1922553825169N12207328WA015000157549
B1922563825172N12207336WA014990157384
B1922573825176N12207343WA014980157148
B1922583825179N12207351WA014970156991
B1922593825183N12207358WA014940156622
B1923003825187N12207365WA014920156300
B1923013825192N12207371WA014880155804
B1923023825198N12207376WA014840155429
B1923033825205N12207380WA014800155179
B1923043825213N12207382WA014760154995
B1923053825221N12207382WA014710154681
B1923063825228N12207381WA014680154592
B1923073825235N12207381WA014650154354
B1923083825242N12207382WA014640154025
B1923093825249N12207383WA014620153625
B1923103825257N12207383WA014590153119
B1923113825265N12207384WA014560152773
B1923123825274N12207384WA014520152507
B1923133825281N12207384WA014490152489
B1923143825288N12207384WA014460152389
B1923153825295N12207384WA014440152209
B1923163825301N12207384WA014430151928
B1923173825308N12207384WA014410151401
B1923183825315N12207383WA014380150934
B1923193825323N12207383WA014340150500
B1923203825330N12207382WA014300150379
B1923213825338N12207382WA014270150107
B1923223825345N12207382WA014240149824
B1923233825352N12207382WA014210149630
B1923243825359N12207381WA014180149347
B1923253825366N12207381WA014160149042
B1923263825373N12207380WA014130148879
B1923273825381N12207380WA014100148526
B1923283825388N12207380WA014090148478
B1923293825396N12207381WA014080148226
B1923303825403N12207382WA014060148134
B1923313825410N12207383WA014040147842
B1923323825417N12207384WA014020147570
B1923333825425N12207384WA013990147179
B1923343825434N12207385WA013960146854
B1923353825443N12207385WA013930146587
B1923363825453N12207386WA013900146440
B1923373825462N12207386WA013880146476
B1923383825471N12207387WA013880146545
B1923393825479N12207388WA013890146477
B1923403825487N12207389WA013890146386
B1923413825496N12207390WA013880146134
B1923423825505N12207390WA013870145917
B1923433825514N12207390WA013850145624
B1923443825523N12207390WA013830145331
B1923453825532N12207390WA013810145120
B1923463825541N12207390WA013780144804
B1923473825549N12207390WA013750144676
B1923483825558N12207390WA013720144359
B1923493825566N12207390WA013690144175
B1923503825574N12207389WA013670143982
B1923513825583N12207388WA013650143714
B1923523825591N12207387WA013620143628
B1923533825599N12207387WA013610143437
B1923543825607N12207387WA013600143427
B1923553825614N12207387WA013590143346
B1923563825621N12207387WA013590143257
B1923573825628N12207388WA013580143170
B1923583825635N12207388WA013570142994
B1923593825642N12207388WA013560142886
B1924003825649N12207389WA013550142832
B1924013825655N12207389WA013530142758
B1924023825661N12207390WA013520142775
B1924033825667N12207390WA013500142550
B1924043825673N12207389WA013480142371
B1924053825679N12207388WA013460141992
B1924063825686N12207387WA013430141722
B1924073825693N12207386WA013410141407
B1924083825699N12207386WA013380141199
B1924093825706N12207387WA013350140992
B1924103825714N12207386WA013330140719
B1924113825721N12207386WA013310140623
B1924123825728N12207385WA013300140507
B1924133825734N12207385WA013300140424
B1924143825740N12207385WA013300140365
B1924153825747N12207386WA013290140201
B1924163825753N12207386WA013280139937
B1924173825759N12207387WA013260139770
B1924183825766N12207387WA013240139464
B1924193825773N12207387WA013220139325
B1924203825779N12207387WA013190139153
B1924213825785N12207387WA013170138860
B1924223825791N12207386WA013140138452
B1924233825797N12207385WA013110138082
B1924243825804N12207384WA013080137543
B1924253825811N12207384WA013040137240
B1924263825818N12207384WA013000136952
B1924273825825N12207383WA012960136759
B1924283825832N12207383WA012930136652
B1924293825839N12207382WA012920136610
B1924303825845N12207380WA012920136625
B1924313825850N12207379WA012930136698
B1924323825856N12207380WA012930136570
B1924333825862N12207380WA012930136434
B1924343825868N12207380WA012920136227
B1924353825874N12207380WA012920136236
B1924363825880N12207380WA012910136155
B1924373825886N12207379WA012900136044
B1924383825892N12207378WA012890136013
B1924393825897N12207377WA012880135962
B1924403825902N12207375WA012870135988
B1924413825907N12207375WA012870135891
B1924423825912N12207374WA012860135796
B1924433825918N12207373WA012850135658
B1924443825924N12207372WA012840135636
B1924453825930N12207371WA012830135670
B1924463825936N12207369WA012840135775
B1924473825942N12207369WA012840135843
B1924483825947N12207370WA012850135943
B1924493825952N12207372WA012860135940
B1924503825957N12207373WA012860135926
B1924513825961N12207374WA012870135899
B1924523825966N12207375WA012870135781
B1924533825971N12207375WA012860135794
B1924543825977N12207376WA012860135646
B1924553825982N12207377WA012850135654
B1924563825987N12207376WA012860135817
B1924573825991N12207375WA012860135923
B1924583825994N12207374WA012880136194
B1924593825998N12207373WA012890136132
B1925003826001N12207371WA012900136169
B1925013826005N12207370WA012900136052
B1925023826010N12207368WA012890136030
B1925033826015N12207365WA012890136069
B1925043826021N12207364WA012890136200
B1925053826025N12207362WA012890136442
B1925063826029N12207360WA012900136431
B1925073826032N12207358WA012910136472
B1925083826036N12207356WA012920136471
B1925093826041N12207353WA012930136533
B1925103826046N12207350WA012940136715
B1925113826050N12207348WA012950136940
B1925123826054N12207345WA012960137026
B1925133826057N12207343WA012970137253
B1925143826060N12207340WA012990137488
B1925153826064N12207338WA013010137528
B1925163826067N12207337WA013030137771
B1925173826071N12207335WA013050137735
B1925183826075N12207333WA013070137848
B1925193826079N12207331WA013080138176
B1925203826082N12207328WA013090138394
B1925213826085N12207324WA013110138615
B1925223826087N12207320WA013130138835
B1925233826089N12207316WA013150138987
B1925243826092N12207313WA013170139063
B1925253826095N12207310WA013190139187
B1925263826099N12207308WA013200139339
B1925273826102N12207307WA013220139598
B1925283826106N12207306WA013240139824
B1925293826109N12207304WA013260139905
B1925303826110N12207300WA013280139946
B1925313826110N12207295WA013270139971
B1925323826109N12207288WA013270139989
B1925333826107N12207282WA013270140037
B1925343826103N12207278WA013270140166
B1925353826098N12207277WA013270140241
B1925363826092N12207278WA013270140164
B1925373826087N12207282WA013270140042
B1925383826083N12207288WA013270140101
B1925393826079N12207294WA013280140337
B1925403826076N12207302WA013280140380
B1925413826075N12207309WA013290140457
B1925423826074N12207317WA013300140495
B1925433826075N12207325WA013310140447
B1925443826076N12207334WA013310140302
B1925453826076N12207342WA013300140229
B1925463826076N12207351WA013300140248
B1925473826077N12207360WA013290140166
B1925483826079N12207368WA013290140258
B1925493826081N12207376WA013290140361
B1925503826083N12207383WA013300140525
B1925513826084N12207390WA013310140689
B1925523826087N12207398WA013320140700
B1925533826089N12207404WA013330140888
B1925543826093N12207411WA013350140930
B1925553826097N12207416WA013360141022
B1925563826101N12207419WA013380141166
B1925573826105N12207420WA013390141264
B1925583826109N12207419WA013390141277
B1925593826113N12207417WA013390141307
B1926003826115N12207414WA013390141339
B1926013826116N12207411WA013390141367
B1926023826116N12207406WA013390141389
B1926033826115N12207402WA013390141363
B1926043826113N12207397WA013400141327
B1926053826109N12207393WA013400141572
B1926063826105N12207390WA013410141684
B1926073826101N12207389WA013420141839
B1926083826095N12207392WA013440141993
B1926093826091N12207396WA013450141955
B1926103826087N12207401WA013460141989
B1926113826085N12207408WA013470142008
B1926123826084N12207416WA013470142017
B1926133826084N12207425WA013470142028
B1926143826085N12207434WA013470142165
B1926153826088N12207442WA013470142143
B1926163826092N12207448WA013480142128
B1926173826096N12207454WA013490142374
B1926183826101N12207458WA013500142401
B1926193826104N12207459WA013510142559
B1926203826107N12207459WA013520142488
B1926213826110N12207458WA013520142340
B1926223826112N12207454WA013510142186
B1926233826114N12207449WA013500142039
B1926243826114N12207444WA013490142093
B1926253826113N12207439WA013480142190
B1926263826111N12207434WA013480142293
B1926273826109N12207430WA013490142519
B1926283826106N12207429WA013510142721
B1926293826102N12207428WA013530142787
B1926303826099N12207429WA013550142734
B1926313826094N12207432WA013550142595
B1926323826090N12207437WA013540142432
B1926333826086N12207443WA013520142207
B1926343826082N12207451WA013510142191
B1926353826081N12207459WA013490142045
B1926363826081N12207468WA013480141938
B1926373826082N12207477WA013460141965
B1926383826085N12207485WA013460141851
B1926393826088N12207492WA013450141894
B1926403826093N12207498WA013460141934
B1926413826097N12207502WA013460142078
B1926423826102N12207505WA013460142001
B1926433826106N12207505WA013470141937
B1926443826110N12207505WA013460141846
B1926453826114N12207504WA013460141741
B1926463826117N12207500WA013450141680
B1926473826120N12207494WA013430141664
B1926483826122N12207488WA013430141626
B1926493826123N12207483WA013430141716
B1926503826123N12207478WA013430141667
B1926513826124N12207472WA013430141708
B1926523826123N12207466WA013440141875
B1926533826121N12207463WA013440141980
B1926543826119N12207461WA013450142021
B1926553826116N12207460WA013460142046
B1926563826112N12207460WA013470142099
B1926573826109N12207462WA013470142003
B1926583826104N12207466WA013470142031
B1926593826100N12207471WA013470142027
B1927003826097N12207478WA013470142027
B1927013826095N12207486WA013470142016
B1927023826095N12207495WA013470141932
B1927033826096N12207503WA013460141777
B1927043826100N12207510WA013450141629
B1927053826105N12207514WA013440141589
B1927063826111N12207516WA013430141543
B1927073826115N12207515WA013420141479
B1927083826120N12207514WA013410141403
B1927093826123N12207512WA013400141394
B1927103826128N12207509WA013390141218
B1927113826132N12207507WA013380141253
B1927123826137N12207504WA013370141119
B1927133826141N12207502WA013370141175
B1927143826146N12207500WA013360141041
B1927153826150N12207497WA013350141077
B1927163826154N12207495WA013350141044
B1927173826157N12207493WA013350141055
B1927183826160N12207492WA013350140982
B1927193826164N12207491WA013340140742
B1927203826168N12207489WA013330140524
B1927213826172N12207487WA013320140302
B1927223826176N12207485WA013300140113
B1927233826180N12207483WA013280139788
B1927243826185N12207482WA013250139392
B1927253826191N12207479WA013210138952
B1927263826196N12207474WA013180138889
B1927273826201N12207470WA013160139018
B1927283826205N12207467WA013170139326
B1927293826209N12207464WA013180139659
B1927303826213N12207462WA013200139856
B1927313826217N12207460WA013230139903
B1927323826220N12207456WA013250140029
B1927333826223N12207452WA013260139836
B1927343826225N12207446WA013260139718
B1927353826224N12207441WA013250139537
B1927363826220N12207438WA013230139205
B1927373826214N12207438WA013210139219
B1927383826208N12207441WA013200139491
B1927393826205N12207444WA013200139553
B1927403826203N12207447WA013210139518
B1927413826201N12207452WA013210139429
B1927423826200N12207459WA013210139212
B1927433826201N12207466WA013190139019
B1927443826205N12207473WA013180138886
B1927453826212N12207477WA013150138762
B1927463826219N12207478WA013140138942
B1927473826224N12207478WA013150139251
B1927483826228N12207477WA013160139306
B1927493826230N12207476WA013170139395
B1927503826234N12207475WA013180139177
B1927513826240N12207474WA013170138918
B1927523826246N12207474WA013160138807
B1927533826251N12207475WA013160138836
B1927543826256N12207477WA013150138902
B1927553826260N12207478WA013150138850
B1927563826264N12207477WA013150138769
B1927573826269N12207477WA013140138639
B1927583826274N12207478WA013140138513
B1927593826278N12207479WA013130138591
B1928003826283N12207479WA013120138432
B1928013826287N12207478WA013110138289
B1928023826293N12207478WA013100138058
B1928033826299N12207479WA013080137864
B1928043826305N12207480WA013060137863
B1928053826311N12207480WA013050137809
B1928063826316N12207481WA013040137731
B1928073826321N12207481WA013020137473
B1928083826327N12207481WA013010137233
B1928093826333N12207480WA012980136961
B1928103826340N12207478WA012960136621
B1928113826346N12207476WA012930136470
B1928123826352N12207474WA012910136370
B1928133826358N12207472WA012890136180
B1928143826364N12207469WA012860135885
B1928153826370N12207466WA012840135588
B1928163826376N12207463WA012810135294
B1928173826382N12207459WA012790135099
B1928183826388N12207456WA012770135074
B1928193826394N12207453WA012780135026
B1928203826399N12207451WA012780135066
B1928213826404N12207449WA012780135076
B1928223826409N12207447WA012780134956
B1928233826414N12207445WA012770134750
B1928243826419N12207442WA012760134652
B1928253826425N12207439WA012750134506
B1928263826430N12207436WA012740134357
B1928273826435N12207433WA012720134255
B1928283826440N12207430WA012710134160
B1928293826445N12207426WA012700134065
B1928303826450N12207422WA012690134049
B1928313826455N12207419WA012680133802
B1928323826459N12207415WA012660133785
B1928333826464N12207411WA012650133563
B1928343826469N12207406WA012630133330
B1928353826473N12207400WA012610133143
B1928363826477N12207394WA012590133030
B1928373826480N12207388WA012580132992
B1928383826484N12207382WA012560132857
B1928393826488N12207377WA012550132606
B1928403826491N12207372WA012540132435
B1928413826494N12207367WA012520132283
B1928423826498N12207361WA012510132038
B1928433826501N12207356WA012480131841
B1928443826503N12207350WA012460131672
B1928453826505N12207344WA012440131411
B1928463826506N12207337WA012420131116
B1928473826507N12207331WA012390130821
B1928483826508N12207324WA012370130547
B1928493826509N12207317WA012340130248
B1928503826510N12207310WA012310129917
B1928513826510N12207303WA012280129637
B1928523826510N12207297WA012250129441
B1928533826511N12207290WA012220129205
B1928543826511N12207284WA012190129030
B1928553826511N12207277WA012170128731
B1928563826511N12207269WA012150128539
B1928573826511N12207262WA012120128348
B1928583826511N12207255WA012110128269
B1928593826511N12207249WA012110128171
B1929003826511N12207242WA012100127920
B1929013826511N12207234WA012090127807
B1929023826510N12207227WA012080127675
B1929033826510N12207220WA012060127423
B1929043826509N12207213WA012040127241
B1929053826508N12207205WA012020127035
B1929063826507N12207197WA012000126839
B1929073826506N12207190WA011980126644
B1929083826505N12207183WA011960126543
B1929093826504N12207176WA011940126330
B1929103826503N12207168WA011920126278
B1929113826503N12207161WA011900126044
B1929123826503N12207154WA011880125810
B1929133826502N12207147WA011870125750
B1929143826502N12207139WA011860125659
B1929153826502N12207133WA011850125570
B1929163826503N12207126WA011850125525
B1929173826504N12207120WA011840125358
B1929183826506N12207115WA011830125199
B1929193826510N12207111WA011810124715
B1929203826513N12207106WA011780124395
B1929213826518N12207101WA011750123911
B1929223826522N12207094WA011720123629
B1929233826526N12207088WA011680123435
B1929243826530N12207082WA011650123200
B1929253826533N12207075WA011620123157
B1929263826537N12207069WA011600122908
B1929273826540N12207064WA011590122860
B1929283826544N12207058WA011570122645
B1929293826548N12207052WA011560122387
B1929303826553N12207046WA011540122138
B1929313826558N12207041WA011520122011
B1929323826563N12207035WA011510122004
B1929333826567N12207029WA011510122049
B1929343826571N12207024WA011500121936
B1929353826575N12207019WA011500121737
B1929363826579N12207015WA011490121681
B1929373826585N12207011WA011480121405
B1929383826590N12207008WA011470121265
B1929393826596N12207006WA011450121185
B1929403826603N12207005WA011430120922
B1929413826609N12207003WA011420120928
B1929423826615N12207002WA011410120924
B1929433826621N12207001WA011400120814
B1929443826627N12207000WA011400120716
B1929453826633N12207000WA011400120622
B1929463826639N12207000WA011390120530
B1929473826645N12207000WA011380120446
B1929483826651N12207001WA011370120266
B1929493826657N12207002WA011360120085
B1929503826664N12207003WA011340119844
B1929513826671N12207004WA011320119521
B1929523826678N12207003WA011300119356
B1929533826685N12207002WA011280119284
B1929543826693N12207001WA011260119001
B1929553826699N12207000WA011230118980
B1929563826706N12206999WA011210118872
B1929573826714N12206998WA011200118610
B1929583826721N12206996WA011180118565
B1929593826728N12206995WA011160118481
B1930003826735N12206993WA011150118469
B1930013826742N12206992WA011150118318
B1930023826748N12206991WA011150118234
B1930033826754N12206989WA011140118019
B1930043826760N12206988WA011130117823
B1930053826766N12206986WA011110117556
B1930063826773N12206985WA011090117201
B1930073826779N12206983WA011070117152
B1930083826784N12206981WA011050117290
B1930093826789N12206979WA011050117321
B1930103826793N12206977WA011050117303
B1930113826796N12206975WA011060117356
B1930123826800N12206973WA011050117114
B1930133826804N12206971WA011040116911
B1930143826809N12206969WA011020116625
B1930153826814N12206969WA011000116487
B1930163826820N12206971WA010980116231
B1930173826825N12206972WA010960116189
B1930183826831N12206974WA010950116008
B1930193826836N12206977WA010930115814
B1930203826840N12206981WA010910115690
B1930213826845N12206984WA010890115455
B1930223826849N12206988WA010880115397
B1930233826853N12206993WA010860115249
B1930243826856N12206999WA010850115027
B1930253826858N12207006WA010840114871
B1930263826861N12207012WA010820114549
B1930273826864N12207020WA010800114235
B1930283826867N12207029WA010770113960
B1930293826870N12207037WA010750113880
B1930303826873N12207044WA010720113656
B1930313826876N12207051WA010700113426
B1930323826878N12207058WA010670113196
B1930333826882N12207065WA010650112719
B1930343826885N12207073WA010610112387
B1930353826889N12207082WA010580111981
B1930363826893N12207090WA010550111649
B1930373826896N12207099WA010510111587
B1930383826899N12207107WA010490111499
B1930393826902N12207115WA010480111385
B1930403826905N12207122WA010480111159
B1930413826908N12207130WA010480110914
B1930423826910N12207138WA010460110790
B1930433826914N12207145WA010450110404
B1930443826917N12207153WA010430110230
B1930453826920N12207161WA010400109903
B1930463826921N12207169WA010380109866
B1930473826922N12207177WA010360109688
B1930483826924N12207185WA010330109427
B1930493826926N12207193WA010310109227
B1930503826927N12207201WA010280108999
B1930513826930N12207209WA010250108706
B1930523826932N12207216WA010230108634
B1930533826934N12207222WA010230108539
B1930543826936N12207229WA010230108715
B1930553826937N12207235WA010240108898
B1930563826939N12207240WA010250109069
B1930573826941N12207245WA010260109053
B1930583826943N12207249WA010270108956
B1930593826945N12207254WA010270108963
B1931003826948N12207258WA010270108849
B1931013826951N12207262WA010260108897
B1931023826955N12207266WA010260108872
B1931033826959N12207269WA010260108825
B1931043826962N12207272WA010260108949
B1931053826965N12207276WA010270108941
B1931063826968N12207279WA010270108935
B1931073826971N12207283WA010270108955
B1931083826974N12207288WA010270108990
B1931093826978N12207292WA010270109051
B1931103826982N12207295WA010270109224
B1931113826985N12207298WA010290109334
B1931123826987N12207301WA010300109472
B1931133826989N12207304WA010310109592
B1931143826992N12207307WA010320109435
B1931153826994N12207311WA010330109482
B1931163826998N12207315WA010330109507
B1931173827001N12207319WA010330109559
B1931183827004N12207324WA010330109670
B1931193827007N12207328WA010330109660
B1931203827010N12207332WA010330109654
B1931213827013N12207337WA010340109661
B1931223827016N12207341WA010340109697
B1931233827020N12207345WA010340109608
B1931243827023N12207350WA010340109500
B1931253827025N12207354WA010330109390
B1931263827028N12207358WA010320109351
B1931273827031N12207362WA010320109316
B1931283827034N12207367WA010310109205
B1931293827036N12207372WA010300109084
B1931303827040N12207377WA010280108800
B1931313827043N12207381WA010270108753
B1931323827047N12207385WA010260108702
B1931333827050N12207389WA010240108611
B1931343827053N12207392WA010230108555
B1931353827057N12207395WA010220108302
B1931363827060N12207398WA010210108222
B1931373827063N12207401WA010190108134
B1931383827066N12207404WA010180108057
B1931393827070N12207407WA010160107865
B1931403827075N12207409WA010140107623
B1931413827080N12207410WA010120107501
B1931423827084N12207410WA010110107473
B1931433827089N12207410WA010100107372
B1931443827094N12207410WA010090107153
B1931453827098N12207409WA010080107197
B1931463827103N12207407WA010070106917
B1931473827107N12207404WA010060106810
B1931483827110N12207400WA010050106780
B1931493827113N12207396WA010040106682
B1931503827116N12207391WA010030106441
B1931513827118N12207385WA010010106373
B1931523827120N12207379WA010000106180
B1931533827123N12207372WA009980106006
B1931543827125N12207366WA009970105937
B1931553827127N12207360WA009950105848
B1931563827129N12207354WA009940105706
B1931573827130N12207348WA009930105617
B1931583827131N12207343WA009920105410
B1931593827132N12207337WA009900105116
B1932003827133N12207331WA009880104959
B1932013827134N12207325WA009860104685
B1932023827136N12207319WA009840104420
B1932033827137N12207312WA009810104240
B1932043827138N12207305WA009790104143
B1932053827139N12207298WA009770103924
B1932063827140N12207291WA009750103727
B1932073827141N12207285WA009740103652
B1932083827143N12207279WA009720103500
B1932093827144N12207273WA009710103491
B1932103827146N12207266WA009710103348
B1932113827147N12207260WA009710103281
B1932123827149N12207253WA009700103124
B1932133827150N12207246WA009690103065
B1932143827152N12207239WA009680102918
B1932153827153N12207233WA009670102980
B1932163827155N12207226WA009660102858
B1932173827157N12207220WA009650102778
B1932183827160N12207214WA009630102538
B1932193827163N12207208WA009610102336
B1932203827166N12207202WA009590102268
B1932213827170N12207198WA009580102201
B1932223827173N12207194WA009570102142
B1932233827176N12207190WA009570102083
B1932243827180N12207186WA009570101866
B1932253827184N12207183WA009550101678
B1932263827189N12207182WA009540101529
B1932273827193N12207184WA009530101452
B1932283827197N12207186WA009520101424
B1932293827199N12207189WA009510101387
B1932303827201N12207193WA009510101180
B1932313827203N12207197WA009500100971
B1932323827205N12207202WA009480100740
B1932333827207N12207208WA009470100430
B1932343827209N12207214WA009440100183
B1932353827212N12207219WA009420100089
B1932363827215N12207225WA009400099983
B1932373827218N12207230WA009390099944
B1932383827221N12207235WA009390099815
B1932393827224N12207240WA009390099708
B1932403827227N12207246WA009380099740
B1932413827230N12207251WA009380099680
B1932423827233N12207256WA009370099681
B1932433827236N12207260WA009370099599
B1932443827240N12207265WA009360099407
B1932453827243N12207270WA009350099343
B1932463827246N12207274WA009340099297
B1932473827250N12207279WA009330099026
B1932483827253N12207284WA009320099018
B1932493827255N12207290WA009310098991
B1932503827258N12207295WA009300098838
B1932513827260N12207302WA009280098713
B1932523827261N12207309WA009270098680
B1932533827263N12207315WA009270098657
B1932543827265N12207322WA009270098721
B1932553827266N12207328WA009270098861
B1932563827267N12207333WA009280098964
B1932573827268N12207337WA009290099099
B1932583827271N12207341WA009300099118
B1932593827273N12207345WA009310099179
B1933003827276N12207350WA009320099242
B1933013827278N12207354WA009330099154
B1933023827279N12207359WA009330099170
B1933033827279N12207364WA009330099157
B1933043827277N12207369WA009340099327
B1933053827273N12207373WA009350099462
B1933063827268N12207373WA009360099785
B1933073827264N12207370WA009380099906
B1933083827260N12207365WA009400100128
B1933093827257N12207359WA009420100222
B1933103827256N12207351WA009440100315
B1933113827257N12207343WA009460100438
B1933123827261N12207337WA009460100400
B1933133827265N12207332WA009460100565
B1933143827271N12207331WA009470100630
B1933153827276N12207332WA009470100634
B1933163827279N12207336WA009470100562
B1933173827282N12207341WA009480100628
B1933183827282N12207346WA009480100798
B1933193827282N12207351WA009490100816
B1933203827280N12207356WA009500100800
B1933213827276N12207359WA009510101014
B1933223827271N12207361WA009520101249
B1933233827266N12207362WA009540101596
B1933243827263N12207360WA009560101633
B1933253827260N12207354WA009580101619
B1933263827256N12207347WA009590101672
B1933273827255N12207338WA009590101860
B1933283827257N12207330WA009600102172
B1933293827262N12207325WA009610102211
B1933303827266N12207322WA009620102492
B1933313827271N12207320WA009640102599
B1933323827276N12207321WA009650102644
B1933333827280N12207323WA009660102589
B1933343827283N12207329WA009660102392
B1933353827285N12207335WA009660102346
B1933363827285N12207342WA009660102517
B1933373827283N12207348WA009670102779
B1933383827281N12207353WA009680103054
B1933393827278N12207356WA009700103100
B1933403827273N12207357WA009720103161
B1933413827268N12207357WA009730103222
B1933423827262N12207355WA009740103448
B1933433827256N12207352WA009760103589
B1933443827251N12207348WA009770103793
B1933453827248N12207342WA009790103944
B1933463827245N12207335WA009810104283
B1933473827245N12207327WA009830104497
B1933483827248N12207320WA009860104657
B1933493827252N12207314WA009880104869
B1933503827257N12207310WA009900105058
B1933513827262N12207309WA009920105221
B1933523827266N12207308WA009940105337
B1933533827270N12207311WA009950105351
B1933543827274N12207315WA009950105442
B1933553827276N12207320WA009950105514
B1933563827275N12207326WA009960105639
B1933573827272N12207332WA009970105798
B1933583827269N12207337WA009980106090
B1933593827266N12207339WA010000106228
B1934003827261N12207341WA010020106462
B1934013827256N12207341WA010040106556
B1934023827250N12207341WA010060106790
B1934033827244N12207338WA010080106898
B1934043827240N12207333WA010100106907
B1934053827236N12207326WA010110107072
B1934063827235N12207317WA010120107296
B1934073827237N12207309WA010130107503
B1934083827239N12207302WA010150107921
B1934093827243N12207297WA010170108042
B1934103827248N12207295WA010190108161
B1934113827253N12207293WA010200108255
B1934123827258N12207294WA010220108462
B1934133827262N12207296WA010240108394
B1934143827266N12207300WA010240108311
B1934153827268N12207305WA010240108363
B1934163827270N12207311WA010240108403
B1934173827269N12207317WA010250108585
B1934183827267N12207323WA010260108764
B1934193827264N12207327WA010270108919
B1934203827259N12207331WA010280109095
B1934213827255N12207332WA010300109007
B1934223827248N12207331WA010310109186
B1934233827243N12207327WA010320109259
B1934243827239N12207321WA010330109274
B1934253827237N12207313WA010330109378
B1934263827237N12207306WA010340109590
B1934273827240N12207298WA010350109729
B1934283827243N12207293WA010370109881
B1934293827248N12207289WA010380110078
B1934303827254N12207288WA010390110149
B1934313827260N12207290WA010400110223
B1934323827263N12207294WA010420110398
B1934333827266N12207300WA010430110316
B1934343827267N12207307WA010430110406
B1934353827266N12207314WA010440110513
B1934363827264N12207319WA010440110508
B1934373827260N12207324WA010440110443
B1934383827255N12207327WA010440110574
B1934393827250N12207328WA010450110758
B1934403827245N12207327WA010460110954
B1934413827240N12207324WA010470110993
B1934423827237N12207319WA010470111034
B1934433827234N12207313WA010480110936
B1934443827232N12207307WA010480110950
B1934453827232N12207299WA010480110933
B1934463827233N12207291WA010480110964
B1934473827237N12207284WA010480111008
B1934483827241N12207280WA010490111191
B1934493827247N12207277WA010490111259
B1934503827253N12207277WA010500111334
B1934513827258N12207279WA010510111412
B1934523827261N12207283WA010530111531
B1934533827263N12207288WA010540111686
B1934543827264N12207295WA010550111670
B1934553827263N12207301WA010560111753
B1934563827260N12207306WA010560111835
B1934573827256N12207309WA010570111806
B1934583827250N12207311WA010580112070
B1934593827245N12207310WA010590112092
B1935003827241N12207307WA010600112152
B1935013827237N12207303WA010600112151
B1935023827234N12207297WA010600112134
B1935033827231N12207290WA010600112158
B1935043827230N12207283WA010600112283
B1935053827232N12207275WA010600112209
B1935063827235N12207268WA010600112339
B1935073827240N12207263WA010600112252
B1935083827246N12207259WA010610112327
B1935093827251N12207258WA010620112437
B1935103827256N12207258WA010630112627
B1935113827260N12207261WA010640112653
B1935123827264N12207264WA010640112537
B1935133827266N12207270WA010640112436
B1935143827266N12207277WA010640112444
B1935153827263N12207283WA010630112355
B1935163827258N12207287WA010620112388
B1935173827253N12207288WA010620112565
B1935183827248N12207287WA010630112671
B1935193827244N12207284WA010640112751
B1935203827240N12207279WA010650112729
B1935213827236N12207275WA010650112697
B1935223827234N12207270WA010660112626
B1935233827232N12207264WA010650112572
B1935243827232N12207256WA010650112654
B1935253827233N12207248WA010650112685
B1935263827236N12207241WA010650112874
B1935273827240N12207236WA010650112983
B1935283827246N12207233WA010660112801
B1935293827252N12207232WA010660112711
B1935303827257N12207233WA010660112680
B1935313827262N12207235WA010650112598
B1935323827265N12207242WA010640112370
B1935333827265N12207248WA010630112248
B1935343827263N12207255WA010610112016
B1935353827259N12207260WA010600112147
B1935363827255N12207264WA010600112270
B1935373827252N12207265WA010610112374
B1935383827249N12207266WA010620112244
B1935393827245N12207267WA010620112142
B1935403827240N12207267WA010620112171
B1935413827235N12207265WA010610112149
B1935423827229N12207263WA010610112186
B1935433827225N12207260WA010610112110
B1935443827221N12207255WA010610112242
B1935453827219N12207249WA010610112252
B1935463827219N12207242WA010610112231
B1935473827220N12207233WA010610112239
B1935483827222N12207226WA010600112378
B1935493827226N12207221WA010600112375
B1935503827232N12207219WA010600112310
B1935513827238N12207218WA010600112105
B1935523827243N12207220WA010590112075
B1935533827248N12207224WA010590111932
B1935543827250N12207229WA010580111867
B1935553827250N12207236WA010570111556
B1935563827248N12207242WA010550111469
B1935573827245N12207248WA010540111232
B1935583827241N12207253WA010530111320
B1935593827236N12207257WA010530111383
B1936003827232N12207262WA010530111491
B1936013827229N12207267WA010530111419
B1936023827225N12207274WA010530111372
B1936033827221N12207280WA010530111490
B1936043827217N12207285WA010540111560
B1936053827212N12207288WA010540111689
B1936063827208N12207292WA010550111726
B1936073827204N12207297WA010550111732
B1936083827201N12207302WA010560111726
B1936093827198N12207308WA010550111755
B1936103827196N12207314WA010550111739
B1936113827194N12207320WA010550111758
B1936123827193N12207326WA010560111727
B1936133827192N12207332WA010560111712
B1936143827191N12207337WA010560111718
B1936153827190N12207343WA010560111786
B1936163827190N12207349WA010560111636
B1936173827189N12207355WA010560111659
B1936183827188N12207362WA010550111605
B1936193827186N12207369WA010550111612
B1936203827184N12207375WA010560111716
B1936213827181N12207381WA010560111886
B1936223827179N12207387WA010570111931
B1936233827177N12207392WA010580111916
B1936243827174N12207398WA010580111892
B1936253827171N12207403WA010580111899
B1936263827168N12207409WA010580111725
B1936273827163N12207415WA010570111693
B1936283827159N12207420WA010560111659
B1936293827155N12207426WA010560111831
B1936303827151N12207431WA010560111862
B1936313827147N12207435WA010570111896
B1936323827144N12207439WA010570111815
B1936333827139N12207443WA010560111791
B1936343827135N12207446WA010550111568
B1936353827130N12207450WA010540111496
B1936363827125N12207453WA010530111356
B1936373827119N12207454WA010520111322
B1936383827113N12207450WA010510111215
B1936393827108N12207444WA010500111259
B1936403827105N12207438WA010490111226
B1936413827103N12207431WA010480111279
B1936423827104N12207425WA010480111007
B1936433827106N12207420WA010470110802
B1936443827108N12207414WA010460110593
B1936453827113N12207409WA010440110328
B1936463827119N12207407WA010420110217
B1936473827125N12207406WA010400110101
B1936483827129N12207403WA010380110199
B1936493827134N12207401WA010380110151
B1936503827139N12207398WA010370110010
B1936513827144N12207395WA010360109814
B1936523827149N12207392WA010350109744
B1936533827154N12207389WA010330109592
B1936543827160N12207385WA010320109548
B1936553827165N12207382WA010320109683
B1936563827171N12207378WA010320109711
B1936573827175N12207373WA010330109940
B1936583827178N12207367WA010340110088
B1936593827181N12207362WA010350110097
B1937003827184N12207357WA010360110074
B1937013827187N12207351WA010360110022
B1937023827189N12207344WA010360109854
B1937033827192N12207336WA010350109714
B1937043827193N12207328WA010340109744
B1937053827193N12207320WA010340109848
B1937063827192N12207314WA010340109833
B1937073827190N12207308WA010340109606
B1937083827186N12207302WA010330109499
B1937093827182N12207298WA010320109380
B1937103827177N12207296WA010310109053
B1937113827172N12207296WA010290108804
B1937123827167N12207299WA010270108731
B1937133827163N12207304WA010250108781
B1937143827162N12207309WA010230108648
B1937153827162N12207315WA010230108642
B1937163827163N12207320WA010230108631
B1937173827165N12207324WA010230108615
B1937183827166N12207328WA010230108599
B1937193827169N12207333WA010220108461
B1937203827172N12207337WA010220108333
B1937213827175N12207341WA010220108325
B1937223827178N12207346WA010210108400
B1937233827180N12207350WA010220108491
B1937243827184N12207353WA010220108515
B1937253827188N12207356WA010230108717
B1937263827192N12207359WA010240108835
B1937273827196N12207362WA010260109050
B1937283827201N12207364WA010280109110
B1937293827205N12207365WA010290109286
B1937303827211N12207365WA010300109218
B1937313827216N12207363WA010300109193
B1937323827222N12207359WA010300109161
B1937333827226N12207353WA010300109265
B1937343827227N12207346WA010310109493
B1937353827227N12207339WA010320109410
B1937363827224N12207332WA010330109492
B1937373827221N12207327WA010330109580
B1937383827217N12207324WA010340109553
B1937393827213N12207324WA010340109534
B1937403827209N12207325WA010330109345
B1937413827205N12207327WA010320109285
B1937423827202N12207330WA010310109022
B1937433827199N12207334WA010290108903
B1937443827195N12207339WA010280108988
B1937453827192N12207346WA010280109162
B1937463827189N12207352WA010290109484
B1937473827188N12207357WA010310109793
B1937483827189N12207362WA010330109830
B1937493827191N12207366WA010350109836
B1937503827195N12207370WA010360109807
B1937513827199N12207373WA010360109769
B1937523827205N12207375WA010360109600
B1937533827210N12207372WA010350109371
B1937543827216N12207366WA010330108835
B1937553827216N12207357WA010310108595
B1937563827211N12207348WA010290108662
B1937573827206N12207341WA010270108736
B1937583827201N12207337WA010270108905
B1937593827196N12207334WA010280109083
B1938003827192N12207332WA010300109080
B1938013827188N12207329WA010310109047
B1938023827183N12207328WA010310109035
B1938033827178N12207328WA010310109109
B1938043827172N12207330WA010310109295
B1938053827168N12207333WA010310109315
B1938063827163N12207337WA010310109380
B1938073827160N12207341WA010320109454
B1938083827159N12207347WA010330109541
B1938093827159N12207352WA010340109755
B1938103827160N12207357WA010360109943
B1938113827162N12207361WA010380110117
B1938123827164N12207365WA010400110364
B1938133827168N12207368WA010420110403
B1938143827172N12207369WA010430110552
B1938153827177N12207367WA010440110534
B1938163827181N12207362WA010440110573
B1938173827184N12207355WA010440110511
B1938183827184N12207347WA010440110501
B1938193827181N12207340WA010440110680
B1938203827177N12207335WA010450110650
B1938213827172N12207331WA010460110864
B1938223827167N12207329WA010470111002
B1938233827161N12207329WA010490111253
B1938243827156N12207332WA010500111189
B1938253827153N12207337WA010510111249
B1938263827151N12207344WA010520111472
B1938273827151N12207349WA010540111874
B1938283827151N12207352WA010560112096
B1938293827152N12207355WA010580112194
B1938303827153N12207358WA010600112095
B1938313827155N12207362WA010590111889
B1938323827159N12207368WA010590111820
B1938333827162N12207372WA010580112089
B1938343827166N12207375WA010590112298
B1938353827171N12207376WA010600112444
B1938363827176N12207375WA010610112501
B1938373827180N12207371WA010620112569
B1938383827184N12207366WA010630112679
B1938393827187N12207360WA010640112663
B1938403827187N12207352WA010630112577
B1938413827185N12207345WA010640112697
B1938423827182N12207339WA010640112679
B1938433827177N12207336WA010640112666
B1938443827172N12207335WA010640112616
B1938453827167N12207337WA010640112644
B1938463827163N12207340WA010640112710
B1938473827159N12207343WA010650113056
B1938483827157N12207348WA010660113162
B1938493827157N12207353WA010670113117
B1938503827157N12207360WA010680113170
B1938513827160N12207365WA010680113255
B1938523827164N12207369WA010690113565
B1938533827168N12207371WA010710113691
B1938543827173N12207370WA010730113767
B1938553827178N12207368WA010740113826
B1938563827182N12207364WA010750113716
B1938573827184N12207359WA010740113574
B1938583827184N12207351WA010730113298
B1938593827182N12207343WA010710113147
B1939003827179N12207337WA010700113113
B1939013827175N12207333WA010690113355
B1939023827171N12207331WA010690113482
B1939033827167N12207330WA010700113482
B1939043827163N12207329WA010700113449
B1939053827158N12207330WA010700113422
B1939063827153N12207331WA010700113530
B1939073827149N12207333WA010710113655
B1939083827146N12207337WA010710113661
B1939093827143N12207342WA010720113790
B1939103827142N12207347WA010730113835
B1939113827142N12207352WA010740113942
B1939123827144N12207356WA010750113869
B1939133827148N12207360WA010750113898
B1939143827153N12207363WA010750113887
B1939153827158N12207365WA010750113966
B1939163827163N12207366WA010760114105
B1939173827167N12207367WA010770114150
B1939183827171N12207364WA010780114107
B1939193827173N12207359WA010770114056
B1939203827174N12207351WA010770113989
B1939213827173N12207343WA010760113860
B1939223827170N12207336WA010740113923
B1939233827166N12207330WA010740114018
B1939243827162N12207326WA010750114216
B1939253827158N12207323WA010760114333
B1939263827154N12207320WA010770114307
B1939273827148N12207320WA010780114361
B1939283827143N12207320WA010790114318
B1939293827138N12207322WA010790114334
B1939303827134N12207325WA010800114390
B1939313827132N12207328WA010800114305
B1939323827129N12207332WA010790114158
B1939333827126N12207337WA010780113987
B1939343827122N12207343WA010770113873
B1939353827118N12207348WA010760113903
B1939363827113N12207351WA010760114213
B1939373827108N12207353WA010770114489
B1939383827104N12207355WA010790114669
B1939393827100N12207357WA010810114602
B1939403827095N12207358WA010830114746
B1939413827090N12207360WA010840114775
B1939423827086N12207363WA010850114951
B1939433827083N12207366WA010870115051
B1939443827081N12207370WA010880115171
B1939453827081N12207374WA010890115038
B1939463827083N12207379WA010890115029
B1939473827087N12207383WA010890115010
B1939483827092N12207382WA010890115156
B1939493827097N12207379WA010890115352
B1939503827099N12207372WA010900115589
B1939513827101N12207366WA010920115717
B1939523827101N12207360WA010930115802
B1939533827099N12207354WA010950115980
B1939543827097N12207347WA010960116008
B1939553827092N12207343WA010970116043
B1939563827087N12207339WA010970116045
B1939573827081N12207337WA010970116191
B1939583827076N12207335WA010970116264
B1939593827071N12207334WA010980116399
B1940003827067N12207335WA010980116346
B1940013827062N12207337WA010990116398
B1940023827059N12207341WA010990116210
B1940033827056N12207345WA010980116118
B1940043827054N12207350WA010980116239
B1940053827053N12207356WA010980116285
B1940063827055N12207362WA010980116200
B1940073827057N12207366WA010980116295
B1940083827061N12207369WA010980116475
B1940093827065N12207369WA010990116597
B1940103827070N12207367WA011000116518
B1940113827072N12207363WA011010116667
B1940123827074N12207358WA011020116686
B1940133827076N12207351WA011020116694
B1940143827077N12207343WA011020116662
B1940153827076N12207335WA011020116705
B1940163827073N12207329WA011030116800
B1940173827069N12207322WA011040116916
B1940183827065N12207317WA011040117105
B1940193827059N12207313WA011050117199
B1940203827054N12207312WA011060117165
B1940213827049N12207313WA011060117056
B1940223827044N12207316WA011050116963
B1940233827040N12207320WA011040116895
B1940243827038N12207325WA011040116744
B1940253827036N12207330WA011030116798
B1940263827035N12207336WA011030116664
B1940273827034N12207342WA011020116635
B1940283827032N12207348WA011020116688
B1940293827031N12207354WA011020116627
B1940303827029N12207360WA011020116677
B1940313827028N12207366WA011030116739
B1940323827026N12207373WA011030116690
B1940333827025N12207379WA011030116697
B1940343827025N12207386WA011030116797
B1940353827027N12207392WA011040116758
B1940363827030N12207397WA011040116843
B1940373827034N12207400WA011040116820
B1940383827038N12207400WA011040116825
B1940393827042N12207399WA011050116900
B1940403827045N12207394WA011050116924
B1940413827047N12207388WA011050116957
B1940423827048N12207382WA011050116976
B1940433827049N12207376WA011050116971
B1940443827050N12207369WA011050116930
B1940453827050N12207361WA011040117066
B1940463827051N12207354WA011050117113
B1940473827051N12207347WA011060117276
B1940483827051N12207341WA011070117374
B1940493827050N12207335WA011070117205
B1940503827046N12207330WA011080117237
B1940513827040N12207328WA011080117161
B1940523827034N12207326WA011080117165
B1940533827029N12207325WA011080117318
B1940543827024N12207325WA011080117430
B1940553827019N12207323WA011090117464
B1940563827014N12207321WA011100117449
B1940573827009N12207320WA011100117412
B1940583827003N12207318WA011100117351
B1940593826997N12207315WA011100117369
B1941003826991N12207313WA011100117453
B1941013826985N12207310WA011100117475
B1941023826979N12207308WA011110117593
B1941033826974N12207307WA011120117741
B1941043826969N12207306WA011130117807
B1941053826964N12207307WA011140117924
B1941063826960N12207310WA011150117940
B1941073826958N12207315WA011150117706
B1941083826957N12207322WA011140117585
B1941093826959N12207329WA011130117679
B1941103826962N12207335WA011130117804
B1941113826964N12207339WA011130118072
B1941123826966N12207341WA011150118176
B1941133826969N12207343WA011160118106
B1941143826971N12207346WA011170118185
B1941153826975N12207349WA011180118106
B1941163826978N12207352WA011180118325
B1941173826981N12207353WA011190118417
B1941183826984N12207353WA011190118418
B1941193826987N12207352WA011200118333
B1941203826990N12207349WA011190118359
B1941213826993N12207345WA011180118225
B1941223826995N12207339WA011170118024
B1941233826995N12207330WA011150117866
B1941243826994N12207321WA011140117897
B1941253826992N12207313WA011130117956
B1941263826988N12207308WA011130118193
B1941273826984N12207305WA011150118232
B1941283826979N12207303WA011160118297
B1941293826975N12207303WA011160118030
B1941303826969N12207304WA011150117961
B1941313826964N12207307WA011150117892
B1941323826961N12207311WA011140117818
B1941333826958N12207316WA011140117806
B1941343826955N12207321WA011140117906
B1941353826952N12207326WA011140117954
B1941363826949N12207330WA011150117979
B1941373826946N12207335WA011150117994
B1941383826944N12207340WA011150117912
B1941393826941N12207345WA011150117875
B1941403826940N12207350WA011150117848
B1941413826940N12207355WA011150117975
B1941423826941N12207359WA011150117885
B1941433826943N12207362WA011140117762
B1941443826946N12207364WA011140117532
B1941453826949N12207365WA011130117447
B1941463826952N12207365WA011120117448
B1941473826955N12207365WA011100117341
B1941483826958N12207362WA011090117362
B1941493826961N12207356WA011080117299
B1941503826964N12207350WA011070117367
B1941513826966N12207344WA011070117300
B1941523826965N12207337WA011070117283
B1941533826965N12207330WA011070117110
B1941543826964N12207322WA011060116922
B1941553826963N12207313WA011050116629
B1941563826962N12207305WA011030116506
B1941573826960N12207297WA011020116666
B1941583826958N12207289WA011010116698
B1941593826957N12207282WA011020116728
B1942003826955N12207276WA011020116771
B1942013826953N12207269WA011030116893
B1942023826952N12207262WA011040116904
B1942033826950N12207255WA011040116921
B1942043826949N12207247WA011050117024
B1942053826949N12207239WA011060117118
B1942063826949N12207232WA011070117277
B1942073826950N12207226WA011080117311
B1942083826950N12207220WA011100117441
B1942093826951N12207214WA011110117534
B1942103826952N12207209WA011110117590
B1942113826954N12207203WA011110117494
B1942123826957N12207197WA011100117337
B1942133826959N12207191WA011090117251
B1942143826961N12207183WA011080117167
B1942153826963N12207175WA011070117179
B1942163826965N12207168WA011050117060
B1942173826967N12207159WA011040116859
B1942183826970N12207151WA011020116651
B1942193826974N12207142WA011000116604
B1942203826977N12207134WA010990116614
B1942213826979N12207127WA010980116632
B1942223826981N12207121WA010990116673
B1942233826985N12207117WA011000116523
B1942243826989N12207115WA011000116387
B1942253826994N12207117WA010990115985
B1942263826997N12207122WA010970115775
B1942273826997N12207128WA010960115698
B1942283826995N12207134WA010940115643
B1942293826991N12207137WA010940115769
B1942303826986N12207140WA010940115882
B1942313826982N12207141WA010940115778
B1942323826978N12207144WA010940115582
B1942333826975N12207148WA010930115320
B1942343826971N12207152WA010910115168
B1942353826968N12207158WA010900114941
B1942363826965N12207163WA010880114970
B1942373826962N12207167WA010870114898
B1942383826959N12207172WA010860114946
B1942393826956N12207177WA010860114935
B1942403826953N12207182WA010870115031
B1942413826950N12207186WA010870115237
B1942423826947N12207191WA010890115497
B1942433826946N12207196WA010900115588
B1942443826946N12207201WA010910115586
B1942453826947N12207206WA010930115690
B1942463826950N12207209WA010940115848
B1942473826953N12207212WA010960116084
B1942483826957N12207212WA010980116277
B1942493826961N12207210WA010990116297
B1942503826965N12207207WA011010116360
B1942513826968N12207201WA011010116462
B1942523826970N12207193WA011010116547
B1942533826970N12207185WA011020116931
B1942543826968N12207177WA011030117221
B1942553826963N12207171WA011050117487
B1942563826958N12207168WA011060117549
B1942573826953N12207169WA011080117525
B1942583826947N12207172WA011090117671
B1942593826943N12207176WA011110117722
B1943003826940N12207181WA011120117851
B1943013826939N12207187WA011130117851
B1943023826940N12207192WA011150117946
B1943033826943N12207197WA011160118100
B1943043826946N12207198WA011180118368
B1943053826950N12207198WA011190118458
B1943063826954N12207196WA011210118511
B1943073826957N12207191WA011220118556
B1943083826960N12207185WA011220118642
B1943093826961N12207177WA011220118854
B1943103826960N12207169WA011230118867
B1943113826957N12207163WA011240118922
B1943123826951N12207158WA011250119155
B1943133826945N12207156WA011260119322
B1943143826939N12207157WA011280119570
B1943153826935N12207159WA011290119633
B1943163826931N12207163WA011310119645
B1943173826929N12207168WA011320119727
B1943183826928N12207174WA011330119784
B1943193826930N12207180WA011340119811
B1943203826932N12207185WA011350120030
B1943213826935N12207189WA011360120222
B1943223826937N12207192WA011380120540
B1943233826940N12207193WA011400120526
B1943243826943N12207194WA011410120653
B1943253826947N12207193WA011420120565
B1943263826952N12207189WA011420120409
B1943273826955N12207183WA011420120468
B1943283826957N12207175WA011410120603
B1943293826957N12207167WA011420120810
B1943303826955N12207159WA011430121167
B1943313826952N12207153WA011450121278
B1943323826948N12207149WA011460121380
B1943333826943N12207145WA011480121472
B1943343826938N12207143WA011490121529
B1943353826932N12207144WA011510121599
B1943363826928N12207147WA011520121606
B1943373826924N12207152WA011520121695
B1943383826923N12207159WA011520121731
B1943393826923N12207166WA011520121852
B1943403826925N12207171WA011530122167
B1943413826928N12207175WA011540122424
B1943423826932N12207176WA011560122407
B1943433826936N12207175WA011580122431
B1943443826940N12207170WA011590122358
B1943453826943N12207163WA011590122388
B1943463826944N12207155WA011590122481
B1943473826943N12207146WA011590122748
B1943483826940N12207139WA011610123068
B1943493826937N12207135WA011630123431
B1943503826933N12207131WA011650123549
B1943513826929N12207130WA011670123440
B1943523826924N12207129WA011680123472
B1943533826919N12207131WA011690123452
B1943543826915N12207136WA011690123483
B1943553826913N12207143WA011690123446
B1943563826913N12207151WA011680123588
B1943573826916N12207158WA011690123810
B1943583826918N12207161WA011700124076
B1943593826922N12207163WA011720124219
B1944003826925N12207165WA011730124354
B1944013826928N12207166WA011750124251
B1944023826932N12207165WA011760124169
B1944033826937N12207163WA011750124157
B1944043826942N12207159WA011750124123
B1944053826944N12207152WA011740124296
B1944063826946N12207144WA011750124319
B1944073826946N12207138WA011760124570
B1944083826946N12207132WA011770124680
B1944093826946N12207125WA011780124666
B1944103826945N12207118WA011790124553
B1944113826942N12207110WA011780124549
B1944123826937N12207105WA011780124690
B1944133826933N12207101WA011780124732
B1944143826929N12207099WA011790124938
B1944153826926N12207100WA011810125007
B1944163826922N12207103WA011820124950
B1944173826918N12207106WA011810124692
B1944183826915N12207111WA011800124572
B1944193826914N12207117WA011790124369
B1944203826915N12207125WA011780124261
B1944213826918N12207132WA011760124210
B1944223826921N12207137WA011750124255
B1944233826925N12207142WA011750124231
B1944243826928N12207146WA011750124344
B1944253826931N12207151WA011760124440
B1944263826934N12207155WA011770124452
B1944273826938N12207158WA011770124408
B1944283826942N12207162WA011770124312
B1944293826946N12207164WA011760124359
B1944303826951N12207166WA011760124294
B1944313826957N12207165WA011750124231
B1944323826962N12207163WA011760124333
B1944333826967N12207161WA011770124642
B1944343826971N12207158WA011780124886
B1944353826975N12207154WA011800125058
B1944363826978N12207150WA011820125080
B1944373826981N12207143WA011830125026
B1944383826982N12207136WA011840124920
B1944393826982N12207128WA011830124802
B1944403826979N12207121WA011830124821
B1944413826975N12207116WA011820124862
B1944423826971N12207113WA011820124915
B1944433826966N12207112WA011830124952
B1944443826962N12207112WA011830125051
B1944453826958N12207113WA011840125096
B1944463826955N12207116WA011840125079
B1944473826953N12207121WA011840125034
B1944483826952N12207126WA011850125133
B1944493826952N12207131WA011860125230
B1944503826953N12207135WA011870125331
B1944513826954N12207139WA011880125475
B1944523826954N12207144WA011890125645
B1944533826952N12207150WA011900125720
B1944543826949N12207154WA011920126038
B1944553826947N12207158WA011940126209
B1944563826946N12207163WA011960126330
B1944573826946N12207167WA011970126305
B1944583826945N12207173WA011970126270
B1944593826945N12207179WA011970126244
B1945003826945N12207186WA011970126361
B1945013826947N12207192WA011970126436
B1945023826950N12207197WA011990126641
B1945033826954N12207199WA012000126830
B1945043826958N12207198WA012010126975
B1945053826963N12207195WA012030127006
B1945063826965N12207190WA012030127096
B1945073826967N12207184WA012040127090
B1945083826968N12207177WA012050127251
B1945093826966N12207170WA012060127393
B1945103826963N12207164WA012070127317
B1945113826957N12207161WA012070127381
B1945123826951N12207159WA012070127597
B1945133826946N12207161WA012070127562
B1945143826941N12207163WA012080127638
B1945153826937N12207167WA012090127801
B1945163826933N12207170WA012100127965
B1945173826931N12207174WA012110127808
B1945183826928N12207180WA012110127891
B1945193826926N12207185WA012110127827
B1945203826922N12207190WA012110127887
B1945213826918N12207195WA012110127844
B1945223826914N12207200WA012110127945
B1945233826911N12207206WA012110127954
B1945243826909N12207212WA012120127978
B1945253826909N12207218WA012120127819
B1945263826910N12207224WA012110127706
B1945273826912N12207230WA012110127644
B1945283826915N12207235WA012100127588
B1945293826918N12207240WA012100127687
B1945303826921N12207244WA012100127689
B1945313826924N12207248WA012110127736
B1945323826927N12207251WA012110127725
B1945333826931N12207253WA012120127730
B1945343826936N12207252WA012120127645
B1945353826941N12207250WA012110127750
B1945363826946N12207247WA012110127922
B1945373826950N12207244WA012120128003
B1945383826953N12207242WA012130128151
B1945393826957N12207239WA012130128119
B1945403826960N12207237WA012140128270
B1945413826964N12207233WA012140128295
B1945423826968N12207230WA012130128182
B1945433826972N12207227WA012130128262
B1945443826976N12207223WA012130128206
B1945453826979N12207219WA012130128275
B1945463826983N12207215WA012120128144
B1945473826987N12207211WA012120128017
B1945483826990N12207208WA012120128076
B1945493826994N12207205WA012110128011
B1945503826997N12207201WA012110127956
B1945513827000N12207198WA012110127972
B1945523827004N12207194WA012100127848
B1945533827008N12207191WA012090127652
B1945543827013N12207187WA012080127416
B1945553827018N12207183WA012060127337
B1945563827023N12207180WA012050127364
B1945573827029N12207177WA012040127300
B1945583827034N12207174WA012040127410
B1945593827039N12207171WA012040127400
B1946003827044N12207168WA012040127322
B1946013827049N12207165WA012040127237
B1946023827054N12207163WA012040127174
B1946033827060N12207161WA012030127010
B1946043827065N12207158WA012010126942
B1946053827070N12207155WA012000126842
B1946063827075N12207152WA011990126758
B1946073827081N12207151WA011970126512
B1946083827086N12207149WA011960126489
B1946093827092N12207148WA011940126363
B1946103827098N12207146WA011920126164
B1946113827104N12207144WA011900125935
B1946123827110N12207143WA011890125701
B1946133827115N12207141WA011870125649
B1946143827120N12207140WA011850125533
B1946153827125N12207138WA011840125331
B1946163827129N12207135WA011820124977
B1946173827135N12207133WA011790124602
B1946183827141N12207130WA011770124412
B1946193827147N12207126WA011750124339
B1946203827153N12207123WA011750124419
B1946213827158N12207121WA011760124554
B1946223827162N12207118WA011760124699
B1946233827167N12207116WA011770124601
B1946243827171N12207113WA011770124445
B1946253827176N12207110WA011770124338
B1946263827181N12207108WA011760124351
B1946273827186N12207105WA011760124442
B1946283827190N12207102WA011760124676
B1946293827194N12207100WA011770124684
B1946303827198N12207098WA011770124683
B1946313827203N12207095WA011780124539
B1946323827208N12207092WA011770124505
B1946333827213N12207089WA011770124755
B1946343827218N12207087WA011780124960
B1946353827223N12207085WA011800125025
B1946363827227N12207084WA011810125163
B1946373827232N12207082WA011820125129
B1946383827237N12207081WA011830125152
B1946393827242N12207078WA011840125265
B1946403827247N12207075WA011850125365
B1946413827252N12207072WA011860125456
B1946423827257N12207070WA011870125624
B1946433827262N12207068WA011880125705
B1946443827266N12207066WA011890125758
B1946453827270N12207065WA011900125690
B1946463827275N12207062WA011890125596
B1946473827281N12207059WA011890125542
B1946483827286N12207055WA011880125592
B1946493827292N12207051WA011880125648
B1946503827297N12207048WA011880125749
B1946513827301N12207046WA011890125994
B1946523827306N12207043WA011900125967
B1946533827312N12207041WA011900125712
B1946543827318N12207038WA011890125512
B1946553827325N12207034WA011880125437
B1946563827333N12207031WA011860125382
B1946573827341N12207028WA011850125481
B1946583827349N12207026WA011850125500
B1946593827355N12207023WA011860125644
B1947003827361N12207020WA011860125530
B1947013827367N12207016WA011860125412
B1947023827373N12207011WA011860125218
B1947033827379N12207006WA011850125239
B1947043827385N12207002WA011840125321
B1947053827390N12206998WA011850125437
B1947063827395N12206996WA011850125431
B1947073827399N12206993WA011860125492
B1947083827404N12206990WA011860125260
B1947093827409N12206986WA011850125195
B1947103827415N12206983WA011840124953
B1947113827421N12206980WA011830124817
B1947123827426N12206978WA011820124898
B1947133827432N12206977WA011810124730
B1947143827437N12206975WA011800124660
B1947153827442N12206973WA011790124581
B1947163827448N12206971WA011780124444
B1947173827453N12206969WA011760124397
B1947183827459N12206967WA011750124235
B1947193827464N12206965WA011730123996
B1947203827470N12206963WA011710123777
B1947213827477N12206962WA011690123310
B1947223827484N12206960WA011660123015
B1947233827491N12206959WA011630122703
B1947243827497N12206958WA011600122682
B1947253827504N12206957WA011580122475
B1947263827511N12206956WA011560122328
B1947273827518N12206956WA011550122200
B1947283827524N12206954WA011540122137
B1947293827530N12206953WA011530121840
B1947303827536N12206950WA011510121667
B1947313827543N12206947WA011490121309
B1947323827549N12206944WA011470121153
B1947333827555N12206939WA011450121068
B1947343827561N12206935WA011430121012
B1947353827566N12206931WA011420120950
B1947363827571N12206927WA011410120776
B1947373827576N12206924WA011400120587
B1947383827582N12206921WA011380120215
B1947393827587N12206918WA011360119973
B1947403827593N12206914WA011330119575
B1947413827600N12206909WA011300119109
B1947423827606N12206904WA011260118928
B1947433827612N12206900WA011230118852
B1947443827618N12206896WA011210118755
B1947453827624N12206892WA011210118718
B1947463827629N12206889WA011210118561
B1947473827635N12206885WA011200118325
B1947483827641N12206881WA011190118025
B1947493827647N12206877WA011170117984
B1947503827654N12206872WA011150117879
B1947513827661N12206868WA011140117925
B1947523827666N12206865WA011140118081
B1947533827671N12206862WA011150118072
B1947543827676N12206859WA011150117953
B1947553827681N12206856WA011140117692
B1947563827687N12206852WA011120117493
B1947573827694N12206848WA011100117332
B1947583827700N12206844WA011090117332
B1947593827705N12206840WA011070117394
B1948003827710N12206836WA011070117367
B1948013827715N12206833WA011070117253
B1948023827720N12206829WA011060117038
B1948033827725N12206825WA011050116889
B1948043827731N12206821WA011040116788
B1948053827737N12206817WA011030116767
B1948063827743N12206814WA011020116731
B1948073827748N12206810WA011010116779
B1948083827754N12206807WA011010116618
B1948093827759N12206804WA011000116556
B1948103827765N12206801WA010990116456
B1948113827771N12206799WA010990116360
B1948123827777N12206796WA010980116338
B1948133827782N12206795WA010980116384
B1948143827788N12206794WA010980116220
B1948153827793N12206791WA010970116088
B1948163827799N12206789WA010960115977
B1948173827805N12206788WA010950115781
B1948183827812N12206787WA010930115710
B1948193827818N12206785WA010920115647
B1948203827824N12206784WA010910115532
B1948213827830N12206782WA010900115514
B1948223827835N12206781WA010890115350
B1948233827841N12206779WA010880115237
B1948243827847N12206778WA010860115021
B1948253827853N12206776WA010850114810
B1948263827858N12206773WA010830114786
B1948273827864N12206771WA010810114667
B1948283827870N12206770WA010800114460
B1948293827876N12206768WA010780114335
B1948303827882N12206767WA010770114111
B1948313827888N12206765WA010750114005
B1948323827893N12206763WA010740113897
B1948333827900N12206761WA010730113719
B1948343827906N12206759WA010710113609
B1948353827911N12206757WA010700113699
B1948363827917N12206756WA010700113480
B1948373827923N12206754WA010690113394
B1948383827930N12206753WA010680113211
B1948393827936N12206752WA010670113140
B1948403827942N12206750WA010650112976
B1948413827949N12206749WA010640112814
B1948423827955N12206748WA010630112734
B1948433827961N12206747WA010610112611
B1948443827967N12206745WA010600112409
B1948453827973N12206744WA010590112245
B1948463827979N12206743WA010570112081
B1948473827986N12206741WA010560111946
B1948483827992N12206739WA010540111877
B1948493827998N12206737WA010530111775
B1948503828004N12206735WA010520111520
B1948513828009N12206732WA010510111434
B1948523828014N12206729WA010490111269
B1948533828019N12206728WA010480111080
B1948543828025N12206725WA010460110724
B1948553828030N12206722WA010440110597
B1948563828036N12206719WA010420110366
B1948573828042N12206716WA010390110138
B1948583828047N12206713WA010370109979
B1948593828053N12206711WA010350109711
B1949003828058N12206708WA010330109463
B1949013828064N12206705WA010300109155
B1949023828071N12206702WA010270108807
B1949033828078N12206700WA010250108623
B1949043828085N12206698WA010220108570
B1949053828092N12206695WA010220108687
B1949063828099N12206694WA010220108712
B1949073828104N12206693WA010230108784
B1949083828109N12206693WA010230108791
B1949093828114N12206693WA010230108630
B1949103828119N12206692WA010220108518
B1949113828124N12206692WA010210108227
B1949123828129N12206693WA010190108071
B1949133828135N12206693WA010170107804
B1949143828139N12206693WA010150107696
B1949153828144N12206693WA010130107574
B1949163828149N12206693WA010110107355
B1949173828154N12206693WA010090107106
B1949183828158N12206692WA010080107078
B1949193828163N12206691WA010070107041
B1949203828167N12206689WA010070107192
B1949213828172N12206687WA010080107006
B1949223828175N12206685WA010070106867
B1949233828179N12206683WA010060106570
B1949243828184N12206679WA010040106340
B1949253828190N12206675WA010020106010
B1949263828195N12206671WA010000105971
B1949273828201N12206667WA009980105748
B1949283828206N12206665WA009960105662
B1949293828212N12206663WA009930105308
B1949303828217N12206663WA009910105091
B1949313828224N12206663WA009880104661
B1949323828231N12206663WA009850104382
B1949333828239N12206663WA009820104254
B1949343828247N12206663WA009790104247
B1949353828254N12206663WA009790104436
B1949363828259N12206662WA009800104588
B1949373828264N12206661WA009810104497
B1949383828270N12206660WA009820104349
B1949393828276N12206660WA009810104273
B1949403828283N12206660WA009810104131
B1949413828289N12206660WA009800104170
B1949423828295N12206659WA009800103973
B1949433828301N12206657WA009780103777
B1949443828308N12206656WA009760103411
B1949453828314N12206655WA009730102980
B1949463828322N12206655WA009700102410
B1949473828329N12206655WA009660102096
B1949483828338N12206656WA009610101704
B1949493828345N12206657WA009570101681
B1949503828353N12206657WA009540101446
B1949513828360N12206657WA009510101226
B1949523828366N12206656WA009490100979
B1949533828373N12206656WA009480100565
B1949543828381N12206656WA009450100027
B1949553828389N12206657WA009420099664
B1949563828398N12206658WA009380099343
B1949573828407N12206658WA009340099219
B1949583828415N12206659WA009310099123
B1949593828422N12206660WA009290099072
B1950003828430N12206660WA009280098805
B1950013828437N12206659WA009270098648
B1950023828444N12206659WA009260098473
B1950033828451N12206659WA009240098278
B1950043828458N12206661WA009230098183
B1950053828465N12206662WA009210098092
B1950063828472N12206662WA009200097765
B1950073828479N12206663WA009180097562
B1950083828486N12206664WA009160097280
B1950093828494N12206664WA009130097103
B1950103828500N12206664WA009110096983
B1950113828507N12206664WA009100096805
B1950123828512N12206665WA009080096773
B1950133828518N12206666WA009070096650
B1950143828524N12206666WA009060096368
B1950153828530N12206667WA009040096179
B1950163828536N12206669WA009020095883
B1950173828542N12206671WA008990095576
B1950183828548N12206673WA008970095269
B1950193828554N12206676WA008940094962
B1950203828561N12206678WA008900094614
B1950213828567N12206679WA008880094595
B1950223828573N12206679WA008860094678
B1950233828578N12206679WA008860094687
B1950243828583N12206679WA008870094485
B1950253828589N12206678WA008860094223
B1950263828595N12206676WA008840093926
B1950273828601N12206673WA008820093769
B1950283828607N12206670WA008800093671
B1950293828613N12206666WA008780093535
B1950303828618N12206663WA008760093380
B1950313828624N12206659WA008740093157
B1950323828630N12206656WA008720092866
B1950333828637N12206653WA008690092434
B1950343828644N12206650WA008660092186
B1950353828652N12206648WA008640092072
B1950363828660N12206645WA008620092065
B1950373828667N12206642WA008630092178
B1950383828673N12206640WA008650092477
B1950393828679N12206639WA008670092610
B1950403828684N12206637WA008690092617
B1950413828689N12206636WA008700092611
B1950423828694N12206634WA008710092637
B1950433828699N12206633WA008710092656
B1950443828704N12206632WA008700092697
B1950453828710N12206632WA008710092810
B1950463828715N12206631WA008710092934
B1950473828720N12206631WA008720093000
B1950483828724N12206629WA008720093049
B1950493828728N12206628WA008730093075
B1950503828733N12206628WA008730093030
B1950513828737N12206628WA008730092986
B1950523828742N12206630WA008720092732
B1950533828745N12206633WA008710092684
B1950543828747N12206637WA008700092597
B1950553828748N12206642WA008690092497
B1950563828748N12206647WA008670092330
B1950573828746N12206651WA008670092321
B1950583828743N12206654WA008660092232
B1950593828739N12206656WA008650092054
B1951003828735N12206657WA008640091900
B1951013828730N12206656WA008630091921
B1951023828725N12206653WA008620091799
B1951033828721N12206649WA008610091694
B1951043828718N12206644WA008590091460
B1951053828715N12206638WA008580091333
B1951063828712N12206633WA008570091331
B1951073828709N12206628WA008570091350
B1951083828707N12206622WA008570091418
B1951093828704N12206617WA008580091481
B1951103828702N12206611WA008580091577
B1951113828700N12206606WA008580091583
B1951123828699N12206600WA008580091537
B1951133828697N12206594WA008580091638
B1951143828694N12206589WA008590091791
B1951153828692N12206583WA008590091726
B1951163828690N12206578WA008600091812
B1951173828688N12206573WA008600091811
B1951183828685N12206567WA008610091897
B1951193828683N12206561WA008610091788
B1951203828682N12206555WA008600091748
B1951213828681N12206549WA008600091709
B1951223828679N12206543WA008610091939
B1951233828678N12206537WA008620092027
B1951243828677N12206531WA008630092271
B1951253828677N12206524WA008650092416
B1951263828675N12206517WA008660092578
B1951273828673N12206511WA008680092783
B1951283828671N12206505WA008700092830
B1951293828667N12206499WA008720093054
B1951303828662N12206495WA008740093177
B1951313828656N12206495WA008750093199
B1951323828651N12206498WA008760093280
B1951333828647N12206501WA008760093313
B1951343828645N12206506WA008770093522
B1951353828644N12206510WA008790093788
B1951363828645N12206515WA008800093850
B1951373828648N12206518WA008810093953
B1951383828652N12206519WA008830094080
B1951393828657N12206517WA008840094040
B1951403828661N12206513WA008850094292
B1951413828665N12206507WA008860094485
B1951423828667N12206499WA008870094715
B1951433828665N12206492WA008890095170
B1951443828661N12206486WA008910095232
B1951453828655N12206482WA008930095296
B1951463828650N12206481WA008940095302
B1951473828644N12206482WA008950095456
B1951483828640N12206485WA008960095632
B1951493828638N12206489WA008980095807
B1951503828638N12206495WA008990095852
B1951513828641N12206499WA009000095903
B1951523828644N12206501WA009010096067
B1951533828649N12206502WA009020096102
B1951543828653N12206501WA009040096298
B1951553828658N12206500WA009040096353
B1951563828663N12206497WA009050096407
B1951573828666N12206493WA009060096693
B1951583828670N12206487WA009080096710
B1951593828671N12206479WA009090096832
B1952003828670N12206471WA009100097030
B1952013828667N12206464WA009110097227
B1952023828662N12206460WA009130097372
B1952033828657N12206457WA009150097326
B1952043828652N12206457WA009160097376
B1952053828648N12206459WA009160097519
B1952063828644N12206463WA009170097779
B1952073828643N12206469WA009180097822
B1952083828645N12206473WA009190098009
B1952093828648N12206476WA009200098077
B1952103828653N12206477WA009220098225
B1952113828658N12206475WA009230098225
B1952123828662N12206470WA009240098161
B1952133828664N12206462WA009260098347
B1952143828663N12206454WA009280098568
B1952153828661N12206448WA009290098781
B1952163828659N12206442WA009310098853
B1952173828656N12206437WA009320098956
B1952183828652N12206434WA009330098946
B1952193828647N12206435WA009320098821
B1952203828643N12206439WA009310098729
B1952213828641N12206446WA009300098869
B1952223828642N12206453WA009310099258
B1952233828645N12206457WA009320099638
B1952243828648N12206459WA009350099995
B1952253828652N12206460WA009370100158
B1952263828655N12206462WA009400100282
B1952273828659N12206462WA009420100384
B1952283828663N12206459WA009440100257
B1952293828667N12206453WA009440100106
B1952303828668N12206444WA009430100299
B1952313828668N12206436WA009430100332
B1952323828664N12206429WA009440100560
B1952333828659N12206425WA009450100633
B1952343828653N12206425WA009460100712
B1952353828648N12206428WA009480100905
B1952363828645N12206433WA009490101102
B1952373828643N12206437WA009510101424
B1952383828641N12206439WA009540101678
B1952393828640N12206441WA009560101640
B1952403828637N12206444WA009580101696
B1952413828635N12206451WA009590101780
B1952423828636N12206457WA009600101942
B1952433828638N12206461WA009600102060
B1952443828642N12206462WA009610102061
B1952453828647N12206460WA009610102292
B1952463828652N12206454WA009620102327
B1952473828655N12206447WA009630102456
B1952483828655N12206440WA009640102571
B1952493828652N12206433WA009650102600
B1952503828646N12206429WA009670102644
B1952513828640N12206428WA009680102759
B1952523828635N12206431WA009690102986
B1952533828632N12206437WA009700103123
B1952543828631N12206442WA009720103322
B1952553828631N12206446WA009740103673
B1952563828633N12206450WA009760103790
B1952573828637N12206452WA009780103876
B1952583828642N12206453WA009790103875
B1952593828647N12206451WA009790103999
B1953003828653N12206448WA009790104012
B1953013828657N12206442WA009790104000
B1953023828659N12206433WA009790104136
B1953033828658N12206425WA009800104271
B1953043828656N12206417WA009800104218
B1953053828650N12206413WA009810104390
B1953063828644N12206411WA009820104482
B1953073828639N12206413WA009830104624
B1953083828635N12206417WA009850104654
B1953093828633N12206423WA009860104851
B1953103828633N12206428WA009880105095
B1953113828636N12206432WA009900105109
B1953123828640N12206435WA009910105147
B1953133828646N12206435WA009910105117
B1953143828651N12206432WA009910105177
B1953153828655N12206426WA009900105196
B1953163828658N12206418WA009900105228
B1953173828658N12206410WA009900105262
B1953183828656N12206402WA009910105494
B1953193828653N12206397WA009920105560
B1953203828649N12206393WA009920105601
B1953213828643N12206390WA009930105656
B1953223828638N12206389WA009940105759
B1953233828633N12206391WA009950105891
B1953243828630N12206394WA009970106041
B1953253828628N12206398WA009980106035
B1953263828628N12206404WA009990106012
B1953273828630N12206410WA010000106006
B1953283828633N12206414WA010000106083
B1953293828638N12206415WA010000106080
B1953303828644N12206412WA010000106066
B1953313828649N12206408WA010000105991
B1953323828653N12206401WA009990105951
B1953333828654N12206392WA009980106078
B1953343828653N12206384WA009980106198
B1953353828651N12206377WA009990106485
B1953363828648N12206371WA010010106685
B1953373828646N12206366WA010020106606
B1953383828643N12206361WA010040106631
B1953393828640N12206355WA010050106770
B1953403828638N12206347WA010050106738
B1953413828635N12206340WA010050106894
B1953423828633N12206333WA010060106967
B1953433828631N12206327WA010060106962
B1953443828629N12206320WA010070106955
B1953453828627N12206313WA010070106947
B1953463828625N12206306WA010070106927
B1953473828623N12206299WA010070106940
B1953483828621N12206291WA010070107091
B1953493828620N12206283WA010080107147
B1953503828618N12206276WA010080107274
B1953513828617N12206268WA010090107309
B1953523828615N12206261WA010100107471
B1953533828614N12206253WA010110107677
B1953543828613N12206247WA010130107752
B1953553828611N12206240WA010150107897
B1953563828609N12206235WA010160107912
B1953573828604N12206230WA010180107938
B1953583828598N12206229WA010180107933
B1953593828591N12206230WA010180108094
B1954003828586N12206234WA010180108282
B1954013828583N12206239WA010190108585
B1954023828583N12206243WA010210108707
B1954033828583N12206248WA010230108870
B1954043828585N12206251WA010250108848
B1954053828587N12206254WA010260108988
B1954063828591N12206256WA010280108839
B1954073828596N12206258WA010280108821
B1954083828602N12206258WA010280108800
B1954093828607N12206256WA010270108974
B1954103828613N12206253WA010280109007
B1954113828617N12206249WA010290109251
B1954123828621N12206243WA010300109364
B1954133828624N12206236WA010310109470
B1954143828626N12206227WA010320109427
B1954153828625N12206219WA010330109536
B1954163828621N12206213WA010340109773
B1954173828615N12206209WA010340109883
B1954183828610N12206207WA010350109842
B1954193828604N12206207WA010360110064
B1954203828599N12206209WA010380110169
B1954213828596N12206214WA010390110211
B1954223828594N12206219WA010410110306
B1954233828593N12206225WA010420110532
B1954243828595N12206229WA010430110555
B1954253828600N12206231WA010430110413
B1954263828606N12206230WA010420110420
B1954273828612N12206225WA010420110522
B1954283828616N12206219WA010420110721
B1954293828618N12206212WA010430110837
B1954303828618N12206206WA010450110986
B1954313828617N12206200WA010460111037
B1954323828614N12206194WA010470110981
B1954333828611N12206187WA010480111033
B1954343828606N12206181WA010480111268
B1954353828601N12206178WA010490111377
B1954363828596N12206178WA010500111472
B1954373828592N12206179WA010510111437
B1954383828588N12206183WA010520111475
B1954393828585N12206188WA010520111457
B1954403828584N12206195WA010510111441
B1954413828585N12206200WA010510111579
B1954423828589N12206203WA010520111629
B1954433828593N12206203WA010520111559
B1954443828598N12206201WA010520111423
B1954453828602N12206197WA010520111546
B1954463828606N12206193WA010520111623
B1954473828609N12206187WA010530111738
B1954483828611N12206180WA010540111749
B1954493828611N12206173WA010550111870
B1954503828610N12206165WA010560111968
B1954513828608N12206160WA010570112021
B1954523828605N12206156WA010590112123
B1954533828601N12206154WA010600112093
B1954543828597N12206154WA010590111830
B1954553828591N12206155WA010580111796
B1954563828586N12206159WA010570111558
B1954573828583N12206166WA010550111532
B1954583828582N12206172WA010540111565
B1954593828583N12206178WA010540111770
B1955003828585N12206181WA010550111899
B1955013828588N12206184WA010550111994
B1955023828592N12206184WA010560111987
B1955033828597N12206183WA010560111844
B1955043828602N12206181WA010550111742
B1955053828607N12206178WA010550111965
B1955063828612N12206175WA010560112049
B1955073828616N12206173WA010560112151
B1955083828620N12206169WA010570112107
B1955093828623N12206165WA010570112112
B1955103828625N12206159WA010570112031
B1955113828626N12206152WA010570112080
B1955123828626N12206144WA010560111958
B1955133828624N12206138WA010560111972
B1955143828621N12206132WA010560111965
B1955153828618N12206127WA010560111906
B1955163828613N12206124WA010560111970
B1955173828608N12206122WA010560111993
B1955183828604N12206122WA010560111838
B1955193828600N12206125WA010550111716
B1955203828596N12206130WA010550111656
B1955213828594N12206136WA010540111628
B1955223828594N12206142WA010530111730
B1955233828596N12206146WA010540111713
B1955243828599N12206149WA010540111715
B1955253828603N12206151WA010540111704
B1955263828607N12206152WA010540111662
B1955273828612N12206150WA010530111557
B1955283828618N12206146WA010530111506
B1955293828622N12206140WA010520111619
B1955303828625N12206134WA010520111717
B1955313828627N12206129WA010520111740
B1955323828629N12206123WA010530111714
B1955333828629N12206117WA010530111774
B1955343828629N12206111WA010530111541
B1955353828627N12206104WA010520111383
B1955363828625N12206096WA010510111229
B1955373828622N12206090WA010500111120
B1955383828618N12206083WA010490111198
B1955393828615N12206078WA010480111127
B1955403828611N12206074WA010470111040
B1955413828607N12206069WA010470110998
B1955423828603N12206065WA010460110879
B1955433828599N12206062WA010450110716
B1955443828594N12206059WA010440110584
B1955453828590N12206056WA010430110427
B1955463828585N12206055WA010420110374
B1955473828581N12206056WA010400110220
B1955483828577N12206058WA010390110042
B1955493828574N12206061WA010380109905
B1955503828570N12206065WA010360109888
B1955513828567N12206070WA010350109877
B1955523828564N12206074WA010350109899
B1955533828562N12206078WA010350109811
B1955543828559N12206081WA010350109863
B1955553828557N12206084WA010360109794
B1955563828557N12206088WA010350109616
B1955573828557N12206094WA010350109513
B1955583828557N12206100WA010340109464
B1955593828559N12206106WA010330109464
B1956003828562N12206111WA010320109446
B1956013828564N12206116WA010320109453
B1956023828566N12206120WA010320109339
B1956033828567N12206126WA010320109364
B1956043828569N12206132WA010320109301
B1956053828570N12206137WA010320109256
B1956063828571N12206143WA010320109291
B1956073828573N12206148WA010320109333
B1956083828575N12206153WA010320109321
B1956093828577N12206157WA010330109445
B1956103828580N12206161WA010330109434
B1956113828584N12206164WA010330109319
B1956123828588N12206167WA010340109333
B1956133828593N12206168WA010340109303
B1956143828597N12206168WA010340109478
B1956153828602N12206167WA010340109312
B1956163828607N12206163WA010330109306
B1956173828611N12206158WA010330109352
B1956183828614N12206151WA010330109305
B1956193828615N12206144WA010320109402
B1956203828614N12206136WA010320109369
B1956213828612N12206130WA010320109334
B1956223828609N12206125WA010310109222
B1956233828605N12206120WA010300109042
B1956243828600N12206116WA010300109016
B1956253828594N12206114WA010290108928
B1956263828588N12206115WA010280108930
B1956273828583N12206117WA010270108937
B1956283828579N12206120WA010280108989
B1956293828577N12206125WA010290109184
B1956303828576N12206129WA010300109165
B1956313828576N12206133WA010310109139
B1956323828576N12206138WA010310109283
B1956333828579N12206142WA010310109216
B1956343828583N12206145WA010310109207
B1956353828587N12206147WA010310109353
B1956363828592N12206146WA010310109345
B1956373828596N12206144WA010310109391
B1956383828600N12206139WA010300109284
B1956393828603N12206133WA010300109171
B1956403828605N12206126WA010290109142
B1956413828605N12206119WA010290109072
B1956423828605N12206112WA010280109011
B1956433828603N12206105WA010270109084
B1956443828601N12206099WA010270108882
B1956453828599N12206092WA010260108762
B1956463828598N12206084WA010250108636
B1956473828598N12206076WA010240108515
B1956483828598N12206068WA010230108615
B1956493828597N12206061WA010230108753
B1956503828596N12206054WA010240108746
B1956513828595N12206048WA010230108634
B1956523828593N12206042WA010230108440
B1956533828590N12206035WA010220108261
B1956543828587N12206027WA010200108119
B1956553828583N12206021WA010190108135
B1956563828579N12206015WA010180108195
B1956573828577N12206010WA010170108118
B1956583828573N12206006WA010160107863
B1956593828569N12206001WA010150107545
B1957003828564N12205996WA010130107271
B1957013828559N12205989WA010100106956
B1957023828553N12205983WA010080106671
B1957033828547N12205976WA010050106469
B1957043828541N12205972WA010020106330
B1957053828534N12205968WA010000106371
B1957063828528N12205965WA010000106328
B1957073828521N12205964WA010000106280
B1957083828515N12205961WA010000106119
B1957093828508N12205959WA009990106014
B1957103828501N12205957WA009990106160
B1957113828495N12205955WA009990106272
B1957123828490N12205953WA010000106498
B1957133828486N12205952WA010010106460
B1957143828482N12205949WA010020106333
B1957153828477N12205946WA010010106114
B1957163828470N12205943WA010010106095
B1957173828464N12205940WA009990105985
B1957183828459N12205937WA009990106138
B1957193828455N12205935WA009990106224
B1957203828451N12205933WA010000106242
B1957213828447N12205930WA010000106298
B1957223828443N12205927WA010000106167
B1957233828438N12205923WA009990106033
B1957243828432N12205918WA009980105984
B1957253828427N12205914WA009970105994
B1957263828423N12205910WA009960106087
B1957273828420N12205907WA009970106007
B1957283828415N12205904WA009970105987
B1957293828411N12205901WA009970105963
B1957303828407N12205897WA009960105846
B1957313828403N12205894WA009960105742
B1957323828399N12205891WA009950105752
B1957333828395N12205888WA009950105736
B1957343828390N12205886WA009940105682
B1957353828386N12205883WA009940105641
B1957363828382N12205879WA009940105539
B1957373828378N12205876WA009930105432
B1957383828374N12205873WA009920105316
B1957393828369N12205870WA009910105078
B1957403828365N12205867WA009900104900
B1957413828360N12205862WA009880104730
B1957423828355N12205855WA009860104646
B1957433828350N12205849WA009850104661
B1957443828346N12205843WA009850104702
B1957453828341N12205837WA009850104819
B1957463828336N12205833WA009860104914
B1957473828331N12205829WA009870105057
B1957483828327N12205826WA009880105205
B1957493828322N12205823WA009900105361
B1957503828318N12205820WA009910105310
B1957513828313N12205816WA009920105387
B1957523828309N12205813WA009920105323
B1957533828304N12205808WA009920105248
B1957543828299N12205803WA009910105168
B1957553828295N12205798WA009900105009
B1957563828290N12205794WA009900105078
B1957573828286N12205791WA009900105183
B1957583828282N12205787WA009910105182
B1957593828278N12205782WA009910105057
B1958003828273N12205778WA009900105074
B1958013828269N12205773WA009900105015
B1958023828264N12205768WA009900105190
B1958033828261N12205762WA009910105315
B1958043828257N12205756WA009920105474
B1958053828254N12205750WA009930105596
B1958063828253N12205743WA009940105437
B1958073828252N12205736WA009940105414
B1958083828250N12205729WA009940105540
B1958093828248N12205721WA009950105899
B1958103828248N12205714WA009960106117
B1958113828248N12205707WA009980106418
B1958123828248N12205701WA010010106645
B1958133828249N12205695WA010040106826
B1958143828251N12205689WA010060106813
B1958153828253N12205682WA010080106987
B1958163828257N12205675WA010090107008
B1958173828260N12205668WA010100107259
B1958183828264N12205662WA010110107548
B1958193828267N12205657WA010140107897
B1958203828271N12205652WA010160108119
B1958213828274N12205648WA010190108234
B1958223828278N12205643WA010210108209
B1958233828282N12205640WA010220108272
B1958243828287N12205636WA010230108495
B1958253828292N12205632WA010230108669
B1958263828297N12205629WA010240108815
B1958273828301N12205626WA010260108992
B1958283828306N12205622WA010270109086
B1958293828311N12205618WA010290109186
B1958303828316N12205614WA010300109385
B1958313828321N12205610WA010320109569
B1958323828326N12205607WA010340109637
B1958333828331N12205605WA010360109710
B1958343828335N12205601WA010370109796
B1958353828340N12205597WA010380109894
B1958363828345N12205593WA010380109872
B1958373828350N12205588WA010380109979
B1958383828355N12205584WA010380110065
B1958393828360N12205580WA010390110122
B1958403828364N12205575WA010390110296
B1958413828370N12205570WA010400110304
B1958423828374N12205564WA010410110475
B1958433828378N12205558WA010420110634
B1958443828381N12205552WA010430110702
B1958453828383N12205545WA010450110848
B1958463828385N12205539WA010460110840
B1958473828386N12205531WA010470110873
B1958483828387N12205523WA010470110803
B1958493828385N12205514WA010470110874
B1958503828383N12205506WA010470110916
B1958513828379N12205499WA010470111178
B1958523828376N12205493WA010480111339
B1958533828372N12205489WA010490111471
B1958543828368N12205485WA010500111475
B1958553828364N12205482WA010510111441
B1958563828359N12205479WA010520111487
B1958573828354N12205478WA010520111493
B1958583828350N12205477WA010510111329
B1958593828345N12205478WA010510111269
B1959003828341N12205480WA010500111218
B1959013828336N12205482WA010490111148
B1959023828331N12205484WA010490111175
B1959033828327N12205485WA010480111039
B1959043828323N12205488WA010480110910
B1959053828318N12205490WA010470110986
B1959063828314N12205493WA010470110850
B1959073828310N12205495WA010460110827
B1959083828306N12205498WA010460110806
B1959093828302N12205501WA010470110926
B1959103828298N12205504WA010470111056
B1959113828294N12205507WA010480111052
B1959123828290N12205509WA010480111057
B1959133828286N12205512WA010490111046
B1959143828282N12205516WA010490111054
B1959153828278N12205520WA010480110936
B1959163828273N12205524WA010480111087
B1959173828269N12205528WA010490111222
B1959183828264N12205530WA010500111478
B1959193828260N12205533WA010510111556
B1959203828256N12205536WA010530111673
B1959213828252N12205538WA010540111768
B1959223828248N12205540WA010560111746
B1959233828244N12205543WA010560111621
B1959243828240N12205546WA010560111545
B1959253828236N12205550WA010550111525
B1959263828231N12205554WA010550111585
B1959273828227N12205558WA010550111589
B1959283828224N12205562WA010550111767
B1959293828221N12205566WA010560111880
B1959303828218N12205568WA010570111857
B1959313828214N12205571WA010560111677
B1959323828210N12205575WA010550111489
B1959333828207N12205579WA010540111406
B1959343828203N12205582WA010530111439
B1959353828199N12205585WA010530111475
B1959363828195N12205587WA010520111397
B1959373828191N12205590WA010520111197
B1959383828188N12205594WA010510111018
B1959393828184N12205599WA010500111022
B1959403828180N12205602WA010500111129
B1959413828177N12205606WA010510111323
B1959423828174N12205610WA010520111480
B1959433828172N12205614WA010530111514
B1959443828169N12205619WA010540111613
B1959453828165N12205623WA010550111899
B1959463828162N12205627WA010570112177
B1959473828159N12205631WA010590112460
B1959483828156N12205634WA010620112582
B1959493828154N12205637WA010640112557
B1959503828153N12205641WA010650112519
B1959513828153N12205646WA010650112435
B1959523828156N12205652WA010640112203
B1959533828161N12205656WA010620112048
B1959543828167N12205659WA010600111933
B1959553828173N12205658WA010580111822
B1959563828179N12205654WA010570111807
B1959573828183N12205648WA010560111955
B1959583828186N12205640WA010550111945
B1959593828187N12205632WA010560112040
B2000003828186N12205625WA010570112290
B2000013828185N12205618WA010580112547
B2000023828183N12205613WA010600112725
B2000033828181N12205608WA010620112833
B2000043828179N12205603WA010640112933
B2000053828176N12205598WA010660113185
B2000063828174N12205594WA010680113233
B2000073828171N12205590WA010700113274
B2000083828168N12205586WA010710113377
B2000093828164N12205583WA010710113386
B2000103828160N12205582WA010710113347
B2000113828155N12205583WA010710113387
B2000123828151N12205587WA010710113564
B2000133828148N12205592WA010720113919
B2000143828147N12205599WA010740114220
B2000153828148N12205604WA010750114343
B2000163828151N12205608WA010780114508
B2000173828154N12205612WA010800114670
B2000183828159N12205613WA010820114619
B2000193828164N12205614WA010840114607
B2000203828169N12205613WA010850114679
B2000213828175N12205610WA010850114797
B2000223828181N12205605WA010850114933
B2000233828184N12205598WA010850114973
B2000243828185N12205590WA010860115034
B2000253828185N12205583WA010870115110
B2000263828183N12205577WA010880115334
B2000273828180N12205573WA010890115372
B2000283828177N12205570WA010900115312
B2000293828172N12205568WA010910115487
B2000303828167N12205569WA010920115582
B2000313828163N12205571WA010930115537
B2000323828159N12205575WA010930115684
B2000333828157N12205580WA010940115831
B2000343828155N12205584WA010950115988
B2000353828155N12205590WA010970116041
B2000363828156N12205595WA010980116025
B2000373828158N12205601WA010990116140
B2000383828161N12205605WA011000116295
B2000393828166N12205608WA011010116355
B2000403828171N12205609WA011020116459
B2000413828176N12205609WA011030116556
B2000423828181N12205608WA011030116632
B2000433828186N12205605WA011040116712
B2000443828190N12205600WA011040116689
B2000453828194N12205594WA011040116668
B2000463828196N12205588WA011040116640
B2000473828196N12205581WA011040116532
B2000483828194N12205574WA011040116589
B2000493828192N12205570WA011040116602
B2000503828187N12205568WA011040116670
B2000513828183N12205567WA011040116586
B2000523828178N12205568WA011040116593
B2000533828174N12205569WA011030116525
B2000543828169N12205571WA011030116531
B2000553828164N12205572WA011040116655
B2000563828159N12205574WA011040116775
B2000573828155N12205577WA011040116714
B2000583828150N12205580WA011050116887
B2000593828146N12205584WA011060116960
B2001003828142N12205587WA011070117066
B2001013828139N12205592WA011080117190
B2001023828139N12205596WA011090117205
B2001033828139N12205602WA011100117200
B2001043828140N12205607WA011100117154
B2001053828143N12205612WA011100117134
B2001063828147N12205615WA011090117002
B2001073828152N12205616WA011080117096
B2001083828159N12205616WA011080117107
B2001093828164N12205615WA011080117324
B2001103828168N12205613WA011090117491
B2001113828172N12205609WA011090117488
B2001123828176N12205605WA011100117531
B2001133828178N12205599WA011110117558
B2001143828179N12205593WA011110117544
B2001153828178N12205586WA011110117571
B2001163828177N12205579WA011110117603
B2001173828174N12205573WA011110117683
B2001183828173N12205567WA011110117715
B2001193828171N12205561WA011120117877
B2001203828170N12205556WA011120117802
B2001213828167N12205550WA011130117943
B2001223828164N12205544WA011140118191
B2001233828162N12205537WA011160118385
B2001243828160N12205531WA011170118577
B2001253828157N12205526WA011190118798
B2001263828154N12205524WA011210118850
B2001273828150N12205523WA011220118715
B2001283828146N12205525WA011220118501
B2001293828141N12205528WA011220118582
B2001303828137N12205533WA011220118664
B2001313828135N12205539WA011220118683
B2001323828135N12205546WA011230118825
B2001333828136N12205553WA011240118946
B2001343828138N12205559WA011250119184
B2001353828142N12205563WA011260119069
B2001363828147N12205567WA011270118911
B2001373828152N12205569WA011260118852
B2001383828157N12205569WA011260118958
B2001393828163N12205569WA011260118902
B2001403828168N12205567WA011260118910
B2001413828173N12205564WA011260119001
B2001423828177N12205560WA011260119108
B2001433828180N12205556WA011270119154
B2001443828183N12205550WA011270119104
B2001453828184N12205543WA011280119235
B2001463828183N12205536WA011280119395
B2001473828182N12205529WA011290119548
B2001483828180N12205524WA011300119723
B2001493828177N12205519WA011310119885
B2001503828174N12205515WA011320119985
B2001513828171N12205512WA011330119918
B2001523828166N12205512WA011340119853
B2001533828162N12205514WA011330119707
B2001543828157N12205518WA011330119748
B2001553828154N12205524WA011320119745
B2001563828152N12205530WA011320119715
B2001573828150N12205537WA011310119712
B2001583828149N12205544WA011310119810
B2001593828149N12205551WA011320119840
B2002003828150N12205557WA011320119956
B2002013828152N12205562WA011330119949
B2002023828155N12205567WA011330119923
B2002033828158N12205571WA011330119874
B2002043828163N12205574WA011330119625
B2002053828168N12205575WA011320119499
B2002063828175N12205574WA011300119317
B2002073828180N12205571WA011290119366
B2002083828184N12205567WA011280119480
B2002093828188N12205562WA011290119547
B2002103828191N12205557WA011290119599
B2002113828195N12205553WA011290119562
B2002123828199N12205548WA011290119441
B2002133828203N12205541WA011290119328
B2002143828207N12205535WA011280119432
B2002153828210N12205528WA011290119679
B2002163828214N12205524WA011300119701
B2002173828217N12205519WA011310119839
B2002183828220N12205515WA011320119727
B2002193828222N12205510WA011320119651
B2002203828224N12205503WA011310119563
B2002213828227N12205496WA011300119433
B2002223828230N12205489WA011290119372
B2002233828233N12205482WA011280119268
B2002243828236N12205476WA011270119227
B2002253828238N12205470WA011260119183
B2002263828241N12205464WA011260119164
B2002273828244N12205458WA011260119166
B2002283828247N12205452WA011260119145
B2002293828249N12205445WA011260119068
B2002303828251N12205438WA011250118996
B2002313828253N12205430WA011250118780
B2002323828256N12205420WA011230118606
B2002333828258N12205412WA011220118730
B2002343828260N12205404WA011220118934
B2002353828261N12205397WA011230119084
B2002363828262N12205390WA011230118961
B2002373828262N12205381WA011230118776
B2002383828263N12205372WA011230118667
B2002393828266N12205364WA011230118711
B2002403828268N12205357WA011230119086
B2002413828270N12205351WA011240119225
B2002423828271N12205345WA011260119267
B2002433828273N12205339WA011270119246
B2002443828276N12205332WA011270119216
B2002453828279N12205325WA011270119246
B2002463828282N12205318WA011270119386
B2002473828286N12205311WA011280119409
B2002483828288N12205306WA011280119480
B2002493828291N12205300WA011290119450
B2002503828294N12205293WA011290119443
B2002513828298N12205286WA011280119405
B2002523828302N12205279WA011280119518
B2002533828306N12205273WA011290119719
B2002543828310N12205268WA011300119915
B2002553828313N12205263WA011310120076
B2002563828317N12205258WA011320120019
B2002573828320N12205253WA011330120049
B2002583828323N12205249WA011340120040
B2002593828327N12205244WA011340120014
B2003003828332N12205240WA011340119904
B2003013828337N12205237WA011330119810
B2003023828341N12205233WA011330119826
B2003033828345N12205229WA011320119619
B2003043828349N12205226WA011310119551
B2003053828355N12205221WA011300119309
B2003063828361N12205217WA011280119114
B2003073828367N12205212WA011260119047
B2003083828373N12205207WA011250119187
B2003093828379N12205203WA011250119261
B2003103828385N12205198WA011260119209
B2003113828390N12205194WA011260119113
B2003123828395N12205189WA011260119074
B2003133828401N12205184WA011250118973
B2003143828407N12205179WA011240118982
B2003153828413N12205175WA011240119050
B2003163828419N12205171WA011240119117
B2003173828424N12205168WA011240119026
B2003183828429N12205165WA011240119020
B2003193828434N12205160WA011240118952
B2003203828440N12205154WA011240119078
B2003213828447N12205150WA011240119100
B2003223828453N12205146WA011240119211
B2003233828458N12205142WA011250119337
B2003243828463N12205138WA011250119207
B2003253828467N12205134WA011250119074
B2003263828472N12205130WA011250118992
B2003273828478N12205126WA011240118961
B2003283828484N12205122WA011240118960
B2003293828490N12205117WA011230118937
B2003303828495N12205113WA011230118964
B2003313828500N12205109WA011230118945
B2003323828504N12205105WA011230118999
B2003333828509N12205102WA011230118862
B2003343828514N12205098WA011230118755
B2003353828519N12205094WA011230118779
B2003363828525N12205091WA011230118837
B2003373828530N12205088WA011230118935
B2003383828535N12205085WA011240118925
B2003393828539N12205082WA011240118973
B2003403828544N12205079WA011240118960
B2003413828549N12205075WA011240118936
B2003423828554N12205071WA011240118979
B2003433828559N12205068WA011240118981
B2003443828564N12205065WA011230118891
B2003453828570N12205062WA011230118812
B2003463828575N12205059WA011230118811
B2003473828580N12205055WA011230118859
B2003483828586N12205053WA011220118740
B2003493828592N12205049WA011220118738
B2003503828597N12205046WA011220118895
B2003513828603N12205043WA011220118804
B2003523828608N12205040WA011220118806
B2003533828613N12205038WA011220118713
B2003543828618N12205036WA011220118660
B2003553828624N12205033WA011210118526
B2003563828629N12205030WA011200118487
B2003573828635N12205027WA011190118407
B2003583828640N12205024WA011180118307
B2003593828645N12205021WA011170118128
B2004003828650N12205019WA011160117942
B2004013828655N12205016WA011150117889
B2004023828661N12205014WA011140117823
B2004033828666N12205012WA011130117730
B2004043828671N12205009WA011120117515
B2004053828676N12205007WA011100117268
B2004063828682N12205006WA011080116953
B2004073828689N12205004WA011050116532
B2004083828696N12205001WA011010116074
B2004093828705N12204998WA010980115609
B2004103828713N12204996WA010940115468
B2004113828721N12204994WA010900115486
B2004123828729N12204992WA010880115351
B2004133828736N12204989WA010880115245
B2004143828743N12204987WA010880115041
B2004153828750N12204984WA010860114788
B2004163828758N12204982WA010840114453
B2004173828766N12204980WA010820114171
B2004183828774N12204977WA010790114068
B2004193828782N12204975WA010770114024
B2004203828789N12204973WA010760113953
B2004213828796N12204971WA010740113833
B2004223828803N12204969WA010730113636
B2004233828810N12204967WA010710113324
B2004243828817N12204964WA010690113159
B2004253828825N12204962WA010660112912
B2004263828832N12204959WA010650112966
B2004273828840N12204957WA010640112919
B2004283828846N12204957WA010640112891
B2004293828853N12204956WA010640112776
B2004303828860N12204955WA010640112638
B2004313828867N12204954WA010640112608
B2004323828873N12204953WA010630112658
B2004333828879N12204953WA010630112673
B2004343828885N12204952WA010630112556
B2004353828891N12204951WA010620112538
B2004363828897N12204950WA010620112518
B2004373828902N12204950WA010610112442
B2004383828907N12204949WA010600112399
B2004393828913N12204949WA010600112164
B2004403828919N12204948WA010580112077
B2004413828925N12204947WA010570111899
B2004423828932N12204947WA010550111722
B2004433828938N12204946WA010540111634
B2004443828943N12204945WA010530111675
B2004453828949N12204945WA010520111542
B2004463828955N12204944WA010510111439
B2004473828961N12204944WA010500111333
B2004483828967N12204943WA010490111136
B2004493828973N12204942WA010480111148
B2004503828979N12204942WA010470111040
B2004513828985N12204941WA010450110971
B2004523828991N12204940WA010440110871
B2004533828997N12204938WA010430110677
B2004543829003N12204937WA010420110551
B2004553829009N12204935WA010410110449
B2004563829015N12204935WA010390110235
B2004573829021N12204935WA010380110113
B2004583829026N12204934WA010370110062
B2004593829032N12204932WA010350109908
B2005003829037N12204931WA010350109856
B2005013829043N12204930WA010340109629
B2005023829048N12204930WA010330109583
B2005033829054N12204929WA010320109458
B2005043829060N12204929WA010310109375
B2005053829066N12204929WA010300109295
B2005063829072N12204929WA010300109364
B2005073829077N12204929WA010300109380
B2005083829082N12204928WA010300109283
B2005093829088N12204927WA010290109017
B2005103829093N12204927WA010290108973
B2005113829099N12204927WA010280108870
B2005123829105N12204926WA010260108830
B2005133829110N12204924WA010260108798
B2005143829116N12204923WA010250108763
B2005153829122N12204922WA010240108621
B2005163829128N12204921WA010230108600
B2005173829133N12204920WA010220108673
B2005183829139N12204919WA010220108516
B2005193829144N12204918WA010220108426
B2005203829149N12204917WA010220108205
B2005213829153N12204916WA010210108081
B2005223829158N12204914WA010190107797
B2005233829164N12204913WA010170107522
B2005243829169N12204910WA010140107349
B2005253829174N12204908WA010120107090
B2005263829181N12204905WA010090106711
B2005273829187N12204902WA010060106584
B2005283829194N12204900WA010040106480
B2005293829201N12204897WA010020106438
B2005303829207N12204896WA010010106460
B2005313829213N12204894WA010000106331
B2005323829219N12204892WA009990105922
B2005333829225N12204890WA009970105565
B2005343829232N12204888WA009940105168
B2005353829239N12204887WA009910104981
B2005363829246N12204885WA009880104784
B2005373829253N12204883WA009860104716
B2005383829259N12204881WA009830104557
B2005393829265N12204879WA009820104475
B2005403829272N12204877WA009810104265
B2005413829279N12204876WA009800104152
B2005423829285N12204874WA009780103989
B2005433829291N12204873WA009770103788
B2005443829298N12204872WA009750103411
B2005453829305N12204870WA009720102901
B2005463829312N12204867WA009690102658
B2005473829320N12204865WA009660102406
B2005483829326N12204863WA009630102377
B2005493829333N12204861WA009610102219
B2005503829339N12204859WA009590102018
B2005513829345N12204857WA009580101745
B2005523829352N12204854WA009560101448
B2005533829360N12204851WA009520101027
B2005543829368N12204848WA009500100731
B2005553829375N12204845WA009460100677
B2005563829382N12204843WA009440100597
B2005573829389N12204841WA009430100606
B2005583829394N12204839WA009430100450
B2005593829400N12204836WA009430100124
B2006003829406N12204833WA009420099819
B2006013829412N12204831WA009390099575
B2006023829419N12204829WA009370099370
B2006033829426N12204826WA009340099175
B2006043829433N12204824WA009310099064
B2006053829440N12204822WA009290098815
B2006063829446N12204820WA009270098723
B2006073829452N12204818WA009240098432
B2006083829459N12204816WA009220098034
B2006093829466N12204814WA009190097816
B2006103829473N12204812WA009170097525
B2006113829480N12204810WA009140097433
B2006123829486N12204808WA009120097292
B2006133829493N12204806WA009110097134
B2006143829499N12204804WA009100096967
B2006153829505N12204803WA009090096681
B2006163829512N12204801WA009070096335
B2006173829519N12204799WA009050095927
B2006183829526N12204798WA009020095600
B2006193829532N12204796WA008990095496
B2006203829539N12204795WA008960095184
B2006213829546N12204794WA008930094984
B2006223829553N12204793WA008900094730
B2006233829560N12204791WA008870094407
B2006243829566N12204790WA008840094135
B2006253829572N12204789WA008810093896
B2006263829579N12204788WA008770093407
B2006273829585N12204788WA008740093151
B2006283829592N12204788WA008710092806
B2006293829598N12204789WA008680092633
B2006303829604N12204790WA008650092313
B2006313829609N12204791WA008630092033
B2006323829614N12204791WA008610091766
B2006333829620N12204791WA008590091352
B2006343829627N12204790WA008560091117
B2006353829634N12204790WA008530090945
B2006363829641N12204791WA008510090980
B2006373829648N12204791WA008510091178
B2006383829654N12204792WA008520091381
B2006393829659N12204791WA008530091487
B2006403829664N12204790WA008550091532
B2006413829668N12204788WA008570091574
B2006423829672N12204786WA008580091588
B2006433829677N12204785WA008590091574
B2006443829682N12204783WA008590091583
B2006453829688N12204779WA008590091549
B2006463829693N12204773WA008590091738
B2006473829696N12204766WA008600092081
B2006483829697N12204757WA008620092259
B2006493829697N12204750WA008630092300
B2006503829694N12204743WA008650092391
B2006513829690N12204738WA008660092415
B2006523829685N12204736WA008680092461
B2006533829681N12204735WA008690092607
B2006543829677N12204737WA008700092787
B2006553829675N12204741WA008710092833
B2006563829674N12204745WA008730092973
B2006573829676N12204749WA008740092901
B2006583829677N12204752WA008750093059
B2006593829681N12204754WA008770093101
B2007003829686N12204754WA008780093134
B2007013829691N12204752WA008770093186
B2007023829697N12204747WA008770093178
B2007033829702N12204740WA008760093290
B2007043829706N12204730WA008760093423
B2007053829707N12204720WA008770093711
B2007063829706N12204711WA008790094009
B2007073829703N12204704WA008810094165
B2007083829700N12204698WA008830094174
B2007093829697N12204694WA008840094141
B2007103829693N12204692WA008860094104
B2007113829688N12204692WA008850094117
B2007123829683N12204696WA008850094218
B2007133829678N12204701WA008860094696
B2007143829675N12204705WA008880095080
B2007153829674N12204707WA008910095350
B2007163829674N12204709WA008930095316
B2007173829675N12204713WA008950095335
B2007183829677N12204718WA008960095293
B2007193829681N12204721WA008950095169
B2007203829685N12204724WA008950095392
B2007213829690N12204725WA008950095470
B2007223829695N12204723WA008950095479
B2007233829700N12204721WA008960095492
B2007243829706N12204716WA008960095429
B2007253829710N12204711WA008960095435
B2007263829714N12204705WA008960095331
B2007273829717N12204698WA008950095371
B2007283829720N12204690WA008950095341
B2007293829722N12204681WA008950095417
B2007303829721N12204673WA008960095571
B2007313829719N12204666WA008970095717
B2007323829715N12204661WA008980095897
B2007333829712N12204657WA008990096023
B2007343829707N12204654WA009010096295
B2007353829703N12204654WA009030096399
B2007363829701N12204657WA009050096422
B2007373829699N12204661WA009070096635
B2007383829699N12204665WA009090096711
B2007393829700N12204668WA009110096871
B2007403829704N12204670WA009120096823
B2007413829708N12204671WA009110096845
B2007423829714N12204670WA009110096734
B2007433829720N12204665WA009100096717
B2007443829725N12204657WA009100096716
B2007453829728N12204648WA009090096703
B2007463829728N12204639WA009100096844
B2007473829727N12204630WA009110097086
B2007483829726N12204623WA009120097203
B2007493829722N12204617WA009130097365
B2007503829718N12204614WA009150097506
B2007513829713N12204613WA009160097666
B2007523829708N12204613WA009180097881
B2007533829705N12204613WA009200098105
B2007543829702N12204614WA009230098324
B2007553829700N12204616WA009250098497
B2007563829701N12204620WA009260098390
B2007573829705N12204623WA009260098202
B2007583829710N12204624WA009250098306
B2007593829715N12204623WA009250098497
B2008003829721N12204619WA009250098359
B2008013829726N12204613WA009250098488
B2008023829731N12204605WA009260098405
B2008033829734N12204596WA009260098531
B2008043829735N12204586WA009270098763
B2008053829735N12204576WA009280098837
B2008063829732N12204567WA009290099089
B2008073829729N12204561WA009310099234
B2008083829725N12204555WA009330099428
B2008093829721N12204552WA009350099705
B2008103829716N12204551WA009370099982
B2008113829713N12204551WA009390099936
B2008123829709N12204553WA009410099983
B2008133829707N12204556WA009420100043
B2008143829706N12204560WA009430100295
B2008153829708N12204564WA009440100481
B2008163829713N12204565WA009450100669
B2008173829718N12204566WA009460100880
B2008183829723N12204564WA009470101091
B2008193829729N12204560WA009490101050
B2008203829734N12204554WA009500101083
B2008213829739N12204546WA009510101069
B2008223829742N12204537WA009500101063
B2008233829743N12204526WA009510101246
B2008243829742N12204517WA009510101412
B2008253829739N12204510WA009530101555
B2008263829735N12204505WA009540101742
B2008273829730N12204502WA009560101891
B2008283829726N12204501WA009580101932
B2008293829722N12204501WA009590102014
B2008303829719N12204504WA009600102012
B2008313829718N12204508WA009610101918
B2008323829719N12204514WA009610102015
B2008333829721N12204519WA009610102284
B2008343829726N12204522WA009630102511
B2008353829731N12204522WA009650102830
B2008363829736N12204519WA009670102999
B2008373829742N12204515WA009690103071
B2008383829747N12204507WA009710103157
B2008393829750N12204498WA009720103017
B2008403829749N12204489WA009720103170
B2008413829747N12204481WA009730103260
B2008423829743N12204475WA009730103480
B2008433829739N12204472WA009750103652
B2008443829735N12204472WA009760103766
B2008453829733N12204474WA009780103928
B2008463829731N12204477WA009800104074
B2008473829731N12204481WA009820104150
B2008483829732N12204485WA009830104234
B2008493829735N12204489WA009850104494
B2008503829741N12204491WA009860104669
B2008513829746N12204490WA009880104693
B2008523829752N12204485WA009890104798
B2008533829758N12204480WA009890104611
B2008543829762N12204473WA009890104641
B2008553829766N12204464WA009880104634
B2008563829767N12204454WA009870104693
B2008573829767N12204444WA009870104740
B2008583829765N12204436WA009870104995
B2008593829763N12204429WA009880105029
B2009003829760N12204425WA009890105200
B2009013829756N12204422WA009900105235
B2009023829752N12204422WA009910105257
B2009033829749N12204424WA009920105248
B2009043829747N12204428WA009930105363
B2009053829747N12204432WA009940105431
B2009063829747N12204435WA009950105657
B2009073829748N12204438WA009960105708
B2009083829748N12204441WA009980105853
B2009093829750N12204444WA009990105891
B2009103829756N12204447WA009990105800
B2009113829762N12204447WA009980105946
B2009123829768N12204445WA009990105986
B2009133829774N12204442WA009990106001
B2009143829778N12204437WA009990106058
B2009153829783N12204432WA009990105825
B2009163829787N12204425WA009980105562
B2009173829791N12204415WA009970105235
B2009183829792N12204404WA009950105032
B2009193829790N12204393WA009920104866
B2009203829786N12204386WA009900104944
B2009213829782N12204381WA009890105135
B2009223829779N12204379WA009900105223
B2009233829776N12204377WA009910105214
B2009243829773N12204375WA009920105148
B2009253829770N12204375WA009920104916
B2009263829766N12204377WA009900104745
B2009273829763N12204381WA009890104655
B2009283829761N12204385WA009880104739
B2009293829760N12204390WA009880104942
B2009303829760N12204393WA009890105233
B2009313829760N12204395WA009910105468
B2009323829761N12204397WA009930105477
B2009333829764N12204399WA009950105474
B2009343829769N12204400WA009950105321
B2009353829775N12204398WA009950105209
B2009363829781N12204393WA009940105349
B2009373829787N12204386WA009940105307
B2009383829790N12204377WA009930105255
B2009393829791N12204368WA009920105172
B2009403829790N12204360WA009920105093
B2009413829787N12204353WA009910104998
B2009423829783N12204348WA009900104896
B2009433829779N12204346WA009890104657
B2009443829775N12204347WA009870104592
B2009453829773N12204349WA009870104528
B2009463829770N12204353WA009860104561
B2009473829768N12204355WA009870104621
B2009483829765N12204356WA009870104646
B2009493829762N12204358WA009880104742
B2009503829759N12204360WA009890104871
B2009513829757N12204362WA009900104997
B2009523829757N12204365WA009910105139
B2009533829758N12204369WA009920105295
B2009543829763N12204372WA009930105253
B2009553829769N12204373WA009940105303
B2009563829775N12204370WA009950105547
B2009573829780N12204364WA009960105684
B2009583829785N12204355WA009960105635
B2009593829788N12204345WA009960105465
B2010003829791N12204335WA009960105409
B2010013829792N12204326WA009960105533
B2010023829791N12204317WA009960105555
B2010033829789N12204309WA009950105386
B2010043829786N12204302WA009940105273
B2010053829782N12204296WA009930105198
B2010063829778N12204293WA009920105039
B2010073829774N12204293WA009910104900
B2010083829770N12204293WA009890104968
B2010093829768N12204295WA009880104828
B2010103829767N12204299WA009870104743
B2010113829768N12204303WA009860104701
B2010123829769N12204307WA009860104785
B2010133829771N12204311WA009870104895
B2010143829774N12204314WA009880104919
B2010153829775N12204317WA009890105087
B2010163829777N12204320WA009900105190
B2010173829781N12204322WA009910105052
B2010183829786N12204322WA009910105038
B2010193829792N12204321WA009910105009
B2010203829797N12204319WA009900105082
B2010213829803N12204316WA009900104993
B2010223829809N12204313WA009900104889
B2010233829816N12204312WA009890104754
B2010243829823N12204310WA009890104625
B2010253829829N12204308WA009880104664
B2010263829835N12204305WA009870104637
B2010273829840N12204302WA009860104488
B2010283829846N12204299WA009840104129
B2010293829853N12204298WA009820103700
B2010303829861N12204296WA009790103331
B2010313829870N12204294WA009750102906
B2010323829878N12204294WA009710102797
B2010333829886N12204296WA009680102768
B2010343829893N12204298WA009660102718
B2010353829899N12204299WA009670102837
B2010363829905N12204299WA009670102725
B2010373829910N12204299WA009680102670
B2010383829916N12204298WA009670102528
B2010393829922N12204299WA009660102352
B2010403829929N12204299WA009640101937
B2010413829936N12204299WA009610101567
B2010423829944N12204299WA009580101204
B2010433829951N12204298WA009540100929
B2010443829957N12204298WA009510100887
B2010453829964N12204298WA009480100603
B2010463829969N12204297WA009460100489
B2010473829975N12204298WA009430100171
B2010483829981N12204298WA009410099990
B2010493829987N12204297WA009380099798
B2010503829994N12204297WA009370099504
B2010513829999N12204296WA009360099496
B2010523830005N12204295WA009340099277
B2010533830011N12204294WA009330099055
B2010543830017N12204293WA009310098835
B2010553830023N12204292WA009290098615
B2010563830029N12204291WA009270098429
B2010573830035N12204291WA009250098314
B2010583830041N12204291WA009230098110
B2010593830047N12204290WA009210097913
B2011003830053N12204289WA009190097737
B2011013830059N12204289WA009180097642
B2011023830065N12204289WA009160097443
B2011033830070N12204289WA009150097382
B2011043830076N12204289WA009140097041
B2011053830082N12204289WA009120096752
B2011063830088N12204289WA009090096391
B2011073830096N12204289WA009060096016
B2011083830103N12204290WA009040095922
B2011093830110N12204290WA009010095906
B2011103830115N12204290WA009000095896
B2011113830121N12204290WA009000095753
B2011123830127N12204289WA008990095505
B2011133830133N12204288WA008980095218
B2011143830139N12204287WA008960094989
B2011153830146N12204287WA008930094685
B2011163830153N12204287WA008900094392
B2011173830161N12204287WA008870093941
B2011183830168N12204286WA008840093699
B2011193830176N12204286WA008800093477
B2011203830184N12204286WA008770093342
B2011213830192N12204286WA008750093130
B2011223830199N12204285WA008730093078
B2011233830207N12204285WA008720092903
B2011243830214N12204284WA008720092745
B2011253830221N12204283WA008710092679
B2011263830229N12204283WA008700092433
B2011273830236N12204282WA008690092387
B2011283830244N12204282WA008670092322
B2011293830251N12204281WA008670092327
B2011303830258N12204281WA008660092200
B2011313830264N12204280WA008650092192
B2011323830271N12204279WA008640092094
B2011333830279N12204278WA008630091826
B2011343830286N12204277WA008610091728
B2011353830293N12204277WA008600091651
B2011363830300N12204276WA008590091562
B2011373830307N12204275WA008580091465
B2011383830314N12204274WA008570091268
B2011393830321N12204273WA008560091169
B2011403830328N12204272WA008550091129
B2011413830334N12204272WA008550091151
B2011423830340N12204271WA008550091062
B2011433830346N12204270WA008550090964
B2011443830352N12204269WA008550090885
B2011453830359N12204268WA008540090618
B2011463830365N12204268WA008530090562
B2011473830372N12204267WA008520090537
B2011483830378N12204267WA008510090591
B2011493830384N12204266WA008500090494
B2011503830390N12204266WA008490090381
B2011513830396N12204265WA008480090278
B2011523830402N12204265WA008470090185
B2011533830409N12204265WA008460089900
B2011543830415N12204264WA008440089833
B2011553830421N12204263WA008430089668
B2011563830427N12204263WA008410089484
B2011573830434N12204263WA008390089361
B2011583830441N12204262WA008380089237
B2011593830448N12204262WA008360089120
B2012003830455N12204261WA008350089006
B2012013830461N12204260WA008330088969
B2012023830468N12204260WA008330088732
B2012033830475N12204259WA008320088615
B2012043830482N12204258WA008310088406
B2012053830488N12204258WA008290088380
B2012063830495N12204257WA008280088177
B2012073830502N12204257WA008260087957
B2012083830509N12204257WA008250087833
B2012093830516N12204257WA008230087702
B2012103830522N12204257WA008220087581
B2012113830529N12204257WA008200087440
B2012123830536N12204256WA008190087218
B2012133830543N12204256WA008170087105
B2012143830549N12204256WA008150086991
B2012153830556N12204255WA008140086868
B2012163830563N12204255WA008120086625
B2012173830569N12204255WA008100086350
B2012183830576N12204254WA008080086132
B2012193830583N12204253WA008060085944
B2012203830590N12204252WA008040085728
B2012213830597N12204252WA008020085641
B2012223830604N12204251WA008000085546
B2012233830611N12204251WA007990085314
B2012243830618N12204251WA007980085103
B2012253830624N12204251WA007960084964
B2012263830631N12204251WA007940084775
B2012273830638N12204251WA007920084599
B2012283830646N12204252WA007900084403
B2012293830653N12204252WA007890084324
B2012303830660N12204252WA007870084205
B2012313830666N12204252WA007870084172
B2012323830673N12204252WA007860084033
B2012333830680N12204252WA007850083822
B2012343830687N12204252WA007840083601
B2012353830693N12204251WA007820083598
B2012363830700N12204251WA007810083374
B2012373830707N12204250WA007790083238
B2012383830714N12204250WA007780083103
B2012393830720N12204249WA007760082975
B2012403830727N12204248WA007750082738
B2012413830734N12204247WA007730082539
B2012423830741N12204246WA007710082228
B2012433830748N12204245WA007690082039
B2012443830755N12204245WA007670081944
B2012453830762N12204245WA007650081830
B2012463830769N12204244WA007630081635
B2012473830776N12204244WA007620081532
B2012483830783N12204243WA007610081326
B2012493830790N12204243WA007600081102
B2012503830797N12204243WA007580080910
B2012513830804N12204242WA007560080728
B2012523830811N12204242WA007540080647
B2012533830818N12204242WA007520080446
B2012543830825N12204242WA007510080337
B2012553830832N12204242WA007490080215
B2012563830839N12204242WA007470080013
B2012573830846N12204242WA007460079811
B2012583830852N12204242WA007440079690
B2012593830859N12204241WA007420079478
B2013003830867N12204241WA007400079217
B2013013830874N12204241WA007380079106
B2013023830881N12204241WA007370078907
B2013033830887N12204241WA007360078777
B2013043830894N12204241WA007340078657
B2013053830901N12204241WA007320078454
B2013063830908N12204241WA007310078272
B2013073830915N12204241WA007290078072
B2013083830922N12204241WA007270077882
B2013093830929N12204241WA007250077771
B2013103830936N12204241WA007240077540
B2013113830943N12204241WA007220077411
B2013123830950N12204240WA007200077209
B2013133830957N12204241WA007180077013
B2013143830963N12204241WA007160076891
B2013153830970N12204241WA007150076680
B2013163830977N12204240WA007130076478
B2013173830984N12204240WA007110076367
B2013183830991N12204240WA007090076172
B2013193830998N12204240WA007070075952
B2013203831005N12204240WA007060075736
B2013213831012N12204241WA007050075508
B2013223831019N12204243WA007030075211
B2013233831026N12204243WA007010075034
B2013243831033N12204243WA006990074846
B2013253831040N12204243WA006980074837
B2013263831047N12204244WA006970074721
B2013273831054N12204244WA006960074523
B2013283831061N12204244WA006950074435
B2013293831068N12204244WA006930074226
B2013303831075N12204245WA006920074200
B2013313831081N12204245WA006910074085
B2013323831088N12204246WA006900073962
B2013333831095N12204246WA006890073846
B2013343831102N12204246WA006870073656
B2013353831109N12204246WA006850073454
B2013363831116N12204245WA006830073378
B2013373831123N12204245WA006820073181
B2013383831130N12204244WA006800072957
B2013393831137N12204244WA006790072841
B2013403831144N12204243WA006770072541
B2013413831151N12204242WA006750072312
B2013423831158N12204241WA006730072227
B2013433831165N12204241WA006710072024
B2013443831172N12204240WA006690071939
B2013453831179N12204240WA006670071744
B2013463831186N12204239WA006660071669
B2013473831193N12204239WA006640071476
B2013483831200N12204239WA006620071285
B2013493831208N12204239WA006610071102
B2013503831214N12204238WA006600070999
B2013513831221N12204238WA006590070885
B2013523831228N12204238WA006580070692
B2013533831236N12204237WA006560070525
B2013543831243N12204237WA006550070450
B2013553831250N12204236WA006540070376
B2013563831257N12204236WA006530070161
B2013573831264N12204235WA006510070078
B2013583831271N12204235WA006500069973
B2013593831278N12204234WA006490069799
B2014003831286N12204234WA006470069617
B2014013831293N12204234WA006460069403
B2014023831300N12204233WA006440069316
B2014033831307N12204232WA006430069227
B2014043831314N12204231WA006420069158
B2014053831321N12204230WA006400068999
B2014063831329N12204229WA006390068865
B2014073831336N12204228WA006390068893
B2014083831344N12204227WA006390068811
B2014093831350N12204226WA006390068840
B2014103831356N12204224WA006400068719
B2014113831362N12204223WA006400068716
B2014123831367N12204222WA006390068697
B2014133831373N12204221WA006390068678
B2014143831379N12204220WA006380068647
B2014153831385N12204219WA006380068506
B2014163831390N12204218WA006370068465
B2014173831396N12204217WA006360068338
B2014183831401N12204216WA006360068379
B2014193831407N12204215WA006350068208
B2014203831412N12204215WA006340068131
B2014213831417N12204214WA006330068077
B2014223831423N12204214WA006320067731
B2014233831429N12204213WA006310067654
B2014243831435N12204212WA006290067578
B2014253831442N12204212WA006280067445
B2014263831448N12204212WA006260067484
B2014273831454N12204212WA006260067475
B2014283831460N12204213WA006260067430
B2014293831465N12204213WA006260067363
B2014303831470N12204213WA006260067296
B2014313831476N12204213WA006250067165
B2014323831482N12204213WA006240067031
B2014333831488N12204212WA006230066938
B2014343831494N12204212WA006220066738
B2014353831500N12204212WA006200066614
B2014363831506N12204211WA006190066519
B2014373831512N12204211WA006180066337
B2014383831518N12204211WA006160066246
B2014393831524N12204211WA006150066145
B2014403831530N12204211WA006140066052
B2014413831536N12204210WA006120065946
B2014423831542N12204209WA006120065908
B2014433831547N12204209WA006120065941
B2014443831552N12204208WA006120065864
B2014453831557N12204207WA006110065795
B2014463831563N12204206WA006100065535
B2014473831569N12204205WA006090065308
B2014483831574N12204205WA006080065196
B2014493831580N12204205WA006060065065
B2014503831586N12204205WA006040064945
B2014513831591N12204205WA006020064798
B2014523831598N12204206WA006000064520
B2014533831604N12204206WA005980064371
B2014543831611N12204206WA005960064231
B2014553831617N12204206WA005940064054
B2014563831623N12204206WA005930063939
B2014573831628N12204207WA005940064068
B2014583831633N12204208WA005940063986
B2014593831639N12204208WA005940063808
B2015003831644N12204208WA005930063798
B2015013831651N12204208WA005920063606
B2015023831657N12204209WA005920063631
B2015033831663N12204209WA005910063746
B2015043831669N12204210WA005920063837
B2015053831675N12204212WA005920063912
B2015063831680N12204215WA005920063971
B2015073831686N12204218WA005920064037
B2015083831691N12204221WA005930064144
B2015093831695N12204222WA005940064297
B2015103831700N12204223WA005950064394
B2015113831705N12204224WA005960064293
B2015123831710N12204225WA005950064054
B2015133831716N12204226WA005940063605
B2015143831721N12204228WA005920063396
B2015153831728N12204231WA005890063035
B2015163831734N12204234WA005860062939
B2015173831740N12204237WA005840062924
B2015183831745N12204239WA005830062953
B2015193831750N12204241WA005830062991
B2015203831755N12204242WA005830062974
B2015213831760N12204243WA005830062995
B2015223831766N12204244WA005840062925
B2015233831771N12204245WA005830062945
B2015243831777N12204246WA005830062901
B2015253831782N12204246WA005830063084
B2015263831788N12204247WA005840063124
B2015273831793N12204249WA005850063213
B2015283831797N12204251WA005860063392
B2015293831803N12204252WA005860063344
B2015303831809N12204253WA005870063410
B2015313831815N12204253WA005880063616
B2015323831820N12204254WA005900063892
B2015333831826N12204254WA005910063926
B2015343831831N12204254WA005920063999
B2015353831837N12204255WA005930064000
B2015363831841N12204255WA005930064062
B2015373831846N12204256WA005930063915
B2015383831849N12204259WA005930063879
B2015393831851N12204264WA005910063677
B2015403831851N12204269WA005900063577
B2015413831849N12204272WA005890063568
B2015423831846N12204272WA005880063417
B2015433831842N12204270WA005870063259
B2015443831839N12204266WA005860063216
B2015453831836N12204261WA005860063225
B2015463831833N12204256WA005860063384
B2015473831831N12204251WA005870063432
B2015483831829N12204245WA005880063617
B2015493831827N12204240WA005890063720
B2015503831825N12204234WA005910063766
B2015513831824N12204229WA005910063716
B2015523831822N12204225WA005920063701
B2015533831818N12204223WA005910063501
B2015543831814N12204223WA005900063410
B2015553831811N12204225WA005890063550
B2015563831810N12204228WA005890063597
B2015573831812N12204232WA005890063694
B2015583831816N12204235WA005900063791
B2015593831821N12204237WA005900063732
B2016003831825N12204238WA005910063887
B2016013831830N12204239WA005910063856
B2016023831834N12204240WA005920063993
B2016033831839N12204240WA005930064074
B2016043831844N12204240WA005930064047
B2016053831849N12204241WA005940063923
B2016063831854N12204242WA005940063903
B2016073831858N12204243WA005940063967
B2016083831863N12204245WA005940064062
B2016093831868N12204246WA005950064108
B2016103831871N12204249WA005960064281
B2016113831875N12204251WA005960064258
B2016123831878N12204255WA005960064251
B2016133831880N12204258WA005970064259
B2016143831881N12204262WA005970064206
B2016153831880N12204265WA005970064209
B2016163831878N12204267WA005970064206
B2016173831875N12204266WA005970064226
B2016183831871N12204263WA005960064254
B2016193831868N12204258WA005960064208
B2016203831865N12204253WA005960064224
B2016213831862N12204248WA005960064397
B2016223831860N12204244WA005970064417
B2016233831857N12204240WA005980064687
B2016243831855N12204236WA005990064882
B2016253831853N12204232WA006010064990
B2016263831851N12204229WA006020065132
B2016273831848N12204227WA006040065226
B2016283831845N12204227WA006060065429
B2016293831842N12204230WA006080065663
B2016303831841N12204234WA006100065782
B2016313831844N12204239WA006120065803
B2016323831848N12204243WA006130065951
B2016333831855N12204243WA006130065975
B2016343831862N12204240WA006130066188
B2016353831868N12204233WA006130066387
B2016363831872N12204225WA006140066340
B2016373831873N12204215WA006150066427
B2016383831872N12204207WA006150066418
B2016393831868N12204202WA006160066591
B2016403831865N12204198WA006170066746
B2016413831861N12204197WA006190066888
B2016423831859N12204200WA006200066954
B2016433831859N12204204WA006220067026
B2016443831861N12204209WA006240067208
B2016453831865N12204214WA006250067402
B2016463831870N12204215WA006270067584
B2016473831878N12204213WA006280067602
B2016483831883N12204208WA006290067782
B2016493831888N12204200WA006300067842
B2016503831891N12204191WA006300067824
B2016513831892N12204182WA006310067923
B2016523831891N12204174WA006320068040
B2016533831889N12204166WA006330068109
B2016543831885N12204163WA006340068220
B2016553831881N12204161WA006350068312
B2016563831877N12204161WA006360068597
B2016573831875N12204165WA006380068874
B2016583831874N12204169WA006410069142
B2016593831874N12204173WA006430069238
B2017003831875N12204178WA006460069207
B2017013831879N12204182WA006480069311
B2017023831886N12204182WA006500069641
B2017033831893N12204178WA006520069985
B2017043831899N12204172WA006540070047
B2017053831903N12204164WA006540070141
B2017063831904N12204154WA006550070275
B2017073831905N12204144WA006550070302
B2017083831904N12204136WA006560070525
B2017093831901N12204131WA006570070620
B2017103831897N12204128WA006580070762
B2017113831894N12204127WA006600071022
B2017123831891N12204128WA006620071215
B2017133831889N12204130WA006640071535
B2017143831887N12204132WA006670071835
B2017153831886N12204134WA006700072146
B2017163831886N12204137WA006740072495
B2017173831889N12204140WA006770072546
B2017183831894N12204142WA006790072616
B2017193831900N12204141WA006800072797
B2017203831907N12204136WA006790072853
B2017213831912N12204128WA006800073081
B2017223831916N12204118WA006810073318
B2017233831918N12204109WA006830073502
B2017243831917N12204100WA006840073332
B2017253831913N12204094WA006850073270
B2017263831908N12204092WA006850073243
B2017273831902N12204094WA006850073492
B2017283831899N12204097WA006860074145
B2017293831897N12204100WA006900074996
B2017303831898N12204101WA006950075484
B2017313831900N12204101WA007000075606
B2017323831901N12204103WA007040075612
B2017333831902N12204107WA007070075543
B2017343831905N12204111WA007080075783
B2017353831911N12204113WA007080075850
B2017363831917N12204112WA007090076196
B2017373831923N12204110WA007100076342
B2017383831928N12204106WA007110076355
B2017393831933N12204099WA007120076377
B2017403831937N12204090WA007130076316
B2017413831938N12204080WA007130076311
B2017423831935N12204072WA007130076405
B2017433831930N12204069WA007130076668
B2017443831927N12204070WA007150076960
B2017453831926N12204071WA007180077303
B2017463831926N12204074WA007200077460
B2017473831927N12204077WA007230077588
B2017483831928N12204082WA007250077590
B2017493831929N12204086WA007260077804
B2017503831929N12204090WA007290078135
B2017513831931N12204093WA007310078319
B2017523831934N12204097WA007340078642
B2017533831937N12204100WA007360078792
B2017543831941N12204103WA007380078962
B2017553831946N12204106WA007400079117
B2017563831950N12204110WA007420079271
B2017573831955N12204112WA007430079409
B2017583831959N12204115WA007440079515
B2017593831962N12204118WA007460079699
B2018003831967N12204122WA007470079613
B2018013831972N12204126WA007470079732
B2018023831977N12204130WA007470079912
B2018033831981N12204134WA007480080052
B2018043831984N12204138WA007480080162
B2018053831987N12204141WA007490080135
B2018063831990N12204145WA007500080036
B2018073831993N12204150WA007500079956
B2018083831996N12204156WA007490079894
B2018093831999N12204162WA007490080093
B2018103832002N12204166WA007500080279
B2018113832005N12204171WA007510080530
B2018123832008N12204174WA007530080639
B2018133832011N12204178WA007540080709
B2018143832013N12204183WA007560080785
B2018153832016N12204188WA007570080761
B2018163832019N12204192WA007580080878
B2018173832023N12204197WA007590081062
B2018183832027N12204201WA007600081223
B2018193832030N12204205WA007620081321
B2018203832032N12204209WA007630081471
B2018213832036N12204213WA007640081542
B2018223832040N12204217WA007650081680
B2018233832045N12204220WA007660081920
B2018243832049N12204222WA007680082120
B2018253832052N12204223WA007700082275
B2018263832056N12204225WA007710082153
B2018273832061N12204227WA007700082026
B2018283832067N12204230WA007690081905
B2018293832073N12204233WA007680081909
B2018303832078N12204236WA007690082119
B2018313832082N12204238WA007700082311
B2018323832085N12204239WA007710082491
B2018333832089N12204240WA007720082368
B2018343832094N12204243WA007720082116
B2018353832099N12204246WA007710081908
B2018363832104N12204250WA007700082055
B2018373832110N12204253WA007700082301
B2018383832115N12204255WA007710082800
B2018393832118N12204256WA007740083267
B2018403832122N12204257WA007770083505
B2018413832125N12204257WA007800083658
B2018423832129N12204258WA007830083614
B2018433832134N12204259WA007850083705
B2018443832139N12204261WA007860083969
B2018453832145N12204264WA007880084306
B2018463832149N12204267WA007910084766
B2018473832153N12204269WA007940085075
B2018483832157N12204270WA007980085273
B2018493832162N12204271WA008000085380
B2018503832168N12204272WA008010085441
B2018513832173N12204274WA008010085584
B2018523832179N12204277WA008020085731
B2018533832184N12204280WA008030085921
B2018543832189N12204282WA008050086336
B2018553832194N12204284WA008070086715
B2018563832199N12204286WA008090086830
B2018573832205N12204288WA008120086912
B2018583832211N12204292WA008140087130
B2018593832217N12204297WA008160087470
B2019003832223N12204301WA008190087925
B2019013832227N12204304WA008230088485
B2019023832231N12204306WA008280088786
B2019033832235N12204308WA008320088884
B2019043832240N12204310WA008350088834
B2019053832245N12204312WA008350088865
B2019063832251N12204314WA008350088949
B2019073832256N12204317WA008340089097
B2019083832262N12204320WA008350089223
B2019093832266N12204322WA008360089584
B2019103832271N12204324WA008380089713
B2019113832275N12204326WA008400089844
B2019123832279N12204328WA008420089978
B2019133832284N12204331WA008440089985
B2019143832289N12204334WA008450090090
B2019153832295N12204336WA008460090310
B2019163832300N12204338WA008480090542
B2019173832305N12204340WA008500090837
B2019183832310N12204343WA008520091009
B2019193832314N12204347WA008550091272
B2019203832319N12204350WA008570091415
B2019213832323N12204354WA008590091695
B2019223832328N12204358WA008610091888
B2019233832334N12204362WA008630092105
B2019243832339N12204365WA008660092304
B2019253832343N12204369WA008680092590
B2019263832348N12204372WA008700092675
B2019273832353N12204376WA008730092886
B2019283832358N12204380WA008750093078
B2019293832363N12204385WA008770093340
B2019303832368N12204389WA008790093664
B2019313832373N12204393WA008810094069
B2019323832378N12204397WA008840094338
B2019333832382N12204401WA008880094792
B2019343832387N12204403WA008910095079
B2019353832392N12204406WA008950095367
B2019363832397N12204409WA008980095669
B2019373832402N12204414WA009020095920
B2019383832407N12204417WA009050096221
B2019393832412N12204420WA009090096560
B2019403832418N12204422WA009110096857
B2019413832424N12204426WA009140097141
B2019423832429N12204430WA009160097582
B2019433832435N12204434WA009190097906
B2019443832439N12204439WA009230098364
B2019453832443N12204444WA009260098699
B2019463832447N12204451WA009300098971
B2019473832450N12204458WA009330099269
B2019483832451N12204467WA009370099670
B2019493832450N12204473WA009400100030
B2019503832447N12204476WA009440100227
B2019513832442N12204477WA009460100486
B2019523832439N12204475WA009480100529
B2019533832435N12204472WA009480100668
B2019543832431N12204469WA009490100861
B2019553832427N12204465WA009500101090
B2019563832423N12204461WA009520101398
B2019573832419N12204459WA009540101776
B2019583832416N12204457WA009580102104
B2019593832412N12204454WA009620102586
B2020003832410N12204451WA009660102906
B2020013832407N12204449WA009700103230
B2020023832404N12204446WA009740103561
B2020033832402N12204442WA009780103819
B2020043832399N12204439WA009820104294
B2020053832398N12204435WA009850104509
B2020063832396N12204432WA009880104841
B2020073832395N12204427WA009910105034
B2020083832395N12204421WA009930105349
B2020093832398N12204416WA009960105616
B2020103832403N12204413WA009990106006
B2020113832408N12204413WA010020106594
B2020123832414N12204415WA010060106978
B2020133832419N12204420WA010100107340
B2020143832423N12204425WA010140107560
B2020153832426N12204432WA010170107742
B2020163832427N12204441WA010190107850
B2020173832425N12204449WA010210108176
B2020183832420N12204454WA010230108499
B2020193832415N12204458WA010260108762
B2020203832411N12204458WA010280109126
B2020213832408N12204457WA010320109402
B2020223832405N12204454WA010350109759
B2020233832404N12204451WA010380109801
B2020243832403N12204446WA010410109952
B2020253832404N12204441WA010430110150
B2020263832407N12204435WA010440110548
B2020273832411N12204432WA010470111039
B2020283832416N12204432WA010500111521
B2020293832421N12204433WA010530111935
B2020303832426N12204435WA010570112217
B2020313832430N12204439WA010600112434
B2020323832434N12204445WA010640112673
B2020333832438N12204453WA010670112703
B2020343832439N12204462WA010690113020
B2020353832437N12204470WA010720113485
B2020363832434N12204476WA010740113883
B2020373832430N12204479WA010770114179
B2020383832426N12204481WA010800114479
B2020393832422N12204482WA010840114895
B2020403832419N12204481WA010870115074
B2020413832416N12204479WA010900115260
B2020423832415N12204475WA010930115511
B2020433832415N12204470WA010950115898
B2020443832418N12204466WA010970116047
B2020453832422N12204463WA010990116276
B2020463832428N12204462WA011010116513
B2020473832433N12204463WA011030116843
B2020483832438N12204466WA011060117134
B2020493832441N12204472WA011080117294
B2020503832444N12204480WA011100117359
B2020513832445N12204490WA011120117663
B2020523832444N12204499WA011150118002
B2020533832441N12204505WA011180118525
B2020543832438N12204509WA011210119051
B2020553832435N12204511WA011260119319
B2020563832431N12204514WA011290119542
B2020573832427N12204513WA011330119644
B2020583832423N12204509WA011350119815
B2020593832420N12204503WA011350120017
B2021003832417N12204498WA011370120485
B2021013832416N12204494WA011390121054
B2021023832414N12204490WA011430121488
B2021033832414N12204486WA011470121708
B2021043832412N12204482WA011510122081
B2021053832411N12204476WA011540122388
B2021063832410N12204471WA011580122671
B2021073832409N12204465WA011620123053
B2021083832407N12204460WA011660123555
B2021093832404N12204456WA011700123996
B2021103832402N12204453WA011740124241
B2021113832399N12204449WA011780124676
B2021123832398N12204445WA011820125006
B2021133832396N12204441WA011860125394
B2021143832397N12204437WA011900125542
B2021153832400N12204433WA011920125692
B2021163832406N12204431WA011920125738
B2021173832412N12204433WA011920125995
B2021183832417N12204438WA011930126268
B2021193832420N12204445WA011950126577
B2021203832420N12204454WA011970126870
B2021213832419N12204461WA012000127277
B2021223832417N12204467WA012040127531
B2021233832413N12204471WA012070127870
B2021243832409N12204473WA012100127903
B2021253832403N12204474WA012130128265
B2021263832398N12204472WA012160128554
B2021273832396N12204467WA012200128821
B2021283832395N12204461WA012230129074
B2021293832397N12204456WA012260129412
B2021303832400N12204452WA012290129802
B2021313832403N12204449WA012330130166
B2021323832408N12204448WA012360130403
B2021333832413N12204449WA012390130662
B2021343832418N12204452WA012400130883
B2021353832423N12204457WA012410131032
B2021363832425N12204463WA012430131286
B2021373832427N12204471WA012440131533
B2021383832427N12204479WA012460131733
B2021393832424N12204486WA012490132093
B2021403832421N12204492WA012510132340
B2021413832416N12204496WA012540132592
B2021423832412N12204499WA012570132837
B2021433832407N12204501WA012600133133
B2021443832402N12204500WA012640133468
B2021453832398N12204498WA012670133780
B2021463832395N12204493WA012700133957
B2021473832394N12204488WA012730134217
B2021483832394N12204483WA012760134550
B2021493832396N12204477WA012790134709
B2021503832399N12204473WA012810135082
B2021513832404N12204470WA012840135349
B2021523832409N12204469WA012870135719
B2021533832413N12204470WA012900136086
B2021543832417N12204472WA012930136384
B2021553832421N12204476WA012950136462
B2021563832425N12204481WA012960136526
B2021573832427N12204488WA012960136648
B2021583832428N12204497WA012960136882
B2021593832427N12204504WA012980137147
B2022003832424N12204511WA013000137364
B2022013832420N12204516WA013020137546
B2022023832415N12204520WA013040137740
B2022033832410N12204521WA013070137932
B2022043832405N12204519WA013090138022
B2022053832401N12204514WA013110138173
B2022063832400N12204508WA013130138307
B2022073832399N12204503WA013160138781
B2022083832400N12204497WA013180139019
B2022093832400N12204493WA013210139314
B2022103832399N12204488WA013250139698
B2022113832399N12204483WA013270139859
B2022123832400N12204478WA013300139936
B2022133832401N12204473WA013310140184
B2022143832404N12204468WA013330140326
B2022153832407N12204465WA013340140523
B2022163832411N12204463WA013360140637
B2022173832415N12204463WA013370140794
B2022183832421N12204465WA013380140805
B2022193832425N12204469WA013390141007
B2022203832427N12204475WA013400141172
B2022213832428N12204482WA013420141386
B2022223832429N12204489WA013430141513
B2022233832427N12204495WA013450141783
B2022243832424N12204501WA013470141891
B2022253832420N12204505WA013480141985
B2022263832415N12204508WA013500142167
B2022273832410N12204508WA013520142379
B2022283832406N12204507WA013540142532
B2022293832402N12204503WA013550142779
B2022303832399N12204499WA013570142969
B2022313832397N12204495WA013590143163
B2022323832397N12204489WA013610143218
B2022333832398N12204484WA013620143302
B2022343832399N12204478WA013620143353
B2022353832401N12204472WA013620143488
B2022363832404N12204467WA013630143577
B2022373832408N12204463WA013630143539
B2022383832412N12204461WA013640143631
B2022393832416N12204460WA013650143761
B2022403832421N12204462WA013650143730
B2022413832425N12204465WA013660143849
B2022423832429N12204471WA013670143917
B2022433832431N12204478WA013680144130
B2022443832431N12204484WA013690144387
B2022453832430N12204491WA013710144372
B2022463832428N12204497WA013720144481
B2022473832426N12204502WA013730144513
B2022483832421N12204505WA013740144478
B2022493832416N12204507WA013730144309
B2022503832409N12204507WA013720144365
B2022513832403N12204504WA013720144332
B2022523832398N12204500WA013720144500
B2022533832393N12204496WA013730144739
B2022543832389N12204494WA013750144931
B2022553832385N12204491WA013760144922
B2022563832381N12204488WA013770144837
B2022573832377N12204486WA013770144837
B2022583832373N12204484WA013770144654
B2022593832370N12204481WA013760144413
B2023003832366N12204477WA013740144155
B2023013832361N12204474WA013720144055
B2023023832354N12204473WA013700144091
B2023033832347N12204471WA013680144177
B2023043832342N12204469WA013670144195
B2023053832339N12204466WA013670144164
B2023063832336N12204463WA013680144158
B2023073832333N12204461WA013680144031
B2023083832330N12204457WA013680144089
B2023093832329N12204453WA013670144006
B2023103832327N12204448WA013670144055
B2023113832326N12204443WA013680144133
B2023123832325N12204438WA013680144263
B2023133832325N12204433WA013690144328
B2023143832325N12204429WA013700144315
B2023153832324N12204424WA013700144387
B2023163832324N12204419WA013700144233
B2023173832323N12204413WA013690144281
B2023183832324N12204406WA013690144203
B2023193832324N12204400WA013690144271
B2023203832324N12204394WA013690144273
B2023213832324N12204388WA013690144139
B2023223832324N12204383WA013680144012
B2023233832323N12204377WA013680143831
B2023243832321N12204370WA013660143689
B2023253832320N12204363WA013640143405
B2023263832317N12204355WA013630143348
B2023273832314N12204348WA013620143509
B2023283832309N12204343WA013620143770
B2023293832305N12204337WA013630143925
B2023303832301N12204331WA013650144219
B2023313832297N12204326WA013670144446
B2023323832293N12204321WA013700144781
B2023333832290N12204315WA013720144875
B2023343832287N12204309WA013750145095
B2023353832285N12204303WA013780145371
B2023363832283N12204296WA013800145465
B2023373832280N12204289WA013820145689
B2023383832277N12204284WA013840145860
B2023393832273N12204279WA013870146162
B2023403832269N12204275WA013890146569
B2023413832265N12204273WA013930146899
B2023423832263N12204273WA013950146811
B2023433832261N12204273WA013950146731
B2023443832260N12204273WA013940146707
B2023453832258N12204275WA013930146817
B2023463832256N12204278WA013900147133
B2023473832252N12204284WA013890146935
B2023483832246N12204293WA013870146683
B2023493832243N12204301WA013860146572
B2023503832242N12204308WA013850146362
B2023513832242N12204314WA013850146261
B2023523832244N12204319WA013850146038
B2023533832247N12204324WA013850145887
B2023543832253N12204328WA013830145701
B2023553832259N12204330WA013830145817
B2023563832264N12204333WA013830146133
B2023573832267N12204335WA013850146586
B2023583832270N12204337WA013880146749
B2023593832273N12204340WA013910146847
B2024003832277N12204343WA013930146826
B2024013832282N12204344WA013950146823
B2024023832287N12204344WA013960146951
B2024033832292N12204343WA013970147148
B2024043832297N12204344WA013990147402
B2024053832301N12204344WA014010147648
B2024063832305N12204345WA014030147789
B2024073832310N12204347WA014040147943
B2024083832315N12204349WA014060148003
B2024093832319N12204351WA014070148132
B2024103832323N12204352WA014080148144
B2024113832328N12204353WA014080148104
B2024123832333N12204355WA014080148013
B2024133832338N12204357WA014070148059
B2024143832343N12204360WA014070147975
B2024153832348N12204362WA014070147998
B2024163832353N12204364WA014060147986
B2024173832358N12204366WA014070147918
B2024183832362N12204369WA014070147942
B2024193832366N12204371WA014060147869
B2024203832370N12204374WA014050147795
B2024213832374N12204377WA014040147695
B2024223832378N12204380WA014030147463
B2024233832382N12204383WA014010147322
B2024243832386N12204386WA013990147024
B2024253832390N12204390WA013970146890
B2024263832396N12204394WA013950146783
B2024273832402N12204398WA013940146894
B2024283832408N12204401WA013940147177
B2024293832412N12204404WA013960147364
B2024303832415N12204405WA013970147369
B2024313832418N12204407WA013980147168
B2024323832423N12204411WA013970146700
B2024333832428N12204415WA013960146535
B2024343832434N12204421WA013940146412
B2024353832438N12204428WA013930146680
B2024363832442N12204434WA013930146966
B2024373832447N12204439WA013950147109
B2024383832451N12204444WA013970147486
B2024393832456N12204448WA013990147768
B2024403832461N12204452WA014020147937
B2024413832465N12204456WA014040148086
B2024423832470N12204460WA014060148034
B2024433832475N12204464WA014080147912
B2024443832480N12204468WA014070147726
B2024453832485N12204473WA014050147573
B2024463832490N12204478WA014030147568
B2024473832494N12204483WA014020147685
B2024483832498N12204487WA014020147686
B2024493832502N12204492WA014020147592
B2024503832507N12204496WA014030147635
B2024513832512N12204499WA014030147819
B2024523832516N12204502WA014050148075
B2024533832520N12204505WA014060148291
B2024543832525N12204507WA014080148216
B2024553832529N12204510WA014090148265
B2024563832534N12204514WA014090148152
B2024573832540N12204518WA014090148125
B2024583832545N12204521WA014090148359
B2024593832550N12204525WA014100148521
B2025003832554N12204528WA014110148636
B2025013832558N12204532WA014120148735
B2025023832562N12204536WA014130148774
B2025033832567N12204540WA014140148944
B2025043832572N12204544WA014160149143
B2025053832577N12204548WA014180149325
B2025063832581N12204552WA014200149674
B2025073832586N12204556WA014220149945
B2025083832591N12204560WA014240150094
B2025093832597N12204564WA014260150369
B2025103832602N12204569WA014290150798
B2025113832607N12204574WA014320151036
B2025123832611N12204579WA014350151388
B2025133832616N12204585WA014390151774
B2025143832622N12204591WA014430152043
B2025153832627N12204598WA014460152492
B2025163832632N12204605WA014500152893
B2025173832637N12204612WA014540153334
B2025183832641N12204618WA014580153707
B2025193832644N12204623WA014630154187
B2025203832648N12204628WA014670154365
B2025213832652N12204633WA014700154532
B2025223832656N12204637WA014720154749
B2025233832660N12204642WA014720154936
B2025243832664N12204647WA014740155012
B2025253832668N12204652WA014750155123
B2025263832672N12204658WA014760155343
B2025273832676N12204664WA014780155456
B2025283832680N12204670WA014800155696
B2025293832685N12204676WA014830155965
B2025303832689N12204683WA014860156381
B2025313832693N12204689WA014890156663
B2025323832697N12204694WA014920156816
B2025333832700N12204699WA014950156994
B2025343832704N12204704WA014940156895
B2025353832709N12204710WA014930156730
B2025363832713N12204716WA014920156693
B2025373832718N12204722WA014920156663
B2025383832723N12204727WA014910156672
B2025393832728N12204732WA014900156580
B2025403832733N12204737WA014900156473
B2025413832738N12204742WA014890156346
B2025423832743N12204747WA014890156385
B2025433832749N12204751WA014890156255
B2025443832754N12204754WA014880156246
B2025453832758N12204758WA014880156267
B2025463832762N12204763WA014870156063
B2025473832767N12204767WA014860155836
B2025483832772N12204771WA014850155671
B2025493832778N12204774WA014830155485
B2025503832784N12204777WA014810155277
B2025513832790N12204781WA014780155050
B2025523832795N12204783WA014760154989
B2025533832801N12204786WA014740154715
B2025543832806N12204789WA014710154457
B2025553832812N12204793WA014680154022
B2025563832818N12204797WA014650153844
B2025573832824N12204802WA014630153690
B2025583832830N12204807WA014610153761
B2025593832835N12204812WA014620153900
B2026003832838N12204815WA014630153929
B2026013832842N12204819WA014640153707
B2026023832846N12204823WA014630153543
B2026033832851N12204827WA014620153234
B2026043832856N12204831WA014600153092
B2026053832862N12204835WA014590152951
B2026063832867N12204839WA014570152921
B2026073832871N12204843WA014560152921
B2026083832874N12204846WA014550152896
B2026093832879N12204850WA014530152503
B2026103832883N12204854WA014510152249
B2026113832888N12204860WA014480151953
B2026123832894N12204866WA014450151650
B2026133832900N12204872WA014430151670
B2026143832906N12204877WA014410151673
B2026153832912N12204882WA014410151760
B2026163832917N12204886WA014420151694
B2026173832923N12204891WA014420151532
B2026183832928N12204896WA014410151384
B2026193832934N12204902WA014400151180
B2026203832941N12204907WA014380150947
B2026213832948N12204913WA014370150835
B2026223832954N12204918WA014350150889
B2026233832960N12204923WA014340150898
B2026243832967N12204927WA014330150608
B2026253832973N12204931WA014310150359
B2026263832980N12204936WA014290150101
B2026273832986N12204940WA014270149998
B2026283832994N12204946WA014250149710
B2026293833001N12204952WA014230149710
B2026303833007N12204957WA014220149859
B2026313833012N12204963WA014230149983
B2026323833017N12204968WA014240149961
B2026333833022N12204972WA014240149858
B2026343833027N12204977WA014240149744
B2026353833032N12204982WA014240149571
B2026363833038N12204987WA014230149540
B2026373833044N12204991WA014220149648
B2026383833049N12204996WA014230149865
B2026393833053N12205000WA014240149973
B2026403833057N12205004WA014250150042
B2026413833061N12205008WA014260149963
B2026423833066N12205013WA014260149934
B2026433833071N12205018WA014260150037
B2026443833076N12205023WA014270150359
B2026453833081N12205028WA014290150733
B2026463833085N12205032WA014310150912
B2026473833088N12205035WA014340151039
B2026483833091N12205039WA014360151034
B2026493833095N12205043WA014360150871
B2026503833100N12205048WA014350150882
B2026513833106N12205054WA014350150918
B2026523833111N12205061WA014360151323
B2026533833115N12205066WA014380151738
B2026543833118N12205071WA014400151982
B2026553833122N12205075WA014420151943
B2026563833127N12205080WA014440151802
B2026573833132N12205085WA014440151747
B2026583833138N12205091WA014440151909
B2026593833142N12205097WA014440152182
B2027003833146N12205101WA014460152474
B2027013833150N12205104WA014470152408
B2027023833153N12205108WA014480152331
B2027033833157N12205112WA014480152030
B2027043833161N12205116WA014460151768
B2027053833166N12205123WA014440151450
B2027063833171N12205130WA014410151290
B2027073833176N12205136WA014400151282
B2027083833181N12205141WA014390151447
B2027093833185N12205146WA014390151424
B2027103833188N12205150WA014390151267
B2027113833192N12205155WA014380150962
B2027123833196N12205160WA014360150575
B2027133833201N12205166WA014330150341
B2027143833205N12205171WA014310150289
B2027153833209N12205177WA014300150354
B2027163833212N12205181WA014280150398
B2027173833216N12205185WA014290150302
B2027183833219N12205189WA014290150306
B2027193833221N12205194WA014300150346
B2027203833224N12205199WA014300150308
B2027213833226N12205204WA014300150496
B2027223833229N12205208WA014310150580
B2027233833232N12205211WA014320150461
B2027243833235N12205215WA014310150352
B2027253833238N12205221WA014300150020
B2027263833241N12205227WA014280149846
B2027273833245N12205234WA014270149703
B2027283833248N12205240WA014250149788
B2027293833252N12205246WA014240149757
B2027303833255N12205252WA014240149782
B2027313833259N12205257WA014240149505
B2027323833262N12205263WA014240149451
B2027333833266N12205269WA014230149454
B2027343833270N12205275WA014220149433
B2027353833274N12205280WA014220149519
B2027363833277N12205285WA014230149698
B2027373833281N12205290WA014230149758
B2027383833285N12205296WA014240149741
B2027393833289N12205301WA014240149871
B2027403833294N12205305WA014250149908
B2027413833297N12205310WA014260150057
B2027423833300N12205315WA014260149948
B2027433833303N12205320WA014260149837
B2027443833306N12205326WA014260149732
B2027453833309N12205332WA014250149693
B2027463833313N12205338WA014240149555
B2027473833316N12205345WA014230149581
B2027483833320N12205350WA014220149628
B2027493833323N12205356WA014220149576
B2027503833327N12205362WA014220149338
B2027513833330N12205369WA014210149276
B2027523833334N12205376WA014200149111
B2027533833337N12205381WA014190149059
B2027543833341N12205387WA014170148914
B2027553833344N12205392WA014160148869
B2027563833348N12205398WA014150148743
B2027573833352N12205403WA014130148649
B2027583833356N12205409WA014120148615
B2027593833359N12205415WA014120148650
B2028003833362N12205420WA014120148697
B2028013833366N12205426WA014120148643
B2028023833369N12205431WA014120148686
B2028033833373N12205436WA014120148605
B2028043833376N12205441WA014120148550
B2028053833380N12205445WA014120148453
B2028063833384N12205449WA014110148386
B2028073833389N12205453WA014100148306
B2028083833392N12205457WA014100148271
B2028093833396N12205460WA014090148151
B2028103833400N12205463WA014080148069
B2028113833404N12205467WA014070147985
B2028123833409N12205471WA014070147915
B2028133833413N12205475WA014060147963
B2028143833417N12205478WA014060147974
B2028153833421N12205480WA014060147989
B2028163833426N12205484WA014060147710
B2028173833430N12205487WA014050147563
B2028183833435N12205490WA014030147478
B2028193833441N12205493WA014020147458
B2028203833447N12205496WA014010147403
B2028213833451N12205498WA014000147387
B2028223833456N12205501WA014000147251
B2028233833461N12205503WA014000147137
B2028243833466N12205506WA013990147064
B2028253833472N12205509WA013980146901
B2028263833477N12205511WA013960146727
B2028273833482N12205514WA013950146604
B2028283833486N12205517WA013940146572
B2028293833491N12205519WA013920146345
B2028303833496N12205522WA013910146205
B2028313833500N12205526WA013890146090
B2028323833506N12205529WA013880145946
B2028333833512N12205533WA013860145820
B2028343833518N12205536WA013860145811
B2028353833523N12205539WA013860145853
B2028363833528N12205542WA013860145856
B2028373833533N12205546WA013860145940
B2028383833538N12205548WA013860145948
B2028393833543N12205551WA013860145867
B2028403833548N12205554WA013860145768
B2028413833553N12205558WA013850145671
B2028423833558N12205561WA013840145689
B2028433833563N12205565WA013840145699
B2028443833568N12205569WA013830145699
B2028453833573N12205574WA013830145681
B2028463833578N12205579WA013820145592
B2028473833584N12205584WA013820145520
B2028483833590N12205588WA013820145526
B2028493833596N12205592WA013830145619
B2028503833601N12205597WA013830145697
B2028513833607N12205603WA013830145671
B2028523833613N12205608WA013830145643
B2028533833619N12205613WA013830145630
B2028543833625N12205617WA013840145700
B2028553833630N12205620WA013840145734
B2028563833635N12205623WA013840145789
B2028573833642N12205627WA013840145714
B2028583833648N12205631WA013840145790
B2028593833655N12205634WA013840145865
B2029003833661N12205637WA013850145989
B2029013833667N12205641WA013850145971
B2029023833673N12205644WA013860145951
B2029033833679N12205647WA013860145876
B2029043833686N12205651WA013850145711
B2029053833693N12205654WA013850145608
B2029063833700N12205658WA013850145706
B2029073833706N12205662WA013850145947
B2029083833712N12205666WA013860146254
B2029093833718N12205669WA013870146507
B2029103833723N12205672WA013900146709
B2029113833727N12205675WA013920146967
B2029123833731N12205678WA013940146996
B2029133833734N12205682WA013960146869
B2029143833735N12205688WA013950146656
B2029153833734N12205694WA013940146422
B2029163833730N12205697WA013930146463
B2029173833727N12205699WA013920146524
B2029183833724N12205700WA013930146704
B2029193833721N12205700WA013940146895
B2029203833719N12205699WA013940146644
B2029213833716N12205696WA013940146564
B2029223833713N12205690WA013930146395
B2029233833713N12205682WA013920146349
B2029243833715N12205675WA013920146550
B2029253833718N12205668WA013920146774
B2029263833721N12205662WA013920146855
B2029273833724N12205657WA013930146812
B2029283833726N12205652WA013940146880
B2029293833731N12205647WA013950146703
B2029303833736N12205643WA013940146577
B2029313833743N12205641WA013930146496
B2029323833751N12205641WA013920146445
B2029333833758N12205643WA013920146475
B2029343833764N12205647WA013910146542
B2029353833769N12205652WA013910146575
B2029363833774N12205659WA013920146512
B2029373833777N12205665WA013920146626
B2029383833779N12205671WA013930146725
B2029393833779N12205677WA013940146791
B2029403833779N12205681WA013940146725
B2029413833778N12205685WA013950146732
B2029423833776N12205687WA013950146654
B2029433833773N12205688WA013940146552
B2029443833769N12205687WA013930146477
B2029453833765N12205686WA013920146388
B2029463833762N12205685WA013920146316
B2029473833758N12205684WA013910146370
B2029483833755N12205682WA013900146273
B2029493833753N12205679WA013890146016
B2029503833751N12205674WA013880145849
B2029513833750N12205667WA013870145539
B2029523833750N12205660WA013850145324
B2029533833750N12205652WA013830145325
B2029543833751N12205644WA013820145212
B2029553833753N12205635WA013800145229
B2029563833755N12205628WA013800145361
B2029573833757N12205621WA013810145523
B2029583833759N12205615WA013820145660
B2029593833762N12205608WA013840145646
B2030003833766N12205602WA013850145626
B2030013833771N12205597WA013850145591
B2030023833778N12205592WA013840145558
B2030033833785N12205590WA013840145641
B2030043833792N12205589WA013840145713
B2030053833798N12205590WA013850145793
B2030063833804N12205592WA013850145779
B2030073833810N12205596WA013860145841
B2030083833814N12205600WA013870145995
B2030093833818N12205605WA013870145907
B2030103833820N12205611WA013880146027
B2030113833821N12205617WA013880146004
B2030123833820N12205621WA013890146139
B2030133833818N12205626WA013890146051
B2030143833815N12205629WA013890146088
B2030153833812N12205632WA013890146032
B2030163833809N12205632WA013890145901
B2030173833806N12205628WA013890145977
B2030183833804N12205623WA013880145962
B2030193833804N12205615WA013880145929
B2030203833805N12205608WA013880146073
B2030213833808N12205601WA013890146262
B2030223833812N12205595WA013900146463
B2030233833817N12205590WA013910146557
B2030243833822N12205586WA013920146599
B2030253833829N12205583WA013930146542
B2030263833836N12205580WA013940146655
B2030273833843N12205579WA013950146788
B2030283833850N12205581WA013950146846
B2030293833856N12205585WA013960146900
B2030303833861N12205589WA013970147116
B2030313833865N12205593WA013990147243
B2030323833869N12205596WA014000147319
B2030333833871N12205601WA014010147295
B2030343833874N12205606WA014010147128
B2030353833875N12205612WA014000147107
B2030363833874N12205617WA014000147049
B2030373833872N12205622WA013990147185
B2030383833871N12205627WA013990147152
B2030393833869N12205631WA013990147160
B2030403833866N12205633WA014000147190
B2030413833863N12205633WA014000147051
B2030423833859N12205630WA013990146993
B2030433833857N12205626WA013990146904
B2030443833855N12205621WA013990146933
B2030453833855N12205615WA013980146873
B2030463833857N12205607WA013980146779
B2030473833861N12205599WA013970146649
B2030483833866N12205592WA013960146756
B2030493833872N12205587WA013960147071
B2030503833879N12205582WA013970147217
B2030513833885N12205579WA013980147215
B2030523833891N12205576WA013990147268
B2030533833898N12205574WA014000147289
B2030543833906N12205575WA014010147234
B2030553833913N12205577WA014010147351
B2030563833919N12205580WA014020147401
B2030573833923N12205583WA014030147493
B2030583833927N12205587WA014030147336
B2030593833929N12205592WA014020147196
B2031003833932N12205598WA014000146736
B2031013833934N12205606WA013970146550
B2031023833936N12205613WA013950146589
B2031033833938N12205620WA013940146688
B2031043833940N12205627WA013930146770
B2031053833943N12205633WA013940146701
B2031063833945N12205639WA013940146620
B2031073833946N12205645WA013940146462
B2031083833947N12205651WA013930146239
B2031093833947N12205659WA013910146070
B2031103833948N12205666WA013900146056
B2031113833949N12205674WA013890146073
B2031123833950N12205681WA013880146084
B2031133833951N12205687WA013880146068
B2031143833952N12205694WA013880146050
B2031153833953N12205700WA013880145966
B2031163833955N12205708WA013870145811
B2031173833956N12205715WA013870145999
B2031183833959N12205723WA013860145916
B2031193833962N12205731WA013870146021
B2031203833966N12205738WA013880146202
B2031213833970N12205744WA013890146417
B2031223833973N12205750WA013910146685
B2031233833977N12205755WA013930146734
B2031243833980N12205760WA013940146851
B2031253833983N12205765WA013960146981
B2031263833987N12205770WA013970146904
B2031273833990N12205776WA013980147005
B2031283833992N12205782WA013990147185
B2031293833995N12205788WA014000147352
B2031303833998N12205793WA014010147314
B2031313834000N12205798WA014020147394
B2031323834003N12205804WA014020147341
B2031333834006N12205809WA014020147241
B2031343834010N12205813WA014010147257
B2031353834015N12205816WA014010147137
B2031363834020N12205818WA014000147163
B2031373834026N12205817WA014000147047
B2031383834032N12205814WA013990146927
B2031393834036N12205809WA013980146778
B2031403834039N12205803WA013970146785
B2031413834041N12205797WA013960146730
B2031423834040N12205790WA013950146898
B2031433834039N12205785WA013950146887
B2031443834037N12205781WA013950146766
B2031453834034N12205778WA013950146783
B2031463834031N12205774WA013950146666
B2031473834029N12205769WA013950146613
B2031483834026N12205763WA013950146793
B2031493834024N12205758WA013950146991
B2031503834023N12205754WA013960147020
B2031513834021N12205751WA013980147150
B2031523834020N12205748WA013980147122
B2031533834018N12205745WA013990146925
B2031543834015N12205743WA013980146842
B2031553834011N12205742WA013970146786
B2031563834008N12205743WA013960146838
B2031573834005N12205746WA013960146875
B2031583834003N12205750WA013970146843
B2031593834001N12205754WA013970146859
B2032003834000N12205759WA013970146875
B2032013834001N12205764WA013970146818
B2032023834002N12205770WA013970146769
B2032033834005N12205778WA013960146600
B2032043834008N12205784WA013960146707
B2032053834011N12205790WA013950146762
B2032063834016N12205794WA013950146721
B2032073834020N12205797WA013950146772
B2032083834025N12205799WA013950146677
B2032093834030N12205802WA013940146563
B2032103834036N12205804WA013930146317
B2032113834041N12205806WA013920146344
B2032123834047N12205806WA013910146109
B2032133834052N12205807WA013890145991
B2032143834058N12205807WA013870145690
B2032153834064N12205807WA013850145472
B2032163834070N12205807WA013820145267
B2032173834076N12205808WA013800144938
B2032183834082N12205811WA013770144604
B2032193834087N12205815WA013740144229
B2032203834092N12205822WA013710143914
B2032213834097N12205829WA013670143603
B2032223834101N12205836WA013640143504
B2032233834104N12205842WA013620143638
B2032243834107N12205848WA013630143813
B2032253834109N12205852WA013640143997
B2032263834112N12205855WA013660143957
B2032273834115N12205858WA013670143915
B2032283834118N12205861WA013670143756
B2032293834122N12205865WA013660143444
B2032303834127N12205870WA013640143112
B2032313834132N12205875WA013620142911
B2032323834137N12205879WA013600142924
B2032333834142N12205883WA013590142952
B2032343834147N12205886WA013590142984
B2032353834152N12205889WA013590142979
B2032363834157N12205893WA013590142775
B2032373834163N12205896WA013580142609
B2032383834168N12205901WA013570142432
B2032393834173N12205906WA013560142343
B2032403834178N12205911WA013540142348
B2032413834183N12205916WA013540142426
B2032423834187N12205921WA013540142461
B2032433834191N12205925WA013540142483
B2032443834195N12205929WA013540142433
B2032453834198N12205933WA013530142377
B2032463834202N12205938WA013530142181
B2032473834207N12205942WA013520141971
B2032483834213N12205946WA013500141732
B2032493834219N12205949WA013490141619
B2032503834225N12205953WA013470141423
B2032513834231N12205956WA013450141323
B2032523834237N12205959WA013430141127
B2032533834243N12205963WA013410141019
B2032543834249N12205968WA013400141025
B2032553834255N12205973WA013390141003
B2032563834260N12205977WA013390141017
B2032573834264N12205982WA013400141181
B2032583834269N12205986WA013400141006
B2032593834273N12205990WA013400141049
B2033003834277N12205995WA013400140889
B2033013834282N12206001WA013390140715
B2033023834286N12206007WA013380140762
B2033033834290N12206012WA013380140776
B2033043834294N12206017WA013370140757
B2033053834298N12206022WA013360140517
B2033063834301N12206028WA013350140385
B2033073834306N12206035WA013340140030
B2033083834311N12206041WA013320139818
B2033093834316N12206048WA013300139722
B2033103834320N12206054WA013280139791
B2033113834325N12206059WA013270139819
B2033123834328N12206065WA013280139974
B2033133834332N12206069WA013280140008
B2033143834335N12206074WA013290140034
B2033153834338N12206078WA013300140037
B2033163834341N12206082WA013290139858
B2033173834344N12206087WA013290139791
B2033183834348N12206091WA013280139555
B2033193834352N12206096WA013260139442
B2033203834356N12206101WA013250139410
B2033213834360N12206105WA013240139309
B2033223834364N12206110WA013230139317
B2033233834368N12206116WA013230139330
B2033243834372N12206121WA013230139242
B2033253834376N12206126WA013230139245
B2033263834380N12206131WA013220139253
B2033273834385N12206136WA013220139112
B2033283834390N12206141WA013210139000
B2033293834394N12206146WA013210139060
B2033303834398N12206151WA013200139084
B2033313834403N12206156WA013200139016
B2033323834407N12206161WA013210139132
B2033333834411N12206165WA013210139135
B2033343834415N12206170WA013210139040
B2033353834419N12206175WA013200138904
B2033363834423N12206181WA013200138722
B2033373834428N12206187WA013190138721
B2033383834433N12206193WA013180138600
B2033393834437N12206199WA013170138565
B2033403834442N12206206WA013160138534
B2033413834446N12206212WA013160138556
B2033423834450N12206218WA013160138684
B2033433834454N12206224WA013160138581
B2033443834458N12206229WA013160138498
B2033453834463N12206235WA013150138347
B2033463834468N12206241WA013140138228
B2033473834473N12206248WA013140138220
B2033483834477N12206254WA013130138153
B2033493834481N12206260WA013120138135
B2033503834485N12206266WA013110138025
B2033513834489N12206272WA013100137818
B2033523834493N12206279WA013090137631
B2033533834497N12206285WA013070137577
B2033543834502N12206292WA013060137470
B2033553834507N12206297WA013040137367
B2033563834512N12206302WA013030137278
B2033573834517N12206308WA013030137240
B2033583834521N12206312WA013030137198
B2033593834526N12206317WA013020137037
B2034003834530N12206322WA013030137064
B2034013834534N12206326WA013030137188
B2034023834539N12206330WA013040137217
B2034033834543N12206334WA013040137168
B2034043834548N12206339WA013040137151
B2034053834553N12206343WA013040137179
B2034063834559N12206348WA013040137305
B2034073834564N12206352WA013050137436
B2034083834569N12206356WA013060137634
B2034093834573N12206359WA013070137898
B2034103834578N12206362WA013090138117
B2034113834582N12206364WA013110138349
B2034123834586N12206367WA013140138550
B2034133834591N12206368WA013160138609
B2034143834595N12206370WA013180138880
B2034153834601N12206369WA013200139019
B2034163834606N12206368WA013220139150
B2034173834612N12206364WA013230139208
B2034183834617N12206359WA013240139308
B2034193834621N12206353WA013250139559
B2034203834623N12206347WA013260139872
B2034213834624N12206340WA013280139938
B2034223834624N12206334WA013290139923
B2034233834622N12206328WA013300139977
B2034243834620N12206324WA013300139820
B2034253834616N12206320WA013290139645
B2034263834611N12206319WA013280139476
B2034273834606N12206321WA013260139371
B2034283834602N12206325WA013250139262
B2034293834600N12206330WA013230139126
B2034303834598N12206336WA013220139105
B2034313834595N12206341WA013210139149
B2034323834592N12206347WA013220139377
B2034333834590N12206353WA013230139644
B2034343834589N12206359WA013250139900
B2034353834589N12206364WA013270140102
B2034363834590N12206369WA013300140330
B2034373834593N12206374WA013330140423
B2034383834598N12206379WA013350140508
B2034393834604N12206382WA013370140999
B2034403834612N12206382WA013400141262
B2034413834620N12206378WA013430141756
B2034423834626N12206373WA013470142344
B2034433834629N12206368WA013510142742
B2034443834631N12206362WA013560142921
B2034453834630N12206356WA013590142942
B2034463834627N12206352WA013600142801
B2034473834622N12206351WA013590142926
B2034483834617N12206353WA013590143238
B2034493834613N12206357WA013610143767
B2034503834612N12206362WA013640144031
B2034513834612N12206366WA013670144486
B2034523834614N12206371WA013710144808
B2034533834615N12206377WA013750145062
B2034543834616N12206383WA013790145381
B2034553834619N12206388WA013830145648
B2034563834623N12206393WA013860146015
B2034573834627N12206396WA013910146398
B2034583834633N12206397WA013940146573
B2034593834639N12206395WA013960146602
B2035003834643N12206390WA013970146888
B2035013834647N12206384WA013970147030
B2035023834648N12206375WA013970147298
B2035033834648N12206368WA013990147530
B2035043834645N12206362WA014010147783
B2035053834641N12206357WA014030147978
B2035063834636N12206356WA014050148348
B2035073834632N12206358WA014080148846
B2035083834630N12206361WA014120149277
B2035093834629N12206366WA014160149585
B2035103834629N12206371WA014200149784
B2035113834630N12206376WA014240150085
B2035123834634N12206382WA014270150131
B2035133834640N12206387WA014290150301
B2035143834646N12206389WA014300150645
B2035153834653N12206387WA014320150906
B2035163834658N12206381WA014340151164
B2035173834661N12206374WA014360151307
B2035183834661N12206367WA014390151678
B2035193834661N12206361WA014410151836
B2035203834658N12206356WA014440151991
B2035213834654N12206352WA014450152086
B2035223834649N12206351WA014470152172
B2035233834645N12206352WA014480152439
B2035243834642N12206357WA014500152901
B2035253834641N12206361WA014530153217
B2035263834641N12206366WA014560153557
B2035273834642N12206371WA014600153698
B2035283834646N12206377WA014620153730
B2035293834652N12206382WA014640153701
B2035303834658N12206384WA014660154117
B2035313834663N12206384WA014690154473
B2035323834669N12206381WA014710154601
B2035333834672N12206375WA014730154722
B2035343834673N12206368WA014740154996
B2035353834674N12206361WA014750155138
B2035363834672N12206355WA014770155394
B2035373834669N12206351WA014790155446
B2035383834664N12206349WA014800155567
B2035393834659N12206350WA014820155796
B2035403834656N12206353WA014840155989
B2035413834655N12206359WA014870156114
B2035423834656N12206364WA014890156407
B2035433834657N12206370WA014910156695
B2035443834661N12206375WA014940156791
B2035453834667N12206379WA014950156850
B2035463834673N12206380WA014950157092
B2035473834680N12206378WA014960157314
B2035483834684N12206374WA014980157498
B2035493834688N12206369WA014990157682
B2035503834690N12206362WA015000157778
B2035513834690N12206356WA015020157844
B2035523834688N12206350WA015030158045
B2035533834684N12206346WA015050158272
B2035543834680N12206345WA015070158395
B2035553834676N12206347WA015080158583
B2035563834673N12206349WA015100158832
B2035573834669N12206350WA015120159066
B2035583834666N12206350WA015150159257
B2035593834663N12206350WA015170159399
B2036003834661N12206353WA015190159352
B2036013834659N12206358WA015200159373
B2036023834658N12206365WA015200159671
B2036033834660N12206371WA015210159907
B2036043834664N12206376WA015220160019
B2036053834669N12206380WA015240160130
B2036063834675N12206379WA015250160179
B2036073834681N12206376WA015260160269
B2036083834686N12206371WA015270160472
B2036093834689N12206365WA015280160782
B2036103834691N12206359WA015300160934
B2036113834691N12206354WA015320161180
B2036123834691N12206348WA015340161237
B2036133834689N12206343WA015360161273
B2036143834686N12206338WA015370161374
B2036153834683N12206336WA015380161309
B2036163834678N12206339WA015380161263
B2036173834676N12206344WA015380161366
B2036183834676N12206351WA015390161697
B2036193834679N12206357WA015410162044
B2036203834682N12206361WA015430162291
B2036213834687N12206362WA015460162379
B2036223834693N12206363WA015480162400
B2036233834698N12206361WA015490162568
B2036243834704N12206359WA015510162767
B2036253834710N12206356WA015530163069
B2036263834716N12206354WA015550163454
B2036273834722N12206352WA015580163817
B2036283834727N12206351WA015610164142
B2036293834732N12206349WA015640164325
B2036303834737N12206347WA015670164413
B2036313834741N12206344WA015690164425
B2036323834744N12206339WA015680164238
B2036333834744N12206333WA015670163963
B2036343834742N12206326WA015640163726
B2036353834737N12206322WA015620163767
B2036363834732N12206321WA015620164057
B2036373834728N12206322WA015630164328
B2036383834724N12206324WA015640164620
B2036393834720N12206325WA015670164951
B2036403834717N12206327WA015700165271
B2036413834715N12206330WA015730165638
B2036423834713N12206335WA015750166144
B2036433834712N12206340WA015780166087
B2036443834713N12206346WA015790166005
B2036453834714N12206353WA015790166077
B2036463834718N12206360WA015790166019
B2036473834722N12206366WA015800166327
B2036483834726N12206371WA015820166582
B2036493834731N12206374WA015840166698
B2036503834737N12206378WA015860166687
B2036513834744N12206382WA015870166556
B2036523834752N12206385WA015860166319
B2036533834759N12206388WA015860166339
B2036543834765N12206391WA015850166437
B2036553834771N12206393WA015850166408
B2036563834776N12206396WA015850166391
B2036573834782N12206398WA015840166198
B2036583834789N12206402WA015830165850
B2036593834797N12206404WA015810165509
B2037003834804N12206407WA015780165376
B2037013834812N12206410WA015770165137
B2037023834819N12206414WA015750165124
B2037033834825N12206418WA015750165372
B2037043834831N12206421WA015760165573
B2037053834837N12206423WA015770165648
B2037063834842N12206426WA015780165663
B2037073834847N12206429WA015790165576
B2037083834853N12206433WA015780165315
B2037093834859N12206437WA015770165117
B2037103834865N12206441WA015750165097
B2037113834872N12206445WA015740165065
B2037123834879N12206448WA015730165074
B2037133834886N12206450WA015720165029
B2037143834892N12206454WA015710164930
B2037153834898N12206457WA015710164784
B2037163834906N12206461WA015700164621
B2037173834913N12206465WA015700164582
B2037183834921N12206469WA015690164561
B2037193834928N12206473WA015680164760
B2037203834935N12206476WA015680164816
B2037213834941N12206479WA015690164918
B2037223834946N12206482WA015700165087
B2037233834952N12206485WA015700164963
B2037243834958N12206488WA015700164770
B2037253834964N12206491WA015700164672
B2037263834970N12206495WA015690164570
B2037273834977N12206498WA015680164406
B2037283834983N12206501WA015670164377
B2037293834990N12206504WA015660164307
B2037303834996N12206507WA015650164226
B2037313835002N12206510WA015640164003
B2037323835008N12206512WA015620163806
B2037333835014N12206514WA015600163564
B2037343835021N12206516WA015570163166
B2037353835028N12206519WA015540162983
B2037363835036N12206522WA015510162717
B2037373835042N12206526WA015490162699
B2037383835049N12206530WA015470162539
B2037393835055N12206535WA015460162443
B2037403835061N12206539WA015460162360
B2037413835067N12206542WA015450162281
B2037423835073N12206544WA015450162095
B2037433835080N12206548WA015430161733
B2037443835086N12206552WA015410161497
B2037453835093N12206557WA015390161293
B2037463835100N12206562WA015360161193
B2037473835108N12206567WA015340161002
B2037483835114N12206572WA015330161050
B2037493835121N12206576WA015330161026
B2037503835128N12206581WA015330160925
B2037513835135N12206586WA015330160826
B2037523835141N12206591WA015330160787
B2037533835148N12206596WA015320160628
B2037543835154N12206601WA015310160657
B2037553835161N12206606WA015290160426
B2037563835167N12206611WA015280160385
B2037573835174N12206617WA015270160260
B2037583835181N12206622WA015260160205
B2037593835187N12206628WA015250160151
B2038003835194N12206633WA015240160118
B2038013835200N12206639WA015240160155
B2038023835206N12206645WA015240160121
B2038033835212N12206650WA015240160120
B2038043835218N12206655WA015240160121
B2038053835224N12206660WA015240159952
B2038063835231N12206665WA015230159718
B2038073835237N12206671WA015220159654
B2038083835243N12206676WA015210159598
B2038093835249N12206682WA015200159494
B2038103835255N12206687WA015190159278
B2038113835261N12206693WA015170159055
B2038123835267N12206699WA015150158852
B2038133835274N12206705WA015130158701
B2038143835280N12206711WA015110158674
B2038153835287N12206717WA015100158688
B2038163835294N12206723WA015100158789
B2038173835301N12206730WA015110159080
B2038183835308N12206735WA015130159236
B2038193835314N12206741WA015150159515
B2038203835320N12206746WA015180159902
B2038213835325N12206750WA015220160230
B2038223835330N12206754WA015260160423
B2038233835335N12206758WA015290160529
B2038243835340N12206763WA015310160646
B2038253835346N12206768WA015330160617
B2038263835351N12206774WA015320160681
B2038273835357N12206779WA015310160557
B2038283835363N12206785WA015310160373
B2038293835370N12206791WA015300160121
B2038303835377N12206797WA015280160046
B2038313835384N12206804WA015260160090
B2038323835392N12206810WA015250160112
B2038333835398N12206815WA015260160299
B2038343835405N12206821WA015260160315
B2038353835410N12206826WA015270160267
B2038363835416N12206832WA015260160063
B2038373835423N12206838WA015250159810
B2038383835429N12206843WA015240159679
B2038393835436N12206849WA015220159555
B2038403835443N12206855WA015200159320
B2038413835449N12206860WA015180159195
B2038423835456N12206866WA015160158930
B2038433835463N12206871WA015140158726
B2038443835470N12206877WA015120158517
B2038453835476N12206884WA015090158281
B2038463835483N12206890WA015070158078
B2038473835490N12206897WA015040157983
B2038483835498N12206902WA015020157968
B2038493835506N12206907WA015030158187
B2038503835514N12206912WA015040158322
B2038513835520N12206917WA015060158772
B2038523835527N12206922WA015080158812
B2038533835533N12206927WA015100158862
B2038543835540N12206933WA015110158826
B2038553835546N12206940WA015100158955
B2038563835552N12206947WA015110159157
B2038573835558N12206953WA015130159539
B2038583835564N12206959WA015150159911
B2038593835569N12206963WA015190160377
B2039003835575N12206967WA015230160638
B2039013835580N12206971WA015270160986
B2039023835585N12206975WA015310161280
B2039033835591N12206977WA015340161322
B2039043835597N12206979WA015370161324
B2039053835603N12206982WA015380161397
B2039063835611N12206986WA015370161347
B2039073835618N12206990WA015370161574
B2039083835625N12206993WA015380161948
B2039093835631N12206996WA015400162157
B2039103835637N12206999WA015420162254
B2039113835643N12207002WA015440162383
B2039123835651N12207006WA015460162205
B2039133835658N12207011WA015460162244
B2039143835666N12207015WA015450162308
B2039153835673N12207020WA015460162476
B2039163835680N12207026WA015470162583
B2039173835687N12207032WA015470162582
B2039183835695N12207038WA015480162508
B2039193835702N12207046WA015480162622
B2039203835708N12207053WA015490162775
B2039213835714N12207059WA015500163029
B2039223835719N12207065WA015510163016
B2039233835724N12207071WA015520163000
B2039243835729N12207077WA015520162867
B2039253835735N12207084WA015510162598
B2039263835742N12207092WA015490162364
B2039273835749N12207099WA015470162177
B2039283835756N12207106WA015450161987
B2039293835763N12207113WA015430161865
B2039303835770N12207119WA015410161639
B2039313835777N12207125WA015390161329
B2039323835784N12207131WA015360161112
B2039333835791N12207136WA015340160805
B2039343835797N12207142WA015310160493
B2039353835805N12207148WA015280159924
B2039363835812N12207154WA015240159683
B2039373835820N12207160WA015210159335
B2039383835827N12207166WA015170159256
B2039393835834N12207171WA015140159009
B2039403835840N12207177WA015120158863
B2039413835847N12207182WA015110158725
B2039423835854N12207187WA015110158556
B2039433835861N12207193WA015100158460
B2039443835868N12207198WA015090158389
B2039453835875N12207204WA015080158183
B2039463835883N12207209WA015060157912
B2039473835890N12207213WA015040157763
B2039483835898N12207216WA015020157694
B2039493835906N12207217WA015000157488
B2039503835914N12207218WA014990157378
B2039513835922N12207219WA014970157282
B2039523835930N12207219WA014960157083
B2039533835938N12207219WA014950156974
B2039543835946N12207219WA014940156869
B2039553835954N12207220WA014930156656
B2039563835962N12207221WA014920156563
B2039573835971N12207222WA014910156400
B2039583835979N12207222WA014890156307
B2039593835987N12207223WA014880156146
B2040003835995N12207224WA014870156021
B2040013836002N12207224WA014850155982
B2040023836010N12207224WA014840155707
B2040033836017N12207225WA014830155694
B2040043836025N12207226WA014810155572
B2040053836033N12207226WA014800155566
B2040063836041N12207226WA014800155529
B2040073836048N12207227WA014800155484
B2040083836056N12207228WA014800155421
B2040093836063N12207228WA014800155369
B2040103836070N12207230WA014800155261
B2040113836077N12207231WA014790155207
B2040123836083N12207233WA014780155270
B2040133836090N12207233WA014780155167
B2040143836097N12207234WA014770155093
B2040153836105N12207234WA014760154963
B2040163836113N12207233WA014760154909
B2040173836120N12207232WA014750154846
B2040183836127N12207232WA014740154893
B2040193836135N12207232WA014730154744
B2040203836143N12207232WA014720154606
B2040213836150N12207231WA014710154568
B2040223836158N12207231WA014700154412
B2040233836165N12207230WA014680154177
B2040243836173N12207230WA014670154022
B2040253836180N12207229WA014650153874
B2040263836188N12207228WA014640153723
B2040273836196N12207226WA014620153608
B2040283836203N12207225WA014610153571
B2040293836211N12207223WA014610153529
B2040303836218N12207223WA014610153445
B2040313836225N12207223WA014600153485
B2040323836233N12207223WA014600153304
B2040333836240N12207223WA014590153121
B2040343836246N12207223WA014580153088
B2040353836252N12207224WA014560152986
B2040363836258N12207224WA014550152799
B2040373836265N12207224WA014530152517
B2040383836272N12207224WA014520152318
B2040393836278N12207225WA014500152176
B2040403836285N12207227WA014480151904
B2040413836291N12207229WA014470151888
B2040423836298N12207231WA014460151996
B2040433836306N12207232WA014460152016
B2040443836313N12207233WA014470152211
B2040453836319N12207234WA014490152510
B2040463836324N12207234WA014510152846
B2040473836329N12207234WA014530153024
B2040483836334N12207234WA014560153230
B2040493836339N12207233WA014580153358
B2040503836344N12207233WA014600153476
B2040513836349N12207233WA014620153592
B2040523836355N12207231WA014640153688
B2040533836362N12207230WA014650153843
B2040543836368N12207229WA014650154093
B2040553836374N12207226WA014660154353
B2040563836379N12207221WA014680154605
B2040573836382N12207215WA014710154705
B2040583836382N12207209WA014730154640
B2040593836380N12207203WA014740154595
B2041003836378N12207198WA014730154335
B2041013836373N12207195WA014720154294
B2041023836368N12207195WA014710154294
B2041033836364N12207199WA014700154261
B2041043836361N12207203WA014690154352
B2041053836358N12207206WA014700154378
B2041063836355N12207208WA014710154316
B2041073836350N12207210WA014720154371
B2041083836346N12207212WA014720154401
B2041093836341N12207214WA014730154678
B2041103836339N12207218WA014740154815
B2041113836337N12207222WA014760155097
B2041123836338N12207227WA014770155231
B2041133836340N12207231WA014780155173
B2041143836344N12207234WA014790155197
B2041153836350N12207236WA014790155128
B2041163836356N12207237WA014790155300
B2041173836362N12207234WA014790155406
B2041183836366N12207230WA014800155632
B2041193836369N12207223WA014810155687
B2041203836371N12207214WA014820155769
B2041213836371N12207206WA014830155894
B2041223836370N12207199WA014840156034
B2041233836366N12207193WA014860156128
B2041243836361N12207190WA014870156343
B2041253836356N12207188WA014890156358
B2041263836351N12207189WA014910156570
B2041273836347N12207190WA014920156585
B2041283836344N12207193WA014930156685
B2041293836342N12207197WA014930156697
B2041303836342N12207202WA014930156653
B2041313836344N12207207WA014930156614
B2041323836347N12207211WA014930156585
B2041333836353N12207213WA014930156618
B2041343836358N12207214WA014930156741
B2041353836364N12207212WA014930156906
B2041363836368N12207209WA014940157183
B2041373836373N12207205WA014960157304
B2041383836377N12207201WA014980157303
B2041393836380N12207196WA014990157483
B2041403836384N12207189WA015010157577
B2041413836387N12207182WA015020157581
B2041423836388N12207173WA015030157594
B2041433836388N12207163WA015020157699
B2041443836388N12207154WA015030157757
B2041453836390N12207146WA015040158018
B2041463836393N12207140WA015060158162
B2041473836397N12207134WA015070158149
B2041483836400N12207129WA015070158075
B2041493836402N12207123WA015060157793
B2041503836405N12207115WA015050157437
B2041513836407N12207107WA015030157165
B2041523836410N12207098WA015010157029
B2041533836412N12207089WA014980157034
B2041543836413N12207079WA014970157059
B2041553836414N12207071WA014970157233
B2041563836415N12207063WA014980157232
B2041573836416N12207055WA014990157221
B2041583836416N12207046WA015000157271
B2041593836417N12207035WA015000157325
B2042003836417N12207024WA015000157542
B2042013836417N12207013WA015020157851
B2042023836417N12207004WA015050158240
B2042033836417N12206996WA015080158615
B2042043836416N12206989WA015110158866
B2042053836415N12206982WA015150159157
B2042063836413N12206976WA015180159333
B2042073836409N12206971WA015200159435
B2042083836404N12206968WA015220159648
B2042093836399N12206969WA015250159943
B2042103836396N12206972WA015270160212
B2042113836394N12206976WA015290160464
B2042123836395N12206980WA015310160489
B2042133836399N12206985WA015310160569
B2042143836405N12206987WA015310160530
B2042153836412N12206985WA015310160502
B2042163836418N12206980WA015310160588
B2042173836425N12206977WA015320160650
B2042183836431N12206975WA015330160931
B2042193836437N12206974WA015350161233
B2042203836442N12206974WA015370161581
B2042213836448N12206974WA015390161735
B2042223836452N12206975WA015420161994
B2042233836457N12206977WA015450162102
B2042243836460N12206979WA015480162396
B2042253836464N12206982WA015500162460
B2042263836468N12206984WA015520162540
B2042273836472N12206986WA015530162630
B2042283836476N12206988WA015530162770
B2042293836481N12206990WA015530162703
B2042303836484N12206992WA015540162959
B2042313836486N12206996WA015550163188
B2042323836488N12207000WA015560163299
B2042333836491N12207004WA015580163449
B2042343836495N12207008WA015590163613
B2042353836499N12207011WA015610163833
B2042363836503N12207014WA015630164044
B2042373836507N12207018WA015650164270
B2042383836512N12207022WA015670164451
B2042393836517N12207026WA015700164572
B2042403836523N12207031WA015710164568
B2042413836529N12207038WA015720164645
B2042423836534N12207046WA015720164855
B2042433836539N12207054WA015730165125
B2042443836543N12207061WA015750165527
B2042453836546N12207068WA015770165865
B2042463836550N12207075WA015800165904
B2042473836553N12207082WA015830166013
B2042483836556N12207089WA015840165981
B2042493836561N12207096WA015850165924
B2042503836566N12207103WA015840165875
B2042513836572N12207109WA015840165975
B2042523836578N12207114WA015840166125
B2042533836582N12207119WA015850166394
B2042543836586N12207124WA015870166396
B2042553836590N12207130WA015870166394
B2042563836595N12207136WA015880166125
B2042573836600N12207142WA015870166125
B2042583836605N12207148WA015870166148
B2042593836610N12207154WA015860166241
B2043003836615N12207159WA015870166220
B2043013836620N12207163WA015870166221
B2043023836625N12207167WA015860166071
B2043033836631N12207171WA015850165764
B2043043836637N12207176WA015840165564
B2043053836643N12207181WA015820165368
B2043063836649N12207187WA015800165243
B2043073836655N12207192WA015780165127
B2043083836660N12207198WA015770165182
B2043093836666N12207204WA015750164930
B2043103836671N12207210WA015730164790
B2043113836677N12207216WA015710164634
B2043123836682N12207223WA015700164570
B2043133836688N12207229WA015680164418
B2043143836693N12207236WA015670164435
B2043153836698N12207243WA015680164530
B2043163836703N12207249WA015680164434
B2043173836708N12207255WA015680164335
B2043183836713N12207261WA015670164216
B2043193836718N12207267WA015660164009
B2043203836722N12207274WA015650163787
B2043213836727N12207281WA015630163579
B2043223836732N12207289WA015610163365
B2043233836737N12207297WA015590163131
B2043243836742N12207304WA015560162949
B2043253836747N12207312WA015540162743
B2043263836752N12207319WA015510162493
B2043273836758N12207326WA015490162292
B2043283836765N12207332WA015470162037
B2043293836772N12207339WA015440161811
B2043303836779N12207345WA015420161623
B2043313836786N12207351WA015400161422
B2043323836793N12207357WA015390161224
B2043333836800N12207363WA015370161048
B2043343836807N12207370WA015360160975
B2043353836814N12207377WA015350160994
B2043363836821N12207384WA015350161273
B2043373836828N12207390WA015370161725
B2043383836834N12207395WA015400162103
B2043393836839N12207399WA015440162517
B2043403836844N12207404WA015470162676
B2043413836850N12207410WA015500162641
B2043423836856N12207415WA015520162677
B2043433836863N12207421WA015540162811
B2043443836869N12207426WA015560162931
B2043453836875N12207431WA015570163036
B2043463836881N12207437WA015570163042
B2043473836887N12207443WA015570163091
B2043483836894N12207448WA015570163096
B2043493836902N12207454WA015570163224
B2043503836909N12207460WA015580163553
B2043513836916N12207465WA015600163758
B2043523836923N12207471WA015620163836
B2043533836930N12207478WA015630163820
B2043543836937N12207484WA015640163809
B2043553836944N12207492WA015650163851
B2043563836952N12207499WA015650163976
B2043573836961N12207507WA015650164000
B2043583836968N12207513WA015650164162
B2043593836976N12207518WA015660164309
B2044003836983N12207524WA015670164349
B2044013836991N12207530WA015670164218
B2044023836999N12207537WA015670164110
B2044033837006N12207543WA015670164293
B2044043837013N12207549WA015670164398
B2044053837020N12207555WA015680164426
B2044063837026N12207561WA015690164456
B2044073837032N12207567WA015690164386
B2044083837039N12207573WA015690164228
B2044093837045N12207579WA015690164259
B2044103837051N12207585WA015680164299
B2044113837058N12207592WA015680164240
B2044123837064N12207598WA015680164294
B2044133837071N12207604WA015680164265
B2044143837078N12207610WA015680164161
B2044153837085N12207615WA015670164048
B2044163837092N12207622WA015660163912
B2044173837098N12207629WA015650164070
B2044183837105N12207635WA015650164246
B2044193837112N12207641WA015670164520
B2044203837118N12207645WA015690164706
B2044213837123N12207650WA015710164619
B2044223837128N12207657WA015720164412
B2044233837133N12207663WA015710164198
B2044243837140N12207670WA015700163986
B2044253837147N12207677WA015680163994
B2044263837154N12207683WA015670164095
B2044273837161N12207689WA015670164141
B2044283837167N12207694WA015680164274
B2044293837174N12207699WA015680164128
B2044303837180N12207705WA015670163886
B2044313837187N12207711WA015650163659
B2044323837193N12207718WA015630163496
B2044333837199N12207724WA015610163298
B2044343837206N12207730WA015590162902
B2044353837212N12207735WA015560162724
B2044363837218N12207740WA015530162469
B2044373837225N12207746WA015500162217
B2044383837231N12207752WA015470161947
B2044393837237N12207758WA015450161797
B2044403837244N12207764WA015420161524
B2044413837250N12207770WA015390161384
B2044423837257N12207776WA015360161165
B2044433837264N12207782WA015350160968
B2044443837271N12207789WA015340160822
B2044453837277N12207795WA015340160769
B2044463837284N12207802WA015330160532
B2044473837291N12207807WA015310160358
B2044483837299N12207813WA015300160222
B2044493837307N12207818WA015280159906
B2044503837314N12207824WA015260159773
B2044513837322N12207830WA015240159531
B2044523837329N12207836WA015220159391
B2044533837337N12207842WA015190159136
B2044543837343N12207849WA015170159092
B2044553837350N12207855WA015150159018
B2044563837356N12207861WA015160159016
B2044573837362N12207866WA015160158969
B2044583837369N12207871WA015160158857
B2044593837376N12207876WA015150158659
B2045003837383N12207882WA015130158443
B2045013837390N12207888WA015120158232
B2045023837396N12207894WA015100158083
B2045033837403N12207901WA015080157800
B2045043837408N12207908WA015060157740
B2045053837413N12207915WA015040157647
B2045063837417N12207923WA015030157697
B2045073837422N12207931WA015020157638
B2045083837426N12207939WA015030157723
B2045093837429N12207946WA015030157888
B2045103837433N12207953WA015050158151
B2045113837436N12207957WA015070158386
B2045123837439N12207961WA015100158372
B2045133837442N12207965WA015110158261
B2045143837446N12207970WA015120158022
B2045153837450N12207976WA015110157810
B2045163837454N12207982WA015090157651
B2045173837458N12207987WA015070157649
B2045183837461N12207992WA015060157986
B2045193837464N12207996WA015070158152
B2045203837466N12207999WA015080158151
B2045213837468N12208002WA015080157923
B2045223837470N12208006WA015070157712
B2045233837472N12208011WA015060157562
B2045243837475N12208016WA015040157368
B2045253837478N12208023WA015030157324
B2045263837481N12208029WA015020157414
B2045273837483N12208034WA015020157687
B2045283837486N12208039WA015030157852
B2045293837489N12208042WA015050158046
B2045303837492N12208045WA015060158022
B2045313837494N12208048WA015080158071
B2045323837497N12208052WA015080157824
B2045333837500N12208057WA015070157704
B2045343837503N12208062WA015060157611
B2045353837506N12208066WA015050157694
B2045363837510N12208070WA015040157587
B2045373837514N12208075WA015030157554
B2045383837518N12208081WA015030157641
B2045393837522N12208087WA015030157763
B2045403837526N12208092WA015040158058
B2045413837530N12208096WA015060158307
B2045423837533N12208099WA015070158334
B2045433837536N12208102WA015090158380
B2045443837540N12208105WA015100158240
B2045453837544N12208108WA015100158207
B2045463837548N12208112WA015090158019
B2045473837553N12208117WA015080157909
B2045483837558N12208123WA015070157825
B2045493837563N12208129WA015070157940
B2045503837568N12208133WA015070158136
B2045513837572N12208137WA015070158264
B2045523837576N12208140WA015080158278
B2045533837580N12208144WA015090158175
B2045543837584N12208149WA015080158070
B2045553837588N12208153WA015080158070
B2045563837592N12208157WA015070157942
B2045573837596N12208163WA015060157824
B2045583837599N12208168WA015050157885
B2045593837603N12208173WA015040157792
B2046003837608N12208177WA015030157628
B2046013837612N12208182WA015020157514
B2046023837615N12208186WA015000157389
B2046033837619N12208191WA014990157275
B2046043837623N12208196WA014970156998
B2046053837628N12208203WA014960156710
B2046063837632N12208209WA014940156777
B2046073837636N12208216WA014950157082
B2046083837639N12208221WA014970157489
B2046093837642N12208226WA014990157517
B2046103837643N12208231WA015010157674
B2046113837645N12208235WA015030157827
B2046123837647N12208239WA015050158033
B2046133837650N12208242WA015070158102
B2046143837653N12208244WA015090158127
B2046153837656N12208247WA015110158147
B2046163837659N12208251WA015100158265
B2046173837663N12208255WA015100158207
B2046183837666N12208259WA015110158498
B2046193837670N12208263WA015120158654
B2046203837674N12208266WA015130158713
B2046213837678N12208269WA015130158816
B2046223837682N12208273WA015150158827
B2046233837686N12208278WA015170158801
B2046243837689N12208282WA015180158989
B2046253837694N12208286WA015180159019
B2046263837698N12208290WA015190159169
B2046273837703N12208294WA015200159208
B2046283837706N12208299WA015210159371
B2046293837710N12208303WA015210159413
B2046303837713N12208307WA015220159564
B2046313837717N12208311WA015230159654
B2046323837721N12208315WA015240159765
B2046333837725N12208320WA015250159773
B2046343837729N12208325WA015250159856
B2046353837732N12208331WA015260159877
B2046363837735N12208337WA015260159898
B2046373837740N12208343WA015260159913
B2046383837744N12208348WA015270160052
B2046393837748N12208353WA015280160253
B2046403837752N12208358WA015290160326
B2046413837756N12208364WA015300160500
B2046423837760N12208368WA015320160737
B2046433837764N12208372WA015340161079
B2046443837768N12208377WA015370161260
B2046453837772N12208381WA015390161422
B2046463837776N12208385WA015410161529
B2046473837780N12208390WA015440161698
B2046483837785N12208396WA015450161772
B2046493837790N12208401WA015470162028
B2046503837794N12208406WA015490162247
B2046513837798N12208411WA015500162464
B2046523837802N12208415WA015510162489
B2046533837807N12208420WA015520162447
B2046543837811N12208426WA015530162481
B2046553837816N12208431WA015530162646
B2046563837820N12208436WA015540162893
B2046573837825N12208440WA015550162906
B2046583837829N12208444WA015560162907
B2046593837833N12208449WA015570162920
B2047003837838N12208454WA015580162911
B2047013837843N12208459WA015580163119
B2047023837847N12208465WA015580163443
B2047033837851N12208469WA015590163756
B2047043837855N12208472WA015610163968
B2047053837859N12208475WA015660163964
B2047063837863N12208478WA015660163834
B2047073837867N12208482WA015660163626
B2047083837871N12208487WA015650163593
B2047093837877N12208492WA015630163402
B2047103837881N12208496WA015620163582
B2047113837886N12208499WA015620163618
B2047123837889N12208502WA015620163779
B2047133837893N12208506WA015630163640
B2047143837897N12208509WA015630163542
B2047153837902N12208513WA015620163512
B2047163837906N12208517WA015620163572
B2047173837911N12208520WA015620163633
B2047183837915N12208523WA015620163654
B2047193837919N12208526WA015630163724
B2047203837922N12208529WA015630163798
B2047213837926N12208533WA015630163764
B2047223837930N12208537WA015640163762
B2047233837935N12208540WA015640163707
B2047243837939N12208543WA015640163758
B2047253837944N12208546WA015650163819
B2047263837948N12208550WA015650163744
B2047273837952N12208554WA015650163741
B2047283837956N12208557WA015650163726
B2047293837959N12208561WA015650163780
B2047303837963N12208565WA015640163651
B2047313837967N12208569WA015640163529
B2047323837970N12208575WA015630163489
B2047333837974N12208581WA015620163438
B2047343837977N12208587WA015620163542
B2047353837980N12208591WA015620163666
B2047363837984N12208595WA015620163525
B2047373837988N12208600WA015610163302
B2047383837991N12208605WA015600163183
B2047393837995N12208610WA015590163095
B2047403837999N12208615WA015580163094
B2047413838003N12208619WA015570162949
B2047423838006N12208624WA015560162769
B2047433838010N12208630WA015540162401
B2047443838014N12208636WA015520162150
B2047453838019N12208642WA015500162022
B2047463838023N12208648WA015490162063
B2047473838027N12208654WA015470162040
B2047483838030N12208659WA015460162082
B2047493838034N12208663WA015460161919
B2047503838037N12208668WA015460161756
B2047513838041N12208673WA015440161404
B2047523838044N12208678WA015420161088
B2047533838049N12208684WA015390160606
B2047543838053N12208690WA015360160359
B2047553838057N12208697WA015330160295
B2047563838061N12208703WA015300160266
B2047573838064N12208709WA015290160191
B2047583838068N12208713WA015270159989
B2047593838073N12208719WA015250159668
B2048003838079N12208727WA015220159202
B2048013838084N12208735WA015200159026
B2048023838089N12208743WA015170159061
B2048033838096N12208748WA015160158906
B2048043838102N12208753WA015160158972
B2048053838108N12208757WA015160158996
B2048063838114N12208762WA015160158845
B2048073838119N12208767WA015140158597
B2048083838126N12208772WA015120158107
B2048093838132N12208778WA015100157667
B2048103838139N12208785WA015070157380
B2048113838146N12208791WA015030157166
B2048123838152N12208797WA014990157058
B2048133838157N12208803WA014970156953
B2048143838162N12208808WA014950156764
B2048153838167N12208813WA014930156575
B2048163838173N12208818WA014910156102
B2048173838178N12208822WA014880155797
B2048183838185N12208826WA014850155437
B2048193838192N12208830WA014820155100
B2048203838198N12208833WA014780154986
B2048213838205N12208837WA014750154834
B2048223838211N12208841WA014730154642
B2048233838216N12208844WA014720154588
B2048243838222N12208848WA014720154217
B2048253838227N12208852WA014710154038
B2048263838232N12208856WA014690153766
B2048273838238N12208861WA014670153402
B2048283838243N12208865WA014640153268
B2048293838249N12208870WA014610153072
B2048303838255N12208874WA014590152886
B2048313838261N12208879WA014570152651
B2048323838266N12208883WA014540152496
B2048333838272N12208888WA014520152241
B2048343838277N12208892WA014500152066
B2048353838282N12208897WA014490151961
B2048363838287N12208901WA014470151744
B2048373838292N12208905WA014450151509
B2048383838296N12208910WA014430151343
B2048393838301N12208914WA014410151008
B2048403838305N12208919WA014390150777
B2048413838310N12208925WA014360150561
B2048423838315N12208930WA014340150389
B2048433838321N12208936WA014310150213
B2048443838326N12208941WA014310150141
B2048453838331N12208946WA014310150052
B2048463838336N12208951WA014300149937
B2048473838341N12208957WA014290149802
B2048483838345N12208962WA014290149884
B2048493838350N12208967WA014280149774
B2048503838355N12208972WA014270149795
B2048513838361N12208977WA014260149647
B2048523838366N12208982WA014260149769
B2048533838371N12208987WA014260149858
B2048543838375N12208992WA014270150073
B2048553838379N12208996WA014290150382
B2048563838383N12208999WA014310150476
B2048573838387N12209003WA014320150452
B2048583838391N12209007WA014330150416
B2048593838395N12209012WA014340150323
B2049003838400N12209017WA014340150310
B2049013838405N12209021WA014340150411
B2049023838409N12209024WA014340150548
B2049033838413N12209028WA014340150507
B2049043838416N12209032WA014340150452
B2049053838420N12209035WA014340150257
B2049063838425N12209039WA014330150110
B2049073838429N12209042WA014320150086
B2049083838434N12209046WA014310150199
B2049093838440N12209051WA014310150213
B2049103838445N12209055WA014320150516
B2049113838449N12209059WA014330150751
B2049123838453N12209061WA014350150976
B2049133838457N12209064WA014370150982
B2049143838461N12209067WA014380151095
B2049153838465N12209071WA014400151194
B2049163838469N12209074WA014420151498
B2049173838474N12209077WA014440151634
B2049183838478N12209079WA014460151878
B2049193838482N12209082WA014480151982
B2049203838486N12209084WA014500152064
B2049213838490N12209085WA014510152126
B2049223838494N12209087WA014520152050
B2049233838498N12209088WA014520152099
B2049243838503N12209091WA014520152137
B2049253838507N12209094WA014520152264
B2049263838511N12209097WA014530152452
B2049273838515N12209099WA014540152515
B2049283838519N12209101WA014550152615
B2049293838523N12209103WA014560152752
B2049303838527N12209105WA014570152891
B2049313838532N12209107WA014580152822
B2049323838536N12209109WA014590152935
B2049333838540N12209111WA014600152976
B2049343838545N12209113WA014600152953
B2049353838550N12209114WA014600152829
B2049363838554N12209117WA014590152843
B2049373838558N12209120WA014590152816
B2049383838561N12209124WA014590152787
B2049393838565N12209128WA014580152688
B2049403838569N12209133WA014570152580
B2049413838573N12209137WA014570152460
B2049423838577N12209140WA014560152299
B2049433838582N12209144WA014540152196
B2049443838588N12209149WA014520152025
B2049453838593N12209155WA014510152115
B2049463838598N12209161WA014510152415
B2049473838602N12209166WA014530152771
B2049483838607N12209169WA014550152915
B2049493838611N12209172WA014560152830
B2049503838615N12209174WA014580152858
B2049513838620N12209177WA014590152829
B2049523838625N12209182WA014590152941
B2049533838630N12209186WA014590153097
B2049543838635N12209190WA014600153377
B2049553838640N12209194WA014620153754
B2049563838644N12209197WA014640154067
B2049573838648N12209200WA014670154215
B2049583838651N12209203WA014690154455
B2049593838654N12209206WA014720154581
B2050003838658N12209209WA014750154641
B2050013838662N12209212WA014770154756
B2050023838666N12209215WA014790154959
B2050033838670N12209219WA014800155062
B2050043838675N12209222WA014810155204
B2050053838679N12209225WA014810155348
B2050063838683N12209228WA014820155458
B2050073838687N12209232WA014830155522
B2050083838690N12209235WA014840155665
B2050093838694N12209238WA014850155618
B2050103838697N12209242WA014850155671
B2050113838701N12209245WA014850155534
B2050123838705N12209248WA014850155307
B2050133838708N12209251WA014840155188
B2050143838712N12209255WA014820154865
B2050153838717N12209260WA014800154501
B2050163838721N12209265WA014770154382
B2050173838726N12209270WA014750154331
B2050183838730N12209274WA014730154525
B2050193838734N12209278WA014740154710
B2050203838737N12209280WA014750154899
B2050213838741N12209283WA014770154859
B2050223838744N12209286WA014780154979
B2050233838747N12209289WA014800154987
B2050243838751N12209292WA014800155001
B2050253838753N12209294WA014800155083
B2050263838756N12209296WA014800154933
B2050273838758N12209298WA014800154867
B2050283838760N12209301WA014800154883
B2050293838763N12209304WA014790154738
B2050303838766N12209308WA014780154722
B2050313838769N12209311WA014780154880
B2050323838772N12209312WA014780155068
B2050333838774N12209313WA014790155189
B2050343838776N12209315WA014800155063
B2050353838778N12209317WA014800154994
B2050363838782N12209320WA014790154836
B2050373838785N12209325WA014790154992
B2050383838789N12209329WA014790155262
B2050393838792N12209332WA014800155482
B2050403838795N12209334WA014820155584
B2050413838798N12209336WA014830155653
B2050423838801N12209338WA014830155409
B2050433838803N12209342WA014810155294
B2050443838807N12209347WA014800155090
B2050453838811N12209352WA014780155079
B2050463838814N12209358WA014770155285
B2050473838817N12209362WA014780155528
B2050483838819N12209366WA014790155643
B2050493838822N12209369WA014810155706
B2050503838824N12209374WA014820155663
B2050513838827N12209379WA014820155648
B2050523838830N12209385WA014830155733
B2050533838833N12209389WA014840155907
B2050543838835N12209393WA014850156192
B2050553838838N12209396WA014870156296
B2050563838842N12209400WA014890156303
B2050573838845N12209404WA014910156364
B2050583838850N12209409WA014920156400
B2050593838854N12209413WA014930156653
B2051003838859N12209417WA014950156830
B2051013838863N12209420WA014970157162
B2051023838867N12209423WA014990157370
B2051033838871N12209425WA015010157466
B2051043838875N12209428WA015010157552
B2051053838879N12209431WA015040157530
B2051063838883N12209434WA015040157572
B2051073838888N12209437WA015040157667
B2051083838894N12209441WA015040157845
B2051093838900N12209445WA015050158046
B2051103838905N12209450WA015070158330
B2051113838909N12209454WA015090158535
B2051123838913N12209458WA015110158721
B2051133838917N12209459WA015130158879
B2051143838922N12209461WA015150158960
B2051153838927N12209463WA015170159070
B2051163838932N12209466WA015190159253
B2051173838937N12209469WA015210159409
B2051183838941N12209472WA015230159726
B2051193838945N12209475WA015250159830
B2051203838949N12209477WA015280160035
B2051213838953N12209480WA015290160255
B2051223838957N12209483WA015310160495
B2051233838962N12209486WA015330160635
B2051243838966N12209489WA015350160863
B2051253838970N12209492WA015360160985
B2051263838975N12209495WA015380161013
B2051273838979N12209498WA015390161137
B2051283838983N12209502WA015400161245
B2051293838987N12209506WA015400161252
B2051303838991N12209509WA015400161256
B2051313838995N12209513WA015400161291
B2051323839000N12209516WA015400161335
B2051333839004N12209519WA015400161358
B2051343839008N12209523WA015400161320
B2051353839012N12209526WA015400161301
B2051363839015N12209529WA015400161293
B2051373839020N12209532WA015400161106
B2051383839024N12209536WA015390161023
B2051393839028N12209539WA015380160919
B2051403839031N12209543WA015370160868
B2051413839035N12209547WA015360160824
B2051423839038N12209551WA015350160780
B2051433839042N12209555WA015340160662
B2051443839046N12209559WA015330160591
B2051453839051N12209563WA015320160420
B2051463839055N12209566WA015300160248
B2051473839059N12209571WA015290160062
B2051483839063N12209575WA015270160073
B2051493839068N12209578WA015260159919
B2051503839072N12209582WA015260159932
B2051513839076N12209585WA015260159945
B2051523839080N12209588WA015260159945
B2051533839084N12209591WA015250159893
B2051543839090N12209594WA015250159715
B2051553839095N12209597WA015250159728
B2051563839099N12209600WA015240159886
B2051573839103N12209603WA015240159881
B2051583839107N12209605WA015250159834
B2051593839111N12209607WA015240159618
B2052003839115N12209610WA015230159366
B2052013839120N12209613WA015220159174
B2052023839126N12209616WA015200159007
B2052033839130N12209620WA015180159091
B2052043839135N12209623WA015170159030
B2052053839139N12209625WA015170158936
B2052063839143N12209628WA015160158756
B2052073839147N12209631WA015150158587
B2052083839152N12209635WA015140158331
B2052093839156N12209639WA015120158181
B2052103839161N12209643WA015100158086
B2052113839166N12209647WA015080157976
B2052123839171N12209651WA015060157876
B2052133839176N12209654WA015050157748
B2052143839181N12209657WA015040157707
B2052153839185N12209660WA015040157557
B2052163839190N12209663WA015030157309
B2052173839194N12209667WA015010157199
B2052183839199N12209672WA015000156963
B2052193839204N12209676WA014980156849
B2052203839208N12209680WA014970156898
B2052213839213N12209684WA014970156852
B2052223839218N12209686WA014970156908
B2052233839222N12209688WA014970156868
B2052243839227N12209690WA014970156837
B2052253839232N12209692WA014960156718
B2052263839237N12209695WA014960156615
B2052273839242N12209698WA014950156508
B2052283839246N12209701WA014940156553
B2052293839251N12209703WA014930156411
B2052303839255N12209704WA014930156379
B2052313839259N12209707WA014920156271
B2052323839263N12209710WA014900156061
B2052333839268N12209713WA014890155831
B2052343839273N12209715WA014870155675
B2052353839279N12209717WA014850155456
B2052363839285N12209720WA014820155203
B2052373839289N12209723WA014800155173
B2052383839294N12209726WA014790155042
B2052393839299N12209729WA014770154812
B2052403839303N12209732WA014740154471
B2052413839308N12209735WA014710154068
B2052423839314N12209740WA014670153619
B2052433839319N12209747WA014630153497
B2052443839325N12209754WA014600153434
B2052453839330N12209760WA014610153631
B2052463839334N12209764WA014630153865
B2052473839338N12209768WA014650153953
B2052483839342N12209771WA014670153958
B2052493839346N12209775WA014680153938
B2052503839350N12209781WA014690153800
B2052513839353N12209786WA014690153868
B2052523839357N12209792WA014690153933
B2052533839361N12209796WA014690154018
B2052543839364N12209801WA014700154184
B2052553839368N12209805WA014710154225
B2052563839371N12209809WA014720154246
B2052573839374N12209814WA014720154261
B2052583839377N12209819WA014730154254
B2052593839380N12209824WA014730154288
B2053003839384N12209830WA014730154290
B2053013839389N12209834WA014730154324
B2053023839393N12209838WA014730154447
B2053033839397N12209843WA014740154470
B2053043839401N12209847WA014740154552
B2053053839405N12209850WA014750154657
B2053063839409N12209854WA014760154692
B2053073839414N12209857WA014760154649
B2053083839418N12209861WA014770154688
B2053093839423N12209866WA014770154730
B2053103839427N12209870WA014780154856
B2053113839431N12209875WA014790155053
B2053123839435N12209879WA014800155144
B2053133839439N12209882WA014810155189
B2053143839443N12209886WA014820155187
B2053153839447N12209890WA014820155299
B2053163839452N12209895WA014820155201
B2053173839456N12209899WA014820155223
B2053183839460N12209903WA014820155217
B2053193839464N12209908WA014830155315
B2053203839467N12209913WA014830155486
B2053213839471N12209918WA014840155637
B2053223839473N12209923WA014860155888
B2053233839475N12209929WA014880156061
B2053243839477N12209933WA014900156258
B2053253839479N12209938WA014920156394
B2053263839482N12209942WA014940156337
B2053273839484N12209947WA014950156380
B2053283839487N12209951WA014940156268
B2053293839491N12209957WA014930156205
B2053303839494N12209963WA014930156285
B2053313839498N12209969WA014920156321
B2053323839501N12209974WA014920156378
B2053333839505N12209980WA014920156334
B2053343839509N12209985WA014920156317
B2053353839512N12209990WA014920156381
B2053363839516N12209994WA014930156327
B2053373839519N12209999WA014920156259
B2053383839523N12210005WA014920156258
B2053393839527N12210011WA014920156299
B2053403839532N12210017WA014920156474
B2053413839537N12210021WA014940156776
B2053423839542N12210025WA014960157130
B2053433839546N12210028WA014980157424
B2053443839549N12210032WA015010157553
B2053453839552N12210036WA015040157612
B2053463839553N12210041WA015060157690
B2053473839553N12210046WA015080157783
B2053483839550N12210050WA015080157764
B2053493839545N12210051WA015080157879
B2053503839540N12210052WA015090157953
B2053513839536N12210049WA015090158115
B2053523839532N12210044WA015110158391
B2053533839530N12210036WA015120158569
B2053543839530N12210028WA015150158859
B2053553839532N12210021WA015170159148
B2053563839535N12210015WA015200159306
B2053573839538N12210009WA015230159508
B2053583839541N12210004WA015250159778
B2053593839546N12210000WA015280159858
B2054003839552N12209998WA015290159999
B2054013839559N12209999WA015280159952
B2054023839565N12210001WA015290160279
B2054033839570N12210005WA015300160514
B2054043839572N12210008WA015320160679
B2054053839574N12210013WA015340160792
B2054063839576N12210017WA015350160856
B2054073839577N12210022WA015370160934
B2054083839576N12210026WA015380160869
B2054093839574N12210030WA015370160866
B2054103839572N12210033WA015370160808
B2054113839568N12210036WA015370160898
B2054123839565N12210039WA015370160822
B2054133839560N12210040WA015370160896
B2054143839555N12210040WA015370161095
B2054153839551N12210039WA015380161232
B2054163839547N12210036WA015400161519
B2054173839543N12210033WA015420161757
B2054183839540N12210028WA015440161949
B2054193839538N12210022WA015460162107
B2054203839537N12210015WA015480162334
B2054213839538N12210008WA015510162514
B2054223839540N12210002WA015540162833
B2054233839544N12209997WA015560162932
B2054243839549N12209993WA015590163035
B2054253839555N12209990WA015600163158
B2054263839561N12209989WA015610163350
B2054273839567N12209987WA015630163668
B2054283839573N12209988WA015650163941
B2054293839578N12209990WA015660164061
B2054303839583N12209993WA015680164207
B2054313839586N12209997WA015700164358
B2054323839588N12210002WA015710164342
B2054333839588N12210007WA015710164290
B2054343839587N12210011WA015710164259
B2054353839584N12210015WA015700164177
B2054363839580N12210018WA015690164195
B2054373839576N12210019WA015690164107
B2054383839570N12210019WA015680164396
B2054393839566N12210018WA015690164532
B2054403839562N12210015WA015710164853
B2054413839560N12210011WA015730165004
B2054423839558N12210005WA015750165168
B2054433839557N12209999WA015770165092
B2054443839558N12209991WA015790165047
B2054453839559N12209983WA015800165138
B2054463839560N12209975WA015810165197
B2054473839563N12209968WA015820165263
B2054483839568N12209962WA015830165412
B2054493839574N12209957WA015840165514
B2054503839580N12209954WA015860165743
B2054513839586N12209953WA015870165891
B2054523839593N12209954WA015880165823
B2054533839598N12209958WA015890165983
B2054543839602N12209964WA015890166090
B2054553839606N12209970WA015890166172
B2054563839611N12209975WA015890166301
B2054573839615N12209978WA015900166457
B2054583839619N12209982WA015910166450
B2054593839623N12209986WA015910166245
B2055003839627N12209992WA015900165977
B2055013839632N12209999WA015890165771
B2055023839638N12210005WA015870165726
B2055033839643N12210011WA015860165776
B2055043839648N12210016WA015850165786
B2055053839653N12210021WA015860165860
B2055063839657N12210025WA015860165791
B2055073839662N12210029WA015850165433
B2055083839667N12210034WA015840165107
B2055093839672N12210041WA015820164923
B2055103839677N12210048WA015800164917
B2055113839681N12210056WA015780164982
B2055123839686N12210063WA015780165053
B2055133839691N12210069WA015790165041
B2055143839696N12210074WA015800165033
B2055153839700N12210080WA015800165090
B2055163839706N12210086WA015800164915
B2055173839711N12210093WA015790164872
B2055183839717N12210099WA015780164935
B2055193839722N12210104WA015790165069
B2055203839728N12210109WA015790165108
B2055213839733N12210114WA015800165131
B2055223839738N12210118WA015800165054
B2055233839743N12210123WA015790164981
B2055243839749N12210128WA015780164841
B2055253839755N12210132WA015770164648
B2055263839762N12210137WA015760164511
B2055273839768N12210141WA015750164582
B2055283839774N12210145WA015730164487
B2055293839779N12210150WA015720164485
B2055303839784N12210155WA015710164395
B2055313839790N12210160WA015700164207
B2055323839795N12210165WA015690164129
B2055333839800N12210171WA015680164026
B2055343839805N12210177WA015670164046
B2055353839810N12210183WA015670164160
B2055363839815N12210188WA015680164250
B2055373839820N12210192WA015690164338
B2055383839824N12210197WA015700164378
B2055393839829N12210202WA015700164239
B2055403839834N12210208WA015690164058
B2055413839839N12210215WA015690164082
B2055423839845N12210221WA015680164104
B2055433839850N12210227WA015680164302
B2055443839854N12210232WA015680164472
B2055453839859N12210237WA015700164401
B2055463839863N12210241WA015710164338
B2055473839867N12210247WA015700164161
B2055483839872N12210253WA015690163844
B2055493839877N12210260WA015670163532
B2055503839882N12210267WA015650163301
B2055513839886N12210274WA015630163331
B2055523839890N12210280WA015610163347
B2055533839895N12210286WA015600163306
B2055543839899N12210292WA015590163283
B2055553839904N12210298WA015590163052
B2055563839908N12210304WA015570162886
B2055573839913N12210311WA015550162617
B2055583839917N12210318WA015530162547
B2055593839921N12210325WA015520162541
B2056003839924N12210330WA015510162578
B2056013839927N12210336WA015510162440
B2056023839930N12210341WA015510162210
B2056033839933N12210346WA015490161928
B2056043839937N12210352WA015480161608
B2056053839941N12210358WA015450161323
B2056063839945N12210363WA015430161198
B2056073839950N12210369WA015400160960
B2056083839955N12210373WA015370160748
B2056093839960N12210378WA015340160316
B2056103839964N12210383WA015310160089
B2056113839969N12210389WA015280159657
B2056123839974N12210396WA015240159282
B2056133839980N12210403WA015200158871
B2056143839986N12210410WA015160158755
B2056153839991N12210418WA015140158701
B2056163839994N12210425WA015140158833
B2056173839997N12210431WA015140158729
B2056183840000N12210438WA015150158715
B2056193840002N12210445WA015150158774
B2056203840005N12210451WA015150158739
B2056213840007N12210458WA015150158792
B2056223840010N12210464WA015160158756
B2056233840012N12210471WA015160158792
B2056243840015N12210477WA015160158833
B2056253840017N12210483WA015160158883
B2056263840020N12210488WA015160158846
B2056273840022N12210493WA015170158898
B2056283840025N12210499WA015160158762
B2056293840028N12210504WA015160158788
B2056303840032N12210510WA015150158759
B2056313840036N12210516WA015160158926
B2056323840039N12210522WA015170159170
B2056333840042N12210526WA015180159379
B2056343840045N12210531WA015200159455
B2056353840048N12210536WA015210159411
B2056363840050N12210541WA015220159390
B2056373840053N12210546WA015210159279
B2056383840056N12210552WA015200159098
B2056393840060N12210558WA015190158978
B2056403840064N12210564WA015180158975
B2056413840068N12210570WA015180159032
B2056423840071N12210575WA015180159156
B2056433840074N12210580WA015180159145
B2056443840077N12210585WA015180158971
B2056453840081N12210590WA015180158822
B2056463840085N12210594WA015170158715
B2056473840088N12210599WA015160158680
B2056483840092N12210603WA015140158440
B2056493840096N12210606WA015130158206
B2056503840099N12210610WA015110157877
B2056513840103N12210615WA015080157459
B2056523840107N12210621WA015050157058
B2056533840111N12210628WA015010156772
B2056543840116N12210634WA014970156357
B2056553840121N12210640WA014930156128
B2056563840125N12210646WA014900155965
B2056573840129N12210652WA014870155770
B2056583840134N12210658WA014840155420
B2056593840139N12210663WA014820155119
B2057003840143N12210670WA014800154872
B2057013840147N12210676WA014770154686
B2057023840151N12210683WA014750154452
B2057033840155N12210689WA014740154323
B2057043840159N12210695WA014720154153
B2057053840164N12210701WA014700153953
B2057063840170N12210707WA014680153820
B2057073840175N12210712WA014660153762
B2057083840180N12210717WA014660153764
B2057093840185N12210722WA014660153759
B2057103840190N12210728WA014660153757
B2057113840195N12210734WA014660153652
B2057123840200N12210739WA014660153760
B2057133840205N12210743WA014660153637
B2057143840210N12210748WA014660153449
B2057153840215N12210754WA014650153339
B2057163840220N12210760WA014640153306
B2057173840224N12210766WA014630153250
B2057183840228N12210771WA014620153166
B2057193840232N12210777WA014620153175
B2057203840236N12210783WA014610153194
B2057213840241N12210788WA014600153026
B2057223840245N12210794WA014600153080
B2057233840250N12210799WA014590152976
B2057243840255N12210805WA014580152859
B2057253840259N12210813WA014570152850
B2057263840262N12210820WA014570152861
B2057273840265N12210826WA014580153055
B2057283840268N12210832WA014600153235
B2057293840271N12210838WA014620153445
B2057303840274N12210844WA014640153763
B2057313840277N12210850WA014660154150
B2057323840280N12210854WA014690154439
B2057333840282N12210858WA014720154699
B2057343840285N12210862WA014760154885
B2057353840288N12210866WA014780154874
B2057363840291N12210871WA014800154941
B2057373840294N12210875WA014800154919
B2057383840297N12210880WA014800155017
B2057393840300N12210885WA014810155036
B2057403840303N12210891WA014810155041
B2057413840306N12210897WA014810155015
B2057423840308N12210904WA014810155157
B2057433840310N12210911WA014820155345
B2057443840312N12210917WA014830155504
B2057453840312N12210922WA014840155671
B2057463840312N12210926WA014850155687
B2057473840312N12210932WA014860155591
B2057483840313N12210938WA014860155445
B2057493840314N12210945WA014850155372
B2057503840316N12210951WA014850155483
B2057513840319N12210956WA014850155513
B2057523840321N12210960WA014860155529
B2057533840323N12210965WA014860155537
B2057543840325N12210970WA014860155467
B2057553840328N12210976WA014860155425
B2057563840330N12210982WA014860155447
B2057573840332N12210988WA014860155516
B2057583840333N12210994WA014860155675
B2057593840335N12210999WA014860155769
B2058003840337N12211005WA014870155931
B2058013840338N12211010WA014880156061
B2058023840339N12211014WA014890156148
B2058033840339N12211019WA014900156077
B2058043840340N12211025WA014910156031
B2058053840341N12211030WA014910156059
B2058063840343N12211037WA014910156140
B2058073840345N12211042WA014920156355
B2058083840346N12211047WA014930156690
B2058093840347N12211050WA014940156785
B2058103840348N12211053WA014960156893
B2058113840349N12211055WA014970156882
B2058123840350N12211058WA014980156821
B2058133840351N12211062WA014990156835
B2058143840354N12211069WA015000156881
B2058153840358N12211073WA015010156907
B2058163840360N12211077WA015020157095
B2058173840363N12211081WA015020156986
B2058183840366N12211086WA015020156971
B2058193840369N12211091WA015010156974
B2058203840373N12211096WA015000156955
B2058213840377N12211101WA015000156994
B2058223840382N12211105WA015000157048
B2058233840386N12211110WA015010157101
B2058243840389N12211114WA015010157228
B2058253840392N12211119WA015010157227
B2058263840395N12211124WA015010157244
B2058273840399N12211128WA015010157109
B2058283840402N12211133WA015000157144
B2058293840405N12211138WA015000157032
B2058303840408N12211142WA014990157028
B2058313840411N12211146WA014990157068
B2058323840414N12211151WA014990156961
B2058333840416N12211156WA014980156995
B2058343840418N12211162WA014980156927
B2058353840419N12211168WA014980156969
B2058363840421N12211174WA014980156937
B2058373840423N12211180WA014990157010
B2058383840424N12211185WA014990157035
B2058393840425N12211191WA015000157011
B2058403840425N12211196WA015000157046
B2058413840426N12211201WA015010157119
B2058423840427N12211206WA015020157287
B2058433840429N12211211WA015020157199
B2058443840431N12211217WA015020157186
B2058453840433N12211224WA015010157150
B2058463840435N12211230WA015010157166
B2058473840438N12211237WA015010157220
B2058483840441N12211242WA015020157409
B2058493840444N12211248WA015030157404
B2058503840447N12211254WA015030157314
B2058513840449N12211261WA015030157259
B2058523840452N12211269WA015020157227
B2058533840454N12211276WA015030157373
B2058543840457N12211281WA015040157409
B2058553840458N12211287WA015040157572
B2058563840460N12211292WA015050157407
B2058573840462N12211298WA015050157405
B2058583840464N12211304WA015040157365
B2058593840467N12211310WA015040157367
B2059003840470N12211316WA015030157376
B2059013840473N12211321WA015030157369
B2059023840476N12211327WA015040157350
B2059033840479N12211332WA015040157214
B2059043840481N12211338WA015030157266
B2059053840484N12211345WA015030157252
B2059063840487N12211351WA015020157223
B2059073840489N12211357WA015020157382
B2059083840492N12211362WA015030157513
B2059093840494N12211367WA015030157540
B2059103840497N12211371WA015040157427
B2059113840500N12211377WA015040157312
B2059123840503N12211383WA015030157256
B2059133840507N12211389WA015020157224
B2059143840510N12211394WA015020157273
B2059153840513N12211399WA015020157292
B2059163840516N12211404WA015010157271
B2059173840519N12211409WA015010157052
B2059183840523N12211414WA015000156806
B2059193840526N12211419WA014980156589
B2059203840530N12211425WA014960156481
B2059213840534N12211430WA014940156254
B2059223840537N12211435WA014920156073
B2059233840541N12211440WA014890155832
B2059243840545N12211445WA014870155458
B2059253840550N12211451WA014840155115
B2059263840555N12211457WA014810154913
B2059273840560N12211462WA014780154833
B2059283840565N12211467WA014760154810
B2059293840569N12211471WA014740154675
B2059303840574N12211475WA014720154389
B2059313840580N12211481WA014700153932
B2059323840586N12211487WA014670153644
B2059333840592N12211493WA014650153439
B2059343840598N12211500WA014620153410
B2059353840603N12211506WA014610153410
B2059363840607N12211511WA014610153395
B2059373840612N12211517WA014610153271
B2059383840618N12211522WA014600153008
B2059393840623N12211529WA014590152960
B2059403840629N12211535WA014580152829
B2059413840634N12211542WA014570152928
B2059423840638N12211549WA014570153035
B2059433840641N12211556WA014580153090
B2059443840645N12211562WA014580152951
B2059453840649N12211567WA014580152879
B2059463840655N12211573WA014570152622
B2059473840661N12211577WA014560152549
B2059483840667N12211583WA014550152431
B2059493840672N12211588WA014540152416
B2059503840676N12211594WA014540152475
B2059513840681N12211599WA014530152276
B2059523840687N12211604WA014520152109
B2059533840691N12211610WA014510152184
B2059543840696N12211615WA014500152099
B2059553840701N12211621WA014500152092
B2059563840707N12211626WA014500151901
B2059573840711N12211630WA014500151879
B2059583840716N12211635WA014490151706
B2059593840719N12211640WA014480151574
B2100003840723N12211645WA014470151344
B2100013840727N12211650WA014450151037
B2100023840731N12211656WA014430150841
B2100033840735N12211661WA014400150754
B2100043840739N12211666WA014380150645
B2100053840743N12211671WA014370150524
B2100063840747N12211676WA014350150351
B2100073840752N12211681WA014330150232
B2100083840757N12211686WA014310150124
B2100093840762N12211690WA014290150009
B2100103840766N12211695WA014270149853
B2100113840771N12211700WA014260149600
B2100123840775N12211705WA014230149343
B2100133840780N12211711WA014210149108
B2100143840784N12211718WA014190149019
B2100153840787N12211724WA014180149289
B2100163840791N12211729WA014200149338
B2100173840794N12211734WA014210149346
B2100183840797N12211739WA014220149238
B2100193840799N12211746WA014210148959
B2100203840801N12211755WA014200148844
B2100213840804N12211763WA014180148857
B2100223840808N12211771WA014170148972
B2100233840813N12211777WA014180149109
B2100243840816N12211784WA014190149401
B2100253840817N12211789WA014220149596
B2100263840819N12211794WA014240149697
B2100273840822N12211800WA014250149620
B2100283840825N12211805WA014270149835
B2100293840828N12211811WA014290149954
B2100303840831N12211816WA014300150277
B2100313840834N12211821WA014320150465
B2100323840837N12211826WA014340150461
B2100333840840N12211831WA014360150491
B2100343840844N12211836WA014350150346
B2100353840848N12211841WA014340150229
B2100363840852N12211847WA014340150241
B2100373840856N12211852WA014330150134
B2100383840860N12211858WA014320150022
B2100393840863N12211864WA014310150070
B2100403840867N12211869WA014300149919
B2100413840870N12211875WA014290149911
B2100423840873N12211879WA014290149816
B2100433840876N12211883WA014270149759
B2100443840880N12211888WA014260149418
B2100453840883N12211894WA014240149276
B2100463840887N12211901WA014220148933
B2100473840891N12211908WA014200148852
B2100483840896N12211914WA014180148700
B2100493840900N12211919WA014160148746
B2100503840904N12211924WA014160148629
B2100513840907N12211930WA014160148472
B2100523840911N12211935WA014150148339
B2100533840915N12211941WA014140148119
B2100543840919N12211948WA014130148033
B2100553840923N12211954WA014120148086
B2100563840927N12211959WA014110148099
B2100573840932N12211964WA014110147915
B2100583840936N12211969WA014100147804
B2100593840940N12211974WA014090147516
B2101003840944N12211980WA014080147333
B2101013840948N12211986WA014060147186
B2101023840953N12211993WA014040146931
B2101033840957N12211999WA014020146887
B2101043840961N12212006WA014000146683
B2101053840966N12212012WA013980146409
B2101063840970N12212019WA013950146245
B2101073840975N12212026WA013930145900
B2101083840980N12212032WA013910145704
B2101093840985N12212038WA013880145653
B2101103840991N12212043WA013870145508
B2101113840996N12212049WA013860145341
B2101123841001N12212054WA013850145270
B2101133841007N12212059WA013840145041
B2101143841013N12212063WA013830144859
B2101153841020N12212068WA013810144618
B2101163841027N12212073WA013790144409
B2101173841034N12212079WA013770144207
B2101183841040N12212085WA013750144252
B2101193841046N12212089WA013740144257
B2101203841052N12212093WA013750144133
B2101213841057N12212097WA013750144070
B2101223841063N12212101WA013740143811
B2101233841068N12212105WA013730143671
B2101243841074N12212109WA013720143443
B2101253841080N12212113WA013700143104
B2101263841085N12212118WA013670142816
B2101273841090N12212124WA013640142543
B2101283841096N12212130WA013620142316
B2101293841102N12212136WA013590142206
B2101303841107N12212141WA013560142269
B2101313841112N12212146WA013550142194
B2101323841118N12212150WA013540141918
B2101333841123N12212156WA013530141610
B2101343841127N12212161WA013520141586
B2101353841132N12212167WA013500141305
B2101363841136N12212173WA013480141153
B2101373841141N12212179WA013460140804
B2101383841145N12212185WA013440140658
B2101393841150N12212191WA013410140409
B2101403841154N12212198WA013390140354
B2101413841159N12212204WA013360140119
B2101423841163N12212211WA013340139994
B2101433841168N12212217WA013320139777
B2101443841173N12212223WA013290139468
B2101453841178N12212230WA013270139212
B2101463841182N12212236WA013250139109
B2101473841186N12212243WA013250139014
B2101483841189N12212249WA013240138993
B2101493841193N12212254WA013240138868
B2101503841197N12212260WA013230138625
B2101513841200N12212266WA013210138468
B2101523841204N12212273WA013190138232
B2101533841208N12212279WA013170138028
B2101543841212N12212286WA013150137737
B2101553841216N12212293WA013120137398
B2101563841221N12212301WA013090136947
B2101573841225N12212309WA013050136689
B2101583841230N12212317WA013020136404
B2101593841233N12212324WA013000136394
B2102003841237N12212331WA012990136195
B2102013841241N12212339WA012980135970
B2102023841245N12212346WA012960135852
B2102033841249N12212353WA012950135624
B2102043841252N12212360WA012930135488
B2102053841256N12212368WA012910135230
B2102063841259N12212375WA012890135091
B2102073841263N12212382WA012860134782
B2102083841268N12212389WA012840134422
B2102093841272N12212396WA012810134192
B2102103841277N12212403WA012780133943
B2102113841281N12212410WA012760133763
B2102123841285N12212417WA012730133684
B2102133841290N12212424WA012710133413
B2102143841294N12212431WA012700133323
B2102153841297N12212438WA012690133292
B2102163841301N12212445WA012680133160
B2102173841305N12212451WA012670132954
B2102183841309N12212458WA012660132734
B2102193841313N12212465WA012640132555
B2102203841317N12212472WA012620132485
B2102213841321N12212479WA012610132394
B2102223841325N12212486WA012590132270
B2102233841329N12212492WA012570132223
B2102243841332N12212498WA012560132152
B2102253841336N12212503WA012570132028
B2102263841340N12212510WA012560131800
B2102273841344N12212516WA012550131607
B2102283841348N12212523WA012540131508
B2102293841351N12212530WA012530131498
B2102303841355N12212537WA012510131356
B2102313841359N12212544WA012500131350
B2102323841363N12212550WA012490131235
B2102333841366N12212557WA012480131095
B2102343841370N12212564WA012470130927
B2102353841373N12212572WA012450130791
B2102363841377N12212579WA012440130694
B2102373841381N12212586WA012430130597
B2102383841385N12212593WA012420130597
B2102393841389N12212600WA012420130546
B2102403841392N12212607WA012420130462
B2102413841395N12212613WA012420130458
B2102423841398N12212619WA012410130467
B2102433841401N12212624WA012420130459
B2102443841404N12212629WA012410130459
B2102453841407N12212635WA012410130251
B2102463841411N12212640WA012400130035
B2102473841415N12212646WA012390129952
B2102483841419N12212651WA012370129876
B2102493841423N12212657WA012370129974
B2102503841427N12212662WA012360129956
B2102513841431N12212667WA012360129845
B2102523841435N12212672WA012360129765
B2102533841439N12212677WA012350129586
B2102543841444N12212682WA012340129429
B2102553841448N12212688WA012320129361
B2102563841453N12212693WA012310129201
B2102573841457N12212697WA012300129149
B2102583841461N12212702WA012280128969
B2102593841465N12212708WA012270128781
B2103003841470N12212713WA012250128620
B2103013841474N12212718WA012240128461
B2103023841479N12212723WA012220128303
B2103033841483N12212728WA012200128116
B2103043841487N12212733WA012190128019
B2103053841491N12212738WA012170127819
B2103063841495N12212743WA012150127626
B2103073841499N12212748WA012130127424
B2103083841503N12212753WA012110127204
B2103093841506N12212758WA012080126995
B2103103841510N12212763WA012050126777
B2103113841514N12212769WA012030126541
B2103123841518N12212774WA012010126426
B2103133841522N12212780WA011990126103
B2103143841525N12212785WA011970126098
B2103153841530N12212791WA011960125707
B2103163841533N12212798WA011950125582
B2103173841537N12212805WA011930125274
B2103183841541N12212812WA011910124986
B2103193841546N12212819WA011880124716
B2103203841550N12212826WA011860124643
B2103213841554N12212833WA011830124422
B2103223841557N12212840WA011820124291
B2103233841561N12212846WA011790124086
B2103243841566N12212852WA011770123748
B2103253841571N12212858WA011750123439
B2103263841576N12212864WA011720123266
B2103273841582N12212870WA011700122911
B2103283841587N12212875WA011680122772
B2103293841593N12212880WA011650122551
B2103303841599N12212884WA011630122344
B2103313841605N12212889WA011610122131
B2103323841610N12212893WA011590121888
B2103333841616N12212898WA011570121635
B2103343841622N12212903WA011550121301
B2103353841627N12212907WA011520120998
B2103363841633N12212912WA011500120789
B2103373841639N12212918WA011470120550
B2103383841645N12212923WA011450120304
B2103393841650N12212928WA011420120048
B2103403841655N12212934WA011400119887
B2103413841661N12212940WA011370119566
B2103423841667N12212945WA011350119367
B2103433841673N12212950WA011330119164
B2103443841679N12212955WA011320119031
B2103453841685N12212959WA011310118828
B2103463841690N12212964WA011290118675
B2103473841696N12212969WA011270118334
B2103483841702N12212974WA011250118025
B2103493841707N12212979WA011220117695
B2103503841713N12212984WA011190117478
B2103513841719N12212990WA011160117182
B2103523841725N12212995WA011140116995
B2103533841731N12213000WA011100116696
B2103543841737N12213006WA011070116474
B2103553841743N12213012WA011050116263
B2103563841749N12213018WA011020116085
B2103573841756N12213024WA011000115813
B2103583841762N12213029WA011000115767
B2103593841769N12213034WA011000115537
B2104003841775N12213039WA010990115595
B2104013841782N12213044WA010970115331
B2104023841788N12213048WA010960115261
B2104033841795N12213051WA010950115016
B2104043841801N12213054WA010930114868
B2104053841808N12213058WA010910114527
B2104063841814N12213063WA010890114360
B2104073841821N12213067WA010870114114
B2104083841827N12213071WA010850114056
B2104093841834N12213075WA010830113807
B2104103841840N12213079WA010810113758
B2104113841847N12213083WA010790113615
B2104123841853N12213087WA010790113581
B2104133841860N12213090WA010790113446
B2104143841867N12213094WA010780113311
B2104153841873N12213097WA010770113157
B2104163841880N12213101WA010760113013
B2104173841886N12213105WA010740112844
B2104183841892N12213110WA010730112791
B2104193841899N12213114WA010710112538
B2104203841905N12213119WA010690112481
B2104213841912N12213123WA010680112232
B2104223841919N12213127WA010660112005
B2104233841925N12213131WA010640111977
B2104243841932N12213136WA010620111740
B2104253841938N12213140WA010600111592
B2104263841945N12213144WA010580111423
B2104273841951N12213148WA010560111262
B2104283841958N12213152WA010550111023
B2104293841964N12213156WA010520110879
B2104303841971N12213161WA010510110645
B2104313841977N12213166WA010480110492
B2104323841984N12213170WA010470110237
B2104333841990N12213174WA010450110199
B2104343841997N12213179WA010430109904
B2104353842003N12213184WA010410109611
B2104363842009N12213188WA010400109417
B2104373842015N12213192WA010380109248
B2104383842022N12213196WA010360108924
B2104393842028N12213199WA010330108789
B2104403842035N12213203WA010310108536
B2104413842041N12213207WA010280108213
B2104423842046N12213211WA010260107915
B2104433842050N12213217WA010230107514
B2104443842052N12213224WA010190107063
B2104453842053N12213232WA010150106673
B2104463842053N12213240WA010120106457
B2104473842053N12213249WA010090106382
B2104483842054N12213258WA010070106381
B2104493842055N12213266WA010080106550
B2104503842055N12213272WA010090106755
B2104513842054N12213278WA010110106893
B2104523842054N12213283WA010120106918
B2104533842053N12213289WA010140106913
B2104543842052N12213294WA010150107008
B2104553842051N12213300WA010160107010
B2104563842050N12213304WA010170107048
B2104573842050N12213309WA010160107009
B2104583842050N12213315WA010160107006
B2104593842051N12213321WA010160107003
B2105003842052N12213327WA010160107112
B2105013842053N12213332WA010160107349
B2105023842054N12213338WA010170107493
B2105033842056N12213343WA010180107546
B2105043842057N12213349WA010190107560
B2105053842059N12213354WA010200107627
B2105063842060N12213360WA010210107699
B2105073842062N12213367WA010220107771
B2105083842064N12213372WA010230107857
B2105093842066N12213378WA010240107830
B2105103842068N12213383WA010240107847
B2105113842072N12213388WA010240107821
B2105123842076N12213390WA010230107867
B2105133842081N12213390WA010230107895
B2105143842087N12213387WA010220107792
B2105153842092N12213381WA010210107676
B2105163842095N12213374WA010200107697
B2105173842097N12213367WA010190107536
B2105183842097N12213360WA010180107547
B2105193842096N12213354WA010170107409
B2105203842093N12213349WA010170107287
B2105213842090N12213344WA010160107299
B2105223842087N12213341WA010160107140
B2105233842083N12213338WA010160107120
B2105243842078N12213336WA010150107190
B2105253842075N12213334WA010160107105
B2105263842071N12213333WA010160107314
B2105273842067N12213332WA010170107447
B2105283842063N12213332WA010180107478
B2105293842059N12213333WA010190107468
B2105303842055N12213335WA010190107487
B2105313842052N12213338WA010200107456
B2105323842049N12213342WA010210107574
B2105333842047N12213346WA010210107579
B2105343842046N12213351WA010210107599
B2105353842047N12213357WA010210107413
B2105363842048N12213363WA010210107484
B2105373842052N12213368WA010200107316
B2105383842056N12213372WA010200107429
B2105393842060N12213375WA010200107467
B2105403842065N12213377WA010200107337
B2105413842070N12213378WA010200107328
B2105423842074N12213378WA010200107385
B2105433842079N12213376WA010200107211
B2105443842083N12213371WA010190107039
B2105453842086N12213365WA010180107069
B2105463842089N12213359WA010170107044
B2105473842091N12213353WA010170106954
B2105483842093N12213347WA010170106956
B2105493842094N12213342WA010160106891
B2105503842095N12213335WA010160106876
B2105513842095N12213328WA010160106836
B2105523842092N12213322WA010150106896
B2105533842088N12213319WA010150106850
B2105543842084N12213318WA010150106811
B2105553842079N12213319WA010150106877
B2105563842076N12213324WA010150106842
B2105573842075N12213329WA010150106913
B2105583842074N12213334WA010160106963
B2105593842075N12213339WA010160107001
B2106003842076N12213343WA010160106947
B2106013842078N12213348WA010160106871
B2106023842082N12213352WA010150106617
B2106033842086N12213356WA010140106683
B2106043842092N12213358WA010140106661
B2106053842098N12213358WA010130106610
B2106063842103N12213356WA010130106656
B2106073842108N12213354WA010130106631
B2106083842112N12213350WA010130106657
B2106093842116N12213346WA010120106544
B2106103842120N12213341WA010110106420
B2106113842122N12213334WA010110106482
B2106123842124N12213326WA010100106306
B2106133842123N12213319WA010090106374
B2106143842122N12213312WA010080106347
B2106153842120N12213306WA010090106358
B2106163842118N12213301WA010090106409
B2106173842115N12213297WA010090106334
B2106183842112N12213293WA010090106317
B2106193842108N12213291WA010090106200
B2106203842103N12213290WA010080106251
B2106213842098N12213290WA010080106253
B2106223842094N12213291WA010080106320
B2106233842090N12213291WA010080106346
B2106243842086N12213291WA010080106263
B2106253842082N12213291WA010080106265
B2106263842078N12213291WA010080106019
B2106273842073N12213292WA010070105952
B2106283842068N12213292WA010060105972
B2106293842064N12213291WA010060105909
B2106303842059N12213291WA010050105964
B2106313842055N12213290WA010050105837
B2106323842050N12213290WA010040105752
B2106333842045N12213290WA010030105641
B2106343842040N12213289WA010020105539
B2106353842035N12213288WA010020105548
B2106363842030N12213286WA010010105484
B2106373842026N12213283WA010000105325
B2106383842021N12213280WA009990105248
B2106393842017N12213278WA009980105102
B2106403842013N12213276WA009970104910
B2106413842008N12213273WA009960104699
B2106423842003N12213272WA009940104295
B2106433841998N12213273WA009910103921
B2106443841992N12213273WA009880103847
B2106453841987N12213274WA009860103885
B2106463841984N12213274WA009850103870
B2106473841981N12213272WA009860103854
B2106483841978N12213270WA009860103808
B2106493841974N12213269WA009860103729
B2106503841970N12213269WA009850103864
B2106513841967N12213269WA009850103940
B2106523841964N12213267WA009860104036
B2106533841961N12213265WA009860104027
B2106543841958N12213264WA009860103931
B2106553841955N12213263WA009860104002
B2106563841951N12213262WA009870104159
B2106573841948N12213262WA009880104224
B2106583841945N12213261WA009890104317
B2106593841942N12213262WA009900104513
B2107003841940N12213265WA009920104620
B2107013841940N12213269WA009930104611
B2107023841942N12213274WA009940104601
B2107033841945N12213278WA009940104646
B2107043841950N12213281WA009940104756
B2107053841956N12213283WA009940104672
B2107063841962N12213283WA009930104573
B2107073841969N12213280WA009920104319
B2107083841976N12213276WA009900104003
B2107093841981N12213268WA009880103728
B2107103841982N12213258WA009850103507
B2107113841979N12213249WA009820103561
B2107123841977N12213242WA009810103851
B2107133841977N12213236WA009830104234
B2107143841977N12213230WA009840104469
B2107153841977N12213225WA009860104337
B2107163841975N12213220WA009870104229
B2107173841971N12213217WA009860104042
B2107183841966N12213215WA009850104070
B2107193841961N12213213WA009850104052
B2107203841957N12213210WA009860104237
B2107213841953N12213207WA009870104568
B2107223841949N12213205WA009890104792
B2107233841945N12213203WA009920104991
B2107243841941N12213201WA009940105164
B2107253841937N12213200WA009970105341
B2107263841933N12213200WA009990105552
B2107273841930N12213202WA010020105624
B2107283841927N12213206WA010040105723
B2107293841924N12213211WA010060105986
B2107303841923N12213217WA010080106195
B2107313841925N12213223WA010100106543
B2107323841928N12213227WA010120106799
B2107333841933N12213231WA010150107084
B2107343841940N12213232WA010170107309
B2107353841946N12213232WA010200107842
B2107363841952N12213228WA010230108299
B2107373841958N12213223WA010250108541
B2107383841961N12213214WA010270108777
B2107393841962N12213206WA010290108852
B2107403841961N12213198WA010310108954
B2107413841958N12213192WA010330109053
B2107423841954N12213188WA010340109274
B2107433841950N12213186WA010360109330
B2107443841946N12213187WA010370109302
B2107453841942N12213190WA010370109322
B2107463841939N12213195WA010380109473
B2107473841939N12213201WA010380109649
B2107483841940N12213207WA010390109903
B2107493841938N12213211WA010420110168
B2107503841935N12213214WA010440110387
B2107513841932N12213216WA010470110596
B2107523841931N12213219WA010490110845
B2107533841930N12213223WA010520110983
B2107543841930N12213226WA010540111065
B2107553841930N12213229WA010560110900
B2107563841928N12213232WA010560110840
B2107573841925N12213234WA010550110778
B2107583841922N12213236WA010540110727
B2107593841918N12213238WA010530110830
B2108003841914N12213237WA010530110888
B2108013841911N12213236WA010540110855
B2108023841908N12213234WA010540110717
B2108033841904N12213232WA010540110629
B2108043841899N12213230WA010520110568
B2108053841894N12213228WA010510110329
B2108063841888N12213227WA010500110120
B2108073841881N12213224WA010480109989
B2108083841874N12213222WA010460109890
B2108093841868N12213218WA010450109815
B2108103841861N12213215WA010440109883
B2108113841855N12213212WA010450109895
B2108123841850N12213210WA010450109731
B2108133841844N12213208WA010440109761
B2108143841838N12213206WA010440109888
B2108153841832N12213206WA010450109991
B2108163841827N12213205WA010450110246
B2108173841822N12213205WA010470110683
B2108183841819N12213205WA010500110937
B2108193841816N12213206WA010520111104
B2108203841813N12213208WA010550111310
B2108213841811N12213211WA010580111461
B2108223841811N12213216WA010600111411
B2108233841813N12213221WA010610111516
B2108243841817N12213224WA010610111774
B2108253841823N12213224WA010630112088
B2108263841828N12213222WA010640112298
B2108273841833N12213217WA010660112366
B2108283841837N12213211WA010670112369
B2108293841840N12213205WA010690112370
B2108303841842N12213196WA010700112337
B2108313841840N12213188WA010700112472
B2108323841836N12213180WA010700112565
B2108333841831N12213175WA010700112963
B2108343841826N12213172WA010720113362
B2108353841822N12213171WA010750113682
B2108363841819N12213172WA010790113893
B2108373841817N12213175WA010820113934
B2108383841815N12213180WA010850114094
B2108393841816N12213186WA010870114270
B2108403841820N12213190WA010900114500
B2108413841825N12213192WA010920114801
B2108423841830N12213191WA010940115039
B2108433841835N12213188WA010960115299
B2108443841840N12213184WA010970115291
B2108453841845N12213177WA010970115267
B2108463841849N12213169WA010970115199
B2108473841852N12213160WA010970115246
B2108483841852N12213151WA010970115361
B2108493841849N12213141WA010980115597
B2108503841845N12213134WA010990115997
B2108513841842N12213129WA011020116424
B2108523841838N12213125WA011060116772
B2108533841835N12213121WA011090116922
B2108543841830N12213117WA011120117068
B2108553841825N12213116WA011150117282
B2108563841821N12213117WA011180117441
B2108573841818N12213119WA011200117617
B2108583841816N12213124WA011230117991
B2108593841818N12213128WA011250118163
B2109003841821N12213132WA011270118281
B2109013841826N12213134WA011280118496
B2109023841832N12213134WA011290118662
B2109033841838N12213131WA011300118898
B2109043841844N12213126WA011320119061
B2109053841849N12213118WA011330119130
B2109063841851N12213107WA011350119388
B2109073841851N12213098WA011360119682
B2109083841849N12213090WA011390119954
B2109093841845N12213084WA011410120178
B2109103841841N12213081WA011440120208
B2109113841836N12213081WA011460120389
B2109123841833N12213084WA011470120361
B2109133841832N12213088WA011470120415
B2109143841834N12213094WA011480120710
B2109153841837N12213097WA011490121168
B2109163841842N12213099WA011520121534
B2109173841847N12213098WA011540121877
B2109183841853N12213096WA011570122033
B2109193841859N12213092WA011600122132
B2109203841864N12213085WA011620122187
B2109213841868N12213076WA011630122253
B2109223841870N12213066WA011630122302
B2109233841868N12213057WA011640122470
B2109243841865N12213049WA011650122659
B2109253841861N12213043WA011660122818
B2109263841855N12213040WA011680122873
B2109273841850N12213040WA011690123017
B2109283841845N12213043WA011710123263
B2109293841842N12213046WA011730123655
B2109303841840N12213049WA011760123822
B2109313841838N12213051WA011780124048
B2109323841837N12213055WA011800124220
B2109333841836N12213059WA011830124385
B2109343841837N12213064WA011850124584
B2109353841840N12213068WA011870124695
B2109363841847N12213070WA011890124601
B2109373841854N12213068WA011880124774
B2109383841861N12213062WA011880124983
B2109393841866N12213053WA011880125088
B2109403841869N12213043WA011890125145
B2109413841870N12213033WA011900125244
B2109423841870N12213023WA011920125366
B2109433841869N12213014WA011930125332
B2109443841866N12213006WA011940125324
B2109453841861N12213001WA011950125435
B2109463841856N12212999WA011960125572
B2109473841852N12213000WA011970125562
B2109483841850N12213003WA011970125517
B2109493841849N12213008WA011970125748
B2109503841851N12213013WA011980126105
B2109513841854N12213015WA012000126536
B2109523841858N12213015WA012030126975
B2109533841862N12213013WA012070127197
B2109543841867N12213010WA012100127244
B2109553841872N12213005WA012120127356
B2109563841878N12212998WA012130127135
B2109573841883N12212989WA012120126946
B2109583841885N12212978WA012110127191
B2109593841884N12212967WA012120127555
B2110003841880N12212960WA012140127633
B2110013841876N12212955WA012160127716
B2110023841871N12212952WA012170127711
B2110033841865N12212950WA012180127788
B2110043841859N12212952WA012170127680
B2110053841855N12212956WA012160127646
B2110063841852N12212962WA012160127719
B2110073841848N12212967WA012170128026
B2110083841843N12212970WA012180128296
B2110093841839N12212973WA012200128495
B2110103841836N12212976WA012220128677
B2110113841834N12212980WA012250128969
B2110123841835N12212985WA012280129115
B2110133841837N12212989WA012310129275
B2110143841841N12212992WA012330129395
B2110153841848N12212992WA012340129312
B2110163841855N12212987WA012340129409
B2110173841860N12212980WA012340129630
B2110183841862N12212970WA012350129990
B2110193841862N12212960WA012370130498
B2110203841859N12212953WA012400130866
B2110213841855N12212948WA012430131016
B2110223841849N12212946WA012460131273
B2110233841844N12212946WA012490131345
B2110243841839N12212949WA012520131580
B2110253841836N12212953WA012540131751
B2110263841835N12212958WA012570131824
B2110273841835N12212963WA012590132091
B2110283841838N12212967WA012600132156
B2110293841842N12212970WA012600132185
B2110303841848N12212971WA012600132045
B2110313841854N12212970WA012590132090
B2110323841861N12212966WA012590132095
B2110333841867N12212960WA012590132299
B2110343841872N12212952WA012590132549
B2110353841875N12212943WA012610132818
B2110363841875N12212935WA012630133172
B2110373841875N12212928WA012670133522
B2110383841873N12212922WA012700133757
B2110393841870N12212918WA012730133752
B2110403841865N12212915WA012750133797
B2110413841860N12212915WA012750133701
B2110423841855N12212918WA012750133830
B2110433841851N12212923WA012750133977
B2110443841850N12212929WA012760134312
B2110453841851N12212934WA012780134700
B2110463841853N12212936WA012810135087
B2110473841858N12212937WA012840135036
B2110483841863N12212936WA012860134975
B2110493841870N12212932WA012870135003
B2110503841875N12212925WA012880135279
B2110513841879N12212917WA012890135579
B2110523841882N12212909WA012910135915
B2110533841882N12212901WA012930136152
B2110543841882N12212893WA012960136225
B2110553841880N12212886WA012980136266
B2110563841876N12212881WA012990136177
B2110573841870N12212880WA012980135963
B2110583841864N12212882WA012970135850
B2110593841860N12212886WA012960136003
B2111003841858N12212891WA012960136224
B2111013841857N12212896WA012970136591
B2111023841857N12212900WA012990136740
B2111033841857N12212903WA013020136917
B2111043841857N12212907WA013040137042
B2111053841859N12212910WA013060137059
B2111063841862N12212914WA013070137083
B2111073841866N12212916WA013070137099
B2111083841871N12212918WA013070137065
B2111093841876N12212918WA013080137145
B2111103841881N12212916WA013080137045
B2111113841886N12212912WA013070137084
B2111123841892N12212906WA013070137057
B2111133841897N12212898WA013070137139
B2111143841900N12212890WA013070137430
B2111153841900N12212881WA013080137490
B2111163841898N12212872WA013090137478
B2111173841894N12212866WA013090137475
B2111183841889N12212862WA013100137471
B2111193841884N12212861WA013100137373
B2111203841879N12212863WA013100137371
B2111213841875N12212866WA013100137596
B2111223841874N12212871WA013110137725
B2111233841874N12212876WA013120137843
B2111243841876N12212880WA013140137997
B2111253841880N12212883WA013150138074
B2111263841885N12212884WA013170138134
B2111273841890N12212883WA013180138267
B2111283841896N12212881WA013190138262
B2111293841902N12212876WA013180138266
B2111303841908N12212870WA013180138349
B2111313841913N12212864WA013190138476
B2111323841918N12212858WA013190138546
B2111333841923N12212852WA013200138608
B2111343841927N12212847WA013210138730
B2111353841931N12212840WA013220138748
B2111363841934N12212834WA013220138813
B2111373841935N12212827WA013230138815
B2111383841934N12212820WA013240138770
B2111393841932N12212812WA013230138674
B2111403841930N12212805WA013230138620
B2111413841927N12212798WA013230138614
B2111423841924N12212793WA013230138722
B2111433841920N12212789WA013230138764
B2111443841916N12212786WA013230138548
B2111453841911N12212785WA013220138313
B2111463841905N12212784WA013210138169
B2111473841900N12212787WA013190138031
B2111483841896N12212791WA013180137932
B2111493841893N12212796WA013170138016
B2111503841891N12212802WA013160138013
B2111513841889N12212808WA013160138082
B2111523841888N12212814WA013160138063
B2111533841887N12212820WA013160138168
B2111543841887N12212827WA013160138210
B2111553841886N12212832WA013170138496
B2111563841886N12212837WA013180138724
B2111573841884N12212841WA013200138964
B2111583841882N12212844WA013220139087
B2111593841881N12212848WA013240139090
B2112003841882N12212851WA013250138975
B2112013841885N12212855WA013250138794
B2112023841891N12212858WA013240138425
B2112033841897N12212859WA013220138372
B2112043841904N12212857WA013200138360
B2112053841910N12212851WA013190138488
B2112063841915N12212845WA013190138575
B2112073841919N12212837WA013190138606
B2112083841920N12212829WA013200138693
B2112093841921N12212821WA013210138697
B2112103841921N12212814WA013220138676
B2112113841919N12212807WA013220138599
B2112123841916N12212801WA013210138383
B2112133841912N12212794WA013200138080
B2112143841908N12212787WA013180137912
B2112153841902N12212783WA013170137840
B2112163841896N12212782WA013150137713
B2112173841890N12212783WA013140137704
B2112183841884N12212786WA013130137855
B2112193841880N12212790WA013130137920
B2112203841877N12212794WA013140137962
B2112213841876N12212800WA013140137973
B2112223841878N12212806WA013140137816
B2112233841881N12212811WA013140137854
B2112243841886N12212814WA013140137854
B2112253841891N12212815WA013140137994
B2112263841897N12212814WA013140137935
B2112273841902N12212811WA013150137959
B2112283841907N12212808WA013150137972
B2112293841912N12212802WA013150137896
B2112303841916N12212795WA013150137812
B2112313841916N12212786WA013140137925
B2112323841913N12212779WA013140137975
B2112333841909N12212773WA013140137895
B2112343841905N12212769WA013140137840
B2112353841900N12212766WA013130137701
B2112363841893N12212765WA013130137574
B2112373841887N12212766WA013120137473
B2112383841882N12212768WA013110137347
B2112393841878N12212772WA013100137316
B2112403841875N12212777WA013090137221
B2112413841873N12212783WA013080137151
B2112423841872N12212789WA013080137171
B2112433841871N12212795WA013080137192
B2112443841871N12212801WA013080137243
B2112453841871N12212807WA013080137324
B2112463841871N12212813WA013090137438
B2112473841872N12212819WA013090137523
B2112483841874N12212823WA013100137652
B2112493841877N12212825WA013100137677
B2112503841882N12212827WA013110137504
B2112513841887N12212827WA013110137457
B2112523841893N12212825WA013100137130
B2112533841898N12212819WA013080136932
B2112543841902N12212811WA013070136821
B2112553841904N12212803WA013050136889
B2112563841906N12212797WA013040136851
B2112573841906N12212789WA013030136663
B2112583841905N12212782WA013020136503
B2112593841900N12212776WA013000136363
B2113003841894N12212772WA012990136236
B2113013841888N12212771WA012980136232
B2113023841882N12212771WA012980136287
B2113033841878N12212774WA012980136114
B2113043841874N12212778WA012980136186
B2113053841872N12212784WA012970136174
B2113063841873N12212790WA012970136110
B2113073841875N12212794WA012970136033
B2113083841878N12212797WA012970135976
B2113093841882N12212800WA012960135893
B2113103841887N12212802WA012960135895
B2113113841893N12212803WA012950135934
B2113123841898N12212803WA012960136095
B2113133841904N12212803WA012960136123
B2113143841909N12212803WA012970136113
B2113153841914N12212803WA012980136211
B2113163841919N12212801WA012990136235
B2113173841924N12212798WA013000136355
B2113183841929N12212793WA013000136309
B2113193841932N12212787WA012990136263
B2113203841935N12212780WA012990136261
B2113213841937N12212773WA012990136322
B2113223841938N12212767WA012990136201
B2113233841938N12212761WA012980136101
B2113243841936N12212754WA012980135998
B2113253841934N12212749WA012960135830
B2113263841930N12212744WA012950135617
B2113273841924N12212741WA012920135388
B2113283841918N12212741WA012900135192
B2113293841913N12212743WA012870135004
B2113303841908N12212747WA012850135014
B2113313841904N12212752WA012840135141
B2113323841902N12212757WA012850135111
B2113333841901N12212762WA012850135014
B2113343841901N12212768WA012850134851
B2113353841903N12212773WA012830134559
B2113363841906N12212779WA012820134392
B2113373841910N12212784WA012800134261
B2113383841914N12212789WA012780134201
B2113393841918N12212793WA012770134210
B2113403841922N12212796WA012760134150
B2113413841926N12212798WA012770134084
B2113423841931N12212800WA012760133958
B2113433841936N12212804WA012750133870
B2113443841942N12212807WA012740133767
B2113453841948N12212811WA012740133841
B2113463841953N12212814WA012740133971
B2113473841958N12212816WA012740134079
B2113483841963N12212819WA012750134056
B2113493841968N12212822WA012750134031
B2113503841973N12212824WA012750133950
B2113513841979N12212825WA012740133719
B2113523841984N12212827WA012730133592
B2113533841990N12212828WA012710133258
B2113543841996N12212830WA012690132925
B2113553842002N12212832WA012660132662
B2113563842009N12212833WA012630132373
B2113573842016N12212834WA012610132155
B2113583842023N12212835WA012580132019
B2113593842029N12212837WA012560132047
B2114003842035N12212839WA012550131934
B2114013842040N12212841WA012550131752
B2114023842045N12212842WA012550131847
B2114033842050N12212845WA012540131746
B2114043842054N12212849WA012540131653
B2114053842058N12212853WA012530131552
B2114063842061N12212857WA012520131496
B2114073842064N12212862WA012510131363
B2114083842066N12212866WA012500131235
B2114093842066N12212869WA012490131109
B2114103842063N12212872WA012470130874
B2114113842059N12212873WA012450130479
B2114123842053N12212873WA012420130186
B2114133842048N12212871WA012390129909
B2114143842042N12212869WA012360129841
B2114153842037N12212866WA012340129743
B2114163842033N12212863WA012330129501
B2114173842029N12212859WA012320129306
B2114183842024N12212856WA012310128810
B2114193842018N12212852WA012280128416
B2114203842011N12212849WA012250128011
B2114213842004N12212844WA012210127824
B2114223841998N12212839WA012180127834
B2114233841993N12212834WA012160127705
B2114243841987N12212829WA012150127699
B2114253841982N12212825WA012140127373
B2114263841977N12212820WA012130127026
B2114273841971N12212816WA012110126720
B2114283841964N12212811WA012090126585
B2114293841958N12212806WA012060126287
B2114303841952N12212801WA012040126085
B2114313841946N12212796WA012010125893
B2114323841941N12212791WA011980125716
B2114333841935N12212787WA011960125664
B2114343841930N12212783WA011940125436
B2114353841925N12212779WA011930125208
B2114363841919N12212776WA011920124920
B2114373841913N12212772WA011900124606
B2114383841906N12212770WA011870124310
B2114393841899N12212768WA011850124023
B2114403841892N12212766WA011820123848
B2114413841885N12212764WA011790123679
B2114423841879N12212763WA011760123320
B2114433841872N12212761WA011720122970
B2114443841865N12212758WA011690122567
B2114453841858N12212756WA011650122001
B2114463841850N12212752WA011610121718
B2114473841842N12212749WA011570121416
B2114483841834N12212746WA011530121262
B2114493841827N12212742WA011510121158
B2114503841820N12212739WA011500120957
B2114513841813N12212736WA011480120655
B2114523841806N12212732WA011470120358
B2114533841799N12212728WA011440120053
B2114543841792N12212723WA011420119714
B2114553841784N12212718WA011390119557
B2114563841777N12212714WA011370119324
B2114573841770N12212710WA011340119125
B2114583841763N12212706WA011330119058
B2114593841756N12212703WA011310118891
B2115003841750N12212699WA011290118524
B2115013841743N12212695WA011270118237
B2115023841736N12212691WA011250117909
B2115033841728N12212688WA011220117770
B2115043841721N12212683WA011200117648
B2115053841714N12212679WA011180117436
B2115063841707N12212675WA011150117223
B2115073841700N12212670WA011130116918
B2115083841692N12212666WA011110116791
B2115093841685N12212661WA011090116486
B2115103841678N12212657WA011070116244
B2115113841671N12212653WA011040115939
B2115123841664N12212650WA011020115718
B2115133841656N12212647WA010990115398
B2115143841649N12212644WA010960115055
B2115153841641N12212640WA010930114678
B2115163841633N12212636WA010900114487
B2115173841626N12212632WA010870114233
B2115183841619N12212627WA010840114027
B2115193841612N12212623WA010830113835
B2115203841605N12212619WA010810113664
B2115213841598N12212615WA010800113378
B2115223841591N12212612WA010770113084
B2115233841584N12212608WA010750112678
B2115243841577N12212605WA010720112451
B2115253841570N12212601WA010690112125
B2115263841563N12212598WA010660111802
B2115273841555N12212594WA010630111686
B2115283841548N12212590WA010600111478
B2115293841541N12212587WA010580111260
B2115303841534N12212583WA010560111035
B2115313841527N12212579WA010540110839
B2115323841520N12212576WA010520110615
B2115333841512N12212574WA010500110360
B2115343841504N12212571WA010470110188
B2115353841496N12212569WA010450109891
B2115363841488N12212565WA010430109773
B2115373841480N12212560WA010410109786
B2115383841473N12212556WA010410109975
B2115393841468N12212553WA010420110102
B2115403841462N12212550WA010440110094
B2115413841457N12212549WA010440109870
B2115423841451N12212547WA010430109596
B2115433841445N12212546WA010420109330
B2115443841438N12212543WA010400109129
B2115453841431N12212541WA010380109119
B2115463841424N12212540WA010370109082
B2115473841418N12212538WA010360108791
B2115483841412N12212536WA010340108594
B2115493841407N12212534WA010320108203
B2115503841400N12212532WA010290107700
B2115513841392N12212529WA010250107314
B2115523841384N12212526WA010210106910
B2115533841375N12212523WA010160106692
B2115543841368N12212521WA010110106424
B2115553841361N12212520WA010070106130
B2115563841354N12212518WA010040105860
B2115573841348N12212515WA010010105413
B2115583841341N12212512WA009980105165
B2115593841334N12212510WA009950104780
B2116003841327N12212507WA009920104368
B2116013841320N12212505WA009890103967
B2116023841313N12212503WA009860103632
B2116033841306N12212500WA009820103447
B2116043841299N12212498WA009790103142
B2116053841292N12212495WA009760102859
B2116063841285N12212494WA009730102540
B2116073841278N12212492WA009710102210
B2116083841270N12212489WA009670101937
B2116093841262N12212487WA009640101633
B2116103841254N12212485WA009620101455
B2116113841247N12212484WA009610101313
B2116123841239N12212483WA009610101275
B2116133841232N12212482WA009600101054
B2116143841224N12212481WA009590100891
B2116153841217N12212479WA009570100535
B2116163841209N12212477WA009550100366
B2116173841202N12212475WA009530100118
B2116183841194N12212474WA009510099943
B2116193841186N12212473WA009480099691
B2116203841179N12212471WA009450099408
B2116213841171N12212470WA009430099327
B2116223841163N12212469WA009410099257
B2116233841156N12212468WA009390099037
B2116243841148N12212467WA009360098795
B2116253841141N12212466WA009340098332
B2116263841133N12212465WA009310098040
B2116273841125N12212463WA009280097826
B2116283841116N12212461WA009250097696
B2116293841109N12212459WA009230097507
B2116303841101N12212458WA009230097434
B2116313841093N12212457WA009220097398
B2116323841086N12212456WA009220097258
B2116333841079N12212454WA009210097149
B2116343841072N12212452WA009200097175
B2116353841066N12212450WA009200097061
B2116363841060N12212448WA009190096970
B2116373841054N12212446WA009180096772
B2116383841048N12212444WA009170096544
B2116393841041N12212442WA009150096265
B2116403841035N12212440WA009130096005
B2116413841028N12212438WA009110095736
B2116423841021N12212437WA009080095472
B2116433841014N12212436WA009050095284
B2116443841007N12212435WA009030095094
B2116453841001N12212433WA009010095116
B2116463840995N12212430WA009000095357
B2116473840991N12212428WA009020095400
B2116483840987N12212425WA009030095528
B2116493840983N12212423WA009040095478
B2116503840980N12212422WA009050095300
B2116513840975N12212420WA009040095260
B2116523840970N12212417WA009030095297
B2116533840965N12212415WA009030095390
B2116543840961N12212412WA009030095480
B2116553840958N12212409WA009040095530
B2116563840954N12212406WA009050095542
B2116573840949N12212403WA009060095678
B2116583840944N12212401WA009070095863
B2116593840940N12212398WA009080096028
B2117003840936N12212396WA009100096338
B2117013840932N12212394WA009130096599
B2117023840929N12212392WA009150096628
B2117033840924N12212390WA009160096788
B2117043840919N12212388WA009180096885
B2117053840914N12212386WA009200097178
B2117063840910N12212385WA009220097333
B2117073840906N12212383WA009240097545
B2117083840902N12212381WA009270097799
B2117093840899N12212380WA009290097802
B2117103840894N12212378WA009310097953
B2117113840889N12212375WA009320098074
B2117123840885N12212371WA009320098237
B2117133840881N12212368WA009330098216
B2117143840877N12212365WA009340098319
B2117153840873N12212363WA009340098304
B2117163840869N12212361WA009340098210
B2117173840864N12212358WA009330098287
B2117183840860N12212355WA009330098178
B2117193840856N12212352WA009320098045
B2117203840852N12212349WA009310097810
B2117213840847N12212345WA009290097683
B2117223840843N12212341WA009270097445
B2117233840838N12212337WA009250097159
B2117243840832N12212334WA009220096995
B2117253840827N12212330WA009200096949
B2117263840822N12212326WA009190096946
B2117273840818N12212321WA009190097016
B2117283840813N12212316WA009200097198
B2117293840809N12212312WA009200097164
B2117303840805N12212308WA009210097134
B2117313840801N12212304WA009220097126
B2117323840797N12212300WA009220097133
B2117333840793N12212296WA009220097051
B2117343840789N12212292WA009210097032
B2117353840785N12212288WA009210096916
B2117363840780N12212285WA009200096837
B2117373840775N12212282WA009200096906
B2117383840769N12212278WA009200097097
B2117393840765N12212274WA009210097337
B2117403840761N12212271WA009220097402
B2117413840756N12212268WA009240097651
B2117423840752N12212264WA009250097706
B2117433840747N12212260WA009270097868
B2117443840743N12212257WA009290098122
B2117453840739N12212253WA009320098428
B2117463840735N12212250WA009340098782
B2117473840732N12212246WA009370098986
B2117483840729N12212243WA009410099252
B2117493840725N12212239WA009430099396
B2117503840721N12212236WA009460099594
B2117513840717N12212233WA009470099683
B2117523840713N12212229WA009480099778
B2117533840709N12212225WA009490099899
B2117543840706N12212221WA009490099934
B2117553840702N12212217WA009500100143
B2117563840698N12212212WA009510100338
B2117573840694N12212207WA009530100644
B2117583840690N12212202WA009550100954
B2117593840686N12212197WA009580101247
B2118003840682N12212193WA009610101581
B2118013840679N12212189WA009640101712
B2118023840674N12212187WA009680102098
B2118033840671N12212189WA009700102141
B2118043840668N12212193WA009720102261
B2118053840666N12212199WA009730102383
B2118063840667N12212206WA009740102581
B2118073840670N12212212WA009760102884
B2118083840674N12212217WA009780103311
B2118093840677N12212220WA009810103755
B2118103840681N12212222WA009850103913
B2118113840686N12212222WA009870104018
B2118123840692N12212220WA009890104069
B2118133840699N12212216WA009900104243
B2118143840705N12212210WA009900104440
B2118153840709N12212202WA009910104867
B2118163840712N12212196WA009930105131
B2118173840713N12212189WA009950105303
B2118183840712N12212182WA009970105386
B2118193840710N12212175WA010000105499
B2118203840706N12212171WA010010105377
B2118213840701N12212171WA010010105431
B2118223840697N12212174WA010010105613
B2118233840694N12212179WA010030106167
B2118243840694N12212184WA010060106659
B2118253840696N12212188WA010090106956
B2118263840699N12212192WA010120107160
B2118273840703N12212195WA010150107074
B2118283840709N12212198WA010170107003
B2118293840715N12212199WA010180107167
B2118303840722N12212198WA010180107284
B2118313840729N12212194WA010180107317
B2118323840734N12212187WA010190107478
B2118333840737N12212179WA010190107590
B2118343840738N12212170WA010200107761
B2118353840737N12212163WA010220107910
B2118363840733N12212159WA010230108063
B2118373840729N12212158WA010250108164
B2118383840726N12212159WA010270108214
B2118393840722N12212160WA010280108377
B2118403840719N12212160WA010300108507
B2118413840715N12212160WA010320108713
B2118423840711N12212160WA010340108847
B2118433840708N12212162WA010360108988
B2118443840707N12212166WA010370109029
B2118453840706N12212173WA010380109172
B2118463840707N12212180WA010380109463
B2118473840710N12212186WA010400109855
B2118483840715N12212191WA010420110375
B2118493840721N12212193WA010450110681
B2118503840728N12212191WA010480110843
B2118513840734N12212188WA010510111024
B2118523840738N12212184WA010550111274
B2118533840742N12212179WA010580111411
B2118543840744N12212172WA010600111406
B2118553840743N12212165WA010600111375
B2118563840741N12212159WA010590111302
B2118573840736N12212155WA010580111381
B2118583840732N12212154WA010580111557
B2118593840729N12212156WA010590111606
B2119003840727N12212161WA010600111802
B2119013840725N12212166WA010620112185
B2119023840725N12212172WA010640112360
B2119033840726N12212177WA010670112632
B2119043840727N12212182WA010690112852
B2119053840729N12212187WA010710112893
B2119063840733N12212192WA010730112933
B2119073840738N12212196WA010750113013
B2119083840743N12212198WA010760113267
B2119093840749N12212199WA010780113453
B2119103840754N12212198WA010800113682
B2119113840760N12212196WA010810113622
B2119123840764N12212193WA010810113681
B2119133840769N12212187WA010810113635
B2119143840772N12212180WA010810113642
B2119153840772N12212172WA010810113694
B2119163840771N12212165WA010810113878
B2119173840769N12212161WA010820113975
B2119183840767N12212159WA010830113916
B2119193840764N12212158WA010830113905
B2119203840760N12212158WA010840113923
B2119213840756N12212158WA010840113918
B2119223840751N12212160WA010840113987
B2119233840747N12212163WA010840114096
B2119243840744N12212167WA010850114281
B2119253840742N12212171WA010870114466
B2119263840741N12212176WA010880114638
B2119273840741N12212182WA010900114723
B2119283840742N12212187WA010910114829
B2119293840745N12212192WA010930114909
B2119303840749N12212197WA010940115000
B2119313840754N12212198WA010960115175
B2119323840760N12212196WA010960115279
B2119333840766N12212193WA010970115332
B2119343840770N12212187WA010970115424
B2119353840772N12212181WA010980115651
B2119363840772N12212174WA010990115797
B2119373840771N12212168WA011000115875
B2119383840769N12212163WA011010115811
B2119393840765N12212158WA011010115876
B2119403840761N12212156WA011020115822
B2119413840756N12212156WA011010115731
B2119423840751N12212157WA011010115626
B2119433840746N12212161WA011010115742
B2119443840742N12212164WA011010115948
B2119453840740N12212168WA011020116227
B2119463840739N12212172WA011050116427
B2119473840739N12212177WA011070116551
B2119483840741N12212182WA011080116430
B2119493840743N12212187WA011090116487
B2119503840747N12212192WA011090116468
B2119513840752N12212196WA011090116463
B2119523840758N12212197WA011080116443
B2119533840764N12212196WA011080116361
B2119543840770N12212192WA011070116376
B2119553840776N12212186WA011070116357
B2119563840782N12212179WA011070116418
B2119573840786N12212172WA011070116606
B2119583840788N12212166WA011080116720
B2119593840788N12212159WA011090116785
B2120003840787N12212152WA011100116679
B2120013840784N12212146WA011100116498
B2120023840780N12212141WA011090116443
B2120033840775N12212136WA011080116481
B2120043840772N12212130WA011080116515
B2120053840769N12212125WA011090116621
B2120063840765N12212120WA011100116697
B2120073840762N12212117WA011100116702
B2120083840757N12212113WA011110116607
B2120093840751N12212108WA011110116676
B2120103840746N12212101WA011110116818
B2120113840740N12212094WA011130117275
B2120123840736N12212088WA011150117720
B2120133840733N12212082WA011190118266
B2120143840731N12212077WA011230118673
B2120153840729N12212071WA011270118868
B2120163840725N12212066WA011320119178
B2120173840721N12212063WA011360119311
B2120183840715N12212063WA011390119474
B2120193840711N12212068WA011420119583
B2120203840711N12212075WA011440119724
B2120213840715N12212079WA011450119957
B2120223840722N12212080WA011460120306
B2120233840727N12212077WA011480120878
B2120243840732N12212072WA011500121255
B2120253840735N12212064WA011520121306
B2120263840735N12212055WA011550121346
B2120273840734N12212045WA011560121407
B2120283840730N12212037WA011580121576
B2120293840724N12212032WA011610121772
B2120303840718N12212030WA011640122066
B2120313840713N12212031WA011680122418
B2120323840708N12212034WA011710122965
B2120333840705N12212037WA011750123464
B2120343840704N12212041WA011790123662
B2120353840705N12212045WA011810123763
B2120363840708N12212048WA011810123758
B2120373840712N12212051WA011800123820
B2120383840717N12212051WA011800123901
B2120393840721N12212049WA011800124098
B2120403840727N12212047WA011810124125
B2120413840732N12212044WA011820124473
B2120423840738N12212039WA011840124707
B2120433840741N12212033WA011860124990
B2120443840743N12212024WA011890125134
B2120453840742N12212015WA011910125336
B2120463840739N12212007WA011930125431
B2120473840735N12212000WA011950125714
B2120483840729N12211996WA011980126083
B2120493840723N12211994WA012000126278
B2120503840718N12211996WA012030126463
B2120513840714N12211999WA012060126746
B2120523840712N12212004WA012080126941
B2120533840712N12212008WA012110127035
B2120543840714N12212012WA012120127209
B2120553840717N12212015WA012130127382
B2120563840722N12212015WA012140127391
B2120573840728N12212013WA012140127440
B2120583840733N12212008WA012150127569
B2120593840738N12212003WA012160127664
B2121003840743N12211996WA012170127908
B2121013840745N12211989WA012190128288
B2121023840747N12211982WA012210128429
B2121033840747N12211975WA012230128510
B2121043840745N12211966WA012250128649
B2121053840742N12211959WA012270128833
B2121063840738N12211952WA012290129156
B2121073840734N12211947WA012320129466
B2121083840729N12211945WA012340129548
B2121093840724N12211946WA012360129620
B2121103840719N12211947WA012370129647
B2121113840716N12211951WA012370129689
B2121123840715N12211956WA012370129799
B2121133840717N12211962WA012370129802
B2121143840719N12211966WA012390130097
B2121153840723N12211968WA012400130287
B2121163840728N12211968WA012420130363
B2121173840733N12211966WA012430130389
B2121183840739N12211965WA012450130424
B2121193840744N12211964WA012460130659
B2121203840749N12211965WA012470130760
B2121213840755N12211964WA012480130805
B2121223840760N12211962WA012500131050
B2121233840766N12211956WA012510131007
B2121243840769N12211948WA012520131260
B2121253840769N12211937WA012530131698
B2121263840766N12211929WA012550131849
B2121273840760N12211925WA012570131966
B2121283840755N12211923WA012590132236
B2121293840750N12211924WA012610132382
B2121303840748N12211926WA012630132432
B2121313840746N12211928WA012640132419
B2121323840744N12211932WA012640132589
B2121333840745N12211937WA012640132504
B2121343840747N12211942WA012640132691
B2121353840752N12211944WA012650132642
B2121363840758N12211944WA012650132634
B2121373840764N12211942WA012660132747
B2121383840770N12211939WA012660133054
B2121393840775N12211933WA012670133178
B2121403840778N12211924WA012690133478
B2121413840779N12211914WA012710133704
B2121423840775N12211905WA012730133887
B2121433840770N12211899WA012750133848
B2121443840764N12211896WA012760133799
B2121453840760N12211897WA012750133712
B2121463840756N12211898WA012750133618
B2121473840752N12211900WA012740133412
B2121483840747N12211899WA012730133208
B2121493840741N12211898WA012710132950
B2121503840735N12211895WA012680132756
B2121513840729N12211892WA012660132561
B2121523840724N12211887WA012640132408
B2121533840718N12211883WA012620132302
B2121543840711N12211878WA012590132194
B2121553840705N12211873WA012570132068
B2121563840699N12211869WA012550131853
B2121573840693N12211865WA012530131744
B2121583840687N12211862WA012520131621
B2121593840681N12211859WA012510131432
B2122003840675N12211856WA012490131329
B2122013840669N12211855WA012490131353
B2122023840663N12211854WA012490131380
B2122033840658N12211852WA012490131352
B2122043840653N12211849WA012500131349
B2122053840648N12211847WA012500131345
B2122063840643N12211845WA012490131221
B2122073840638N12211842WA012480130908
B2122083840632N12211840WA012470130537
B2122093840625N12211838WA012440130386
B2122103840619N12211836WA012420130116
B2122113840612N12211834WA012390130079
B2122123840606N12211833WA012370130044
B2122133840600N12211831WA012360129949
B2122143840594N12211829WA012340129862
B2122153840588N12211825WA012330129698
B2122163840583N12211821WA012320129558
B2122173840578N12211817WA012320129439
B2122183840573N12211814WA012310129355
B2122193840568N12211811WA012300129136
B2122203840562N12211808WA012280129059
B2122213840556N12211806WA012270128863
B2122223840550N12211803WA012250128785
B2122233840544N12211800WA012240128483
B2122243840538N12211796WA012220128277
B2122253840532N12211793WA012200128030
B2122263840525N12211789WA012170127857
B2122273840518N12211786WA012150127698
B2122283840513N12211784WA012130127500
B2122293840507N12211781WA012110127345
B2122303840501N12211778WA012090127098
B2122313840495N12211775WA012070126786
B2122323840489N12211772WA012040126491
B2122333840484N12211768WA012010126204
B2122343840478N12211764WA011990126074
B2122353840473N12211760WA011960125873
B2122363840468N12211757WA011940125681
B2122373840463N12211754WA011920125365
B2122383840458N12211752WA011890125121
B2122393840452N12211750WA011870124852
B2122403840446N12211748WA011840124469
B2122413840441N12211748WA011810124105
B2122423840435N12211748WA011790123811
B2122433840429N12211747WA011760123514
B2122443840423N12211746WA011730123305
B2122453840416N12211745WA011710123178
B2122463840410N12211744WA011690122948
B2122473840404N12211743WA011680122869
B2122483840399N12211742WA011680122767
B2122493840394N12211741WA011670122578
B2122503840389N12211741WA011660122459
B2122513840384N12211742WA011650122220
B2122523840378N12211741WA011640122281
B2122533840372N12211739WA011630122290
B2122543840366N12211736WA011630122389
B2122553840360N12211735WA011640122331
B2122563840354N12211733WA011640122420
B2122573840348N12211730WA011650122659
B2122583840343N12211728WA011660122752
B2122593840338N12211724WA011670122767
B2123003840333N12211720WA011680122756
B2123013840328N12211716WA011690122824
B2123023840322N12211712WA011700123092
B2123033840317N12211708WA011720123380
B2123043840313N12211704WA011740123556
B2123053840309N12211702WA011750123460
B2123063840305N12211699WA011740123221
B2123073840300N12211695WA011730122927
B2123083840294N12211691WA011710122668
B2123093840289N12211688WA011690122301
B2123103840283N12211684WA011660121935
B2123113840277N12211680WA011630121655
B2123123840271N12211676WA011590121470
B2123133840266N12211671WA011560121105
B2123143840260N12211667WA011540120961
B2123153840255N12211662WA011510120727
B2123163840249N12211657WA011490120589
B2123173840244N12211652WA011460120318
B2123183840238N12211647WA011440120246
B2123193840232N12211642WA011430120184
B2123203840227N12211637WA011430119943
B2123213840222N12211632WA011420119812
B2123223840216N12211627WA011410119646
B2123233840210N12211623WA011390119474
B2123243840205N12211619WA011370119247
B2123253840200N12211616WA011360119034
B2123263840195N12211612WA011330118736
B2123273840190N12211608WA011300118319
B2123283840184N12211605WA011270117976
B2123293840178N12211602WA011230117594
B2123303840172N12211598WA011190117287
B2123313840166N12211594WA011160117079
B2123323840160N12211591WA011130116982
B2123333840155N12211587WA011100116709
B2123343840149N12211584WA011070116535
B2123353840143N12211581WA011050116311
B2123363840136N12211577WA011040116279
B2123373840130N12211574WA011040116257
B2123383840124N12211571WA011040116288
B2123393840119N12211569WA011040116262
B2123403840114N12211566WA011040116174
B2123413840110N12211562WA011040116016
B2123423840105N12211558WA011030115841
B2123433840100N12211553WA011010115548
B2123443840095N12211549WA010990115228
B2123453840089N12211545WA010970114978
B2123463840084N12211541WA010950114817
B2123473840078N12211537WA010930114775
B2123483840073N12211533WA010920114669
B2123493840068N12211530WA010910114545
B2123503840062N12211527WA010900114392
B2123513840057N12211524WA010880114121
B2123523840051N12211521WA010860114035
B2123533840045N12211518WA010850113947
B2123543840039N12211515WA010840113967
B2123553840034N12211512WA010830113819
B2123563840028N12211510WA010820113754
B2123573840022N12211508WA010810113562
B2123583840016N12211506WA010800113460
B2123593840010N12211503WA010790113458
B2124003840004N12211501WA010790113454
B2124013839998N12211498WA010790113464
B2124023839992N12211495WA010790113472
B2124033839987N12211491WA010790113417
B2124043839981N12211488WA010790113433
B2124053839975N12211485WA010790113360
B2124063839970N12211481WA010790113308
B2124073839964N12211478WA010780113223
B2124083839958N12211474WA010770113016
B2124093839952N12211470WA010760112907
B2124103839945N12211467WA010750112850
B2124113839938N12211463WA010730112887
B2124123839932N12211460WA010720112845
B2124133839926N12211457WA010730112944
B2124143839921N12211454WA010740113122
B2124153839916N12211450WA010750113279
B2124163839912N12211447WA010760113258
B2124173839908N12211444WA010770113119
B2124183839903N12211442WA010770113133
B2124193839898N12211439WA010770113145
B2124203839893N12211436WA010770113111
B2124213839887N12211433WA010770113250
B2124223839882N12211430WA010780113531
B2124233839877N12211427WA010790114052
B2124243839873N12211423WA010820114420
B2124253839869N12211418WA010850114805
B2124263839864N12211414WA010890115196
B2124273839860N12211410WA010930115485
B2124283839856N12211406WA010970115766
B2124293839852N12211403WA011010115925
B2124303839848N12211400WA011040116008
B2124313839843N12211399WA011070116262
B2124323839839N12211399WA011100116355
B2124333839835N12211402WA011110116381
B2124343839833N12211406WA011100116338
B2124353839834N12211412WA011090116362
B2124363839837N12211417WA011080116405
B2124373839838N12211422WA011080116583
B2124383839839N12211426WA011090116644
B2124393839839N12211429WA011110116888
B2124403839841N12211433WA011120116872
B2124413839845N12211435WA011120116894
B2124423839851N12211435WA011120116776
B2124433839857N12211433WA011120116746
B2124443839863N12211430WA011120117027
B2124453839868N12211428WA011130117546
B2124463839872N12211427WA011160117983
B2124473839876N12211425WA011190118269
B2124483839880N12211424WA011220118541
B2124493839884N12211420WA011250118859
B2124503839888N12211415WA011290118943
B2124513839890N12211406WA011320119083
B2124523839890N12211396WA011330119071
B2124533839887N12211387WA011340119206
B2124543839880N12211381WA011350119798
B2124553839875N12211378WA011370120044
B2124563839870N12211377WA011410120275
B2124573839867N12211379WA011440120423
B2124583839865N12211383WA011470120402
B2124593839864N12211388WA011500120613
B2125003839865N12211393WA011510120604
B2125013839868N12211397WA011510120818
B2125023839872N12211399WA011520121056
B2125033839877N12211399WA011530121331
B2125043839882N12211396WA011540121540
B2125053839886N12211391WA011560121773
B2125063839890N12211385WA011590121971
B2125073839893N12211376WA011610122219
B2125083839893N12211368WA011640122573
B2125093839893N12211359WA011670122909
B2125103839891N12211352WA011700123102
B2125113839887N12211345WA011730123291
B2125123839883N12211339WA011760123563
B2125133839878N12211335WA011790123743
B2125143839873N12211333WA011810123924
B2125153839868N12211333WA011820124036
B2125163839864N12211334WA011820123959
B2125173839861N12211338WA011820123890
B2125183839860N12211343WA011810123638
B2125193839860N12211351WA011800123643
B2125203839862N12211358WA011790123631
B2125213839864N12211363WA011780123878
B2125223839867N12211367WA011780124043
B2125233839871N12211369WA011800124324
B2125243839875N12211369WA011810124368
B2125253839880N12211368WA011830124468
B2125263839886N12211367WA011840124515
B2125273839891N12211366WA011860124652
B2125283839897N12211365WA011870124911
B2125293839902N12211363WA011890125252
B2125303839907N12211359WA011920125543
B2125313839911N12211352WA011950125747
B2125323839914N12211343WA011970125909
B2125333839914N12211333WA012000126054
B2125343839911N12211324WA012020126483
B2125353839907N12211318WA012050126607
B2125363839901N12211317WA012070126830
B2125373839896N12211318WA012100127090
B2125383839893N12211320WA012130127453
B2125393839892N12211323WA012150127668
B2125403839893N12211327WA012150127650
B2125413839895N12211329WA012150127630
B2125423839898N12211330WA012160127557
B2125433839904N12211330WA012180127635
B2125443839911N12211328WA012190127964
B2125453839917N12211323WA012220128387
B2125463839922N12211317WA012240128681
B2125473839926N12211309WA012270128912
B2125483839927N12211300WA012300129278
B2125493839928N12211292WA012330129430
B2125503839927N12211283WA012360129774
B2125513839926N12211276WA012390130042
B2125523839923N12211270WA012410130178
B2125533839919N12211267WA012430130138
B2125543839914N12211267WA012430130215
B2125553839909N12211270WA012420130342
B2125563839906N12211274WA012430130443
B2125573839905N12211279WA012440130834
B2125583839906N12211283WA012450131216
B2125593839907N12211286WA012480131685
B2126003839909N12211288WA012510131808
B2126013839910N12211291WA012550131900
B2126023839911N12211292WA012580132005
B2126033839912N12211293WA012610131926
B2126043839915N12211295WA012630132058
B2126053839921N12211297WA012650132224
B2126063839927N12211296WA012670132489
B2126073839934N12211293WA012680132711
B2126083839940N12211286WA012690132934
B2126093839945N12211278WA012700133371
B2126103839948N12211270WA012730133892
B2126113839951N12211262WA012760134449
B2126123839952N12211255WA012800134782
B2126133839952N12211246WA012830134849
B2126143839949N12211239WA012850134894
B2126153839946N12211234WA012870134921
B2126163839942N12211230WA012870135009
B2126173839938N12211229WA012880135217
B2126183839934N12211230WA012880135390
B2126193839932N12211232WA012890135380
B2126203839932N12211236WA012900135300
B2126213839931N12211240WA012920135546
B2126223839932N12211244WA012930135946
B2126233839935N12211247WA012950136100
B2126243839939N12211248WA012980136402
B2126253839942N12211249WA013010136670
B2126263839945N12211251WA013030136985
B2126273839948N12211254WA013060137146
B2126283839951N12211257WA013090137424
B2126293839954N12211259WA013110137642
B2126303839957N12211260WA013140137798
B2126313839962N12211262WA013160137800
B2126323839967N12211262WA013160137802
B2126333839973N12211259WA013150137736
B2126343839980N12211254WA013150137726
B2126353839985N12211247WA013140137796
B2126363839990N12211239WA013150138032
B2126373839993N12211231WA013160138374
B2126383839995N12211223WA013170138575
B2126393839996N12211214WA013180138558
B2126403839996N12211205WA013190138522
B2126413839994N12211196WA013190138604
B2126423839991N12211189WA013210138924
B2126433839989N12211184WA013230139300
B2126443839987N12211179WA013260139561
B2126453839985N12211174WA013290139597
B2126463839983N12211170WA013300139502
B2126473839979N12211165WA013310139408
B2126483839974N12211161WA013300139471
B2126493839970N12211156WA013300139553
B2126503839966N12211151WA013310139676
B2126513839963N12211147WA013310139630
B2126523839959N12211142WA013320139665
B2126533839955N12211137WA013320139447
B2126543839950N12211132WA013310139388
B2126553839945N12211128WA013310139390
B2126563839941N12211123WA013300139312
B2126573839937N12211118WA013290139307
B2126583839933N12211114WA013290139234
B2126593839929N12211110WA013280139138
B2127003839925N12211107WA013270138905
B2127013839920N12211104WA013250138780
B2127023839916N12211100WA013230138432
B2127033839911N12211095WA013210138199
B2127043839906N12211091WA013190137868
B2127053839900N12211087WA013160137699
B2127063839895N12211083WA013140137552
B2127073839890N12211079WA013120137671
B2127083839886N12211076WA013110137538
B2127093839882N12211075WA013110137402
B2127103839878N12211073WA013110137212
B2127113839873N12211070WA013090136989
B2127123839869N12211068WA013080136726
B2127133839864N12211066WA013050136417
B2127143839858N12211064WA013030136187
B2127153839853N12211062WA013000135923
B2127163839847N12211059WA012970135879
B2127173839842N12211057WA012950135647
B2127183839837N12211055WA012920135554
B2127193839832N12211052WA012900135379
B2127203839827N12211050WA012890135170
B2127213839822N12211046WA012880135079
B2127223839817N12211044WA012880135070
B2127233839812N12211040WA012870134859
B2127243839807N12211037WA012860134724
B2127253839801N12211033WA012850134692
B2127263839796N12211028WA012840134686
B2127273839791N12211024WA012830134690
B2127283839787N12211019WA012820134619
B2127293839782N12211016WA012820134620
B2127303839777N12211011WA012820134642
B2127313839772N12211005WA012820134768
B2127323839767N12211001WA012820134990
B2127333839763N12210996WA012840135119
B2127343839758N12210993WA012850135373
B2127353839755N12210989WA012870135418
B2127363839751N12210985WA012890135588
B2127373839748N12210982WA012900135661
B2127383839745N12210978WA012920135634
B2127393839741N12210974WA012930135597
B2127403839738N12210971WA012920135534
B2127413839734N12210968WA012910135422
B2127423839730N12210965WA012910135324
B2127433839726N12210962WA012900135346
B2127443839722N12210959WA012890135250
B2127453839718N12210954WA012880135107
B2127463839713N12210950WA012870135042
B2127473839709N12210945WA012860135046
B2127483839705N12210941WA012860135096
B2127493839702N12210938WA012850134963
B2127503839699N12210934WA012850134709
B2127513839695N12210931WA012830134404
B2127523839690N12210927WA012820134288
B2127533839686N12210923WA012800134149
B2127543839682N12210920WA012780134022
B2127553839678N12210916WA012770134029
B2127563839674N12210913WA012760133959
B2127573839670N12210911WA012750133880
B2127583839667N12210907WA012730133709
B2127593839663N12210904WA012720133534
B2128003839659N12210900WA012710133496
B2128013839656N12210896WA012700133266
B2128023839652N12210892WA012690133189
B2128033839648N12210889WA012670133067
B2128043839644N12210886WA012670132954
B2128053839641N12210882WA012660132906
B2128063839637N12210879WA012660132781
B2128073839634N12210875WA012650132583
B2128083839631N12210871WA012630132204
B2128093839626N12210866WA012610131984
B2128103839622N12210860WA012580131630
B2128113839618N12210853WA012550131511
B2128123839614N12210846WA012530131509
B2128133839610N12210841WA012520131534
B2128143839607N12210836WA012520131507
B2128153839604N12210832WA012520131414
B2128163839600N12210827WA012520131188
B2128173839597N12210822WA012500130808
B2128183839592N12210817WA012470130448
B2128193839588N12210811WA012450130209
B2128203839583N12210805WA012420130176
B2128213839579N12210799WA012400130183
B2128223839576N12210793WA012380130030
B2128233839572N12210786WA012380130058
B2128243839568N12210780WA012370129972
B2128253839565N12210772WA012360129834
B2128263839562N12210764WA012360129792
B2128273839561N12210755WA012350129638
B2128283839560N12210746WA012350129509
B2128293839558N12210737WA012340129269
B2128303839556N12210728WA012320129177
B2128313839554N12210719WA012310128950
B2128323839551N12210709WA012290128891
B2128333839549N12210698WA012280128927
B2128343839546N12210688WA012280129176
B2128353839544N12210680WA012300129460
B2128363839542N12210672WA012320129726
B2128373839539N12210665WA012350129756
B2128383839536N12210658WA012370129716
B2128393839532N12210651WA012380129816
B2128403839527N12210644WA012400130077
B2128413839523N12210638WA012420130490
B2128423839520N12210631WA012460131058
B2128433839517N12210626WA012500131532
B2128443839514N12210621WA012540131952
B2128453839512N12210615WA012580132204
B2128463839509N12210609WA012620132333
B2128473839505N12210604WA012650132572
B2128483839501N12210600WA012660132629
B2128493839496N12210599WA012660132752
B2128503839492N12210599WA012660132922
B2128513839489N12210602WA012670133040
B2128523839488N12210607WA012670132982
B2128533839491N12210613WA012680133133
B2128543839495N12210618WA012690133359
B2128553839499N12210623WA012700133582
B2128563839503N12210626WA012720133768
B2128573839507N12210630WA012740134017
B2128583839510N12210634WA012770134393
B2128593839515N12210636WA012790134594
B2129003839521N12210637WA012820134872
B2129013839527N12210636WA012850135172
B2129023839533N12210633WA012880135416
B2129033839537N12210629WA012910135711
B2129043839539N12210623WA012940135956
B2129053839540N12210617WA012970136151
B2129063839540N12210610WA012990136372
B2129073839538N12210603WA013010136352
B2129083839534N12210598WA013010136410
B2129093839528N12210596WA013010136622
B2129103839523N12210597WA013020136931
B2129113839520N12210600WA013040137257
B2129123839520N12210605WA013070137470
B2129133839523N12210609WA013090137618
B2129143839526N12210614WA013120137891
B2129153839532N12210617WA013150138002
B2129163839538N12210618WA013170138220
B2129173839544N12210616WA013200138641
B2129183839550N12210611WA013230138939
B2129193839555N12210606WA013260139334
B2129203839558N12210600WA013290139742
B2129213839559N12210593WA013330140046
B2129223839559N12210586WA013360140167
B2129233839558N12210579WA013390140290
B2129243839556N12210572WA013410140410
B2129253839551N12210567WA013420140716
B2129263839546N12210566WA013440141141
B2129273839543N12210566WA013470141514
B2129283839541N12210568WA013500141875
B2129293839540N12210571WA013530142096
B2129303839541N12210575WA013560142216
B2129313839542N12210580WA013590142314
B2129323839543N12210585WA013610142597
B2129333839546N12210591WA013630142816
B2129343839548N12210597WA013650143194
B2129353839553N12210602WA013680143402
B2129363839558N12210604WA013710143829
B2129373839563N12210604WA013740144191
B2129383839570N12210600WA013770144405
B2129393839574N12210594WA013800144797
B2129403839577N12210586WA013830144997
B2129413839578N12210578WA013860145231
B2129423839575N12210571WA013880145360
B2129433839570N12210566WA013880145456
B2129443839565N12210565WA013890145707
B2129453839561N12210568WA013900146113
B2129463839559N12210572WA013930146761
B2129473839560N12210576WA013970147015
B2129483839562N12210580WA014010147201
B2129493839565N12210584WA014040147302
B2129503839569N12210588WA014080147324
B2129513839575N12210591WA014100147401
B2129523839581N12210591WA014130147820
B2129533839586N12210587WA014160148279
B2129543839590N12210582WA014190148572
B2129553839592N12210574WA014210148798
B2129563839593N12210566WA014230148996
B2129573839593N12210558WA014240149245
B2129583839591N12210551WA014260149489
B2129593839588N12210546WA014280149656
B2130003839584N12210543WA014300149805
B2130013839579N12210542WA014320150154
B2130023839575N12210542WA014350150633
B2130033839571N12210543WA014380151060
B2130043839568N12210544WA014420151543
B2130053839565N12210545WA014460151995
B2130063839564N12210547WA014510152201
B2130073839562N12210549WA014550152494
B2130083839562N12210553WA014580152434
B2130093839563N12210558WA014590152416
B2130103839567N12210563WA014580152601
B2130113839572N12210565WA014590153014
B2130123839577N12210564WA014610153486
B2130133839582N12210562WA014640153886
B2130143839586N12210559WA014670154180
B2130153839590N12210554WA014700154261
B2130163839594N12210547WA014730154331
B2130173839596N12210538WA014750154449
B2130183839596N12210530WA014770154666
B2130193839594N12210522WA014800154983
B2130203839592N12210515WA014820155312
B2130213839589N12210510WA014860155748
B2130223839586N12210508WA014890155916
B2130233839582N12210508WA014920156193
B2130243839579N12210509WA014950156382
B2130253839577N12210511WA014980156474
B2130263839576N12210515WA014980156610
B2130273839575N12210518WA014980156817
B2130283839574N12210522WA014990157161
B2130293839574N12210525WA015010157444
B2130303839574N12210528WA015030157754
B2130313839575N12210530WA015060157939
B2130323839577N12210533WA015080158052
B2130333839582N12210534WA015100158006
B2130343839587N12210533WA015120158187
B2130353839594N12210529WA015120158203
B2130363839599N12210521WA015130158278
B2130373839603N12210512WA015130158430
B2130383839604N12210502WA015150158985
B2130393839604N12210495WA015180159446
B2130403839603N12210490WA015210159702
B2130413839600N12210485WA015240159733
B2130423839597N12210481WA015270159851
B2130433839593N12210478WA015290159990
B2130443839590N12210477WA015310159900
B2130453839586N12210478WA015310160022
B2130463839582N12210481WA015320160292
B2130473839582N12210485WA015320160501
B2130483839582N12210489WA015340160880
B2130493839584N12210492WA015360161080
B2130503839586N12210493WA015380161278
B2130513839587N12210494WA015400161389
B2130523839590N12210495WA015420161365
B2130533839597N12210494WA015440161326
B2130543839604N12210492WA015450161553
B2130553839610N12210486WA015470161798
B2130563839615N12210479WA015490161965
B2130573839618N12210472WA015500162230
B2130583839619N12210464WA015530162523
B2130593839618N12210457WA015550162743
B2131003839616N12210451WA015580162910
B2131013839612N12210446WA015600163011
B2131023839607N12210444WA015610163134
B2131033839602N12210445WA015620163367
B2131043839599N12210448WA015640163591
B2131053839598N12210452WA015660163711
B2131063839598N12210456WA015670163927
B2131073839600N12210460WA015690164228
B2131083839603N12210464WA015710164385
B2131093839608N12210467WA015730164437
B2131103839612N12210471WA015750164644
B2131113839615N12210475WA015770164973
B2131123839618N12210478WA015800165318
B2131133839621N12210480WA015820165569
B2131143839626N12210481WA015840165631
B2131153839631N12210478WA015850165589
B2131163839637N12210473WA015840165611
B2131173839640N12210465WA015850165855
B2131183839640N12210457WA015860166090
B2131193839638N12210449WA015870166390
B2131203839635N12210442WA015890166508
B2131213839630N12210439WA015920166746
B2131223839626N12210437WA015940166933
B2131233839622N12210436WA015960167148
B2131243839619N12210437WA015980167109
B2131253839616N12210441WA016000167136
B2131263839616N12210446WA016010167256
B2131273839619N12210451WA016020167507
B2131283839623N12210454WA016030167751
B2131293839629N12210452WA016050167844
B2131303839635N12210448WA016070167913
B2131313839639N12210442WA016080168166
B2131323839643N12210435WA016100168218
B2131333839644N12210426WA016120168597
B2131343839645N12210417WA016140168706
B2131353839642N12210409WA016150168871
B2131363839639N12210402WA016170168913
B2131373839634N12210397WA016190169049
B2131383839629N12210396WA016200169152
B2131393839624N12210397WA016200169270
B2131403839620N12210399WA016210169578
B2131413839618N12210404WA016220169870
B2131423839619N12210408WA016240170148
B2131433839622N12210412WA016260170328
B2131443839626N12210415WA016290170692
B2131453839632N12210415WA016310170898
B2131463839638N12210414WA016340171192
B2131473839644N12210410WA016360171268
B2131483839649N12210404WA016390171330
B2131493839653N12210395WA016400171465
B2131503839656N12210386WA016410171781
B2131513839657N12210377WA016430172191
B2131523839656N12210369WA016450172593
B2131533839654N12210362WA016490172763
B2131543839651N12210356WA016520172889
B2131553839647N12210352WA016540172981
B2131563839643N12210349WA016560172958
B2131573839638N12210349WA016570173066
B2131583839634N12210352WA016570173050
B2131593839632N12210356WA016570173222
B2132003839632N12210361WA016580173444
B2132013839634N12210365WA016590173631
B2132023839638N12210368WA016610173810
B2132033839643N12210368WA016630174149
B2132043839649N12210367WA016650174428
B2132053839654N12210364WA016670174662
B2132063839659N12210358WA016700174735
B2132073839663N12210351WA016720174762
B2132083839667N12210342WA016730174807
B2132093839669N12210333WA016740175022
B2132103839669N12210323WA016750175338
B2132113839667N12210316WA016770175621
B2132123839664N12210309WA016800175829
B2132133839660N12210305WA016820175945
B2132143839656N12210302WA016840176152
B2132153839652N12210299WA016870176377
B2132163839649N12210299WA016900176540
B2132173839646N12210301WA016920176600
B2132183839643N12210305WA016930176760
B2132193839643N12210309WA016930176717
B2132203839645N12210315WA016940176870
B2132213839651N12210318WA016940177039
B2132223839658N12210319WA016950177221
B2132233839664N12210315WA016970177586
B2132243839670N12210309WA016990177829
B2132253839673N12210303WA017010178151
B2132263839675N12210296WA017040178361
B2132273839677N12210288WA017070178556
B2132283839678N12210280WA017090178594
B2132293839679N12210271WA017110178727
B2132303839678N12210263WA017120178912
B2132313839675N12210256WA017150179151
B2132323839670N12210252WA017160179195
B2132333839665N12210252WA017170179273
B2132343839660N12210254WA017170179380
B2132353839657N12210256WA017170179605
B2132363839654N12210259WA017190179956
B2132373839653N12210263WA017210180122
B2132383839652N12210267WA017230180358
B2132393839652N12210273WA017260180570
B2132403839654N12210277WA017280180659
B2132413839658N12210281WA017300180849
B2132423839663N12210284WA017320180945
B2132433839669N12210285WA017340181121
B2132443839675N12210284WA017360181264
B2132453839682N12210281WA017370181215
B2132463839688N12210276WA017370181203
B2132473839692N12210268WA017370181242
B2132483839694N12210257WA017370181475
B2132493839694N12210247WA017390181656
B2132503839692N12210239WA017410181936
B2132513839689N12210233WA017430182002
B2132523839685N12210229WA017450182303
B2132533839681N12210227WA017480182608
B2132543839676N12210227WA017500182898
B2132553839672N12210229WA017520183070
B2132563839668N12210231WA017540183290
B2132573839664N12210233WA017560183491
B2132583839660N12210234WA017580183694
B2132593839656N12210235WA017600183960
B2133003839652N12210235WA017620184051
B2133013839648N12210235WA017640184266
B2133023839644N12210236WA017660184486
B2133033839641N12210237WA017680184415
B2133043839637N12210238WA017680184546
B2133053839633N12210240WA017680184653
B2133063839629N12210242WA017680184693
B2133073839626N12210244WA017690184604
B2133083839621N12210246WA017690184773
B2133093839617N12210248WA017700184855
B2133103839613N12210251WA017710184994
B2133113839611N12210254WA017720185003
B2133123839608N12210256WA017730184955
B2133133839606N12210258WA017730184816
B2133143839603N12210261WA017720184415
B2133153839599N12210264WA017690184049
B2133163839594N12210269WA017670183790
B2133173839590N12210273WA017640183422
B2133183839585N12210277WA017610183341
B2133193839580N12210280WA017580183253
B2133203839576N12210283WA017550183006
B2133213839571N12210286WA017530182869
B2133223839567N12210290WA017510182604
B2133233839562N12210293WA017490182428
B2133243839557N12210297WA017460182111
B2133253839551N12210300WA017440181997
B2133263839546N12210303WA017420181768
B2133273839541N12210306WA017400181525
B2133283839535N12210308WA017380181498
B2133293839530N12210311WA017370181285
B2133303839525N12210314WA017360181083
B2133313839520N12210317WA017340180982
B2133323839516N12210320WA017330180614
B2133333839511N12210323WA017310180458
B2133343839506N12210327WA017290180281
B2133353839502N12210330WA017260179905
B2133363839497N12210333WA017240179709
B2133373839491N12210336WA017210179479
B2133383839486N12210339WA017190179238
B2133393839481N12210343WA017160179010
B2133403839476N12210346WA017140178915
B2133413839471N12210349WA017120178719
B2133423839466N12210352WA017100178529
B2133433839461N12210356WA017080178315
B2133443839455N12210360WA017060178072
B2133453839450N12210363WA017040177827
B2133463839444N12210367WA017020177661
B2133473839439N12210370WA017000177512
B2133483839433N12210372WA016980177388
B2133493839428N12210374WA016970177139
B2133503839422N12210376WA016950177066
B2133513839417N12210378WA016940176802
B2133523839411N12210379WA016930176868
B2133533839406N12210381WA016930176732
B2133543839400N12210382WA016920176596
B2133553839395N12210383WA016910176349
B2133563839389N12210385WA016890176173
B2133573839383N12210386WA016870175996
B2133583839378N12210387WA016850175726
B2133593839372N12210388WA016830175670
B2134003839367N12210388WA016810175553
B2134013839362N12210389WA016790175211
B2134023839356N12210389WA016770174949
B2134033839350N12210390WA016750174749
B2134043839344N12210391WA016720174638
B2134053839338N12210392WA016700174545
B2134063839332N12210393WA016690174494
B2134073839327N12210394WA016690174366
B2134083839322N12210395WA016690174138
B2134093839316N12210396WA016670173889
B2134103839310N12210397WA016660173699
B2134113839305N12210399WA016640173503
B2134123839299N12210400WA016620173547
B2134133839294N12210402WA016610173400
B2134143839288N12210403WA016590173283
B2134153839283N12210404WA016570173067
B2134163839278N12210406WA016550172711
B2134173839272N12210408WA016530172542
B2134183839266N12210410WA016510172376
B2134193839261N12210413WA016490172232
B2134203839256N12210415WA016480172108
B2134213839251N12210418WA016460171914
B2134223839246N12210420WA016450171718
B2134233839240N12210423WA016430171594
B2134243839235N12210426WA016410171373
B2134253839230N12210429WA016390171154
B2134263839225N12210432WA016370171058
B2134273839220N12210436WA016360170952
B2134283839215N12210439WA016340170865
B2134293839211N12210443WA016330170700
B2134303839206N12210446WA016310170447
B2134313839201N12210450WA016290170264
B2134323839196N12210454WA016270169970
B2134333839192N12210457WA016250169707
B2134343839187N12210461WA016230169424
B2134353839182N12210464WA016210169347
B2134363839177N12210467WA016190169178
B2134373839173N12210470WA016170168927
B2134383839168N12210473WA016150168787
B2134393839164N12210476WA016130168428
B2134403839159N12210479WA016110168238
B2134413839154N12210482WA016080168031
B2134423839149N12210483WA016060167837
B2134433839144N12210484WA016040167736
B2134443839139N12210484WA016030167529
B2134453839134N12210484WA016020167338
B2134463839129N12210484WA016000167134
B2134473839124N12210483WA015980166815
B2134483839118N12210482WA015960166675
B2134493839113N12210481WA015940166432
B2134503839108N12210479WA015930166305
B2134513839102N12210477WA015910166188
B2134523839097N12210476WA015890166041
B2134533839092N12210474WA015880165823
B2134543839087N12210472WA015860165633
B2134553839082N12210469WA015840165456
B2134563839078N12210465WA015830165207
B2134573839073N12210460WA015800164992
B2134583839069N12210454WA015780164782
B2134593839065N12210448WA015760164553
B2135003839060N12210442WA015740164498
B2135013839056N12210437WA015720164245
B2135023839052N12210431WA015710164148
B2135033839048N12210426WA015700164080
B2135043839045N12210420WA015690163834
B2135053839041N12210415WA015680163551
B2135063839037N12210409WA015660163276
B2135073839033N12210403WA015640163087
B2135083839029N12210397WA015620162895
B2135093839025N12210391WA015590162696
B2135103839021N12210385WA015570162499
B2135113839018N12210380WA015550162304
B2135123839013N12210375WA015530162280
B2135133839009N12210369WA015510162084
B2135143839005N12210363WA015490161979
B2135153839001N12210358WA015470161785
B2135163838997N12210353WA015460161682
B2135173838993N12210348WA015440161462
B2135183838989N12210343WA015430161242
B2135193838985N12210338WA015420161102
B2135203838980N12210333WA015400160961
B2135213838976N12210328WA015390160831
B2135223838971N12210323WA015370160693
B2135233838967N12210318WA015350160462
B2135243838963N12210313WA015330160330
B2135253838959N12210308WA015320160100
B2135263838954N12210303WA015300159961
B2135273838950N12210298WA015280159822
B2135283838945N12210293WA015270159782
B2135293838941N12210288WA015250159555
B2135303838937N12210283WA015240159338
B2135313838932N12210278WA015220159199
B2135323838928N12210273WA015200158957
B2135333838923N12210268WA015180158794
B2135343838919N12210263WA015160158543
B2135353838915N12210258WA015150158403
B2135363838910N12210253WA015130158384
B2135373838906N12210249WA015120158150
B2135383838902N12210244WA015110157945
B2135393838898N12210239WA015100157719
B2135403838893N12210235WA015080157572
B2135413838888N12210230WA015050157396
B2135423838884N12210226WA015030157123
B2135433838879N12210222WA015010157082
B2135443838875N12210218WA015000156852
B2135453838871N12210214WA014980156604
B2135463838866N12210210WA014960156468
B2135473838862N12210207WA014940156212
B2135483838857N12210203WA014920156064
B2135493838852N12210199WA014890155796
B2135503838848N12210195WA014870155507
B2135513838843N12210192WA014850155314
B2135523838838N12210189WA014830155125
B2135533838833N12210186WA014810155025
B2135543838828N12210183WA014800154954
B2135553838824N12210180WA014790154706
B2135563838819N12210178WA014780154661
B2135573838814N12210175WA014760154387
B2135583838809N12210172WA014740154178
B2135593838804N12210169WA014730153949
B2136003838799N12210166WA014710153816
B2136013838794N12210163WA014690153614
B2136023838789N12210160WA014670153502
B2136033838784N12210157WA014650153322
B2136043838779N12210154WA014640153143
B2136053838774N12210151WA014620152837
B2136063838768N12210148WA014600152786
B2136073838763N12210145WA014580152560
B2136083838758N12210141WA014560152466
B2136093838753N12210138WA014540152273
B2136103838748N12210135WA014520152092
B2136113838744N12210131WA014500151716
B2136123838739N12210127WA014490151528
B2136133838734N12210124WA014470151215
B2136143838728N12210121WA014440151087
B2136153838723N12210118WA014420150869
B2136163838718N12210115WA014400150615
B2136173838712N12210112WA014370150432
B2136183838706N12210109WA014350150336
B2136193838700N12210107WA014330150229
B2136203838694N12210106WA014340150150
B2136213838689N12210104WA014340150140
B2136223838684N12210102WA014330150071
B2136233838679N12210100WA014330149882
B2136243838674N12210098WA014310149572
B2136253838669N12210096WA014300149307
B2136263838663N12210095WA014280149114
B2136273838657N12210094WA014260149156
B2136283838652N12210093WA014240149046
B2136293838647N12210092WA014230148951
B2136303838642N12210090WA014220148775
B2136313838637N12210089WA014200148550
B2136323838632N12210087WA014190148347
B2136333838627N12210086WA014170148213
B2136343838621N12210084WA014150148289
B2136353838616N12210083WA014150148288
B2136363838612N12210083WA014140148000
B2136373838607N12210082WA014130147820
B2136383838602N12210080WA014120147609
B2136393838596N12210079WA014100147448
B2136403838590N12210078WA014080147357
B2136413838584N12210077WA014070147289
B2136423838579N12210077WA014050147144
B2136433838574N12210077WA014040147140
B2136443838569N12210077WA014040147101
B2136453838563N12210077WA014040147044
B2136463838557N12210077WA014040147069
B2136473838552N12210078WA014040146921
B2136483838547N12210078WA014030147013
B2136493838542N12210078WA014030147166
B2136503838538N12210078WA014030147178
B2136513838534N12210078WA014040147078
B2136523838530N12210078WA014030146992
B2136533838527N12210077WA014030146737
B2136543838523N12210077WA014020146534
B2136553838519N12210077WA014010146425
B2136563838515N12210077WA013990146225
B2136573838511N12210077WA013980146142
B2136583838507N12210077WA013960146060
B2136593838503N12210076WA013950145989
B2137003838500N12210077WA013930145810
B2137013838496N12210076WA013920145708
B2137023838491N12210076WA013900145597
B2137033838487N12210076WA013890145477
B2137043838483N12210077WA013870145363
B2137053838479N12210077WA013860145177
B2137063838475N12210077WA013850144988
B2137073838471N12210078WA013830144660
B2137083838466N12210078WA013800144398
B2137093838461N12210079WA013780144175
B2137103838456N12210080WA013750143851
B2137113838451N12210080WA013720143507
B2137123838445N12210081WA013700143320
B2137133838439N12210081WA013670143156
B2137143838434N12210082WA013640142903
B2137153838428N12210082WA013620142679
B2137163838423N12210083WA013590142430
B2137173838417N12210082WA013570142188
B2137183838412N12210081WA013540141846
B2137193838407N12210078WA013510141683
B2137203838404N12210072WA013490141326
B2137213838402N12210065WA013460141012
B2137223838401N12210056WA013430140646
B2137233838401N12210047WA013410140438
B2137243838401N12210038WA013380140188
B2137253838402N12210029WA013350139967
B2137263838403N12210020WA013330139763
B2137273838404N12210010WA013320139638
B2137283838405N12210001WA013310139536
B2137293838406N12209993WA013310139531
B2137303838407N12209985WA013310139592
B2137313838410N12209977WA013300139404
B2137323838411N12209969WA013300139185
B2137333838413N12209961WA013280139052
B2137343838414N12209952WA013270138892
B2137353838416N12209943WA013250138611
B2137363838417N12209934WA013230138531
B2137373838418N12209925WA013210138330
B2137383838419N12209916WA013190138251
B2137393838420N12209907WA013180138184
B2137403838421N12209898WA013170138089
B2137413838422N12209890WA013160137973
B2137423838423N12209881WA013160137995
B2137433838425N12209872WA013150137834
B2137443838426N12209863WA013150137863
B2137453838427N12209854WA013140137975
B2137463838428N12209845WA013140137977
B2137473838429N12209837WA013150137922
B2137483838429N12209829WA013150138081
B2137493838430N12209821WA013160138163
B2137503838431N12209814WA013170138350
B2137513838432N12209806WA013180138329
B2137523838433N12209799WA013190138418
B2137533838433N12209792WA013200138496
B2137543838434N12209785WA013200138451
B2137553838435N12209777WA013200138404
B2137563838435N12209769WA013200138309
B2137573838435N12209762WA013190138334
B2137583838435N12209755WA013190138371
B2137593838436N12209747WA013190138225
B2138003838436N12209740WA013180138291
B2138013838437N12209732WA013180138173
B2138023838438N12209724WA013170138184
B2138033838440N12209715WA013170138229
B2138043838441N12209707WA013170138244
B2138053838442N12209699WA013180138322
B2138063838443N12209691WA013190138434
B2138073838444N12209683WA013190138447
B2138083838445N12209676WA013200138321
B2138093838446N12209668WA013190138301
B2138103838446N12209659WA013190138286
B2138113838447N12209650WA013180138258
B2138123838447N12209642WA013180138292
B2138133838448N12209634WA013180138301
B2138143838448N12209626WA013180138364
B2138153838449N12209618WA013190138355
B2138163838450N12209610WA013190138276
B2138173838451N12209602WA013180138255
B2138183838451N12209594WA013180138192
B2138193838452N12209585WA013180138054
B2138203838453N12209576WA013170138054
B2138213838454N12209567WA013160138098
B2138223838456N12209560WA013160138012
B2138233838456N12209552WA013150137826
B2138243838456N12209544WA013140137605
B2138253838455N12209535WA013120137278
B2138263838455N12209526WA013090136965
B2138273838455N12209516WA013060136629
B2138283838454N12209507WA013030136464
B2138293838454N12209498WA013010136327
B2138303838454N12209490WA012990136118
B2138313838454N12209483WA012960135807
B2138323838453N12209476WA012940135570
B2138333838453N12209467WA012910135164
B2138343838454N12209458WA012880134700
B2138353838454N12209448WA012840134440
B2138363838454N12209437WA012810134289
B2138373838455N12209428WA012780134142
B2138383838455N12209419WA012760133980
B2138393838456N12209410WA012760133830
B2138403838456N12209401WA012750133682
B2138413838457N12209392WA012750133462
B2138423838458N12209382WA012730133249
B2138433838459N12209373WA012710133044
B2138443838460N12209364WA012690132821
B2138453838460N12209354WA012670132688
B2138463838461N12209345WA012650132475
B2138473838462N12209336WA012630132372
B2138483838463N12209326WA012610132189
B2138493838464N12209317WA012590131984
B2138503838465N12209307WA012570131788
B2138513838466N12209298WA012550131691
B2138523838468N12209288WA012530131427
B2138533838469N12209279WA012510131266
B2138543838471N12209270WA012490130913
B2138553838472N12209260WA012470130577
B2138563838474N12209250WA012430130149
B2138573838476N12209240WA012400129619
B2138583838477N12209230WA012350129132
B2138593838477N12209218WA012300128664
B2139003838477N12209206WA012260128394
B2139013838478N12209194WA012210128138
B2139023838478N12209184WA012180127971
B2139033838478N12209173WA012170127796
B2139043838478N12209163WA012160127587
B2139053838478N12209153WA012140127287
B2139063838478N12209143WA012120126858
B2139073838478N12209133WA012090126526
B2139083838477N12209122WA012070126299
B2139093838477N12209112WA012040125971
B2139103838477N12209100WA012000125678
B2139113838477N12209089WA011970125574
B2139123838477N12209078WA011950125443
B2139133838476N12209068WA011940125451
B2139143838475N12209059WA011940125550
B2139153838474N12209050WA011950125574
B2139163838474N12209041WA011960125529
B2139173838473N12209033WA011970125582
B2139183838473N12209024WA011970125560
B2139193838473N12209014WA011970125664
B2139203838473N12209005WA011980126071
B2139213838474N12208997WA012000126523
B2139223838475N12208991WA012030126902
B2139233838475N12208985WA012060127173
B2139243838475N12208978WA012090127259
B2139253838473N12208972WA012120127374
B2139263838468N12208967WA012150127293
B2139273838462N12208965WA012150127259
B2139283838456N12208967WA012140127191
B2139293838454N12208972WA012150127306
B2139303838454N12208978WA012160127701
B2139313838456N12208982WA012190128152
B2139323838460N12208984WA012210128214
B2139333838464N12208985WA012230128345
B2139343838469N12208985WA012250128471
B2139353838475N12208983WA012260128494
B2139363838481N12208979WA012260128680
B2139373838486N12208972WA012270128942
B2139383838488N12208964WA012290129286
B2139393838488N12208957WA012310129570
B2139403838486N12208949WA012330129688
B2139413838483N12208943WA012350129777
B2139423838479N12208939WA012370129855
B2139433838474N12208937WA012380129823
B2139443838468N12208937WA012390129844
B2139453838463N12208939WA012390130088
B2139463838460N12208944WA012400130258
B2139473838459N12208950WA012420130501
B2139483838458N12208955WA012440130876
B2139493838458N12208960WA012460131079
B2139503838459N12208966WA012480131101
B2139513838459N12208971WA012510131281
B2139523838462N12208975WA012520131396
B2139533838467N12208979WA012530131293
B2139543838475N12208979WA012530131258
B2139553838482N12208978WA012520131262
B2139563838488N12208974WA012520131480
B2139573838493N12208967WA012530131826
B2139583838496N12208960WA012550132158
B2139593838498N12208953WA012580132305
B2140003838498N12208946WA012600132506
B2140013838496N12208939WA012620132549
B2140023838493N12208933WA012650132644
B2140033838489N12208928WA012670132826
B2140043838483N12208926WA012690133198
B2140053838478N12208927WA012720133496
B2140063838474N12208930WA012750133758
B2140073838471N12208935WA012780134044
B2140083838469N12208940WA012810134396
B2140093838469N12208945WA012840134583
B2140103838471N12208950WA012860134690
B2140113838475N12208954WA012870134644
B2140123838480N12208958WA012870134704
B2140133838485N12208960WA012870134973
B2140143838491N12208959WA012880135058
B2140153838497N12208957WA012880135031
B2140163838502N12208952WA012890135110
B2140173838505N12208945WA012900135295
B2140183838508N12208937WA012910135438
B2140193838509N12208930WA012930135819
B2140203838508N12208924WA012950136149
B2140213838506N12208919WA012980136304
B2140223838502N12208914WA013000136437
B2140233838497N12208911WA013020136733
B2140243838492N12208909WA013040137038
B2140253838487N12208910WA013070137393
B2140263838484N12208912WA013100137544
B2140273838481N12208915WA013130137799
B2140283838480N12208920WA013150137728
B2140293838478N12208926WA013160137892
B2140303838477N12208932WA013160138071
B2140313838477N12208937WA013170138357
B2140323838479N12208942WA013190138574
B2140333838484N12208946WA013210138501
B2140343838489N12208948WA013220138577
B2140353838496N12208948WA013230138638
B2140363838502N12208946WA013240138760
B2140373838507N12208941WA013250138874
B2140383838510N12208934WA013260138876
B2140393838511N12208926WA013260139052
B2140403838511N12208918WA013270139441
B2140413838509N12208910WA013290139797
B2140423838508N12208904WA013310139927
B2140433838505N12208899WA013340140195
B2140443838502N12208896WA013370140351
B2140453838497N12208894WA013390140486
B2140463838492N12208895WA013420140781
B2140473838488N12208898WA013440141070
B2140483838486N12208902WA013470141179
B2140493838487N12208909WA013490141307
B2140503838489N12208916WA013510141420
B2140513838493N12208920WA013520141615
B2140523838498N12208923WA013530141623
B2140533838504N12208923WA013530141615
B2140543838510N12208920WA013530141675
B2140553838516N12208915WA013530141813
B2140563838519N12208908WA013540142178
B2140573838521N12208903WA013560142560
B2140583838522N12208897WA013590142995
B2140593838522N12208892WA013620143172
B2141003838521N12208887WA013650143251
B2141013838518N12208882WA013670143370
B2141023838514N12208877WA013700143474
B2141033838509N12208875WA013720143764
B2141043838504N12208875WA013740143948
B2141053838500N12208878WA013770144223
B2141063838497N12208882WA013790144411
B2141073838494N12208886WA013810144775
B2141083838493N12208892WA013820145070
B2141093838494N12208897WA013840145217
B2141103838496N12208903WA013860145414
B2141113838498N12208908WA013880145667
B2141123838502N12208913WA013910145754
B2141133838508N12208916WA013920145748
B2141143838514N12208919WA013940145895
B2141153838521N12208921WA013940145962
B2141163838528N12208921WA013950146071
B2141173838534N12208917WA013970146249
B2141183838538N12208913WA013980146351
B2141193838541N12208906WA013980146358
B2141203838543N12208899WA013980146335
B2141213838543N12208891WA013990146696
B2141223838543N12208883WA014000147149
B2141233838541N12208878WA014030147572
B2141243838539N12208873WA014060147774
B2141253838537N12208869WA014090148091
B2141263838535N12208865WA014120148060
B2141273838532N12208861WA014140148055
B2141283838528N12208859WA014160148101
B2141293838522N12208858WA014170148353
B2141303838517N12208859WA014190148544
B2141313838513N12208862WA014210148822
B2141323838510N12208866WA014230149146
B2141333838509N12208873WA014260149242
B2141343838510N12208880WA014280149372
B2141353838513N12208886WA014300149633
B2141363838517N12208891WA014320149903
B2141373838522N12208893WA014350150209
B2141383838528N12208894WA014370150217
B2141393838534N12208893WA014380150365
B2141403838541N12208890WA014380150738
B2141413838546N12208887WA014400151151
B2141423838550N12208882WA014430151524
B2141433838552N12208876WA014450151739
B2141443838553N12208871WA014480151940
B2141453838553N12208865WA014510152156
B2141463838551N12208860WA014530152295
B2141473838549N12208856WA014550152201
B2141483838544N12208852WA014560152399
B2141493838540N12208851WA014570152504
B2141503838534N12208852WA014580152786
B2141513838530N12208856WA014590153073
B2141523838528N12208861WA014610153229
B2141533838528N12208867WA014630153427
B2141543838530N12208874WA014660153613
B2141553838533N12208879WA014680153965
B2141563838537N12208883WA014710154282
B2141573838543N12208885WA014740154303
B2141583838549N12208885WA014760154542
B2141593838555N12208883WA014790154863
B2142003838560N12208879WA014810155256
B2142013838563N12208874WA014840155582
B2142023838564N12208868WA014870155687
B2142033838564N12208863WA014890155744
B2142043838563N12208857WA014890155736
B2142053838560N12208852WA014890155849
B2142063838556N12208849WA014900155947
B2142073838551N12208848WA014910156140
B2142083838546N12208848WA014920156245
B2142093838541N12208850WA014930156356
B2142103838537N12208854WA014950156411
B2142113838533N12208858WA014960156564
B2142123838530N12208863WA014980156625
B2142133838526N12208868WA015000156789
B2142143838524N12208875WA015010156880
B2142153838524N12208881WA015020156969
B2142163838527N12208888WA015030156816
B2142173838533N12208893WA015020156724
B2142183838540N12208895WA015000156611
B2142193838547N12208892WA014990156605
B2142203838552N12208887WA014990156784
B2142213838557N12208881WA014990156904
B2142223838560N12208875WA015000157229
B2142233838561N12208870WA015020157337
B2142243838560N12208864WA015040157499
B2142253838559N12208858WA015050157443
B2142263838555N12208852WA015060157484
B2142273838550N12208848WA015070157656
B2142283838544N12208848WA015080157783
B2142293838540N12208851WA015090157820
B2142303838536N12208855WA015110157988
B2142313838535N12208861WA015120157923
B2142323838534N12208866WA015120157877
B2142333838535N12208873WA015110157753
B2142343838538N12208880WA015100157511
B2142353838542N12208886WA015090157335
B2142363838548N12208891WA015080157232
B2142373838555N12208892WA015060157157
B2142383838562N12208891WA015040157083
B2142393838569N12208886WA015020157078
B2142403838574N12208880WA015010157147
B2142413838577N12208874WA015020157140
B2142423838579N12208867WA015020157236
B2142433838580N12208861WA015020157276
B2142443838581N12208855WA015030157207
B2142453838579N12208849WA015030157298
B2142463838576N12208844WA015040157295
B2142473838572N12208840WA015030157137
B2142483838566N12208838WA015030157190
B2142493838561N12208835WA015030157276
B2142503838557N12208833WA015040157361
B2142513838554N12208831WA015040157421
B2142523838551N12208829WA015050157301
B2142533838547N12208827WA015050157232
B2142543838543N12208825WA015040157143
B2142553838539N12208823WA015030156932
B2142563838535N12208821WA015010156790
B2142573838533N12208819WA015000156613
B2142583838530N12208818WA014980156574
B2142593838528N12208817WA014960156125
B2143003838524N12208816WA014930155871
B2143013838520N12208813WA014900155449
B2143023838515N12208811WA014860155234
B2143033838510N12208808WA014850155118
B2143043838505N12208806WA014850155276
B2143053838501N12208804WA014840155185
B2143063838498N12208802WA014830155023
B2143073838494N12208799WA014820154838
B2143083838490N12208797WA014800154505
B2143093838485N12208794WA014790154338
B2143103838480N12208791WA014760154276
B2143113838476N12208788WA014740154043
B2143123838472N12208784WA014720153827
B2143133838467N12208780WA014700153698
B2143143838463N12208776WA014680153567
B2143153838459N12208772WA014660153443
B2143163838455N12208767WA014650153359
B2143173838451N12208763WA014630153191
B2143183838448N12208758WA014610152914
B2143193838443N12208754WA014590152660
B2143203838438N12208750WA014570152481
B2143213838433N12208746WA014550152394
B2143223838429N12208743WA014540152221
B2143233838424N12208739WA014530152299
B2143243838420N12208737WA014530152181
B2143253838416N12208734WA014530152075
B2143263838412N12208732WA014520151832
B2143273838407N12208729WA014510151645
B2143283838402N12208726WA014490151453
B2143293838397N12208723WA014470151251
B2143303838392N12208720WA014460151170
B2143313838388N12208717WA014440151022
B2143323838383N12208714WA014420150882
B2143333838379N12208711WA014400150667
B2143343838375N12208708WA014380150426
B2143353838370N12208705WA014370150283
B2143363838366N12208702WA014350150041
B2143373838361N12208699WA014330149984
B2143383838357N12208696WA014310149828
B2143393838352N12208694WA014300149762
B2143403838348N12208691WA014290149636
B2143413838344N12208689WA014280149402
B2143423838339N12208686WA014270149176
B2143433838335N12208683WA014250148818
B2143443838330N12208680WA014230148648
B2143453838325N12208678WA014200148440
B2143463838320N12208675WA014180148145
B2143473838315N12208673WA014150147912
B2143483838309N12208670WA014120147644
B2143493838303N12208667WA014100147463
B2143503838297N12208664WA014070147285
B2143513838292N12208661WA014050147128
B2143523838286N12208658WA014030146987
B2143533838281N12208655WA014010146653
B2143543838275N12208652WA013980146392
B2143553838270N12208649WA013960146004
B2143563838264N12208646WA013940145818
B2143573838258N12208643WA013910145649
B2143583838253N12208640WA013890145408
B2143593838247N12208637WA013870145183
B2144003838242N12208633WA013850144868
B2144013838237N12208630WA013820144537
B2144023838232N12208627WA013790144227
B2144033838227N12208624WA013760143809
B2144043838221N12208621WA013720143459
B2144053838215N12208618WA013690143178
B2144063838209N12208615WA013660142888
B2144073838204N12208612WA013630142706
B2144083838198N12208609WA013610142555
B2144093838193N12208606WA013600142307
B2144103838187N12208604WA013590142063
B2144113838182N12208601WA013570141818
B2144123838176N12208599WA013550141541
B2144133838170N12208596WA013520141284
B2144143838165N12208593WA013500140956
B2144153838160N12208590WA013470140737
B2144163838155N12208587WA013440140534
B2144173838150N12208583WA013420140259
B2144183838145N12208580WA013390139932
B2144193838139N12208576WA013360139681
B2144203838134N12208571WA013330139308
B2144213838128N12208567WA013290139107
B2144223838122N12208563WA013270139029
B2144233838116N12208560WA013250138980
B2144243838111N12208556WA013240138761
B2144253838106N12208552WA013230138564
B2144263838101N12208548WA013220138369
B2144273838096N12208545WA013200138063
B2144283838091N12208541WA013170137629
B2144293838085N12208537WA013150137487
B2144303838080N12208532WA013120137464
B2144313838076N12208526WA013100137314
B2144323838071N12208521WA013080137144
B2144333838066N12208517WA013060136956
B2144343838061N12208513WA013040136709
B2144353838055N12208509WA013020136428
B2144363838049N12208504WA012990136149
B2144373838043N12208499WA012970135848
B2144383838037N12208494WA012940135671
B2144393838032N12208488WA012920135425
B2144403838026N12208483WA012900135391
B2144413838021N12208478WA012890135162
B2144423838016N12208473WA012870134848
B2144433838010N12208469WA012850134490
B2144443838005N12208463WA012820134015
B2144453837999N12208457WA012790133732
B2144463837994N12208450WA012750133425
B2144473837989N12208443WA012720133249
B2144483837984N12208438WA012690132970
B2144493837979N12208432WA012660132682
B2144503837974N12208426WA012630132171
B2144513837969N12208419WA012600131714
B2144523837963N12208412WA012560131423
B2144533837957N12208405WA012530131236
B2144543837952N12208398WA012510131107
B2144553837947N12208391WA012480130942
B2144563837942N12208383WA012470130793
B2144573837938N12208375WA012450130639
B2144583837933N12208369WA012440130565
B2144593837928N12208363WA012430130397
B2145003837924N12208358WA012420130120
B2145013837919N12208351WA012410130066
B2145023837914N12208344WA012400129863
B2145033837909N12208336WA012380129645
B2145043837904N12208328WA012360129607
B2145053837898N12208321WA012350129766
B2145063837893N12208314WA012360129896
B2145073837890N12208307WA012370130008
B2145083837887N12208301WA012390130346
B2145093837884N12208296WA012400130396
B2145103837882N12208292WA012410130357
B2145113837879N12208288WA012420130254
B2145123837876N12208283WA012420130044
B2145133837873N12208277WA012400129833
B2145143837869N12208270WA012380129589
B2145153837866N12208263WA012360129146
B2145163837862N12208255WA012330128858
B2145173837857N12208248WA012300128680
B2145183837852N12208240WA012270128595
B2145193837848N12208233WA012250128533
B2145203837844N12208226WA012250128728
B2145213837840N12208221WA012260128843
B2145223837837N12208216WA012270128915
B2145233837834N12208211WA012290128919
B2145243837831N12208207WA012300128930
B2145253837828N12208201WA012300128827
B2145263837824N12208197WA012300128710
B2145273837819N12208192WA012290128755
B2145283837814N12208187WA012290128776
B2145293837810N12208182WA012280128734
B2145303837806N12208177WA012280128701
B2145313837801N12208171WA012280128889
B2145323837797N12208166WA012290128940
B2145333837793N12208159WA012290129119
B2145343837789N12208154WA012310129533
B2145353837786N12208149WA012330129845
B2145363837784N12208144WA012360129968
B2145373837782N12208139WA012380129977
B2145383837780N12208133WA012390129722
B2145393837776N12208126WA012390129729
B2145403837771N12208120WA012390129877
B2145413837767N12208115WA012390130282
B2145423837765N12208111WA012410130601
B2145433837763N12208107WA012440130829
B2145443837761N12208105WA012470130941
B2145453837759N12208101WA012480130720
B2145463837755N12208096WA012480130592
B2145473837751N12208091WA012460130388
B2145483837747N12208087WA012450130486
B2145493837744N12208083WA012440130452
B2145503837741N12208079WA012440130472
B2145513837739N12208075WA012440130304
B2145523837735N12208071WA012440130277
B2145533837732N12208067WA012430130146
B2145543837729N12208063WA012420130021
B2145553837726N12208058WA012410130037
B2145563837723N12208054WA012400129979
B2145573837721N12208051WA012400129813
B2145583837718N12208047WA012390129805
B2145593837714N12208043WA012380129684
B2146003837711N12208039WA012370129671
B2146013837708N12208034WA012360129579
B2146023837705N12208031WA012350129461
B2146033837702N12208027WA012340129362
B2146043837699N12208023WA012330129241
B2146053837696N12208018WA012320129009
B2146063837692N12208014WA012300128936
B2146073837688N12208010WA012290128841
B2146083837684N12208005WA012280128839
B2146093837680N12208002WA012270128863
B2146103837676N12207999WA012280128995
B2146113837673N12207996WA012280128969
B2146123837670N12207994WA012290129042
B2146133837666N12207991WA012300129086
B2146143837663N12207988WA012310129119
B2146153837659N12207986WA012320129253
B2146163837656N12207983WA012340129326
B2146173837653N12207980WA012360129418
B2146183837649N12207978WA012370129581
B2146193837646N12207975WA012380129523
B2146203837642N12207972WA012380129504
B2146213837637N12207969WA012380129664
B2146223837633N12207966WA012380129746
B2146233837629N12207964WA012390129845
B2146243837625N12207963WA012400129932
B2146253837621N12207962WA012410130000
B2146263837616N12207960WA012410130176
B2146273837612N12207959WA012430130332
B2146283837608N12207958WA012440130402
B2146293837603N12207957WA012450130678
B2146303837599N12207957WA012470130929
B2146313837594N12207957WA012490131276
B2146323837590N12207957WA012520131514
B2146333837586N12207957WA012540131710
B2146343837581N12207956WA012570131976
B2146353837576N12207955WA012600132187
B2146363837571N12207952WA012630132487
B2146373837568N12207947WA012650132647
B2146383837567N12207940WA012670132668
B2146393837570N12207934WA012670132644
B2146403837575N12207929WA012660132576
B2146413837582N12207927WA012660132604
B2146423837587N12207928WA012660132882
B2146433837592N12207931WA012670132962
B2146443837596N12207936WA012680133183
B2146453837600N12207941WA012690133336
B2146463837603N12207947WA012710133502
B2146473837604N12207953WA012730133651
B2146483837603N12207958WA012750133698
B2146493837601N12207963WA012760133671
B2146503837598N12207964WA012770133725
B2146513837594N12207963WA012770133658
B2146523837589N12207961WA012760133581
B2146533837584N12207958WA012750133594
B2146543837579N12207956WA012750133694
B2146553837575N12207955WA012750133638
B2146563837571N12207955WA012750133603
B2146573837566N12207953WA012750133558
B2146583837561N12207951WA012750133596
B2146593837557N12207949WA012740133436
B2147003837552N12207948WA012740133490
B2147013837548N12207946WA012730133437
B2147023837543N12207945WA012730133377
B2147033837538N12207945WA012720133383
B2147043837533N12207944WA012720133373
B2147053837528N12207942WA012720133463
B2147063837523N12207940WA012720133571
B2147073837519N12207938WA012730133502
B2147083837514N12207937WA012740133511
B2147093837509N12207935WA012740133547
B2147103837504N12207934WA012740133460
B2147113837499N12207933WA012740133400
B2147123837493N12207932WA012740133424
B2147133837487N12207932WA012740133591
B2147143837483N12207932WA012740133624
B2147153837478N12207932WA012750133766
B2147163837473N12207932WA012760133789
B2147173837468N12207933WA012770133710
B2147183837462N12207932WA012780133818
B2147193837456N12207932WA012780134010
B2147203837450N12207930WA012790134159
B2147213837445N12207930WA012810134352
B2147223837440N12207929WA012820134259
B2147233837435N12207929WA012820134207
B2147243837428N12207929WA012810134180
B2147253837422N12207928WA012810134121
B2147263837415N12207927WA012810134176
B2147273837409N12207927WA012810134358
B2147283837403N12207927WA012820134589
B2147293837398N12207927WA012830134644
B2147303837393N12207926WA012840134613
B2147313837387N12207924WA012850134758
B2147323837381N12207923WA012860134768
B2147333837375N12207922WA012870134897
B2147343837370N12207921WA012870134851
B2147353837365N12207919WA012870134834
B2147363837360N12207917WA012870134737
B2147373837355N12207916WA012860134622
B2147383837349N12207915WA012860134590
B2147393837344N12207914WA012850134502
B2147403837338N12207913WA012850134506
B2147413837332N12207913WA012840134609
B2147423837326N12207915WA012840134791
B2147433837322N12207916WA012850134749
B2147443837318N12207918WA012850134705
B2147453837313N12207920WA012850134650
B2147463837308N12207921WA012840134597
B2147473837304N12207923WA012840134528
B2147483837299N12207925WA012830134457
B2147493837294N12207928WA012830134470
B2147503837290N12207930WA012820134434
B2147513837286N12207932WA012830134535
B2147523837282N12207934WA012830134673
B2147533837279N12207936WA012840134753
B2147543837275N12207938WA012840134678
B2147553837271N12207941WA012840134543
B2147563837266N12207943WA012840134595
B2147573837262N12207944WA012840134638
B2147583837257N12207945WA012840134696
B2147593837253N12207946WA012840134777
B2148003837249N12207948WA012850134815
B2148013837244N12207950WA012860135026
B2148023837239N12207952WA012870135176
B2148033837235N12207954WA012880135383
B2148043837232N12207955WA012900135529
B2148053837228N12207957WA012920135654
B2148063837224N12207958WA012930135659
B2148073837220N12207960WA012950135662
B2148083837216N12207961WA012950135674
B2148093837212N12207962WA012950135618
B2148103837206N12207964WA012940135591
B2148113837201N12207965WA012940135660
B2148123837196N12207965WA012940135858
B2148133837191N12207966WA012950135986
B2148143837187N12207967WA012960136133
B2148153837183N12207968WA012980136212
B2148163837179N12207969WA012990136312
B2148173837175N12207970WA013000136418
B2148183837170N12207972WA013020136593
B2148193837166N12207973WA013030136678
B2148203837162N12207975WA013040136786
B2148213837159N12207977WA013050136767
B2148223837156N12207980WA013050136753
B2148233837153N12207983WA013050136787
B2148243837152N12207988WA013060136821
B2148253837152N12207993WA013060136892
B2148263837156N12207997WA013060136909
B2148273837161N12208000WA013070137014
B2148283837166N12208000WA013080137284
B2148293837172N12207997WA013080137289
B2148303837178N12207993WA013090137264
B2148313837184N12207988WA013090137310
B2148323837188N12207982WA013100137579
B2148333837192N12207977WA013110137753
B2148343837195N12207970WA013130137709
B2148353837196N12207964WA013140137740
B2148363837196N12207956WA013140137755
B2148373837195N12207949WA013140137704
B2148383837192N12207943WA013140137874
B2148393837189N12207939WA013150138046
B2148403837185N12207938WA013150138101
B2148413837180N12207938WA013150138034
B2148423837176N12207939WA013150138039
B2148433837173N12207942WA013150138002
B2148443837170N12207945WA013150137915
B2148453837166N12207948WA013150137864
B2148463837162N12207950WA013150137848
B2148473837158N12207953WA013150137930
B2148483837154N12207955WA013150138160
B2148493837151N12207957WA013160138261
B2148503837148N12207959WA013180138230
B2148513837144N12207960WA013180138233
B2148523837139N12207961WA013190138167
B2148533837135N12207963WA013180138128
B2148543837132N12207966WA013180138313
B2148553837129N12207968WA013190138474
B2148563837127N12207970WA013200138515
B2148573837124N12207972WA013210138546
B2148583837121N12207975WA013220138660
B2148593837118N12207977WA013230138765
B2149003837115N12207979WA013240138878
B2149013837112N12207981WA013250138878
B2149023837110N12207983WA013260138814
B2149033837107N12207984WA013260138875
B2149043837105N12207985WA013260138718
B2149053837102N12207987WA013250138624
B2149063837099N12207989WA013240138631
B2149073837096N12207990WA013240138567
B2149083837093N12207992WA013230138483
B2149093837090N12207994WA013220138271
B2149103837087N12207996WA013210138206
B2149113837083N12207999WA013200138413
B2149123837079N12208001WA013210138765
B2149133837076N12208003WA013230139062
B2149143837073N12208004WA013250139279
B2149153837071N12208006WA013270139336
B2149163837068N12208008WA013290139368
B2149173837065N12208011WA013310139364
B2149183837062N12208013WA013320139408
B2149193837058N12208015WA013340139733
B2149203837055N12208016WA013360140104
B2149213837052N12208017WA013380140316
B2149223837049N12208018WA013410140549
B2149233837046N12208019WA013430140786
B2149243837043N12208019WA013450140967
B2149253837040N12208019WA013480141135
B2149263837036N12208019WA013500141386
B2149273837033N12208019WA013520141687
B2149283837031N12208018WA013550141818
B2149293837028N12208017WA013570141931
B2149303837024N12208014WA013580142096
B2149313837021N12208010WA013590142337
B2149323837019N12208004WA013610142646
B2149333837019N12207996WA013630142825
B2149343837020N12207988WA013650143053
B2149353837023N12207981WA013670143305
B2149363837027N12207976WA013700143652
B2149373837033N12207972WA013720143738
B2149383837039N12207971WA013740143842
B2149393837045N12207971WA013770144065
B2149403837051N12207974WA013790144225
B2149413837055N12207978WA013800144467
B2149423837058N12207984WA013820144533
B2149433837059N12207990WA013820144711
B2149443837058N12207995WA013840145077
B2149453837057N12207999WA013860145222
B2149463837054N12208001WA013880145556
B2149473837051N12208002WA013900145714
B2149483837047N12208001WA013930145988
B2149493837045N12207999WA013950146008
B2149503837042N12207996WA013970146174
B2149513837040N12207991WA013980146180
B2149523837039N12207983WA013980146066
B2149533837039N12207975WA013970146111
B2149543837039N12207966WA013970146393
B2149553837042N12207958WA013980146564
B2149563837047N12207951WA014000147008
B2149573837052N12207946WA014020147338
B2149583837057N12207943WA014050147598
B2149593837063N12207941WA014070147756
B2150003837069N12207940WA014100147838
B2150013837075N12207942WA014120147815
B2150023837081N12207945WA014140147908
B2150033837085N12207950WA014160148186
B2150043837090N12207955WA014170148422
B2150053837094N12207959WA014200148801
B2150063837097N12207962WA014220149174
B2150073837101N12207965WA014250149346
B2150083837104N12207970WA014280149406
B2150093837104N12207976WA014300149571
B2150103837103N12207981WA014310149645
B2150113837100N12207985WA014310149780
B2150123837097N12207986WA014320149940
B2150133837094N12207985WA014330150052
B2150143837091N12207982WA014340150091
B2150153837089N12207977WA014350150060
B2150163837087N12207970WA014350150094
B2150173837087N12207963WA014350150010
B2150183837087N12207955WA014350150153
B2150193837088N12207947WA014360150347
B2150203837088N12207939WA014370150599
B2150213837089N12207932WA014390150811
B2150223837089N12207924WA014410151083
B2150233837092N12207917WA014430151200
B2150243837095N12207910WA014450151479
B2150253837100N12207906WA014480151680
B2150263837107N12207902WA014500151808
B2150273837113N12207901WA014520152041
B2150283837119N12207901WA014550152336
B2150293837124N12207903WA014570152541
B2150303837128N12207906WA014600152780
B2150313837132N12207909WA014620152873
B2150323837135N12207913WA014640153057
B2150333837136N12207918WA014650153276
B2150343837136N12207923WA014670153327
B2150353837134N12207927WA014670153416
B2150363837130N12207930WA014680153545
B2150373837126N12207932WA014690153721
B2150383837121N12207932WA014700153973
B2150393837117N12207931WA014720154215
B2150403837113N12207929WA014740154589
B2150413837111N12207927WA014770154631
B2150423837108N12207923WA014790154713
B2150433837104N12207918WA014810154891
B2150443837101N12207911WA014820154884
B2150453837100N12207903WA014830155064
B2150463837101N12207894WA014840155329
B2150473837103N12207887WA014850155631
B2150483837106N12207880WA014880155914
B2150493837109N12207875WA014900156283
B2150503837114N12207871WA014930156455
B2150513837119N12207868WA014950156599
B2150523837125N12207868WA014980156771
B2150533837131N12207868WA015000156887
B2150543837137N12207871WA015020157061
B2150553837141N12207874WA015040157242
B2150563837143N12207878WA015060157582
B2150573837145N12207882WA015080157615
B2150583837145N12207886WA015100157604
B2150593837143N12207890WA015100157657
B2151003837140N12207894WA015100157633
B2151013837135N12207896WA015090157788
B2151023837131N12207897WA015100157810
B2151033837126N12207895WA015110158078
B2151043837122N12207892WA015120158273
B2151053837119N12207887WA015130158305
B2151063837116N12207881WA015150158528
B2151073837114N12207875WA015170158611
B2151083837113N12207867WA015190158923
B2151093837113N12207859WA015210159355
B2151103837115N12207852WA015240159719
B2151113837117N12207847WA015280159936
B2151123837120N12207842WA015310160057
B2151133837124N12207838WA015330160062
B2151143837130N12207834WA015340160149
B2151153837137N12207834WA015330160213
B2151163837143N12207836WA015340160445
B2151173837148N12207839WA015350160838
B2151183837151N12207843WA015380161369
B2151193837153N12207848WA015410161522
B2151203837153N12207851WA015440161649
B2151213837152N12207855WA015470161777
B2151223837150N12207859WA015490161795
B2151233837147N12207862WA015490161678
B2151243837142N12207864WA015490161683
B2151253837137N12207863WA015480161713
B2151263837132N12207858WA015480162008
B2151273837129N12207852WA015490162409
B2151283837127N12207847WA015520162860
B2151293837127N12207841WA015550163170
B2151303837129N12207835WA015570163211
B2151313837131N12207829WA015600163341
B2151323837135N12207823WA015630163401
B2151333837139N12207817WA015640163599
B2151343837145N12207813WA015660163840
B2151353837150N12207808WA015680164134
B2151363837154N12207805WA015710164471
B2151373837159N12207803WA015740164516
B2151383837163N12207804WA015760164448
B2151393837167N12207807WA015750164469
B2151403837171N12207812WA015760164632
B2151413837173N12207818WA015770164982
B2151423837174N12207824WA015780165280
B2151433837174N12207829WA015800165502
B2151443837172N12207833WA015820165732
B2151453837169N12207836WA015850165981
B2151463837166N12207837WA015870165813
B2151473837161N12207837WA015880165873
B2151483837156N12207836WA015880165880
B2151493837151N12207834WA015880165984
B2151503837146N12207832WA015890166193
B2151513837142N12207830WA015890166214
B2151523837137N12207827WA015910166439
B2151533837132N12207824WA015920166665
B2151543837128N12207821WA015940166722
B2151553837123N12207818WA015960167092
B2151563837119N12207815WA015980167249
B2151573837114N12207814WA016000167492
B2151583837110N12207812WA016030167632
B2151593837105N12207809WA016050167938
B2152003837100N12207807WA016080168381
B2152013837096N12207804WA016110168751
B2152023837092N12207801WA016150169054
B2152033837088N12207799WA016180169273
B2152043837084N12207797WA016210169384
B2152053837080N12207795WA016230169458
B2152063837076N12207794WA016240169600
B2152073837071N12207791WA016240169737
B2152083837066N12207789WA016240169885
B2152093837062N12207787WA016250170055
B2152103837058N12207785WA016270170035
B2152113837053N12207783WA016280170172
B2152123837048N12207780WA016280170284
B2152133837043N12207777WA016290170381
B2152143837039N12207773WA016310170508
B2152153837034N12207770WA016320170734
B2152163837029N12207766WA016340170873
B2152173837025N12207761WA016360171049
B2152183837021N12207757WA016380171356
B2152193837017N12207753WA016400171466
B2152203837013N12207749WA016420171628
B2152213837007N12207746WA016440171799
B2152223837002N12207744WA016470171870
B2152233836997N12207740WA016480171965
B2152243836992N12207737WA016500172132
B2152253836986N12207734WA016510172267
B2152263836980N12207733WA016520172471
B2152273836974N12207732WA016530172790
B2152283836969N12207731WA016550173131
B2152293836964N12207730WA016580173544
B2152303836959N12207729WA016610173888
B2152313836955N12207728WA016640174018
B2152323836949N12207727WA016670174086
B2152333836944N12207726WA016690174054
B2152343836939N12207726WA016690174020
B2152353836933N12207726WA016680174077
B2152363836928N12207727WA016680174012
B2152373836922N12207726WA016680174126
B2152383836916N12207725WA016690174274
B2152393836911N12207724WA016700174443
B2152403836906N12207724WA016700174530
B2152413836900N12207723WA016710174597
B2152423836895N12207722WA016720174637
B2152433836889N12207721WA016730174661
B2152443836884N12207719WA016740174709
B2152453836878N12207719WA016740174844
B2152463836872N12207719WA016750174952
B2152473836867N12207719WA016760175012
B2152483836862N12207719WA016770175200
B2152493836857N12207719WA016790175233
B2152503836852N12207719WA016800175238
B2152513836846N12207720WA016800175286
B2152523836840N12207721WA016800175262
B2152533836834N12207721WA016800175377
B2152543836829N12207722WA016800175425
B2152553836823N12207723WA016800175487
B2152563836818N12207724WA016810175455
B2152573836812N12207724WA016810175445
B2152583836806N12207724WA016810175533
B2152593836800N12207724WA016810175750
B2153003836795N12207722WA016830175957
B2153013836791N12207720WA016840176015
B2153023836787N12207717WA016850176029
B2153033836782N12207715WA016860175868
B2153043836777N12207714WA016850175602
B2153053836770N12207712WA016830175399
B2153063836764N12207711WA016810175281
B2153073836759N12207709WA016790175105
B2153083836753N12207708WA016780175117
B2153093836747N12207708WA016760175146
B2153103836742N12207708WA016760175113
B2153113836737N12207707WA016770175109
B2153123836731N12207707WA016760175046
B2153133836725N12207708WA016760175061
B2153143836720N12207709WA016760174910
B2153153836714N12207709WA016760174978
B2153163836709N12207710WA016750174972
B2153173836704N12207710WA016750174765
B2153183836699N12207711WA016740174511
B2153193836693N12207711WA016720174366
B2153203836688N12207711WA016710174207
B2153213836682N12207711WA016700174263
B2153223836677N12207711WA016680174273
B2153233836673N12207711WA016670174118
B2153243836668N12207712WA016660174071
B2153253836664N12207712WA016650173701
B2153263836658N12207711WA016630173479
B2153273836652N12207712WA016600173193
B2153283836647N12207712WA016580172909
B2153293836641N12207713WA016550172754
B2153303836636N12207713WA016530172526
B2153313836630N12207713WA016500172271
B2153323836625N12207712WA016470172005
B2153333836618N12207712WA016450171894
B2153343836612N12207712WA016430171674
B2153353836606N12207712WA016410171578
B2153363836601N12207713WA016410171420
B2153373836595N12207712WA016400171199
B2153383836590N12207713WA016380170770
B2153393836585N12207712WA016360170439
B2153403836579N12207712WA016330170143
B2153413836573N12207711WA016300169871
B2153423836568N12207709WA016270169749
B2153433836563N12207708WA016240169445
B2153443836558N12207706WA016210169036
B2153453836553N12207704WA016170168606
B2153463836547N12207702WA016130168112
B2153473836540N12207700WA016090167780
B2153483836534N12207697WA016050167347
B2153493836528N12207696WA016010167130
B2153503836522N12207693WA015970166858
B2153513836517N12207691WA015940166522
B2153523836512N12207687WA015920166319
B2153533836507N12207684WA015900166282
B2153543836503N12207681WA015900166158
B2153553836499N12207680WA015900166143
B2153563836495N12207679WA015900166027
B2153573836490N12207679WA015900166055
B2153583836485N12207678WA015890165973
B2153593836481N12207676WA015880165707
B2154003836476N12207674WA015870165639
B2154013836471N12207673WA015860165461
B2154023836466N12207671WA015840165175
B2154033836461N12207670WA015820164881
B2154043836456N12207667WA015790164226
B2154053836450N12207664WA015740163503
B2154063836443N12207660WA015690162922
B2154073836435N12207655WA015640162687
B2154083836428N12207651WA015590162538
B2154093836421N12207648WA015550162624
B2154103836414N12207645WA015550162578
B2154113836408N12207643WA015560162582
B2154123836403N12207641WA015560162330
B2154133836397N12207638WA015550162162
B2154143836391N12207634WA015540161964
B2154153836385N12207630WA015520161950
B2154163836379N12207626WA015510161952
B2154173836373N12207623WA015500161766
B2154183836367N12207621WA015480161414
B2154193836360N12207618WA015460161124
B2154203836353N12207614WA015430160812
B2154213836346N12207608WA015410160619
B2154223836339N12207603WA015380160557
B2154233836333N12207599WA015360160411
B2154243836327N12207594WA015350160329
B2154253836321N12207591WA015340160135
B2154263836315N12207588WA015330159943
B2154273836309N12207584WA015320159649
B2154283836303N12207581WA015300159334
B2154293836297N12207577WA015270159005
B2154303836290N12207573WA015240158763
B2154313836284N12207569WA015210158512
B2154323836277N12207565WA015180158391
B2154333836272N12207560WA015150158108
B2154343836266N12207556WA015120157935
B2154353836260N12207551WA015100157778
B2154363836255N12207546WA015080157509
B2154373836249N12207541WA015060157329
B2154383836243N12207537WA015040157240
B2154393836237N12207532WA015030157083
B2154403836232N12207527WA015020156814
B2154413836226N12207522WA015000156637
B2154423836220N12207518WA014970156412
B2154433836214N12207513WA014950156203
B2154443836208N12207508WA014930156000
B2154453836202N12207502WA014910155945
B2154463836196N12207497WA014890155894
B2154473836191N12207492WA014890155836
B2154483836185N12207487WA014890155897
B2154493836180N12207482WA014890155778
B2154503836175N12207478WA014890155641
B2154513836170N12207473WA014880155522
B2154523836165N12207468WA014870155423
B2154533836160N12207463WA014860155123
B2154543836154N12207458WA014840154971
B2154553836149N12207453WA014820154702
B2154563836143N12207448WA014800154602
B2154573836137N12207443WA014790154501
B2154583836131N12207438WA014770154411
B2154593836125N12207433WA014760154412
B2155003836119N12207428WA014750154348
B2155013836113N12207425WA014740154276
B2155023836107N12207423WA014730154096
B2155033836102N12207423WA014710153800
B2155043836096N12207422WA014700153536
B2155053836090N12207422WA014680153361
B2155063836084N12207421WA014660153181
B2155073836079N12207420WA014630152800
B2155083836072N12207418WA014610152598
B2155093836066N12207417WA014580152360
B2155103836060N12207415WA014560152200
B2155113836053N12207412WA014540152275
B2155123836047N12207409WA014540152297
B2155133836042N12207406WA014540152154
B2155143836036N12207403WA014530151993
B2155153836031N12207400WA014520151717
B2155163836024N12207398WA014510151484
B2155173836018N12207395WA014490151466
B2155183836012N12207392WA014480151476
B2155193836006N12207390WA014470151495
B2155203836001N12207388WA014470151578
B2155213835997N12207386WA014480151645
B2155223835993N12207383WA014490151659
B2155233835988N12207381WA014490151594
B2155243835983N12207379WA014490151461
B2155253835978N12207376WA014480151222
B2155263835972N12207373WA014470151040
B2155273835966N12207369WA014450150937
B2155283835959N12207366WA014430150898
B2155293835953N12207363WA014420150899
B2155303835948N12207361WA014410150971
B2155313835943N12207358WA014410150795
B2155323835939N12207356WA014410150610
B2155333835934N12207353WA014400150316
B2155343835928N12207351WA014380150084
B2155353835922N12207349WA014360149876
B2155363835916N12207348WA014340149751
B2155373835910N12207346WA014320149648
B2155383835904N12207345WA014310149566
B2155393835898N12207344WA014290149593
B2155403835893N12207342WA014290149435
B2155413835887N12207340WA014280149378
B2155423835882N12207339WA014270149117
B2155433835876N12207339WA014250148830
B2155443835870N12207337WA014230148528
B2155453835863N12207336WA014210148373
B2155463835857N12207334WA014180148016
B2155473835850N12207333WA014150147624
B2155483835843N12207333WA014110147200
B2155493835835N12207333WA014070146940
B2155503835827N12207333WA014040146793
B2155513835820N12207333WA014010146565
B2155523835813N12207333WA013980146315
B2155533835805N12207333WA013950146094
B2155543835798N12207333WA013920145756
B2155553835790N12207333WA013890145499
B2155563835783N12207334WA013870145210
B2155573835775N12207334WA013850145048
B2155583835768N12207335WA013840144927
B2155593835761N12207335WA013840144826
B2156003835754N12207335WA013830144630
B2156013835747N12207334WA013820144545
B2156023835740N12207334WA013810144461
B2156033835733N12207334WA013800144290
B2156043835727N12207334WA013780144010
B2156053835719N12207333WA013760143784
B2156063835712N12207332WA013740143524
B2156073835704N12207331WA013710143241
B2156083835696N12207328WA013690142935
B2156093835688N12207324WA013660142744
B2156103835680N12207320WA013620142470
B2156113835673N12207316WA013600142123
B2156123835665N12207312WA013560141859
B2156133835657N12207309WA013530141554
B2156143835649N12207304WA013510141268
B2156153835641N12207300WA013470141183
B2156163835634N12207297WA013450141191
B2156173835628N12207295WA013450141080
B2156183835623N12207292WA013460140884
B2156193835619N12207289WA013440140326
B2156203835613N12207287WA013410139550
B2156213835606N12207285WA013360138730
B2156223835597N12207284WA013290138095
B2156233835588N12207284WA013220137587
B2156243835580N12207284WA013160137236
B2156253835572N12207283WA013100137059
B2156263835565N12207283WA013060136722
B2156273835558N12207282WA013010136418
B2156283835551N12207283WA012980136122
B2156293835544N12207284WA012960135844
B2156303835537N12207286WA012930135445
B2156313835530N12207289WA012900135140
B2156323835523N12207291WA012870134766
B2156333835516N12207293WA012830134387
B2156343835509N12207295WA012800133864
B2156353835501N12207296WA012760133485
B2156363835493N12207297WA012720133032
B2156373835484N12207298WA012680132860
B2156383835476N12207298WA012650132744
B2156393835469N12207298WA012650132814
B2156403835462N12207297WA012660132898
B2156413835457N12207297WA012660132713
B2156423835451N12207297WA012660132563
B2156433835445N12207298WA012650132181
B2156443835439N12207298WA012620131759
B2156453835432N12207299WA012590131284
B2156463835425N12207299WA012550130856
B2156473835418N12207300WA012510130610
B2156483835410N12207300WA012470130685
B2156493835404N12207300WA012450130957
B2156503835399N12207300WA012460131149
B2156513835394N12207301WA012480131198
B2156523835390N12207302WA012480130969
B2156533835385N12207304WA012480130592
B2156543835380N12207306WA012460130160
B2156553835374N12207308WA012430129746
B2156563835367N12207311WA012400129476
B2156573835361N12207314WA012370129434
B2156583835355N12207317WA012350129555
B2156593835350N12207320WA012330129509
B2157003835344N12207323WA012340129548
B2157013835338N12207326WA012340129460
B2157023835332N12207327WA012330129357
B2157033835326N12207329WA012330129230
B2157043835320N12207330WA012330129320
B2157053835314N12207330WA012330129463
B2157063835309N12207330WA012330129553
B2157073835304N12207329WA012340129659
B2157083835299N12207329WA012350129635
B2157093835293N12207329WA012360129551
B2157103835286N12207328WA012360129395
B2157113835279N12207327WA012350129299
B2157123835272N12207327WA012340129385
B2157133835265N12207327WA012350129691
B2157143835260N12207326WA012360130109
B2157153835255N12207326WA012390130535
B2157163835251N12207325WA012420130751
B2157173835247N12207324WA012440130870
B2157183835243N12207323WA012470130877
B2157193835239N12207323WA012490130947
B2157203835235N12207322WA012510131009
B2157213835230N12207321WA012520131255
B2157223835226N12207320WA012530131341
B2157233835222N12207318WA012540131494
B2157243835219N12207315WA012550131440
B2157253835216N12207309WA012550131429
B2157263835213N12207303WA012550131548
B2157273835211N12207297WA012550131541
B2157283835210N12207289WA012560131755
B2157293835211N12207281WA012560131759
B2157303835214N12207274WA012570131824
B2157313835218N12207268WA012570131861
B2157323835223N12207263WA012580131971
B2157333835229N12207260WA012590132022
B2157343835235N12207259WA012590131905
B2157353835240N12207260WA012600132082
B2157363835246N12207262WA012600132023
B2157373835250N12207266WA012600132041
B2157383835252N12207270WA012600132094
B2157393835253N12207275WA012600132023
B2157403835252N12207280WA012610132135
B2157413835251N12207285WA012610132374
B2157423835251N12207289WA012620132499
B2157433835252N12207293WA012630132519
B2157443835251N12207297WA012640132537
B2157453835248N12207301WA012650132595
B2157463835245N12207303WA012650132548
B2157473835241N12207304WA012660132656
B2157483835237N12207303WA012660132707
B2157493835233N12207301WA012670132823
B2157503835229N12207297WA012680133077
B2157513835226N12207293WA012700133150
B2157523835224N12207287WA012710133202
B2157533835222N12207279WA012720133278
B2157543835222N12207271WA012730133356
B2157553835223N12207263WA012730133311
B2157563835225N12207254WA012730133445
B2157573835228N12207247WA012730133470
B2157583835233N12207241WA012730133416
B2157593835238N12207237WA012740133427
B2158003835244N12207236WA012730133311
B2158013835250N12207236WA012730133241
B2158023835255N12207238WA012720133262
B2158033835259N12207241WA012720133368
B2158043835262N12207247WA012720133320
B2158053835264N12207251WA012720133474
B2158063835267N12207254WA012720133485
B2158073835271N12207257WA012720133554
B2158083835275N12207260WA012730133531
B2158093835278N12207263WA012740133543
B2158103835280N12207267WA012740133419
B2158113835279N12207273WA012740133396
B2158123835277N12207279WA012730133390
B2158133835274N12207282WA012730133569
B2158143835271N12207285WA012740133733
B2158153835267N12207286WA012750134094
B2158163835264N12207286WA012770134031
B2158173835260N12207284WA012780134185
B2158183835257N12207281WA012800134125
B2158193835253N12207277WA012810134250
B2158203835250N12207271WA012820134224
B2158213835247N12207264WA012830134379
B2158223835245N12207257WA012830134388
B2158233835245N12207249WA012830134438
B2158243835245N12207241WA012840134676
B2158253835247N12207233WA012840134714
B2158263835249N12207225WA012850134887
B2158273835253N12207218WA012860134847
B2158283835257N12207212WA012870134784
B2158293835262N12207206WA012870134769
B2158303835267N12207202WA012860134652
B2158313835272N12207198WA012860134542
B2158323835278N12207195WA012850134406
B2158333835283N12207194WA012840134286
B2158343835289N12207195WA012820134085
B2158353835295N12207198WA012810133953
B2158363835299N12207202WA012790133936
B2158373835301N12207207WA012790134005
B2158383835301N12207211WA012790134115
B2158393835300N12207214WA012800134057
B2158403835299N12207217WA012800133900
B2158413835296N12207219WA012790133735
B2158423835292N12207221WA012780133685
B2158433835288N12207223WA012780133746
B2158443835283N12207224WA012780133831
B2158453835278N12207223WA012780133972
B2158463835275N12207221WA012790134168
B2158473835273N12207220WA012800134219
B2158483835270N12207220WA012800134114
B2158493835266N12207219WA012800134019
B2158503835260N12207219WA012790133996
B2158513835255N12207219WA012780133912
B2158523835249N12207219WA012780134168
B2158533835244N12207221WA012800134380
B2158543835240N12207222WA012820134617
B2158553835235N12207223WA012850134934
B2158563835230N12207223WA012880135359
B2158573835226N12207224WA012910135901
B2158583835221N12207223WA012960136587
B2158593835218N12207222WA013010137104
B2159003835214N12207220WA013070137598
B2159013835212N12207218WA013120137929
B2159023835208N12207217WA013170138264
B2159033835204N12207215WA013220138529
B2159043835199N12207214WA013260138937
B2159053835194N12207213WA013300139385
B2159063835191N12207213WA013340139634
B2159073835189N12207214WA013360139807
B2159083835187N12207217WA013360139961
B2159093835187N12207220WA013350140079
B2159103835190N12207227WA013350139967
B2159113835195N12207232WA013340139808
B2159123835201N12207236WA013350139951
B2159133835208N12207237WA013360140170
B2159143835215N12207237WA013380140463
B2159153835222N12207236WA013400140609
B2159163835227N12207235WA013420140999
B2159173835233N12207234WA013450141155
B2159183835239N12207232WA013480141500
B2159193835243N12207229WA013520142134
B2159203835246N12207225WA013560142584
B2159213835249N12207220WA013600142801
B2159223835250N12207212WA013640143013
B2159233835249N12207204WA013680143364
B2159243835247N12207196WA013710143698
B2159253835244N12207190WA013750144165
B2159263835240N12207186WA013780144549
B2159273835236N12207186WA013820144862
B2159283835233N12207187WA013860145152
B2159293835231N12207189WA013900145519
B2159303835230N12207193WA013930145717
B2159313835231N12207198WA013950145962
B2159323835236N12207202WA013950145948
B2159333835243N12207205WA013950146035
B2159343835251N12207205WA013960146256
B2159353835259N12207203WA013960146402
B2159363835265N12207199WA013990146953
B2159373835270N12207194WA014020147748
B2159383835273N12207189WA014070148364
B2159393835274N12207183WA014120148545
B2159403835273N12207177WA014160148681
B2159413835272N12207170WA014200148753
B2159423835269N12207164WA014240148992
B2159433835266N12207159WA014270149239
B2159443835261N12207157WA014290149590
B2159453835257N12207155WA014310149952
B2159463835253N12207154WA014340150233
B2159473835249N12207154WA014360150558
B2159483835246N12207157WA014400150847
B2159493835245N12207162WA014430151101
B2159503835245N12207166WA014460151524
B2159513835246N12207171WA014490151711
B2159523835247N12207176WA014520151858
B2159533835250N12207182WA014550152003
B2159543835254N12207187WA014570152330
B2159553835260N12207189WA014590152658
B2159563835266N12207190WA014620152986
B2159573835272N12207189WA014640153073
B2159583835277N12207186WA014660153161
B2159593835283N12207180WA014660153119
B2200003835288N12207174WA014660153254
B2200013835293N12207166WA014660153569
B2200023835296N12207159WA014680153981
B2200033835297N12207151WA014700154363
B2200043835296N12207144WA014720154463
B2200053835293N12207138WA014750154541
B2200063835289N12207134WA014770154716
B2200073835283N12207134WA014790154940
B2200083835278N12207135WA014820155144
B2200093835275N12207138WA014840155444
B2200103835274N12207142WA014870155600
B2200113835274N12207146WA014890155947
B2200123835276N12207151WA014920156115
B2200133835279N12207155WA014950156357
B2200143835284N12207159WA014970156731
B2200153835289N12207161WA015000157081
B2200163835295N12207161WA015030157343
B2200173835300N12207158WA015060157540
B2200183835304N12207151WA015080157537
B2200193835307N12207143WA015080157502
B2200203835306N12207134WA015080157799
B2200213835303N12207127WA015090157996
B2200223835298N12207123WA015100158294
B2200233835294N12207122WA015120158511
B2200243835289N12207123WA015140158780
B2200253835286N12207126WA015170158970
B2200263835284N12207130WA015190159066
B2200273835284N12207136WA015210159136
B2200283835286N12207142WA015230159406
B2200293835289N12207147WA015260159794
B2200303835295N12207149WA015290160107
B2200313835300N12207150WA015330160411
B2200323835305N12207148WA015360160634
B2200333835310N12207143WA015380160809
B2200343835313N12207138WA015410161060
B2200353835315N12207131WA015430161391
B2200363835317N12207124WA015460161621
B2200373835317N12207117WA015480161810
B2200383835315N12207110WA015510162141
B2200393835312N12207104WA015530162329
B2200403835308N12207102WA015550162502
B2200413835303N12207101WA015560162749
B2200423835299N12207103WA015570162827
B2200433835295N12207108WA015580162982
B2200443835294N12207113WA015590163154
B2200453835294N12207119WA015600163272
B2200463835295N12207126WA015620163480
B2200473835297N12207132WA015640163654
B2200483835300N12207137WA015660163936
B2200493835304N12207142WA015680164101
B2200503835308N12207145WA015710164390
B2200513835314N12207145WA015730164581
B2200523835320N12207143WA015750164748
B2200533835325N12207140WA015770164853
B2200543835329N12207134WA015790165069
B2200553835332N12207128WA015800165165
B2200563835333N12207121WA015810165397
B2200573835333N12207114WA015830165639
B2200583835330N12207109WA015840165894
B2200593835327N12207106WA015860166043
B2201003835323N12207104WA015890166301
B2201013835318N12207102WA015910166587
B2201023835314N12207100WA015940166779
B2201033835310N12207099WA015960166932
B2201043835305N12207098WA015980167153
B2201053835301N12207099WA016010167304
B2201063835297N12207103WA016030167368
B2201073835296N12207110WA016040167485
B2201083835298N12207117WA016050167564
B2201093835302N12207124WA016060168044
B2201103835307N12207128WA016080168506
B2201113835312N12207129WA016110169006
B2201123835316N12207129WA016140169211
B2201133835320N12207127WA016170169422
B2201143835324N12207124WA016200169562
B2201153835328N12207119WA016230169736
B2201163835330N12207113WA016250169941
B2201173835330N12207105WA016280170098
B2201183835330N12207098WA016290170202
B2201193835327N12207092WA016300170491
B2201203835324N12207088WA016320170615
B2201213835320N12207086WA016340170837
B2201223835315N12207085WA016360170897
B2201233835311N12207086WA016380171068
B2201243835308N12207090WA016390171058
B2201253835307N12207097WA016400171234
B2201263835307N12207104WA016410171352
B2201273835309N12207110WA016420171459
B2201283835312N12207117WA016430171862
B2201293835316N12207121WA016450172169
B2201303835320N12207124WA016480172566
B2201313835325N12207125WA016500172632
B2201323835330N12207123WA016530172738
B2201333835335N12207120WA016550172739
B2201343835339N12207116WA016560172991
B2201353835343N12207109WA016570173119
B2201363835345N12207103WA016590173332
B2201373835346N12207096WA016600173671
B2201383835347N12207089WA016630173965
B2201393835347N12207083WA016650174229
B2201403835345N12207079WA016680174232
B2201413835341N12207076WA016700174283
B2201423835337N12207075WA016710174445
B2201433835333N12207076WA016730174558
B2201443835329N12207079WA016740174889
B2201453835327N12207084WA016760175001
B2201463835325N12207088WA016780175238
B2201473835324N12207094WA016800175475
B2201483835325N12207100WA016810175408
B2201493835327N12207106WA016820175418
B2201503835330N12207112WA016830175694
B2201513835336N12207116WA016840175904
B2201523835341N12207117WA016850176259
B2201533835346N12207117WA016870176480
B2201543835351N12207114WA016890176671
B2201553835355N12207109WA016910176855
B2201563835358N12207103WA016930176901
B2201573835359N12207096WA016950177127
B2201583835358N12207090WA016970177240
B2201593835356N12207083WA016990177367
B2202003835354N12207078WA017000177520
B2202013835351N12207074WA017020177753
B2202023835348N12207072WA017040177942
B2202033835344N12207072WA017060178031
B2202043835340N12207074WA017060178024
B2202053835337N12207079WA017070178211
B2202063835335N12207085WA017080178456
B2202073835336N12207092WA017090178635
B2202083835338N12207098WA017100178723
B2202093835341N12207102WA017120178897
B2202103835346N12207106WA017140179063
B2202113835351N12207109WA017160179272
B2202123835357N12207110WA017170179308
B2202133835362N12207108WA017190179589
B2202143835367N12207104WA017210179640
B2202153835369N12207098WA017220179780
B2202163835371N12207091WA017240180055
B2202173835371N12207085WA017250180177
B2202183835370N12207080WA017270180244
B2202193835367N12207077WA017280180340
B2202203835363N12207074WA017280180314
B2202213835358N12207073WA017280180356
B2202223835353N12207073WA017280180482
B2202233835349N12207072WA017290180601
B2202243835344N12207070WA017300180989
B2202253835341N12207069WA017320181108
B2202263835337N12207068WA017340181248
B2202273835333N12207067WA017350181239
B2202283835329N12207066WA017370181207
B2202293835324N12207065WA017380181244
B2202303835319N12207064WA017380181343
B2202313835314N12207063WA017380181493
B2202323835311N12207062WA017390181629
B2202333835308N12207063WA017400181721
B2202343835304N12207063WA017400181686
B2202353835300N12207064WA017410181580
B2202363835296N12207065WA017400181420
B2202373835291N12207066WA017390181336
B2202383835286N12207068WA017380181268
B2202393835282N12207071WA017380181216
B2202403835277N12207074WA017370181279
B2202413835273N12207078WA017370181274
B2202423835270N12207080WA017370181209
B2202433835266N12207082WA017370181125
B2202443835261N12207083WA017370181067
B2202453835257N12207085WA017360181023
B2202463835253N12207087WA017350180957
B2202473835250N12207089WA017340180869
B2202483835247N12207091WA017330180657
B2202493835244N12207093WA017310180315
B2202503835239N12207095WA017290180084
B2202513835234N12207097WA017260179884
B2202523835229N12207098WA017230179859
B2202533835224N12207100WA017220179952
B2202543835220N12207101WA017220180057
B2202553835217N12207102WA017230180018
B2202563835214N12207104WA017240179920
B2202573835211N12207105WA017230179723
B2202583835207N12207106WA017220179474
B2202593835203N12207107WA017200179049
B2203003835198N12207108WA017180178888
B2203013835194N12207109WA017160178725
B2203023835190N12207110WA017140178611
B2203033835186N12207111WA017120178510
B2203043835182N12207112WA017100178311
B2203053835177N12207113WA017080178190
B2203063835173N12207114WA017060177885
B2203073835169N12207116WA017040177663
B2203083835165N12207117WA017010177327
B2203093835160N12207119WA016980177180
B2203103835156N12207120WA016960176938
B2203113835152N12207122WA016940176807
B2203123835147N12207124WA016920176795
B2203133835143N12207126WA016920176682
B2203143835139N12207127WA016910176566
B2203153835135N12207129WA016900176431
B2203163835131N12207130WA016900176342
B2203173835127N12207131WA016890176277
B2203183835123N12207133WA016870176296
B2203193835119N12207135WA016860176088
B2203203835115N12207138WA016850175840
B2203213835110N12207140WA016830175693
B2203223835106N12207142WA016810175565
B2203233835102N12207144WA016790175279
B2203243835098N12207147WA016780175076
B2203333835051N12207156WA016660173938
B2203353835044N12207160WA016610173259
B2203363835037N12207160WA016590173183
B2203373835028N12207160WA016560173052
B2203393835018N12207160WA016540172796
B2203403835012N12207160WA016540172691
B2203413835007N12207159WA016530172429
B2203423835000N12207159WA016510172395
B2203433834994N12207159WA016500172132
B2203443834987N12207159WA016480172080
B2203453834981N12207159WA016470171943
B2203463834975N12207159WA016460171856
B2203473834969N12207159WA016450171766
B2203483834963N12207159WA016440171467
B2203493834957N12207159WA016430171228
B2203503834951N12207160WA016420171124
B2203513834944N12207160WA016400170987
B2203523834938N12207161WA016380170738
B2203533834931N12207163WA016360170681
B2203543834925N12207164WA016350170457
B2203553834919N12207166WA016330170358
B2203563834913N12207168WA016310170146
B2203573834907N12207170WA016290169947
B2203583834901N12207173WA016270169715
B2203593834895N12207176WA016250169549
B2204003834890N12207181WA016230169424
B2204013834884N12207186WA016200169180
B2204023834878N12207190WA016180168893
B2204033834872N12207194WA016150168646
B2204043834866N12207199WA016130168521
B2204053834860N12207202WA016120168537
B2204063834855N12207205WA016130168603
B2204073834850N12207207WA016140168827
B2204083834845N12207210WA016140168861
B2204093834840N12207212WA016130168561
B2204103834834N12207213WA016110168162
B2204113834828N12207213WA016090167919
B2204123834821N12207214WA016070167994
B2204133834816N12207215WA016050167957
B2204143834811N12207216WA016050167865
B2204153834806N12207217WA016040167450
B2204163834800N12207217WA016010167081
B2204173834794N12207216WA015990166508
B2204183834787N12207216WA015950166304
B2204193834780N12207216WA015920166226
B2204203834774N12207216WA015900166113
B2204213834768N12207215WA015880166041
B2204223834763N12207213WA015860165815
B2204233834757N12207211WA015850165677
B2204243834752N12207210WA015830165404
B2204253834746N12207209WA015810165213
B2204263834740N12207207WA015790165055
B2204273834734N12207205WA015770164781
B2204283834729N12207203WA015750164532
B2204293834723N12207202WA015730164251
B2204303834717N12207201WA015700163943
B2204313834711N12207201WA015680163637
B2204323834705N12207202WA015650163348
B2204333834699N12207204WA015620163155
B2204343834693N12207205WA015600162986
B2204353834688N12207206WA015580162838
B2204363834682N12207208WA015570162893
B2204373834678N12207209WA015570162703
B2204383834672N12207210WA015560162670
B2204393834667N12207211WA015550162373
B2204403834662N12207213WA015540162173
B2204413834657N12207215WA015520161950
B2204423834651N12207215WA015500161698
B2204433834646N12207216WA015470161340
B2204443834640N12207216WA015440161056
B2204453834634N12207217WA015420160791
B2204463834628N12207217WA015380160466
B2204473834621N12207217WA015350160293
B2204483834615N12207216WA015320160118
B2204493834608N12207216WA015300160247
B2204503834603N12207217WA015320160400
B2204513834600N12207217WA015350160610
B2204523834598N12207216WA015370161005
B2204533834596N12207216WA015400161142
B2204543834594N12207216WA015410161171
B2204553834592N12207215WA015400161106
B2204563834588N12207215WA015380161041
B2204573834582N12207215WA015370160943
B2204583834577N12207215WA015360161015
B2204593834572N12207215WA015370161085
B2205003834568N12207215WA015370160995
B2205013834564N12207216WA015360160770
B2205023834559N12207216WA015360160563
B2205033834554N12207216WA015350160362
B2205043834550N12207215WA015340160441
B2205053834546N12207213WA015340160476
B2205063834543N12207212WA015340160445
B2205073834539N12207212WA015340160383
B2205083834536N12207211WA015330160107
B2205093834531N12207211WA015320159953
B2205103834526N12207210WA015310159869
B2205113834522N12207210WA015300159851
B2205123834518N12207209WA015300159894
B2205133834515N12207208WA015300159897
B2205143834512N12207207WA015290159670
B2205153834509N12207204WA015280159337
B2205163834505N12207202WA015260159005
B2205173834499N12207200WA015240158799
B2205183834494N12207199WA015210158471
B2205193834489N12207197WA015180158390
B2205203834485N12207194WA015150158239
B2205213834481N12207193WA015130158107
B2205223834476N12207193WA015110158054
B2205233834471N12207192WA015110157989
B2205243834467N12207192WA015100157863
B2205253834463N12207191WA015100157702
B2205263834457N12207189WA015100157787
B2205273834452N12207188WA015100157841
B2205283834447N12207186WA015110158038
B2205293834442N12207185WA015120158173
B2205303834438N12207183WA015130158267
B2205313834434N12207181WA015140158278
B2205323834430N12207179WA015150158229
B2205333834425N12207178WA015150158152
B2205343834420N12207177WA015150158150
B2205353834415N12207176WA015140158170
B2205363834410N12207174WA015140158174
B2205373834405N12207172WA015140158138
B2205383834399N12207171WA015140158372
B2205393834393N12207169WA015150158699
B2205403834388N12207169WA015170159040
B2205413834383N12207167WA015200159315
B2205423834378N12207165WA015240159638
B2205433834373N12207163WA015270159758
B2205443834368N12207162WA015300159801
B2205453834362N12207160WA015320159963
B2205463834357N12207158WA015340160061
B2205473834352N12207155WA015350160191
B2205483834347N12207151WA015350160171
B2205493834342N12207146WA015350160238
B2205503834337N12207142WA015350160228
B2205513834332N12207139WA015360160341
B2205523834327N12207135WA015360160377
B2205533834323N12207132WA015370160402
B2205543834318N12207128WA015370160412
B2205553834313N12207123WA015370160408
B2205563834307N12207119WA015370160484
B2205573834302N12207115WA015370160592
B2205583834298N12207111WA015380160534
B2205593834293N12207108WA015380160560
B2206003834288N12207105WA015380160556
B2206013834283N12207103WA015380160525
B2206023834277N12207100WA015370160487
B2206033834272N12207097WA015370160446
B2206043834267N12207095WA015370160510
B2206053834262N12207092WA015370160505
B2206063834256N12207090WA015380160683
B2206073834251N12207088WA015380160681
B2206083834246N12207085WA015380160678
B2206093834241N12207083WA015380160665
B2206103834236N12207081WA015380160645
B2206113834231N12207080WA015380160622
B2206123834226N12207078WA015380160638
B2206133834222N12207076WA015380160607
B2206143834218N12207074WA015380160412
B2206153834214N12207071WA015360160231
B2206163834209N12207068WA015350159949
B2206173834203N12207066WA015320159573
B2206183834197N12207062WA015300159389
B2206193834192N12207060WA015270159102
B2206203834186N12207058WA015240159060
B2206213834181N12207056WA015220158946
B2206223834175N12207055WA015200158890
B2206233834170N12207052WA015170158514
B2206243834164N12207049WA015150158222
B2206253834158N12207045WA015120158039
B2206263834152N12207043WA015100157862
B2206273834147N12207041WA015080157623
B2206283834141N12207039WA015050157374
B2206293834136N12207037WA015030157031
B2206303834130N12207034WA015000156652
B2206313834124N12207031WA014970156263
B2206323834117N12207029WA014940155971
B2206333834110N12207026WA014910155776
B2206343834103N12207023WA014880155597
B2206353834097N12207020WA014860155448
B2206363834090N12207018WA014860155391
B2206373834084N12207015WA014850155119
B2206383834077N12207013WA014850155137
B2206393834070N12207011WA014840155096
B2206403834064N12207009WA014830154959
B2206413834058N12207008WA014810154848
B2206423834052N12207008WA014800154623
B2206433834046N12207007WA014780154505
B2206443834039N12207006WA014770154487
B2206453834033N12207006WA014760154373
B2206463834027N12207005WA014740154178
B2206473834021N12207005WA014730153960
B2206483834015N12207004WA014710153814
B2206493834008N12207004WA014700153832
B2206503834001N12207004WA014700153885
B2206513833996N12207004WA014710153909
B2206523833991N12207005WA014720154025
B2206533833986N12207005WA014730154074
B2206543833982N12207005WA014730153911
B2206553833977N12207005WA014730153700
B2206563833971N12207005WA014710153543
B2206573833965N12207005WA014700153352
B2206583833959N12207004WA014680153388
B2206593833954N12207004WA014670153346
B2207003833949N12207004WA014660153357
B2207013833944N12207004WA014660153388
B2207023833940N12207004WA014660153116
B2207033833935N12207003WA014660153049
B2207043833930N12207003WA014640152930
B2207053833925N12207002WA014630152805
B2207063833919N12207001WA014620152858
B2207073833914N12207001WA014620152920
B2207083833909N12206999WA014620153038
B2207093833904N12206999WA014630153094
B2207103833901N12206999WA014630153021
B2207113833897N12206998WA014630152986
B2207123833894N12206997WA014620152623
B2207133833889N12206995WA014600152388
B2207143833884N12206994WA014580152153
B2207153833879N12206993WA014560151910
B2207163833874N12206992WA014530151905
B2207173833869N12206991WA014520151858
B2207183833865N12206991WA014510151842
B2207193833861N12206990WA014500151756
B2207203833857N12206990WA014490151525
B2207213833853N12206991WA014470151301
B2207223833848N12206992WA014460151225
B2207233833843N12206994WA014440151171
B2207243833839N12206995WA014430151173
B2207253833836N12206996WA014420151005
B2207263833832N12206997WA014420150947
B2207273833828N12206999WA014410150665
B2207283833824N12207001WA014390150420
B2207293833819N12207001WA014370150269
B2207303833814N12207002WA014350150194
B2207313833810N12207002WA014340150053
B2207323833806N12207002WA014320149927
B2207333833801N12207003WA014310149864
B2207343833797N12207004WA014300149802
B2207353833792N12207004WA014300149876
B2207363833788N12207005WA014300149881
B2207373833785N12207005WA014300149634
B2207383833781N12207005WA014290149486
B2207393833777N12207006WA014280149160
B2207403833772N12207006WA014260148967
B2207413833767N12207006WA014240148885
B2207423833764N12207005WA014220148729
B2207433833760N12207005WA014210148674
B2207443833756N12207005WA014190148599
B2207453833752N12207006WA014170148378
B2207463833748N12207007WA014150148232
B2207473833743N12207007WA014130148186
B2207483833739N12207007WA014120148098
B2207493833736N12207007WA014120147934
B2207503833732N12207007WA014110147850
B2207513833728N12207007WA014110147710
B2207523833723N12207007WA014100147504
B2207533833717N12207007WA014090147487
B2207543833712N12207007WA014080147438
B2207553833707N12207007WA014070147425
B2207563833702N12207007WA014070147414
B2207573833697N12207007WA014070147416
B2207583833692N12207007WA014080147546
B2207593833688N12207007WA014080147627
B2208003833684N12207007WA014090147738
B2208013833681N12207007WA014110147937
B2208023833678N12207007WA014120148184
B2208033833677N12207006WA014140148218
B2208043833675N12207006WA014150148170
B2208053833673N12207004WA014150147983
B2208063833671N12207001WA014140147879
B2208073833668N12206999WA014130147893
B2208083833666N12206997WA014120147802
B2208093833663N12206995WA014120147953
B2208103833661N12206993WA014120147945
B2208113833659N12206992WA014120147811
B2208123833656N12206990WA014120147817
B2208133833652N12206988WA014110147798
B2208143833649N12206986WA014110147764
B2208153833646N12206984WA014100147646
B2208163833643N12206983WA014100147546
B2208173833640N12206982WA014090147526
B2208183833636N12206980WA014080147494
B2208193833632N12206977WA014050147161
B2208203833628N12206973WA014040147102
B2208213833623N12206969WA014030147276
B2208223833620N12206966WA014030147443
B2208233833617N12206963WA014040147477
B2208243833615N12206961WA014050147319
B2208253833612N12206960WA014060147201
B2208263833608N12206957WA014060147032
B2208273833604N12206953WA014050146990
B2208283833601N12206948WA014040146960
B2208293833598N12206943WA014040146960
B2208303833596N12206938WA014030146916
B2208313833593N12206934WA014030147090
B2208323833592N12206927WA014030147108
B2208333833590N12206921WA014030147105
B2208343833587N12206915WA014020147092
B2208353833586N12206908WA014010146805
B2208363833584N12206901WA014000146629
B2208373833582N12206894WA013990146548
B2208383833580N12206886WA013970146346
B2208393833578N12206878WA013960146321
B2208403833576N12206870WA013950146430
B2208413833575N12206862WA013960146523
B2208423833575N12206854WA013970146605
B2208433833574N12206846WA013970146527
B2208443833572N12206838WA013970146373
B2208453833570N12206829WA013960146270
B2208463833568N12206820WA013960146438
B2208473833566N12206813WA013970146615
B2208483833564N12206807WA013980146820
B2208493833562N12206800WA013990147059
B2208503833560N12206795WA014010147164
B2208513833558N12206789WA014020147278
B2208523833556N12206784WA014030147141
B2208533833554N12206778WA014030147142
B2208543833552N12206771WA014040147208
B2208553833549N12206766WA014050147543
B2208563833546N12206760WA014060147877
B2208573833543N12206755WA014080148054
B2208583833540N12206750WA014100148317
B2208593833536N12206748WA014130148680
B2209003833534N12206748WA014160148802
B2209013833532N12206750WA014190149131
B2209023833532N12206753WA014220149132
B2209033833533N12206756WA014240149252
B2209043833536N12206759WA014260149335
B2209053833540N12206762WA014260149371
B2209063833546N12206763WA014260149232
B2209073833553N12206762WA014250149123
B2209083833560N12206759WA014250149254
B2209093833567N12206754WA014250149409
B2209103833573N12206749WA014270149601
B2209113833577N12206742WA014280149985
B2209123833581N12206735WA014300150059
B2209133833583N12206728WA014320150166
B2209143833584N12206720WA014330150018
B2209153833582N12206712WA014340150040
B2209163833580N12206703WA014330150108
B2209173833577N12206697WA014340150408
B2209183833573N12206694WA014360150787
B2209193833570N12206694WA014370150880
B2209203833568N12206695WA014390151098
B2209213833568N12206698WA014420151228
B2209223833568N12206702WA014440151593
B2209233833570N12206705WA014460151667
B2209243833572N12206709WA014490151842
B2209253833575N12206712WA014510151914
B2209263833579N12206714WA014530151937
B2209273833585N12206716WA014520151930
B2209283833592N12206715WA014520151975
B2209293833599N12206713WA014520152084
B2209303833606N12206709WA014530152357
B2209313833612N12206704WA014540152512
B2209323833616N12206697WA014550152538
B2209333833619N12206690WA014560152612
B2209343833620N12206682WA014570152773
B2209353833621N12206674WA014580152867
B2209363833621N12206667WA014590153038
B2209373833620N12206661WA014610153120
B2209383833618N12206654WA014620153055
B2209393833615N12206649WA014630153050
B2209403833612N12206644WA014630153016
B2209413833607N12206642WA014640153191
B2209423833603N12206641WA014640153440
B2209433833599N12206640WA014660153888
B2209443833596N12206641WA014690154270
B2209453833594N12206642WA014720154534
B2209463833593N12206645WA014740154654
B2209473833594N12206649WA014770154893
B2209483833598N12206653WA014800154910
B2209493833603N12206657WA014820154900
B2209503833608N12206660WA014830155182
B2209513833614N12206661WA014840155386
B2209523833621N12206660WA014850155469
B2209533833627N12206657WA014870155574
B2209543833633N12206651WA014880155518
B2209553833638N12206644WA014880155629
B2209563833642N12206637WA014880155751
B2209573833644N12206629WA014880155902
B2209583833643N12206621WA014890156003
B2209593833640N12206614WA014900156168
B2210003833637N12206610WA014910156230
B2210013833633N12206606WA014930156546
B2210023833630N12206601WA014940156741
B2210033833628N12206595WA014970157061
B2210043833626N12206590WA014990157261
B2210053833623N12206587WA015010157384
B2210063833620N12206587WA015030157264
B2210073833618N12206590WA015040157345
B2210083833618N12206595WA015040157516
B2210093833619N12206601WA015050157790
B2210103833624N12206605WA015070157926
B2210113833629N12206608WA015090158151
B2210123833635N12206609WA015110158412
B2210133833641N12206608WA015130158605
B2210143833647N12206605WA015150158701
B2210153833652N12206599WA015170158731
B2210163833655N12206591WA015170158676
B2210173833657N12206583WA015170158630
B2210183833657N12206574WA015170158645
B2210193833657N12206566WA015170158709
B2210203833655N12206560WA015170158616
B2210213833651N12206555WA015160158635
B2210223833647N12206551WA015160158808
B2210233833642N12206550WA015170159167
B2210243833639N12206552WA015190159372
B2210253833638N12206556WA015210159530
B2210263833637N12206559WA015230159752
B2210273833635N12206562WA015260159971
B2210283833633N12206565WA015280160180
B2210293833632N12206568WA015310160368
B2210303833632N12206573WA015330160524
B2210313833633N12206577WA015360160826
B2210323833636N12206581WA015390161009
B2210333833640N12206585WA015420161245
B2210343833646N12206588WA015440161421
B2210353833652N12206589WA015460161651
B2210363833659N12206587WA015480161712
B2210373833664N12206582WA015490161850
B2210383833667N12206573WA015480161826
B2210393833667N12206565WA015480161823
B2210403833664N12206557WA015480161996
B2210413833662N12206550WA015490162238
B2210423833660N12206545WA015520162760
B2210433833659N12206538WA015540163189
B2210443833658N12206533WA015570163394
B2210453833657N12206529WA015600163406
B2210463833654N12206527WA015620163309
B2210473833650N12206528WA015630163406
B2210483833648N12206531WA015640163503
B2210493833648N12206535WA015650163769
B2210503833651N12206541WA015670163803
B2210513833655N12206545WA015680164071
B2210523833661N12206547WA015700164271
B2210533833667N12206547WA015720164596
B2210543833674N12206546WA015740164844
B2210553833680N12206543WA015770165058
B2210563833685N12206539WA015790165288
B2210573833690N12206534WA015810165231
B2210583833693N12206526WA015820165393
B2210593833695N12206518WA015830165421
B2211003833694N12206510WA015830165567
B2211013833691N12206504WA015840165674
B2211023833688N12206499WA015850165908
B2211033833684N12206498WA015870166163
B2211043833681N12206498WA015880166314
B2211053833678N12206500WA015900166566
B2211063833677N12206503WA015930166676
B2211073833677N12206508WA015950166883
B2211083833678N12206513WA015970166992
B2211093833680N12206518WA015990167091
B2211103833683N12206523WA016010167294
B2211113833688N12206527WA016030167445
B2211123833694N12206530WA016040167524
B2211133833701N12206531WA016060167700
B2211143833707N12206529WA016080168045
B2211153833713N12206526WA016100168212
B2211163833717N12206521WA016110168367
B2211173833720N12206515WA016120168296
B2211183833722N12206508WA016110168214
B2211193833721N12206500WA016100168177
B2211203833719N12206493WA016100168256
B2211213833715N12206488WA016100168487
B2211223833712N12206486WA016110168671
B2211233833709N12206485WA016130168994
B2211243833707N12206485WA016140169012
B2211253833704N12206486WA016160169146
B2211263833702N12206489WA016180169127
B2211273833700N12206494WA016190169141
B2211283833698N12206498WA016210169226
B2211293833695N12206502WA016220169469
B2211303833693N12206507WA016230169710
B2211313833691N12206511WA016250170031
B2211323833690N12206516WA016270170291
B2211333833692N12206521WA016300170320
B2211343833695N12206526WA016320170516
B2211353833700N12206531WA016340170701
B2211363833706N12206533WA016360170725
B2211373833713N12206534WA016370170912
B2211383833719N12206531WA016380171025
B2211393833723N12206526WA016380171192
B2211403833727N12206519WA016380171102
B2211413833728N12206511WA016380171267
B2211423833727N12206505WA016380171291
B2211433833725N12206498WA016380171274
B2211443833722N12206494WA016380171220
B2211453833717N12206490WA016390171362
B2211463833713N12206486WA016400171657
B2211473833710N12206482WA016410172019
B2211483833707N12206479WA016440172334
B2211493833704N12206477WA016460172573
B2211503833701N12206476WA016490172681
B2211513833698N12206476WA016510172632
B2211523833695N12206478WA016530172714
B2211533833693N12206482WA016540172829
B2211543833693N12206488WA016560172953
B2211553833695N12206494WA016570173212
B2211563833698N12206498WA016590173443
B2211573833703N12206501WA016610173630
B2211583833709N12206502WA016630173811
B2211593833715N12206501WA016650174062
B2212003833721N12206499WA016670174250
B2212013833727N12206495WA016690174402
B2212023833731N12206489WA016700174586
B2212033833735N12206482WA016710174629
B2212043833736N12206475WA016710174774
B2212053833737N12206467WA016710174739
B2212063833736N12206461WA016720174902
B2212073833733N12206455WA016730175049
B2212083833730N12206453WA016740175110
B2212093833726N12206451WA016750175225
B2212103833722N12206451WA016770175440
B2212113833718N12206450WA016780175563
B2212123833714N12206449WA016800175783
B2212133833711N12206448WA016820175820
B2212143833707N12206446WA016840175946
B2212153833703N12206445WA016850176033
B2212163833699N12206443WA016860176227
B2212173833695N12206442WA016870176303
B2212183833690N12206441WA016880176591
B2212193833687N12206440WA016890176602
B2212203833683N12206439WA016910176816
B2212213833679N12206439WA016920176950
B2212223833675N12206438WA016940177055
B2212233833671N12206438WA016950177042
B2212243833666N12206437WA016960177099
B2212253833662N12206437WA016960177057
B2212263833658N12206437WA016960177136
B2212273833654N12206437WA016960177111
B2212283833649N12206436WA016960177235
B2212293833644N12206436WA016970177301
B2212303833638N12206436WA016980177494
B2212313833634N12206436WA016990177678
B2212323833630N12206436WA017010177895
B2212333833627N12206435WA017030178028
B2212343833623N12206435WA017050178106
B2212353833618N12206436WA017070178211
B2212363833613N12206436WA017090178507
B2212373833608N12206437WA017110178861
B2212383833604N12206437WA017140179288
B2212393833601N12206438WA017170179414
B2212403833597N12206438WA017200179648
B2212413833593N12206439WA017230179876
B2212423833589N12206440WA017250180111
B2212433833584N12206440WA017280180424
B2212443833579N12206440WA017300180769
B2212453833575N12206441WA017330181056
B2212463833571N12206442WA017360181452
B2212473833567N12206442WA017400181765
B2212483833564N12206443WA017430182018
B2212493833561N12206445WA017460182322
B2212503833557N12206446WA017490182585
B2212513833553N12206447WA017510182695
B2212523833549N12206448WA017510182776
B2212533833545N12206450WA017510182760
B2212543833541N12206450WA017520182877
B2212553833538N12206450WA017520182907
B2212563833534N12206450WA017530182927
B2212573833530N12206451WA017530182926
B2212583833525N12206453WA017540183097
B2212593833521N12206455WA017550183123
B2213003833516N12206456WA017560183349
B2213013833512N12206458WA017570183505
B2213023833507N12206460WA017590183792
B2213033833504N12206461WA017610183927
B2213043833500N12206463WA017630184043
B2213053833496N12206465WA017640184013
B2213063833491N12206467WA017650184025
B2213073833486N12206468WA017650184004
B2213083833481N12206468WA017650184125
B2213093833477N12206468WA017650184215
B2213103833474N12206469WA017660184100
B2213113833471N12206470WA017650183901
B2213123833467N12206471WA017640183678
B2213133833463N12206474WA017620183243
B2213143833458N12206476WA017600182834
B2213153833452N12206478WA017570182653
B2213163833446N12206480WA017540182486
B2213173833440N12206483WA017510182290
B2213183833435N12206485WA017480182104
B2213193833429N12206487WA017450181916
B2213203833423N12206489WA017430181719
B2213213833417N12206492WA017410181401
B2213223833410N12206494WA017380181174
B2213233833404N12206497WA017350180901
B2213243833397N12206500WA017330180610
B2213253833390N12206502WA017300180418
B2213263833383N12206504WA017280180329
B2213273833376N12206506WA017270180128
B2213283833369N12206509WA017240179922
B2213293833362N12206511WA017230179638
B2213303833355N12206514WA017210179466
B2213313833348N12206516WA017190179277
B2213323833341N12206518WA017160179176
B2213333833334N12206520WA017150178996
B2213343833328N12206522WA017130178818
B2213353833321N12206524WA017120178657
B2213363833315N12206526WA017110178601
B2213373833308N12206526WA017100178548
B2213383833301N12206527WA017090178462
B2213393833294N12206528WA017080178282
B2213403833288N12206529WA017060178108
B2213413833281N12206532WA017050177930
B2213423833274N12206534WA017030177744
B2213433833267N12206536WA017020177547
B2213443833260N12206538WA017000177438
B2213453833253N12206540WA016980177256
B2213463833246N12206542WA016970177077
B2213473833239N12206544WA016950176875
B2213483833232N12206546WA016930176661
B2213493833225N12206548WA016910176560
B2213503833218N12206549WA016890176478
B2213513833211N12206551WA016880176293
B2213523833204N12206552WA016860176097
B2213533833198N12206553WA016850175907
B2213543833191N12206555WA016840175841
B2213553833185N12206556WA016830175719
B2213563833178N12206558WA016820175681
B2213573833172N12206558WA016810175477
B2213583833166N12206559WA016800175364
B2213593833160N12206560WA016780175165
B2214003833154N12206561WA016760174960
B2214013833148N12206561WA016740174665
B2214023833142N12206562WA016720174321
B2214033833135N12206562WA016690174059
B2214043833129N12206563WA016670173801
B2214053833122N12206562WA016640173645
B2214063833115N12206561WA016610173464
B2214073833109N12206560WA016590173105
B2214083833102N12206559WA016560172948
B2214093833096N12206559WA016540172729
B2214103833090N12206560WA016520172603
B2214113833083N12206560WA016500172492
B2214123833077N12206559WA016490172298
B2214133833071N12206559WA016470171981
B2214143833065N12206558WA016450171748
B2214153833059N12206558WA016430171509
B2214163833052N12206559WA016410171461
B2214173833046N12206559WA016390171341
B2214183833040N12206559WA016380171251
B2214193833034N12206558WA016380171079
B2214203833028N12206558WA016370170898
B2214213833023N12206558WA016360170705
B2214223833016N12206558WA016340170595
B2214233833011N12206558WA016310170304
B2214243833005N12206558WA016290170217
B2214253832999N12206559WA016310170142
B2214263832993N12206559WA016300169976
B2214273832988N12206559WA016290169807
B2214283832982N12206559WA016270169687
B2214293832977N12206559WA016250169459
B2214303832971N12206560WA016230169277
B2214313832966N12206561WA016220169104
B2214323832960N12206562WA016200169051
B2214333832955N12206562WA016180168927
B2214343832950N12206563WA016170168704
B2214353832944N12206564WA016150168572
B2214363832939N12206565WA016130168331
B2214373832933N12206566WA016110168181
B2214383832928N12206567WA016090167951
B2214393832923N12206567WA016070167719
B2214403832917N12206568WA016050167579
B2214413832912N12206570WA016030167340
B2214423832907N12206571WA016010167110
B2214433832901N12206572WA015990166890
B2214443832896N12206573WA015970166652
B2214453832891N12206574WA015940166436
B2214463832885N12206576WA015920166280
B2214473832880N12206577WA015900166031
B2214483832874N12206578WA015880165884
B2214493832869N12206579WA015850165648
B2214503832863N12206581WA015830165461
B2214513832857N12206582WA015820165261
B2214523832851N12206583WA015800165072
B2214533832845N12206584WA015790164895
B2214543832840N12206586WA015770164631
B2214553832834N12206587WA015750164365
B2214563832828N12206588WA015720164199
B2214573832823N12206590WA015700163925
B2214583832817N12206592WA015680163754
B2214593832811N12206594WA015660163583
B2215003832806N12206595WA015640163408
B2215013832800N12206597WA015620163227
B2215023832794N12206599WA015610163064
B2215033832788N12206601WA015590162893
B2215043832783N12206603WA015570162612
B2215053832777N12206605WA015550162432
B2215063832771N12206607WA015530162255
B2215073832766N12206609WA015520162106
B2215083832760N12206611WA015510161949
B2215093832754N12206613WA015490161696
B2215103832749N12206615WA015480161426
B2215113832743N12206617WA015460161388
B2215123832738N12206620WA015440161132
B2215133832733N12206622WA015420161025
B2215143832727N12206624WA015400160897
B2215153832722N12206626WA015380160559
B2215163832717N12206629WA015370160302
B2215173832711N12206631WA015350160126
B2215183832705N12206634WA015330159980
B2215193832700N12206636WA015310159743
B2215203832695N12206638WA015290159626
B2215213832689N12206640WA015260159376
B2215223832684N12206642WA015240159139
B2215233832678N12206645WA015210158993
B2215243832673N12206647WA015190158628
B2215253832667N12206650WA015160158565
B2215263832662N12206652WA015140158339
B2215273832656N12206655WA015120158183
B2215283832651N12206657WA015110157943
B2215293832645N12206659WA015090157695
B2215303832640N12206661WA015070157417
B2215313832634N12206663WA015050157225
B2215323832628N12206665WA015030157031
B2215333832622N12206666WA015000156859
B2215343832616N12206668WA014980156676
B2215353832611N12206670WA014960156404
B2215363832605N12206672WA014940156134
B2215373832599N12206674WA014920155975
B2215383832594N12206676WA014890155716
B2215393832588N12206678WA014870155557
B2215403832582N12206680WA014830155297
B2215413832577N12206683WA014850155041
B2215423832571N12206685WA014840154874
B2215433832566N12206687WA014820154617
B2215443832560N12206689WA014800154464
B2215453832555N12206691WA014790154113
B2215463832549N12206693WA014770154066
B2215473832543N12206696WA014740153883
B2215483832538N12206699WA014720153633
B2215493832532N12206702WA014700153443
B2215503832526N12206704WA014670153388
B2215513832521N12206707WA014650153133
B2215523832515N12206710WA014620152970
B2215533832510N12206712WA014600152725
B2215543832504N12206714WA014580152559
B2215553832499N12206717WA014560152306
B2215563832493N12206720WA014540152151
B2215573832487N12206722WA014520151977
B2215583832481N12206724WA014500151798
B2215593832476N12206726WA014480151519
B2216003832470N12206728WA014460151337
B2216013832464N12206730WA014450151154
B2216023832458N12206732WA014430150950
B2216033832452N12206733WA014410150854
B2216043832446N12206734WA014390150636
B2216053832440N12206735WA014380150447
B2216063832434N12206736WA014360150238
B2216073832428N12206738WA014340150002
B2216083832421N12206739WA014320149873
B2216093832415N12206740WA014310149755
B2216103832409N12206740WA014300149538
B2216113832402N12206740WA014290149497
B2216123832396N12206741WA014280149250
B2216133832390N12206741WA014260149027
B2216143832383N12206742WA014240148997
B2216153832377N12206743WA014230148886
B2216163832371N12206744WA014210148792
B2216173832366N12206744WA014200148629
B2216183832360N12206745WA014180148565
B2216193832354N12206746WA014170148291
B2216203832348N12206746WA014170148086
B2216213832342N12206747WA014160147854
B2216223832336N12206748WA014140147725
B2216233832330N12206749WA014120147602
B2216243832324N12206749WA014100147509
B2216253832318N12206750WA014090147328
B2216263832312N12206752WA014070147161
B2216273832306N12206753WA014050146851
B2216283832300N12206754WA014030146610
B2216293832293N12206754WA014000146399
B2216303832287N12206755WA013980146248
B2216313832281N12206756WA013950146047
B2216323832275N12206757WA013940145968
B2216333832269N12206758WA013920145778
B2216343832263N12206760WA013910145660
B2216353832257N12206760WA013890145458
B2216363832251N12206761WA013880145265
B2216373832245N12206761WA013860145168
B2216383832239N12206762WA013840144940
B2216393832233N12206762WA013830144722
B2216403832227N12206762WA013810144602
B2216413832220N12206762WA013790144494
B2216423832214N12206762WA013780144373
B2216433832208N12206762WA013770144151
B2216443832202N12206762WA013750144013
B2216453832195N12206762WA013740143878
B2216463832189N12206763WA013730143712
B2216473832182N12206763WA013710143686
B2216483832176N12206764WA013710143560
B2216493832170N12206764WA013700143445
B2216503832164N12206764WA013690143349
B2216513832158N12206765WA013680143155
B2216523832152N12206765WA013670143059
B2216533832146N12206766WA013650142932
B2216543832140N12206766WA013640142833
B2216553832134N12206766WA013630142724
B2216563832128N12206766WA013610142516
B2216573832122N12206766WA013600142417
B2216583832116N12206766WA013590142316
B2216593832110N12206766WA013570142227
B2217003832104N12206766WA013560142039
B2217013832098N12206767WA013540141944
B2217023832092N12206767WA013530141726
B2217033832086N12206767WA013510141508
B2217043832079N12206768WA013490141492
B2217053832073N12206768WA013480141383
B2217063832068N12206768WA013470141044
B2217073832062N12206768WA013450140833
B2217083832055N12206768WA013440140854
B2217093832049N12206768WA013430140703
B2217103832042N12206768WA013430140660
B2217113832036N12206767WA013420140536
B2217123832030N12206767WA013410140401
B2217133832023N12206766WA013400140266
B2217143832017N12206765WA013390140149
B2217153832011N12206765WA013380139951
B2217163832005N12206764WA013360139859
B2217173831999N12206764WA013340139638
B2217183831993N12206764WA013330139415
B2217193831986N12206764WA013310139282
B2217203831980N12206764WA013280139171
B2217213831974N12206764WA013270138960
B2217223831968N12206763WA013250138868
B2217233831962N12206763WA013230138653
B2217243831956N12206763WA013220138430
B2217253831950N12206763WA013200138230
B2217263831944N12206763WA013180138101
B2217273831937N12206763WA013160137971
B2217283831931N12206762WA013150137848
B2217293831925N12206762WA013130137613
B2217303831918N12206762WA013120137584
B2217313831912N12206762WA013110137486
B2217323831906N12206762WA013100137399
B2217333831901N12206762WA013090137129
B2217343831895N12206762WA013080136945
B2217353831889N12206762WA013060136851
B2217363831883N12206761WA013040136649
B2217373831877N12206761WA013030136439
B2217383831871N12206761WA013020136229
B2217393831865N12206761WA013010136117
B2217403831859N12206761WA013000136008
B2217413831853N12206761WA012990135807
B2217423831846N12206761WA012970135689
B2217433831840N12206762WA012950135551
B2217443831834N12206762WA012930135332
B2217453831827N12206762WA012910135293
B2217463831821N12206762WA012900135165
B2217473831815N12206762WA012890135014
B2217483831808N12206762WA012890134986
B2217493831802N12206762WA012880134766
B2217503831796N12206762WA012860134747
B2217513831790N12206762WA012850134608
B2217523831783N12206763WA012840134551
B2217533831777N12206763WA012820134425
B2217543831771N12206763WA012820134308
B2217553831764N12206764WA012820134272
B2217563831758N12206764WA012800134147
B2217573831752N12206765WA012800134003
B2217583831745N12206765WA012790134058
B2217593831739N12206766WA012780133912
B2218003831732N12206766WA012770133889
B2218013831726N12206767WA012770133866
B2218023831720N12206768WA012760133754
B2218033831714N12206769WA012750133751
B2218043831708N12206769WA012740133647
B2218053831702N12206770WA012740133544
B2218063831696N12206771WA012730133521
B2218073831690N12206771WA012730133525
B2218083831684N12206771WA012720133409
B2218093831678N12206771WA012720133508
B2218103831672N12206771WA012720133427
B2218113831666N12206771WA012710133337
B2218123831660N12206771WA012710133237
B2218133831654N12206772WA012720133122
B2218143831647N12206772WA012710133095
B2218153831641N12206772WA012690132946
B2218163831635N12206772WA012690132908
B2218173831628N12206773WA012690132896
B2218183831623N12206774WA012680132706
B2218193831616N12206775WA012660132689
B2218203831610N12206776WA012650132469
B2218213831604N12206777WA012640132319
B2218223831597N12206779WA012630132371
B2218233831591N12206780WA012620132255
B2218243831585N12206782WA012610132160
B2218253831579N12206783WA012600132072
B2218263831573N12206784WA012590131847
B2218273831566N12206786WA012580131691
B2218283831560N12206787WA012560131556
B2218293831554N12206789WA012550131450
B2218303831548N12206790WA012530131351
B2218313831542N12206791WA012520131152
B2218323831536N12206792WA012500130931
B2218333831529N12206793WA012490130892
B2218343831523N12206794WA012470130645
B2218353831516N12206795WA012450130586
B2218363831510N12206796WA012440130446
B2218373831504N12206797WA012420130323
B2218383831497N12206798WA012410130292
B2218393831491N12206798WA012400130069
B2218403831485N12206799WA012380129928
B2218413831478N12206800WA012370129777
B2218423831472N12206802WA012360129652
B2218433831466N12206803WA012340129537
B2218443831460N12206805WA012330129444
B2218453831454N12206807WA012320129253
B2218463831448N12206809WA012310129188
B2218473831443N12206812WA012290129005
B2218483831437N12206815WA012280128924
B2218493831431N12206818WA012270128855
B2218503831425N12206821WA012270128797
B2218513831420N12206824WA012260128658
B2218523831415N12206828WA012250128521
B2218533831409N12206831WA012240128476
B2218543831404N12206835WA012230128253
B2218553831399N12206838WA012220128019
B2218563831393N12206842WA012200127986
B2218573831388N12206846WA012190127833
B2218583831382N12206849WA012180127788
B2218593831377N12206853WA012160127562
B2219003831372N12206856WA012150127357
B2219013831367N12206860WA012130127112
B2219023831361N12206863WA012110127069
B2219033831356N12206867WA012100126848
B2219043831351N12206871WA012080126655
B2219053831346N12206875WA012060126472
B2219063831341N12206878WA012040126279
B2219073831336N12206882WA012020125966
B2219083831331N12206886WA011990125657
B2219093831326N12206891WA011970125453
B2219103831321N12206895WA011950125269
B2219113831316N12206900WA011920125073
B2219123831311N12206904WA011900124883
B2219133831307N12206908WA011880124723
B2219143831302N12206912WA011870124555
B2219153831297N12206916WA011850124397
B2219163831293N12206920WA011840124059
B2219173831288N12206925WA011820123872
B2219183831283N12206929WA011800123667
B2219193831278N12206934WA011770123486
B2219203831274N12206939WA011750123325
B2219213831269N12206944WA011740123294
B2219223831265N12206948WA011730123159
B2219233831261N12206953WA011720122923
B2219243831256N12206957WA011710122787
B2219253831252N12206961WA011690122418
B2219263831247N12206966WA011670122212
B2219273831242N12206970WA011650122028
B2219283831237N12206975WA011630121813
B2219293831232N12206979WA011600121627
B2219303831227N12206983WA011580121518
B2219313831222N12206987WA011560121316
B2219323831217N12206991WA011540121141
B2219333831212N12206995WA011520120831
B2219343831207N12206999WA011490120510
B2219353831201N12207002WA011460120234
B2219363831195N12207005WA011430119933
B2219373831189N12207007WA011410119816
B2219383831183N12207008WA011390119719
B2219393831177N12207010WA011380119563
B2219403831172N12207011WA011370119336
B2219413831166N12207012WA011360119186
B2219423831161N12207013WA011340118904
B2219433831155N12207014WA011320118601
B2219443831149N12207014WA011300118526
B2219453831143N12207015WA011280118443
B2219463831138N12207016WA011260118334
B2219473831133N12207017WA011240118033
B2219483831128N12207017WA011220117837
B2219493831122N12207017WA011200117485
B2219503831117N12207017WA011170117003
B2219513831110N12207017WA011130116783
B2219523831104N12207017WA011110116692
B2219533831099N12207017WA011080116522
B2219543831094N12207017WA011060116302
B2219553831088N12207017WA011050116187
B2219563831083N12207018WA011030115877
B2219573831078N12207020WA011010115543
B2219583831072N12207022WA010990115280
B2219593831067N12207023WA010960115036
B2220003831061N12207025WA010930114996
B2220013831056N12207027WA010910114783
B2220023831051N12207029WA010890114582
B2220033831046N12207031WA010870114371
B2220043831041N12207032WA010850114036
B2220053831035N12207034WA010830113860
B2220063831029N12207035WA010810113761
B2220073831023N12207036WA010800113672
B2220083831017N12207036WA010800113489
B2220093831012N12207037WA010790113303
B2220103831006N12207038WA010780113120
B2220113831000N12207038WA010760112979
B2220123830994N12207039WA010740112799
B2220133830989N12207040WA010720112407
B2220143830982N12207041WA010690112295
B2220153830976N12207042WA010670112096
B2220163830971N12207043WA010640111928
B2220173830965N12207044WA010620111785
B2220183830960N12207044WA010600111513
B2220193830954N12207044WA010570111214
B2220203830947N12207045WA010550110970
B2220213830941N12207046WA010530110752
B2220223830935N12207046WA010510110638
B2220233830929N12207046WA010500110516
B2220243830922N12207045WA010480110398
B2220253830916N12207045WA010470110155
B2220263830910N12207045WA010460109926
B2220273830903N12207045WA010450109789
B2220283830897N12207046WA010430109642
B2220293830890N12207046WA010420109485
B2220303830884N12207046WA010400109319
B2220313830877N12207047WA010390109253
B2220323830871N12207048WA010380109100
B2220333830864N12207049WA010370109171
B2220343830858N12207050WA010360109080
B2220353830852N12207051WA010350108990
B2220363830847N12207051WA010340108708
B2220373830841N12207052WA010320108409
B2220383830834N12207054WA010290108283
B2220393830828N12207055WA010270108041
B2220403830822N12207056WA010250107900
B2220413830816N12207056WA010230107805
B2220423830810N12207056WA010220107704
B2220433830803N12207055WA010210107585
B2220443830797N12207054WA010200107328
B2220453830790N12207054WA010180107135
B2220463830783N12207054WA010160107041
B2220473830777N12207053WA010150106904
B2220483830771N12207052WA010140106823
B2220493830765N12207051WA010130106677
B2220503830759N12207050WA010120106378
B2220513830753N12207050WA010100106163
B2220523830747N12207049WA010080105937
B2220533830741N12207048WA010070105818
B2220543830735N12207047WA010050105714
B2220553830729N12207046WA010030105634
B2220563830723N12207044WA010020105469
B2220573830717N12207043WA010000105278
B2220583830711N12207042WA009980105074
B2220593830705N12207040WA009960104868
B2221003830699N12207038WA009950104769
B2221013830693N12207037WA009940104691
B2221023830688N12207035WA009930104553
B2221033830683N12207033WA009910104303
B2221043830677N12207031WA009900104040
B2221053830671N12207028WA009880103857
B2221063830665N12207026WA009860103612
B2221073830658N12207023WA009830103266
B2221083830652N12207021WA009810102951
B2221093830646N12207019WA009790102781
B2221103830641N12207017WA009770102657
B2221113830636N12207016WA009770102521
B2221123830630N12207014WA009760102321
B2221133830624N12207011WA009740102105
B2221143830617N12207008WA009720102035
B2221153830610N12207005WA009710101997
B2221163830604N12207002WA009690101874
B2221173830599N12206998WA009680101734
B2221183830594N12206994WA009670101636
B2221193830589N12206990WA009660101433
B2221203830583N12206985WA009640101277
B2221213830577N12206980WA009620101186
B2221223830571N12206975WA009600101057
B2221233830565N12206971WA009590101234
B2221243830559N12206968WA009600101480
B2221253830555N12206965WA009620101644
B2221263830551N12206963WA009630101820
B2221273830547N12206960WA009650101826
B2221283830543N12206958WA009660101854
B2221293830539N12206956WA009660101724
B2221303830534N12206954WA009650101672
B2221313830530N12206952WA009650101542
B2221323830526N12206950WA009660101679
B2221333830523N12206950WA009660101701
B2221343830518N12206949WA009640101882
B2221353830514N12206947WA009660101706
B2221363830509N12206945WA009660101608
B2221373830504N12206943WA009650101708
B2221383830499N12206941WA009660101949
B2221393830495N12206940WA009670102132
B2221403830491N12206938WA009680102263
B2221413830487N12206936WA009700102365
B2221423830483N12206934WA009710102327
B2221433830478N12206933WA009720102423
B2221443830473N12206931WA009730102609
B2221453830467N12206931WA009750102880
B2221463830463N12206930WA009770103122
B2221473830459N12206929WA009790103303
B2221483830455N12206928WA009810103449
B2221493830452N12206930WA009830103436
B2221503830449N12206934WA009840103464
B2221513830447N12206939WA009830103465
B2221523830447N12206944WA009830103576
B2221533830450N12206949WA009840103708
B2221543830453N12206953WA009850103963
B2221553830458N12206954WA009860104026
B2221563830463N12206953WA009870104176
B2221573830469N12206950WA009880104123
B2221583830473N12206944WA009890104246
B2221593830476N12206937WA009900104344
B2222003830476N12206929WA009910104490
B2222013830475N12206920WA009920104649
B2222023830473N12206914WA009940104801
B2222033830469N12206909WA009950104995
B2222043830466N12206906WA009960105009
B2222053830462N12206906WA009970105016
B2222063830458N12206908WA009970105012
B2222073830455N12206911WA009970105057
B2222083830454N12206916WA009980105091
B2222093830455N12206920WA009980105198
B2222103830458N12206925WA009980105053
B2222113830462N12206928WA009980105078
B2222123830467N12206930WA009980105192
B2222133830473N12206929WA009990105357
B2222143830478N12206927WA010000105490
B2222153830483N12206923WA010010105611
B2222163830486N12206917WA010020105748
B2222173830488N12206911WA010040105792
B2222183830490N12206903WA010040105735
B2222193830490N12206895WA010050105723
B2222203830488N12206887WA010050105856
B2222213830485N12206881WA010060105934
B2222223830481N12206877WA010060106031
B2222233830476N12206875WA010070106181
B2222243830472N12206875WA010080106151
B2222253830468N12206876WA010080106268
B2222263830465N12206879WA010090106268
B2222273830463N12206883WA010100106491
B2222283830464N12206887WA010110106415
B2222293830465N12206891WA010110106494
B2222303830469N12206894WA010110106319
B2222313830473N12206897WA010110106323
B2222323830477N12206899WA010110106481
B2222333830482N12206899WA010120106591
B2222343830488N12206897WA010120106632
B2222353830493N12206892WA010130106729
B2222363830497N12206887WA010130106820
B2222373830500N12206880WA010150106956
B2222383830502N12206873WA010160107045
B2222393830503N12206866WA010170107052
B2222403830504N12206858WA010180107118
B2222413830503N12206851WA010190107347
B2222423830501N12206845WA010200107423
B2222433830497N12206840WA010210107571
B2222443830493N12206836WA010220107645
B2222453830489N12206835WA010230107860
B2222463830486N12206834WA010240107906
B2222473830482N12206836WA010240107993
B2222483830480N12206839WA010240107911
B2222493830477N12206842WA010240107976
B2222503830476N12206846WA010250108074
B2222513830477N12206850WA010250107956
B2222523830479N12206855WA010250107934
B2222533830481N12206859WA010260108086
B2222543830485N12206863WA010260108130
B2222553830489N12206865WA010280108370
B2222563830494N12206864WA010290108359
B2222573830500N12206863WA010300108415
B2222583830505N12206860WA010310108548
B2222593830510N12206856WA010320108603
B2223003830513N12206851WA010330108783
B2223013830516N12206844WA010340108789
B2223023830518N12206837WA010350108866
B2223033830518N12206829WA010350108867
B2223043830516N12206822WA010340108871
B2223053830513N12206816WA010340109004
B2223063830509N12206813WA010350109005
B2223073830504N12206812WA010350109224
B2223083830500N12206812WA010360109388
B2223093830497N12206814WA010380109365
B2223103830495N12206817WA010390109340
B2223113830494N12206820WA010400109429
B2223123830494N12206825WA010410109418
B2223133830494N12206831WA010420109555
B2223143830495N12206836WA010430109747
B2223153830497N12206840WA010440110019
B2223163830499N12206843WA010450110176
B2223173830502N12206845WA010460109984
B2223183830506N12206844WA010460109769
B2223193830511N12206841WA010460109618
B2223203830515N12206836WA010450109539
B2223213830518N12206830WA010430109344
B2223223830519N12206822WA010420109385
B2223233830519N12206813WA010410109227
B2223243830517N12206805WA010400109434
B2223253830514N12206798WA010400109673
B2223263830512N12206792WA010420109933
B2223273830510N12206787WA010440110130
B2223283830507N12206782WA010460110298
B2223293830504N12206779WA010470110173
B2223303830499N12206777WA010470110090
B2223313830494N12206776WA010460109900
B2223323830487N12206775WA010450110173
B2223333830482N12206773WA010460110348
B2223343830478N12206771WA010470110504
B2223353830474N12206769WA010480110535
B2223363830470N12206767WA010490110649
B2223373830466N12206767WA010500110520
B2223383830461N12206767WA010490110444
B2223393830456N12206768WA010490110446
B2223403830451N12206770WA010490110440
B2223413830446N12206770WA010490110552
B2223423830442N12206769WA010500110744
B2223433830438N12206768WA010510110787
B2223443830434N12206768WA010520110788
B2223453830429N12206769WA010520110691
B2223463830424N12206769WA010520110651
B2223473830419N12206768WA010520110638
B2223483830414N12206768WA010520110857
B2223493830410N12206768WA010530110804
B2223503830405N12206768WA010540110841
B2223513830400N12206768WA010540110740
B2223523830394N12206768WA010540110765
B2223533830388N12206769WA010540110961
B2223543830383N12206769WA010550111223
B2223553830378N12206769WA010560111562
B2223563830374N12206768WA010580111734
B2223573830369N12206767WA010600111763
B2223583830364N12206766WA010610111734
B2223593830358N12206766WA010620111792
B2224003830353N12206766WA010620111826
B2224013830348N12206766WA010630111810
B2224023830343N12206765WA010630112043
B2224033830338N12206765WA010640112081
B2224043830333N12206765WA010650112091
B2224053830328N12206765WA010660112193
B2224063830323N12206765WA010660112275
B2224073830318N12206765WA010670112297
B2224083830314N12206766WA010680112331
B2224093830309N12206766WA010690112486
B2224103830305N12206766WA010690112449
B2224113830301N12206767WA010690112404
B2224123830296N12206768WA010690112425
B2224133830291N12206770WA010690112430
B2224143830286N12206771WA010690112426
B2224153830281N12206773WA010690112540
B2224163830276N12206774WA010690112551
B2224173830271N12206774WA010690112577
B2224183830266N12206775WA010700112589
B2224193830262N12206777WA010700112521
B2224203830257N12206778WA010700112582
B2224213830253N12206779WA010700112511
B2224223830248N12206779WA010700112738
B2224233830243N12206780WA010710112877
B2224243830239N12206781WA010730113029
B2224253830235N12206782WA010740113109
B2224263830230N12206783WA010750113285
B2224273830226N12206783WA010760113236
B2224283830221N12206783WA010770113346
B2224293830216N12206784WA010780113381
B2224303830212N12206784WA010780113406
B2224313830207N12206784WA010780113327
B2224323830202N12206784WA010780113324
B2224333830197N12206784WA010770113300
B2224343830192N12206783WA010770113307
B2224353830187N12206783WA010770113334
B2224363830182N12206783WA010770113364
B2224373830178N12206783WA010760113313
B2224383830173N12206783WA010760113252
B2224393830168N12206783WA010740113074
B2224403830163N12206784WA010730112861
B2224413830158N12206784WA010720112788
B2224423830154N12206785WA010710112740
B2224433830150N12206785WA010700112642
B2224443830146N12206785WA010690112554
B2224453830142N12206785WA010680112339
B2224463830137N12206786WA010670112187
B2224473830133N12206787WA010650111903
B2224483830128N12206787WA010630111829
B2224493830123N12206788WA010620111770
B2224503830119N12206787WA010610111737
B2224513830115N12206788WA010590111520
B2224523830110N12206788WA010580111395
B2224533830106N12206789WA010560111164
B2224543830102N12206789WA010540111019
B2224553830097N12206789WA010530110949
B2224563830092N12206789WA010520110896
B2224573830088N12206789WA010520110751
B2224583830084N12206788WA010510110636
B2224593830080N12206788WA010500110433
B2225003830076N12206787WA010490110219
B2225013830071N12206787WA010470110075
B2225023830067N12206787WA010450109833
B2225033830063N12206786WA010430109609
B2225043830058N12206786WA010410109491
B2225053830054N12206785WA010390109163
B2225063830049N12206784WA010360108885
B2225073830044N12206783WA010330108444
B2225083830038N12206782WA010290108051
B2225093830032N12206780WA010260107825
B2225103830026N12206779WA010230107612
B2225113830020N12206777WA010200107547
B2225123830015N12206776WA010190107435
B2225133830010N12206775WA010180107153
B2225143830005N12206774WA010170106732
B2225153829999N12206772WA010150106299
B2225163829993N12206771WA010120105899
B2225173829987N12206771WA010090105651
B2225183829981N12206770WA010060105533
B2225193829975N12206769WA010030105436
B2225203829969N12206769WA010000105296
B2225213829964N12206769WA009980105031
B2225223829958N12206768WA009950104746
B2225233829952N12206767WA009920104439
B2225243829946N12206767WA009890104215
B2225253829940N12206767WA009860104018
B2225263829934N12206768WA009830103721
B2225273829928N12206768WA009810103522
B2225283829922N12206768WA009790103270
B2225293829917N12206767WA009770103002
B2225303829911N12206765WA009740102648
B2225313829905N12206764WA009710102230
B2225323829898N12206761WA009680101858
B2225333829891N12206759WA009640101543
B2225343829884N12206757WA009610101342
B2225353829877N12206755WA009580101171
B2225363829871N12206753WA009560100954
B2225373829865N12206751WA009550100754
B2225383829859N12206749WA009530100454
B2225393829853N12206747WA009500100018
B2225403829846N12206746WA009470099652
B2225413829839N12206744WA009440099350
B2225423829832N12206741WA009410098954
B2225433829825N12206738WA009370098662
B2225443829818N12206735WA009340098460
B2225453829811N12206732WA009310098172
B2225463829805N12206729WA009270097809
B2225473829798N12206727WA009240097545
B2225483829791N12206725WA009210097161
B2225493829784N12206722WA009180096878
B2225503829777N12206720WA009150096473
B2225513829770N12206717WA009110096162
B2225523829763N12206714WA009080095761
B2225533829756N12206710WA009050095596
B2225543829750N12206707WA009030095353
B2225553829744N12206704WA009010094959
B2225563829738N12206703WA008990094531
B2225573829731N12206702WA008960094191
B2225583829724N12206701WA008920093882
B2225593829717N12206700WA008870093499
B2226003829710N12206700WA008840093298
B2226013829704N12206700WA008810093062
B2226023829698N12206699WA008790093091
B2226033829693N12206697WA008790092992
B2226043829689N12206695WA008790092866
B2226053829684N12206693WA008770092498
B2226063829679N12206692WA008750091924
B2226073829673N12206691WA008710091432
B2226083829666N12206690WA008680091362
B2226093829660N12206689WA008650091312
B2226103829654N12206687WA008630091472
B2226113829650N12206685WA008630091355
B2226123829646N12206684WA008630091113
B2226133829641N12206683WA008620090824
B2226143829635N12206682WA008600090478
B2226153829629N12206682WA008570090091
B2226163829623N12206681WA008540089732
B2226173829616N12206680WA008500089553
B2226183829609N12206679WA008470089252
B2226193829602N12206678WA008440088953
B2226203829595N12206677WA008410088733
B2226213829587N12206676WA008390088590
B2226223829580N12206674WA008380088568
B2226233829573N12206673WA008380088562
B2226243829567N12206671WA008370088435
B2226253829561N12206670WA008370088250
B2226263829555N12206668WA008350087955
B2226273829549N12206666WA008330087608
B2226283829542N12206664WA008300087308
B2226293829534N12206663WA008270087172
B2226303829527N12206662WA008250087044
B2226313829520N12206661WA008230087062
B2226323829514N12206660WA008220087010
B2226333829507N12206659WA008210086880
B2226343829501N12206658WA008200086510
B2226353829494N12206657WA008180086212
B2226363829486N12206656WA008160085975
B2226373829479N12206655WA008130085717
B2226383829471N12206655WA008110085561
B2226393829464N12206655WA008080085420
B2226403829457N12206655WA008070085428
B2226413829450N12206656WA008070085473
B2226423829444N12206656WA008070085349
B2226433829438N12206657WA008070085103
B2226443829431N12206657WA008060084948
B2226453829424N12206658WA008040084652
B2226463829417N12206658WA008020084434
B2226473829409N12206658WA008000084293
B2226483829402N12206658WA007970084091
B2226493829395N12206657WA007950083898
B2226503829388N12206657WA007930083592
B2226513829381N12206656WA007900083373
B2226523829374N12206655WA007870083043
B2226533829367N12206654WA007850082812
B2226543829359N12206652WA007820082688
B2226553829352N12206651WA007800082582
B2226563829346N12206649WA007780082406
B2226573829339N12206648WA007770082312
B2226583829332N12206646WA007770082107
B2226593829325N12206644WA007760081907
B2227003829318N12206642WA007750081811
B2227013829310N12206639WA007730081693
B2227023829303N12206636WA007720081575
B2227033829296N12206633WA007700081375
B2227043829289N12206630WA007690081376
B2227053829282N12206628WA007670081281
B2227063829276N12206625WA007660081126
B2227073829269N12206623WA007660081170
B2227083829263N12206620WA007650081033
B2227093829257N12206617WA007650080919
B2227103829250N12206615WA007640080878
B2227113829244N12206613WA007630080623
B2227123829237N12206610WA007620080572
B2227133829231N12206606WA007610080528
B2227143829225N12206603WA007600080505
B2227153829219N12206600WA007600080512
B2227163829213N12206597WA007600080650
B2227173829207N12206594WA007610080792
B2227183829202N12206591WA007620080866
B2227193829197N12206589WA007630080942
B2227203829191N12206586WA007640080895
B2227213829185N12206584WA007640080791
B2227223829179N12206582WA007630080791
B2227233829173N12206580WA007630080795
B2227243829168N12206579WA007630080602
B2227253829162N12206577WA007620080509
B2227263829156N12206576WA007620080505
B2227273829150N12206574WA007610080449
B2227283829144N12206572WA007600080389
B2227293829138N12206571WA007590080350
B2227303829131N12206569WA007590080390
B2227313829125N12206567WA007590080351
B2227323829119N12206565WA007590080324
B2227333829112N12206563WA007580080278
B2227343829105N12206562WA007580080196
B2227353829098N12206561WA007580080190
B2227363829092N12206559WA007570080017
B2227373829085N12206558WA007560080014
B2227383829078N12206557WA007550079806
B2227393829070N12206557WA007540079783
B2227403829064N12206558WA007530079601
B2227413829057N12206559WA007520079542
B2227423829050N12206559WA007510079467
B2227433829043N12206560WA007500079459
B2227443829037N12206563WA007510079500
B2227453829031N12206564WA007520079837
B2227463829026N12206565WA007540079928
B2227473829021N12206566WA007550079930
B2227483829016N12206566WA007560079733
B2227493829010N12206567WA007550079584
B2227503829004N12206569WA007530079292
B2227513828997N12206570WA007510079176
B2227523828990N12206571WA007490079282
B2227533828984N12206572WA007480079360
B2227543828979N12206573WA007490079422
B2227553828974N12206574WA007490079319
B2227563828969N12206577WA007490079102
B2227573828963N12206579WA007480079006
B2227583828956N12206582WA007470079074
B2227593828950N12206585WA007470079092
B2228003828945N12206587WA007460079097
B2228013828941N12206590WA007470079032
B2228023828936N12206593WA007460078942
B2228033828930N12206596WA007460078993
B2228043828925N12206599WA007450078844
B2228053828920N12206602WA007450078911
B2228063828915N12206604WA007450078935
B2228073828910N12206606WA007450078835
B2228083828905N12206608WA007450078714
B2228093828899N12206610WA007440078672
B2228103828893N12206612WA007430078480
B2228113828887N12206613WA007420078387
B2228123828881N12206615WA007410078365
B2228133828875N12206617WA007400078384
B2228143828870N12206619WA007390078320
B2228153828864N12206620WA007390078295
B2228163828859N12206622WA007390078121
B2228173828853N12206624WA007380078041
B2228183828847N12206626WA007370077972
B2228193828842N12206628WA007360077928
B2228203828836N12206631WA007360077972
B2228213828831N12206633WA007360077952
B2228223828826N12206635WA007360077906
B2228233828820N12206638WA007360077843
B2228243828814N12206640WA007350077897
B2228253828809N12206643WA007350077730
B2228263828803N12206645WA007340077685
B2228273828798N12206648WA007330077527
B2228283828792N12206652WA007330077451
B2228293828786N12206655WA007320077455
B2228303828780N12206658WA007320077533
B2228313828774N12206660WA007320077679
B2228323828769N12206663WA007330077734
B2228333828764N12206665WA007340077805
B2228343828758N12206667WA007340077764
B2228353828752N12206669WA007350077798
B2228363828747N12206672WA007350077608
B2228373828740N12206676WA007340077690
B2228383828735N12206679WA007350077702
B2228393828729N12206682WA007350077853
B2228403828724N12206685WA007360077914
B2228413828718N12206688WA007360078079
B2228423828713N12206692WA007370078047
B2228433828708N12206696WA007370078036
B2228443828703N12206701WA007380078020
B2228453828697N12206705WA007390078192
B2228463828692N12206709WA007390078153
B2228473828687N12206713WA007400078223
B2228483828682N12206717WA007400078304
B2228493828676N12206721WA007410078375
B2228503828671N12206725WA007410078367
B2228513828666N12206729WA007420078457
B2228523828661N12206733WA007430078516
B2228533828655N12206737WA007430078594
B2228543828650N12206741WA007430078594
B2228553828646N12206745WA007440078513
B2228563828640N12206749WA007440078681
B2228573828635N12206752WA007440078617
B2228583828629N12206756WA007450078715
B2228593828623N12206760WA007450078824
B2229003828617N12206764WA007460078952
B2229013828611N12206767WA007460079065
B2229023828605N12206770WA007470079176
B2229033828599N12206773WA007480079189
B2229043828593N12206777WA007480079141
B2229053828586N12206780WA007490079253
B2229063828579N12206783WA007490079386
B2229073828573N12206786WA007500079449
B2229083828567N12206789WA007510079537
B2229093828561N12206792WA007520079626
B2229103828555N12206796WA007530079621
B2229113828549N12206800WA007530079741
B2229123828543N12206804WA007540079754
B2229133828537N12206808WA007550079837
B2229143828531N12206812WA007560080014
B2229153828525N12206815WA007570080206
B2229163828519N12206818WA007580080326
B2229173828513N12206821WA007600080404
B2229183828506N12206823WA007610080589
B2229193828500N12206826WA007620080653
B2229203828494N12206829WA007630080700
B2229213828487N12206831WA007650080969
B2229223828481N12206835WA007660081130
B2229233828475N12206837WA007680081348
B2229243828469N12206840WA007690081497
B2229253828464N12206843WA007710081537
B2229263828458N12206846WA007710081439
B2229273828452N12206850WA007700081415
B2229283828445N12206853WA007700081439
B2229293828438N12206857WA007700081571
B2229303828432N12206859WA007700081539
B2229313828426N12206862WA007710081601
B2229323828419N12206864WA007710081660
B2229333828412N12206865WA007720081687
B2229343828406N12206867WA007720081641
B2229353828399N12206868WA007730081682
B2229363828393N12206869WA007730081630
B2229373828386N12206869WA007730081708
B2229383828378N12206870WA007730081863
B2229393828371N12206870WA007740081943
B2229403828364N12206870WA007750082140
B2229413828357N12206869WA007760082388
B2229423828351N12206871WA007760082355
B2229433828345N12206874WA007770082378
B2229443828339N12206877WA007770082387
B2229453828334N12206879WA007780082430
B2229463828329N12206879WA007790082526
B2229473828324N12206880WA007800082695
B2229483828320N12206882WA007810082711
B2229493828314N12206883WA007820082789
B2229503828309N12206885WA007830082848
B2229513828304N12206888WA007830082832
B2229523828299N12206890WA007840082838
B2229533828294N12206893WA007840082825
B2229543828288N12206895WA007830082857
B2229553828282N12206897WA007830082877
B2229563828277N12206899WA007830082806
B2229573828271N12206901WA007830082717
B2229583828265N12206903WA007820082718
B2229593828259N12206905WA007830082808
B2230003828253N12206907WA007830082938
B2230013828247N12206910WA007840083060
B2230023828242N12206912WA007850083101
B2230033828236N12206913WA007860083347
B2230043828230N12206914WA007880083539
B2230053828224N12206915WA007900083829
B2230063828218N12206916WA007920084248
B2230073828213N12206917WA007950084474
B2230083828209N12206918WA007970084552
B2230093828204N12206919WA007980084379
B2230103828198N12206922WA007970084199
B2230113828192N12206926WA007960083909
B2230123828185N12206929WA007940084179
B2230133828181N12206931WA007940084227
B2230143828177N12206933WA007940084283
B2230153828174N12206934WA007940084039
B2230163828170N12206936WA007930083636
B2230173828164N12206939WA007910083193
B2230183828158N12206941WA007870082639
B2230193828151N12206943WA007840082369
B2230203828145N12206945WA007800082233
B2230213828139N12206946WA007770082184
B2230223828134N12206947WA007740081832
B2230233828128N12206947WA007710081469
B2230243828122N12206949WA007680081120
B2230253828115N12206950WA007640080943
B2230263828109N12206951WA007620080709
B2230273828103N12206953WA007600080614
B2230283828097N12206954WA007600080468
B2230293828092N12206956WA007590080133
B2230303828086N12206958WA007580079862
B2230313828080N12206960WA007560079514
B2230323828073N12206962WA007530079118
B2230333828065N12206964WA007490078879
B2230343828058N12206967WA007460078640
B2230353828051N12206969WA007430078666
B2230363828045N12206972WA007410078557
B2230373828039N12206975WA007400078488
B2230383828034N12206979WA007390078120
B2230393828028N12206983WA007380077865
B2230403828022N12206988WA007360077575
B2230413828016N12206993WA007330077357
B2230423828010N12206998WA007310077248
B2230433828004N12207003WA007290077269
B2230443827999N12207009WA007280077131
B2230453827994N12207014WA007270076912
B2230463827988N12207019WA007260076750
B2230473827982N12207024WA007250076660
B2230483827976N12207029WA007240076562
B2230493827970N12207034WA007230076585
B2230503827965N12207039WA007220076514
B2230513827959N12207044WA007220076690
B2230523827954N12207048WA007220076693
B2230533827950N12207051WA007230076749
B2230543827946N12207054WA007240076729
B2230553827941N12207057WA007240076677
B2230563827936N12207060WA007240076567
B2230573827931N12207064WA007240076462
B2230583827926N12207067WA007230076456
B2230593827921N12207071WA007220076430
B2231003827916N12207074WA007220076423
B2231013827910N12207077WA007210076397
B2231023827905N12207080WA007210076289
B2231033827900N12207084WA007200076162
B2231043827895N12207087WA007190076034
B2231053827889N12207090WA007180075985
B2231063827884N12207093WA007170075845
B2231073827879N12207096WA007160075704
B2231083827873N12207099WA007150075744
B2231093827867N12207102WA007140075685
B2231103827862N12207105WA007140075747
B2231113827856N12207109WA007150075781
B2231123827851N12207112WA007150075843
B2231133827846N12207115WA007160075958
B2231143827842N12207119WA007160076010
B2231153827838N12207121WA007170076015
B2231163827834N12207124WA007180076020
B2231173827829N12207126WA007180076095
B2231183827825N12207129WA007180075904
B2231193827819N12207132WA007180076076
B2231203827815N12207135WA007180076104
B2231213827810N12207137WA007190076387
B2231223827806N12207139WA007200076474
B2231233827802N12207140WA007210076469
B2231243827798N12207142WA007220076472
B2231253827794N12207143WA007220076475
B2231263827790N12207145WA007220076371
B2231273827786N12207147WA007210076264
B2231283827782N12207150WA007210076257
B2231293827778N12207154WA007200076281
B2231303827775N12207156WA007200076247
B2231313827772N12207158WA007200076310
B2231323827768N12207158WA007210076379
B2231333827765N12207159WA007200076247
B2231343827762N12207161WA007200076002
B2231353827758N12207163WA007190075831
B2231363827754N12207165WA007180075854
B2231373827749N12207167WA007160075876
B2231383827745N12207170WA007160075922
B2231393827741N12207172WA007170076169
B2231403827738N12207175WA007170076125
B2231413827735N12207177WA007180076107
B2231423827731N12207179WA007190076258
B2231433827728N12207181WA007200076216
B2231443827725N12207182WA007200076207
B2231453827720N12207183WA007200076097
B2231463827716N12207185WA007190075950
B2231473827712N12207186WA007180075936
B2231483827708N12207189WA007170075991
B2231493827706N12207193WA007170075940
B2231503827703N12207196WA007180075985
B2231513827701N12207199WA007180076001
B2231523827697N12207201WA007190076160
B2231533827694N12207202WA007190076124
B2231543827691N12207204WA007200076201
B2231553827687N12207206WA007210076290
B2231563827684N12207208WA007210076380
B2231573827681N12207209WA007220076576
B2231583827678N12207210WA007230076769
B2231593827675N12207211WA007250076835
B2232003827671N12207212WA007260076972
B2232013827667N12207212WA007280077147
B2232023827662N12207213WA007290077361
B2232033827657N12207213WA007310077692
B2232043827653N12207213WA007340078096
B2232053827650N12207214WA007370078586
B2232063827649N12207216WA007400078827
B2232073827649N12207219WA007440079044
B2232083827650N12207222WA007480079035
B2232093827652N12207225WA007500079166
B2232103827656N12207228WA007500079133
B2232113827661N12207229WA007500079176
B2232123827668N12207228WA007490079110
B2232133827674N12207223WA007490079259
B2232143827679N12207216WA007490079352
B2232153827683N12207207WA007490079335
B2232163827684N12207197WA007500079437
B2232173827682N12207189WA007500079570
B2232183827678N12207182WA007510079863
B2232193827674N12207179WA007520080032
B2232203827669N12207178WA007540080197
B2232213827666N12207179WA007560080416
B2232223827662N12207179WA007580080866
B2232233827659N12207178WA007610081225
B2232243827656N12207177WA007650081411
B2232253827652N12207176WA007680081690
B2232263827649N12207175WA007710081850
B2232273827645N12207174WA007730081884
B2232283827642N12207173WA007740081915
B2232293827638N12207172WA007750082024
B2232303827634N12207171WA007760082125
B2232313827630N12207170WA007770082344
B2232323827626N12207168WA007780082579
B2232333827623N12207167WA007800082616
B2232343827619N12207166WA007810082746
B2232353827615N12207166WA007820082883
B2232363827612N12207166WA007840083022
B2232373827608N12207166WA007850083193
B2232383827606N12207167WA007870083206
B2232393827603N12207169WA007880083475
B2232403827602N12207171WA007900083628
B2232413827601N12207174WA007920083767
B2232423827602N12207178WA007930083812
B2232433827604N12207183WA007950083801
B2232443827607N12207187WA007950083845
B2232453827612N12207190WA007940083798
B2232463827619N12207191WA007930083615
B2232473827625N12207188WA007910083549
B2232483827630N12207183WA007900083369
B2232493827634N12207176WA007880083018
B2232503827635N12207168WA007870082863
B2232513827634N12207159WA007850082785
B2232523827632N12207152WA007830082806
B2232533827628N12207147WA007820082948
B2232543827624N12207145WA007830083163
B2232553827621N12207143WA007840083138
B2232563827618N12207143WA007850083213
B2232573827614N12207143WA007860083389
B2232583827611N12207145WA007860083312
B2232593827607N12207147WA007860083352
B2233003827604N12207149WA007870083403
B2233013827601N12207150WA007870083549
B2233023827599N12207151WA007880083557
B2233033827597N12207152WA007890083434
B2233043827594N12207153WA007890083263
B2233053827591N12207154WA007880083105
B2233063827587N12207156WA007870082901
B2233073827583N12207157WA007860082906
B2233083827578N12207158WA007850082859
B2233093827573N12207159WA007840082989
B2233103827569N12207160WA007850083173
B2233113827566N12207160WA007860083374
B2233123827563N12207160WA007860083398
B2233133827561N12207161WA007870083257
B2233143827558N12207162WA007860082960
B2233153827554N12207161WA007840082687
B2233163827550N12207161WA007820082565
B2233173827546N12207162WA007800082490
B2233183827544N12207162WA007790082415
B2233193827541N12207162WA007790082437
B2233203827539N12207162WA007790082307
B2233213827536N12207163WA007780082133
B2233223827533N12207164WA007770081966
B2233233827531N12207167WA007750081664
B2233243827530N12207172WA007730081493
B2233253827530N12207177WA007710081273
B2233263827531N12207182WA007680081100
B2233273827531N12207186WA007660080966
B2233283827532N12207191WA007640080764
B2233293827534N12207196WA007620080635
B2233303827536N12207201WA007600080563
B2233313827538N12207205WA007590080558
B2233323827540N12207209WA007590080429
B2233333827541N12207213WA007590080468
B2233343827543N12207219WA007590080321
B2233353827544N12207225WA007590080461
B2233363827546N12207231WA007600080622
B2233373827547N12207235WA007620080899
B2233383827549N12207239WA007640081032
B2233393827550N12207242WA007650081121
B2233403827550N12207244WA007670081171
B2233413827552N12207248WA007680081145
B2233423827554N12207254WA007690081274
B2233433827556N12207259WA007700081482
B2233443827558N12207263WA007710081674
B2233453827560N12207267WA007730081823
B2233463827561N12207271WA007740081810
B2233473827561N12207275WA007750081821
B2233483827559N12207278WA007760081888
B2233493827556N12207281WA007750081889
B2233503827552N12207282WA007750081867
B2233513827547N12207280WA007740081885
B2233523827543N12207276WA007740081816
B2233533827539N12207271WA007740081731
B2233543827536N12207265WA007740081760
B2233553827535N12207257WA007730081687
B2233563827537N12207249WA007720081524
B2233573827540N12207241WA007720081443
B2233583827544N12207233WA007710081429
B2233593827548N12207228WA007710081595
B2234003827554N12207224WA007710081506
B2234013827558N12207222WA007720081673
B2234023827563N12207221WA007720081541
B2234033827568N12207218WA007730081566
B2234043827573N12207215WA007730081689
B2234053827578N12207213WA007740081781
B2234063827583N12207210WA007750081981
B2234073827588N12207207WA007760082061
B2234083827593N12207204WA007760082021
B2234093827598N12207200WA007770082117
B2234103827603N12207198WA007780082350
B2234113827608N12207196WA007800082640
B2234123827613N12207194WA007810082809
B2234133827617N12207194WA007830082901
B2234143827620N12207194WA007850082941
B2234153827624N12207195WA007850082703
B2234163827627N12207197WA007840082596
B2234173827630N12207200WA007820082478
B2234183827632N12207204WA007810082308
B2234193827632N12207209WA007790082232
B2234203827632N12207213WA007780082132
B2234213827632N12207216WA007770082181
B2234223827633N12207219WA007760082062
B2234233827634N12207223WA007750082078
B2234243827637N12207228WA007750081902
B2234253827640N12207231WA007750081917
B2234263827643N12207234WA007750081963
B2234273827646N12207237WA007750081892
B2234283827650N12207240WA007750081833
B2234293827653N12207243WA007740081755
B2234303827656N12207247WA007740081670
B2234313827659N12207250WA007730081685
B2234323827662N12207254WA007720081570
B2234333827665N12207257WA007720081434
B2234343827667N12207261WA007710081373
B2234353827669N12207265WA007700081128
B2234363827669N12207270WA007690080945
B2234373827668N12207274WA007680080939
B2234383827666N12207278WA007670080928
B2234393827663N12207281WA007650080837
B2234403827659N12207283WA007640080661
B2234413827655N12207281WA007620080418
B2234423827650N12207278WA007610080382
B2234433827648N12207272WA007590080306
B2234443827646N12207264WA007570080199
B2234453827647N12207257WA007560080003
B2234463827648N12207249WA007540079827
B2234473827650N12207243WA007530079781
B2234483827654N12207237WA007510079512
B2234493827657N12207231WA007500079555
B2234503827660N12207226WA007500079481
B2234513827664N12207220WA007500079508
B2234523827667N12207215WA007500079551
B2234533827671N12207209WA007510079538
B2234543827675N12207204WA007510079559
B2234553827679N12207200WA007510079637
B2234563827683N12207196WA007520079626
B2234573827687N12207193WA007520079640
B2234583827692N12207190WA007510079503
B2234593827696N12207187WA007510079488
B2235003827701N12207185WA007500079362
B2235013827706N12207182WA007500079146
B2235023827711N12207180WA007490079059
B2235033827717N12207179WA007470078909
B2235043827722N12207179WA007460078977
B2235053827728N12207180WA007460079008
B2235063827732N12207182WA007460079255
B2235073827736N12207184WA007470079325
B2235083827739N12207186WA007480079347
B2235093827742N12207189WA007490079325
B2235103827744N12207192WA007490079375
B2235113827747N12207195WA007490079356
B2235123827750N12207198WA007490079419
B2235133827752N12207202WA007490079472
B2235143827755N12207205WA007500079508
B2235153827757N12207209WA007500079517
B2235163827759N12207213WA007510079519
B2235173827761N12207218WA007510079522
B2235183827763N12207222WA007510079547
B2235193827765N12207227WA007510079577
B2235203827767N12207233WA007510079590
B2235213827770N12207238WA007510079438
B2235223827771N12207244WA007520079553
B2235233827772N12207249WA007520079645
B2235243827773N12207254WA007530079761
B2235253827775N12207258WA007540079820
B2235263827776N12207262WA007540079752
B2235273827778N12207266WA007540079607
B2235283827779N12207272WA007530079523
B2235293827780N12207278WA007530079511
B2235303827780N12207283WA007520079684
B2235313827781N12207288WA007530079753
B2235323827782N12207293WA007530079821
B2235333827783N12207298WA007530079800
B2235343827783N12207303WA007530079825
B2235353827782N12207310WA007530079993
B2235363827783N12207316WA007540080109
B2235373827783N12207322WA007550080466
B2235383827784N12207327WA007570080772
B2235393827785N12207331WA007600080883
B2235403827786N12207336WA007610080792
B2235413827788N12207341WA007620080657
B2235423827790N12207348WA007620080583
B2235433827793N12207355WA007610080671
B2235443827796N12207361WA007620080806
B2235453827797N12207367WA007630081073
B2235463827799N12207372WA007640081134
B2235473827801N12207377WA007650081134
B2235483827803N12207383WA007660081080
B2235493827806N12207389WA007650080891
B2235503827810N12207395WA007650080725
B2235513827813N12207402WA007640080744
B2235523827816N12207409WA007630080645
B2235533827819N12207416WA007620080731
B2235543827822N12207421WA007630080708
B2235553827824N12207427WA007640080780
B2235563827827N12207432WA007640080726
B2235573827829N12207439WA007640080630
B2235583827831N12207445WA007630080556
B2235593827833N12207452WA007620080506
B2236003827833N12207458WA007620080688
B2236013827834N12207464WA007620080764
B2236023827835N12207469WA007620080725
B2236033827836N12207474WA007620080603
B2236043827836N12207478WA007620080469
B2236053827836N12207484WA007610080383
B2236063827836N12207490WA007610080392
B2236073827837N12207496WA007610080621
B2236083827837N12207501WA007620080895
B2236093827838N12207506WA007630081092
B2236103827839N12207510WA007640081199
B2236113827840N12207516WA007660081182
B2236123827841N12207522WA007670081213
B2236133827840N12207528WA007690081470
B2236143827839N12207533WA007700081771
B2236153827838N12207537WA007720081983
B2236163827838N12207540WA007750082229
B2236173827837N12207544WA007770082479
B2236183827836N12207548WA007800082772
B2236193827835N12207550WA007830082985
B2236203827834N12207552WA007850082943
B2236213827831N12207554WA007880083083
B2236223827828N12207556WA007890083396
B2236233827826N12207560WA007910083641
B2236243827824N12207564WA007930084071
B2236253827822N12207567WA007950084472
B2236263827820N12207569WA007990084800
B2236273827817N12207570WA008020085200
B2236283827814N12207569WA008050085429
B2236293827811N12207569WA008080085598
B2236303827809N12207570WA008110085630
B2236313827806N12207570WA008110085647
B2236323827803N12207571WA008120085839
B2236333827800N12207573WA008120085930
B2236343827797N12207573WA008130086052
B2236353827795N12207573WA008130086018
B2236363827792N12207575WA008130085857
B2236373827790N12207579WA008130085748
B2236383827791N12207586WA008120085641
B2236393827795N12207590WA008100085637
B2236403827801N12207592WA008090085652
B2236413827808N12207591WA008090085812
B2236423827813N12207588WA008110086283
B2236433827818N12207584WA008130086556
B2236443827822N12207580WA008150086743
B2236453827826N12207575WA008180086854
B2236463827831N12207570WA008200086906
B2236473827835N12207565WA008230087104
B2236483827837N12207558WA008250087173
B2236493827838N12207549WA008250087147
B2236503827836N12207540WA008240087006
B2236513827832N12207533WA008240087022
B2236523827827N12207529WA008240087393
B2236533827824N12207528WA008250087637
B2236543827822N12207529WA008270087707
B2236553827821N12207531WA008280087917
B2236563827821N12207534WA008300087902
B2236573827821N12207537WA008310087957
B2236583827823N12207541WA008320088045
B2236593827827N12207544WA008330088208
B2237003827831N12207545WA008350088462
B2237013827836N12207543WA008360088679
B2237023827841N12207540WA008380088653
B2237033827845N12207534WA008390088636
B2237043827847N12207526WA008390088446
B2237053827847N12207517WA008380088143
B2237063827845N12207507WA008360088088
B2237073827842N12207500WA008350088243
B2237083827837N12207496WA008350088461
B2237093827833N12207494WA008360088609
B2237103827829N12207495WA008370088769
B2237113827827N12207498WA008380088802
B2237123827826N12207500WA008400088839
B2237133827826N12207504WA008410088816
B2237143827826N12207509WA008410088801
B2237153827825N12207513WA008410089038
B2237163827824N12207517WA008420089259
B2237173827824N12207520WA008440089458
B2237183827825N12207523WA008460089532
B2237193827827N12207525WA008470089553
B2237203827831N12207526WA008480089465
B2237213827837N12207525WA008480089332
B2237223827843N12207520WA008470089377
B2237233827848N12207512WA008460089354
B2237243827851N12207503WA008470089580
B2237253827852N12207494WA008490090143
B2237263827850N12207486WA008520090358
B2237273827846N12207480WA008540090599
B2237283827842N12207477WA008560090555
B2237293827837N12207477WA008570090593
B2237303827834N12207480WA008570090485
B2237313827834N12207485WA008570090474
B2237323827836N12207490WA008570090571
B2237333827841N12207492WA008570090609
B2237343827846N12207492WA008580090718
B2237353827851N12207490WA008590090750
B2237363827857N12207484WA008590090762
B2237373827862N12207475WA008600090949
B2237383827865N12207465WA008610091247
B2237393827865N12207455WA008630091527
B2237403827862N12207445WA008650091967
B2237413827858N12207438WA008680092387
B2237423827854N12207435WA008720092681
B2237433827851N12207434WA008750092741
B2237443827849N12207434WA008780092727
B2237453827847N12207437WA008790092588
B2237463827848N12207442WA008780092404
B2237473827849N12207447WA008770092674
B2237483827852N12207450WA008780092887
B2237493827857N12207452WA008790092956
B2237503827862N12207452WA008800092960
B2237513827868N12207449WA008810092982
B2237523827875N12207444WA008810093046
B2237533827881N12207436WA008820093289
B2237543827885N12207427WA008840093481
B2237553827887N12207416WA008850093666
B2237563827888N12207407WA008880094001
B2237573827886N12207398WA008910094486
B2237583827884N12207391WA008950094870
B2237593827881N12207385WA008980095193
B2238003827878N12207381WA009020095335
B2238013827874N12207380WA009040095490
B2238023827872N12207381WA009060095432
B2238033827871N12207384WA009060095414
B2238043827872N12207389WA009060095423
B2238053827876N12207393WA009060095525
B2238063827882N12207395WA009050095594
B2238073827890N12207395WA009050095600
B2238083827896N12207390WA009060095793
B2238093827902N12207382WA009080096296
B2238103827907N12207373WA009110096726
B2238113827909N12207365WA009150097370
B2238123827910N12207357WA009200097718
B2238133827909N12207351WA009240097935
B2238143827907N12207345WA009280098124
B2238153827905N12207340WA009310098215
B2238163827902N12207336WA009330098218
B2238173827899N12207336WA009320098120
B2238183827897N12207338WA009320098055
B2238193827897N12207343WA009310098047
B2238203827898N12207349WA009310098170
B2238213827899N12207353WA009310098466
B2238223827900N12207356WA009320098548
B2238233827901N12207359WA009340098758
B2238243827904N12207363WA009350098700
B2238253827909N12207365WA009370098638
B2238263827916N12207365WA009370098677
B2238273827925N12207361WA009370099175
B2238283827930N12207353WA009400099968
B2238293827932N12207346WA009440100742
B2238303827932N12207340WA009490101017
B2238313827931N12207335WA009540101167
B2238323827930N12207329WA009580101388
B2238333827929N12207323WA009620101489
B2238343827928N12207318WA009640101559
B2238353827926N12207318WA009650101348
B2238363827924N12207323WA009640101335
B2238373827924N12207329WA009630101493
B2238383827929N12207334WA009640101816
B2238393827935N12207337WA009650102326
B2238403827941N12207337WA009680102745
B2238413827947N12207335WA009710103086
B2238423827954N12207333WA009750103431
B2238433827960N12207329WA009790103915
B2238443827964N12207324WA009840104244
B2238453827967N12207318WA009870104322
B2238463827969N12207311WA009910104507
B2238473827969N12207305WA009940104765
B2238483827968N12207300WA009970104941
B2238493827965N12207296WA009990105164
B2238503827962N12207295WA010000105295
B2238513827960N12207297WA010010105477
B2238523827959N12207302WA010030105693
B2238533827960N12207307WA010050105817
B2238543827959N12207313WA010070106162
B2238553827957N12207318WA010100106686
B2238563827957N12207324WA010140107086
B2238573827960N12207330WA010170107345
B2238583827965N12207335WA010200107526
B2238593827970N12207339WA010230107960
B2239003827977N12207337WA010270108314
B2239013827982N12207332WA010310108623
B2239023827984N12207325WA010340108943
B2239033827983N12207317WA010370109249
B2239043827980N12207312WA010400109649
B2239053827976N12207310WA010440110170
B2239063827973N12207310WA010470110552
B2239073827970N12207312WA010510110892
B2239083827968N12207315WA010550111186
B2239093827967N12207320WA010590111451
B2239103827967N12207325WA010610111658
B2239113827968N12207332WA010640111963
B2239123827972N12207338WA010670112264
B2239133827977N12207343WA010690112680
B2239143827983N12207343WA010720113087
B2239153827989N12207340WA010760113363
B2239163827993N12207333WA010790113649
B2239173827994N12207326WA010820113970
B2239183827993N12207318WA010850114284
B2239193827991N12207312WA010890114629
B2239203827987N12207309WA010920115187
B2239213827983N12207308WA010960115581
B2239223827980N12207308WA011000115950
B2239233827977N12207308WA011040116313
B2239243827974N12207308WA011080116505
B2239253827971N12207310WA011120116813
B2239263827970N12207315WA011140117020
B2239273827970N12207321WA011150117296
B2239283827973N12207328WA011170117712
B2239293827976N12207333WA011200118245
B2239303827979N12207336WA011230118856
B2239313827983N12207337WA011280119128
B2239323827987N12207338WA011320119349
B2239333827992N12207339WA011360119550
B2239343827997N12207335WA011390119698
B2239353828001N12207329WA011420119842
B2239363828002N12207321WA011450120296
B2239373828001N12207314WA011480120654
B2239383827998N12207309WA011520121123
B2239393827994N12207306WA011550121509
B2239403827990N12207307WA011590121825
B2239413827987N12207310WA011620122111
B2239423827985N12207313WA011660122508
B2239433827983N12207317WA011700122928
B2239443827981N12207322WA011730123285
B2239453827981N12207328WA011760123510
B2239463827982N12207334WA011790123851
B2239473827986N12207338WA011800124007
B2239483827990N12207342WA011820124364
B2239493827995N12207343WA011840124798
B2239503828001N12207342WA011870125118
B2239513828006N12207339WA011910125411
B2239523828010N12207334WA011940125687
B2239533828015N12207328WA011970125906
B2239543828018N12207322WA012000126120
B2239553828020N12207314WA012040126218
B2239563828019N12207306WA012060126479
B2239573828017N12207299WA012090126825
B2239583828013N12207294WA012130127462
B2239593828010N12207291WA012160127901
B2240003828006N12207290WA012200128211
B2240013828002N12207290WA012240128537
B2240023827998N12207292WA012270128657
B2240033827995N12207296WA012290128911
B2240043827992N12207300WA012310129200
B2240053827988N12207303WA012330129678
B2240063827985N12207307WA012360129948
B2240073827982N12207312WA012390130274
B2240083827981N12207317WA012420130596
B2240093827983N12207323WA012450130737
B2240103827987N12207328WA012480130928
B2240113827992N12207330WA012510131346
B2240123827997N12207329WA012540131762
B2240133828002N12207325WA012560131873
B2240143828007N12207319WA012590132018
B2240153828010N12207313WA012610132201
B2240163828010N12207304WA012630132488
B2240173828009N12207295WA012650132728
B2240183828006N12207288WA012670133006
B2240193828001N12207283WA012690133418
B2240203827995N12207282WA012720133782
B2240213827991N12207283WA012760134104
B2240223827987N12207285WA012790134387
B2240233827985N12207288WA012830134608
B2240243827983N12207292WA012860134918
B2240253827982N12207297WA012890135147
B2240263827983N12207302WA012910135318
B2240273827984N12207307WA012930135688
B2240283827987N12207312WA012950136081
B2240293827992N12207314WA012970136313
B2240303827997N12207314WA013000136505
B2240313828001N12207314WA013020136881
B2240323828006N12207312WA013050137062
B2240333828010N12207308WA013070137272
B2240343828014N12207302WA013090137311
B2240353828016N12207294WA013110137456
B2240363828017N12207286WA013120137561
B2240373828016N12207277WA013130137775
B2240383828014N12207269WA013140138013
B2240393828010N12207263WA013160138461
B2240403828005N12207259WA013190138893
B2240413828001N12207258WA013230139120
B2240423827996N12207257WA013260139449
B2240433827992N12207259WA013300139830
B2240443827988N12207261WA013330140094
B2240453827986N12207265WA013370140232
B2240463827984N12207269WA013400140479
B2240473827984N12207275WA013420140752
B2240483827984N12207281WA013450141081
B2240493827985N12207286WA013470141366
B2240503827986N12207291WA013500141591
B2240513827989N12207295WA013510141652
B2240523827993N12207298WA013520141712
B2240533827998N12207299WA013530141711
B2240543828003N12207298WA013530141730
B2240553828008N12207293WA013530141743
B2240563828012N12207285WA013530141777
B2240573828015N12207276WA013530141942
B2240583828015N12207266WA013540142358
B2240593828012N12207258WA013560142687
B2241003828008N12207251WA013580143058
B2241013828004N12207247WA013610143343
B2241023828000N12207243WA013640143524
B2241033827995N12207241WA013670143731
B2241043827990N12207241WA013700143840
B2241053827985N12207242WA013730144076
B2241063827981N12207246WA013750144261
B2241073827979N12207251WA013780144333
B2241083827979N12207256WA013800144526
B2241093827980N12207261WA013820144665
B2241103827984N12207264WA013830144806
B2241113827988N12207266WA013840145063
B2241123827994N12207265WA013850145138
B2241133827999N12207262WA013860145235
B2241143828003N12207257WA013860145351
B2241153828007N12207249WA013880145506
B2241163828008N12207241WA013890145789
B2241173828008N12207233WA013910146141
B2241183828006N12207224WA013940146628
B2241193828003N12207217WA013980147017
B2241203827999N12207212WA014020147334
B2241213827995N12207209WA014050147420
B2241223827990N12207206WA014080147468
B2241233827985N12207206WA014090147420
B2241243827979N12207207WA014090147583
B2241253827975N12207210WA014090147754
B2241263827972N12207214WA014100147945
B2241273827971N12207219WA014110148103
B2241283827971N12207224WA014130148351
B2241293827973N12207228WA014150148550
B2241303827977N12207231WA014180148818
B2241313827981N12207233WA014200149139
B2241323827986N12207232WA014230149306
B2241333827990N12207228WA014260149427
B2241343827994N12207223WA014280149679
B2241353827999N12207218WA014300149817
B2241363828002N12207211WA014330150106
B2241373828002N12207202WA014360150463
B2241383828000N12207193WA014380150828
B2241393827996N12207188WA014410151141
B2241403827992N12207185WA014440151338
B2241413827987N12207185WA014470151378
B2241423827983N12207188WA014480151377
B2241433827981N12207193WA014470151447
B2241443827981N12207200WA014470151633
B2241453827983N12207206WA014490151960
B2241463827988N12207209WA014510152451
B2241473827993N12207208WA014540152820
B2241483827997N12207204WA014580153297
B2241493828001N12207199WA014610153530
B2241503828003N12207192WA014650153963
B2241513828003N12207184WA014690154112
B2241523828000N12207176WA014720154303
B2241533827995N12207171WA014750154516
B2241543827990N12207170WA014770154715
B2241553827985N12207172WA014790154771
B2241563827982N12207175WA014790154834
B2241573827980N12207179WA014800155043
B2241583827980N12207183WA014810155229
B2241593827981N12207188WA014830155479
B2242003827985N12207192WA014850155607
B2242013827989N12207194WA014870155849
B2242023827994N12207194WA014890156127
B2242033827998N12207191WA014910156249
B2242043828002N12207187WA014920156221
B2242053828005N12207180WA014940156343
B2242063828007N12207171WA014950156586
B2242073828008N12207163WA014970156953
B2242083828007N12207155WA014990157584
B2242093828005N12207149WA015020157954
B2242103828002N12207144WA015060158146
B2242113827998N12207141WA015090158144
B2242123827993N12207139WA015110158146
B2242133827988N12207140WA015110158230
B2242143827983N12207141WA015110158380
B2242153827980N12207143WA015120158481
B2242163827979N12207145WA015130158536
B2242173827978N12207148WA015140158732
B2242183827978N12207151WA015160158752
B2242193827978N12207154WA015170158787
B2242203827980N12207158WA015180158715
B2242213827982N12207162WA015190158896
B2242223827986N12207166WA015200159065
B2242233827990N12207169WA015210159212
B2242243827993N12207170WA015220159345
B2242253827997N12207170WA015230159250
B2242263828002N12207167WA015230159183
B2242273828008N12207162WA015220159017
B2242283828012N12207154WA015220159036
B2242293828013N12207144WA015210159296
B2242303828012N12207135WA015220159559
B2242313828009N12207128WA015230159945
B2242323828005N12207122WA015250160249
B2242333828000N12207118WA015280160579
B2242343827996N12207116WA015310160647
B2242353827992N12207115WA015330160633
B2242363827987N12207113WA015350160774
B2242373827982N12207111WA015350160642
B2242383827977N12207108WA015350160522
B2242393827973N12207104WA015350160609
B2242403827969N12207101WA015350160745
B2242413827965N12207098WA015360160764
B2242423827961N12207096WA015360160643
B2242433827956N12207095WA015350160465
B2242443827951N12207095WA015340160247
B2242453827946N12207096WA015320159903
B2242463827940N12207096WA015300159739
B2242473827934N12207097WA015280159640
B2242483827928N12207097WA015260159540
B2242493827922N12207096WA015240159388
B2242503827917N12207096WA015230159255
B2242513827911N12207096WA015210159091
B2242523827906N12207095WA015190158928
B2242533827900N12207095WA015170158637
B2242543827893N12207095WA015150158495
B2242553827887N12207094WA015130158217
B2242563827880N12207093WA015120158111
B2242573827873N12207091WA015110158140
B2242583827867N12207089WA015110158105
B2242593827860N12207088WA015110158167
B2243003827854N12207088WA015110158111
B2243013827847N12207086WA015110158059
B2243023827840N12207085WA015100157986
B2243033827834N12207084WA015090157729
B2243043827827N12207083WA015090157649
B2243053827820N12207083WA015080157450
B2243063827813N12207082WA015060157331
B2243073827806N12207081WA015050157205
B2243083827798N12207080WA015030157297
B2243093827792N12207079WA015030157376
B2243103827786N12207078WA015030157290
B2243113827781N12207076WA015020157137
B2243123827775N12207075WA015010156965
B2243133827769N12207075WA014990156673
B2243143827763N12207074WA014970156249
B2243153827756N12207074WA014940155993
B2243163827750N12207074WA014910155733
B2243173827744N12207074WA014880155538
B2243183827738N12207075WA014850155214
B2243193827731N12207075WA014830155053
B2243203827725N12207074WA014800154815
B2243213827718N12207073WA014780154685
B2243223827712N12207073WA014760154571
B2243233827706N12207072WA014750154366
B2243243827700N12207071WA014740154159
B2243253827694N12207071WA014730153941
B2243263827687N12207070WA014710153783
B2243273827681N12207070WA014690153550
B2243283827675N12207069WA014670153318
B2243293827668N12207069WA014660153282
B2243303827662N12207068WA014640153175
B2243313827656N12207067WA014620152986
B2243323827651N12207067WA014610152700
B2243333827644N12207066WA014590152585
B2243343827638N12207066WA014570152350
B2243353827632N12207065WA014550152028
B2243363827625N12207066WA014520151892
B2243373827619N12207066WA014500151677
B2243383827613N12207066WA014480151569
B2243393827607N12207066WA014450151368
B2243403827601N12207067WA014430151092
B2243413827595N12207067WA014410150778
B2243423827589N12207068WA014380150534
B2243433827582N12207069WA014360150381
B2243443827576N12207070WA014340150130
B2243453827570N12207070WA014320149918
B2243463827564N12207071WA014310149816
B2243473827558N12207072WA014300149644
B2243483827552N12207073WA014280149374
B2243493827546N12207074WA014260149075
B2243503827540N12207075WA014240148755
B2243513827533N12207076WA014210148496
B2243523827527N12207077WA014180148234
B2243533827520N12207078WA014150148072
B2243543827514N12207079WA014120147722
B2243553827507N12207080WA014090147531
B2243563827500N12207081WA014050147203
B2243573827492N12207082WA014020146934
B2243583827484N12207083WA013990146682
B2243593827477N12207083WA013970146546
B2244003827470N12207083WA013950146333
B2244013827463N12207082WA013940146048
B2244023827456N12207082WA013920145756
B2244033827449N12207082WA013900145433
B2244043827442N12207082WA013870145000
B2244053827434N12207081WA013850144865
B2244063827427N12207081WA013810144540
B2244073827420N12207080WA013780144233
B2244083827413N12207079WA013750144025
B2244093827405N12207078WA013730143787
B2244103827398N12207077WA013700143529
B2244113827390N12207077WA013670143363
B2244123827383N12207076WA013660143206
B2244133827375N12207075WA013650143188
B2244143827369N12207075WA013650143001
B2244153827362N12207074WA013640142837
B2244163827355N12207074WA013630142543
B2244173827348N12207073WA013610142239
B2244183827341N12207073WA013590142010
B2244193827333N12207071WA013560141788
B2244203827326N12207070WA013540141547
B2244213827318N12207070WA013510141391
B2244223827311N12207069WA013480141258
B2244233827304N12207069WA013460141158
B2244243827298N12207069WA013460141118
B2244253827291N12207069WA013460141188
B2244263827285N12207069WA013460141196
B2244273827280N12207070WA013460141033
B2244283827274N12207071WA013450140957
B2244293827269N12207073WA013450140803
B2244303827263N12207073WA013440140719
B2244313827256N12207073WA013430140689
B2244323827250N12207074WA013420140531
B2244333827243N12207074WA013410140498
B2244343827237N12207074WA013400140439
B2244353827231N12207073WA013400140652
B2244363827226N12207071WA013410140870
B2244373827222N12207069WA013420140847
B2244383827218N12207068WA013430140707
B2244393827212N12207068WA013430140581
B2244403827206N12207068WA013410140280
B2244413827199N12207069WA013390140081
B2244423827193N12207070WA013380139929
B2244433827186N12207071WA013370140077
B2244443827181N12207071WA013370140232
B2244453827176N12207070WA013380140344
B2244463827172N12207070WA013390140342
B2244473827168N12207070WA013400140225
B2244483827163N12207070WA013390140018
B2244493827157N12207070WA013390140043
B2244503827150N12207069WA013380140083
B2244513827144N12207068WA013380140234
B2244523827138N12207068WA013390140313
B2244533827132N12207068WA013400140511
B2244543827126N12207067WA013420140749
B2244553827120N12207067WA013430140986
B2244563827115N12207066WA013450141119
B2244573827109N12207065WA013470141339
B2244583827103N12207064WA013490141525
B2244593827097N12207063WA013510141734
B2245003827091N12207062WA013530141997
B2245013827086N12207061WA013560142288
B2245023827081N12207060WA013580142370
B2245033827076N12207057WA013600142303
B2245043827069N12207055WA013600142372
B2245053827062N12207054WA013590142496
B2245063827056N12207054WA013600142534
B2245073827050N12207053WA013600142754
B2245083827045N12207051WA013610142727
B2245093827040N12207049WA013620142608
B2245103827034N12207049WA013620142603
B2245113827027N12207049WA013610142554
B2245123827020N12207049WA013610142574
B2245133827014N12207048WA013600142506
B2245143827007N12207047WA013600142544
B2245153827001N12207046WA013600142504
B2245163826994N12207045WA013610142684
B2245173826989N12207044WA013610142606
B2245183826983N12207044WA013620142514
B2245193826977N12207044WA013610142421
B2245203826970N12207043WA013600142267
B2245213826963N12207043WA013590142084
B2245223826957N12207043WA013570141914
B2245233826950N12207043WA013560141966
B2245243826944N12207043WA013550141934
B2245253826938N12207043WA013540141963
B2245263826933N12207043WA013530141701
B2245273826927N12207043WA013520141530
B2245283826921N12207043WA013510141322
B2245293826914N12207043WA013490141287
B2245303826908N12207044WA013480141140
B2245313826902N12207043WA013470141119
B2245323826896N12207043WA013470141149
B2245333826890N12207043WA013460141097
B2245343826885N12207043WA013460140858
B2245353826879N12207044WA013450140550
B2245363826873N12207044WA013430140300
B2245373826866N12207043WA013410140238
B2245383826859N12207043WA013400140295
B2245393826853N12207043WA013390140292
B2245403826848N12207043WA013380140111
B2245413826842N12207043WA013370140022
B2245423826836N12207043WA013360139943
B2245433826830N12207043WA013350139822
B2245443826823N12207043WA013340139691
B2245453826817N12207043WA013330139682
B2245463826811N12207043WA013320139564
B2245473826805N12207043WA013310139473
B2245483826799N12207043WA013300139272
B2245493826793N12207043WA013280139080
B2245503826787N12207042WA013270138979
B2245513826781N12207042WA013260138867
B2245523826775N12207042WA013250138746
B2245533826769N12207042WA013240138730
B2245543826763N12207041WA013240138716
B2245553826756N12207041WA013240138790
B2245563826750N12207040WA013240138781
B2245573826744N12207039WA013240138765
B2245583826738N12207039WA013240138744
B2245593826732N12207039WA013230138645
B2246003826726N12207039WA013230138656
B2246013826720N12207039WA013230138689
B2246023826715N12207040WA013220138522
B2246033826709N12207040WA013210138335
B2246043826703N12207040WA013200138229
B2246053826697N12207041WA013190138121
B2246063826691N12207040WA013180138048
B2246073826685N12207041WA013170138070
B2246083826680N12207042WA013170138000
B2246093826674N12207043WA013170138164
B2246103826669N12207044WA013180138217
B2246113826663N12207045WA013190138297
B2246123826658N12207046WA013190138389
B2246133826653N12207047WA013200138449
B2246143826647N12207048WA013210138466
B2246153826642N12207049WA013210138400
B2246163826636N12207049WA013210138482
B2246173826631N12207049WA013210138367
B2246183826626N12207050WA013200138113
B2246193826620N12207051WA013190137910
B2246203826613N12207051WA013180137877
B2246213826607N12207052WA013160137754
B2246223826601N12207053WA013150137875
B2246233826596N12207054WA013150137845
B2246243826590N12207055WA013150137783
B2246253826585N12207056WA013140137621
B2246263826579N12207057WA013130137432
B2246273826573N12207058WA013120137316
B2246283826567N12207060WA013110137201
B2246293826561N12207061WA013100137205
B2246303826555N12207062WA013090137247
B2246313826550N12207063WA013080137229
B2246323826544N12207065WA013070137070
B2246333826539N12207066WA013060136813
B2246343826533N12207067WA013060136727
B2246353826527N12207069WA013040136533
B2246363826521N12207071WA013020136452
B2246373826516N12207072WA013010136208
B2246383826510N12207074WA012990136155
B2246393826505N12207076WA012970135911
B2246403826499N12207077WA012950135757
B2246413826493N12207079WA012940135584
B2246423826488N12207080WA012920135329
B2246433826482N12207082WA012900135185
B2246443826477N12207084WA012880134934
B2246453826471N12207086WA012860134791
B2246463826466N12207087WA012830134416
B2246473826460N12207089WA012810134230
B2246483826454N12207090WA012790134075
B2246493826449N12207092WA012770133823
B2246503826443N12207094WA012750133662
B2246513826438N12207095WA012740133626
B2246523826433N12207096WA012740133615
B2246533826427N12207097WA012740133593
B2246543826422N12207098WA012740133466
B2246553826417N12207100WA012730133306
B2246563826411N12207102WA012720133144
B2246573826405N12207104WA012700133141
B2246583826399N12207104WA012690133029
B2246593826393N12207104WA012680132948
B2247003826388N12207105WA012670132900
B2247013826383N12207104WA012670132939
B2247023826378N12207104WA012660132887
B2247033826374N12207104WA012650132744
B2247043826369N12207104WA012640132563
B2247053826364N12207104WA012630132333
B2247063826358N12207104WA012620132281
B2247073826353N12207104WA012610132001
B2247083826346N12207104WA012600131986
B2247093826340N12207105WA012580131844
B2247103826334N12207106WA012570131703
B2247113826328N12207106WA012560131618
B2247123826322N12207106WA012550131518
B2247133826316N12207106WA012540131437
B2247143826310N12207106WA012530131375
B2247153826305N12207106WA012520131144
B2247163826300N12207106WA012500130815
B2247173826294N12207106WA012480130605
B2247183826287N12207106WA012460130422
B2247193826280N12207105WA012440130469
B2247203826274N12207105WA012430130565
B2247213826269N12207104WA012440130609
B2247223826263N12207104WA012440130682
B2247233826258N12207103WA012440130434
B2247243826252N12207103WA012430130220
B2247253826245N12207103WA012420130170
B2247263826238N12207102WA012410129979
B2247273826231N12207102WA012400129966
B2247283826224N12207102WA012390130092
B2247293826218N12207102WA012390130090
B2247303826213N12207102WA012390129910
B2247313826207N12207102WA012390129832
B2247323826201N12207102WA012380129601
B2247333826194N12207102WA012370129411
B2247343826187N12207102WA012360129404
B2247353826180N12207102WA012350129515
B2247363826173N12207102WA012350129581
B2247373826167N12207101WA012350129462
B2247383826161N12207100WA012340129244
B2247393826154N12207099WA012320128866
B2247403826147N12207098WA012300128504
B2247413826139N12207096WA012280128448
B2247423826132N12207095WA012250128405
B2247433826125N12207094WA012240128466
B2247443826119N12207093WA012230128489
B2247453826114N12207092WA012230128204
B2247463826107N12207090WA012220128063
B2247473826100N12207088WA012210127766
B2247483826093N12207087WA012190127607
B2247493826085N12207086WA012180127619
B2247503826077N12207086WA012160127761
B2247513826071N12207085WA012160127801
B2247523826064N12207084WA012170127860
B2247533826058N12207083WA012170127750
B2247543826052N12207082WA012170127644
B2247553826046N12207081WA012160127426
B2247563826039N12207081WA012150127381
B2247573826033N12207080WA012140127208
B2247583826026N12207080WA012130127109
B2247593826019N12207080WA012120127134
B2248003826013N12207080WA012120127310
B2248013826007N12207080WA012130127474
B2248023826002N12207080WA012130127336
B2248033825996N12207080WA012130127261
B2248043825990N12207079WA012120126963
B2248053825984N12207079WA012110126845
B2248063825978N12207080WA012100126713
B2248073825971N12207081WA012090126886
B2248083825965N12207082WA012090126962
B2248093825959N12207082WA012100127141
B2248103825953N12207081WA012110127269
B2248113825947N12207081WA012120127287
B2248123825942N12207081WA012120127128
B2248133825936N12207081WA012120126949
B2248143825929N12207082WA012110126791
B2248153825922N12207082WA012090126584
B2248163825915N12207082WA012080126434
B2248173825907N12207082WA012060126573
B2248183825900N12207081WA012060126637
B2248193825893N12207080WA012070126848
B2248203825887N12207079WA012080127128
B2248213825881N12207079WA012100127481
B2248223825877N12207079WA012120127520
B2248233825872N12207078WA012140127609
B2248243825866N12207079WA012160127651
B2248253825860N12207079WA012180127887
B2248263825854N12207080WA012200128083
B2248273825849N12207080WA012210128234
B2248283825844N12207080WA012230128338
B2248293825839N12207081WA012250128475
B2248303825834N12207082WA012250128354
B2248313825828N12207083WA012250128364
B2248323825822N12207084WA012250128455
B2248333825816N12207085WA012250128557
B2248343825811N12207087WA012250128701
B2248353825805N12207087WA012270128879
B2248363825800N12207088WA012270128827
B2248373825794N12207089WA012280128757
B2248383825788N12207090WA012280128607
B2248393825781N12207091WA012270128659
B2248403825774N12207092WA012270128888
B2248413825768N12207093WA012280129086
B2248423825763N12207094WA012290129267
B2248433825758N12207095WA012310129336
B2248443825752N12207095WA012320129347
B2248453825745N12207095WA012320129380
B2248463825739N12207093WA012320129235
B2248473825732N12207092WA012330129283
B2248483825726N12207090WA012340129378
B2248493825720N12207088WA012350129558
B2248503825714N12207086WA012360129778
B2248513825709N12207085WA012370129755
B2248523825704N12207084WA012360129505
B2248533825697N12207084WA012360129470
B2248543825690N12207083WA012350129390
B2248553825684N12207081WA012340129423
B2248563825678N12207078WA012340129589
B2248573825674N12207076WA012340129650
B2248583825670N12207073WA012350129512
B2248593825665N12207070WA012350129459
B2249003825660N12207068WA012340129303
B2249013825654N12207066WA012330129251
B2249023825649N12207063WA012330129259
B2249033825644N12207061WA012320129155
B2249043825639N12207059WA012310128913
B2249053825633N12207057WA012300128742
B2249063825627N12207055WA012280128502
B2249073825620N12207053WA012270128502
B2249083825613N12207050WA012250128635
B2249093825607N12207048WA012260128710
B2249103825601N12207045WA012260128849
B2249113825595N12207044WA012270128833
B2249123825588N12207043WA012280128974
B2249133825581N12207042WA012290129082
B2249143825575N12207040WA012300129312
B2249153825568N12207038WA012320129662
B2249163825562N12207036WA012350129974
B2249173825556N12207035WA012380130270
B2249183825550N12207033WA012400130557
B2249193825544N12207032WA012440130843
B2249203825538N12207031WA012470131152
B2249213825532N12207030WA012500131462
B2249223825526N12207029WA012530131663
B2249233825520N12207028WA012560131937
B2249243825514N12207028WA012590132222
B2249253825508N12207028WA012620132580
B2249263825503N12207027WA012650132996
B2249273825499N12207026WA012690133235
B2249283825494N12207025WA012720133461
B2249293825489N12207024WA012740133572
B2249303825484N12207023WA012750133626
B2249313825478N12207022WA012760134042
B2249323825473N12207020WA012790134623
B2249333825468N12207018WA012820135145
B2249343825464N12207017WA012860135401
B2249353825459N12207016WA012910135781
B2249363825456N12207014WA012950136009
B2249373825452N12207013WA012980136122
B2249383825448N12207011WA013010136210
B2249393825443N12207008WA013010136127
B2249403825437N12207005WA013000136038
B2249413825430N12207002WA012990136016
B2249423825422N12206999WA012990136467
B2249433825416N12206996WA013010136827
B2249443825411N12206993WA013030137207
B2249453825406N12206990WA013060137429
B2249463825401N12206988WA013090137516
B2249473825395N12206986WA013110137405
B2249483825388N12206984WA013110137339
B2249493825381N12206983WA013110137435
B2249503825374N12206981WA013100137498
B2249513825369N12206979WA013100137438
B2249523825364N12206977WA013100137316
B2249533825358N12206975WA013100137285
B2249543825352N12206973WA013090136992
B2249553825345N12206970WA013070136788
B2249563825338N12206968WA013050136536
B2249573825330N12206966WA013030136592
B2249583825324N12206963WA013020136527
B2249593825318N12206961WA013020136533
B2250003825312N12206958WA013010136489
B2250013825306N12206956WA013010136292
B2250023825300N12206953WA013000135986
B2250033825294N12206951WA012980135723
B2250043825287N12206949WA012970135656
B2250053825281N12206948WA012950135503
B2250063825274N12206946WA012940135596
B2250073825268N12206944WA012920135394
B2250083825262N12206942WA012900135271
B2250093825256N12206939WA012910135028
B2250103825249N12206937WA012900134968
B2250113825243N12206935WA012880134818
B2250123825236N12206934WA012870134662
B2250133825230N12206932WA012860134546
B2250143825223N12206931WA012840134380
B2250153825217N12206929WA012820134113
B2250163825210N12206927WA012800133927
B2250173825203N12206926WA012780133812
B2250183825196N12206924WA012760133719
B2250193825189N12206923WA012750133512
B2250203825182N12206921WA012740133445
B2250213825175N12206919WA012730133355
B2250223825168N12206917WA012720133295
B2250233825162N12206915WA012720133024
B2250243825155N12206913WA012710132841
B2250253825148N12206911WA012690132742
B2250263825141N12206909WA012680132535
B2250273825134N12206907WA012670132429
B2250283825127N12206906WA012640132223
B2250293825120N12206905WA012620132120
B2250303825113N12206903WA012620131922
B2250313825105N12206901WA012600131692
B2250323825098N12206898WA012590131538
B2250333825091N12206896WA012570131308
B2250343825083N12206895WA012550131262
B2250353825076N12206893WA012530131169
B2250363825070N12206892WA012510131003
B2250373825063N12206890WA012490130927
B2250383825056N12206889WA012500130740
B2250393825049N12206887WA012480130643
B2250403825042N12206885WA012470130468
B2250413825035N12206884WA012450130274
B2250423825028N12206883WA012430130192
B2250433825022N12206882WA012420130020
B2250443825016N12206880WA012410129902
B2250453825009N12206877WA012390129895
B2250463825003N12206874WA012370129689
B2250473824997N12206872WA012360129347
B2250483824990N12206870WA012340129154
B2250493824983N12206868WA012310128951
B2250503824976N12206866WA012290128771
B2250513824970N12206864WA012270128625
B2250523824963N12206862WA012260128479
B2250533824957N12206861WA012230128126
B2250543824950N12206860WA012210127852
B2250553824943N12206858WA012190127582
B2250563824937N12206855WA012170127319
B2250573824930N12206852WA012140127273
B2250583824924N12206848WA012120127086
B2250593824919N12206845WA012100126905
B2251003824912N12206842WA012080126697
B2251013824906N12206839WA012050126334
B2251023824899N12206835WA012030126137
B2251033824892N12206832WA012010126042
B2251043824885N12206829WA011990126091
B2251053824880N12206826WA012000125905
B2251063824874N12206824WA011990125720
B2251073824868N12206821WA011990125545
B2251083824862N12206818WA011970125209
B2251093824855N12206816WA011940125012
B2251103824848N12206813WA011920124938
B2251113824841N12206811WA011900124866
B2251123824835N12206809WA011890124763
B2251133824829N12206806WA011870124699
B2251143824824N12206804WA011850124428
B2251153824818N12206803WA011830124131
B2251163824812N12206801WA011810123824
B2251173824805N12206798WA011790123565
B2251183824799N12206794WA011760123416
B2251193824793N12206790WA011740123428
B2251203824787N12206787WA011740123459
B2251213824781N12206785WA011750123399
B2251223824776N12206783WA011750123367
B2251233824771N12206781WA011750123145
B2251243824766N12206779WA011740122814
B2251253824760N12206776WA011720122618
B2251263824754N12206773WA011700122305
B2251273824747N12206769WA011670122178
B2251283824741N12206765WA011650122189
B2251293824736N12206762WA011640122132
B2251303824731N12206758WA011630122139
B2251313824726N12206755WA011620121974
B2251323824722N12206751WA011620121718
B2251333824717N12206748WA011600121531
B2251343824711N12206744WA011590121496
B2251353824706N12206741WA011570121465
B2251363824701N12206738WA011560121306
B2251373824695N12206735WA011550121329
B2251383824689N12206733WA011550121451
B2251393824683N12206730WA011560121465
B2251403824677N12206727WA011560121487
B2251413824671N12206725WA011560121471
B2251423824665N12206722WA011560121565
B2251433824659N12206719WA011560121536
B2251443824652N12206717WA011560121673
B2251453824645N12206715WA011570121796
B2251463824639N12206713WA011580121952
B2251473824633N12206709WA011600122197
B2251483824628N12206706WA011620122356
B2251493824622N12206704WA011640122562
B2251503824616N12206702WA011660122771
B2251513824610N12206699WA011680122966
B2251523824604N12206696WA011710123388
B2251533824599N12206694WA011750123845
B2251543824594N12206693WA011790124252
B2251553824589N12206692WA011840124660
B2251563824584N12206690WA011870124721
B2251573824578N12206687WA011910124965
B2251583824573N12206684WA011940125149
B2251593824568N12206682WA011960125445
B2252003824563N12206679WA011990125698
B2252013824559N12206676WA012000125719
B2252023824553N12206673WA012000125898
B2252033824548N12206670WA012010125959
B2252043824542N12206667WA012010126199
B2252053824537N12206664WA012020126259
B2252063824531N12206662WA012040126383
B2252073824526N12206659WA012050126572
B2252083824521N12206655WA012070126765
B2252093824516N12206651WA012090126946
B2252103824511N12206647WA012110127179
B2252113824507N12206644WA012130127213
B2252123824502N12206640WA012150127377
B2252133824498N12206637WA012160127404
B2252143824492N12206634WA012160127372
B2252153824487N12206630WA012160127325
B2252163824481N12206626WA012150127496
B2252173824476N12206623WA012160127672
B2252183824471N12206619WA012170127779
B2252193824466N12206616WA012180127850
B2252203824461N12206612WA012180127740
B2252213824456N12206607WA012190127628
B2252223824450N12206603WA012180127588
B2252233824445N12206599WA012170127587
B2252243824441N12206595WA012170127418
B2252253824436N12206592WA012150127208
B2252263824430N12206590WA012130126923
B2252273824423N12206587WA012110126686
B2252283824417N12206583WA012090126517
B2252293824410N12206579WA012070126578
B2252303824405N12206575WA012050126626
B2252313824400N12206572WA012050126601
B2252323824395N12206569WA012050126405
B2252333824389N12206567WA012040126254
B2252343824384N12206564WA012030126008
B2252353824378N12206562WA012020126051
B2252363824373N12206559WA012010125965
B2252373824369N12206556WA012000125929
B2252383824365N12206553WA012000125818
B2252393824360N12206550WA011980125694
B2252403824356N12206547WA011970125413
B2252413824351N12206544WA011960125310
B2252423824345N12206539WA011950125288
B2252433824340N12206536WA011930125112
B2252443824333N12206533WA011920125169
B2252453824327N12206532WA011920125312
B2252463824321N12206529WA011940125748
B2252473824316N12206526WA011960126188
B2252483824313N12206523WA011980126375
B2252493824310N12206520WA012010126582
B2252503824306N12206516WA012040126477
B2252513824301N12206512WA012050126434
B2252523824294N12206508WA012050126558
B2252533824288N12206505WA012050127019
B2252543824283N12206503WA012080127609
B2252553824279N12206501WA012120128217
B2252563824276N12206499WA012170128515
B2252573824272N12206497WA012220128890
B2252583824268N12206493WA012260128987
B2252593824263N12206490WA012300129086
B2253003824258N12206487WA012330129336
B2253013824253N12206484WA012370129819
B2253023824248N12206482WA012400130242
B2253033824243N12206479WA012440130590
B2253043824239N12206475WA012480130866
B2253053824235N12206472WA012520131125
B2253063824230N12206470WA012540131440
B2253073824225N12206467WA012560131763
B2253083824220N12206463WA012590132145
B2253093824215N12206459WA012620132464
B2253103824210N12206455WA012650132892
B2253113824206N12206451WA012680133122
B2253123824201N12206447WA012710133493
B2253133824197N12206443WA012750133775
B2253143824194N12206439WA012780133908
B2253153824190N12206436WA012800134104
B2253163824186N12206432WA012820134206
B2253173824181N12206428WA012820134488
B2253183824177N12206425WA012830134580
B2253193824173N12206421WA012840134643
B2253203824169N12206417WA012850134716
B2253213824164N12206413WA012860134858
B2253223824160N12206410WA012870134911
B2253233824155N12206406WA012880134836
B2253243824150N12206402WA012880134838
B2253253824145N12206398WA012880134825
B2253263824139N12206394WA012870134992
B2253273824134N12206390WA012880135073
B2253283824130N12206387WA012880135015
B2253293824125N12206384WA012890134989
B2253303824121N12206381WA012880134807
B2253313824115N12206377WA012870134668
B2253323824109N12206374WA012860134482
B2253333824103N12206370WA012840134339
B2253343824096N12206367WA012830134323
B2253353824089N12206363WA012820134534
B2253363824082N12206360WA012830134794
B2253373824077N12206357WA012850135038
B2253383824072N12206355WA012860135050
B2253393824067N12206352WA012870134962
B2253403824061N12206349WA012870134697
B2253413824055N12206347WA012850134227
B2253423824047N12206345WA012820134059
B2253433824040N12206343WA012810134237
B2253443824034N12206341WA012800134506
B2253453824029N12206340WA012820134820
B2253463824024N12206338WA012840135092
B2253473824020N12206336WA012860135084
B2253483824015N12206334WA012870134989
B2253493824009N12206333WA012880134995
B2253503824003N12206332WA012890135051
B2253513823997N12206330WA012900135374
B2253523823992N12206328WA012910135576
B2253533823988N12206327WA012920135623
B2253543823983N12206325WA012930135629
B2253553823978N12206324WA012940135523
B2253563823973N12206322WA012930135407
B2253573823967N12206320WA012930135365
B2253583823962N12206318WA012920135244
B2253593823957N12206316WA012910135168
B2254003823952N12206315WA012900135084
B2254013823948N12206313WA012880134806
B2254023823942N12206311WA012870134683
B2254033823937N12206309WA012850134541
B2254043823931N12206307WA012840134592
B2254053823927N12206305WA012830134414
B2254063823922N12206303WA012820134284
B2254073823918N12206301WA012800134041
B2254083823913N12206298WA012780133706
B2254093823907N12206295WA012760133619
B2254103823901N12206293WA012750133692
B2254113823897N12206291WA012750133781
B2254123823893N12206289WA012750133792
B2254133823890N12206287WA012750133515
B2254143823885N12206285WA012730133233
B2254153823879N12206282WA012710132972
B2254163823873N12206279WA012690132642
B2254173823866N12206275WA012660132568
B2254183823860N12206272WA012650132413
B2254193823854N12206269WA012640132404
B2254203823848N12206267WA012640132582
B2254213823843N12206265WA012650132493
B2254223823838N12206263WA012640132280
B2254233823833N12206260WA012630131861
B2254243823827N12206255WA012610131469
B2254253823821N12206251WA012570131122
B2254263823814N12206246WA012550131034
B2254273823807N12206241WA012520130923
B2254283823800N12206235WA012500130988
B2254293823795N12206230WA012490131045
B2254303823790N12206226WA012490131131
B2254313823785N12206221WA012490130908
B2254323823778N12206217WA012490130778
B2254333823771N12206213WA012480130470
B2254343823764N12206207WA012460130487
B2254353823758N12206202WA012450130513
B2254363823751N12206197WA012450130692
B2254373823745N12206192WA012460130780
B2254383823739N12206187WA012470130895
B2254393823734N12206183WA012470130830
B2254403823728N12206178WA012470130756
B2254413823722N12206174WA012470130622
B2254423823715N12206169WA012460130578
B2254433823708N12206165WA012460130585
B2254443823702N12206160WA012470130629
B2254453823696N12206155WA012470130874
B2254463823692N12206149WA012480131029
B2254473823688N12206145WA012490131114
B2254483823684N12206141WA012500131124
B2254493823680N12206137WA012500131021
B2254503823675N12206132WA012500130956
B2254513823670N12206128WA012490130866
B2254523823665N12206125WA012480130790
B2254533823661N12206121WA012460130684
B2254543823658N12206118WA012450130600
B2254553823653N12206114WA012430130341
B2254563823648N12206109WA012400129833
B2254573823642N12206104WA012360129352
B2254583823636N12206098WA012320128928
B2254593823629N12206093WA012280128780
B2255003823623N12206087WA012250128530
B2255013823617N12206081WA012220128510
B2255023823611N12206075WA012220128567
B2255033823606N12206070WA012230128565
B2255043823601N12206065WA012230128474
B2255053823596N12206060WA012220128220
B2255063823590N12206054WA012210128104
B2255073823583N12206049WA012200128171
B2255083823577N12206043WA012200128158
B2255093823571N12206038WA012190128165
B2255103823565N12206033WA012190128181
B2255113823560N12206027WA012190128147
B2255123823555N12206021WA012190127919
B2255133823549N12206015WA012180127768
B2255143823543N12206009WA012170127616
B2255153823535N12206004WA012150127696
B2255163823528N12206001WA012150127755
B2255173823521N12205998WA012160127945
B2255183823514N12205995WA012170128265
B2255193823508N12205993WA012190128481
B2255203823503N12205991WA012220128696
B2255213823499N12205990WA012240128772
B2255223823495N12205988WA012260128736
B2255233823490N12205986WA012280128833
B2255243823484N12205984WA012280128983
B2255253823479N12205982WA012280129117
B2255263823473N12205981WA012300129484
B2255273823469N12205979WA012310129604
B2255283823464N12205977WA012330129761
B2255293823460N12205974WA012340129737
B2255303823455N12205972WA012350129776
B2255313823450N12205970WA012360129732
B2255323823444N12205967WA012370129867
B2255333823439N12205965WA012370129906
B2255343823433N12205964WA012370130096
B2255353823429N12205964WA012380130287
B2255363823426N12205965WA012390130239
B2255373823423N12205967WA012400130288
B2255383823422N12205971WA012410130212
B2255393823421N12205975WA012420130255
B2255403823422N12205980WA012410130294
B2255413823426N12205984WA012410130314
B2255423823431N12205986WA012410130413
B2255433823436N12205985WA012420130617
B2255443823441N12205982WA012420130750
B2255453823446N12205975WA012420130655
B2255463823450N12205967WA012430130668
B2255473823452N12205959WA012430130696
B2255483823453N12205950WA012430130678
B2255493823453N12205942WA012430130612
B2255503823451N12205934WA012440130622
B2255513823448N12205926WA012440130646
B2255523823444N12205920WA012440130653
B2255533823439N12205914WA012450130698
B2255543823434N12205911WA012450130683
B2255553823429N12205908WA012450130639
B2255563823423N12205907WA012460130882
B2255573823418N12205905WA012470131045
B2255583823413N12205903WA012480131226
B2255593823408N12205901WA012500131515
B2256003823403N12205899WA012530131730
B2256013823398N12205896WA012550131992
B2256023823394N12205893WA012580132169
B2256033823390N12205892WA012600132242
B2256043823386N12205892WA012620132415
B2256053823382N12205895WA012640132671
B2256063823380N12205898WA012660132726
B2256073823380N12205902WA012680132826
B2256083823381N12205905WA012690132984
B2256093823384N12205907WA012690132993
B2256103823388N12205908WA012690132985
B2256113823393N12205908WA012690132961
B2256123823398N12205905WA012680132940
B2256133823403N12205899WA012680132927
B2256143823407N12205892WA012680132967
B2256153823410N12205884WA012680132874
B2256163823412N12205874WA012680132876
B2256173823412N12205864WA012670132996
B2256183823411N12205854WA012680133177
B2256193823409N12205845WA012690133324
B2256203823405N12205838WA012700133590
B2256213823402N12205831WA012720133718
B2256223823397N12205826WA012740133844
B2256233823392N12205822WA012760133935
B2256243823387N12205820WA012770133906
B2256253823382N12205821WA012780134011
B2256263823377N12205823WA012790134175
B2256273823374N12205826WA012810134266
B2256283823373N12205830WA012810134218
B2256293823374N12205835WA012810134201
B2256303823377N12205839WA012810134387
B2256313823383N12205841WA012820134600
B2256323823388N12205838WA012830134743
B2256333823393N12205833WA012850135074
B2256343823397N12205827WA012860135292
B2256353823400N12205819WA012880135399
B2256363823402N12205811WA012890135396
B2256373823403N12205802WA012900135461
B2256383823403N12205792WA012910135471
B2256393823402N12205782WA012920135643
B2256403823399N12205773WA012940135939
B2256413823394N12205768WA012960136145
B2256423823389N12205765WA012980136321
B2256433823384N12205763WA013000136500
B2256443823379N12205762WA013020136644
B2256453823374N12205763WA013030136785
B2256463823371N12205766WA013040136611
B2256473823368N12205770WA013040136736
B2256483823368N12205776WA013040136864
B2256493823371N12205780WA013040137074
B2256503823375N12205782WA013050137383
B2256513823379N12205781WA013070137677
B2256523823383N12205778WA013090137777
B2256533823387N12205774WA013120137960
B2256543823391N12205767WA013140138043
B2256553823394N12205759WA013160138045
B2256563823396N12205751WA013170138183
B2256573823399N12205742WA013190138215
B2256583823400N12205733WA013210138399
B2256593823401N12205726WA013230138650
B2257003823400N12205718WA013250138838
B2257013823397N12205711WA013270138976
B2257023823394N12205704WA013280138935
B2257033823389N12205698WA013270138968
B2257043823383N12205695WA013270139032
B2257053823377N12205695WA013270139107
B2257063823372N12205698WA013280139416
B2257073823369N12205702WA013290139766
B2257083823368N12205706WA013320140045
B2257093823368N12205709WA013340140198
B2257103823369N12205712WA013360140269
B2257113823371N12205715WA013380140305
B2257123823373N12205716WA013390140487
B2257133823378N12205716WA013400140437
B2257143823383N12205714WA013410140421
B2257153823387N12205708WA013410140504
B2257163823389N12205700WA013420140673
B2257173823390N12205691WA013430140716
B2257183823388N12205683WA013440140944
B2257193823384N12205676WA013450141095
B2257203823380N12205671WA013460141127
B2257213823374N12205669WA013480141378
B2257223823369N12205669WA013490141574
B2257233823365N12205670WA013510141636
B2257243823362N12205673WA013520141613
B2257253823360N12205676WA013540141762
B2257263823360N12205679WA013550141776
B2257273823362N12205683WA013550141952
B2257283823365N12205685WA013550142166
B2257293823369N12205685WA013560142469
B2257303823373N12205683WA013580142766
B2257313823377N12205678WA013600142854
B2257323823381N12205671WA013610142751
B2257333823383N12205662WA013630142966
B2257343823383N12205654WA013640143050
B2257353823381N12205646WA013660143243
B2257363823378N12205639WA013670143424
B2257373823374N12205634WA013690143632
B2257383823369N12205630WA013710143688
B2257393823364N12205629WA013720143695
B2257403823360N12205631WA013720143710
B2257413823356N12205633WA013720143826
B2257423823352N12205636WA013730143964
B2257433823349N12205639WA013740144120
B2257443823345N12205641WA013750144254
B2257453823341N12205643WA013760144257
B2257463823336N12205646WA013760144275
B2257473823331N12205649WA013770144304
B2257483823325N12205651WA013780144624
B2257493823320N12205651WA013800145155
B2257503823317N12205651WA013830145322
B2257513823314N12205650WA013860145438
B2257523823311N12205651WA013880145341
B2257533823307N12205652WA013880145338
B2257543823302N12205655WA013870145355
B2257553823297N12205658WA013870145473
B2257563823293N12205660WA013880145650
B2257573823289N12205660WA013890145958
B2257583823285N12205661WA013910146152
B2257593823281N12205662WA013930146181
B2258003823278N12205663WA013940146158
B2258013823274N12205665WA013940146059
B2258023823270N12205668WA013940146110
B2258033823265N12205670WA013940146390
B2258043823262N12205671WA013960146536
B2258053823259N12205672WA013970146547
B2258063823256N12205673WA013970146447
B2258073823253N12205675WA013970146102
B2258083823248N12205677WA013960145986
B2258093823244N12205680WA013950145847
B2258103823240N12205683WA013940145807
B2258113823235N12205686WA013930145993
B2258123823232N12205688WA013930145977
B2258133823229N12205691WA013930145984
B2258143823226N12205694WA013930145864
B2258153823223N12205697WA013930145713
B2258163823219N12205700WA013920145682
B2258173823216N12205703WA013910145544
B2258183823212N12205706WA013910145492
B2258193823208N12205709WA013900145380
B2258203823204N12205711WA013890145289
B2258213823200N12205714WA013880145194
B2258223823196N12205716WA013870145087
B2258233823192N12205719WA013860144982
B2258243823188N12205721WA013850144788
B2258253823184N12205724WA013830144557
B2258263823179N12205727WA013810144365
B2258273823174N12205730WA013800144274
B2258283823169N12205733WA013780144192
B2258293823165N12205735WA013770144137
B2258303823160N12205737WA013760144069
B2258313823155N12205740WA013750143971
B2258323823150N12205742WA013740143735
B2258333823145N12205745WA013730143711
B2258343823139N12205747WA013730143894
B2258353823134N12205749WA013730143892
B2258363823130N12205751WA013730143611
B2258373823125N12205753WA013720143525
B2258383823119N12205755WA013710143499
B2258393823114N12205758WA013700143363
B2258403823109N12205760WA013690143268
B2258413823104N12205763WA013680143184
B2258423823100N12205766WA013670143030
B2258433823095N12205768WA013660143094
B2258443823091N12205770WA013650142955
B2258453823087N12205772WA013640142707
B2258463823082N12205775WA013630142650
B2258473823077N12205777WA013610142474
B2258483823072N12205779WA013600142389
B2258493823067N12205782WA013580142290
B2258503823063N12205784WA013570142012
B2258513823058N12205786WA013550141824
B2258523823053N12205789WA013540141622
B2258533823048N12205792WA013520141503
B2258543823043N12205795WA013500141305
B2258553823038N12205798WA013490141215
B2258563823032N12205801WA013470141185
B2258573823027N12205804WA013460141063
B2258583823022N12205807WA013450140872
B2258593823017N12205810WA013440140783
B2259003823012N12205813WA013430140683
B2259013823007N12205816WA013420140570
B2259023823002N12205818WA013410140578
B2259033822998N12205821WA013410140407
B2259043822993N12205824WA013400140374
B2259053822989N12205827WA013400140110
B2259063822984N12205829WA013390140014
B2259073822979N12205832WA013380139801
B2259083822974N12205834WA013360139718
B2259093822969N12205837WA013350139625
B2259103822964N12205839WA013340139648
B2259113822959N12205841WA013330139569
B2259123822955N12205844WA013320139401
B2259133822950N12205846WA013320139367
B2259143822946N12205849WA013310139216
B2259153822941N12205852WA013300139135
B2259163822936N12205855WA013290139144
B2259173822931N12205858WA013280139163
B2259183822927N12205861WA013270138930
B2259193822922N12205863WA013260138776
B2259203822917N12205866WA013250138543
B2259213822912N12205869WA013230138307
B2259223822906N12205873WA013210138288
B2259233822902N12205877WA013190138318
B2259243822897N12205881WA013190138342
B2259253822892N12205884WA013190138496
B2259263822889N12205888WA013200138400
B2259273822885N12205891WA013200138308
B2259283822880N12205896WA013190138172
B2259293822876N12205900WA013180138025
B2259303822872N12205904WA013180138019
B2259313822868N12205909WA013170138162
B2259323822865N12205913WA013170138022
B2259333822861N12205917WA013170138061
B2259343822857N12205921WA013170137980
B2259353822853N12205925WA013160137792
B2259363822849N12205929WA013150137645
B2259373822844N12205933WA013140137684
B2259383822840N12205937WA013140137641
B2259393822836N12205940WA013130137635
B2259403822832N12205943WA013130137539
B2259413822828N12205947WA013130137403
B2259423822823N12205950WA013120137229
B2259433822818N12205954WA013110137145
B2259443822813N12205958WA013090137063
B2259453822809N12205961WA013080137019
B2259463822804N12205965WA013070137073
B2259473822800N12205968WA013070136957
B2259483822795N12205972WA013060136892
B2259493822791N12205975WA013050136725
B2259503822786N12205978WA013040136635
B2259513822781N12205981WA013030136567
B2259523822777N12205984WA013020136427
B2259533822772N12205987WA013010136388
B2259543822768N12205990WA013000136118
B2259553822763N12205993WA012990136038
B2259563822758N12205997WA012980135944
B2259573822753N12206000WA012960135879
B2259583822749N12206004WA012950135703
B2259593822744N12206007WA012940135636
B2300003822739N12206011WA012930135460
B2300013822735N12206014WA012910135314
B2300023822730N12206018WA012900135291
B2300033822726N12206021WA012900135293
B2300043822723N12206024WA012890135006
B2300053822719N12206027WA012880134918
B2300063822715N12206031WA012870134712
B2300073822710N12206034WA012860134566
B2300083822705N12206037WA012840134348
B2300093822700N12206040WA012820134247
B2300103822696N12206043WA012810134108
B2300113822691N12206047WA012790134084
B2300123822687N12206051WA012780133970
B2300133822683N12206055WA012760133770
B2300143822679N12206058WA012740133549
B2300153822675N12206062WA012730133338
B2300163822671N12206066WA012710133104
B2300173822666N12206069WA012700132947
B2300183822662N12206073WA012680132800
B2300193822657N12206076WA012660132773
B2300203822653N12206079WA012650132545
B2300213822649N12206083WA012640132412
B2300223822644N12206086WA012620132289
B2300233822640N12206090WA012610132044
B2300243822636N12206094WA012590131910
B2300253822631N12206097WA012580131863
B2300263822627N12206100WA012570131616
B2300273822622N12206104WA012550131584
B2300283822618N12206108WA012540131382
B2300293822614N12206112WA012520131270
B2300303822610N12206115WA012510131159
B2300313822606N12206119WA012500130948
B2300323822602N12206123WA012480130826
B2300333822598N12206127WA012470130707
B2300343822594N12206131WA012460130709
B2300353822590N12206135WA012460130604
B2300363822585N12206138WA012450130453
B2300373822581N12206141WA012450130302
B2300383822576N12206144WA012430130135
B2300393822571N12206148WA012420130072
B2300403822567N12206151WA012410130016
B2300413822563N12206154WA012400130007
B2300423822559N12206157WA012400129948
B2300433822556N12206161WA012390129800
B2300443822552N12206164WA012380129614
B2300453822548N12206168WA012360129401
B2300463822543N12206172WA012350129361
B2300473822539N12206176WA012330129213
B2300483822535N12206180WA012320129202
B2300493822530N12206183WA012320129293
B2300503822526N12206185WA012320129195
B2300513822522N12206187WA012320129075
B2300523822518N12206189WA012310128816
B2300533822512N12206191WA012290128681
B2300543822507N12206191WA012280128524
B2300553822501N12206190WA012260128478
B2300563822496N12206189WA012250128469
B2300573822491N12206188WA012240128281
B2300583822487N12206185WA012220128037
B2300593822482N12206182WA012210127878
B2301003822477N12206179WA012180127668
B2301013822472N12206176WA012170127534
B2301023822467N12206173WA012150127462
B2301033822463N12206169WA012140127448
B2301043822459N12206165WA012130127293
B2301053822456N12206160WA012130127161
B2301063822453N12206154WA012110126965
B2301073822451N12206147WA012100126719
B2301083822448N12206141WA012080126591
B2301093822446N12206134WA012060126477
B2301103822444N12206128WA012040126344
B2301113822442N12206122WA012030126144
B2301123822440N12206115WA012010126089
B2301133822439N12206109WA012000125810
B2301143822437N12206102WA011980125623
B2301153822435N12206095WA011960125544
B2301163822434N12206088WA011950125305
B2301173822432N12206081WA011940125267
B2301183822431N12206075WA011930125141
B2301193822430N12206068WA011920125013
B2301203822428N12206061WA011910124894
B2301213822427N12206054WA011890124774
B2301223822426N12206047WA011880124551
B2301233822425N12206039WA011870124344
B2301243822424N12206031WA011850124104
B2301253822422N12206023WA011830124053
B2301263822421N12206015WA011810123957
B2301273822420N12206008WA011800123894
B2301283822420N12206001WA011790123640
B2301293822419N12205993WA011770123471
B2301303822419N12205985WA011760123210
B2301313822418N12205977WA011740123130
B2301323822417N12205969WA011720123111
B2301333822415N12205961WA011710123068
B2301343822414N12205954WA011710123028
B2301353822413N12205948WA011710122910
B2301363822412N12205940WA011710122708
B2301373822410N12205933WA011700122575
B2301383822409N12205925WA011680122429
B2301393822407N12205918WA011670122382
B2301403822406N12205910WA011660122286
B2301413822405N12205903WA011650122151
B2301423822403N12205895WA011630122079
B2301433822401N12205888WA011620121966
B2301443822399N12205881WA011610121851
B2301453822397N12205873WA011590121749
B2301463822395N12205866WA011580121645
B2301473822393N12205859WA011570121501
B2301483822390N12205851WA011560121369
B2301493822388N12205844WA011550121254
B2301503822386N12205836WA011530121068
B2301513822384N12205829WA011520120950
B2301523822382N12205821WA011500120852
B2301533822380N12205813WA011490120664
B2301543822379N12205805WA011480120502
B2301553822377N12205796WA011470120427
B2301563822375N12205788WA011450120314
B2301573822373N12205780WA011460120455
B2301583822372N12205772WA011460120449
B2301593822371N12205765WA011470120488
B2302003822371N12205759WA011460120423
B2302013822370N12205752WA011460120308
B2302023822368N12205746WA011460120270
B2302033822367N12205738WA011450120067
B2302043822366N12205731WA011440119951
B2302053822365N12205723WA011430119837
B2302063822364N12205716WA011420119712
B2302073822363N12205708WA011400119617
B2302083822362N12205701WA011390119511
B2302093822361N12205693WA011380119418
B2302103822359N12205686WA011370119368
B2302113822358N12205679WA011360119208
B2302123822356N12205672WA011350119158
B2302133822355N12205665WA011330119008
B2302143822353N12205658WA011320118956
B2302153822351N12205651WA011310118874
B2302163822349N12205644WA011300118666
B2302173822347N12205638WA011280118501
B2302183822344N12205631WA011270118347
B2302193822341N12205625WA011260118271
B2302203822339N12205618WA011250118105
B2302213822336N12205611WA011240117969
B2302223822334N12205605WA011230117813
B2302233822331N12205598WA011230117767
B2302243822328N12205592WA011220117691
B2302253822326N12205585WA011210117532
B2302263822323N12205578WA011200117563
B2302273822320N12205571WA011190117578
B2302283822317N12205565WA011190117493
B2302293822314N12205558WA011180117375
B2302303822311N12205551WA011170117349
B2302313822308N12205545WA011170117213
B2302323822304N12205538WA011160117198
B2302333822301N12205532WA011150117071
B2302343822298N12205525WA011140117065
B2302353822295N12205519WA011140117062
B2302363822292N12205513WA011140116980
B2302373822289N12205506WA011130116896
B2302383822286N12205500WA011130116793
B2302393822283N12205493WA011120116596
B2302403822280N12205486WA011110116496
B2302413822277N12205479WA011090116386
B2302423822274N12205473WA011080116363
B2302433822271N12205467WA011070116220
B2302443822268N12205460WA011070116114
B2302453822265N12205453WA011060116118
B2302463822262N12205447WA011050116003
B2302473822258N12205440WA011040115997
B2302483822256N12205434WA011030115802
B2302493822253N12205427WA011020115706
B2302503822249N12205421WA011010115690
B2302513822246N12205414WA011000115573
B2302523822243N12205407WA010990115436
B2302533822239N12205401WA010980115383
B2302543822236N12205394WA010970115229
B2302553822232N12205388WA010970115185
B2302563822229N12205381WA010960115168
B2302573822226N12205375WA010950115030
B2302583822222N12205368WA010940114991
B2302593822219N12205361WA010940114834
B2303003822215N12205354WA010930114878
B2303013822212N12205348WA010920114722
B2303023822208N12205342WA010920114770
B2303033822205N12205335WA010920114614
B2303043822201N12205329WA010910114661
B2303053822198N12205322WA010910114609
B2303063822194N12205316WA010910114539
B2303073822190N12205310WA010910114584
B2303083822187N12205303WA010900114539
B2303093822183N12205297WA010900114596
B2303103822180N12205291WA010900114535
B2303113822176N12205285WA010900114465
B2303123822173N12205279WA010890114303
B2303133822169N12205272WA010880114257
B2303143822165N12205266WA010880114272
B2303153822162N12205259WA010870114206
B2303163822158N12205253WA010870114241
B2303173822155N12205246WA010870114207
B2303183822151N12205240WA010870114267
B2303193822148N12205234WA010870114205
B2303203822144N12205228WA010870114264
B2303213822141N12205222WA010870114140
B2303223822138N12205215WA010870114114
B2303233822134N12205209WA010870114140
B2303243822130N12205203WA010870114180
B2303253822127N12205196WA010870114137
B2303263822124N12205190WA010870114101
B2303273822120N12205183WA010860114187
B2303283822117N12205177WA010860114026
B2303293822113N12205171WA010860114061
B2303303822110N12205164WA010850113908
B2303313822106N12205158WA010850113961
B2303323822102N12205151WA010840113995
B2303333822098N12205145WA010840113864
B2303343822094N12205139WA010830113726
B2303353822090N12205133WA010830113707
B2303363822085N12205127WA010820113696
B2303373822081N12205121WA010810113690
B2303383822077N12205114WA010810113568
B2303393822073N12205108WA010800113565
B2303403822069N12205102WA010800113563
B2303413822065N12205096WA010800113561
B2303423822061N12205090WA010800113451
B2303433822057N12205083WA010800113418
B2303443822052N12205077WA010790113373
B2303453822048N12205071WA010790113304
B2303463822043N12205065WA010790113338
B2303473822038N12205060WA010790113372
B2303483822034N12205054WA010790113313
B2303493822029N12205048WA010790113366
B2303503822024N12205043WA010780113282
B2303513822020N12205037WA010780113119
B2303523822015N12205032WA010780113135
B2303533822010N12205027WA010770113062
B2303543822006N12205021WA010770112929
B2303553822001N12205016WA010760112838
B2303563821996N12205011WA010750112739
B2303573821991N12205006WA010740112747
B2303583821986N12205001WA010730112666
B2303593821981N12204996WA010720112596
B2304003821977N12204991WA010710112426
B2304013821972N12204986WA010700112356
B2304023821967N12204981WA010690112285
B2304033821963N12204976WA010680112132
B2304043821959N12204970WA010660112009
B2304053821954N12204965WA010670111967
B2304063821950N12204960WA010660111903
B2304073821945N12204955WA010650111753
B2304083821940N12204950WA010640111670
B2304093821935N12204944WA010630111599
B2304103821931N12204939WA010620111448
B2304113821927N12204934WA010610111305
B2304123821922N12204929WA010600111233
B2304133821917N12204923WA010590111169
B2304143821912N12204918WA010570111091
B2304153821908N12204912WA010560111027
B2304163821903N12204907WA010550110947
B2304173821898N12204902WA010550110884
B2304183821894N12204897WA010550110810
B2304193821889N12204891WA010550110843
B2304203821884N12204886WA010540110870
B2304213821880N12204880WA010540110845
B2304223821876N12204874WA010540110756
B2304233821872N12204868WA010540110672
B2304243821868N12204861WA010530110687
B2304253821864N12204855WA010520110590
B2304263821861N12204848WA010520110606
B2304273821857N12204842WA010520110635
B2304283821853N12204836WA010520110558
B2304293821849N12204831WA010510110460
B2304303821845N12204825WA010510110360
B2304313821841N12204819WA010500110261
B2304323821837N12204813WA010490110160
B2304333821833N12204807WA010480110150
B2304343821829N12204801WA010480110020
B2304353821825N12204794WA010470110019
B2304363821821N12204789WA010470110000
B2304373821816N12204783WA010460109963
B2304383821812N12204777WA010450109829
B2304393821807N12204772WA010440109774
B2304403821803N12204766WA010440109654
B2304413821799N12204760WA010430109632
B2304423821795N12204754WA010420109614
B2304433821791N12204749WA010420109600
B2304443821786N12204743WA010420109677
B2304453821782N12204738WA010420109543
B2304463821778N12204733WA010420109501
B2304473821773N12204727WA010410109467
B2304483821769N12204723WA010410109300
B2304493821764N12204717WA010400109349
B2304503821759N12204712WA010390109298
B2304513821755N12204707WA010390109134
B2304523821750N12204702WA010380109062
B2304533821745N12204696WA010370109093
B2304543821741N12204690WA010360109024
B2304553821736N12204685WA010350109042
B2304563821731N12204680WA010350109174
B2304573821727N12204675WA010340109106
B2304583821722N12204671WA010340108968
B2304593821717N12204667WA010330108890
B2305003821713N12204662WA010320108714
B2305013821708N12204657WA010310108627
B2305023821703N12204653WA010310108563
B2305033821698N12204648WA010300108478
B2305043821693N12204643WA010290108398
B2305053821689N12204638WA010280108219
B2305063821684N12204633WA010270108239
B2305073821679N12204629WA010270108171
B2305083821675N12204624WA010270108122
B2305093821670N12204619WA010270108073
B2305103821665N12204614WA010270108085
B2305113821660N12204609WA010260107989
B2305123821656N12204605WA010260107911
B2305133821651N12204600WA010250107853
B2305143821647N12204595WA010250107804
B2305153821642N12204590WA010240107738
B2305163821637N12204586WA010240107634
B2305173821632N12204582WA010230107631
B2305183821627N12204577WA010220107558
B2305193821622N12204573WA010210107564
B2305203821617N12204569WA010210107480
B2305213821612N12204564WA010200107394
B2305223821607N12204560WA010190107290
B2305233821602N12204555WA010180107194
B2305243821597N12204550WA010180107089
B2305253821592N12204546WA010170107070
B2305263821587N12204541WA010170107174
B2305273821583N12204537WA010180107003
B2305283821578N12204532WA010180107028
B2305293821573N12204528WA010180107061
B2305303821569N12204523WA010180107013
B2305313821564N12204518WA010170107067
B2305323821560N12204514WA010170106905
B2305333821555N12204510WA010170106933
B2305343821550N12204505WA010160106847
B2305353821545N12204501WA010160106763
B2305363821540N12204496WA010150106697
B2305373821536N12204491WA010150106519
B2305383821531N12204487WA010140106522
B2305393821526N12204482WA010140106536
B2305403821521N12204478WA010130106563
B2305413821516N12204474WA010130106590
B2305423821512N12204469WA010130106418
B2305433821507N12204465WA010130106418
B2305443821501N12204462WA010120106390
B2305453821497N12204458WA010110106300
B2305463821492N12204453WA010110106306
B2305473821487N12204449WA010110106205
B2305483821482N12204445WA010100106206
B2305493821477N12204441WA010100106207
B2305503821472N12204437WA010090106205
B2305513821466N12204433WA010090106291
B2305523821461N12204429WA010090106281
B2305533821456N12204425WA010090106281
B2305543821451N12204421WA010090106291
B2305553821447N12204417WA010090106213
B2305563821442N12204413WA010090106116
B2305573821437N12204410WA010090106100
B2305583821431N12204406WA010090106174
B2305593821426N12204402WA010080106055
B2306003821421N12204398WA010080106049
B2306013821416N12204395WA010070105914
B2306023821410N12204391WA010070105998
B2306033821405N12204388WA010060105863
B2306043821400N12204384WA010060105827
B2306053821394N12204381WA010060105891
B2306063821389N12204377WA010060105869
B2306073821384N12204374WA010060105938
B2306083821379N12204371WA010060105918
B2306093821373N12204368WA010060105996
B2306103821368N12204365WA010060105852
B2306113821363N12204362WA010050105810
B2306123821357N12204358WA010050105768
B2306133821352N12204355WA010050105747
B2306143821347N12204352WA010040105607
B2306153821341N12204349WA010040105687
B2306163821336N12204346WA010030105546
B2306173821331N12204343WA010030105506
B2306183821325N12204340WA010030105585
B2306193821320N12204337WA010020105461
B2306203821315N12204333WA010020105317
B2306213821309N12204330WA010010105383
B2306223821304N12204327WA010010105241
B2306233821299N12204323WA010000105219
B2306243821293N12204320WA010000105287
B2306253821288N12204317WA009990105146
B2306263821282N12204314WA009990105185
B2306273821277N12204311WA009990105143
B2306283821272N12204308WA009980105121
B2306293821266N12204304WA009980105079
B2306303821261N12204301WA009980105038
B2306313821255N12204298WA009970105098
B2306323821250N12204295WA009970104949
B2306333821244N12204293WA009970104971
B2306343821239N12204290WA009960104814
B2306353821233N12204287WA009960104856
B2306363821227N12204284WA009960104899
B2306373821222N12204281WA009950104738
B2306383821216N12204279WA009950104772
B2306393821211N12204276WA009950104605
B2306403821205N12204273WA009940104649
B2306413821199N12204271WA009940104673
B2306423821194N12204268WA009940104637
B2306433821188N12204266WA009940104570
B2306443821183N12204263WA009940104505
B2306453821177N12204261WA009930104532
B2306463821171N12204258WA009930104476
B2306473821165N12204256WA009930104491
B2306483821160N12204253WA009920104345
B2306493821154N12204251WA009920104380
B2306503821149N12204248WA009920104317
B2306513821143N12204246WA009920104243
B2306523821137N12204244WA009910104251
B2306533821131N12204241WA009910104279
B2306543821126N12204239WA009900104106
B2306553821120N12204237WA009900104114
B2306563821114N12204235WA009900104033
B2306573821108N12204232WA009890104058
B2306583821102N12204230WA009890103964
B2306593821097N12204227WA009880103909
B2307003821091N12204225WA009880103945
B2307013821085N12204222WA009880103869
B2307023821080N12204220WA009870103801
B2307033821074N12204217WA009870103850
B2307043821068N12204214WA009870103894
B2307053821063N12204211WA009870103748
B2307063821057N12204209WA009870103782
B2307073821052N12204206WA009860103634
B2307083821046N12204203WA009860103676
B2307093821041N12204201WA009850103513
B2307103821035N12204199WA009850103540
B2307113821029N12204196WA009850103586
B2307123821024N12204193WA009840103438
B2307133821018N12204191WA009840103460
B2307143821013N12204188WA009830103415
B2307153821007N12204185WA009830103349
B2307163821001N12204183WA009830103363
B2307173820995N12204180WA009820103396
B2307183820990N12204177WA009820103239
B2307193820984N12204175WA009820103265
B2307203820978N12204173WA009810103181
B2307213820973N12204170WA009810103127
B2307223820967N12204168WA009800103033
B2307233820961N12204165WA009790102946
B2307243820955N12204163WA009790102942
B2307253820949N12204161WA009780102941
B2307263820943N12204158WA009770102868
B2307273820937N12204156WA009770102792
B2307283820932N12204153WA009760102639
B2307293820926N12204151WA009760102539
B2307303820920N12204150WA009750102431
B2307313820914N12204147WA009740102428
B2307323820908N12204145WA009730102326
B2307333820902N12204143WA009720102346
B2307343820896N12204141WA009710102265
B2307353820890N12204139WA009710102166
B2307363820884N12204137WA009700102095
B2307373820879N12204135WA009690101914
B2307383820873N12204133WA009680101826
B2307393820867N12204131WA009680101815
B2307403820861N12204129WA009670101721
B2307413820855N12204126WA009660101657
B2307423820849N12204124WA009650101584
B2307433820844N12204122WA009650101412
B2307443820838N12204119WA009640101329
B2307453820832N12204117WA009630101235
B2307463820826N12204115WA009620101151
B2307473820820N12204113WA009610101050
B2307483820814N12204110WA009600100979
B2307493820808N12204108WA009590100976
B2307503820802N12204106WA009580100895
B2307513820797N12204104WA009570100711
B2307523820791N12204101WA009560100648
B2307533820785N12204099WA009560100676
B2307543820780N12204097WA009550100533
B2307553820774N12204095WA009540100471
B2307563820769N12204092WA009530100409
B2307573820763N12204090WA009520100217
B2307583820757N12204088WA009510100042
B2307593820751N12204085WA009490099876
B2308003820745N12204082WA009470099639
B2308013820738N12204080WA009460099593
B2308023820733N12204077WA009450099606
B2308033820727N12204075WA009450099770
B2308043820723N12204072WA009460099703
B2308053820718N12204069WA009460099752
B2308063820714N12204065WA009460099603
B2308073820709N12204061WA009460099645
B2308083820704N12204058WA009460099565
B2308093820699N12204055WA009450099387
B2308103820694N12204052WA009440099277
B2308113820689N12204050WA009430099130
B2308123820684N12204048WA009420099018
B2308133820679N12204050WA009410098960
B2308143820676N12204053WA009390098711
B2308153820674N12204058WA009370098665
B2308163820675N12204063WA009360098536
B2308173820678N12204067WA009340098422
B2308183820682N12204069WA009330098303
B2308193820686N12204070WA009320098317
B2308203820689N12204072WA009320098365
B2308213820692N12204074WA009320098276
B2308223820696N12204076WA009320098124
B2308233820700N12204078WA009310098012
B2308243820704N12204080WA009310097811
B2308253820708N12204082WA009300097711
B2308263820712N12204084WA009290097610
B2308273820716N12204085WA009280097525
B2308283820720N12204086WA009270097519
B2308293820724N12204088WA009260097423
B2308303820728N12204089WA009250097346
B2308313820732N12204090WA009240097297
B2308323820737N12204092WA009230097142
B2308333820741N12204094WA009220097090
B2308343820746N12204095WA009210096949
B2308353820750N12204097WA009200096989
B2308363820755N12204099WA009190096906
B2308373820758N12204101WA009190096894
B2308383820762N12204103WA009190096772
B2308393820766N12204105WA009180096570
B2308403820771N12204107WA009170096410
B2308413820775N12204109WA009160096371
B2308423820779N12204111WA009150096394
B2308433820783N12204113WA009140096377
B2308443820787N12204115WA009140096258
B2308453820791N12204117WA009130096142
B2308463820795N12204119WA009120095962
B2308473820799N12204121WA009110095873
B2308483820804N12204123WA009100095715
B2308493820808N12204125WA009090095752
B2308503820812N12204126WA009080095679
B2308513820816N12204128WA009070095576
B2308523820820N12204130WA009070095454
B2308533820824N12204132WA009060095363
B2308543820828N12204134WA009050095285
B2308553820832N12204136WA009040095188
B2308563820836N12204139WA009030095071
B2308573820840N12204141WA009020094961
B2308583820844N12204143WA009010094871
B2308593820848N12204144WA009000094888
B2309003820852N12204146WA008990094788
B2309013820856N12204148WA008980094696
B2309023820860N12204150WA008970094596
B2309033820865N12204152WA008960094405
B2309043820869N12204154WA008960094318
B2309053820872N12204156WA008950094397
B2309063820876N12204159WA008940094290
B2309073820881N12204161WA008940094112
B2309083820885N12204163WA008930094033
B2309093820889N12204165WA008920093955
B2309103820893N12204167WA008910093797
B2309113820898N12204170WA008900093652
B2309123820903N12204172WA008890093519
B2309133820907N12204175WA008870093464
B2309143820912N12204177WA008860093309
B2309153820916N12204180WA008860093333
B2309163820920N12204182WA008850093166
B2309173820925N12204184WA008840093015
B2309183820929N12204185WA008830092978
B2309193820934N12204187WA008820092861
B2309203820939N12204188WA008800092687
B2309213820944N12204190WA008790092695
B2309223820949N12204192WA008790092682
B2309233820954N12204193WA008790092724
B2309243820958N12204194WA008800092842
B2309253820962N12204194WA008800092923
B2309263820965N12204193WA008810093086
B2309273820969N12204193WA008820093061
B2309283820973N12204193WA008820092971
B2309293820977N12204193WA008820092991
B2309303820982N12204193WA008820092934
B2309313820986N12204193WA008820093079
B2309323820990N12204194WA008820093095
B2309333820995N12204194WA008830093019
B2309343820999N12204195WA008830093124
B2309353821003N12204196WA008830093151
B2309363821007N12204196WA008840093277
B2309373821011N12204197WA008840093285
B2309383821015N12204198WA008850093298
B2309393821019N12204199WA008850093199
B2309403821024N12204201WA008850093123
B2309413821028N12204202WA008840093159
B2309423821032N12204204WA008840093168
B2309433821036N12204206WA008840093298
B2309443821041N12204208WA008840093243
B2309453821045N12204209WA008850093366
B2309463821049N12204210WA008850093396
B2309473821054N12204211WA008860093315
B2309483821058N12204212WA008860093346
B2309493821062N12204213WA008860093279
B2309503821066N12204215WA008860093266
B2309513821070N12204217WA008860093271
B2309523821074N12204218WA008860093362
B2309533821078N12204219WA008860093355
B2309543821082N12204220WA008860093379
B2309553821086N12204222WA008860093295
B2309563821091N12204223WA008860093119
B2309573821095N12204225WA008850093054
B2309583821099N12204226WA008850093099
B2309593821104N12204228WA008840093055
B2310003821108N12204230WA008830092994
B2310013821113N12204232WA008830093023
B2310023821117N12204233WA008830093034
B2310033821121N12204234WA008830092972
B2310043821126N12204235WA008830092914
B2310053821130N12204237WA008820092854
B2310063821134N12204239WA008820092777
B2310073821138N12204241WA008810092777
B2310083821142N12204243WA008800092645
B2310093821146N12204245WA008800092513
B2310103821150N12204247WA008790092308
B2310113821154N12204250WA008780092200
B2310123821158N12204252WA008770092201
B2310133821161N12204254WA008750092184
B2310143821165N12204256WA008740092046
B2310153821168N12204259WA008730091981
B2310163821172N12204261WA008720091739
B2310173821176N12204264WA008700091539
B2310183821180N12204268WA008690091373
B2310193821185N12204271WA008670091304
B2310203821189N12204274WA008660091332
B2310213821193N12204276WA008650091226
B2310223821197N12204279WA008640091010
B2310233821201N12204281WA008630090837
B2310243821205N12204284WA008620090668
B2310253821210N12204288WA008600090502
B2310263821214N12204291WA008590090406
B2310273821218N12204294WA008580090413
B2310283821221N12204297WA008570090381
B2310293821225N12204299WA008570090269
B2310303821229N12204302WA008560090178
B2310313821233N12204305WA008560089998
B2310323821238N12204308WA008550089948
B2310333821242N12204312WA008540089880
B2310343821247N12204315WA008530089800
B2310353821250N12204318WA008520089760
B2310363821254N12204320WA008510089716
B2310373821257N12204323WA008510089780
B2310383821262N12204325WA008500089603
B2310393821266N12204327WA008490089626
B2310403821270N12204330WA008490089572
B2310413821275N12204332WA008480089517
B2310423821279N12204335WA008470089460
B2310433821283N12204337WA008470089492
B2310443821288N12204339WA008470089328
B2310453821292N12204342WA008460089264
B2310463821297N12204345WA008450089110
B2310473821301N12204347WA008440089054
B2310483821305N12204349WA008430088986
B2310493821310N12204352WA008420088822
B2310503821314N12204354WA008410088768
B2310513821319N12204357WA008400088604
B2310523821323N12204359WA008390088559
B2310533821328N12204362WA008380088504
B2310543821332N12204365WA008380088441
B2310553821336N12204367WA008380088498
B2310563821341N12204370WA008370088424
B2310573821345N12204373WA008370088450
B2310583821349N12204375WA008360088397
B2310593821354N12204378WA008360088226
B2311003821358N12204381WA008350088166
B2311013821363N12204384WA008340088003
B2311023821367N12204387WA008340087951
B2311033821372N12204390WA008330087910
B2311043821376N12204392WA008320087869
B2311053821380N12204396WA008320087791
B2311063821385N12204399WA008310087730
B2311073821389N12204401WA008300087678
B2311083821394N12204404WA008300087516
B2311093821398N12204407WA008290087455
B2311103821402N12204410WA008280087389
B2311113821407N12204413WA008270087237
B2311123821412N12204416WA008270087210
B2311133821416N12204418WA008260087175
B2311143821421N12204420WA008250087128
B2311153821425N12204423WA008240087063
B2311163821430N12204425WA008240086927
B2311173821434N12204428WA008230086870
B2311183821439N12204430WA008220086663
B2311193821444N12204433WA008210086520
B2311203821448N12204435WA008200086566
B2311213821452N12204438WA008190086491
B2311223821457N12204440WA008180086416
B2311233821461N12204443WA008170086332
B2311243821465N12204445WA008160086279
B2311253821470N12204448WA008150086159
B2311263821475N12204451WA008150086056
B2311273821480N12204454WA008140086024
B2311283821484N12204457WA008130085965
B2311293821489N12204460WA008120085819
B2311303821493N12204463WA008120085869
B2311313821498N12204466WA008120085719
B2311323821502N12204470WA008110085661
B2311333821506N12204473WA008110085573
B2311343821510N12204476WA008100085495
B2311353821515N12204479WA008090085436
B2311363821519N12204482WA008080085389
B2311373821524N12204486WA008070085230
B2311383821528N12204489WA008060085263
B2311393821532N12204492WA008060085183
B2311403821536N12204495WA008050085093
B2311413821541N12204498WA008040084914
B2311423821545N12204501WA008030084854
B2311433821550N12204504WA008020084707
B2311443821554N12204507WA008010084657
B2311453821559N12204510WA008000084517
B2311463821563N12204513WA007990084455
B2311473821567N12204516WA007990084384
B2311483821572N12204519WA007980084214
B2311493821576N12204522WA007980084254
B2311503821580N12204525WA007970084092
B2311513821585N12204527WA007960084047
B2311523821590N12204530WA007950083912
B2311533821594N12204532WA007940083948
B2311543821598N12204535WA007930083895
B2311553821603N12204538WA007930083844
B2311563821607N12204541WA007920083777
B2311573821612N12204544WA007910083616
B2311583821616N12204547WA007910083662
B2311593821621N12204549WA007900083546
B2312003821625N12204552WA007900083491
B2312013821630N12204554WA007890083379
B2312023821635N12204557WA007880083266
B2312033821640N12204560WA007870083140
B2312043821645N12204562WA007870083013
B2312053821649N12204565WA007860083051
B2312063821654N12204568WA007850082800
B2312073821658N12204570WA007840082867
B2312083821663N12204573WA007830082714
B2312093821667N12204576WA007820082663
B2312103821671N12204579WA007810082685
B2312113821676N12204583WA007800082531
B2312123821680N12204586WA007800082496
B2312133821685N12204589WA007800082445
B2312143821690N12204592WA007800082503
B2312153821694N12204595WA007810082545
B2312163821698N12204599WA007810082662
B2312173821702N12204602WA007830083066
B2312183821706N12204605WA007850083431
B2312193821709N12204607WA007870083661
B2312203821712N12204609WA007900083775
B2312213821715N12204611WA007920083876
B2312223821719N12204614WA007940083822
B2312233821723N12204617WA007940083930
B2312243821728N12204619WA007940084008
B2312253821733N12204621WA007950084009
B2312263821737N12204623WA007950084054
B2312273821741N12204624WA007960084084
B2312283821746N12204625WA007960083935
B2312293821751N12204626WA007950083869
B2312303821756N12204628WA007950083895
B2312313821762N12204630WA007940083812
B2312323821766N12204631WA007940083855
B2312333821770N12204632WA007940083876
B2312343821775N12204633WA007930083706
B2312353821779N12204635WA007920083552
B2312363821784N12204637WA007910083381
B2312373821789N12204639WA007890083184
B2312383821795N12204642WA007870083112
B2312393821800N12204645WA007860083100
B2312403821804N12204647WA007850083174
B2312413821809N12204649WA007860083125
B2312423821813N12204651WA007850083038
B2312433821817N12204654WA007850082957
B2312443821821N12204657WA007840082799
B2312453821826N12204661WA007830082572
B2312463821831N12204664WA007810082441
B2312473821835N12204667WA007800082480
B2312483821839N12204669WA007790082386
B2312493821843N12204672WA007780082284
B2312503821848N12204675WA007760081913
B2312513821852N12204678WA007750081882
B2312523821857N12204681WA007740081664
B2312533821862N12204684WA007720081505
B2312543821866N12204687WA007700081442
B2312553821870N12204689WA007690081387
B2312563821875N12204692WA007680081246
B2312573821879N12204695WA007670081083
B2312583821884N12204698WA007650080820
B2312593821888N12204701WA007630080680
B2313003821893N12204704WA007610080454
B2313013821898N12204708WA007590080230
B2313023821903N12204711WA007570080049
B2313033821908N12204715WA007550079897
B2313043821914N12204719WA007530079734
B2313053821919N12204722WA007520079679
B2313063821924N12204726WA007510079572
B2313073821929N12204729WA007510079474
B2313083821934N12204732WA007510079385
B2313093821939N12204735WA007500079197
B2313103821945N12204739WA007480078931
B2313113821950N12204742WA007470078866
B2313123821956N12204746WA007450078711
B2313133821961N12204749WA007440078524
B2313143821966N12204752WA007420078416
B2313153821971N12204755WA007410078309
B2313163821976N12204759WA007390078134
B2313173821981N12204763WA007380078050
B2313183821986N12204766WA007360077857
B2313193821991N12204770WA007350077784
B2313203821996N12204774WA007330077690
B2313213822002N12204777WA007310077508
B2313223822007N12204781WA007300077413
B2313233822012N12204784WA007290077337
B2313243822017N12204788WA007280077140
B2313253822022N12204791WA007270077051
B2313263822027N12204794WA007260076994
B2313273822033N12204797WA007250076836
B2313283822038N12204801WA007240076760
B2313293822043N12204804WA007230076792
B2313303822049N12204807WA007220076624
B2313313822054N12204810WA007220076563
B2313323822059N12204813WA007210076491
B2313333822065N12204816WA007200076242
B2313343822070N12204819WA007190076191
B2313353822076N12204822WA007180076050
B2313363822081N12204824WA007170075888
B2313373822087N12204828WA007150075610
B2313383822092N12204831WA007140075566
B2313393822098N12204835WA007120075342
B2313403822104N12204839WA007110075211
B2313413822109N12204842WA007100075335
B2313423822113N12204845WA007110075387
B2313433822118N12204849WA007110075362
B2313443822123N12204852WA007110075314
B2313453822127N12204855WA007120075483
B2313463822132N12204857WA007120075527
B2313473822135N12204860WA007130075780
B2313483822139N12204861WA007150075839
B2313493822142N12204863WA007160075988
B2313503822146N12204865WA007170075936
B2313513822150N12204867WA007180076014
B2313523822154N12204869WA007190076006
B2313533822158N12204871WA007190076236
B2313543822162N12204873WA007200076455
B2313553822166N12204875WA007220076670
B2313563822170N12204876WA007230076876
B2313573822174N12204878WA007250077046
B2313583822178N12204881WA007270077100
B2313593822181N12204883WA007290077255
B2314003822185N12204885WA007300077303
B2314013822188N12204887WA007310077390
B2314023822192N12204888WA007310077395
B2314033822197N12204890WA007310077316
B2314043822201N12204892WA007300077228
B2314053822205N12204895WA007300077072
B2314063822210N12204897WA007280076925
B2314073822214N12204900WA007270076880
B2314083822219N12204902WA007260076827
B2314093822223N12204905WA007250076731
B2314103822227N12204907WA007240076663
B2314113822232N12204909WA007230076615
B2314123822236N12204911WA007230076688
B2314133822241N12204913WA007220076648
B2314143822246N12204915WA007220076622
B2314153822250N12204916WA007220076599
B2314163822254N12204919WA007220076593
B2314173822258N12204921WA007220076598
B2314183822262N12204924WA007220076585
B2314193822266N12204927WA007220076594
B2314203822270N12204930WA007220076586
B2314213822274N12204933WA007220076555
B2314223822278N12204936WA007220076500
B2314233822281N12204938WA007230076575
B2314243822286N12204941WA007220076503
B2314253822290N12204944WA007220076563
B2314263822294N12204947WA007220076486
B2314273822298N12204950WA007210076487
B2314283822302N12204953WA007210076395
B2314293822307N12204955WA007200076209
B2314303822311N12204957WA007200076229
B2314313822315N12204960WA007190076125
B2314323822319N12204962WA007190076119
B2314333822323N12204965WA007190076120
B2314343822326N12204967WA007190076194
B2314353822330N12204969WA007180076039
B2314363822333N12204972WA007180076095
B2314373822337N12204974WA007170075998
B2314383822342N12204977WA007160075700
B2314393822346N12204979WA007150075707
B2314403822350N12204982WA007140075615
B2314413822354N12204984WA007130075538
B2314423822358N12204987WA007120075413
B2314433822361N12204990WA007110075493
B2314443822365N12204994WA007100075483
B2314453822369N12204998WA007100075356
B2314463822373N12205002WA007100075406
B2314473822376N12205005WA007110075677
B2314483822380N12205008WA007120075748
B2314493822384N12205012WA007130075701
B2314503822387N12205015WA007140075858
B2314513822391N12205019WA007150075864
B2314523822396N12205022WA007160075935
B2314533822401N12205025WA007170076041
B2314543822406N12205027WA007190076227
B2314553822410N12205031WA007200076400
B2314563822413N12205035WA007220076540
B2314573822416N12205038WA007230076719
B2314583822418N12205043WA007250076823
B2314593822418N12205047WA007270076988
B2315003822417N12205051WA007280077059
B2315013822414N12205054WA007290076923
B2315023822410N12205054WA007280076828
B2315033822405N12205052WA007280076854
B2315043822401N12205046WA007270076764
B2315053822399N12205038WA007260076746
B2315063822400N12205030WA007260076662
B2315073822403N12205021WA007250076599
B2315083822408N12205015WA007240076481
B2315093822414N12205011WA007230076421
B2315103822420N12205010WA007230076611
B2315113822425N12205010WA007240076996
B2315123822430N12205011WA007250077077
B2315133822434N12205013WA007260077184
B2315143822438N12205015WA007280077239
B2315153822442N12205019WA007290077300
B2315163822445N12205022WA007300077452
B2315173822448N12205025WA007320077554
B2315183822451N12205028WA007330077542
B2315193822453N12205031WA007350077616
B2315203822454N12205035WA007350077552
B2315213822456N12205038WA007350077487
B2315223822460N12205042WA007340077401
B2315233822464N12205046WA007330077220
B2315243822469N12205049WA007310077206
B2315253822474N12205052WA007310077419
B2315263822479N12205055WA007310077617
B2315273822483N12205057WA007330077918
B2315283822486N12205059WA007350078295
B2315293822490N12205060WA007370078308
B2315303822492N12205062WA007390078457
B2315313822495N12205065WA007410078325
B2315323822497N12205069WA007410078235
B2315333822497N12205073WA007410078267
B2315343822496N12205077WA007410078222
B2315353822492N12205078WA007410078292
B2315363822488N12205077WA007400078154
B2315373822483N12205074WA007400078136
B2315383822479N12205069WA007400078464
B2315393822477N12205062WA007410078727
B2315403822477N12205056WA007430078901
B2315413822479N12205049WA007450079032
B2315423822483N12205043WA007470079093
B2315433822490N12205039WA007470078951
B2315443822496N12205039WA007480079072
B2315453822501N12205041WA007480079134
B2315463822503N12205044WA007490079396
B2315473822505N12205048WA007500079420
B2315483822504N12205051WA007500079381
B2315493822503N12205054WA007500079244
B2315503822501N12205057WA007500079298
B2315513822500N12205060WA007500079249
B2315523822498N12205063WA007490079150
B2315533822495N12205064WA007490079071
B2315543822491N12205064WA007480078974
B2315553822487N12205063WA007480078956
B2315563822482N12205061WA007470079099
B2315573822479N12205058WA007480079224
B2315583822476N12205053WA007490079384
B2315593822475N12205047WA007500079368
B2316003822475N12205041WA007510079390
B2316013822478N12205033WA007500079248
B2316023822483N12205027WA007500079283
B2316033822490N12205023WA007490079211
B2316043822496N12205022WA007490079361
B2316053822502N12205024WA007490079381
B2316063822507N12205028WA007500079501
B2316073822510N12205031WA007500079650
B2316083822513N12205032WA007510079785
B2316093822517N12205033WA007520079636
B2316103822521N12205035WA007520079419
B2316113822525N12205039WA007510079176
B2316123822530N12205043WA007490079038
B2316133822534N12205046WA007480079077
B2316143822538N12205048WA007470079129
B2316153822541N12205050WA007480079357
B2316163822544N12205052WA007490079398
B2316173822548N12205055WA007490079493
B2316183822553N12205058WA007500079474
B2316193822558N12205060WA007500079569
B2316203822563N12205062WA007510079661
B2316213822568N12205062WA007520079875
B2316223822573N12205063WA007530080082
B2316233822578N12205064WA007550080154
B2316243822583N12205065WA007570080307
B2316253822587N12205067WA007580080474
B2316263822592N12205068WA007600080598
B2316273822597N12205069WA007600080599
B2316283822602N12205070WA007610080566
B2316293822607N12205071WA007610080419
B2316303822611N12205074WA007600080161
B2316313822616N12205076WA007580079951
B2316323822621N12205078WA007570079971
B2316333822626N12205079WA007560079896
B2316343822632N12205081WA007540079635
B2316353822638N12205084WA007520079300
B2316363822644N12205086WA007500079207
B2316373822650N12205089WA007490079223
B2316383822655N12205091WA007480079294
B2316393822661N12205093WA007480079215
B2316403822665N12205095WA007480079196
B2316413822670N12205097WA007480079079
B2316423822675N12205100WA007470078995
B2316433822681N12205103WA007460078822
B2316443822686N12205105WA007450078838
B2316453822691N12205108WA007450078832
B2316463822696N12205110WA007440078802
B2316473822700N12205112WA007440078812
B2316483822704N12205113WA007440078708
B2316493822708N12205115WA007440078616
B2316503822712N12205118WA007430078440
B2316513822716N12205120WA007430078395
B2316523822721N12205123WA007420078330
B2316533822725N12205125WA007410078357
B2316543822729N12205128WA007400078262
B2316553822733N12205130WA007400078275
B2316563822737N12205132WA007390078198
B2316573822742N12205135WA007390078115
B2316583822746N12205138WA007390078132
B2316593822750N12205140WA007380078168
B2317003822754N12205143WA007380078182
B2317013822759N12205145WA007380078023
B2317023822763N12205147WA007380077947
B2317033822767N12205149WA007370077869
B2317043822772N12205152WA007360077714
B2317053822776N12205155WA007350077640
B2317063822780N12205157WA007340077694
B2317073822785N12205159WA007340077635
B2317083822789N12205161WA007340077666
B2317093822794N12205163WA007330077507
B2317103822798N12205165WA007330077467
B2317113822803N12205167WA007320077326
B2317123822807N12205169WA007310077286
B2317133822812N12205171WA007300077145
B2317143822816N12205173WA007290077077
B2317153822821N12205175WA007280076917
B2317163822825N12205177WA007270076869
B2317173822830N12205180WA007260076624
B2317183822835N12205182WA007240076609
B2317193822839N12205185WA007230076468
B2317203822844N12205189WA007220076420
B2317213822848N12205192WA007210076486
B2317223822853N12205195WA007210076429
B2317233822857N12205198WA007220076546
B2317243822861N12205201WA007230076640
B2317253822865N12205203WA007230076677
B2317263822869N12205206WA007240076698
B2317273822874N12205210WA007250076724
B2317283822878N12205213WA007250076838
B2317293822882N12205217WA007270077001
B2317303822885N12205220WA007280077141
B2317313822888N12205222WA007290077199
B2317323822892N12205225WA007290077178
B2317333822896N12205228WA007290077266
B2317343822900N12205231WA007300077323
B2317353822903N12205234WA007300077342
B2317363822906N12205236WA007310077347
B2317373822909N12205239WA007310077392
B2317383822913N12205241WA007310077297
B2317393822918N12205244WA007310077110
B2317403822922N12205246WA007300077003
B2317413822926N12205248WA007290076908
B2317423822929N12205251WA007280076985
B2317433822933N12205254WA007270076862
B2317443822937N12205257WA007260076831
B2317453822940N12205260WA007250076792
B2317463822944N12205263WA007240076653
B2317473822948N12205266WA007240076633
B2317483822951N12205268WA007240076699
B2317493822955N12205271WA007230076559
B2317503822959N12205275WA007230076410
B2317513822962N12205278WA007230076491
B2317523822966N12205281WA007220076460
B2317533822970N12205283WA007220076434
B2317543822973N12205285WA007210076396
B2317553822977N12205288WA007210076360
B2317563822981N12205290WA007210076228
B2317573822984N12205293WA007210076259
B2317583822988N12205297WA007200076003
B2317593822991N12205300WA007190076097
B2318003822996N12205304WA007190075997
B2318013823001N12205309WA007190076174
B2318023823006N12205313WA007200076508
B2318033823009N12205316WA007220076963
B2318043823012N12205318WA007240077166
B2318053823015N12205320WA007270077007
B2318063823017N12205323WA007280077071
B2318073823021N12205326WA007290076961
B2318083823026N12205329WA007280077005
B2318093823030N12205333WA007290077102
B2318103823033N12205337WA007290077254
B2318113823036N12205341WA007300077461
B2318123823039N12205343WA007310077598
B2318133823042N12205346WA007330077670
B2318143823045N12205348WA007340077658
B2318153823048N12205352WA007350077642
B2318163823051N12205355WA007360077769
B2318173823054N12205359WA007370077973
B2318183823057N12205362WA007380078131
B2318193823060N12205365WA007390078300
B2318203823062N12205367WA007410078476
B2318213823065N12205369WA007420078578
B2318223823068N12205372WA007430078594
B2318233823072N12205375WA007430078721
B2318243823075N12205378WA007440078842
B2318253823078N12205381WA007450079061
B2318263823081N12205383WA007460079147
B2318273823083N12205385WA007480079389
B2318283823086N12205387WA007490079309
B2318293823088N12205390WA007500079330
B2318303823091N12205392WA007510079419
B2318313823094N12205396WA007510079400
B2318323823096N12205398WA007520079679
B2318333823099N12205401WA007520079723
B2318343823101N12205403WA007530079776
B2318353823104N12205406WA007530079605
B2318363823106N12205409WA007530079545
B2318373823109N12205413WA007520079520
B2318383823112N12205416WA007520079501
B2318393823114N12205418WA007520079598
B2318403823117N12205421WA007520079643
B2318413823120N12205423WA007520079507
B2318423823122N12205426WA007520079484
B2318433823125N12205429WA007510079383
B2318443823129N12205432WA007510079324
B2318453823132N12205435WA007510079432
B2318463823135N12205437WA007510079439
B2318473823138N12205440WA007510079420
B2318483823141N12205442WA007510079328
B2318493823144N12205446WA007500079185
B2318503823148N12205450WA007490079068
B2318513823152N12205455WA007480079061
B2318523823156N12205458WA007470079049
B2318533823160N12205462WA007470079013
B2318543823163N12205465WA007470079083
B2318553823167N12205468WA007470078952
B2318563823171N12205471WA007460078844
B2318573823175N12205474WA007460078765
B2318583823179N12205477WA007450078677
B2318593823183N12205481WA007440078661
B2319003823187N12205484WA007430078631
B2319013823191N12205487WA007420078522
B2319023823195N12205490WA007410078301
B2319033823199N12205493WA007400078133
B2319043823203N12205496WA007390078164
B2319053823207N12205499WA007380078074
B2319063823211N12205502WA007370078044
B2319073823214N12205505WA007370077996
B2319083823218N12205508WA007360077869
B2319093823222N12205512WA007350077742
B2319103823226N12205515WA007340077667
B2319113823230N12205519WA007330077486
B2319123823234N12205523WA007320077497
B2319133823239N12205527WA007300077316
B2319143823243N12205531WA007290077234
B2319153823247N12205535WA007280077165
B2319163823251N12205540WA007270077072
B2319173823256N12205544WA007260077028
B2319183823260N12205549WA007270077125
B2319193823263N12205553WA007280077318
B2319203823265N12205557WA007300077676
B2319213823269N12205560WA007320077707
B2319223823273N12205563WA007330077743
B2319233823277N12205566WA007350077861
B2319243823281N12205569WA007360077809
B2319253823284N12205573WA007370078038
B2319263823288N12205577WA007390078204
B2319273823291N12205580WA007400078474
B2319283823295N12205583WA007420078612
B2319293823298N12205586WA007440078771
B2319303823302N12205589WA007450078821
B2319313823305N12205592WA007450078886
B2319323823309N12205596WA007450078930
B2319333823312N12205600WA007460079160
B2319343823316N12205604WA007470079400
B2319353823319N12205607WA007490079841
B2319363823322N12205609WA007520080279
B2319373823324N12205612WA007560080380
B2319383823325N12205613WA007580080377
B2319393823326N12205615WA007590080189
B2319403823328N12205619WA007590080047
B2319413823330N12205624WA007570079997
B2319423823333N12205629WA007570080064
B2319433823335N12205633WA007570080297
B2319443823338N12205636WA007580080327
B2319453823340N12205638WA007590080377
B2319463823343N12205641WA007590080225
B2319473823345N12205645WA007600080261
B2319483823348N12205649WA007590080103
B2319493823350N12205653WA007590080115
B2319503823351N12205656WA007590080077
B2319513823353N12205659WA007590080103
B2319523823355N12205662WA007590080034
B2319533823358N12205667WA007590080030
B2319543823361N12205671WA007590080104
B2319553823362N12205675WA007590080140
B2319563823362N12205677WA007590080238
B2319573823361N12205679WA007600080366
B2319583823360N12205679WA007610080415
B2319593823358N12205679WA007620080343
B2320003823356N12205676WA007620080206
B2320013823351N12205667WA007620080154
B2320023823348N12205658WA007620080192
B2320033823346N12205649WA007620080196
B2320043823344N12205642WA007620080294
B2320053823342N12205636WA007620080338
B2320063823339N12205631WA007620080397
B2320073823337N12205626WA007620080354
B2320083823335N12205621WA007620080301
B2320093823332N12205616WA007620080433
B2320103823329N12205612WA007630080471
B2320113823327N12205607WA007630080439
B2320123823325N12205603WA007630080404
B2320133823322N12205599WA007620080343
B2320143823319N12205595WA007620080313
B2320153823315N12205591WA007610080163
B2320163823312N12205587WA007600080008
B2320173823308N12205584WA007590079933
B2320183823304N12205580WA007580080038
B2320193823300N12205577WA007580080226
B2320203823296N12205575WA007590080411
B2320213823292N12205572WA007600080508
B2320223823288N12205572WA007620080520
B2320233823285N12205573WA007620080318
B2320243823283N12205578WA007610080146
B2320253823284N12205584WA007600079957
B2320263823288N12205588WA007580079919
B2320273823292N12205590WA007570080085
B2320283823297N12205590WA007560080007
B2320293823300N12205591WA007560080067
B2320303823304N12205594WA007560079832
B2320313823308N12205597WA007550079854
B2320323823313N12205600WA007550079813
B2320333823317N12205603WA007550080042
B2320343823321N12205605WA007560080205
B2320353823324N12205607WA007570080361
B2320363823327N12205608WA007580080386
B2320373823331N12205610WA007580080109
B2320383823334N12205613WA007560079819
B2320393823337N12205617WA007550079514
B2320403823340N12205621WA007530079329
B2320413823343N12205626WA007510079214
B2320423823345N12205630WA007500079286
B2320433823348N12205634WA007490079254
B2320443823351N12205637WA007490079213
B2320453823353N12205639WA007490079299
B2320463823356N12205642WA007490079157
B2320473823358N12205645WA007480079087
B2320483823361N12205648WA007480079148
B2320493823364N12205652WA007480079133
B2320503823367N12205655WA007490079257
B2320513823370N12205658WA007490079238
B2320523823372N12205661WA007490079183
B2320533823375N12205664WA007490079061
B2320543823378N12205668WA007480078932
B2320553823380N12205672WA007470078959
B2320563823383N12205676WA007460078906
B2320573823385N12205680WA007460079034
B2320583823387N12205684WA007470079118
B2320593823387N12205689WA007480079584
B2321003823387N12205693WA007500079832
B2321013823386N12205696WA007530080162
B2321023823386N12205698WA007560080373
B2321033823387N12205700WA007590080425
B2321043823387N12205702WA007610080444
B2321053823387N12205705WA007610080391
B2321063823388N12205708WA007610080396
B2321073823389N12205712WA007600080248
B2321083823390N12205717WA007610080226
B2321093823391N12205720WA007620080479
B2321103823392N12205724WA007630080592
B2321113823395N12205728WA007630080413
B2321123823397N12205733WA007620080487
B2321133823400N12205739WA007620080646
B2321143823402N12205744WA007630080915
B2321153823402N12205747WA007640081066
B2321163823402N12205750WA007650080991
B2321173823403N12205753WA007660080851
B2321183823404N12205757WA007650080774
B2321193823406N12205763WA007620080444
B2321203823409N12205771WA007600080522
B2321213823411N12205779WA007590080670
B2321223823412N12205784WA007610080787
B2321233823412N12205787WA007630080779
B2321243823411N12205792WA007640080660
B2321253823411N12205797WA007640080539
B2321263823412N12205805WA007630080500
B2321273823413N12205811WA007630080783
B2321283823414N12205816WA007640081031
B2321293823414N12205820WA007650081132
B2321303823414N12205823WA007670081119
B2321313823414N12205828WA007670081122
B2321323823415N12205833WA007680081131
B2321333823416N12205838WA007680081265
B2321343823417N12205844WA007690081592
B2321353823419N12205849WA007700081612
B2321363823421N12205853WA007720081947
B2321373823424N12205858WA007730082120
B2321383823426N12205862WA007750082371
B2321393823428N12205866WA007770082586
B2321403823431N12205871WA007780082700
B2321413823433N12205874WA007810082944
B2321423823436N12205877WA007830083231
B2321433823438N12205879WA007860083596
B2321443823441N12205882WA007890083730
B2321453823443N12205884WA007910083750
B2321463823446N12205886WA007920083644
B2321473823450N12205890WA007910083522
B2321483823454N12205894WA007900083451
B2321493823459N12205897WA007900083634
B2321503823464N12205899WA007910083929
B2321513823468N12205902WA007930084065
B2321523823472N12205905WA007940084259
B2321533823475N12205909WA007960084290
B2321543823479N12205911WA007970084219
B2321553823482N12205914WA007980084247
B2321563823486N12205917WA007980084272
B2321573823491N12205919WA007980084175
B2321583823496N12205921WA007970084258
B2321593823501N12205924WA007970084210
B2322003823505N12205926WA007970084350
B2322013823510N12205927WA007970084205
B2322023823514N12205929WA007970084201
B2322033823518N12205931WA007970084104
B2322043823522N12205934WA007970084121
B2322053823526N12205936WA007970084152
B2322063823531N12205938WA007970084200
B2322073823535N12205940WA007970084401
B2322083823538N12205942WA007980084592
B2322093823542N12205944WA007990084652
B2322103823546N12205945WA008000084638
B2322113823550N12205947WA008000084408
B2322123823553N12205950WA007990084354
B2322133823556N12205953WA007980084284
B2322143823560N12205956WA007970084130
B2322153823564N12205958WA007960084000
B2322163823568N12205960WA007950083911
B2322173823572N12205962WA007940083823
B2322183823576N12205964WA007940083856
B2322193823581N12205966WA007930083803
B2322203823585N12205967WA007940083913
B2322213823588N12205968WA007950084077
B2322223823591N12205970WA007960083969
B2322233823594N12205974WA007960083971
B2322243823598N12205977WA007950083823
B2322253823602N12205980WA007950083805
B2322263823605N12205983WA007950083965
B2322273823608N12205986WA007950083942
B2322283823611N12205989WA007940083802
B2322293823613N12205992WA007940083750
B2322303823616N12205994WA007930083667
B2322313823619N12205997WA007920083574
B2322323823623N12206000WA007910083410
B2322333823626N12206002WA007900083393
B2322343823631N12206004WA007890083108
B2322353823635N12206007WA007870083052
B2322363823639N12206009WA007860082977
B2322373823643N12206012WA007850082856
B2322383823646N12206016WA007840082890
B2322393823650N12206019WA007830082753
B2322403823654N12206022WA007820082665
B2322413823659N12206025WA007810082605
B2322423823663N12206027WA007810082744
B2322433823667N12206028WA007820082878
B2322443823671N12206030WA007830082845
B2322453823675N12206032WA007840082713
B2322463823679N12206034WA007840082725
B2322473823684N12206037WA007840082706
B2322483823688N12206041WA007830082883
B2322493823693N12206044WA007840083142
B2322503823697N12206045WA007850083467
B2322513823701N12206047WA007880083722
B2322523823704N12206049WA007900083903
B2322533823706N12206052WA007930084191
B2322543823709N12206054WA007950084293
B2322553823712N12206055WA007970084296
B2322563823715N12206056WA007980084297
B2322573823719N12206058WA007980084023
B2322583823723N12206060WA007970083904
B2322593823727N12206063WA007950083810
B2323003823731N12206065WA007940083802
B2323013823734N12206067WA007940083952
B2323023823737N12206069WA007940083871
B2323033823741N12206070WA007930083709
B2323043823744N12206073WA007930083645
B2323053823747N12206076WA007920083586
B2323063823751N12206079WA007910083415
B2323073823754N12206082WA007900083434
B2323083823757N12206085WA007890083342
B2323093823760N12206087WA007880083249
B2323103823763N12206091WA007870083084
B2323113823766N12206095WA007850082990
B2323123823769N12206099WA007840082883
B2323133823772N12206103WA007830082853
B2323143823774N12206107WA007830082893
B2323153823777N12206111WA007830082711
B2323163823779N12206115WA007820082603
B2323173823781N12206120WA007820082502
B2323183823782N12206125WA007810082586
B2323193823784N12206130WA007800082563
B2323203823786N12206134WA007800082639
B2323213823787N12206139WA007810082684
B2323223823789N12206143WA007810082639
B2323233823790N12206148WA007810082686
B2323243823792N12206153WA007810082634
B2323253823793N12206158WA007810082563
B2323263823794N12206163WA007810082681
B2323273823795N12206167WA007810082676
B2323283823796N12206172WA007810082760
B2323293823797N12206176WA007820082761
B2323303823799N12206180WA007820082734
B2323313823801N12206184WA007820082639
B2323323823803N12206189WA007820082636
B2323333823805N12206194WA007820082566
B2323343823808N12206199WA007810082508
B2323353823810N12206205WA007810082702
B2323363823811N12206210WA007820082872
B2323373823813N12206214WA007830083056
B2323383823815N12206218WA007850083220
B2323393823817N12206221WA007860083221
B2323403823819N12206224WA007870083253
B2323413823822N12206227WA007890083249
B2323423823825N12206231WA007900083367
B2323433823828N12206235WA007910083524
B2323443823829N12206238WA007930083865
B2323453823829N12206240WA007950083893
B2323463823830N12206241WA007960083729
B2323473823831N12206243WA007950083508
B2323483823833N12206247WA007930083252
B2323493823837N12206251WA007900083037
B2323503823840N12206256WA007880082997
B2323513823843N12206261WA007850082994
B2323523823846N12206265WA007840082961
B2323533823848N12206267WA007840082989
B2323543823851N12206271WA007840082721
B2323553823853N12206274WA007830082469
B2323563823856N12206280WA007810082020
B2323573823858N12206286WA007790081721
B2323583823860N12206292WA007760081632
B2323593823862N12206297WA007730081678
B2324003823865N12206302WA007720081534
B2324013823867N12206306WA007700081499
B2324023823870N12206311WA007690081379
B2324033823873N12206317WA007690081206
B2324043823874N12206323WA007700081475
B2324053823875N12206328WA007710081786
B2324063823876N12206332WA007730082274
B2324073823877N12206335WA007750082692
B2324083823880N12206336WA007780082716
B2324093823882N12206338WA007790082703
B2324103823883N12206340WA007810082710
B2324113823884N12206342WA007820082790
B2324123823887N12206345WA007840082816
B2324133823889N12206351WA007860083130
B2324143823889N12206352WA007880083309
B2324153823889N12206354WA007900083229
B2324163823889N12206356WA007900083268
B2324173823891N12206360WA007880083010
B2324183823893N12206364WA007860082831
B2324193823896N12206370WA007830082743
B2324203823899N12206376WA007810082697
B2324213823903N12206381WA007800082707
B2324223823906N12206384WA007810082907
B2324233823909N12206386WA007830083046
B2324243823913N12206388WA007840083026
B2324253823916N12206391WA007850083018
B2324263823918N12206395WA007870083186
B2324273823921N12206399WA007880083421
B2324283823923N12206402WA007900083661
B2324293823925N12206404WA007920083890
B2324303823928N12206405WA007930083807
B2324313823930N12206408WA007940083851
B2324323823933N12206411WA007940083740
B2324333823936N12206414WA007930083764
B2324343823940N12206417WA007930083818
B2324353823943N12206420WA007930083832
B2324363823946N12206422WA007940083930
B2324373823949N12206423WA007950083906
B2324383823951N12206425WA007950083988
B2324393823954N12206428WA007960083983
B2324403823957N12206431WA007960083991
B2324413823960N12206434WA007960084054
B2324423823963N12206437WA007960083909
B2324433823965N12206440WA007960083968
B2324443823968N12206443WA007950083953
B2324453823971N12206445WA007950083967
B2324463823974N12206448WA007950083990
B2324473823978N12206450WA007950083922
B2324483823981N12206452WA007950083941
B2324493823984N12206454WA007950083943
B2324503823987N12206456WA007950084084
B2324513823991N12206458WA007950084043
B2324523823994N12206460WA007960084082
B2324533823998N12206462WA007960084000
B2324543824001N12206463WA007960084006
B2324553824004N12206465WA007960083911
B2324563824007N12206466WA007960083996
B2324573824011N12206468WA007950083943
B2324583824014N12206469WA007950083888
B2324593824018N12206471WA007950083705
B2325003824021N12206473WA007940083675
B2325013824025N12206475WA007930083556
B2325023824029N12206477WA007920083543
B2325033824033N12206478WA007920083519
B2325043824036N12206480WA007910083553
B2325053824040N12206481WA007910083527
B2325063824043N12206483WA007910083481
B2325073824047N12206484WA007900083378
B2325083824051N12206486WA007900083369
B2325093824055N12206488WA007890083466
B2325103824059N12206489WA007890083449
B2325113824062N12206491WA007890083480
B2325123824065N12206492WA007900083490
B2325133824069N12206492WA007900083338
B2325143824072N12206493WA007900083486
B2325153824076N12206494WA007890083426
B2325163824079N12206495WA007890083364
B2325173824083N12206496WA007890083216
B2325183824086N12206498WA007890083182
B2325193824090N12206500WA007880083151
B2325203824094N12206501WA007870083119
B2325213824097N12206503WA007870083089
B2325223824101N12206506WA007860082950
B2325233824105N12206508WA007850082940
B2325243824109N12206510WA007850082883
B2325253824114N12206512WA007850082843
B2325263824118N12206514WA007850082813
B2325273824121N12206516WA007860082945
B2325283824124N12206518WA007860083041
B2325293824127N12206519WA007860083094
B2325303824132N12206520WA007870082906
B2325313824136N12206522WA007860082915
B2325323824140N12206525WA007860083032
B2325333824144N12206527WA007870083207
B2325343824147N12206529WA007870083352
B2325353824150N12206530WA007890083340
B2325363824152N12206530WA007890083376
B2325373824154N12206531WA007890083321
B2325383824156N12206531WA007880083348
B2325393824158N12206532WA007870083288
B2325403824162N12206535WA007860083198
B2325413824168N12206541WA007850083150
B2325423824172N12206545WA007850083263
B2325433824176N12206548WA007850083458
B2325443824179N12206550WA007870083592
B2325453824183N12206550WA007880083509
B2325463824186N12206552WA007890083542
B2325473824190N12206554WA007880083256
B2325483824194N12206557WA007870083168
B2325493824198N12206561WA007860083163
B2325503824202N12206564WA007860083247
B2325513824205N12206566WA007870083526
B2325523824207N12206567WA007890083686
B2325533824210N12206568WA007900083628
B2325543824212N12206570WA007910083614
B2325553824213N12206572WA007930083636
B2325563824213N12206575WA007930083541
B2325573824211N12206578WA007920083361
B2325583824207N12206580WA007910083253
B2325593824202N12206580WA007900083237
B2326003824197N12206578WA007900083361
B2326013824193N12206572WA007900083308
B2326023824189N12206566WA007900083280
B2326033824186N12206559WA007900083285
B2326043824183N12206553WA007900083255
B2326053824179N12206547WA007890083287
B2326063824175N12206542WA007890083264
B2326073824170N12206537WA007900083299
B2326083824165N12206534WA007900083487
B2326093824161N12206533WA007910083456
B2326103824157N12206534WA007910083475
B2326113824155N12206537WA007910083306
B2326123824153N12206541WA007910083267
B2326133824154N12206545WA007900083157
B2326143824157N12206548WA007890083064
B2326153824162N12206549WA007880083214
B2326163824166N12206549WA007880083475
B2326173824169N12206550WA007890083591
B2326183824172N12206550WA007910083602
B2326193824174N12206549WA007920083609
B2326203824175N12206549WA007920083496
B2326213824177N12206550WA007910083269
B2326223824178N12206554WA007890083024
B2326233824176N12206558WA007880082989
B2326243824172N12206561WA007870082948
B2326253824167N12206561WA007870083018
B2326263824161N12206558WA007870083251
B2326273824157N12206551WA007880083268
B2326283824154N12206543WA007890083486
B2326293824152N12206535WA007900083605
B2326303824148N12206528WA007920083899
B2326313824144N12206523WA007940084072
B2326323824140N12206518WA007960084151
B2326333824135N12206513WA007970084184
B2326343824130N12206511WA007990084153
B2326353824125N12206512WA008000084172
B2326363824122N12206517WA007990083976
B2326373824123N12206524WA007970083811
B2326383824124N12206528WA007960084099
B2326573824134N12206511WA008230087120
B2326583824132N12206504WA008260087436
B2326593824129N12206498WA008280087502
B2327003824125N12206492WA008300087697
B2327013824122N12206488WA008310087782
B2327023824119N12206484WA008320087892
B2327033824117N12206480WA008320087805
B2327043824113N12206477WA008320087876
B2327053824110N12206474WA008310087719
B2327063824106N12206471WA008310087634
B2327073824102N12206466WA008300087549
B2327083824098N12206461WA008290087453
B2327093824094N12206455WA008280087594
B2327103824091N12206448WA008290087658
B2327113824088N12206441WA008290087629
B2327123824084N12206436WA008300087680
B2327133824080N12206431WA008300087491
B2327143824076N12206427WA008300087388
B2327153824072N12206425WA008290087115
B2327163824067N12206424WA008280087049
B2327173824062N12206424WA008270087064
B2327183824058N12206423WA008260087157
B2327193824055N12206422WA008270087327
B2327203824053N12206424WA008280087393
B2327213824054N12206427WA008280087270
B2327223824057N12206429WA008280087088
B2327233824063N12206429WA008270087041
B2327243824069N12206425WA008270087132
B2327253824074N12206420WA008270087225
B2327263824077N12206417WA008280087372
B2327273824080N12206415WA008300087488
B2327283824084N12206415WA008310087300
B2327293824087N12206413WA008310087207
B2327303824088N12206413WA008300086991
B2327313824089N12206414WA008290086483
B2327323824090N12206417WA008270086060
B2327333824089N12206419WA008240085918
B2327343824085N12206421WA008220085845
B2327353824081N12206421WA008190085896
B2327363824078N12206421WA008180085768
B2327373824076N12206422WA008160085646
B2327383824074N12206423WA008150085528
B2327393824071N12206425WA008140085462
B2327403824069N12206427WA008130085352
B2327413824069N12206430WA008120085122
B2327423824071N12206433WA008110084935
B2327433824075N12206435WA008090084818
B2327443824080N12206436WA008070084665
B2327453824085N12206435WA008060084566
B2327463824090N12206434WA008060084686
B2327473824095N12206434WA008060084654
B2327483824098N12206435WA008070084797
B2327493824101N12206437WA008070084697
B2327503824103N12206440WA008060084596
B2327513824105N12206443WA008050084515
B2327523824105N12206446WA008050084571
B2327533824105N12206448WA008050084668
B2327543824105N12206451WA008050084711
B2327553824104N12206453WA008060084761
B2327563824103N12206455WA008060084770
B2327573824102N12206457WA008070084791
B2327583824101N12206459WA008070084893
B2327593824101N12206461WA008080084807
B2328003824100N12206464WA008090085034
B2328013824099N12206466WA008100085153
B2328023824098N12206467WA008110085278
B2328033824097N12206469WA008130085384
B2328043824096N12206471WA008130085272
B2328053824096N12206473WA008130085158
B2328063824098N12206476WA008130085158
B2328073824102N12206479WA008120085214
B2328083824106N12206480WA008120085479
B2328093824110N12206480WA008130085878
B2328103824113N12206481WA008150085982
B2328113824115N12206481WA008160085966
B2328123824116N12206482WA008170085896
B2328133824119N12206485WA008170085722
B2328143824122N12206488WA008170085738
B2328153824124N12206493WA008170085820
B2328163824123N12206496WA008180086077
B2328173824121N12206498WA008180085897
B2328183824119N12206499WA008180085392
B2328193824115N12206498WA008170084985
B2328203824112N12206495WA008160084505
B2328213824108N12206493WA008160084392
B2328223824105N12206491WA008160084281
B2328233824102N12206489WA008150084181
B2328243824095N12206482WA008140084149
B2328253824088N12206478WA008130084266
B2328263824082N12206476WA008120084444
B2328273824077N12206474WA008110084566
B2328283824073N12206473WA008100084611
B2328293824069N12206471WA008100084737
B2328303824065N12206471WA008090084673
B2328313824062N12206472WA008090084579
B2328323824061N12206476WA008080084472
B2328333824063N12206480WA008070084430
B2328343824067N12206481WA008060084428
B2328353824071N12206481WA008050084492
B2328363824076N12206478WA008040084472
B2328373824081N12206475WA008040084504
B2328383824085N12206474WA008040084502
B2328393824089N12206473WA008040084509
B2328403824092N12206474WA008030084470
B2328413824096N12206474WA008030084445
B2328423824100N12206475WA008020084312
B2328433824103N12206476WA008010084262
B2328443824107N12206477WA008000084010
B2328453824110N12206478WA007990083970
B2328463824114N12206479WA007980083839
B2328473824117N12206482WA007960083739
B2328483824119N12206486WA007950083683
B2328493824122N12206489WA007940083608
B2328503824124N12206493WA007930083552
B2328513824127N12206496WA007920083440
B2328523824130N12206498WA007910083375
B2328533824134N12206500WA007900083369
B2328543824138N12206503WA007900083364
B2328553824142N12206505WA007910083537
B2328563824145N12206507WA007910083688
B2328573824149N12206509WA007920083726
B2328583824152N12206511WA007930083832
B2328593824155N12206513WA007950083830
B2329003824158N12206515WA007950083930
B2329013824161N12206517WA007960084000
B2329023824163N12206518WA007970084169
B2329033824166N12206520WA007980084159
B2329043824169N12206523WA007990084222
B2329053824171N12206525WA008000084399
B2329063824174N12206528WA008020084684
B2329073824177N12206530WA008030084854
B2329083824180N12206532WA008060085104
B2329093824182N12206533WA008080085459
B2329103824185N12206534WA008100085649
B2329113824187N12206535WA008130085869
B2329123824188N12206537WA008160085880
B2329133824190N12206537WA008170085875
B2329143824192N12206538WA008180085765
B2329153824193N12206541WA008170085662
B2329163824192N12206545WA008160085552
B2329173824190N12206547WA008150085709
B2329183824185N12206546WA008150085811
B2329193824180N12206541WA008140085845
B2329203824176N12206534WA008150085957
B2329213824174N12206526WA008150086108
B2329223824171N12206520WA008170086441
B2329233824168N12206514WA008180086764
B2329243824165N12206509WA008200086972
B2329253824163N12206504WA008220087044
B2329263824161N12206499WA008250087121
B2329273824158N12206493WA008260087255
B2329283824155N12206488WA008280087371
B2329293824152N12206482WA008290087477
B2329303824149N12206477WA008310087616
B2329313824145N12206473WA008320087781
B2329323824142N12206468WA008330087988
B2329333824139N12206464WA008340088075
B2329343824136N12206460WA008360088181
B2329353824134N12206455WA008370088208
B2329363824131N12206451WA008380088313
B2329373824128N12206446WA008380088349
B2329383824125N12206443WA008390088371
B2329393824122N12206439WA008390088385
B2329403824119N12206435WA008390088376
B2329413824116N12206431WA008390088283
B2329423824113N12206426WA008380088275
B2329433824110N12206421WA008380088212
B2329443824106N12206416WA008380088335
B2329453824102N12206412WA008390088567
B2329463824099N12206409WA008390088633
B2329473824096N12206405WA008400088539
B2329483824092N12206402WA008390088363
B2329493824088N12206398WA008390088364
B2329503824084N12206394WA008390088386
B2329513824081N12206391WA008380088346
B2329523824078N12206389WA008380088358
B2329533824075N12206388WA008380088296
B2329543824073N12206387WA008380088009
B2329553824069N12206387WA008370087984
B2329563824066N12206386WA008350087736
B2329573824062N12206385WA008340087655
B2329583824059N12206384WA008330087638
B2329593824056N12206385WA008320087681
B2330003824054N12206385WA008310087667
B2330013824052N12206386WA008300087510
B2330023824049N12206385WA008300087479
B2330033824048N12206387WA008300087303
B2330043824048N12206390WA008290087207
B2330053824048N12206394WA008280087139
B2330063824047N12206397WA008280087172
B2330073824044N12206397WA008270087055
B2330083824040N12206395WA008270086907
B2330093824035N12206393WA008270087043
B2330103824030N12206391WA008270087176
B2330113824027N12206391WA008270087167
B2330123824025N12206394WA008280087052
B2330133824025N12206397WA008280087117
B2330143824023N12206399WA008290087256
B2330153824020N12206399WA008300087227
B2330163824016N12206400WA008300087323
B2330173824014N12206402WA008310087386
B2330183824016N12206406WA008310087315
B2330193824021N12206409WA008310087307
B2330203824025N12206409WA008310087383
B2330213824031N12206405WA008310087300
B2330223824036N12206399WA008320087609
B2330233824040N12206396WA008320087607
B2330243824043N12206395WA008330087544
B2330253824047N12206395WA008320087243
B2330263824050N12206397WA008310087039
B2330273824050N12206401WA008300086828
B2330283824047N12206404WA008280086729
B2330293824042N12206405WA008260086667
B2330303824037N12206403WA008250086663
B2330313824033N12206399WA008240086769
B2330323824030N12206398WA008230086640
B2330333824027N12206398WA008230086547
B2330343824025N12206400WA008220086347
B2330353824024N12206404WA008210086243
B2330363824023N12206407WA008210086284
B2330373824022N12206409WA008200086211
B2330383824019N12206410WA008200086176
B2330393824017N12206412WA008190086061
B2330403824016N12206414WA008180085989
B2330413824016N12206418WA008170085870
B2330423824018N12206421WA008160085682
B2330433824022N12206423WA008150085565
B2330443824026N12206424WA008150085579
B2330453824030N12206425WA008140085541
B2330463824034N12206425WA008130085510
B2330473824037N12206424WA008130085489
B2330483824041N12206425WA008120085391
B2330493824046N12206425WA008110085119
B2330503824050N12206427WA008100085004
B2330513824053N12206429WA008090085061
B2330523824055N12206431WA008090085082
B2330533824056N12206433WA008090085064
B2330543824058N12206435WA008090084904
B2330553824061N12206437WA008080084701
B2330563824065N12206438WA008060084462
B2330573824071N12206438WA008050084310
B2330583824077N12206438WA008030084325
B2330593824082N12206440WA008020084363
B2331003824087N12206442WA008010084318
B2331013824090N12206445WA008000084358
B2331023824094N12206448WA008000084209
B2331033824097N12206452WA007990084250
B2331043824101N12206454WA007990084135
B2331053824104N12206457WA007980084127
B2331063824106N12206461WA007970083982
B2331073824109N12206464WA007970083929
B2331083824111N12206469WA007970083930
B2331093824113N12206472WA007980084138
B2331103824115N12206476WA007990084370
B2331113824118N12206477WA008000084669
B2331123824121N12206478WA008020084888
B2331133824125N12206479WA008040084922
B2331143824128N12206479WA008060085076
B2331153824131N12206480WA008070085093
B2331163824135N12206481WA008080085142
B2331173824138N12206482WA008090085285
B2331183824141N12206484WA008090085382
B2331193824144N12206486WA008100085608
B2331203824146N12206489WA008120085804
B2331213824147N12206491WA008130085976
B2331223824149N12206493WA008150086061
B2331233824151N12206494WA008170086193
B2331243824154N12206495WA008180086216
B2331253824156N12206497WA008200086323
B2331263824158N12206498WA008210086429
B2331273824159N12206500WA008210086467
B2331283824159N12206502WA008210086399
B2331293824158N12206505WA008210086110
B2331303824153N12206505WA008200086059
B2331313824147N12206503WA008190086188
B2331323824142N12206498WA008180086467
B2331333824138N12206492WA008200086793
B2331343824136N12206485WA008220087155
B2331353824134N12206478WA008240087479
B2331363824132N12206472WA008270087664
B2331373824130N12206466WA008300087728
B2331383824127N12206462WA008320087701
B2331393824123N12206458WA008340087940
B2331403824119N12206454WA008360087962
B2331413824116N12206451WA008370088103
B2331423824112N12206449WA008370088246
B2331433824108N12206448WA008380088395
B2331443824105N12206448WA008390088323
B2331453824102N12206449WA008390088354
B2331463824101N12206452WA008390088327
B2331473824101N12206457WA008390088447
B2331483824103N12206461WA008400088758
B2331493824106N12206463WA008410089074
B2331503824111N12206462WA008440089336
B2331513824116N12206460WA008460089424
B2331523824121N12206458WA008480089422
B2331533824125N12206458WA008500089450
B2331543824129N12206460WA008510089644
B2331553824132N12206464WA008530089890
B2331563824134N12206467WA008550090062
B2331573824134N12206469WA008580090323
B2331583824132N12206470WA008600090336
B2331593824129N12206471WA008610090381
B2332003824126N12206471WA008600090368
B2332013824122N12206472WA008580090144
B2332023824117N12206471WA008560089904
B2332033824111N12206469WA008550089834
B2332043824105N12206466WA008530089744
B2332053824100N12206462WA008520089726
B2332063824095N12206457WA008510089687
B2332073824091N12206452WA008510089678
B2332083824087N12206448WA008510089622
B2332093824082N12206444WA008510089681
B2332103824078N12206440WA008510089653
B2332113824074N12206436WA008510089728
B2332123824069N12206433WA008520089775
B2332133824065N12206430WA008520089833
B2332143824061N12206427WA008530089935
B2332153824057N12206424WA008540089944
B2332163824053N12206420WA008550089948
B2332173824048N12206417WA008550090073
B2332183824043N12206413WA008560090198
B2332193824039N12206410WA008570090354
B2332203824035N12206406WA008590090557
B2332213824031N12206402WA008600090775
B2332223824027N12206398WA008620090776
B2332233824023N12206395WA008630090851
B2332243824019N12206390WA008640090949
B2332253824015N12206385WA008650090988
B2332263824012N12206380WA008650090960
B2332273824009N12206374WA008650090813
B2332283824005N12206368WA008650090854
B2332293824002N12206362WA008640090941
B2332303824000N12206355WA008640090953
B2332313824000N12206348WA008640090922
B2332323824000N12206341WA008640090803
B2332333823999N12206334WA008640090617
B2332343823996N12206328WA008630090388
B2332353823993N12206324WA008610090003
B2332363823988N12206322WA008580089741
B2332373823984N12206321WA008550089520
B2332383823980N12206320WA008530089371
B2332393823977N12206319WA008500089187
B2332403823974N12206320WA008480088937
B2332413823970N12206321WA008450088737
B2332423823966N12206322WA008430088756
B2332433823963N12206323WA008420088727
B2332443823960N12206326WA008420088664
B2332453823959N12206330WA008420088413
B2332463823958N12206335WA008410088261
B2332473823960N12206339WA008400088119
B2332483823963N12206343WA008380087935
B2332493823968N12206344WA008360087815
B2332503823973N12206342WA008340087658
B2332513823978N12206339WA008330087550
B2332523823982N12206334WA008310087446
B2332533823986N12206331WA008300087404
B2332543823990N12206330WA008290087162
B2332553823995N12206331WA008270086876
B2332563824000N12206335WA008250086548
B2332573824002N12206342WA008230086301
B2332583824000N12206348WA008220086323
B2332593823996N12206352WA008210086383
B2333003823993N12206354WA008210086521
B2333013823990N12206354WA008220086564
B2333023823988N12206354WA008220086452
B2333033823986N12206355WA008230086312
B2333043823983N12206356WA008220086317
B2333053823980N12206359WA008220086251
B2333063823978N12206362WA008210086381
B2333073823978N12206365WA008200086235
B2333083823978N12206368WA008200086279
B2333093823980N12206371WA008200086305
B2333103823980N12206373WA008210086495
B2333113823982N12206374WA008220086505
B2333123823983N12206375WA008230086651
B2333133823985N12206375WA008230086628
B2333143823987N12206377WA008240086532
B2333153823989N12206379WA008240086560
B2333163823992N12206380WA008240086523
B2333173823994N12206381WA008240086580
B2333183823997N12206381WA008230086507
B2333193823999N12206382WA008230086427
B2333203824001N12206384WA008220086341
B2333213824003N12206385WA008210086288
B2333223824006N12206387WA008200086157
B2333233824009N12206389WA008200086017
B2333243824011N12206391WA008190086155
B2333253824014N12206393WA008180086110
B2333263824017N12206394WA008170086040
B2333273824021N12206395WA008170085911
B2333283824025N12206396WA008160085900
B2333293824028N12206397WA008160085971
B2333303824032N12206398WA008170085936
B2333313824036N12206400WA008170085907
B2333323824037N12206403WA008160085859
B2333333824035N12206408WA008160085756
B2333343824031N12206411WA008160085721
B2333353824026N12206411WA008150085723
B2333363824022N12206411WA008150085751
B2333373824020N12206412WA008140085546
B2333383824021N12206415WA008130085318
B2333393824021N12206420WA008120085280
B2333403824024N12206423WA008100085233
B2333413824029N12206425WA008090085224
B2333423824034N12206425WA008080085273
B2333433824039N12206425WA008070085164
B2333443824044N12206425WA008070085115
B2333453824049N12206425WA008070085009
B2333463824054N12206426WA008060084806
B2333473824059N12206427WA008050084703
B2333483824064N12206428WA008050084720
B2333493824069N12206428WA008040084715
B2333503824073N12206428WA008040084779
B2333513824078N12206429WA008040084706
B2333523824082N12206430WA008040084827
B2333533824085N12206432WA008040084746
B2333543824088N12206435WA008030084522
B2333553824091N12206438WA008030084504
B2333563824093N12206442WA008030084573
B2333573824096N12206445WA008030084501
B2333583824097N12206446WA008030084661
B2333593824099N12206446WA008040084717
B2334003824100N12206447WA008050084768
B2334013824102N12206449WA008050084603
B2334023824103N12206451WA008050084620
B2334033824104N12206452WA008040084526
B2334043824105N12206454WA008040084514
B2334053824105N12206456WA008030084587
B2334063824106N12206458WA008030084669
B2334073824107N12206460WA008020084635
B2334083824107N12206461WA008030084676
B2334093824107N12206462WA008030084677
B2334103824107N12206464WA008020084451
B2334113824107N12206466WA008020084232
B2334123824107N12206469WA008010084103
B2334133824106N12206472WA008000084199
B2334143824107N12206476WA008000084131
B2334153824108N12206478WA007990084127
B2334163824109N12206480WA007990084189
B2334173824112N12206482WA007980084028
B2334183824115N12206484WA007970083917
B2334193824118N12206486WA007960083746
B2334203824121N12206489WA007950083795
B2334213824125N12206492WA007950083810
B2334223824127N12206493WA007950083898
B2334233824130N12206495WA007960083861
B2334243824133N12206496WA007960083747
B2334253824136N12206499WA007950083610
B2334263824139N12206501WA007940083436
B2334273824143N12206503WA007930083409
B2334283824146N12206506WA007920083431
B2334293824148N12206508WA007920083592
B2334303824151N12206509WA007920083538
B2334313824154N12206511WA007920083520
B2334323824157N12206512WA007920083493
B2334333824161N12206513WA007920083577
B2334343824165N12206515WA007920083641
B2334353824169N12206516WA007920083743
B2334363824173N12206517WA007930083834
B2334373824176N12206518WA007940083898
B2334383824180N12206520WA007950083804
B2334393824182N12206522WA007950083855
B2334403824185N12206524WA007950083704
B2334413824188N12206526WA007950083409
B2334423824191N12206530WA007930083222
B2334433824194N12206534WA007910083151
B2334443824197N12206537WA007890083199
B2334453824201N12206541WA007880083111
B2334463824204N12206544WA007870083143
B2334473824207N12206547WA007870083167
B2334483824210N12206550WA007870083184
B2334493824213N12206552WA007880083372
B2334503824216N12206553WA007900083586
B2334513824219N12206555WA007910083615
B2334523824221N12206558WA007920083601
B2334533824222N12206560WA007930083675
B2334543824225N12206562WA007930083525
B2334553824228N12206565WA007920083340
B2334563824231N12206568WA007910083264
B2334573824235N12206572WA007900083140
B2334583824240N12206575WA007890083300
B2334593824243N12206577WA007900083651
B2335003824246N12206579WA007910083811
B2335013824247N12206580WA007930083846
B2335023824249N12206582WA007940083701
B2335033824250N12206584WA007930083471
B2335043824251N12206587WA007920083299
B2335053824252N12206593WA007900083110
B2335063824251N12206598WA007890083202
B2335073824250N12206601WA007880083326
B2335083824249N12206603WA007890083354
B2335093824248N12206605WA007890083260
B2335103824246N12206606WA007880082849
B2335113824242N12206609WA007860082451
B2335123824236N12206610WA007840082262
B2335133824230N12206609WA007810082220
B2335143824224N12206606WA007790082340
B2335153824219N12206602WA007790082494
B2335163824216N12206599WA007800082321
B2335173824212N12206595WA007800082105
B2335183824206N12206591WA007790081999
B2335193824201N12206588WA007780081824
B2335203824195N12206584WA007760081769
B2335213824190N12206581WA007750081732
B2335223824185N12206577WA007750081717
B2335233824180N12206574WA007740081738
B2335243824175N12206572WA007740081637
B2335253824169N12206570WA007740081585
B2335263824163N12206568WA007730081492
B2335273824158N12206565WA007720081419
B2335283824152N12206563WA007720081560
B2335293824147N12206560WA007720081561
B2335303824142N12206557WA007710081453
B2335313824136N12206554WA007710081377
B2335323824130N12206552WA007700081252
B2335333824124N12206550WA007700081241
B2335343824118N12206548WA007690081342
B2335353824112N12206546WA007700081485
B2335363824107N12206544WA007700081429
B2335373824101N12206543WA007700081333
B2335383824095N12206542WA007700081415
B2335393824089N12206542WA007710081725
B2335403824085N12206543WA007730082025
B2335413824083N12206546WA007750082148
B2335423824083N12206550WA007770082186
B2335433824086N12206553WA007790082164
B2335443824091N12206552WA007800082155
B2335453824096N12206549WA007790082245
B2335463824100N12206545WA007800082409
B2335473824103N12206544WA007810082520
B2335483824105N12206543WA007810082678
B2335493824107N12206545WA007820082660
B2335503824108N12206547WA007830082579
B2335513824108N12206550WA007830082407
B2335523824106N12206552WA007820081990
B2335533824104N12206551WA007810081349
B2335543824100N12206551WA007800080971
B2335553824094N12206551WA007800081044
B2335563824092N12206548WA007810081018
B2335573824089N12206546WA007820081003
B2335583824085N12206544WA007840081185
B2335593824081N12206542WA007850081349
B2336003824074N12206543WA007860081584
B2336013824069N12206544WA007870081684
B2336023824065N12206546WA007870081824
B2336033824062N12206549WA007870081912
B2336043824061N12206553WA007860082040
B2336053824063N12206557WA007860082125
B2336063824066N12206560WA007860082347
B2336073824069N12206562WA007860082734
B2336083824071N12206560WA007880083022
B2336093824072N12206556WA007890083098
B2336103824075N12206553WA007890083064
B2336113824079N12206550WA007900083178
B2336123824084N12206549WA007900083215
B2336133824088N12206548WA007900083305
B2336143824091N12206548WA007910083471
B2336153824095N12206548WA007910083525
B2336163824098N12206549WA007920083617
B2336173824100N12206551WA007930083646
B2336183824102N12206554WA007940083632
B2336193824103N12206558WA007940083636
B2336203824102N12206563WA007950083680
B2336213824099N12206566WA007950083777
B2336223824095N12206567WA007960083716
B2336233824089N12206565WA007950083685
B2336243824084N12206561WA007940083523
B2336253824079N12206555WA007940083446
B2336263824074N12206549WA007930083674
B2336273824070N12206544WA007930083783
B2336283824066N12206540WA007940083895
B2336293824062N12206537WA007950083971
B2336303824058N12206534WA007960083930
B2336313824053N12206532WA007960083950
B2336323824048N12206530WA007960083748
B2336333824043N12206531WA007950083639
B2336343824039N12206535WA007950083520
B2336353824037N12206539WA007930083356
B2336363824037N12206544WA007920083274
B2336373824040N12206548WA007900083133
B2336383824043N12206551WA007890083293
B2336393824046N12206552WA007890083459
B2336403824049N12206553WA007900083508
B2336413824051N12206554WA007910083596
B2336423824055N12206554WA007920083548
B2336433824059N12206554WA007930083656
B2336443824063N12206554WA007940083775
B2336453824067N12206554WA007950083986
B2336463824071N12206555WA007970084245
B2336473824074N12206556WA007990084562
B2336483824078N12206556WA008020084711
B2336493824081N12206555WA008040084870
B2336503824085N12206552WA008060085083
B2336513824089N12206548WA008080085140
B2336523824092N12206542WA008090085108
B2336533824094N12206538WA008100085275
B2336543824097N12206535WA008090085192
B2336553824102N12206532WA008090085118
B2336563824106N12206531WA008090085279
B2336573824111N12206531WA008090085349
B2336583824115N12206532WA008090085469
B2336593824119N12206534WA008100085423
B2337003824122N12206536WA008110085511
B2337013824123N12206538WA008120085439
B2337023824122N12206542WA008110085252
B2337033824119N12206545WA008100084989
B2337043824113N12206547WA008090084796
B2337053824106N12206545WA008070084778
B2337063824101N12206539WA008050084737
B2337073824097N12206532WA008050084932
B2337083824094N12206526WA008060085022
B2337093824090N12206521WA008070085195
B2337103824087N12206517WA008080085142
B2337113824083N12206512WA008080085127
B2337123824078N12206507WA008080085037
B2337133824073N12206503WA008080085123
B2337143824067N12206499WA008080085399
B2337153824063N12206497WA008090085662
B2337163824059N12206495WA008110085768
B2337173824056N12206496WA008130085811
B2337183824053N12206498WA008140085776
B2337193824052N12206503WA008150085771
B2337203824054N12206507WA008150085714
B2337213824058N12206510WA008140085825
B2337223824063N12206510WA008140085909
B2337233824068N12206508WA008150086012
B2337243824072N12206503WA008160086113
B2337253824075N12206498WA008170086211
B2337263824077N12206493WA008170086151
B2337273824080N12206488WA008180086151
B2337283824084N12206483WA008180086168
B2337293824088N12206480WA008170086012
B2337303824092N12206478WA008170086066
B2337313824096N12206477WA008180086054
B2337323824100N12206477WA008180086141
B2337333824103N12206477WA008180086277
B2337343824107N12206479WA008180086112
B2337353824110N12206481WA008180086101
B2337363824111N12206483WA008180086079
B2337373824112N12206486WA008170086068
B2337383824111N12206489WA008170085885
B2337393824109N12206491WA008150085632
B2337403824104N12206491WA008130085441
B2337413824098N12206489WA008110085222
B2337423824092N12206484WA008090085157
B2337433824087N12206479WA008070085243
B2337443824082N12206474WA008070085393
B2337453824079N12206470WA008070085306
B2337463824074N12206468WA008070085192
B2337473824070N12206466WA008060085056
B2337483824065N12206465WA008050084979
B2337493824061N12206465WA008050085017
B2337503824056N12206465WA008050085290
B2337513824053N12206463WA008060085324
B2337523824049N12206461WA008070085392
B2337533824046N12206459WA008080085362
B2337543824042N12206458WA008080085280
B2337553824039N12206457WA008080085105
B2337563824035N12206457WA008080085127
B2337573824031N12206458WA008070085197
B2337583824028N12206460WA008080085286
B2337593824026N12206463WA008080085291
B2338003824026N12206466WA008090085228
B2338013824027N12206470WA008080085117
B2338023824029N12206474WA008080085245
B2338033824033N12206476WA008080085305
B2338043824037N12206475WA008090085574
B2338053824041N12206472WA008100085562
B2338063824045N12206468WA008110085603
B2338073824048N12206465WA008110085638
B2338083824052N12206464WA008120085502
B2338093824056N12206462WA008110085439
B2338103824061N12206462WA008110085422
B2338113824065N12206461WA008110085597
B2338123824070N12206461WA008110085779
B2338133824074N12206463WA008120085751
B2338143824077N12206465WA008130085842
B2338153824079N12206467WA008130085877
B2338163824081N12206470WA008140085871
B2338173824083N12206473WA008140085861
B2338183824084N12206476WA008150085875
B2338193824083N12206480WA008150085970
B2338203824080N12206482WA008160086103
B2338213824076N12206481WA008170086207
B2338223824071N12206479WA008180086475
B2338233824068N12206475WA008190086505
B2338243824064N12206470WA008200086535
B2338253824061N12206464WA008220086607
B2338263824058N12206458WA008230086740
B2338273824055N12206451WA008240086886
B2338283824052N12206445WA008250086887
B2338293824049N12206440WA008250086842
B2338303824045N12206435WA008250086846
B2338313824040N12206433WA008250086891
B2338323824036N12206433WA008240086662
B2338333824033N12206434WA008240086608
B2338343824031N12206437WA008230086524
B2338353824030N12206440WA008220086494
B2338363824032N12206443WA008210086338
B2338373824034N12206446WA008200086249
B2338383824036N12206449WA008200086273
B2338393824039N12206451WA008180086040
B2338403824042N12206452WA008170085745
B2338413824046N12206455WA008150085533
B2338423824050N12206459WA008130085641
B2338433824053N12206463WA008130085823
B2338443824054N12206467WA008140086362
B2338453824055N12206470WA008170086780
B2338463824057N12206471WA008200087009
B2338473824057N12206473WA008230087286
B2338483824058N12206475WA008260087462
B2338493824059N12206476WA008290087589
B2338503824061N12206478WA008310087619
B2338513824062N12206480WA008330087759
B2338523824063N12206482WA008330087788
B2338533824064N12206484WA008330087786
B2338543824065N12206486WA008320087635
B2338553824063N12206488WA008320087598
B2338563824059N12206490WA008310087560
B2338573824053N12206489WA008300087451
B2338583824047N12206484WA008300087678
B2338593824044N12206477WA008310088011
B2339003824043N12206468WA008330088223
B2339013824044N12206460WA008350088453
B2339023824047N12206453WA008370088684
B2339033824051N12206447WA008400088707
B2339043824054N12206444WA008420088860
B2339053824058N12206442WA008430088720
B2339063824061N12206442WA008430088640
B2339073824063N12206443WA008420088585
B2339083824064N12206446WA008400088374
B2339093824064N12206449WA008390088329
B2339103824063N12206453WA008380088454
B2339113824063N12206456WA008380088616
B2339123824063N12206459WA008390088876
B2339133824064N12206462WA008410089041
B2339143824065N12206464WA008420089013
B2339153824065N12206466WA008440089013
B2339163824064N12206467WA008440089056
B2339173824063N12206469WA008440089112
B2339183824059N12206468WA008430089234
B2339193824051N12206465WA008440089288
B2339203824046N12206460WA008450089543
B2339213824043N12206452WA008470089759
B2339223824042N12206444WA008480089782
B2339233824043N12206435WA008500089874
B2339243824046N12206428WA008510089810
B2339253824050N12206423WA008520089822
B2339263824055N12206420WA008520089719
B2339273824060N12206420WA008520089709
B2339283824063N12206421WA008520089955
B2339293824065N12206421WA008520090079
B2339303824066N12206423WA008530089991
B2339313824067N12206425WA008540089723
B2339323824066N12206428WA008530089507
B2339333824063N12206432WA008520089664
B2339343824061N12206435WA008520089704
B2339353824058N12206437WA008530090080
B2339363824056N12206438WA008540090191
B2339373824054N12206439WA008550090180
B2339383824051N12206440WA008560089935
B2339393824047N12206442WA008550089812
B2339403824040N12206441WA008550089897
B2339413824034N12206438WA008540089816
B2339423824027N12206432WA008540090090
B2339433824023N12206423WA008550090349
B2339443824019N12206416WA008570090783
B2339453824015N12206409WA008600091097
B2339463824013N12206403WA008620091302
B2339473824010N12206396WA008660091685
B2339483824008N12206391WA008680091950
B2339493824005N12206387WA008720092105
B2339503824000N12206386WA008740092184
B2339513823997N12206388WA008760092224
B2339523823995N12206392WA008780092558
B2339533823995N12206396WA008800092825
B2339543823997N12206398WA008830093048
B2339553824001N12206399WA008850093004
B2339563824005N12206397WA008860093111
B2339573824008N12206392WA008870093374
B2339583824011N12206385WA008870093426
B2339593824012N12206377WA008880093648
B2340003824012N12206369WA008900093750
B2340013824011N12206360WA008910093945
B2340023824008N12206352WA008930094098
B2340033824005N12206347WA008940094305
B2340043824000N12206345WA008970094698
B2340053823997N12206347WA008990094720
B2340063823995N12206349WA009010094818
B2340073823995N12206353WA009030095018
B2340083823996N12206356WA009040095294
B2340093824001N12206357WA009050095240
B2340103824007N12206353WA009060095324
B2340113824011N12206346WA009060095503
B2340123824013N12206337WA009070095817
B2340133824012N12206328WA009090096099
B2340143824011N12206320WA009110096269
B2340153824009N12206314WA009130096485
B2340163824007N12206310WA009150096531
B2340173824004N12206307WA009170096636
B2340183824001N12206307WA009180096521
B2340193823997N12206308WA009180096676
B2340203823995N12206311WA009190096711
B2340213823994N12206315WA009190096832
B2340223823996N12206318WA009190096822
B2340233824000N12206320WA009200096822
B2340243824004N12206320WA009210096930
B2340253824008N12206315WA009210097077
B2340263824011N12206307WA009220097176
B2340273824013N12206298WA009230097209
B2340283824012N12206289WA009240097414
B2340293824009N12206281WA009260097672
B2340303824006N12206274WA009280097928
B2340313824003N12206269WA009300098057
B2340323824001N12206264WA009320098139
B2340333823998N12206261WA009330098004
B2340343823994N12206260WA009330097912
B2340353823989N12206261WA009320097763
B2340363823985N12206264WA009310097867
B2340373823983N12206268WA009310098072
B2340383823983N12206271WA009320098222
B2340393823983N12206273WA009330098466
B2340403823984N12206276WA009350098411
B2340413823984N12206278WA009360098468
B2340423823985N12206282WA009360098372
B2340433823987N12206285WA009360098247
B2340443823990N12206287WA009350098227
B2340453823993N12206287WA009340098194
B2340463823997N12206285WA009340098091
B2340473824001N12206282WA009330097974
B2340483824005N12206278WA009320097764
B2340493824009N12206274WA009300097544
B2340503824013N12206271WA009290097336
B2340513824017N12206268WA009270097258
B2340523824021N12206265WA009250097085
B2340533824026N12206261WA009230096835
B2340543824031N12206256WA009210096618
B2340553824036N12206251WA009190096509
B2340563824040N12206246WA009170096565
B2340573824044N12206240WA009160096451
B2340583824047N12206233WA009160096471
B2340593824050N12206225WA009160096388
B2341003824054N12206218WA009160096341
B2341013824058N12206210WA009150096342
B2341023824062N12206202WA009150096566
B2341033824066N12206196WA009160096700
B2341043824068N12206190WA009170096896
B2341053824071N12206185WA009190096871
B2341063824075N12206178WA009190096659
B2341073824080N12206171WA009180096438
B2341083824085N12206164WA009170096422
B2341093824090N12206156WA009170096644
B2341103824094N12206148WA009180096864
B2341113824097N12206141WA009190096973
B2341123824100N12206134WA009200096972
B2341133824103N12206126WA009200096897
B2341143824107N12206118WA009200096736
B2341153824110N12206109WA009200096677
B2341163824114N12206100WA009190096721
B2341173824117N12206090WA009200096947
B2341183824120N12206082WA009210097015
B2341193824122N12206075WA009220097091
B2341203824126N12206068WA009220097030
B2341213824130N12206061WA009230096920
B2341223824134N12206054WA009230096911
B2341233824137N12206047WA009230096821
B2341243824140N12206039WA009210096623
B2341253824143N12206031WA009200096433
B2341263824146N12206023WA009190096451
B2341273824150N12206014WA009180096416
B2341283824153N12206006WA009170096467
B2341293824156N12205999WA009160096359
B2341303824158N12205993WA009160096274
B2341313824161N12205986WA009160095928
B2341323824164N12205979WA009140095522
B2341333824168N12205970WA009110094932
B2341343824172N12205959WA009070094547
B2341353824176N12205949WA009030094446
B2341363824179N12205940WA008990094462
B2341373824182N12205932WA008970094340
B2341383824185N12205924WA008960094162
B2341393824189N12205915WA008940093829
B2341403824192N12205906WA008920093576
B2341413824196N12205897WA008900093333
B2341423824200N12205889WA008880093200
B2341433824203N12205881WA008860093296
B2341443824207N12205874WA008850093156
B2341453824210N12205867WA008850093035
B2341463824213N12205859WA008840092716
B2341473824216N12205851WA008820092362
B2341483824220N12205842WA008800092171
B2341493824224N12205833WA008780092056
B2341503824227N12205825WA008760092084
B2341513824230N12205818WA008750092020
B2341523824232N12205810WA008750091958
B2341533824234N12205803WA008740091753
B2341543824236N12205794WA008730091305
B2341553824237N12205784WA008700091067
B2341563824239N12205774WA008680090724
B2341573824240N12205764WA008650090635
B2341583824241N12205755WA008630090551
B2341593824242N12205746WA008610090583
B2342003824244N12205738WA008600090311
B2342013824245N12205729WA008580090010
B2342023824246N12205719WA008560089733
B2342033824247N12205709WA008540089651
B2342043824248N12205698WA008520089559
B2342053824249N12205689WA008500089443
B2342063824250N12205680WA008490089432
B2342073824251N12205671WA008490089316
B2342083824252N12205663WA008490089200
B2342093824253N12205654WA008480089022
B2342103824254N12205645WA008470088802
B2342113824254N12205635WA008460088666
B2342123824255N12205626WA008440088423
B2342133824255N12205616WA008420088397
B2342143824256N12205607WA008400088233
B2342153824256N12205598WA008390088285
B2342163824257N12205589WA008370088079
B2342173824258N12205581WA008350087853
B2342183824259N12205572WA008330087413
B2342193824259N12205562WA008310087144
B2342203824259N12205551WA008280086838
B2342213824259N12205541WA008250086664
B2342223824259N12205531WA008220086573
B2342233824259N12205521WA008210086568
B2342243824259N12205512WA008200086448
B2342253824259N12205503WA008190086216
B2342263824258N12205494WA008180086096
B2342273824259N12205485WA008170085900
B2342283824259N12205475WA008160085843
B2342293824260N12205465WA008150085718
B2342303824261N12205456WA008140085606
B2342313824262N12205447WA008130085516
B2342323824263N12205438WA008110085436
B2342333824264N12205429WA008100085277
B2342343824266N12205420WA008090085147
B2342353824268N12205411WA008080085187
B2342363824271N12205403WA008070085052
B2342373824274N12205394WA008070085009
B2342383824276N12205386WA008060085008
B2342393824277N12205379WA008060085061
B2342403824279N12205371WA008060085057
B2342413824281N12205364WA008060085037
B2342423824283N12205357WA008060084929
B2342433824285N12205350WA008060084847
B2342443824288N12205343WA008050084702
B2342453824291N12205335WA008040084607
B2342463824293N12205328WA008030084675
B2342473824296N12205321WA008030084625
B2342483824298N12205314WA008030084656
B2342493824301N12205307WA008020084516
B2342503824303N12205300WA008020084578
B2342513824306N12205294WA008020084552
B2342523824309N12205287WA008020084418
B2342533824312N12205281WA008020084305
B2342543824315N12205274WA008010084228
B2342553824318N12205268WA008000084271
B2342563824322N12205261WA008000084115
B2342573824325N12205255WA007990084141
B2342583824329N12205249WA007990084101
B2342593824332N12205243WA007980084062
B2343003824336N12205236WA007980083919
B2343013824339N12205230WA007970083875
B2343023824343N12205224WA007960083751
B2343033824347N12205217WA007950083653
B2343043824351N12205210WA007940083657
B2343053824355N12205204WA007930083621
B2343063824358N12205197WA007930083687
B2343073824362N12205191WA007930083544
B2343083824365N12205184WA007930083577
B2343093824368N12205177WA007930083599
B2343103824372N12205170WA007920083459
B2343113824376N12205164WA007920083460
B2343123824380N12205157WA007920083573
B2343133824384N12205150WA007920083533
B2343143824387N12205143WA007920083553
B2343153824391N12205136WA007920083527
B2343163824395N12205130WA007920083466
B2343173824400N12205124WA007910083321
B2343183824404N12205117WA007910083341
B2343193824407N12205109WA007910083297
B2343203824411N12205102WA007900083289
B2343213824415N12205096WA007900083197
B2343223824420N12205090WA007890083008
B2343233824424N12205084WA007890083037
B2343243824428N12205078WA007880082950
B2343253824432N12205071WA007870082930
B2343263824435N12205064WA007870082991
B2343273824439N12205057WA007860082843
B2343283824443N12205050WA007860082803
B2343293824446N12205042WA007860082758
B2343303824450N12205034WA007860082639
B2343313824453N12205027WA007850082642
B2343323824456N12205019WA007850082676
B2343333824459N12205012WA007840082682
B2343343824463N12205004WA007840082518
B2343353824466N12204997WA007830082463
B2343363824470N12204989WA007820082365
B2343373824474N12204981WA007810082247
B2343383824478N12204974WA007800082201
B2343393824481N12204966WA007800082268
B2343403824485N12204959WA007800082246
B2343413824489N12204953WA007800082210
B2343423824492N12204946WA007800082274
B2343433824496N12204939WA007800082238
B2343443824499N12204933WA007800082290
B2343453824503N12204926WA007800082274
B2343463824507N12204919WA007800082168
B2343473824511N12204913WA007800082041
B2343483824515N12204906WA007790081944
B2343493824519N12204899WA007780081826
B2343503824522N12204892WA007770081798
B2343513824526N12204885WA007760081625
B2343523824529N12204878WA007740081403
B2343533824531N12204871WA007730081288
B2343543824535N12204865WA007710081028
B2343553824539N12204859WA007690080859
B2343563824544N12204854WA007670080546
B2343573824548N12204848WA007640080389
B2343583824553N12204843WA007620080031
B2343593824558N12204837WA007600079720
B2344003824563N12204831WA007570079681
B2344013824569N12204825WA007540079527
B2344023824574N12204820WA007530079406
B2344033824578N12204815WA007530079258
B2344043824583N12204810WA007520079018
B2344053824587N12204805WA007500078784
B2344063824593N12204799WA007480078514
B2344073824598N12204793WA007460078332
B2344083824603N12204787WA007440078242
B2344093824608N12204781WA007430078247
B2344103824613N12204776WA007420078122
B2344113824617N12204770WA007410078084
B2344123824622N12204764WA007400077931
B2344133824626N12204757WA007380077857
B2344143824630N12204751WA007370077669
B2344153824634N12204746WA007360077537
B2344163824638N12204740WA007340077268
B2344173824643N12204734WA007320077121
B2344183824648N12204726WA007310077029
B2344193824652N12204719WA007290077097
B2344203824657N12204713WA007280077031
B2344213824661N12204707WA007290077052
B2344223824665N12204701WA007280076925
B2344233824669N12204695WA007280076602
B2344243824672N12204688WA007270076396
B2344253824676N12204681WA007250076194
B2344263824681N12204674WA007230076014
B2344273824685N12204667WA007210075844
B2344283824689N12204660WA007200075815
B2344293824692N12204654WA007180075791
B2344303824696N12204647WA007170075567
B2344313824700N12204641WA007150075340
B2344323824704N12204634WA007130075230
B2344333824708N12204627WA007120075102
B2344343824711N12204620WA007110075063
B2344353824714N12204613WA007110074989
B2344363824718N12204607WA007110074817
B2344373824721N12204601WA007100074743
B2344383824724N12204594WA007090074585
B2344393824728N12204587WA007080074442
B2344403824732N12204580WA007060074353
B2344413824736N12204573WA007050074278
B2344423824740N12204567WA007040074284
B2344433824744N12204560WA007030074187
B2344443824748N12204553WA007020074088
B2344453824752N12204547WA007010073970
B2344463824756N12204540WA007000073992
B2344473824760N12204533WA007000073886
B2344483824764N12204527WA006990073742
B2344493824768N12204520WA006980073504
B2344503824771N12204513WA006970073351
B2344513824775N12204505WA006950073204
B2344523824778N12204497WA006940073146
B2344533824782N12204489WA006930073018
B2344543824785N12204482WA006920073071
B2344553824789N12204474WA006910072907
B2344563824791N12204467WA006900072784
B2344573824795N12204460WA006890072511
B2344583824798N12204452WA006880072368
B2344593824802N12204445WA006860072199
B2345003824807N12204439WA006850072030
B2345013824811N12204432WA006830072132
B2345023824814N12204425WA006830072188
B2345033824818N12204420WA006830072113
B2345043824821N12204415WA006830071942
B2345053824824N12204409WA006820071787
B2345063824828N12204403WA006810071546
B2345073824832N12204397WA006800071431
B2345083824836N12204390WA006780071347
B2345093824840N12204384WA006770071274
B2345103824845N12204378WA006750071201
B2345113824849N12204372WA006740071203
B2345123824853N12204366WA006740071226
B2345133824857N12204360WA006740071189
B2345143824862N12204355WA006740071076
B2345153824867N12204350WA006730070974
B2345163824872N12204345WA006720070973
B2345173824877N12204340WA006720070858
B2345183824882N12204336WA006710070826
B2345193824886N12204332WA006710070783
B2345203824891N12204327WA006700070438
B2345213824895N12204322WA006680070295
B2345223824900N12204317WA006660069960
B2345233824905N12204311WA006640069730
B2345243824909N12204305WA006620069681
B2345253824914N12204299WA006600069522
B2345263824918N12204294WA006580069560
B2345273824923N12204289WA006570069403
B2345283824927N12204284WA006560069348
B2345293824931N12204280WA006540069060
B2345303824935N12204274WA006530068865
B2345313824939N12204268WA006510068555
B2345323824943N12204262WA006480068250
B2345333824947N12204255WA006460068025
B2345343824950N12204248WA006430067778
B2345353824954N12204242WA006410067533
B2345363824957N12204236WA006380067391
B2345373824961N12204229WA006360067169
B2345383824965N12204223WA006340066827
B2345393824968N12204217WA006310066671
B2345403824972N12204210WA006290066302
B2345413824974N12204202WA006270066289
B2345423824977N12204195WA006260066168
B2345433824980N12204188WA006260066028
B2345443824982N12204181WA006250065979
B2345453824985N12204175WA006240065801
B2345463824987N12204168WA006230065634
B2345473824989N12204161WA006210065468
B2345483824992N12204155WA006200065214
B2345493824994N12204148WA006180065148
B2345503824996N12204141WA006170065068
B2345513824998N12204134WA006160065179
B2345523825000N12204129WA006160065171
B2345533825002N12204123WA006160065168
B2345543825004N12204118WA006150064946
B2345553825007N12204113WA006140064700
B2345563825010N12204107WA006120064544
B2345573825013N12204101WA006110064569
B2345583825015N12204097WA006100064692
B2345593825017N12204092WA006090064657
B2346003825018N12204088WA006090064471
B2346013825019N12204082WA006090064369
B2346023825021N12204076WA006080064209
B2346033825023N12204071WA006080064235
B2346043825026N12204066WA006070064324
B2346053825029N12204061WA006080064508
B2346063825031N12204057WA006090064741
B2346073825033N12204052WA006110064814
B2346083825034N12204047WA006120064918
B2346093825035N12204043WA006140064900
B2346103825035N12204038WA006150065072
B2346113825036N12204033WA006160065032
B2346123825036N12204028WA006160065182
B2346133825037N12204023WA006170065246
B2346143825038N12204019WA006190065320
B2346153825038N12204014WA006200065584
B2346163825039N12204010WA006210065730
B2346173825039N12204005WA006230065769
B2346183825039N12204001WA006240065899
B2346193825040N12203997WA006240065789
B2346203825042N12203993WA006230065614
B2346213825043N12203988WA006230065771
B2346223825045N12203983WA006230065900
B2346233825046N12203978WA006240066048
B2346243825047N12203975WA006240066255
B2346253825048N12203971WA006250066265
B2346263825049N12203966WA006260066258
B2346273825050N12203961WA006260066228
B2346283825051N12203957WA006260066201
B2346293825052N12203952WA006260066226
B2346303825053N12203948WA006260066214
B2346313825054N12203944WA006260066203
B2346323825055N12203940WA006260066241
B2346333825056N12203936WA006260066171
B2346343825057N12203932WA006260066092
B2346353825058N12203927WA006250065818
B2346363825057N12203923WA006240065731
B2346373825056N12203917WA006230065559
B2346383825056N12203912WA006210065463
B2346393825057N12203906WA006200065328
B2346403825058N12203900WA006180065207
B2346413825058N12203894WA006170065127
B2346423825058N12203888WA006160065016
B2346433825058N12203882WA006150064925
B2346443825058N12203876WA006140064918
B2346453825057N12203870WA006130064897
B2346463825057N12203864WA006120064662
B2346473825057N12203857WA006110064627
B2346483825056N12203851WA006100064655
B2346493825055N12203845WA006100064685
B2346503825055N12203839WA006100064527
B2346513825054N12203834WA006100064551
B2346523825053N12203828WA006100064394
B2346533825053N12203822WA006090064215
B2346543825052N12203816WA006080064144
B2346553825051N12203810WA006070064062
B2346563825051N12203804WA006060064000
B2346573825050N12203798WA006050063925
B2346583825049N12203793WA006040063840
B2346593825048N12203786WA006030063789
B2347003825048N12203780WA006020063517
B2347013825047N12203774WA006010063353
B2347023825047N12203767WA005990063216
B2347033825046N12203760WA005980063279
B2347043825046N12203755WA005970063230
B2347053825045N12203749WA005980063293
B2347063825045N12203743WA005980063266
B2347073825045N12203738WA005980063120
B2347083825044N12203732WA005970063084
B2347093825044N12203726WA005970063087
B2347103825045N12203721WA005970062913
B2347113825045N12203716WA005960062930
B2347123825045N12203710WA005960062957
B2347133825045N12203705WA005960062982
B2347143825045N12203699WA005950062999
B2347153825045N12203694WA005950062995
B2347163825045N12203689WA005940062870
B2347173825045N12203683WA005940062855
B2347183825045N12203677WA005940062828
B2347193825045N12203672WA005930062812
B2347203825045N12203666WA005930062817
B2347213825044N12203661WA005930062897
B2347223825044N12203656WA005930062864
B2347233825044N12203651WA005930062722
B2347243825043N12203645WA005930062697
B2347253825043N12203640WA005920062560
B2347263825043N12203634WA005910062431
B2347273825043N12203628WA005900062415
B2347283825042N12203623WA005890062394
B2347293825042N12203618WA005880062193
B2347303825042N12203612WA005870062078
B2347313825042N12203607WA005860061920
B2347323825041N12203600WA005850061959
B2347333825041N12203594WA005840061819
B2347343825040N12203589WA005830061797
B2347353825040N12203584WA005820061592
B2347363825041N12203578WA005800061327
B2347373825041N12203572WA005780061168
B2347383825041N12203567WA005770061083
B2347393825042N12203562WA005750060915
B2347403825042N12203558WA005740060721
B2347413825041N12203553WA005720060594
B2347423825041N12203547WA005700060449
B2347433825040N12203542WA005690060381
B2347443825040N12203536WA005680060246
B2347453825040N12203531WA005680060145
B2347463825040N12203526WA005670060062
B2347473825040N12203520WA005670059932
B2347483825039N12203513WA005660059869
B2347493825038N12203508WA005650059981
B2347503825038N12203502WA005650059917
B2347513825037N12203498WA005650059861
B2347523825036N12203492WA005650059799
B2347533825035N12203487WA005640059683
B2347543825035N12203481WA005630059502
B2347553825034N12203475WA005620059421
B2347563825033N12203469WA005610059483
B2347573825033N12203463WA005600059377
B2347583825033N12203458WA005600059372
B2347593825033N12203452WA005600059254
B2348003825033N12203446WA005600059226
B2348013825033N12203440WA005590059126
B2348023825033N12203434WA005590059127
B2348033825033N12203429WA005590059142
B2348043825033N12203423WA005580059064
B2348053825033N12203417WA005570058976
B2348063825034N12203411WA005560058843
B2348073825034N12203405WA005550058782
B2348083825034N12203398WA005530058649
B2348093825034N12203393WA005520058601
B2348103825034N12203387WA005510058526
B2348113825034N12203382WA005500058464
B2348123825035N12203377WA005490058362
B2348133825036N12203371WA005480058167
B2348143825037N12203365WA005470057977
B2348153825038N12203359WA005450057763
B2348163825038N12203352WA005430057599
B2348173825037N12203346WA005410057588
B2348183825035N12203341WA005400057417
B2348193825031N12203338WA005380057221
B2348203825026N12203335WA005360057064
B2348213825021N12203333WA005350056996
B2348223825017N12203332WA005350056841
B2348233825013N12203330WA005350056653
B2348243825009N12203328WA005340056481
B2348253825005N12203325WA005320056187
B2348263825001N12203323WA005300055722
B2348273824995N12203320WA005270055276
B2348283824988N12203318WA005230054994
B2348293824982N12203316WA005190054713
B2348303824975N12203314WA005160054750
B2348313824969N12203311WA005130054685
B2348323824964N12203309WA005110054572
B2348333824959N12203307WA005110054372
B2348343824954N12203305WA005100054063
B2348353824949N12203302WA005090053748
B2348363824943N12203299WA005070053498
B2348373824938N12203296WA005040053157
B2348383824932N12203293WA005010052876
B2348393824926N12203290WA004980052477
B2348403824920N12203287WA004950052127
B2348413824913N12203284WA004910051845
B2348423824906N12203281WA004880051682
B2348433824900N12203277WA004850051457
B2348443824894N12203274WA004820051254
B2348453824888N12203271WA004810051071
B2348463824883N12203268WA004800050820
B2348473824877N12203264WA004780050526
B2348483824870N12203260WA004760050389
B2348493824864N12203257WA004740050104
B2348503824857N12203254WA004720050010
B2348513824850N12203250WA004710050068
B2348523824844N12203247WA004710050043
B2348533824838N12203243WA004700049969
B2348543824833N12203240WA004700049702
B2348553824827N12203236WA004690049651
B2348563824821N12203231WA004670049479
B2348573824815N12203228WA004660049372
B2348583824809N12203224WA004650049259
B2348593824803N12203221WA004640049138
B2349003824797N12203218WA004630049158
B2349013824791N12203216WA004620049063
B2349023824785N12203214WA004620048940
B2349033824778N12203212WA004620048892
B2349043824771N12203210WA004610048776
B2349053824764N12203209WA004600048635
B2349063824757N12203208WA004590048655
B2349073824750N12203207WA004580048698
B2349083824744N12203207WA004570048462
B2349093824738N12203207WA004560048301
B2349103824730N12203207WA004550048388
B2349113824723N12203209WA004540048382
B2349123824717N12203210WA004540048313
B2349133824710N12203210WA004540048386
B2349143824704N12203210WA004540048353
B2349153824698N12203209WA004550048328
B2349163824691N12203209WA004550048593
B2349173824685N12203208WA004560048698
B2349183824680N12203208WA004570048935
B2349193824675N12203208WA004580049114
B2349203824670N12203208WA004610049465
B2349213824666N12203208WA004630049546
B2349223824662N12203208WA004650049615
B2349233824657N12203207WA004670049769
B2349243824652N12203207WA004690049885
B2349253824647N12203207WA004700049980
B2349263824642N12203206WA004720050165
B2349273824638N12203205WA004730050319
B2349283824633N12203205WA004750050582
B2349293824630N12203204WA004760050523
B2349303824626N12203202WA004770050467
B2349313824623N12203199WA004760050398
B2349323824622N12203195WA004760050160
B2349333824624N12203188WA004740050027
B2349343824627N12203183WA004730050180
B2349353824632N12203180WA004730050490
B2349363824636N12203179WA004740050642
B2349373824639N12203179WA004750050782
B2349383824643N12203179WA004760050738
B2349393824647N12203181WA004760050570
B2349403824652N12203184WA004750050346
B2349413824656N12203190WA004740050270
B2349423824659N12203196WA004730050484
B2349433824661N12203202WA004740050687
B2349443824663N12203208WA004750050984
B2349453824665N12203213WA004770051070
B2349463824667N12203217WA004790051295
B2349473824671N12203221WA004810051212
B2349483824675N12203223WA004820051293
B2349493824681N12203223WA004830051208
B2349503824685N12203221WA004830051377
B2349513824690N12203217WA004840051504
B2349523824691N12203212WA004850051795
B2349533824692N12203207WA004860051833
B2349543824691N12203202WA004870052050
B2349553824690N12203197WA004890052413
B2349563824688N12203193WA004920052605
B2349573824684N12203191WA004940052834
B2349583824679N12203190WA004970052855
B2349593824674N12203191WA004990053075
B2350003824670N12203194WA005010053131
B2350013824667N12203197WA005020053375
B2350023824665N12203202WA005040053452
B2350033824664N12203208WA005060053521
B2350043824664N12203214WA005060053657
B2350053824667N12203220WA005060053606
B2350063824671N12203225WA005070053643
B2350073824676N12203228WA005070053786
B2350083824683N12203228WA005070053903
B2350093824687N12203225WA005080054045
B2350103824690N12203221WA005090054081
B2350113824692N12203215WA005110054291
B2350123824693N12203209WA005120054500
B2350133824692N12203203WA005140054822
B2350143824689N12203199WA005170055089
B2350153824685N12203199WA005190055191
B2350163824681N12203199WA005210055287
B2350173824677N12203201WA005230055367
B2350183824674N12203205WA005240055403
B2350193824671N12203211WA005250055532
B2350203824670N12203218WA005250055676
B2350213824671N12203225WA005260055728
B2350223824673N12203231WA005270055948
B2350233824677N12203235WA005290056174
B2350243824682N12203237WA005300056281
B2350253824688N12203236WA005320056328
B2350263824693N12203234WA005330056345
B2350273824697N12203230WA005330056375
B2350283824701N12203225WA005330056412
B2350293824703N12203219WA005340056532
B2350303824704N12203213WA005340056640
B2350313824703N12203206WA005350056797
B2350323824702N12203201WA005360057073
B2350333824701N12203197WA005380057205
B2350343824698N12203194WA005390057338
B2350353824695N12203192WA005410057373
B2350363824692N12203189WA005420057319
B2350373824687N12203187WA005420057484
B2350383824683N12203184WA005420057459
B2350393824679N12203182WA005420057432
B2350403824675N12203179WA005420057474
B2350413824672N12203176WA005430057534
B2350423824669N12203173WA005430057608
B2350433824665N12203172WA005440057751
B2350443824661N12203171WA005450057775
B2350453824657N12203171WA005450057758
B2350463824653N12203173WA005460057815
B2350473824649N12203176WA005460057925
B2350483824646N12203180WA005470058016
B2350493824643N12203185WA005480058098
B2350503824642N12203191WA005480058055
B2350513824641N12203197WA005480058059
B2350523824639N12203204WA005470057964
B2350533824636N12203210WA005470057911
B2350543824631N12203214WA005460057967
B2350553824627N12203218WA005460058001
B2350563824622N12203220WA005470058197
B2350573824619N12203222WA005480058215
B2350583824615N12203223WA005490058248
B2350593824611N12203225WA005490058232
B2351003824606N12203226WA005490058187
B2351013824602N12203228WA005490058202
B2351023824597N12203229WA005490058366
B2351033824593N12203231WA005500058561
B2351043824589N12203232WA005510058666
B2351053824585N12203234WA005520058624
B2351063824580N12203236WA005520058686
B2351073824575N12203239WA005530058781
B2351083824570N12203241WA005530058882
B2351093824565N12203242WA005540058997
B2351103824561N12203244WA005550059030
B2351113824556N12203245WA005560059083
B2351123824552N12203246WA005570059038
B2351133824547N12203248WA005570059152
B2351143824542N12203249WA005580059195
B2351153824538N12203251WA005590059272
B2351163824534N12203254WA005600059235
B2351173824530N12203259WA005600059363
B2351183824528N12203265WA005610059475
B2351193824528N12203272WA005610059631
B2351203824530N12203279WA005610059726
B2351213824534N12203285WA005600059688
B2351223824540N12203288WA005600059579
B2351233824546N12203288WA005600059624
B2351243824550N12203286WA005600059733
B2351253824553N12203281WA005610059819
B2351263824555N12203277WA005620059700
B2351273824555N12203271WA005620059865
B2351283824555N12203266WA005630059812
B2351293824553N12203260WA005640059896
B2351303824552N12203255WA005640059855
B2351313824551N12203250WA005640059923
B2351323824549N12203245WA005650060090
B2351333824548N12203239WA005650060154
B2351343824547N12203233WA005660060109
B2351353824545N12203228WA005670060239
B2351363824543N12203224WA005680060460
B2351373824541N12203219WA005690060574
B2351383824539N12203214WA005710060685
B2351393824538N12203209WA005720060726
B2351403824536N12203204WA005730060829
B2351413824534N12203200WA005740060922
B2351423824532N12203195WA005760061008
B2351433824529N12203192WA005770061272
B2351443824526N12203189WA005780061293
B2351453824523N12203187WA005790061246
B2351463824519N12203187WA005780061105
B2351473824514N12203190WA005780061061
B2351483824511N12203195WA005770060901
B2351493824508N12203201WA005770060977
B2351503824507N12203209WA005760061093
B2351513824509N12203216WA005760061037
B2351523824512N12203223WA005760061012
B2351533824516N12203228WA005760061052
B2351543824522N12203231WA005760061124
B2351553824528N12203233WA005760061114
B2351563824533N12203234WA005770061356
B2351573824538N12203234WA005780061397
B2351583824544N12203233WA005790061418
B2351593824548N12203231WA005800061639
B2352003824552N12203228WA005810061707
B2352013824554N12203224WA005820061775
B2352023824556N12203220WA005830061854
B2352033824557N12203216WA005840061853
B2352043824557N12203211WA005840061855
B2352053824556N12203207WA005830061760
B2352063824553N12203203WA005830061760
B2352073824550N12203200WA005830061717
B2352083824545N12203201WA005830061691
B2352093824541N12203204WA005820061651
B2352103824537N12203207WA005820061646
B2352113824533N12203210WA005820061616
B2352123824528N12203212WA005820061669
B2352133824524N12203215WA005820061621
B2352143824520N12203217WA005830061739
B2352153824516N12203221WA005830061830
B2352163824512N12203224WA005830061835
B2352173824508N12203228WA005830061810
B2352183824504N12203231WA005840061924
B2352193824500N12203234WA005850061928
B2352203824496N12203238WA005850061943
B2352213824492N12203242WA005860062153
B2352223824489N12203246WA005870062209
B2352233824486N12203252WA005880062219
B2352243824484N12203260WA005890062282
B2352253824484N12203268WA005890062262
B2352263824486N12203276WA005890062203
B2352273824489N12203283WA005900062323
B2352283824493N12203288WA005900062470
B2352293824499N12203290WA005910062628
B2352303824504N12203290WA005910062881
B2352313824509N12203288WA005930063024
B2352323824513N12203284WA005940063008
B2352333824515N12203280WA005960063157
B2352343824516N12203275WA005970063146
B2352353824516N12203270WA005980063214
B2352363824514N12203265WA005990063376
B2352373824512N12203262WA006000063510
B2352383824509N12203259WA006010063608
B2352393824505N12203259WA006020063665
B2352403824501N12203260WA006030063666
B2352413824497N12203262WA006030063629
B2352423824493N12203266WA006030063718
B2352433824490N12203272WA006030063817
B2352443824488N12203280WA006030063741
B2352453824488N12203288WA006030063877
B2352463824490N12203296WA006040063955
B2352473824494N12203301WA006040063998
B2352483824500N12203304WA006050064062
B2352493824506N12203304WA006060064159
B2352503824511N12203303WA006070064369
B2352513824516N12203301WA006080064415
B2352523824519N12203298WA006090064540
B2352533824521N12203293WA006100064543
B2352543824523N12203288WA006110064601
B2352553824523N12203283WA006120064710
B2352563824521N12203278WA006130064875
B2352573824518N12203275WA006140064865
B2352583824514N12203273WA006140064998
B2352593824511N12203273WA006140064915
B2353003824507N12203274WA006150065019
B2353013824503N12203278WA006150065003
B2353023824499N12203282WA006150065059
B2353033824497N12203289WA006140064922
B2353043824496N12203296WA006140064905
B2353053824495N12203304WA006140064926
B2353063824495N12203312WA006130064914
B2353073824495N12203320WA006140065181
B2353083824497N12203326WA006150065488
B2353093824501N12203331WA006170065529
B2353103824504N12203335WA006190065698
B2353113824508N12203338WA006200065796
B2353123824513N12203339WA006220065855
B2353133824518N12203338WA006230065855
B2353143824523N12203336WA006230065920
B2353153824526N12203331WA006230066027
B2353163824528N12203326WA006240066231
B2353173824528N12203320WA006250066394
B2353183824528N12203315WA006260066446
B2353193824527N12203311WA006270066535
B2353203824525N12203307WA006280066528
B2353213824522N12203304WA006290066508
B2353223824518N12203303WA006290066527
B2353233824513N12203304WA006290066451
B2353243824508N12203306WA006290066550
B2353253824504N12203309WA006290066557
B2353263824501N12203315WA006290066544
B2353273824500N12203322WA006290066407
B2353283824499N12203330WA006290066377
B2353293824501N12203338WA006290066401
B2353303824503N12203344WA006300066784
B2353313824507N12203348WA006310066849
B2353323824511N12203352WA006330066978
B2353333824516N12203355WA006340067070
B2353343824521N12203355WA006350067197
B2353353824526N12203354WA006360067259
B2353363824531N12203352WA006370067213
B2353373824534N12203348WA006380067293
B2353383824537N12203343WA006390067222
B2353393824537N12203337WA006400067308
B2353403824535N12203333WA006400067431
B2353413824532N12203330WA006410067532
B2353423824528N12203329WA006420067620
B2353433824523N12203329WA006420067674
B2353443824519N12203332WA006420067641
B2353453824515N12203337WA006420067633
B2353463824513N12203344WA006420067605
B2353473824512N12203352WA006420067773
B2353483824514N12203359WA006420067945
B2353493824516N12203365WA006440068185
B2353503824520N12203370WA006450068303
B2353513824523N12203374WA006470068493
B2353523824528N12203377WA006480068500
B2353533824532N12203378WA006490068551
B2353543824537N12203377WA006500068541
B2353553824541N12203373WA006490068597
B2353563824544N12203368WA006490068574
B2353573824546N12203362WA006490068622
B2353583824545N12203356WA006500068784
B2353593824545N12203351WA006510068903
B2354003824544N12203347WA006520068911
B2354013824543N12203343WA006530068900
B2354023824541N12203339WA006540069051
B2354033824539N12203335WA006540069082
B2354043824537N12203331WA006540069039
B2354053824533N12203330WA006540069080
B2354063824529N12203330WA006540069033
B2354073824524N12203333WA006540069091
B2354083824520N12203337WA006530069078
B2354093824517N12203343WA006540069086
B2354103824515N12203349WA006540069145
B2354113824513N12203355WA006540069185
B2354123824513N12203362WA006540069103
B2354133824513N12203369WA006550069127
B2354143824514N12203377WA006550069004
B2354153824515N12203385WA006550069162
B2354163824517N12203391WA006550069287
B2354173824521N12203397WA006560069320
B2354183824525N12203401WA006560069446
B2354193824529N12203405WA006570069564
B2354203824534N12203408WA006580069623
B2354213824539N12203410WA006590069610
B2354223824544N12203410WA006600069749
B2354233824549N12203410WA006600069877
B2354243824554N12203408WA006610069869
B2354253824559N12203406WA006620070077
B2354263824563N12203403WA006630070186
B2354273824566N12203399WA006640070255
B2354283824568N12203394WA006650070336
B2354293824569N12203389WA006670070325
B2354303824568N12203384WA006670070474
B2354313824566N12203379WA006680070478
B2354323824563N12203376WA006680070584
B2354333824560N12203374WA006690070633
B2354343824556N12203373WA006690070631
B2354353824552N12203373WA006690070521
B2354363824547N12203374WA006690070540
B2354373824542N12203376WA006690070593
B2354383824539N12203380WA006690070601
B2354393824535N12203385WA006690070683
B2354403824533N12203391WA006700070667
B2354413824532N12203398WA006700070657
B2354423824532N12203406WA006700070661
B2354433824534N12203413WA006700070655
B2354443824538N12203419WA006700070617
B2354453824542N12203425WA006700070622
B2354463824546N12203429WA006700070797
B2354473824552N12203432WA006700070716
B2354483824557N12203434WA006700070762
B2354493824562N12203433WA006710070787
B2354503824567N12203430WA006710070858
B2354513824570N12203426WA006720071096
B2354523824573N12203421WA006730071133
B2354533824574N12203415WA006740071208
B2354543824573N12203410WA006750071314
B2354553824571N12203405WA006760071409
B2354563824567N12203402WA006770071584
B2354573824564N12203400WA006790071605
B2354583824559N12203400WA006790071656
B2354593824554N12203402WA006790071690
B2355003824550N12203405WA006790071683
B2355013824547N12203410WA006790071652
B2355023824544N12203416WA006790071632
B2355033824542N12203423WA006790071640
B2355043824541N12203430WA006790071782
B2355053824543N12203437WA006790071766
B2355063824546N12203444WA006790071695
B2355073824551N12203450WA006790071605
B2355083824556N12203455WA006790071713
B2355093824561N12203458WA006800071815
B2355103824566N12203460WA006800071925
B2355113824570N12203460WA006810072069
B2355123824575N12203460WA006820071921
B2355133824579N12203457WA006820072010
B2355143824582N12203453WA006820072081
B2355153824585N12203448WA006830072065
B2355163824587N12203443WA006830072163
B2355173824588N12203437WA006830072186
B2355183824589N12203431WA006830072139
B2355193824589N12203426WA006840072285
B2355203824590N12203420WA006840072239
B2355213824590N12203415WA006850072283
B2355223824591N12203410WA006850072303
B2355233824590N12203405WA006860072337
B2355243824589N12203401WA006860072323
B2355253824587N12203397WA006870072320
B2355263824584N12203393WA006870072395
B2355273824581N12203391WA006870072331
B2355283824577N12203389WA006870072347
B2355293824573N12203389WA006870072324
B2355303824568N12203389WA006860072366
B2355313824563N12203389WA006860072382
B2355323824559N12203388WA006860072424
B2355333824554N12203387WA006870072495
B2355343824550N12203386WA006870072555
B2355353824546N12203386WA006880072621
B2355363824542N12203385WA006890072618
B2355373824537N12203385WA006900072663
B2355383824532N12203384WA006900072675
B2355393824527N12203383WA006900072686
B2355403824523N12203382WA006900072705
B2355413824518N12203381WA006910072967
B2355423824514N12203381WA006920072953
B2355433824510N12203381WA006920072921
B2355443824505N12203381WA006930072952
B2355453824500N12203381WA006940073081
B2355463824496N12203380WA006940073028
B2355473824491N12203380WA006940073084
B2355483824487N12203380WA006940072961
B2355493824483N12203379WA006940072918
B2355503824478N12203379WA006930072876
B2355513824474N12203379WA006930072816
B2355523824469N12203379WA006920072729
B2355533824464N12203380WA006910072643
B2355543824459N12203380WA006910072665
B2355553824455N12203380WA006900072601
B2355563824450N12203379WA006890072673
B2355573824446N12203378WA006890072558
B2355583824442N12203378WA006880072502
B2355593824437N12203377WA006870072334
B2356003824432N12203376WA006860072273
B2356013824428N12203375WA006850072223
B2356023824424N12203374WA006850072206
B2356033824419N12203374WA006850072291
B2356043824415N12203373WA006840072185
B2356053824411N12203372WA006840072056
B2356063824407N12203371WA006830071915
B2356073824402N12203371WA006820071871
B2356083824398N12203370WA006810071784
B2356093824395N12203368WA006800071545
B2356103824391N12203365WA006790071395
B2356113824388N12203361WA006770071165
B2356123824384N12203358WA006760071171
B2356133824380N12203355WA006740071145
B2356143824376N12203353WA006730071134
B2356153824372N12203351WA006730071196
B2356163824369N12203350WA006730071071
B2356173824366N12203348WA006730070975
B2356183824363N12203346WA006720070672
B2356193824360N12203343WA006710070431
B2356203824356N12203339WA006690070270
B2356213824353N12203334WA006670070197
B2356223824351N12203330WA006660070086
B2356233824350N12203326WA006640069913
B2356243824348N12203321WA006630069863
B2356253824347N12203316WA006610069622
B2356263824345N12203310WA006600069475
B2356273824343N12203304WA006580069398
B2356283824341N12203299WA006570069393
B2356293824340N12203294WA006560069210
B2356303824338N12203289WA006560069260
B2356313824336N12203284WA006560069194
B2356323824335N12203279WA006550068908
B2356333824332N12203274WA006540068696
B2356343824331N12203268WA006520068524
B2356353824329N12203261WA006500068484
B2356363824328N12203255WA006480068490
B2356373824328N12203249WA006470068463
B2356383824328N12203243WA006460068359
B2356393824328N12203238WA006450068233
B2356403824328N12203232WA006440068006
B2356413824327N12203226WA006430067977
B2356423824327N12203220WA006410067838
B2356433824326N12203214WA006400067799
B2356443824326N12203209WA006390067651
B2356453824326N12203203WA006380067414
B2356463824325N12203197WA006360067273
B2356473824325N12203191WA006350067140
B2356483824325N12203184WA006330066916
B2356493824324N12203178WA006320066883
B2356503824324N12203172WA006310066750
B2356513824324N12203165WA006300066637
B2356523824324N12203159WA006280066424
B2356533824324N12203152WA006270066219
B2356543824323N12203146WA006260066170
B2356553824323N12203139WA006240066093
B2356563824324N12203132WA006230065924
B2356573824325N12203126WA006220065900
B2356583824325N12203120WA006220065880
B2356593824326N12203114WA006210065773
B2357003824327N12203108WA006210065695
B2357013824328N12203102WA006200065594
B2357023824330N12203096WA006190065302
B2357033824331N12203090WA006180065200
B2357043824332N12203083WA006170065109
B2357053824332N12203077WA006160065088
B2357063824333N12203071WA006140064887
B2357073824334N12203065WA006130064687
B2357083824335N12203059WA006110064489
B2357093824336N12203054WA006090064340
B2357103824336N12203048WA006070064183
B2357113824337N12203042WA006060064034
B2357123824337N12203036WA006040063853
B2357133824337N12203030WA006020063662
B2357143824337N12203023WA006010063559
B2357153824337N12203017WA006000063434
B2357163824337N12203011WA006000063441
B2357173824337N12203005WA006000063481
B2357183824338N12202999WA005990063301
B2357193824338N12202993WA005990063334
B2357203824338N12202987WA005990063186
B2357213824339N12202981WA005980063037
B2357223824339N12202975WA005970062945
B2357233824339N12202969WA005950062841
B2357243824339N12202963WA005940062822
B2357253824339N12202957WA005940062735
B2357263824339N12202951WA005930062555
B2357273824339N12202945WA005920062475
B2357283824340N12202939WA005900062201
B2357293824340N12202932WA005890062145
B2357303824340N12202926WA005880062073
B2357313824341N12202920WA005870061913
B2357323824341N12202914WA005860061865
B2357333824342N12202908WA005840061627
B2357343824342N12202902WA005830061468
B2357353824342N12202896WA005820061384
B2357363824343N12202889WA005800061219
B2357373824343N12202883WA005790061135
B2357383824343N12202877WA005770061044
B2357393824343N12202871WA005760060831
B2357403824343N12202864WA005750060728
B2357413824343N12202858WA005740060665
B2357423824344N12202852WA005730060541
B2357433824345N12202846WA005720060412
B2357443824345N12202840WA005710060474
B2357453824346N12202834WA005710060384
B2357463824348N12202828WA005710060313
B2357473824349N12202822WA005710060364
B2357483824350N12202816WA005710060397
B2357493824352N12202811WA005710060330
B2357503824354N12202805WA005710060303
B2357513824355N12202799WA005700060296
B2357523824358N12202794WA005700060230
B2357533824361N12202788WA005700060215
B2357543824364N12202783WA005690060232
B2357553824367N12202778WA005690060241
B2357563824370N12202773WA005700060354
B2357573824373N12202769WA005700060392
B2357583824377N12202765WA005710060441
B2357593824380N12202760WA005710060499
B2358003824384N12202756WA005720060343
B2358013824387N12202751WA005710060364
B2358023824390N12202745WA005710060469
B2358033824393N12202739WA005710060448
B2358043824396N12202733WA005710060518
B2358053824398N12202728WA005720060674
B2358063824401N12202723WA005730060635
B2358073824404N12202718WA005730060617
B2358083824406N12202713WA005740060658
B2358093824409N12202708WA005730060543
B2358103824412N12202702WA005730060446
B2358113824415N12202697WA005730060541
B2358123824418N12202691WA005730060529
B2358133824420N12202687WA005730060692
B2358143824423N12202682WA005740060683
B2358153824426N12202677WA005740060636
B2358163824428N12202672WA005740060547
B2358173824430N12202667WA005740060565
B2358183824432N12202662WA005740060461
B2358193824434N12202656WA005730060478
B2358203824437N12202651WA005730060313
B2358213824439N12202645WA005720060257
B2358223824441N12202640WA005710060290
B2358233824444N12202634WA005710060205
B2358243824445N12202628WA005700060287
B2358253824447N12202622WA005700060258
B2358263824449N12202617WA005700060210
B2358273824450N12202611WA005700060394
B2358283824452N12202606WA005700060291
B2358293824454N12202600WA005700060285
B2358303824456N12202594WA005690060178
B2358313824458N12202588WA005690060079
B2358323824460N12202582WA005680059969
B2358333824462N12202576WA005670059849
B2358343824464N12202570WA005660059828
B2358353824466N12202564WA005660059709
B2358363824467N12202559WA005650059754
B2358373824469N12202553WA005640059728
B2358383824470N12202548WA005640059690
B2358393824472N12202541WA005640059569
B2358403824474N12202535WA005630059505
B2358413824474N12202529WA005630059597
B2358423824476N12202524WA005630059423
B2358433824477N12202518WA005620059339
B2358443824478N12202513WA005620059190
B2358453824480N12202507WA005600059060
B2358463824482N12202501WA005590058911
B2358473824483N12202495WA005580058945
B2358483824484N12202490WA005570058873
B2358493824485N12202485WA005560058790
B2358503824487N12202479WA005550058507
B2358513824487N12202473WA005530058497
B2358523824488N12202467WA005520058388
B2358533824490N12202462WA005500058221
B2358543824491N12202456WA005490058289
B2358553824493N12202452WA005490058121
B2358563824494N12202447WA005480058023
B2358573824495N12202442WA005470057820
B2358583824496N12202436WA005460057630
B2358593824497N12202429WA005440057477
B2359003824499N12202423WA005430057320
B2359013824500N12202417WA005410057350
B2359023824501N12202411WA005410057388
B2359033824503N12202406WA005420057419
B2359043824504N12202402WA005420057345
B2359053824505N12202398WA005420057381
B2359063824507N12202392WA005420057259
B2359073824509N12202387WA005410057122
B2359083824510N12202381WA005400057190
B2359093824512N12202374WA005400057249
B2359103824514N12202369WA005410057417
B2359113824515N12202365WA005420057563
B2359123824517N12202361WA005430057412
B2359133824519N12202356WA005430057315
B2359143824522N12202351WA005430057228
B2359153824525N12202347WA005420057292
B2359163824529N12202342WA005410057158
B2359173824532N12202337WA005410057049
B2359183824534N12202333WA005400057062
B2359193824536N12202328WA005390056894
B2359203824539N12202323WA005370056644
B2359213824542N12202318WA005360056412
B2359223824544N12202312WA005340056369
B2359233824547N12202308WA005330056200
B2359243824549N12202303WA005310056060
B2359253824552N12202297WA005300055949
B2359263824555N12202292WA005280055821
B2359273824557N12202286WA005270055851
B2359283824559N12202280WA005270055830
B2359293824561N12202274WA005280055914
B2359303824563N12202268WA005280055809
B2359313824564N12202263WA005280055883
B2359323824566N12202257WA005270055745
B2359333824567N12202251WA005270055767
B2359343824568N12202246WA005270055691
B2359353824570N12202240WA005260055667
B2359363824572N12202235WA005250055544
B2359373824573N12202230WA005250055494
B2359383824574N12202225WA005240055388
B2359393824575N12202220WA005230055196
B2359403824577N12202215WA005210054851
B2359413824579N12202208WA005190054668
B2359423824581N12202201WA005170054647
B2359433824582N12202194WA005150054628
B2359443824582N12202188WA005150054733
B2359453824582N12202183WA005160054790
B2359463824584N12202177WA005160054736
B2359473824585N12202171WA005170054658
B2359483824586N12202165WA005170054636
B2359493824587N12202158WA005160054508
B2359503824588N12202152WA005160054502
B2359513824588N12202145WA005150054588
B2359523824589N12202139WA005150054546
B2359533824589N12202133WA005140054495
B2359543824590N12202127WA005140054221
B2359553824590N12202120WA005130054187
B2359563824591N12202114WA005130054142
B2359573824591N12202108WA005120054070
B2359583824591N12202101WA005110054095
B2359593824591N12202095WA005100053991
B0000013824592N12202082WA005100053944
B0000023824592N12202076WA005100053940
B0000033824592N12202069WA005100054047
B0000043824592N12202063WA005100054055
B0000053824592N12202057WA005100054193
B0000063824593N12202051WA005110054101
B0000073824593N12202045WA005110054202
B0000083824592N12202039WA005120054255
B0000093824592N12202033WA005120054214
B0000103824591N12202027WA005120054247
B0000113824590N12202022WA005120054250
B0000123824590N12202016WA005130054355
B0000133824591N12202010WA005130054328
B0000143824592N12202005WA005140054442
B0000153824593N12201999WA005150054546
B0000163824594N12201994WA005160054650
B0000173824595N12201988WA005170054705
B0000183824594N12201983WA005180054866
B0000193824592N12201979WA005190054920
B0000203824588N12201975WA005200054952
B0000213824583N12201973WA005200055041
B0000223824578N12201972WA005210055228
B0000233824574N12201975WA005220055403
B0000243824571N12201979WA005240055616
B0000253824569N12201984WA005250055749
B0000263824569N12201990WA005260055739
B0000273824570N12201997WA005270055791
B0000283824573N12202002WA005260055729
B0000293824576N12202007WA005260055797
B0000303824581N12202010WA005260055880
B0000313824586N12202010WA005270055993
B0000323824591N12202008WA005270055997
B0000333824596N12202005WA005280056001
B0000343824598N12202000WA005290056191
B0000353824600N12201994WA005290056220
B0000363824600N12201988WA005300056440
B0000373824599N12201982WA005320056678
B0000383824598N12201978WA005340056852
B0000393824596N12201973WA005360056918
B0000403824592N12201970WA005370057065
B0000413824588N12201969WA005390057002
B0000423824582N12201969WA005400057086
B0000433824577N12201971WA005400057039
B0000443824572N12201975WA005400057130
B0000453824569N12201980WA005400057353
B0000463824569N12201986WA005410057327
B0000473824570N12201994WA005420057325
B0000483824573N12202001WA005420057426
B0000493824577N12202006WA005430057791
B0000503824583N12202007WA005440057813
B0000513824588N12202006WA005450057847
B0000523824593N12202006WA005460057972
B0000533824599N12202007WA005470057944
B0000543824605N12202008WA005470058138
B0000553824610N12202008WA005480058365
B0000563824615N12202005WA005500058515
B0000573824617N12202000WA005510058575
B0000583824618N12201994WA005520058576
B0000593824617N12201988WA005530058563
B0001003824614N12201983WA005530058560
B0001013824609N12201979WA005530058752
B0001023824604N12201978WA005540059079
B0001033824600N12201982WA005560059270
B0001043824598N12201987WA005580059381
B0001053824598N12201993WA005600059454
B0001063824600N12201999WA005620059437
B0001073824603N12202005WA005630059532
B0001083824607N12202009WA005640059606
B0001093824612N12202011WA005650059715
B0001103824617N12202011WA005650059941
B0001113824621N12202007WA005660059978
B0001123824624N12202002WA005670059988
B0001133824626N12201996WA005670059922
B0001143824625N12201989WA005670060059
B0001153824623N12201984WA005680060107
B0001163824618N12201981WA005690060392
B0001173824614N12201980WA005700060411
B0001183824609N12201981WA005710060599
B0001193824606N12201985WA005730060648
B0001203824604N12201991WA005740060761
B0001213824604N12201996WA005760060819
B0001223824605N12202003WA005770060826
B0001233824608N12202009WA005770060948
B0001243824613N12202014WA005770060903
B0001253824618N12202016WA005780061038
B0001263824623N12202016WA005780061288
B0001273824628N12202014WA005790061407
B0001283824631N12202011WA005800061562
B0001293824634N12202007WA005810061511
B0001303824635N12202002WA005820061470
B0001313824635N12201995WA005820061393
B0001323824633N12201989WA005820061481
B0001333824630N12201984WA005820061505
B0001343824625N12201982WA005830061744
B0001353824620N12201982WA005840061954
B0001363824616N12201984WA005850062016
B0001373824612N12201987WA005870062262
B0001383824610N12201990WA005880062408
B0001393824607N12201995WA005900062498
B0001403824607N12202002WA005910062354
B0001413824608N12202010WA005910062321
B0001423824610N12202017WA005910062476
B0001433824614N12202022WA005910062645
B0001443824619N12202025WA005920062771
B0001453824625N12202025WA005930062743
B0001463824630N12202023WA005930062868
B0001473824635N12202020WA005940062954
B0001483824638N12202015WA005950062931
B0001493824640N12202008WA005950062804
B0001503824640N12202001WA005950062967
B0001513824641N12201995WA005950063006
B0001523824640N12201989WA005960063085
B0001533824639N12201983WA005970063198
B0001543824637N12201978WA005970063109
B0001553824632N12201975WA005980063287
B0001563824627N12201974WA005990063367
B0001573824622N12201975WA006000063556
B0001583824618N12201978WA006010063703
B0001593824614N12201981WA006030064068
B0002003824612N12201986WA006040064101
B0002013824609N12201990WA006060064278
B0002023824607N12201996WA006070064371
B0002033824606N12202002WA006090064540
B0002043824605N12202008WA006100064661
B0002053824605N12202014WA006120064833
B0002063824606N12202020WA006140064915
B0002073824607N12202026WA006150065096
B0002083824610N12202032WA006160065195
B0002093824614N12202037WA006180065334
B0002103824618N12202041WA006180065433
B0002113824622N12202044WA006190065465
B0002123824627N12202047WA006190065562
B0002133824633N12202049WA006200065503
B0002143824638N12202051WA006220065752
B0002153824643N12202052WA006230065886
B0002163824648N12202052WA006240065979
B0002173824653N12202052WA006250065841
B0002183824658N12202050WA006250065802
B0002193824662N12202046WA006240065818
B0002203824665N12202041WA006240065753
B0002213824668N12202035WA006230065705
B0002223824669N12202029WA006220065724
B0002233824669N12202023WA006220065752
B0002243824669N12202017WA006220065602
B0002253824668N12202011WA006220065611
B0002263824666N12202005WA006210065463
B0002273824664N12201999WA006210065447
B0002283824661N12201994WA006200065405
B0002293824657N12201989WA006190065334
B0002303824653N12201984WA006190065390
B0002313824650N12201978WA006190065475
B0002323824647N12201974WA006190065500
B0002333824642N12201971WA006190065543
B0002343824637N12201970WA006200065540
B0002353824632N12201969WA006210065739
B0002363824627N12201970WA006220065945
B0002373824623N12201971WA006230066232
B0002383824619N12201972WA006250066471
B0002393824616N12201973WA006280066523
B0002403824612N12201975WA006300066695
B0002413824610N12201978WA006310066636
B0002423824608N12201983WA006330066647
B0002433824606N12201989WA006340066797
B0002443824606N12201996WA006350066895
B0002453824608N12202003WA006350066957
B0002463824611N12202010WA006350066945
B0002473824616N12202016WA006350067011
B0002483824621N12202019WA006360067196
B0002493824627N12202020WA006370067386
B0002503824633N12202019WA006380067536
B0002513824638N12202016WA006400067648
B0002523824642N12202012WA006410067857
B0002533824645N12202007WA006430067953
B0002543824647N12202000WA006440068017
B0002553824647N12201993WA006450068008
B0002563824645N12201987WA006460068108
B0002573824641N12201982WA006460068279
B0002583824637N12201979WA006470068366
B0002593824633N12201978WA006480068522
B0003003824629N12201978WA006490068818
B0003013824625N12201981WA006510069037
B0003023824622N12201986WA006520069066
B0003033824620N12201992WA006530069197
B0003043824620N12201999WA006540069262
B0003053824621N12202005WA006550069278
B0003063824624N12202011WA006550069388
B0003073824629N12202017WA006550069323
B0003083824634N12202021WA006560069451
B0003093824640N12202022WA006560069537
B0003103824645N12202022WA006570069795
B0003113824650N12202020WA006590069897
B0003123824655N12202017WA006600069948
B0003133824659N12202014WA006620069967
B0003143824663N12202009WA006630069848
B0003153824665N12202003WA006630069723
B0003163824665N12201995WA006620069736
B0003173824663N12201987WA006620069889
B0003183824661N12201982WA006620069923
B0003193824657N12201978WA006620070041
B0003203824653N12201975WA006630070000
B0003213824648N12201971WA006640070273
B0003223824645N12201967WA006650070330
B0003233824642N12201962WA006660070638
B0003243824639N12201959WA006680070785
B0003253824636N12201957WA006700070775
B0003263824632N12201956WA006720070669
B0003273824628N12201959WA006720070541
B0003283824625N12201965WA006710070400
B0003293824624N12201972WA006690070399
B0003303824627N12201980WA006680070446
B0003313824631N12201985WA006690070685
B0003323824636N12201987WA006700070868
B0003333824641N12201988WA006710070963
B0003343824646N12201987WA006720070995
B0003353824652N12201985WA006730071087
B0003363824658N12201981WA006740071217
B0003373824661N12201975WA006750071349
B0003383824662N12201969WA006760071348
B0003393824662N12201963WA006780071460
B0003403824662N12201956WA006780071485
B0003413824662N12201950WA006790071574
B0003423824660N12201945WA006800071865
B0003433824657N12201942WA006810071947
B0003443824653N12201941WA006800071827
B0003453824648N12201942WA006800071786
B0003463824645N12201945WA006790071619
B0003473824642N12201950WA006780071578
B0003483824640N12201956WA006770071592
B0003493824639N12201962WA006770071431
B0003503824637N12201967WA006760071454
B0003513824635N12201972WA006760071453
B0003523824634N12201977WA006760071434
B0003533824634N12201983WA006750071352
B0003543824636N12201989WA006750071120
B0003553824639N12201994WA006740071079
B0003563824644N12201999WA006730071068
B0003573824650N12202002WA006730071134
B0003583824656N12202003WA006730071230
B0003593824662N12202001WA006730071318
B0004003824667N12201997WA006740071329
B0004013824670N12201992WA006750071461
B0004023824672N12201985WA006770071577
B0004033824673N12201980WA006780071690
B0004043824673N12201974WA006790071622
B0004053824670N12201969WA006790071475
B0004063824666N12201965WA006780071393
B0004073824662N12201962WA006780071320
B0004083824657N12201960WA006770071441
B0004093824652N12201960WA006780071595
B0004103824650N12201963WA006780071621
B0004113824648N12201967WA006790071624
B0004123824647N12201972WA006790071504
B0004133824646N12201978WA006790071570
B0004143824647N12201984WA006780071476
B0004153824649N12201991WA006770071341
B0004163824651N12201997WA006770071357
B0004173824653N12202003WA006760071379
B0004183824656N12202010WA006760071340
B0004193824659N12202015WA006770071328
B0004203824662N12202021WA006770071360
B0004213824667N12202025WA006770071324
B0004223824672N12202028WA006770071450
B0004233824677N12202028WA006770071598
B0004243824683N12202027WA006770071515
B0004253824687N12202024WA006780071516
B0004263824690N12202020WA006780071443
B0004273824693N12202014WA006770071306
B0004283824694N12202007WA006770071358
B0004293824694N12202000WA006760071336
B0004303824692N12201994WA006760071281
B0004313824690N12201988WA006750071254
B0004323824688N12201982WA006750071238
B0004333824686N12201977WA006750071273
B0004343824685N12201971WA006750071217
B0004353824683N12201966WA006750071161
B0004363824681N12201960WA006740071069
B0004373824678N12201955WA006730070994
B0004383824675N12201950WA006720070752
B0004393824672N12201944WA006710070747
B0004403824670N12201939WA006700070613
B0004413824668N12201934WA006700070672
B0004423824667N12201929WA006690070431
B0004433824665N12201923WA006680070247
B0004443824662N12201917WA006660069979
B0004453824659N12201911WA006640069874
B0004463824657N12201904WA006630069808
B0004473824654N12201898WA006610069764
B0004483824652N12201892WA006600069752
B0004493824650N12201886WA006600069630
B0004503824648N12201880WA006600069621
B0004513824646N12201874WA006600069603
B0004523824643N12201868WA006590069542
B0004533824640N12201861WA006590069634
B0004543824637N12201854WA006590069768
B0004553824635N12201848WA006600069937
B0004563824633N12201843WA006610070063
B0004573824631N12201837WA006610070089
B0004583824629N12201832WA006620069920
B0004593824626N12201825WA006610069848
B0005003824623N12201820WA006610069880
B0005013824621N12201814WA006610069938
B0005023824619N12201810WA006610069814
B0005033824616N12201806WA006600069761
B0005043824614N12201801WA006600069501
B0005053824611N12201795WA006590069429
B0005063824608N12201790WA006580069344
B0005073824605N12201785WA006570069383
B0005083824603N12201780WA006570069467
B0005093824601N12201776WA006570069434
B0005103824599N12201772WA006570069311
B0005113824596N12201767WA006570069279
B0005123824594N12201763WA006560069013
B0005133824591N12201758WA006550068973
B0005143824589N12201753WA006530068721
B0005153824586N12201748WA006520068782
B0005163824584N12201743WA006510068755
B0005173824582N12201739WA006500068732
B0005183824580N12201734WA006510068627
B0005193824578N12201730WA006510068523
B0005203824576N12201725WA006500068504
B0005213824573N12201719WA006500068469
B0005223824571N12201715WA006500068550
B0005233824569N12201710WA006500068555
B0005243824567N12201705WA006490068459
B0005253824565N12201701WA006490068322
B0005263824562N12201696WA006480068271
B0005273824560N12201690WA006470068135
B0005283824557N12201685WA006460068164
B0005293824555N12201680WA006460068024
B0005303824552N12201675WA006450068087
B0005313824550N12201671WA006450068051
B0005323824548N12201666WA006450067903
B0005333824545N12201661WA006440067965
B0005343824543N12201656WA006440067805
B0005353824540N12201651WA006430067846
B0005363824538N12201647WA006430067800
B0005373824535N12201642WA006430067868
B0005383824532N12201638WA006430067795
B0005393824530N12201634WA006430067751
B0005403824528N12201629WA006420067708
B0005413824525N12201625WA006420067645
B0005423824523N12201621WA006420067601
B0005433824520N12201616WA006410067696
B0005443824518N12201612WA006410067582
B0005453824516N12201607WA006400067457
B0005463824514N12201603WA006400067432
B0005473824512N12201598WA006390067437
B0005483824510N12201594WA006380067415
B0005493824508N12201590WA006380067302
B0005503824505N12201585WA006380067267
B0005513824503N12201580WA006370067127
B0005523824500N12201575WA006360067048
B0005533824497N12201571WA006360066941
B0005543824494N12201566WA006350066975
B0005553824492N12201561WA006340066838
B0005563824490N12201557WA006330066711
B0005573824487N12201552WA006320066691
B0005583824485N12201547WA006310066441
B0005593824482N12201542WA006290066250
B0006003824479N12201537WA006280066132
B0006013824476N12201532WA006260066012
B0006023824473N12201527WA006240065822
B0006033824469N12201522WA006230065796
B0006043824466N12201518WA006210065650
B0006053824462N12201512WA006200065599
B0006063824459N12201507WA006190065549
B0006073824456N12201502WA006190065429
B0006083824453N12201497WA006190065357
B0006093824450N12201492WA006190065187
B0006103824447N12201487WA006180064982
B0006113824445N12201481WA006160064814
B0006123824442N12201474WA006150064669
B0006133824440N12201468WA006140064614
B0006143824437N12201462WA006120064583
B0006153824435N12201456WA006110064474
B0006163824433N12201450WA006100064393
B0006173824432N12201444WA006090064200
B0006183824430N12201437WA006070064025
B0006193824428N12201430WA006060063967
B0006203824426N12201423WA006050063898
B0006213824424N12201417WA006040063791
B0006223824422N12201410WA006020063689
B0006233824420N12201405WA006020063592
B0006243824419N12201398WA006010063438
B0006253824417N12201392WA006000063221
B0006263824414N12201385WA005980063253
B0006273824411N12201378WA005970063269
B0006283824408N12201373WA005980063372
B0006293824406N12201367WA005980063345
B0006303824404N12201362WA005980063223
B0006313824402N12201357WA005980063201
B0006323824399N12201351WA005980063066
B0006333824396N12201345WA005970062989
B0006343824394N12201340WA005960062800
B0006353824390N12201334WA005950062782
B0006363824387N12201328WA005940062785
B0006373824384N12201323WA005930062653
B0006383824381N12201318WA005920062514
B0006393824377N12201313WA005920062584
B0006403824374N12201308WA005910062481
B0006413824372N12201302WA005900062309
B0006423824368N12201297WA005890062386
B0006433824365N12201292WA005890062225
B0006443824361N12201287WA005880062286
B0006453824358N12201282WA005880062298
B0006463824356N12201278WA005890062202
B0006473824353N12201273WA005880062216
B0006483824350N12201268WA005880062116
B0006493824347N12201263WA005880062032
B0006503824344N12201258WA005870062062
B0006513824341N12201253WA005870062075
B0006523824338N12201249WA005870062090
B0006533824336N12201244WA005860061906
B0006543824332N12201240WA005860061882
B0006553824329N12201235WA005850061726
B0006563824325N12201230WA005840061669
B0006573824322N12201226WA005830061612
B0006583824318N12201221WA005820061669
B0006593824315N12201217WA005820061538
B0007003824311N12201213WA005820061596
B0007013824308N12201209WA005820061561
B0007023824305N12201204WA005820061414
B0007033824301N12201199WA005810061338
B0007043824297N12201195WA005810061345
B0007053824293N12201191WA005800061345
B0007063824290N12201187WA005800061304
B0007073824286N12201183WA005800061341
B0007083824282N12201179WA005790061260
B0007093824278N12201174WA005790061268
B0007103824274N12201170WA005780061165
B0007113824270N12201166WA005780061160
B0007123824266N12201161WA005780061177
B0007133824263N12201157WA005780061108
B0007143824259N12201154WA005780061113
B0007153824254N12201150WA005780061196
B0007163824250N12201146WA005780061176
B0007173824246N12201142WA005780061184
B0007183824243N12201138WA005780061120
B0007193824240N12201134WA005780061201
B0007203824236N12201130WA005780061276
B0007213824233N12201127WA005780061143
B0007223824229N12201123WA005780061098
B0007233824226N12201120WA005780060932
B0007243824222N12201116WA005770060877
B0007253824219N12201113WA005760060802
B0007263824215N12201109WA005760060767
B0007273824212N12201106WA005750060645
B0007283824208N12201102WA005730060486
B0007293824204N12201098WA005720060295
B0007303824200N12201094WA005710060285
B0007313824196N12201091WA005700060393
B0007323824193N12201089WA005700060324
B0007333824190N12201088WA005700060215
B0007343824186N12201087WA005700060085
B0007353824182N12201085WA005690059891
B0007363824178N12201081WA005680059634
B0007373824173N12201078WA005660059671
B0007383824170N12201075WA005650059734
B0007393824167N12201072WA005650059748
B0007403824164N12201070WA005650059773
B0007413824161N12201067WA005640059564
B0007423824157N12201064WA005630059392
B0007433824153N12201060WA005620059265
B0007443824149N12201056WA005610059265
B0007453824146N12201052WA005600059218
B0007463824143N12201049WA005590059223
B0007473824139N12201046WA005590059192
B0007483824136N12201043WA005580059034
B0007493824132N12201040WA005580058947
B0007503824128N12201038WA005570058834
B0007513824124N12201036WA005560058853
B0007523824120N12201033WA005550058797
B0007533824117N12201031WA005540058771
B0007543824114N12201028WA005530058556
B0007553824111N12201026WA005530058411
B0007563824107N12201023WA005510058259
B0007573824103N12201021WA005500058286
B0007583824100N12201018WA005490058139
B0007593824096N12201016WA005480058193
B0008003824093N12201014WA005480058050
B0008013824089N12201011WA005480057987
B0008023824086N12201009WA005480057802
B0008033824081N12201006WA005470057796
B0008043824077N12201004WA005460057673
B0008053824073N12201001WA005450057539
B0008063824069N12200999WA005440057513
B0008073824065N12200996WA005430057432
B0008083824061N12200993WA005430057464
B0008093824057N12200991WA005420057274
B0008103824053N12200989WA005400057174
B0008113824049N12200987WA005390056980
B0008123824045N12200984WA005380056892
B0008133824042N12200981WA005360056706
B0008143824038N12200979WA005350056601
B0008153824034N12200976WA005340056505
B0008163824029N12200973WA005330056397
B0008173824025N12200971WA005320056141
B0008183824020N12200968WA005300056088
B0008193824016N12200966WA005290055936
B0008203824012N12200964WA005270055804
B0008213824007N12200962WA005260055693
B0008223824003N12200960WA005250055565
B0008233823999N12200958WA005230055339
B0008243823994N12200957WA005220055180
B0008253823990N12200955WA005200055032
B0008263823986N12200953WA005190054802
B0008273823981N12200951WA005180054775
B0008283823977N12200950WA005170054641
B0008293823973N12200948WA005160054516
B0008303823968N12200946WA005150054379
B0008313823964N12200945WA005140054204
B0008323823959N12200943WA005120054137
B0008333823954N12200942WA005110054092
B0008343823950N12200940WA005100053935
B0008353823945N12200938WA005090053997
B0008363823941N12200937WA005080053765
B0008373823937N12200937WA005070053643
B0008383823932N12200938WA005050053595
B0008393823928N12200940WA005040053448
B0008403823924N12200944WA005030053231
B0008413823920N12200948WA005010053131
B0008423823916N12200952WA005000053085
B0008433823913N12200957WA004990052943
B0008443823910N12200962WA004980052825
B0008453823906N12200967WA004980052795
B0008463823903N12200972WA004970052640
B0008473823900N12200976WA004960052505
B0008483823896N12200981WA004950052393
B0008493823893N12200986WA004940052292
B0008503823890N12200991WA004930052071
B0008513823887N12200995WA004920051928
B0008523823883N12201000WA004900051896
B0008533823881N12201005WA004890051708
B0008543823878N12201011WA004880051601
B0008553823874N12201016WA004870051592
B0008563823871N12201020WA004860051468
B0008573823868N12201025WA004840051218
B0008583823865N12201031WA004830051001
B0008593823861N12201036WA004810050986
B0009003823858N12201042WA004800050895
B0009013823855N12201047WA004790050874
B0009023823852N12201051WA004790050812
B0009033823848N12201054WA004790050751
B0009043823845N12201057WA004790050737
B0009053823842N12201062WA004790050750
B0009063823839N12201066WA004790050698
B0009073823837N12201071WA004780050648
B0009083823835N12201077WA004780050620
B0009093823832N12201082WA004780050693
B0009103823831N12201087WA004780050605
B0009113823829N12201092WA004780050653
B0009123823828N12201097WA004770050406
B0009133823826N12201103WA004770050323
B0009143823824N12201109WA004760050203
B0009153823821N12201115WA004750050286
B0009163823819N12201121WA004740050285
B0009173823818N12201127WA004730050232
B0009183823816N12201132WA004730050197
B0009193823815N12201138WA004720050033
B0009203823813N12201144WA004710049813
B0009213823811N12201150WA004700049706
B0009223823809N12201156WA004690049604
B0009233823807N12201162WA004680049621
B0009243823805N12201167WA004680049641
B0009253823803N12201172WA004680049520
B0009263823800N12201177WA004680049462
B0009273823798N12201182WA004670049306
B0009283823795N12201188WA004660049253
B0009293823792N12201193WA004650049297
B0009303823790N12201198WA004650049169
B0009313823788N12201203WA004640049018
B0009323823785N12201208WA004630048968
B0009333823783N12201213WA004620048808
B0009343823780N12201218WA004610048739
B0009353823777N12201223WA004600048679
B0009363823774N12201228WA004580048575
B0009373823771N12201232WA004570048356
B0009383823768N12201237WA004550048260
B0009393823765N12201241WA004540048077
B0009403823763N12201246WA004520047808
B0009413823759N12201251WA004500047689
B0009423823756N12201256WA004480047568
B0009433823753N12201261WA004470047423
B0009443823749N12201265WA004460047397
B0009453823746N12201270WA004450047270
B0009463823743N12201274WA004440047125
B0009473823739N12201279WA004430047041
B0009483823735N12201284WA004420046961
B0009493823731N12201288WA004410046997
B0009503823728N12201293WA004410046995
B0009513823726N12201298WA004410046868
B0009523823724N12201304WA004410046899
B0009533823724N12201311WA004410046706
B0009543823723N12201318WA004400046758
B0009553823723N12201325WA004400046739
B0009563823723N12201332WA004400046723
B0009573823723N12201338WA004400046706
B0009583823722N12201345WA004400046682
B0009593823722N12201352WA004400046663
B0010003823722N12201359WA004390046543
B0010013823722N12201366WA004390046560
B0010023823722N12201372WA004380046585
B0010033823722N12201379WA004390046680
B0010043823722N12201385WA004380046597
B0010053823723N12201392WA004380046448
B0010063823723N12201400WA004380046481
B0010073823723N12201407WA004370046497
B0010083823723N12201414WA004370046496
B0010093823723N12201421WA004370046495
B0010103823724N12201428WA004370046413
B0010113823724N12201435WA004370046415
B0010123823724N12201443WA004370046332
B0010133823724N12201451WA004360046381
B0010143823726N12201459WA004350046344
B0010153823729N12201467WA004350046305
B0010163823732N12201474WA004350046316
B0010173823735N12201481WA004360046532
B0010183823738N12201487WA004360046545
B0010193823741N12201492WA004370046637
B0010203823744N12201497WA004380046684
B0010213823749N12201502WA004380046500
B0010223823753N12201506WA004370046397
B0010233823759N12201511WA004360046248
B0010243823764N12201516WA004350046268
B0010253823769N12201521WA004340046294
B0010263823775N12201525WA004330046205
B0010273823779N12201529WA004330046183
B0010283823784N12201533WA004320046173
B0010293823789N12201537WA004320046041
B0010303823794N12201540WA004310045873
B0010313823800N12201542WA004300045786
B0010323823806N12201544WA004290045675
B0010333823812N12201547WA004280045545
B0010343823817N12201551WA004270045563
B0010353823822N12201554WA004270045567
B0010363823827N12201556WA004260045548
B0010373823832N12201558WA004260045459
B0010383823837N12201561WA004260045352
B0010393823842N12201563WA004250045266
B0010403823847N12201565WA004240045198
B0010413823853N12201568WA004230045043
B0010423823859N12201570WA004220044918
B0010433823864N12201573WA004200044724
B0010443823869N12201576WA004190044640
B0010453823874N12201578WA004170044534
B0010463823879N12201581WA004160044321
B0010473823884N12201584WA004140044102
B0010483823888N12201587WA004120043874
B0010493823893N12201590WA004100043686
B0010503823899N12201593WA004080043446
B0010513823904N12201596WA004060043295
B0010523823909N12201599WA004040043185
B0010533823913N12201603WA004020042997
B0010543823917N12201608WA004000042754
B0010553823920N12201612WA003980042489
B0010563823923N12201617WA003960042194
B0010573823927N12201622WA003940041943
B0010583823931N12201627WA003910041644
B0010593823935N12201632WA003890041508
B0011003823938N12201638WA003870041451
B0011013823942N12201643WA003850041226
B0011023823946N12201649WA003830041016
B0011033823950N12201655WA003830040929
B0011043823954N12201662WA003820040800
B0011053823957N12201668WA003820040872
B0011063823961N12201674WA003810040725
B0011073823964N12201680WA003810040778
B0011083823968N12201687WA003810040634
B0011093823971N12201693WA003800040786
B0011103823975N12201699WA003800040713
B0011113823978N12201704WA003810040827
B0011123823981N12201709WA003810040755
B0011133823984N12201713WA003810040787
B0011143823988N12201717WA003810040719
B0011153823991N12201722WA003810040606
B0011163823993N12201727WA003800040585
B0011173823996N12201732WA003800040594
B0011183823999N12201737WA003790040497
B0011193824003N12201742WA003780040308
B0011203824006N12201747WA003780040307
B0011213824009N12201752WA003770040208
B0011223824012N12201758WA003760040014
B0011233824015N12201764WA003750039852
B0011243824019N12201769WA003740039716
B0011253824022N12201774WA003730039765
B0011263824026N12201779WA003720039616
B0011273824029N12201784WA003710039638
B0011283824032N12201789WA003700039599
B0011293824036N12201794WA003690039556
B0011303824040N12201799WA003680039307
B0011313824043N12201805WA003670039150
B0011323824046N12201810WA003660039076
B0011333824049N12201816WA003640038992
B0011343824053N12201821WA003630038805
B0011353824056N12201826WA003610038617
B0011363824059N12201832WA003600038440
B0011373824062N12201837WA003590038343
B0011383824065N12201842WA003570038168
B0011393824068N12201848WA003560038087
B0011403824072N12201854WA003540037917
B0011413824075N12201860WA003530037816
B0011423824077N12201866WA003530037885
B0011433824080N12201872WA003530037884
B0011443824083N12201877WA003530037786
B0011453824086N12201882WA003530037698
B0011463824090N12201887WA003520037438
B0011473824093N12201893WA003510037361
B0011483824097N12201899WA003500037201
B0011493824099N12201905WA003490037190
B0011503824102N12201910WA003470037165
B0011513824105N12201915WA003470037155
B0011523824108N12201920WA003460037014
B0011533824110N12201926WA003460036923
B0011543824112N12201933WA003450036840
B0011553824114N12201939WA003440036878
B0011563824117N12201946WA003440036823
B0011573824119N12201952WA003450036932
B0011583824120N12201957WA003450036987
B0011593824121N12201963WA003450036863
B0012003824122N12201969WA003450036744
B0012013824123N12201976WA003440036614
B0012023824123N12201984WA003440036651
B0012033824123N12201991WA003440036751
B0012043824123N12201997WA003440036723
B0012053824123N12202003WA003440036722
B0012063824123N12202009WA003430036642
B0012073824123N12202015WA003430036645
B0012083824123N12202022WA003420036611
B0012093824122N12202028WA003410036569
B0012103824122N12202035WA003400036645
B0012113824122N12202041WA003390036575
B0012123824122N12202047WA003390036495
B0012133824123N12202053WA003380036209
B0012143824123N12202060WA003370036029
B0012153824123N12202068WA003350035954
B0012163824123N12202075WA003340035895
B0012173824124N12202082WA003330035762
B0012183824125N12202088WA003320035626
B0012193824125N12202095WA003310035451
B0012203824125N12202102WA003290035270
B0012213824126N12202109WA003270035122
B0012223824126N12202116WA003260035055
B0012233824126N12202123WA003240034979
B0012243824126N12202131WA003240034830
B0012253824125N12202137WA003240034765
B0012263824125N12202144WA003230034670
B0012273824126N12202150WA003220034566
B0012283824127N12202157WA003210034434
B0012293824127N12202164WA003200034363
B0012303824127N12202171WA003190034282
B0012313824128N12202177WA003180034134
B0012323824129N12202183WA003170034034
B0012333824129N12202189WA003160033994
B0012343824130N12202195WA003150033838
B0012353824130N12202202WA003140033740
B0012363824130N12202208WA003130033572
B0012373824131N12202214WA003120033415
B0012383824131N12202220WA003110033329
B0012393824131N12202227WA003090033124
B0012403824130N12202233WA003080033096
B0012413824130N12202240WA003070032961
B0012423824130N12202246WA003060032896
B0012433824130N12202253WA003040032760
B0012443824130N12202259WA003030032644
B0012453824130N12202266WA003020032511
B0012463824129N12202272WA003010032495
B0012473824129N12202279WA003000032391
B0012483824130N12202285WA003000032317
B0012493824130N12202292WA002990032210
B0012503824130N12202298WA002990032131
B0012513824130N12202304WA002980032052
B0012523824130N12202310WA002970031993
B0012533824131N12202317WA002960031761
B0012543824132N12202324WA002950031661
B0012553824133N12202330WA002940031658
B0012563824134N12202337WA002930031771
B0012573824135N12202342WA002930031796
B0012583824137N12202347WA002940031747
B0012593824138N12202353WA002940031694
B0013003824140N12202359WA002930031548
B0013013824142N12202366WA002920031537
B0013023824144N12202373WA002920031601
B0013033824145N12202379WA002920031780
B0013043824146N12202385WA002930031750
B0013053824147N12202391WA002930031820
B0013063824148N12202397WA002940031841
B0013073824150N12202403WA002950031810
B0013083824152N12202408WA002950031813
B0013093824153N12202413WA002950031776
B0013103824155N12202419WA002950031731
B0013113824156N12202425WA002940031654
B0013123824157N12202431WA002940031697
B0013133824159N12202437WA002940031628
B0013143824160N12202443WA002940031663
B0013153824161N12202449WA002940031650
B0013163824162N12202455WA002940031530
B0013173824163N12202461WA002930031402
B0013183824163N12202467WA002930031475
B0013193824164N12202473WA002930031509
B0013203824163N12202480WA002930031661
B0013213824163N12202485WA002930031669
B0013223824163N12202491WA002930031685
B0013233824164N12202497WA002930031516
B0013243824164N12202504WA002920031432
B0013253824164N12202511WA002920031353
B0013263824165N12202518WA002910031310
B0013273824165N12202524WA002910031354
B0013283824165N12202530WA002910031394
B0013293824166N12202536WA002910031334
B0013303824167N12202542WA002900031207
B0013313824168N12202549WA002900031131
B0013323824170N12202555WA002890031103
B0013333824172N12202561WA002890031124
B0013343824174N12202567WA002880031160
B0013353824177N12202572WA002880031105
B0013363824180N12202575WA002880031194
B0013373824186N12202573WA002880030909
B0013383824189N12202568WA002870030740
B0013393824190N12202558WA002850030549
B0013403824186N12202551WA002820030329
B0013413824180N12202546WA002800030514
B0013423824178N12202541WA002810030723
B0013433824180N12202535WA002810030509
B0013443824185N12202531WA002800030011
B0013453824191N12202526WA002780029921
B0013463824192N12202517WA002760029605
B0013473824187N12202510WA002730029143
B0013483824180N12202505WA002700029192
B0013493824179N12202497WA002690029237
B0013503824181N12202489WA002680028874
B0013513824188N12202484WA002660028640
B0013523824193N12202476WA002650028618
B0013533824192N12202470WA002640028663
B0013543824186N12202464WA002610028336
B0013553824179N12202458WA002600028229
B0013563824176N12202452WA002600027777
B0013573824180N12202447WA002580026774
B0013583824189N12202449WA002540025940
B0013593824195N12202459WA002490025868
B0014003824193N12202470WA002470026392
B0014013824186N12202472WA002450026206
B0014023824180N12202467WA002430026009
B0014033824178N12202457WA002400026200
B0014043824181N12202448WA002390026526
B0014053824187N12202446WA002390026584
B0014063824194N12202449WA002400026307
B0014073824197N12202454WA002400026275
B0014083824199N12202459WA002400026298
B0014093824200N12202464WA002410026276
B0014103824200N12202469WA002410026162
B0014113824198N12202474WA002400025924
B0014123824193N12202478WA002390025672
B0014133824187N12202478WA002370025417
B0014143824180N12202474WA002360025479
B0014153824178N12202468WA002340025326
B0014163824178N12202462WA002330025220
B0014173824180N12202456WA002320025133
B0014183824183N12202451WA002310025127
B0014193824187N12202448WA002310025016
B0014203824191N12202447WA002310025083
B0014213824196N12202448WA002300024994
B0014223824201N12202453WA002300024851
B0014233824204N12202459WA002290024724
B0014243824203N12202465WA002280024666
B0014253824200N12202470WA002270024517
B0014263824195N12202473WA002260024575
B0014273824190N12202472WA002250024317
B0014283824185N12202468WA002240024259
B0014293824183N12202462WA002230024235
B0014303824184N12202455WA002220024131
B0014313824189N12202449WA002210024007
B0014323824195N12202447WA002190023911
B0014333824200N12202449WA002180023867
B0014343824204N12202454WA002180023867
B0014353824206N12202461WA002180023817
B0014363824204N12202467WA002180023763
B0014373824201N12202472WA002170023662
B0014383824196N12202473WA002170023567
B0014393824191N12202472WA002150023380
B0014403824188N12202465WA002140023129
B0014413824187N12202458WA002120023054
B0014423824190N12202451WA002110023050
B0014433824194N12202445WA002100023176
B0014443824197N12202440WA002110023234
B0014453824198N12202434WA002110023268
B0014463824197N12202428WA002110023040
B0014473824197N12202420WA002110023009
B0014483824198N12202414WA002100023033
B0014493824199N12202408WA002110023175
B0014503824199N12202403WA002110023110
B0014513824196N12202398WA002100023068
B0014523824190N12202396WA002090022619
B0014533824183N12202399WA002070022572
B0014543824180N12202405WA002060022534
B0014553824181N12202413WA002050022420
B0014563824186N12202418WA002040022222
B0014573824193N12202415WA002020021849
B0014583824198N12202406WA002000021534
B0014593824195N12202396WA001970021385
B0015003824189N12202391WA001950021408
B0015013824182N12202393WA001940021630
B0015023824178N12202397WA001950021669
B0015033824178N12202404WA001960021678
B0015043824181N12202410WA001970021655
B0015053824185N12202414WA001980021653
B0015063824190N12202415WA001980021661
B0015073824196N12202412WA001970021627
B0015083824200N12202407WA001970021512
B0015093824200N12202399WA001960021325
B0015103824196N12202391WA001940021295
B0015113824190N12202388WA001930021024
B0015123824184N12202391WA001910020904
B0015133824181N12202398WA001900020827
B0015143824183N12202406WA001890020607
B0015153824189N12202409WA001870020437
B0015163824196N12202407WA001860020202
B0015173824200N12202398WA001840020177
B0015183824199N12202390WA001830020083
B0015193824194N12202384WA001810019957
B0015203824188N12202385WA001810019906
B0015213824184N12202390WA001810019818
B0015223824185N12202399WA001800019700
B0015233824190N12202404WA001790019593
B0015243824198N12202403WA001770019302
B0015253824204N12202395WA001750019322
B0015263824203N12202386WA001730019101
B0015273824197N12202379WA001720019055
B0015283824191N12202381WA001700018830
B0015293824187N12202387WA001690018632
B0015303824188N12202396WA001680018511
B0015313824191N12202403WA001680018691
B0015323824196N12202405WA001690018692
B0015333824202N12202403WA001690018664
B0015343824207N12202399WA001700018547
B0015353824210N12202394WA001700018577
B0015363824212N12202389WA001700018650
B0015373824212N12202383WA001700018542
B0015383824210N12202377WA001700018557
B0015393824207N12202372WA001690018578
B0015403824204N12202368WA001690018473
B0015413824201N12202363WA001680018481
B0015423824199N12202358WA001680018360
B0015433824197N12202353WA001670018370
B0015443824196N12202347WA001660018309
B0015453824194N12202343WA001660018213
B0015463824191N12202339WA001650018143
B0015473824187N12202336WA001640017971
B0015483824183N12202333WA001630017860
B0015493824179N12202330WA001620017833
B0015503824175N12202327WA001610017894
B0015513824172N12202324WA001610017793
B0015523824170N12202321WA001600017602
B0015533824166N12202317WA001600017597
B0015543824162N12202314WA001590017385
B0015553824157N12202312WA001580017081
B0015563824152N12202310WA001560016973
B0015573824148N12202308WA001550016974
B0015583824145N12202306WA001530016827
B0015593824141N12202305WA001520016638
B0016003824136N12202306WA001500016383
B0016013824131N12202308WA001480016072
B0016023824127N12202310WA001460015911
B0016033824122N12202311WA001440015879
B0016043824118N12202314WA001420015632
B0016053824114N12202317WA001410015435
B0016063824111N12202322WA001390015303
B0016073824109N12202328WA001370015184
B0016083824111N12202334WA001350014816
B0016093824114N12202340WA001330014595
B0016103824120N12202343WA001310014552
B0016113824126N12202342WA001300014406
B0016123824130N12202338WA001290014409
B0016133824131N12202334WA001290014392
B0016143824132N12202328WA001280014145
B0016153824131N12202322WA001270013816
B0016163824127N12202318WA001250013624
B0016173824121N12202317WA001230013226
B0016183824116N12202321WA001210012911
B0016193824113N12202328WA001180012775
B0016203824113N12202336WA001150012498
B0016213824118N12202343WA001120012235
B0016223824123N12202346WA001090012242
B0016233824129N12202345WA001080012309
B0016243824133N12202344WA001080012224
B0016253824136N12202343WA001090012246
B0016263824140N12202343WA001080012013
B0016273824144N12202343WA001080011948
B0016283824148N12202345WA001060011791
B0016293824152N12202347WA001050011588
B0016303824155N12202354WA001030011184
B0016313824156N12202362WA001000010847
B0016323824154N12202370WA000970010755
B0016333824153N12202376WA000940010843
B0016343824152N12202380WA000950010888
B0016353824152N12202385WA000950010789
B0016363824153N12202392WA000940010402
B0016373824153N12202399WA000920010324
B0016383824153N12202406WA000910010256
B0016393824154N12202413WA000890010220
B0016403824154N12202419WA000880010260
B0016413824154N12202424WA000880010181
B0016423824155N12202427WA000880010126
B0016433824155N12202429WA000880010175
B0016443824155N12202430WA000880010188
B0016453824155N12202432WA000880010162
B0016463824155N12202432WA000880010179
B0016473824155N12202433WA000890010153
B0016483824155N12202434WA000890010161
B0016493824156N12202434WA000890010006
B0016503824156N12202435WA000890010010
B0016513824156N12202434WA000890010019
B0016523824156N12202435WA000890010001
B0016533824156N12202435WA000890010002
B0016543824156N12202435WA000890010001
B0016553824156N12202435WA000890010022
B0016563824156N12202435WA000890010021
B0016573824156N12202435WA000890010021
B0016583824156N12202435WA000890010021
B0016593824156N12202435WA000890010021
B0017003824156N12202435WA000890010021
B0017013824156N12202435WA000890010021
B0017023824156N12202435WA000890010021
LXCTFAICIVLCOMPLIANT true
GB1BC854A7CCE45C7959C465F0882FB28603BAAAE30AC267FEC5F2CFFB370830D
GCC1D3C7FCF01CE9DBC6E944406BFF821F23E50CEDE646AEEEC595A0725E2E90A
G57B608077D5D6DC5CF7C4185D7F35FD371F71550A111797973A75E313625EBBE
G7526E55E5A726C74A1D604866E51E9FAB56E59328C4FB75F5B580E729D0C3948
