AXCT9ef2cd3a98accd03
HFFTYFRTYPE:Google Pixel 6 13 Client:xctrack FlightId:08d4acb8-b850-429b-bece-9d35a458bbbd
HFRFWFIRMWAREVERSION:0.9.8.4 LIVE:7fd09789d141b5c27e26fd20bb5d748799bbd702
HFPLTPILOTINCHARGE:Josh Cohn
HOSITSite:?
HSCCLCOMPETITION CLASS:FAI-3 (PG)
HFGTYGLIDERTYPE:OZONE Zeno 2
HODTM100GPSDATUM:WGS-84
HFALPALTPRESSURE:ISA
HFALG:GEO
I023636LAD3737LOD
HFDTEDATE:191122,00
LXCTDEVICE eyJkZXZpY2UiOnsiY3B1QUJJIjoiYXJtNjQtdjhhIiwic2RrIjozMywiZGlzcGxhe
LXCTDEVICE SI6eyJ3IjoxMDgwLCJoIjoyMjE5LCJtbSI6MTYuNTM1NDMzfSwiZmluZ2VycHJpbn
LXCTDEVICE QiOiJnb29nbGUvb3Jpb2xlL29yaW9sZToxMy9UUDFBLjIyMTEwNS4wMDIvOTA4MDA
LXCTDEVICE 2NTp1c2VyL3JlbGVhc2Uta2V5cyIsIm1vZGVsIjoiUGl4ZWwgNiIsImRldlF1ZXVl
LXCTDEVICE QnVpbGQiOiJmMjNhYWYxNDhlNWZhMGNjMGEwNTAzZWE4MTY1OTdjOWJjNDgwODBkI
LXCTDEVICE iwicHJvZHVjdCI6Im9yaW9sZSIsImFuZHJvaWRJZCI6IjllZjJjZDNhOThhY2NkMD
LXCTDEVICE MiLCJtYW51ZmFjdHVyZXIiOiJHb29nbGUiLCJkZXZpY2VTdHJpbmciOiJHb29nbGU
LXCTDEVICE gUGl4ZWwgNiAxMyIsImJ1aWxkSWQiOiJUUDFBLjIyMTEwNS4wMDIiLCJjcHVBQkky
LXCTDEVICE IjoiIiwiYm9hcmQiOiJvcmlvbGUiLCJ0aW1lem9uZSI6IkFtZXJpY2EvTG9zX0FuZ
LXCTDEVICE 2VsZXMiLCJoYXJkd2FyZSI6Im9yaW9sZSJ9LCJ4Y3RyYWNrIjp7InZlcnNpb25OYW
LXCTDEVICE 1lIjoiMC45LjguNCIsInZlcnNpb25Db2RlIjo5MDg0MH0sImNhcGFiaWxpdGllcyI
LXCTDEVICE 6eyJtZW1DbGFzcyI6MjU2LCJtZW1MYXJnZUNsYXNzIjo1MTIsIm5hbiI6dHJ1ZX19
B1858453429704N11942836WA013490141227
B1858463429699N11942840WA013490141143
B1858473429693N11942841WA013490141138
B1858483429686N11942840WA013490141178
B1858493429681N11942837WA013490141046
B1858503429676N11942834WA013490140933
B1858513429672N11942829WA013490140946
B1858523429670N11942823WA013490140891
B1858533429672N11942816WA013500140690
B1858543429675N11942808WA013500140636
B1858553429676N11942800WA013510140889
B1858563429677N11942793WA013520141098
B1858573429679N11942786WA013540141133
B1858583429681N11942778WA013560141411
B1858593429682N11942770WA013580141657
B1859003429683N11942764WA013600141979
B1859013429683N11942761WA013630142361
B1859023429680N11942757WA013650142586
B1859033429676N11942756WA013680142521
B1859043429671N11942756WA013710142849
B1859053429667N11942757WA013730142944
B1859063429664N11942759WA013750143051
B1859073429664N11942761WA013760142815
B1859083429665N11942767WA013770142060
B1859103429674N11942779WA013820140992
B1859113429681N11942786WA013870140992
B1859123429689N11942789WA013920142899
B1859133429698N11942794WA013950143861
B1859143429701N11942798WA013990144183
B1859153429705N11942804WA014010144507
B1859163429705N11942812WA014020144872
B1859173429704N11942818WA014030145159
B1859183429703N11942826WA014050145331
B1859193429700N11942832WA014060145584
B1859203429698N11942836WA014060145789
B1859213429695N11942837WA014050145678
B1859223429692N11942835WA014050145474
B1859233429689N11942828WA014050145490
B1859243429689N11942819WA014070145324
B1859253429691N11942811WA014090145647
B1859263429695N11942804WA014120145937
B1859273429699N11942799WA014140146723
B1859283429704N11942794WA014170146925
B1859293429710N11942793WA014200146802
B1859303429715N11942792WA014220146860
B1859313429718N11942791WA014240146772
B1859323429722N11942794WA014270146402
B1859333429725N11942793WA014290146618
B1859343429724N11942798WA014300146912
B1859353429722N11942803WA014310147499
B1859363429720N11942808WA014310148002
B1859373429716N11942810WA014320148339
B1859383429709N11942812WA014330148033
B1859403429697N11942809WA014380147933
B1859413429694N11942803WA014410147560
B1859423429695N11942800WA014430147527
B1859433429699N11942799WA014460148388
B1859443429705N11942801WA014490149139
B1859453429710N11942806WA014510149442
B1859463429715N11942813WA014530149975
B1859473429719N11942822WA014550150423
B1859483429721N11942830WA014560150734
B1859493429722N11942839WA014570151197
B1859503429722N11942849WA014590151435
B1859513429719N11942856WA014610151622
B1859523429713N11942858WA014630151872
B1859533429708N11942859WA014650151910
B1859543429701N11942856WA014680152392
B1859553429698N11942852WA014710152710
B1859563429696N11942848WA014740153103
B1859573429694N11942844WA014770153483
B1859583429694N11942839WA014790153615
B1859593429694N11942834WA014820154090
B1900003429697N11942828WA014840154346
B1900013429700N11942823WA014870154516
B1900023429704N11942821WA014900154963
B1900033429710N11942823WA014940155218
B1900043429714N11942827WA014970155462
B1900053429718N11942834WA015000155404
B1900063429720N11942842WA015020155884
B1900073429722N11942850WA015040156266
B1900083429722N11942858WA015070156630
B1900093429721N11942865WA015080156650
B1900103429717N11942870WA015090156690
B1900113429711N11942872WA015100156755
B1900123429705N11942870WA015110157136
B1900133429700N11942866WA015130157389
B1900143429698N11942862WA015140157520
B1900153429695N11942856WA015160157678
B1900163429695N11942850WA015180157712
B1900173429696N11942843WA015210158048
B1900183429698N11942838WA015250158491
B1900193429702N11942834WA015280158936
B1900203429705N11942831WA015310159039
B1900213429709N11942830WA015340159239
B1900223429714N11942830WA015370159689
B1900233429720N11942831WA015400160084
B1900243429726N11942832WA015430160273
B1900253429731N11942836WA015460160625
B1900263429735N11942841WA015490160741
B1900273429738N11942847WA015530160713
B1900283429738N11942855WA015550160846
B1900293429736N11942864WA015570160912
B1900303429732N11942872WA015600161222
B1900313429727N11942878WA015620161048
B1900323429722N11942883WA015650161152
B1900333429717N11942885WA015670161122
B1900343429711N11942884WA015690161020
B1900353429707N11942882WA015710161045
B1900363429704N11942877WA015740161167
B1900373429702N11942871WA015760161288
B1900383429704N11942865WA015790161448
B1900393429707N11942860WA015810161250
B1900403429712N11942855WA015840160626
B1900413429717N11942852WA015870161172
B1900423429724N11942848WA015890161908
B1900433429728N11942848WA015920162662
B1900443429732N11942850WA015940162743
B1900453429736N11942853WA015970162451
B1900463429737N11942860WA015980163660
B1900473429737N11942865WA015980163764
B1900483429738N11942869WA015980164103
B1900493429738N11942872WA015980164008
B1900503429737N11942875WA015990164823
B1900513429731N11942877WA016000165533
B1900523429722N11942876WA016010164699
B1900533429717N11942875WA016040164901
B1900543429712N11942871WA016070165220
B1900563429704N11942860WA016140165532
B1900573429701N11942855WA016160165962
B1900583429701N11942853WA016160166071
B1900593429703N11942854WA016160166148
B1901003429711N11942861WA016170165721
B1901013429718N11942867WA016180166437
B1901023429723N11942875WA016200167000
B1901033429726N11942882WA016230167660
B1901043429728N11942889WA016260167938
B1901053429728N11942898WA016280168310
B1901063429725N11942906WA016310168772
B1901083429715N11942918WA016350169166
B1901093429708N11942920WA016350169163
B1901103429701N11942920WA016350169368
B1901113429695N11942917WA016360169483
B1901123429692N11942911WA016370169517
B1901133429690N11942906WA016400169812
B1901143429688N11942902WA016420170252
B1901153429686N11942899WA016450170562
B1901163429684N11942896WA016470170761
B1901173429682N11942893WA016490170760
B1901183429680N11942889WA016490170812
B1901193429677N11942884WA016490170961
B1901203429676N11942878WA016490170956
B1901213429676N11942873WA016480171081
B1901223429678N11942868WA016480171227
B1901233429682N11942867WA016490171307
B1901243429685N11942868WA016500171662
B1901253429689N11942868WA016520171924
B1901263429694N11942871WA016540172175
B1901273429699N11942875WA016550172222
B1901283429705N11942879WA016570172151
B1901293429710N11942886WA016580172174
B1901303429714N11942893WA016590171764
B1901313429715N11942902WA016600171436
B1901323429716N11942909WA016620171356
B1901343429717N11942926WA016650171545
B1901353429716N11942929WA016670171555
B1901363429714N11942927WA016670171213
B1901373429709N11942923WA016680171197
B1901383429707N11942919WA016680171380
B1901393429708N11942914WA016700171489
B1901403429709N11942910WA016710171855
B1901413429711N11942908WA016720171923
B1901423429713N11942906WA016740172287
B1901433429717N11942906WA016750172514
B1901443429720N11942908WA016770172552
B1901453429723N11942911WA016780172291
B1901463429727N11942916WA016800172361
B1901473429730N11942920WA016810172506
B1901483429728N11942927WA016830173054
B1901493429726N11942935WA016850173302
B1901503429722N11942943WA016870173714
B1901513429716N11942951WA016890174240
B1901523429709N11942957WA016920174631
B1901533429701N11942961WA016940174950
B1901543429693N11942962WA016950175392
B1901553429687N11942961WA016970175692
B1901563429682N11942960WA016980175720
B1901573429680N11942956WA016990175806
B1901583429677N11942952WA016980176097
B1901593429677N11942947WA016980176075
B1902003429677N11942942WA016970176276
B1902013429679N11942938WA016970176336
B1902023429682N11942937WA016970176581
B1902033429687N11942936WA016970176566
B1902043429692N11942936WA016980176684
B1902053429697N11942938WA016990176979
B1902063429701N11942943WA017000177136
B1902073429704N11942948WA017010177188
B1902083429705N11942958WA017020177171
B1902093429706N11942968WA017020177211
B1902103429704N11942977WA017030177336
B1902113429700N11942986WA017040177370
B1902123429695N11942994WA017040177270
B1902133429689N11943000WA017040176823
B1902143429681N11943003WA017040176905
B1902153429673N11943006WA017040176892
B1902163429671N11943008WA017040176713
B1902173429669N11943008WA017050176916
B1902183429665N11943009WA017060177603
B1902193429662N11943010WA017070177869
B1902213429662N11943013WA017090177415
B1902223429662N11943015WA017100177524
B1902233429662N11943016WA017100177794
B1902243429662N11943017WA017110177829
B1902253429663N11943017WA017130177931
B1902263429661N11943017WA017140178088
B1902283429684N11942992WA017160176075
B1902293429689N11942982WA017160176484
B1902303429693N11942974WA017150175825
B1902313429694N11942967WA017150175582
B1902323429695N11942960WA017160175467
B1902333429695N11942954WA017160175387
B1902343429695N11942949WA017160175390
B1902353429695N11942943WA017160175284
B1902363429695N11942937WA017160175293
B1902373429696N11942931WA017160175120
B1902383429696N11942923WA017150175045
B1902393429695N11942916WA017140174897
B1902403429694N11942909WA017140174817
B1902413429691N11942903WA017130174831
B1902423429688N11942896WA017120174923
B1902433429685N11942889WA017120175112
B1902443429681N11942883WA017120175274
B1902453429677N11942877WA017120175275
B1902463429672N11942872WA017120175371
B1902473429666N11942868WA017110175345
B1902483429659N11942866WA017110175317
B1902493429651N11942867WA017100175239
B1902503429643N11942872WA017090175296
B1902513429637N11942877WA017070175486
B1902523429633N11942883WA017070175608
B1902533429629N11942889WA017060175826
B1902543429626N11942896WA017050175714
B1902553429623N11942903WA017050175832
B1902563429620N11942910WA017040175795
B1902573429618N11942917WA017030175764
B1902583429617N11942925WA017010175700
B1902593429615N11942933WA016990175771
B1903003429615N11942941WA016980175717
B1903013429615N11942949WA016960175777
B1903023429618N11942956WA016940175726
B1903033429622N11942962WA016920175552
B1903043429626N11942967WA016900175750
B1903053429631N11942969WA016880175720
B1903063429635N11942969WA016870175655
B1903073429639N11942969WA016870175631
B1903083429643N11942968WA016870175500
B1903093429646N11942966WA016860175433
B1903103429649N11942963WA016850175279
B1903113429653N11942960WA016840175168
B1903123429657N11942957WA016830175275
B1903133429661N11942952WA016820175239
B1903143429664N11942948WA016830175331
B1903153429666N11942943WA016840175563
B1903163429669N11942938WA016850175723
B1903173429671N11942933WA016860175897
B1903183429674N11942929WA016870176082
B1903193429677N11942924WA016890176278
B1903203429679N11942919WA016910176498
B1903213429681N11942914WA016930176727
B1903223429682N11942909WA016950176766
B1903233429684N11942905WA016970176880
B1903243429687N11942900WA016990176801
B1903253429689N11942895WA017020176903
B1903263429690N11942891WA017050177150
B1903273429692N11942887WA017080177514
B1903283429694N11942884WA017110177805
B1903293429695N11942882WA017140178093
B1903303429698N11942880WA017150178209
B1903313429700N11942879WA017150178206
B1903323429702N11942878WA017140178212
B1903333429704N11942875WA017130178132
B1903343429705N11942869WA017110177904
B1903353429702N11942862WA017090178042
B1903363429696N11942856WA017070178067
B1903373429690N11942850WA017070178199
B1903383429685N11942846WA017090178235
B1903393429681N11942842WA017100178322
B1903403429677N11942837WA017110178369
B1903413429675N11942832WA017110178249
B1903423429673N11942827WA017110178184
B1903433429672N11942821WA017100178035
B1903443429670N11942815WA017090178094
B1903453429669N11942809WA017090178092
B1903463429669N11942803WA017080178022
B1903473429669N11942797WA017080178033
B1903483429670N11942792WA017080178040
B1903493429672N11942787WA017080178061
B1903503429675N11942782WA017080178134
B1903513429678N11942778WA017090178241
B1903523429681N11942774WA017090178313
B1903533429683N11942771WA017100178284
B1903543429686N11942769WA017100178283
B1903553429690N11942768WA017100178232
B1903563429694N11942768WA017090178291
B1903573429700N11942768WA017090178259
B1903583429705N11942769WA017090178333
B1903593429709N11942769WA017100178315
B1904003429713N11942770WA017090178208
B1904013429716N11942773WA017090178257
B1904023429720N11942777WA017080178063
B1904033429724N11942781WA017070177721
B1904043429725N11942785WA017060177446
B1904053429726N11942790WA017070177047
B1904063429728N11942797WA017070176720
B1904073429726N11942803WA017080176898
B1904083429722N11942811WA017090177391
B1904093429716N11942817WA017090177777
B1904103429707N11942827WA017090178483
B1904113429699N11942835WA017090178791
B1904123429691N11942841WA017090178788
B1904133429684N11942847WA017100178741
B1904143429677N11942849WA017100178868
B1904153429669N11942852WA017110178878
B1904163429662N11942855WA017110178758
B1904173429654N11942859WA017110178781
B1904183429646N11942863WA017110178501
B1904193429638N11942864WA017110178509
B1904203429630N11942864WA017100178520
B1904213429623N11942860WA017100178416
B1904223429617N11942855WA017100178610
B1904233429613N11942848WA017110178426
B1904243429610N11942842WA017130178607
B1904253429607N11942836WA017140178842
B1904263429605N11942830WA017160178700
B1904273429601N11942825WA017180178880
B1904283429601N11942822WA017190179833
B1904293429601N11942819WA017200179751
B1904303429602N11942816WA017200179772
B1904313429604N11942812WA017210180047
B1904323429605N11942808WA017210180294
B1904333429606N11942805WA017210181086
B1904343429605N11942801WA017210181453
B1904353429602N11942798WA017200181389
B1904363429600N11942795WA017200181258
B1904383429606N11942803WA017200178916
B1904393429608N11942815WA017210178280
B1904403429607N11942823WA017230177682
B1904413429607N11942831WA017250177333
B1904423429600N11942831WA017270175955
B1904433429596N11942831WA017290175693
B1904443429596N11942831WA017310175576
B1904453429596N11942829WA017320175626
B1904463429599N11942829WA017330176420
B1904473429601N11942829WA017350177060
B1904483429605N11942826WA017350177569
B1904493429611N11942826WA017350178143
B1904503429617N11942826WA017350178608
B1904513429621N11942829WA017360178890
B1904523429626N11942833WA017360179264
B1904533429630N11942839WA017360179451
B1904543429633N11942846WA017370179550
B1904553429635N11942854WA017370179742
B1904563429635N11942863WA017360179995
B1904573429634N11942872WA017370180219
B1904583429629N11942881WA017380180586
B1904593429623N11942887WA017380180758
B1905003429616N11942890WA017390180836
B1905013429609N11942892WA017400180848
B1905023429603N11942888WA017410180938
B1905033429598N11942883WA017420181175
B1905043429596N11942878WA017440181340
B1905053429596N11942872WA017450181407
B1905063429597N11942868WA017460181455
B1905073429600N11942865WA017470181548
B1905083429604N11942865WA017470181611
B1905093429608N11942866WA017480181715
B1905103429611N11942870WA017490181882
B1905113429614N11942875WA017500181998
B1905123429616N11942882WA017510182099
B1905133429617N11942891WA017520182141
B1905143429615N11942899WA017530182299
B1905153429612N11942908WA017530182212
B1905163429606N11942914WA017540182219
B1905173429598N11942918WA017530182146
B1905183429591N11942921WA017530182135
B1905193429584N11942923WA017520182192
B1905203429579N11942924WA017510182111
B1905213429574N11942921WA017500182395
B1905223429570N11942921WA017500182426
B1905233429568N11942919WA017510182419
B1905243429572N11942910WA017520182472
B1905253429578N11942900WA017530182637
B1905263429580N11942894WA017540182488
B1905273429583N11942890WA017540182367
B1905283429587N11942887WA017530182151
B1905293429591N11942882WA017520181968
B1905303429595N11942878WA017510181804
B1905313429597N11942874WA017500181880
B1905323429600N11942869WA017500181757
B1905333429603N11942865WA017490181605
B1905343429606N11942861WA017470181510
B1905353429610N11942856WA017460181362
B1905363429615N11942850WA017450181329
B1905373429621N11942845WA017460181329
B1905383429627N11942841WA017470181406
B1905393429632N11942833WA017490181782
B1905403429635N11942829WA017530182262
B1905413429637N11942826WA017560182299
B1905423429640N11942826WA017590182426
B1905433429643N11942827WA017620182544
B1905443429647N11942828WA017630182636
B1905453429651N11942829WA017640182889
B1905463429656N11942832WA017650183175
B1905473429661N11942835WA017660183241
B1905483429664N11942839WA017670183326
B1905493429665N11942845WA017680183363
B1905503429665N11942853WA017680183380
B1905513429664N11942861WA017670183359
B1905523429662N11942871WA017670183480
B1905533429658N11942880WA017680183592
B1905543429653N11942886WA017690183749
B1905553429647N11942893WA017700183782
B1905563429642N11942897WA017710183616
B1905573429635N11942899WA017700183543
B1905583429628N11942897WA017690183533
B1905593429621N11942893WA017680183541
B1906003429616N11942886WA017670183635
B1906013429614N11942880WA017670183730
B1906023429613N11942873WA017670183534
B1906033429613N11942867WA017680183306
B1906043429613N11942861WA017690183364
B1906053429615N11942856WA017700183541
B1906063429618N11942851WA017710183755
B1906073429621N11942848WA017720183800
B1906083429623N11942845WA017730183933
B1906093429625N11942843WA017720183941
B1906103429628N11942841WA017720183926
B1906113429631N11942841WA017700183870
B1906123429636N11942841WA017690183859
B1906133429642N11942843WA017670183899
B1906143429649N11942845WA017660184048
B1906153429655N11942847WA017670184102
B1906163429659N11942848WA017670184008
B1906173429662N11942851WA017670183734
B1906183429665N11942855WA017660183590
B1906193429670N11942859WA017650183596
B1906203429676N11942863WA017630183544
B1906213429681N11942866WA017620183649
B1906223429685N11942870WA017610183507
B1906233429687N11942875WA017590183368
B1906243429688N11942883WA017580183336
B1906253429687N11942893WA017590183370
B1906263429685N11942903WA017600183317
B1906273429681N11942913WA017610183312
B1906283429677N11942921WA017620183494
B1906293429674N11942930WA017640183593
B1906303429671N11942939WA017660183783
B1906313429668N11942947WA017690183638
B1906323429664N11942954WA017710183530
B1906333429660N11942957WA017730183306
B1906343429655N11942960WA017740183314
B1906353429649N11942960WA017730183529
B1906363429646N11942958WA017730183608
B1906373429642N11942955WA017730183886
B1906383429641N11942951WA017730183569
B1906393429641N11942948WA017740183445
B1906403429640N11942945WA017750183127
B1906413429638N11942943WA017770182674
B1906433429634N11942943WA017820183346
B1906443429632N11942944WA017830183462
B1906453429633N11942944WA017850183300
B1906463429634N11942943WA017870183475
B1906473429634N11942944WA017880183337
B1906483429631N11942948WA017900182718
B1906493429628N11942952WA017910182510
B1906503429622N11942955WA017910182656
B1906513429618N11942956WA017910182851
B1906523429613N11942954WA017910182841
B1906533429609N11942949WA017910182873
B1906543429609N11942942WA017920182407
B1906553429615N11942938WA017930181355
B1906563429618N11942934WA017940180934
B1906573429620N11942930WA017960181587
B1906583429624N11942928WA017970181919
B1906593429629N11942929WA017990182338
B1907003429633N11942929WA018000182566
B1907013429637N11942930WA018000182722
B1907023429641N11942931WA017990182738
B1907033429645N11942933WA017980182874
B1907043429650N11942937WA017970182765
B1907053429656N11942941WA017950182664
B1907063429663N11942945WA017930182854
B1907073429672N11942948WA017920183115
B1907083429680N11942951WA017920183301
B1907093429688N11942955WA017940183612
B1907103429693N11942958WA017950184274
B1907113429698N11942962WA017970184660
B1907123429703N11942965WA018000184848
B1907133429708N11942972WA018010184937
B1907143429711N11942983WA018000185153
B1907153429710N11942997WA017980185005
B1907163429708N11943011WA017970185119
B1907173429703N11943026WA017950185525
B1907183429696N11943037WA017950185652
B1907193429690N11943043WA017950185607
B1907203429684N11943048WA017950185502
B1907213429678N11943052WA017940185606
B1907223429671N11943056WA017920185504
B1907233429662N11943061WA017900185252
B1907243429653N11943066WA017890185394
B1907253429646N11943072WA017880185490
B1907263429641N11943077WA017890185562
B1907273429636N11943080WA017900185629
B1907283429630N11943084WA017910185754
B1907293429623N11943088WA017900185683
B1907303429615N11943092WA017900185581
B1907313429607N11943095WA017890185596
B1907323429600N11943098WA017890185625
B1907333429592N11943101WA017890185795
B1907343429585N11943105WA017900185882
B1907353429579N11943109WA017900185801
B1907363429572N11943112WA017900185734
B1907373429565N11943114WA017900185674
B1907383429559N11943114WA017890185542
B1907393429553N11943113WA017880185535
B1907403429547N11943111WA017870185452
B1907413429545N11943103WA017840185148
B1907423429543N11943096WA017820185113
B1907433429541N11943088WA017800185198
B1907443429540N11943081WA017780185056
B1907453429539N11943074WA017770184806
B1907463429537N11943067WA017760184645
B1907473429535N11943060WA017740184530
B1907483429533N11943052WA017730184423
B1907493429531N11943044WA017720184356
B1907503429529N11943036WA017720184299
B1907513429528N11943029WA017710184244
B1907523429526N11943021WA017710184169
B1907533429524N11943014WA017700184043
B1907543429522N11943006WA017700184019
B1907553429519N11942999WA017690184088
B1907563429517N11942993WA017690183983
B1907573429516N11942987WA017680183732
B1907583429515N11942980WA017660183469
B1907593429515N11942974WA017640183160
B1908003429515N11942967WA017610183170
B1908013429517N11942959WA017590183104
B1908023429519N11942952WA017560183111
B1908033429522N11942946WA017540183220
B1908043429525N11942941WA017530183290
B1908053429530N11942937WA017530183123
B1908063429534N11942933WA017530183027
B1908073429537N11942930WA017530182973
B1908083429540N11942927WA017520182762
B1908093429543N11942923WA017500182539
B1908103429546N11942919WA017480182439
B1908113429549N11942914WA017460182387
B1908123429553N11942908WA017440182326
B1908133429556N11942902WA017430182262
B1908143429559N11942896WA017420182148
B1908153429562N11942892WA017420182025
B1908163429564N11942889WA017410181890
B1908173429567N11942886WA017410181670
B1908183429570N11942883WA017390181496
B1908193429574N11942882WA017380181460
B1908203429579N11942881WA017350181247
B1908213429584N11942882WA017330181199
B1908223429591N11942885WA017300181107
B1908233429596N11942889WA017270181119
B1908243429601N11942895WA017250181063
B1908253429606N11942900WA017220180952
B1908263429611N11942904WA017200180897
B1908273429617N11942908WA017180180657
B1908283429623N11942912WA017160180534
B1908293429629N11942916WA017140180463
B1908303429636N11942920WA017130180463
B1908313429643N11942923WA017130180372
B1908323429650N11942925WA017140180210
B1908333429655N11942925WA017150180097
B1908343429660N11942925WA017160179985
B1908353429665N11942925WA017180179755
B1908363429669N11942926WA017190179787
B1908373429674N11942929WA017210179603
B1908383429678N11942932WA017220179600
B1908393429682N11942934WA017240179644
B1908403429687N11942936WA017250179619
B1908413429691N11942939WA017260179699
B1908423429696N11942943WA017270179672
B1908433429702N11942946WA017280179703
B1908443429707N11942949WA017290179864
B1908453429713N11942952WA017300179908
B1908463429718N11942957WA017310179910
B1908473429723N11942961WA017310179916
B1908483429728N11942966WA017300179928
B1908493429732N11942973WA017300180070
B1908503429735N11942981WA017300180060
B1908513429736N11942990WA017290179914
B1908523429734N11943000WA017280179962
B1908533429731N11943009WA017270179816
B1908543429726N11943017WA017260179725
B1908553429719N11943023WA017250179658
B1908563429712N11943027WA017240179545
B1908573429705N11943029WA017230179533
B1908583429699N11943027WA017210179619
B1908593429693N11943024WA017200179642
B1909003429688N11943019WA017190179565
B1909013429686N11943013WA017170179299
B1909023429686N11943007WA017160179362
B1909033429687N11942999WA017160179239
B1909043429690N11942990WA017170179273
B1909053429694N11942981WA017190179146
B1909063429698N11942974WA017210179354
B1909073429701N11942970WA017230179397
B1909083429704N11942967WA017260179386
B1909093429707N11942963WA017270179454
B1909103429709N11942958WA017270179492
B1909113429711N11942952WA017270179571
B1909123429713N11942946WA017280179630
B1909133429715N11942940WA017280179707
B1909143429717N11942936WA017290179867
B1909153429721N11942933WA017300179809
B1909163429725N11942932WA017300179833
B1909173429730N11942932WA017290179807
B1909183429735N11942934WA017270179746
B1909193429739N11942938WA017250179641
B1909203429742N11942941WA017220179368
B1909223429748N11942952WA017190179132
B1909233429750N11942954WA017180179087
B1909243429751N11942960WA017170178659
B1909253429748N11942965WA017170178027
B1909263429743N11942969WA017160178416
B1909273429735N11942970WA017150178852
B1909283429726N11942970WA017140179369
B1909293429712N11942970WA017140178805
B1909303429700N11942970WA017150178780
B1909313429691N11942968WA017170178639
B1909323429685N11942966WA017190178431
B1909333429681N11942962WA017200178365
B1909343429679N11942957WA017210178218
B1909353429677N11942952WA017210178132
B1909363429675N11942946WA017210178097
B1909373429674N11942939WA017210178069
B1909383429672N11942933WA017210178181
B1909393429671N11942926WA017220178220
B1909403429670N11942919WA017230178200
B1909413429668N11942912WA017260178263
B1909423429665N11942906WA017280178452
B1909433429662N11942900WA017310178797
B1909443429660N11942895WA017330179013
B1909453429658N11942889WA017350179307
B1909463429656N11942883WA017370179673
B1909473429655N11942876WA017380179985
B1909483429655N11942869WA017400180107
B1909493429654N11942863WA017410180224
B1909503429653N11942857WA017410180223
B1909513429652N11942851WA017400180252
B1909523429652N11942844WA017390180227
B1909533429652N11942838WA017380180375
B1909543429653N11942832WA017360180397
B1909553429656N11942827WA017350180203
B1909563429658N11942822WA017330180181
B1909573429662N11942816WA017310180002
B1909583429665N11942809WA017290180055
B1909593429668N11942802WA017270180096
B1910003429672N11942795WA017250180019
B1910013429674N11942789WA017250179999
B1910023429677N11942784WA017250179875
B1910033429680N11942779WA017240179723
B1910043429683N11942773WA017230179509
B1910053429686N11942768WA017220179403
B1910063429689N11942762WA017210179431
B1910073429692N11942755WA017190179367
B1910083429695N11942749WA017180179385
B1910093429698N11942743WA017160179274
B1910103429701N11942737WA017150179124
B1910113429703N11942731WA017130179001
B1910123429704N11942724WA017120178931
B1910133429705N11942716WA017100178807
B1910143429705N11942709WA017080178750
B1910153429705N11942701WA017070178692
B1910163429706N11942693WA017060178513
B1910173429706N11942685WA017040178405
B1910183429705N11942678WA017030178380
B1910193429705N11942670WA017020178289
B1910203429705N11942663WA017010178087
B1910213429705N11942656WA017000177994
B1910223429706N11942649WA016980177810
B1910233429706N11942641WA016970177763
B1910243429707N11942633WA016950177715
B1910253429707N11942625WA016940177686
B1910263429708N11942617WA016920177559
B1910273429709N11942610WA016910177406
B1910283429709N11942603WA016900177344
B1910293429709N11942596WA016890177161
B1910303429709N11942588WA016870177066
B1910313429709N11942580WA016860176957
B1910323429709N11942572WA016840176857
B1910333429709N11942564WA016830176777
B1910343429710N11942556WA016820176609
B1910353429710N11942549WA016810176554
B1910363429711N11942542WA016800176330
B1910373429712N11942534WA016780176105
B1910383429712N11942526WA016770176059
B1910393429712N11942519WA016750175993
B1910403429713N11942511WA016740175849
B1910413429713N11942504WA016730175666
B1910423429713N11942497WA016720175515
B1910433429712N11942490WA016710175324
B1910443429711N11942483WA016690175133
B1910453429710N11942475WA016680175079
B1910463429710N11942468WA016660174855
B1910473429710N11942460WA016640174752
B1910483429710N11942451WA016620174723
B1910493429709N11942442WA016600174741
B1910503429708N11942433WA016600174655
B1910513429707N11942425WA016600174459
B1910523429706N11942418WA016600174278
B1910533429706N11942412WA016590174001
B1910543429705N11942404WA016580173849
B1910553429705N11942397WA016560173710
B1910563429705N11942388WA016540173707
B1910573429705N11942380WA016520173701
B1910583429704N11942371WA016510173674
B1910593429704N11942362WA016490173506
B1911003429703N11942353WA016470173317
B1911013429702N11942344WA016470173238
B1911023429701N11942336WA016460173162
B1911033429701N11942328WA016450172922
B1911043429700N11942320WA016430172774
B1911053429699N11942312WA016410172682
B1911063429698N11942303WA016400172546
B1911073429697N11942295WA016380172400
B1911083429695N11942286WA016360172364
B1911093429694N11942278WA016340172133
B1911103429693N11942270WA016330171927
B1911113429692N11942262WA016310171709
B1911123429690N11942255WA016290171560
B1911133429689N11942246WA016270171436
B1911143429688N11942237WA016250171308
B1911153429686N11942229WA016240171273
B1911163429685N11942221WA016240171145
B1911173429684N11942214WA016230171031
B1911183429683N11942206WA016220170849
B1911193429682N11942199WA016210170698
B1911203429682N11942192WA016180170584
B1911213429682N11942184WA016160170582
B1911223429683N11942175WA016150170316
B1911233429683N11942167WA016130170241
B1911243429683N11942158WA016110170289
B1911253429684N11942150WA016090170027
B1911263429684N11942142WA016080169866
B1911273429685N11942134WA016070169622
B1911283429685N11942125WA016060169578
B1911293429686N11942116WA016050169428
B1911303429686N11942108WA016040169250
B1911313429686N11942099WA016030169087
B1911323429687N11942091WA016010168906
B1911333429686N11942083WA016020168795
B1911343429686N11942075WA016000168574
B1911353429686N11942066WA015980168359
B1911363429686N11942058WA015980168243
B1911373429686N11942049WA015970168024
B1911383429686N11942040WA015950167916
B1911393429685N11942031WA015940167798
B1911403429685N11942023WA015930167671
B1911413429685N11942014WA015920167437
B1911423429685N11942006WA015900167306
B1911433429684N11941998WA015890167273
B1911443429684N11941989WA015880167118
B1911453429683N11941980WA015870167049
B1911463429682N11941972WA015870166973
B1911473429682N11941964WA015860166803
B1911483429681N11941956WA015860166648
B1911493429680N11941949WA015840166465
B1911503429679N11941942WA015830166281
B1911513429678N11941934WA015810166083
B1911523429677N11941926WA015790166091
B1911533429676N11941918WA015780165972
B1911543429675N11941910WA015760165826
B1911553429673N11941903WA015740165677
B1911563429672N11941897WA015730165431
B1911573429671N11941890WA015710165201
B1911583429669N11941883WA015700165081
B1911593429668N11941875WA015670164948
B1912003429666N11941868WA015650164971
B1912013429665N11941860WA015630164806
B1912023429663N11941853WA015610164841
B1912033429661N11941845WA015600164879
B1912043429660N11941839WA015600164701
B1912053429658N11941833WA015590164531
B1912063429656N11941827WA015580164322
B1912073429654N11941821WA015560164135
B1912083429652N11941814WA015540164049
B1912093429650N11941807WA015520163875
B1912103429649N11941799WA015500163834
B1912113429647N11941791WA015480163893
B1912123429646N11941783WA015470163638
B1912133429644N11941776WA015450163479
B1912143429643N11941770WA015440163210
B1912153429641N11941762WA015430163089
B1912163429640N11941755WA015410162965
B1912173429639N11941747WA015390162767
B1912183429638N11941739WA015380162687
B1912193429638N11941731WA015360162427
B1912203429637N11941723WA015340162377
B1912213429636N11941715WA015330162299
B1912223429636N11941708WA015320162006
B1912233429635N11941701WA015300161813
B1912243429634N11941694WA015290161661
B1912253429634N11941686WA015280161548
B1912263429634N11941679WA015260161435
B1912273429634N11941672WA015250161212
B1912283429633N11941665WA015230161080
B1912293429633N11941657WA015220160966
B1912303429633N11941650WA015200160720
B1912313429632N11941642WA015180160563
B1912323429631N11941634WA015160160477
B1912333429630N11941627WA015140160360
B1912343429629N11941619WA015120160134
B1912353429627N11941611WA015100160066
B1912363429625N11941603WA015080159969
B1912373429623N11941596WA015070159862
B1912383429621N11941588WA015070159762
B1912393429619N11941580WA015070159683
B1912403429618N11941573WA015060159532
B1912413429616N11941566WA015060159388
B1912423429615N11941560WA015050159058
B1912433429614N11941554WA015040158923
B1912443429612N11941547WA015020158770
B1912453429611N11941539WA015010158613
B1912463429609N11941531WA014990158522
B1912473429607N11941523WA014970158401
B1912483429604N11941515WA014960158272
B1912493429602N11941507WA014950158056
B1912503429600N11941500WA014940157840
B1912513429598N11941492WA014940157621
B1912523429595N11941484WA014940157590
B1912533429593N11941476WA014950157590
B1912543429592N11941468WA014970157637
B1912553429591N11941462WA014990157727
B1912563429590N11941457WA015020157658
B1912573429590N11941453WA015040157615
B1912583429589N11941449WA015060157753
B1912593429588N11941444WA015080157849
B1913003429587N11941439WA015100157817
B1913013429586N11941433WA015120157908
B1913023429585N11941427WA015140158084
B1913033429586N11941421WA015150158062
B1913043429587N11941415WA015160158188
B1913053429588N11941411WA015170158260
B1913063429587N11941405WA015180158279
B1913073429584N11941401WA015180158222
B1913083429578N11941398WA015170157845
B1913093429571N11941397WA015160157880
B1913103429566N11941395WA015150158149
B1913113429560N11941395WA015150158044
B1913123429557N11941403WA015140157803
B1913143429560N11941425WA015130157688
B1913153429561N11941436WA015110157343
B1913163429562N11941446WA015100157114
B1913173429563N11941456WA015080156971
B1913183429566N11941465WA015070156719
B1913193429568N11941474WA015070156744
B1913203429570N11941483WA015070156799
B1913213429573N11941492WA015070156865
B1913223429576N11941500WA015070156897
B1913233429581N11941508WA015070157070
B1913243429587N11941511WA015080157156
B1913253429594N11941512WA015080157114
B1913263429599N11941510WA015090157336
B1913273429604N11941509WA015100157589
B1913283429608N11941506WA015110157634
B1913293429612N11941503WA015130157527
B1913303429615N11941499WA015130157669
B1913313429618N11941495WA015130157513
B1913323429619N11941489WA015130157750
B1913333429619N11941482WA015140157825
B1913343429616N11941476WA015150158062
B1913353429611N11941471WA015170158154
B1913363429605N11941468WA015180158353
B1913373429599N11941466WA015200158375
B1913383429593N11941466WA015220158492
B1913393429587N11941467WA015240158477
B1913403429581N11941471WA015260158646
B1913413429576N11941477WA015270158849
B1913423429572N11941485WA015280158894
B1913433429572N11941494WA015280159085
B1913443429574N11941504WA015280159198
B1913453429578N11941512WA015270158782
B1913463429582N11941520WA015270159262
B1913473429585N11941526WA015280159676
B1913493429594N11941525WA015310160034
B1913503429599N11941522WA015330160066
B1913513429608N11941517WA015350159620
B1913523429615N11941513WA015370159781
B1913533429622N11941508WA015380159693
B1913543429628N11941504WA015380159600
B1913553429631N11941498WA015380159593
B1913563429635N11941492WA015370159571
B1913573429637N11941484WA015370159705
B1913583429635N11941478WA015380159851
B1913593429631N11941474WA015390159700
B1914003429624N11941472WA015400159837
B1914013429617N11941473WA015400159879
B1914023429610N11941477WA015410159857
B1914033429605N11941486WA015410160241
B1914043429602N11941496WA015420160320
B1914053429603N11941507WA015420160201
B1914063429606N11941516WA015420160070
B1914073429611N11941523WA015420160240
B1914083429617N11941528WA015420160332
B1914093429623N11941529WA015420160469
B1914103429630N11941529WA015420160409
B1914113429636N11941528WA015430160505
B1914123429641N11941524WA015430160586
B1914133429647N11941518WA015440160629
B1914143429650N11941513WA015440160720
B1914153429651N11941506WA015450160914
B1914163429649N11941500WA015460161092
B1914173429646N11941494WA015470161298
B1914183429642N11941490WA015480161228
B1914193429635N11941488WA015500161124
B1914203429626N11941489WA015510161474
B1914213429618N11941492WA015520161615
B1914223429612N11941496WA015530161647
B1914233429608N11941502WA015530161540
B1914243429606N11941510WA015530161245
B1914253429607N11941521WA015530161591
B1914263429613N11941530WA015530162216
B1914273429621N11941539WA015530162140
B1914283429628N11941543WA015530161994
B1914293429637N11941544WA015540161726
B1914303429644N11941542WA015540161597
B1914313429650N11941537WA015550161637
B1914323429654N11941532WA015560162134
B1914333429656N11941526WA015570162398
B1914343429658N11941521WA015580162337
B1914353429657N11941515WA015590162498
B1914363429656N11941510WA015600162561
B1914373429653N11941504WA015600162530
B1914383429648N11941499WA015590162424
B1914393429641N11941497WA015590162189
B1914403429636N11941496WA015600162119
B1914413429629N11941498WA015600162213
B1914433429618N11941508WA015620162465
B1914443429614N11941515WA015630161928
B1914453429613N11941521WA015640162574
B1914463429622N11941528WA015660163624
B1914473429628N11941532WA015670163037
B1914483429635N11941532WA015670162781
B1914493429640N11941528WA015670162547
B1914503429642N11941523WA015670162873
B1914513429644N11941517WA015670163010
B1914523429643N11941511WA015670163196
B1914533429643N11941506WA015670163226
B1914543429641N11941502WA015670163348
B1914553429636N11941500WA015660163207
B1914563429629N11941499WA015660163377
B1914573429624N11941500WA015660163332
B1914583429617N11941501WA015670163474
B1914593429614N11941504WA015690163298
B1915003429611N11941509WA015700163039
B1915023429621N11941530WA015710163017
B1915033429627N11941541WA015710163255
B1915043429635N11941545WA015710163355
B1915053429641N11941544WA015720163543
B1915063429645N11941540WA015730163728
B1915073429648N11941537WA015740163800
B1915083429650N11941533WA015740163862
B1915093429652N11941529WA015750163763
B1915103429654N11941524WA015740163726
B1915113429655N11941518WA015730163849
B1915123429655N11941511WA015730163989
B1915133429656N11941504WA015730164019
B1915143429656N11941499WA015740164350
B1915153429657N11941494WA015760164517
B1915163429657N11941491WA015770164482
B1915173429658N11941487WA015780164486
B1915183429659N11941482WA015780164457
B1915193429659N11941475WA015780164549
B1915203429657N11941467WA015780164799
B1915213429654N11941460WA015790164858
B1915223429648N11941456WA015800164871
B1915233429643N11941452WA015800164789
B1915243429637N11941451WA015800164608
B1915253429630N11941451WA015810164842
B1915263429624N11941451WA015810164645
B1915273429619N11941453WA015820164525
B1915283429615N11941455WA015830164620
B1915303429610N11941463WA015820164738
B1915313429610N11941464WA015820165269
B1915323429611N11941466WA015820165856
B1915333429614N11941471WA015830165491
B1915343429620N11941472WA015830165939
B1915353429628N11941474WA015840165004
B1915363429634N11941473WA015840164896
B1915373429640N11941471WA015850164867
B1915383429645N11941469WA015860164784
B1915393429647N11941464WA015870164924
B1915403429646N11941459WA015880165013
B1915413429645N11941454WA015890165122
B1915423429641N11941449WA015880165176
B1915433429635N11941446WA015870165177
B1915443429628N11941446WA015860165189
B1915453429622N11941450WA015850165203
B1915463429616N11941457WA015840165042
B1915473429612N11941467WA015850165200
B1915483429608N11941477WA015850165431
B1915493429606N11941486WA015860165445
B1915503429606N11941496WA015870165354
B1915513429608N11941504WA015870165203
B1915523429612N11941509WA015870165033
B1915533429618N11941513WA015880165176
B1915543429624N11941515WA015880165260
B1915553429631N11941515WA015890165101
B1915563429636N11941512WA015890164701
B1915573429642N11941509WA015900164417
B1915583429645N11941507WA015900164634
B1915593429646N11941505WA015910164541
B1916003429648N11941501WA015910163751
B1916013429645N11941496WA015920164159
B1916023429638N11941487WA015920165235
B1916033429631N11941485WA015910164900
B1916043429622N11941486WA015910164688
B1916053429615N11941491WA015910165016
B1916063429609N11941497WA015910165127
B1916073429605N11941504WA015910165673
B1916083429603N11941509WA015910165559
B1916093429604N11941515WA015900165620
B1916103429605N11941521WA015900165563
B1916113429610N11941524WA015890165637
B1916123429616N11941524WA015910165536
B1916133429621N11941522WA015910165587
B1916143429625N11941519WA015920165665
B1916153429630N11941517WA015930165645
B1916163429634N11941513WA015940165702
B1916173429637N11941507WA015950165615
B1916183429637N11941500WA015950165597
B1916193429637N11941494WA015950165577
B1916203429634N11941487WA015950165673
B1916213429630N11941480WA015960165743
B1916223429624N11941473WA015960165949
B1916233429617N11941469WA015970166088
B1916243429610N11941468WA015980166010
B1916253429602N11941469WA015980166014
B1916263429593N11941474WA015980166262
B1916273429586N11941480WA015970166314
B1916283429580N11941488WA015970166078
B1916293429578N11941497WA015970166010
B1916303429578N11941506WA015960166198
B1916313429580N11941514WA015950165786
B1916323429582N11941521WA015930165892
B1916333429586N11941524WA015910165701
B1916343429588N11941526WA015900165478
B1916353429590N11941528WA015890165290
B1916363429593N11941525WA015890164957
B1916383429601N11941520WA015910164240
B1916393429604N11941514WA015920164473
B1916403429609N11941503WA015940165142
B1916413429611N11941496WA015950165441
B1916423429610N11941489WA015960165267
B1916433429609N11941483WA015950165216
B1916443429602N11941480WA015940165013
B1916453429594N11941477WA015930165053
B1916463429586N11941478WA015920165106
B1916483429580N11941494WA015900164871
B1916493429579N11941502WA015890164954
B1916503429579N11941510WA015890164897
B1916513429582N11941512WA015900164978
B1916523429588N11941511WA015910165029
B1916533429593N11941511WA015920165006
B1916543429598N11941508WA015930165018
B1916553429602N11941504WA015930165177
B1916563429605N11941497WA015940165069
B1916573429607N11941490WA015930165029
B1916583429604N11941483WA015930165495
B1916593429599N11941476WA015930165543
B1917003429592N11941471WA015930165331
B1917013429584N11941469WA015920165259
B1917023429575N11941470WA015920165378
B1917033429566N11941474WA015910165651
B1917043429558N11941479WA015910165782
B1917053429552N11941485WA015900165676
B1917063429548N11941493WA015880165609
B1917073429544N11941504WA015870165660
B1917083429542N11941514WA015870165593
B1917093429543N11941523WA015870165649
B1917103429545N11941531WA015860165286
B1917113429548N11941538WA015850165294
B1917123429552N11941544WA015840165295
B1917133429555N11941551WA015830165246
B1917143429557N11941559WA015810165308
B1917153429558N11941568WA015810165215
B1917163429559N11941576WA015800165267
B1917173429562N11941583WA015810165309
B1917183429565N11941590WA015810165243
B1917193429569N11941596WA015810165355
B1917203429573N11941602WA015820165397
B1917213429578N11941608WA015830165318
B1917223429581N11941614WA015840165476
B1917233429585N11941620WA015840165305
B1917243429588N11941626WA015850165413
B1917253429591N11941630WA015850165459
B1917263429595N11941633WA015840165477
B1917273429601N11941634WA015840165444
B1917283429607N11941632WA015840165499
B1917293429613N11941629WA015830165497
B1917303429618N11941624WA015840165479
B1917313429622N11941619WA015840165428
B1917323429624N11941614WA015840165428
B1917333429624N11941609WA015840165398
B1917343429623N11941604WA015840165386
B1917353429620N11941598WA015830165248
B1917363429614N11941593WA015820165337
B1917373429606N11941590WA015810165424
B1917383429597N11941589WA015810165379
B1917393429590N11941591WA015800165442
B1917403429583N11941595WA015800165397
B1917413429578N11941602WA015790165135
B1917423429574N11941611WA015780165052
B1917433429571N11941620WA015780165185
B1917443429571N11941629WA015780165117
B1917453429573N11941638WA015780165047
B1917463429578N11941646WA015780165022
B1917473429583N11941651WA015790164920
B1917483429589N11941652WA015790164705
B1917493429594N11941653WA015790164741
B1917503429600N11941653WA015790164725
B1917513429605N11941655WA015790164741
B1917523429610N11941657WA015790164737
B1917533429614N11941660WA015780164797
B1917543429619N11941663WA015780164873
B1917553429624N11941664WA015780164877
B1917563429629N11941665WA015780164891
B1917573429635N11941664WA015790164809
B1917583429639N11941664WA015790164995
B1917593429644N11941663WA015800164969
B1918003429648N11941663WA015820165090
B1918013429652N11941661WA015830165198
B1918023429656N11941659WA015850165158
B1918033429659N11941656WA015870165231
B1918043429660N11941651WA015880165173
B1918053429659N11941645WA015900164996
B1918063429656N11941639WA015910164922
B1918073429650N11941633WA015930165019
B1918083429643N11941631WA015940165023
B1918093429636N11941631WA015940164898
B1918103429631N11941632WA015940164935
B1918113429623N11941637WA015940165071
B1918123429618N11941644WA015950165328
B1918133429614N11941653WA015960165698
B1918143429614N11941663WA015980165945
B1918153429616N11941672WA015990166257
B1918163429621N11941679WA016000165917
B1918173429627N11941684WA016020166195
B1918183429634N11941686WA016030166086
B1918193429640N11941685WA016040165999
B1918203429645N11941682WA016060166072
B1918213429650N11941678WA016080165938
B1918223429653N11941675WA016100166174
B1918233429655N11941671WA016110166072
B1918243429655N11941666WA016130165913
B1918253429654N11941662WA016140165719
B1918263429653N11941658WA016150166199
B1918283429640N11941655WA016140166800
B1918293429630N11941659WA016140167066
B1918303429623N11941666WA016140166849
B1918313429617N11941675WA016150166872
B1918323429615N11941682WA016160167117
B1918333429613N11941689WA016170167179
B1918343429615N11941696WA016180167227
B1918353429617N11941702WA016180167284
B1918363429620N11941707WA016190167267
B1918373429623N11941711WA016200167366
B1918383429626N11941713WA016200167668
B1918393429630N11941715WA016210167883
B1918403429635N11941715WA016220168006
B1918413429638N11941715WA016230168381
B1918423429642N11941714WA016240168463
B1918433429646N11941712WA016240168402
B1918443429648N11941708WA016250168470
B1918453429650N11941702WA016260168746
B1918463429650N11941696WA016270169065
B1918473429649N11941691WA016280169212
B1918483429646N11941687WA016290169454
B1918493429642N11941684WA016280169526
B1918503429636N11941682WA016270169617
B1918513429628N11941682WA016260169447
B1918523429619N11941684WA016260169632
B1918533429610N11941687WA016270169775
B1918543429603N11941693WA016270169712
B1918553429597N11941700WA016280169574
B1918563429595N11941708WA016290169624
B1918573429594N11941716WA016290169555
B1918583429596N11941724WA016280169269
B1918593429602N11941732WA016280169057
B1919003429608N11941737WA016280169112
B1919013429613N11941738WA016280168996
B1919023429619N11941738WA016280168793
B1919033429625N11941737WA016290168298
B1919043429629N11941736WA016300167731
B1919053429633N11941735WA016310167671
B1919063429637N11941733WA016320167685
B1919073429641N11941730WA016330168200
B1919083429642N11941724WA016340168762
B1919093429643N11941718WA016350168998
B1919103429644N11941712WA016350169127
B1919113429644N11941706WA016350169460
B1919123429644N11941699WA016350169568
B1919133429644N11941693WA016350169577
B1919143429644N11941686WA016340169567
B1919153429643N11941679WA016330169589
B1919163429641N11941671WA016310169689
B1919173429638N11941663WA016300169689
B1919183429635N11941656WA016290169763
B1919193429632N11941647WA016280169787
B1919203429630N11941640WA016290169761
B1919213429628N11941631WA016290169886
B1919223429627N11941624WA016300169878
B1919233429626N11941618WA016310169975
B1919243429625N11941612WA016320170061
B1919253429624N11941605WA016330170048
B1919263429623N11941599WA016330170027
B1919273429622N11941593WA016340170118
B1919283429620N11941587WA016340170196
B1919293429619N11941581WA016350170252
B1919303429618N11941574WA016350170229
B1919313429617N11941569WA016360170343
B1919323429616N11941563WA016360170468
B1919333429615N11941558WA016370170473
B1919343429614N11941552WA016380170525
B1919353429612N11941546WA016390170553
B1919363429610N11941540WA016390170641
B1919373429608N11941534WA016400170620
B1919383429606N11941528WA016410170781
B1919393429606N11941522WA016420170952
B1919403429606N11941516WA016430171077
B1919413429606N11941511WA016450171078
B1919423429606N11941507WA016460171040
B1919433429605N11941502WA016460171153
B1919443429602N11941497WA016450171184
B1919453429597N11941493WA016450171271
B1919463429589N11941490WA016450171265
B1919473429581N11941490WA016450171279
B1919483429574N11941493WA016450171225
B1919493429567N11941498WA016460171254
B1919503429564N11941507WA016480170832
B1919513429564N11941518WA016490170934
B1919523429566N11941528WA016490171136
B1919533429570N11941537WA016500171250
B1919543429576N11941543WA016500171259
B1919553429583N11941548WA016500171205
B1919563429590N11941550WA016500171247
B1919573429597N11941550WA016500171214
B1919583429604N11941547WA016500171376
B1919593429610N11941544WA016500171321
B1920003429614N11941539WA016510171338
B1920013429617N11941534WA016510171425
B1920023429618N11941528WA016520171581
B1920033429619N11941520WA016530171609
B1920043429617N11941513WA016540171785
B1920053429614N11941507WA016560171971
B1920063429609N11941502WA016570171971
B1920073429603N11941498WA016580171917
B1920083429595N11941497WA016600172089
B1920093429589N11941498WA016600172118
B1920103429582N11941501WA016590172150
B1920113429576N11941504WA016600172245
B1920123429570N11941510WA016580172250
B1920133429565N11941516WA016600172239
B1920143429561N11941525WA016610172197
B1920153429559N11941534WA016620172399
B1920163429560N11941544WA016630172440
B1920173429563N11941551WA016630172501
B1920183429567N11941556WA016630172548
B1920193429573N11941561WA016630172414
B1920203429578N11941564WA016630172571
B1920213429584N11941565WA016630172581
B1920223429591N11941564WA016620172527
B1920233429598N11941562WA016620172441
B1920243429605N11941556WA016620172559
B1920253429610N11941549WA016630172715
B1920263429612N11941542WA016640173000
B1920273429611N11941536WA016660173287
B1920283429609N11941531WA016670173384
B1920293429606N11941526WA016690173373
B1920303429601N11941521WA016700173493
B1920313429595N11941518WA016710173465
B1920323429587N11941517WA016710173494
B1920333429580N11941519WA016720173535
B1920343429573N11941524WA016730173530
B1920353429567N11941530WA016740173528
B1920363429564N11941539WA016750173518
B1920373429565N11941550WA016750173774
B1920383429570N11941560WA016760174008
B1920393429575N11941569WA016770174277
B1920403429582N11941574WA016780174314
B1920413429587N11941577WA016790174370
B1920423429592N11941577WA016790174274
B1920433429597N11941576WA016790174133
B1920443429602N11941573WA016790173902
B1920453429605N11941568WA016790173912
B1920463429608N11941564WA016790173665
B1920473429609N11941557WA016800174095
B1920483429608N11941548WA016810174343
B1920493429607N11941540WA016810174502
B1920503429605N11941532WA016820174784
B1920513429604N11941525WA016830174812
B1920523429601N11941518WA016840174958
B1920533429597N11941513WA016850175096
B1920543429593N11941509WA016860175105
B1920553429587N11941507WA016860175002
B1920563429579N11941507WA016850175093
B1920573429572N11941510WA016850175084
B1920583429566N11941515WA016850175205
B1920593429562N11941522WA016850175160
B1921003429560N11941530WA016850175172
B1921013429562N11941538WA016850175018
B1921023429566N11941547WA016850175237
B1921033429571N11941554WA016860175130
B1921043429577N11941558WA016870175194
B1921053429584N11941561WA016870175282
B1921063429592N11941563WA016880175300
B1921073429598N11941564WA016890175416
B1921083429603N11941566WA016900175560
B1921093429608N11941566WA016900175576
B1921103429613N11941565WA016910175592
B1921113429618N11941560WA016910175448
B1921123429622N11941554WA016910175305
B1921133429622N11941547WA016910175266
B1921143429622N11941541WA016900175111
B1921153429620N11941535WA016890175101
B1921163429616N11941530WA016880175172
B1921173429611N11941530WA016870175075
B1921183429604N11941532WA016860175315
B1921193429595N11941536WA016850175970
B1921203429588N11941541WA016850176143
B1921213429581N11941548WA016860176387
B1921223429577N11941557WA016870176560
B1921233429575N11941565WA016880176214
B1921243429576N11941573WA016880175943
B1921253429579N11941580WA016870175874
B1921263429585N11941585WA016870175738
B1921273429593N11941588WA016860175617
B1921283429600N11941588WA016870175646
B1921293429607N11941587WA016870175621
B1921303429613N11941583WA016880175513
B1921313429617N11941578WA016880175669
B1921323429620N11941572WA016890175675
B1921333429623N11941565WA016890175512
B1921343429623N11941558WA016890175571
B1921353429622N11941550WA016880175666
B1921363429620N11941543WA016880175717
B1921373429616N11941537WA016880175726
B1921383429611N11941532WA016880175873
B1921393429606N11941528WA016880175858
B1921403429600N11941527WA016870175742
B1921413429593N11941527WA016860175683
B1921423429586N11941529WA016850175693
B1921433429579N11941533WA016830175693
B1921443429573N11941539WA016810175651
B1921453429568N11941546WA016810175640
B1921463429563N11941552WA016810175595
B1921473429559N11941558WA016810175596
B1921483429556N11941564WA016810175447
B1921493429553N11941571WA016820175455
B1921503429551N11941578WA016820175498
B1921513429552N11941587WA016810175323
B1921523429554N11941595WA016810175346
B1921533429559N11941603WA016810175311
B1921543429565N11941608WA016800175316
B1921553429572N11941610WA016810175359
B1921563429579N11941609WA016810175166
B1921573429586N11941607WA016810175026
B1921583429592N11941604WA016820174962
B1921593429598N11941600WA016820174946
B1922003429603N11941597WA016820174995
B1922013429609N11941594WA016820174922
B1922023429614N11941590WA016810174928
B1922033429619N11941587WA016810174843
B1922043429625N11941583WA016800174815
B1922053429631N11941579WA016790174807
B1922063429636N11941575WA016790174989
B1922073429642N11941571WA016790175007
B1922083429646N11941566WA016790175009
B1922093429648N11941561WA016800175055
B1922103429650N11941556WA016810175031
B1922113429652N11941551WA016820175064
B1922123429655N11941547WA016830175154
B1922133429658N11941543WA016840175178
B1922143429662N11941539WA016840175129
B1922153429664N11941535WA016850175182
B1922163429666N11941529WA016840175020
B1922173429665N11941522WA016830174937
B1922183429662N11941515WA016810174935
B1922193429658N11941508WA016790174791
B1922203429655N11941504WA016750174720
B1922213429652N11941498WA016720174629
B1922223429649N11941494WA016700174351
B1922243429646N11941494WA016720173974
B1922253429646N11941498WA016740173717
B1922263429645N11941508WA016750173004
B1922273429647N11941521WA016760172625
B1922283429651N11941532WA016750172658
B1922293429655N11941543WA016750173170
B1922303429659N11941551WA016750173884
B1922313429664N11941557WA016750174261
B1922323429670N11941559WA016760174319
B1922333429675N11941561WA016780174490
B1922343429681N11941560WA016790174630
B1922353429685N11941556WA016800174813
B1922363429686N11941550WA016810174963
B1922373429685N11941543WA016820175126
B1922383429683N11941537WA016830175371
B1922403429672N11941534WA016880175575
B1922413429665N11941537WA016900175642
B1922423429658N11941542WA016910175793
B1922433429654N11941551WA016930175677
B1922443429654N11941563WA016940175643
B1922453429656N11941574WA016960175694
B1922463429659N11941585WA016970175557
B1922473429663N11941596WA016990175774
B1922483429669N11941601WA017000175817
B1922493429674N11941603WA017020175770
B1922503429676N11941597WA017020175936
B1922513429676N11941588WA017030176293
B1922523429674N11941580WA017040176227
B1922533429666N11941575WA017050176371
B1922543429658N11941576WA017070176626
B1922553429651N11941580WA017080176971
B1922563429647N11941585WA017090177203
B1922573429644N11941592WA017110177351
B1922583429644N11941599WA017120177557
B1922593429646N11941606WA017120177698
B1923003429651N11941612WA017120177723
B1923013429656N11941615WA017120177982
B1923023429662N11941614WA017130178098
B1923033429668N11941611WA017140178215
B1923043429671N11941606WA017160178440
B1923053429672N11941599WA017170178766
B1923063429672N11941593WA017190178964
B1923073429672N11941587WA017210179043
B1923083429670N11941582WA017240179114
B1923093429667N11941577WA017250179169
B1923103429663N11941574WA017240179169
B1923113429657N11941573WA017230178894
B1923123429652N11941573WA017210178779
B1923133429646N11941578WA017200178780
B1923143429642N11941587WA017190178798
B1923153429642N11941601WA017200178649
B1923163429645N11941612WA017200179304
B1923173429652N11941618WA017220179089
B1923183429660N11941620WA017230179232
B1923193429665N11941618WA017250179586
B1923203429669N11941615WA017270179793
B1923213429672N11941610WA017290179869
B1923223429673N11941605WA017300179993
B1923233429673N11941599WA017310179955
B1923243429671N11941594WA017310179950
B1923253429667N11941589WA017310179977
B1923263429662N11941587WA017310179841
B1923273429655N11941586WA017300179794
B1923283429648N11941587WA017290179692
B1923293429641N11941589WA017280179670
B1923303429634N11941591WA017280179777
B1923313429628N11941595WA017280179831
B1923323429622N11941599WA017280179864
B1923333429617N11941605WA017290179880
B1923343429614N11941611WA017290179827
B1923353429612N11941618WA017290179819
B1923363429611N11941626WA017280179723
B1923373429610N11941633WA017280179756
B1923383429611N11941640WA017270179709
B1923393429612N11941648WA017260179752
B1923403429614N11941655WA017250179794
B1923413429618N11941662WA017240179610
B1923423429622N11941668WA017230179542
B1923433429628N11941673WA017210179406
B1923443429635N11941677WA017200179534
B1923453429642N11941680WA017200179697
B1923463429649N11941683WA017210179678
B1923473429655N11941687WA017220179642
B1923483429660N11941691WA017230179672
B1923493429665N11941695WA017250179783
B1923503429670N11941699WA017280179845
B1923513429674N11941704WA017290179912
B1923523429676N11941709WA017310179965
B1923533429679N11941714WA017320179963
B1923543429684N11941717WA017310179817
B1923553429689N11941718WA017300179998
B1923563429695N11941718WA017300179790
B1923573429701N11941715WA017290179535
B1923583429706N11941710WA017290179640
B1923593429709N11941702WA017290179866
B1924003429710N11941694WA017300180043
B1924013429709N11941687WA017310180181
B1924023429708N11941680WA017310180211
B1924033429705N11941673WA017330180295
B1924043429702N11941668WA017330180182
B1924053429698N11941664WA017340180291
B1924063429694N11941660WA017340180226
B1924073429688N11941657WA017330180129
B1924083429681N11941656WA017330180268
B1924093429675N11941657WA017330180332
B1924103429669N11941658WA017330180328
B1924113429663N11941660WA017330180359
B1924123429658N11941663WA017340180410
B1924133429652N11941665WA017350180441
B1924143429646N11941667WA017360180571
B1924153429640N11941669WA017370180598
B1924163429636N11941674WA017380180555
B1924173429633N11941681WA017380180663
B1924183429631N11941688WA017380180586
B1924193429632N11941697WA017380180537
B1924203429635N11941706WA017380180624
B1924213429640N11941713WA017390180511
B1924223429646N11941717WA017400180428
B1924233429653N11941721WA017410180524
B1924243429659N11941723WA017420180790
B1924253429665N11941723WA017420180895
B1924263429671N11941723WA017420180955
B1924273429677N11941723WA017420180917
B1924283429682N11941724WA017420181081
B1924293429689N11941725WA017430181100
B1924303429695N11941725WA017430181118
B1924313429700N11941725WA017430181286
B1924323429706N11941724WA017430181210
B1924333429710N11941720WA017430181157
B1924343429713N11941716WA017430181174
B1924353429715N11941710WA017430181106
B1924363429715N11941704WA017420181242
B1924373429715N11941698WA017420181255
B1924383429715N11941692WA017420181334
B1924393429714N11941686WA017430181471
B1924403429714N11941679WA017430181417
B1924413429713N11941673WA017440181476
B1924423429713N11941668WA017450181531
B1924433429712N11941662WA017450181557
B1924443429711N11941657WA017450181514
B1924453429709N11941651WA017450181566
B1924463429707N11941645WA017450181594
B1924473429706N11941638WA017460181508
B1924483429703N11941631WA017460181696
B1924493429701N11941624WA017470181758
B1924503429699N11941618WA017480181817
B1924513429696N11941613WA017480181881
B1924523429694N11941607WA017490181928
B1924533429690N11941602WA017490181899
B1924543429685N11941599WA017480181780
B1924553429679N11941596WA017480181715
B1924563429671N11941596WA017470181704
B1924573429663N11941598WA017460181742
B1924583429655N11941601WA017450181958
B1924593429650N11941607WA017440181811
B1925003429647N11941613WA017430181818
B1925013429646N11941621WA017420181730
B1925023429648N11941628WA017410181504
B1925033429651N11941635WA017390181105
B1925043429655N11941642WA017360180953
B1925053429662N11941649WA017350180815
B1925063429669N11941656WA017340180799
B1925073429677N11941662WA017350180873
B1925083429684N11941665WA017370180864
B1925093429689N11941667WA017380180951
B1925103429693N11941669WA017390180824
B1925113429696N11941672WA017390180882
B1925123429701N11941675WA017380180808
B1925133429705N11941680WA017380180862
B1925143429710N11941685WA017380181008
B1925153429713N11941692WA017390181175
B1925163429716N11941699WA017410181179
B1925173429719N11941706WA017420181208
B1925183429721N11941713WA017430181227
B1925193429723N11941720WA017440181377
B1925203429726N11941727WA017450181348
B1925213429729N11941735WA017460181480
B1925223429733N11941741WA017460181569
B1925233429738N11941747WA017470181507
B1925243429743N11941751WA017470181402
B1925253429746N11941753WA017460181493
B1925263429750N11941752WA017460181333
B1925273429754N11941751WA017450181286
B1925283429758N11941750WA017450181416
B1925293429762N11941749WA017450181353
B1925303429765N11941747WA017460181701
B1925313429766N11941745WA017470181289
B1925323429765N11941742WA017470180712
B1925333429761N11941739WA017470180404
B1925343429748N11941733WA017460180684
B1925353429735N11941728WA017450181493
B1925363429725N11941728WA017450181490
B1925373429718N11941731WA017460181330
B1925383429711N11941735WA017470181139
B1925393429706N11941742WA017480181353
B1925403429704N11941749WA017500181643
B1925413429705N11941756WA017500181714
B1925423429707N11941763WA017510181765
B1925433429711N11941770WA017520181971
B1925443429716N11941776WA017520182050
B1925453429721N11941780WA017530182056
B1925463429727N11941783WA017530181906
B1925473429732N11941784WA017520181957
B1925483429738N11941783WA017510181701
B1925493429743N11941778WA017500181712
B1925503429747N11941771WA017500181924
B1925513429749N11941765WA017500181982
B1925523429750N11941760WA017500181956
B1925533429749N11941756WA017500182128
B1925543429746N11941752WA017490181935
B1925553429742N11941747WA017480181702
B1925563429736N11941742WA017480181642
B1925573429730N11941739WA017470181439
B1925583429723N11941739WA017460181390
B1925593429716N11941739WA017450181342
B1926003429708N11941738WA017450181488
B1926013429701N11941736WA017450181686
B1926023429695N11941734WA017460181601
B1926033429688N11941731WA017470181688
B1926043429683N11941730WA017480181737
B1926053429678N11941730WA017490181704
B1926063429672N11941730WA017490181664
B1926073429667N11941730WA017470181505
B1926083429660N11941730WA017460181588
B1926093429654N11941731WA017450181505
B1926103429646N11941732WA017440181684
B1926113429639N11941733WA017430181582
B1926123429633N11941733WA017420181527
B1926133429627N11941733WA017420181416
B1926143429621N11941732WA017410181369
B1926153429616N11941731WA017390181111
B1926163429610N11941728WA017370181062
B1926173429604N11941724WA017350181057
B1926183429597N11941721WA017330181056
B1926193429590N11941719WA017310181016
B1926203429583N11941719WA017300180913
B1926213429577N11941719WA017300180726
B1926223429571N11941719WA017290180683
B1926233429566N11941718WA017280180471
B1926243429560N11941716WA017260180390
B1926253429554N11941713WA017250180356
B1926263429547N11941711WA017230180373
B1926273429541N11941709WA017220180210
B1926283429535N11941706WA017210180038
B1926293429530N11941704WA017200179806
B1926303429524N11941702WA017180179885
B1926313429519N11941700WA017160179752
B1926323429514N11941697WA017140179606
B1926333429508N11941694WA017120179555
B1926343429503N11941690WA017100179507
B1926353429497N11941686WA017080179438
B1926363429491N11941683WA017060179373
B1926373429486N11941680WA017050179231
B1926383429481N11941677WA017040179114
B1926393429476N11941674WA017020179036
B1926403429471N11941671WA017010178845
B1926413429466N11941667WA016990178747
B1926423429461N11941663WA016980178635
B1926433429456N11941658WA016970178518
B1926443429451N11941654WA016970178401
B1926453429446N11941649WA016970178318
B1926463429441N11941646WA016970178141
B1926473429436N11941642WA016960178051
B1926483429431N11941638WA016950177831
B1926493429425N11941634WA016930177874
B1926503429419N11941631WA016920177756
B1926513429412N11941630WA016900177680
B1926523429405N11941628WA016890177587
B1926533429399N11941627WA016880177304
B1926543429392N11941626WA016870177160
B1926553429387N11941624WA016860176905
B1926563429381N11941622WA016850176898
B1926573429376N11941621WA016830176670
B1926583429370N11941619WA016810176576
B1926593429363N11941618WA016800176577
B1927003429355N11941618WA016770176497
B1927013429347N11941619WA016750176393
B1927023429340N11941620WA016750176293
B1927033429335N11941621WA016750176118
B1927043429330N11941625WA016750175870
B1927053429327N11941629WA016730175812
B1927063429324N11941634WA016700175735
B1927073429322N11941641WA016680175412
B1927083429322N11941649WA016660174909
B1927093429322N11941659WA016630174684
B1927103429323N11941667WA016610174550
B1927113429325N11941674WA016600174281
B1927123429330N11941678WA016590173680
B1927133429337N11941680WA016560173256
B1927143429344N11941681WA016540173035
B1927153429351N11941681WA016500172999
B1927163429360N11941682WA016480172908
B1927173429367N11941683WA016470172769
B1927183429374N11941684WA016460172627
B1927193429380N11941684WA016450172459
B1927203429387N11941684WA016430172556
B1927213429395N11941682WA016420172686
B1927223429404N11941679WA016400172816
B1927233429411N11941677WA016380172891
B1927243429419N11941674WA016370172799
B1927253429426N11941673WA016360172698
B1927263429434N11941672WA016340172354
B1927273429441N11941671WA016330172163
B1927283429448N11941670WA016320171883
B1927293429456N11941670WA016320171513
B1927303429463N11941670WA016330171442
B1927313429470N11941669WA016330171338
B1927323429476N11941669WA016320171063
B1927333429482N11941668WA016320170888
B1927343429489N11941668WA016320170703
B1927353429495N11941667WA016310170625
B1927363429501N11941666WA016310170546
B1927373429507N11941665WA016300170457
B1927383429513N11941664WA016300170455
B1927393429519N11941663WA016290170342
B1927403429525N11941661WA016290170236
B1927413429531N11941660WA016280170160
B1927423429538N11941658WA016270170124
B1927433429545N11941656WA016260170108
B1927443429551N11941655WA016260170075
B1927453429558N11941654WA016250170042
B1927463429564N11941653WA016250169991
B1927473429571N11941652WA016250169923
B1927483429577N11941651WA016240169857
B1927493429583N11941651WA016230169793
B1927503429590N11941651WA016230169650
B1927513429597N11941650WA016220169627
B1927523429603N11941650WA016210169594
B1927533429610N11941650WA016200169542
B1927543429616N11941650WA016190169481
B1927553429623N11941650WA016190169421
B1927563429629N11941650WA016180169390
B1927573429636N11941649WA016170169268
B1927583429643N11941649WA016170169205
B1927593429649N11941649WA016160169135
B1928003429655N11941649WA016150168958
B1928013429661N11941650WA016130168863
B1928023429667N11941651WA016120168781
B1928033429674N11941652WA016090168632
B1928043429681N11941653WA016070168423
B1928053429688N11941654WA016050168362
B1928063429696N11941654WA016030168358
B1928073429704N11941655WA016030168391
B1928083429713N11941655WA016030168141
B1928093429721N11941655WA016040168161
B1928103429729N11941655WA016050168255
B1928113429736N11941656WA016070168254
B1928123429742N11941657WA016090168389
B1928133429748N11941660WA016120168440
B1928143429753N11941662WA016150168435
B1928153429758N11941665WA016180168625
B1928163429763N11941669WA016210168812
B1928173429767N11941673WA016240168853
B1928183429770N11941678WA016270168793
B1928193429773N11941684WA016260168842
B1928203429774N11941691WA016250168743
B1928213429772N11941700WA016230168797
B1928223429771N11941708WA016210168643
B1928233429766N11941718WA016190168750
B1928243429763N11941725WA016180168830
B1928253429759N11941727WA016190168523
B1928263429755N11941731WA016200168539
B1928283429754N11941731WA016250168139
B1928293429750N11941729WA016270168372
B1928303429748N11941728WA016290168041
B1928313429744N11941727WA016310167892
B1928323429740N11941722WA016330167698
B1928333429738N11941716WA016340168475
B1928343429735N11941713WA016360169371
B1928353429733N11941709WA016380170302
B1928363429732N11941704WA016400170659
B1928373429732N11941697WA016420170964
B1928383429735N11941689WA016450171593
B1928393429740N11941679WA016470172147
B1928403429742N11941670WA016500171998
B1928413429742N11941660WA016500171346
B1928423429741N11941652WA016500171415
B1928433429737N11941647WA016490171314
B1928443429732N11941645WA016480171400
B1928453429727N11941646WA016470171391
B1928463429723N11941651WA016460171660
B1928473429721N11941660WA016460172161
B1928483429717N11941666WA016470172591
B1928493429714N11941670WA016490172763
B1928503429711N11941674WA016510172645
B1928513429709N11941678WA016520172669
B1928523429708N11941686WA016510172560
B1928533429709N11941692WA016500172386
B1928543429715N11941698WA016480172139
B1928553429721N11941702WA016480172018
B1928563429727N11941706WA016480172161
B1928573429732N11941707WA016500171725
B1928583429737N11941707WA016510171439
B1928593429739N11941711WA016530171377
B1929003429741N11941714WA016540170942
B1929013429743N11941715WA016560170671
B1929023429749N11941718WA016570170226
B1929033429752N11941705WA016570170549
B1929043429748N11941685WA016590171027
B1929053429739N11941663WA016610172366
B1929063429733N11941655WA016640172952
B1929073429728N11941653WA016660172759
B1929083429723N11941656WA016660172584
B1929093429720N11941666WA016660172770
B1929103429718N11941676WA016660173083
B1929113429718N11941686WA016670173393
B1929123429721N11941694WA016690173874
B1929133429726N11941699WA016710174146
B1929143429732N11941702WA016740174221
B1929153429738N11941704WA016760174313
B1929163429744N11941702WA016780174359
B1929173429750N11941698WA016780174439
B1929183429754N11941692WA016790174519
B1929193429754N11941685WA016780174518
B1929203429751N11941679WA016790174671
B1929213429747N11941673WA016800174865
B1929223429742N11941670WA016810175042
B1929233429736N11941669WA016840175359
B1929243429730N11941672WA016850175486
B1929253429726N11941677WA016870175619
B1929263429721N11941683WA016890175587
B1929273429721N11941693WA016900175590
B1929283429724N11941702WA016890175653
B1929293429727N11941711WA016900175791
B1929303429733N11941716WA016910175966
B1929313429740N11941716WA016930176139
B1929323429746N11941716WA016940176189
B1929333429752N11941713WA016960176125
B1929343429755N11941707WA016960176175
B1929353429756N11941699WA016960176007
B1929363429754N11941692WA016960176141
B1929373429751N11941685WA016960176321
B1929383429747N11941678WA016980176492
B1929393429745N11941673WA017000176807
B1929403429742N11941669WA017030176828
B1929413429739N11941667WA017040176881
B1929423429736N11941664WA017050176783
B1929433429732N11941661WA017040176684
B1929443429727N11941658WA017020176240
B1929453429721N11941653WA016980176064
B1929463429715N11941648WA016950176085
B1929473429710N11941642WA016930176061
B1929483429705N11941635WA016920176044
B1929493429700N11941628WA016920176156
B1929503429696N11941621WA016940176247
B1929513429693N11941615WA016950176404
B1929523429690N11941610WA016970176600
B1929533429687N11941604WA016980176628
B1929543429684N11941600WA016980176563
B1929553429681N11941595WA016980176445
B1929563429676N11941589WA016960176031
B1929573429671N11941582WA016940176109
B1929583429664N11941576WA016920176151
B1929593429658N11941569WA016910176239
B1930003429652N11941565WA016910176480
B1930013429647N11941560WA016920176362
B1930023429643N11941555WA016920176245
B1930033429639N11941549WA016920176159
B1930043429635N11941543WA016910176077
B1930053429631N11941536WA016900176064
B1930063429627N11941528WA016890176034
B1930073429622N11941520WA016880176196
B1930083429618N11941513WA016870176044
B1930093429614N11941506WA016870176024
B1930103429610N11941499WA016880175944
B1930113429606N11941492WA016880175981
B1930123429603N11941484WA016880176005
B1930133429599N11941477WA016890176141
B1930143429595N11941470WA016910176295
B1930153429592N11941465WA016930176271
B1930163429589N11941460WA016950176347
B1930173429585N11941457WA016970176476
B1930183429581N11941455WA016990176454
B1930193429576N11941453WA017000176467
B1930203429571N11941452WA016990176505
B1930213429564N11941451WA016990176599
B1930223429558N11941452WA016990176639
B1930233429551N11941456WA016990176763
B1930243429546N11941462WA016990176820
B1930253429542N11941468WA016990176887
B1930263429540N11941476WA016990177152
B1930273429541N11941484WA016990177006
B1930283429543N11941491WA017000177068
B1930293429550N11941499WA017010176927
B1930303429556N11941503WA017020176778
B1930313429563N11941505WA017040176507
B1930323429568N11941506WA017060176644
B1930333429574N11941506WA017070176642
B1930343429580N11941501WA017090176627
B1930353429586N11941494WA017110176570
B1930363429591N11941486WA017120176923
B1930373429593N11941478WA017140177099
B1930383429595N11941471WA017160177256
B1930393429596N11941464WA017170177423
B1930403429594N11941457WA017180177598
B1930413429592N11941451WA017170177608
B1930423429587N11941447WA017160177590
B1930433429581N11941445WA017160177650
B1930443429571N11941447WA017160177661
B1930453429563N11941451WA017160177846
B1930463429557N11941458WA017170178005
B1930473429552N11941465WA017180178173
B1930483429550N11941472WA017180178206
B1930493429548N11941480WA017190178143
B1930503429547N11941487WA017200178047
B1930513429547N11941495WA017190178222
B1930523429548N11941502WA017190178428
B1930533429550N11941510WA017200178533
B1930543429553N11941517WA017200178650
B1930553429558N11941522WA017210178609
B1930563429563N11941526WA017220178748
B1930573429569N11941528WA017240178875
B1930583429575N11941527WA017250178990
B1930593429580N11941523WA017260178840
B1931003429584N11941519WA017260178973
B1931013429586N11941512WA017260179028
B1931023429586N11941505WA017270179061
B1931033429586N11941497WA017280179139
B1931043429584N11941489WA017290179307
B1931053429581N11941482WA017310179467
B1931063429579N11941477WA017340179481
B1931073429578N11941471WA017350179505
B1931083429575N11941466WA017350179644
B1931093429570N11941462WA017350179670
B1931103429564N11941458WA017340179703
B1931113429556N11941455WA017340179838
B1931123429548N11941454WA017340179982
B1931133429541N11941453WA017350180062
B1931143429534N11941452WA017360180136
B1931153429527N11941452WA017370180245
B1931163429521N11941452WA017390180426
B1931173429515N11941452WA017410180569
B1931183429509N11941453WA017440180694
B1931193429504N11941454WA017460180704
B1931203429498N11941456WA017480180849
B1931213429494N11941461WA017490180825
B1931223429491N11941468WA017490180784
B1931233429491N11941477WA017480180793
B1931243429494N11941486WA017480180987
B1931253429499N11941494WA017480181266
B1931263429504N11941497WA017490181399
B1931273429511N11941498WA017510181449
B1931283429515N11941497WA017530181273
B1931293429520N11941495WA017550181253
B1931303429526N11941492WA017570181348
B1931313429528N11941488WA017590181584
B1931323429529N11941479WA017610181777
B1931333429527N11941470WA017630182052
B1931343429523N11941463WA017640181937
B1931353429519N11941458WA017640181931
B1931363429513N11941455WA017650181960
B1931373429508N11941453WA017670181994
B1931383429507N11941454WA017680181548
B1931393429503N11941456WA017700181620
B1931413429495N11941466WA017740181496
B1931423429497N11941471WA017750181015
B1931433429499N11941473WA017770181026
B1931443429502N11941475WA017780181323
B1931453429506N11941474WA017800181919
B1931463429509N11941472WA017820182284
B1931473429510N11941467WA017840182683
B1931483429509N11941461WA017860182659
B1931493429506N11941456WA017850182659
B1931503429502N11941452WA017850182619
B1931513429496N11941450WA017850182643
B1931523429490N11941448WA017850182740
B1931533429483N11941450WA017850183051
B1931543429477N11941452WA017870183042
B1931553429472N11941456WA017880183165
B1931563429468N11941463WA017910183273
B1931573429466N11941471WA017930183429
B1931583429465N11941480WA017950183615
B1931593429465N11941490WA017970183908
B1932003429466N11941499WA017990184246
B1932013429468N11941508WA018000184450
B1932023429471N11941515WA018000184867
B1932033429476N11941522WA018000185183
B1932043429483N11941525WA018000185300
B1932053429488N11941524WA018010185588
B1932063429494N11941521WA018010185733
B1932073429498N11941516WA018030186165
B1932083429501N11941511WA018040186495
B1932093429504N11941507WA018060186520
B1932103429505N11941502WA018070186667
B1932113429506N11941498WA018080186724
B1932123429506N11941492WA018080186869
B1932133429505N11941486WA018080186985
B1932143429502N11941479WA018080187176
B1932153429497N11941473WA018080187271
B1932163429491N11941468WA018090187279
B1932173429484N11941467WA018090187355
B1932183429477N11941467WA018090187312
B1932193429469N11941470WA018090187400
B1932203429460N11941474WA018100187583
B1932213429454N11941479WA018120187712
B1932223429448N11941484WA018140187969
B1932233429444N11941492WA018160188080
B1932243429442N11941500WA018180188162
B1932253429441N11941509WA018200188342
B1932263429441N11941518WA018220188527
B1932273429443N11941527WA018230188507
B1932283429446N11941535WA018240188602
B1932293429450N11941541WA018240188750
B1932303429454N11941544WA018240188842
B1932313429458N11941545WA018240188742
B1932323429461N11941544WA018230188838
B1932333429465N11941545WA018230188707
B1932343429469N11941544WA018230188895
B1932353429475N11941542WA018240188813
B1932363429480N11941538WA018250188868
B1932373429485N11941534WA018260188872
B1932383429490N11941529WA018270188830
B1932393429494N11941525WA018280188903
B1932403429496N11941521WA018300189142
B1932413429497N11941516WA018300189238
B1932423429495N11941511WA018300189197
B1932433429491N11941505WA018300189397
B1932443429485N11941500WA018300189353
B1932453429478N11941496WA018310189556
B1932463429470N11941495WA018320189791
B1932473429463N11941495WA018330189829
B1932483429456N11941499WA018350189920
B1932493429450N11941504WA018360190009
B1932503429444N11941511WA018360190185
B1932513429441N11941519WA018360190057
B1932523429440N11941530WA018360189967
B1932533429442N11941541WA018370190030
B1932543429445N11941549WA018380190176
B1932553429450N11941555WA018390190152
B1932563429456N11941558WA018400190059
B1932573429462N11941560WA018410189767
B1932583429466N11941560WA018420189877
B1932593429472N11941560WA018420189580
B1933003429477N11941558WA018430189211
B1933013429479N11941553WA018440189648
B1933023429480N11941548WA018450189954
B1933033429480N11941542WA018450190255
B1933043429477N11941535WA018450190792
B1933053429475N11941528WA018450191206
B1933063429470N11941522WA018460191386
B1933073429465N11941516WA018460191528
B1933083429459N11941512WA018450191637
B1933093429452N11941511WA018450191618
B1933103429443N11941515WA018440191482
B1933113429436N11941520WA018430191328
B1933123429430N11941528WA018420191483
B1933133429427N11941537WA018420191486
B1933143429427N11941546WA018420191469
B1933153429428N11941556WA018420191344
B1933163429432N11941564WA018420191127
B1933173429437N11941571WA018410191149
B1933183429443N11941577WA018410191190
B1933193429450N11941579WA018410191162
B1933203429457N11941579WA018420191059
B1933213429462N11941578WA018430190977
B1933223429467N11941577WA018430191010
B1933233429471N11941575WA018420191105
B1933243429474N11941572WA018410190925
B1933253429477N11941566WA018400190827
B1933263429480N11941558WA018390190815
B1933273429483N11941550WA018390190807
B1933283429485N11941544WA018390190961
B1933293429488N11941538WA018390190907
B1933303429490N11941533WA018380190643
B1933313429493N11941527WA018360190446
B1933323429497N11941521WA018340190337
B1933333429502N11941515WA018310190263
B1933343429508N11941508WA018280190235
B1933353429514N11941501WA018250190205
B1933363429519N11941494WA018230190175
B1933373429524N11941487WA018200189996
B1933383429529N11941481WA018200189891
B1933393429534N11941475WA018200189660
B1933403429539N11941469WA018190189522
B1933413429543N11941463WA018170189370
B1933423429548N11941456WA018150189231
B1933433429552N11941448WA018130189281
B1933443429556N11941438WA018110189395
B1933453429559N11941426WA018090189469
B1933463429561N11941415WA018100189530
B1933473429562N11941404WA018110189420
B1933483429563N11941393WA018120189327
B1933493429564N11941384WA018150189214
B1933503429565N11941376WA018170189311
B1933513429565N11941368WA018190189486
B1933523429566N11941361WA018230189568
B1933533429567N11941355WA018260189647
B1933543429568N11941350WA018290189600
B1933553429568N11941344WA018300189627
B1933563429568N11941339WA018290189501
B1933573429567N11941332WA018270189576
B1933583429567N11941324WA018250189569
B1933593429567N11941315WA018230189558
B1934003429566N11941305WA018220189587
B1934013429565N11941295WA018210189623
B1934023429562N11941285WA018220189755
B1934033429559N11941277WA018240189924
B1934043429556N11941270WA018260190047
B1934053429554N11941266WA018280189920
B1934063429552N11941261WA018280189825
B1934073429550N11941256WA018270189702
B1934083429548N11941249WA018250189501
B1934093429546N11941240WA018230189405
B1934103429544N11941230WA018200189307
B1934113429541N11941220WA018170189375
B1934123429539N11941210WA018150189310
B1934133429536N11941199WA018130189258
B1934143429534N11941190WA018120189260
B1934153429533N11941181WA018110189130
B1934163429532N11941172WA018110188935
B1934173429531N11941164WA018100188812
B1934183429529N11941155WA018080188758
B1934193429527N11941147WA018070188674
B1934203429526N11941139WA018050188510
B1934213429524N11941130WA018040188485
B1934223429523N11941121WA018020188278
B1934233429522N11941112WA018010188069
B1934243429521N11941103WA017990187946
B1934253429520N11941094WA017980187831
B1934263429519N11941084WA017980187847
B1934273429518N11941075WA017980187778
B1934283429518N11941068WA017970187500
B1934293429517N11941060WA017960187314
B1934303429516N11941052WA017950187222
B1934313429515N11941043WA017940187151
B1934323429515N11941033WA017930187127
B1934333429514N11941024WA017920187082
B1934343429514N11941015WA017920187011
B1934353429513N11941006WA017920186905
B1934363429511N11940998WA017920186852
B1934373429509N11940990WA017930186780
B1934383429507N11940982WA017930186680
B1934393429505N11940974WA017930186660
B1934403429503N11940966WA017930186651
B1934413429501N11940958WA017930186540
B1934423429499N11940949WA017930186539
B1934433429497N11940941WA017930186517
B1934443429494N11940933WA017930186496
B1934453429492N11940925WA017930186464
B1934463429490N11940917WA017920186420
B1934473429487N11940908WA017920186496
B1934483429485N11940900WA017920186492
B1934493429484N11940892WA017920186322
B1934503429482N11940884WA017920186363
B1934513429480N11940876WA017920186397
B1934523429478N11940869WA017920186395
B1934533429476N11940862WA017920186388
B1934543429474N11940856WA017910186369
B1934553429472N11940851WA017910186279
B1934563429471N11940847WA017900186100
B1934573429469N11940841WA017890186005
B1934583429466N11940835WA017870185991
B1934593429464N11940827WA017850186068
B1935003429462N11940820WA017840186001
B1935013429459N11940812WA017830186009
B1935023429456N11940807WA017840186002
B1935033429452N11940801WA017840185998
B1935043429450N11940796WA017840185801
B1935053429447N11940789WA017840185728
B1935063429444N11940782WA017840185765
B1935073429442N11940774WA017850185725
B1935083429440N11940767WA017850185710
B1935093429437N11940760WA017850185886
B1935103429434N11940755WA017850185792
B1935113429431N11940750WA017850185649
B1935123429426N11940747WA017840185564
B1935133429420N11940743WA017820185469
B1935143429414N11940740WA017810185431
B1935153429408N11940735WA017800185439
B1935163429402N11940731WA017790185359
B1935173429396N11940729WA017780185172
B1935183429390N11940728WA017770184929
B1935193429383N11940730WA017750184857
B1935203429377N11940735WA017730184711
B1935213429372N11940742WA017700184720
B1935223429369N11940750WA017670184633
B1935233429368N11940760WA017650184392
B1935243429371N11940770WA017620184124
B1935253429375N11940778WA017610183801
B1935263429380N11940781WA017600183490
B1935273429387N11940781WA017590183247
B1935283429394N11940782WA017580183111
B1935293429400N11940781WA017570182954
B1935303429407N11940781WA017560182621
B1935313429413N11940778WA017540182619
B1935323429418N11940776WA017530182883
B1935333429424N11940772WA017520183158
B1935343429429N11940770WA017520183362
B1935353429435N11940767WA017520183425
B1935363429439N11940765WA017530183483
B1935373429443N11940763WA017530183464
B1935383429446N11940763WA017530183373
B1935393429450N11940764WA017530183275
B1935403429454N11940767WA017520183378
B1935413429458N11940772WA017510183474
B1935423429462N11940775WA017500183315
B1935433429464N11940777WA017490183008
B1935443429465N11940782WA017480182783
B1935453429466N11940788WA017460182346
B1935463429465N11940797WA017430182316
B1935473429462N11940807WA017410182292
B1935483429459N11940817WA017390182337
B1935493429456N11940826WA017380182289
B1935503429455N11940833WA017380181968
B1935513429454N11940840WA017380181728
B1935523429452N11940848WA017360181660
B1935533429450N11940856WA017340181511
B1935543429446N11940865WA017330181562
B1935553429442N11940874WA017320181366
B1935563429438N11940883WA017330181470
B1935573429436N11940888WA017340181334
B1935583429434N11940892WA017340181146
B1935593429432N11940897WA017330180824
B1936003429429N11940903WA017300180584
B1936013429426N11940910WA017270180217
B1936023429421N11940919WA017240180005
B1936033429414N11940928WA017210180046
B1936043429406N11940938WA017180180171
B1936053429399N11940946WA017160180066
B1936063429393N11940953WA017140179878
B1936073429388N11940961WA017120179560
B1936083429383N11940968WA017100179388
B1936093429378N11940977WA017080179260
B1936103429372N11940985WA017060179055
B1936113429365N11940993WA017050178983
B1936123429359N11941000WA017030178816
B1936133429353N11941008WA017020178610
B1936143429348N11941015WA017000178304
B1936153429343N11941023WA016990178214
B1936163429338N11941031WA016970178037
B1936173429333N11941040WA016950177933
B1936183429328N11941049WA016930177731
B1936193429323N11941057WA016910177656
B1936203429319N11941066WA016900177410
B1936213429314N11941074WA016880177386
B1936223429311N11941083WA016860177203
B1936233429308N11941092WA016840177010
B1936243429306N11941100WA016840176868
B1936253429307N11941108WA016820176567
B1936263429310N11941115WA016810176349
B1936273429314N11941124WA016790176220
B1936283429318N11941132WA016770176181
B1936293429322N11941140WA016770175918
B1936303429323N11941149WA016770175762
B1936313429325N11941155WA016780175644
B1936323429328N11941160WA016770175311
B1936333429331N11941163WA016760175095
B1936343429336N11941167WA016750174940
B1936353429340N11941172WA016730174730
B1936363429343N11941178WA016700174716
B1936373429346N11941185WA016670174548
B1936383429350N11941191WA016650174484
B1936393429356N11941195WA016630174358
B1936403429362N11941200WA016600174162
B1936413429368N11941205WA016570173892
B1936423429375N11941211WA016550173764
B1936433429382N11941218WA016520173696
B1936443429390N11941225WA016510173456
B1936453429397N11941232WA016510173297
B1936463429404N11941239WA016510173157
B1936473429410N11941246WA016510172947
B1936483429415N11941253WA016500172895
B1936493429421N11941260WA016500172662
B1936503429427N11941267WA016490172440
B1936513429433N11941273WA016480172268
B1936523429440N11941281WA016460172141
B1936533429447N11941288WA016440172056
B1936543429454N11941295WA016420171989
B1936553429462N11941302WA016410171804
B1936563429469N11941308WA016390171710
B1936573429476N11941312WA016380171609
B1936583429482N11941317WA016360171446
B1936593429488N11941322WA016350171367
B1937003429494N11941328WA016330171194
B1937013429501N11941334WA016310171026
B1937023429507N11941341WA016300170974
B1937033429514N11941348WA016290170835
B1937043429521N11941355WA016290170638
B1937053429528N11941362WA016280170555
B1937063429536N11941367WA016280170378
B1937073429545N11941371WA016270170155
B1937083429554N11941373WA016260170058
B1937093429563N11941375WA016260170028
B1937103429571N11941378WA016260169971
B1937113429579N11941381WA016260169884
B1937123429587N11941385WA016270169867
B1937133429594N11941391WA016280169981
B1937143429600N11941397WA016290170090
B1937153429605N11941402WA016310170094
B1937163429610N11941407WA016320170044
B1937173429615N11941412WA016310169929
B1937183429620N11941419WA016300169803
B1937193429624N11941427WA016290169664
B1937203429628N11941437WA016290169897
B1937213429633N11941448WA016290169922
B1937223429637N11941457WA016310170268
B1937233429641N11941465WA016330170476
B1937243429645N11941472WA016360170605
B1937253429647N11941478WA016390170779
B1937263429649N11941484WA016420170898
B1937273429652N11941490WA016450170824
B1937283429655N11941495WA016480171011
B1937293429658N11941498WA016500171261
B1937303429662N11941498WA016500171387
B1937313429666N11941497WA016500171387
B1937323429669N11941495WA016510171365
B1937333429673N11941492WA016510171132
B1937343429674N11941488WA016520171398
B1937353429675N11941482WA016530171586
B1937363429672N11941478WA016550171529
B1937373429665N11941470WA016580172018
B1937383429657N11941468WA016600171829
B1937393429647N11941467WA016620171999
B1937403429639N11941469WA016640172066
B1937413429634N11941474WA016650172118
B1937423429629N11941483WA016650172292
B1937433429628N11941493WA016640172332
B1937443429629N11941503WA016630172491
B1937453429633N11941511WA016630172545
B1937463429638N11941516WA016630172579
B1937473429644N11941519WA016630172660
B1937483429650N11941518WA016650172646
B1937493429655N11941517WA016660172743
B1937503429659N11941515WA016670172887
B1937513429663N11941513WA016690172891
B1937523429668N11941509WA016700172901
B1937533429672N11941504WA016710173267
B1937543429677N11941501WA016730173408
B1937553429681N11941500WA016750173613
B1937563429684N11941498WA016770173877
B1937573429687N11941496WA016790173922
B1937583429688N11941492WA016800173933
B1937593429687N11941486WA016810174189
B1938003429686N11941480WA016820174305
B1938013429683N11941474WA016830174458
B1938023429681N11941469WA016840174574
B1938033429680N11941464WA016850174641
B1938043429679N11941458WA016870174737
B1938053429677N11941453WA016880174864
B1938063429674N11941448WA016900175060
B1938073429670N11941443WA016920175172
B1938083429666N11941439WA016940175315
B1938093429660N11941436WA016950175477
B1938103429654N11941434WA016970175538
B1938113429647N11941433WA016980175638
B1938123429640N11941434WA016980175821
B1938133429633N11941435WA016990176076
B1938143429627N11941438WA017000176179
B1938153429623N11941444WA017010176048
B1938163429622N11941452WA017020175906
B1938173429621N11941460WA017010176117
B1938183429622N11941471WA017010176176
B1938193429626N11941479WA017010175910
B1938203429631N11941485WA017010175923
B1938213429637N11941490WA017010176045
B1938223429645N11941495WA017010176112
B1938233429652N11941499WA017010176273
B1938243429659N11941502WA017020176471
B1938253429665N11941502WA017030176588
B1938263429671N11941500WA017040176519
B1938273429675N11941497WA017050176675
B1938283429678N11941493WA017070176771
B1938293429680N11941488WA017080176932
B1938303429679N11941482WA017100177055
B1938313429677N11941475WA017110177319
B1938323429673N11941469WA017130177458
B1938333429668N11941463WA017150177518
B1938343429661N11941460WA017150177531
B1938353429653N11941459WA017150177423
B1938363429644N11941461WA017150177893
B1938373429638N11941464WA017160177578
B1938383429633N11941473WA017170177570
B1938393429630N11941482WA017190177592
B1938403429629N11941490WA017200177587
B1938413429629N11941500WA017210177793
B1938423429631N11941509WA017220177821
B1938433429633N11941518WA017220177972
B1938443429637N11941528WA017210178075
B1938453429642N11941536WA017210178196
B1938463429648N11941542WA017200178387
B1938473429654N11941546WA017200178375
B1938483429660N11941547WA017190178319
B1938493429665N11941547WA017180178131
B1938503429671N11941544WA017180178219
B1938513429675N11941539WA017180178501
B1938523429677N11941533WA017190178820
B1938533429678N11941528WA017200178854
B1938543429679N11941525WA017200178931
B1938553429679N11941521WA017200178772
B1938563429681N11941516WA017180178723
B1938573429683N11941509WA017160178570
B1938583429687N11941501WA017150178552
B1938593429690N11941494WA017160178791
B1939003429693N11941488WA017170178914
B1939013429693N11941483WA017180179039
B1939023429692N11941480WA017190179113
B1939033429690N11941476WA017180178916
B1939043429687N11941471WA017170178667
B1939053429685N11941465WA017140178340
B1939063429683N11941457WA017120178272
B1939073429682N11941448WA017090178213
B1939083429680N11941437WA017090178289
B1939093429680N11941427WA017110178449
B1939103429681N11941420WA017130178612
B1939113429681N11941414WA017150178861
B1939123429682N11941409WA017180178948
B1939133429683N11941406WA017200178963
B1939143429684N11941401WA017220178988
B1939153429684N11941396WA017220178975
B1939163429682N11941390WA017220178934
B1939173429677N11941386WA017210178915
B1939183429669N11941384WA017220178778
B1939193429663N11941384WA017230178799
B1939203429657N11941386WA017240178980
B1939213429652N11941389WA017250179253
B1939223429648N11941394WA017260179278
B1939233429649N11941403WA017270178890
B1939243429655N11941416WA017280178117
B1939253429660N11941424WA017280177922
B1939263429665N11941429WA017280178005
B1939273429671N11941432WA017290178233
B1939283429677N11941433WA017290178405
B1939293429682N11941433WA017300178613
B1939303429686N11941432WA017310178870
B1939313429687N11941429WA017320179192
B1939323429688N11941424WA017320179104
B1939333429685N11941418WA017320179178
B1939343429680N11941412WA017320179299
B1939353429673N11941408WA017320179369
B1939363429665N11941407WA017330179475
B1939373429658N11941408WA017340179666
B1939383429650N11941412WA017340179689
B1939393429644N11941419WA017350179610
B1939403429639N11941426WA017360179718
B1939413429636N11941436WA017360179841
B1939423429635N11941445WA017350179998
B1939433429636N11941455WA017350180163
B1939443429637N11941463WA017350180298
B1939453429639N11941471WA017350180263
B1939463429641N11941478WA017350180283
B1939473429644N11941484WA017350180364
B1939483429647N11941490WA017340180293
B1939493429652N11941495WA017330180105
B1939503429657N11941499WA017320180059
B1939513429664N11941502WA017300180077
B1939523429672N11941504WA017300180190
B1939533429679N11941504WA017300180390
B1939543429685N11941504WA017320180441
B1939553429689N11941503WA017330180509
B1939563429692N11941503WA017340180429
B1939573429695N11941503WA017340180432
B1939583429699N11941500WA017340180207
B1939593429703N11941494WA017330180214
B1940003429706N11941485WA017340180350
B1940013429708N11941477WA017360180650
B1940023429709N11941470WA017390180974
B1940033429709N11941465WA017420181010
B1940043429706N11941460WA017440181054
B1940053429703N11941454WA017450181107
B1940063429697N11941449WA017440181041
B1940073429689N11941443WA017450181298
B1940083429680N11941440WA017470181372
B1940093429672N11941437WA017490181514
B1940103429665N11941435WA017520181888
B1940113429660N11941435WA017550181994
B1940123429655N11941436WA017580181867
B1940133429651N11941440WA017580181820
B1940143429647N11941444WA017570181838
B1940153429643N11941450WA017570181679
B1940163429641N11941457WA017560181757
B1940173429642N11941469WA017560181044
B1940183429643N11941476WA017550181082
B1940193429646N11941481WA017550181034
B1940203429650N11941483WA017550181128
B1940213429657N11941484WA017560181339
B1940223429665N11941485WA017590181639
B1940233429672N11941485WA017620181947
B1940243429677N11941484WA017640182178
B1940253429681N11941482WA017660182199
B1940263429685N11941479WA017650182103
B1940273429687N11941472WA017640182159
B1940283429688N11941465WA017630182066
B1940293429688N11941457WA017610182112
B1940303429686N11941449WA017600182221
B1940313429682N11941442WA017590182381
B1940323429679N11941435WA017590182318
B1940333429675N11941430WA017580182373
B1940343429673N11941424WA017580182319
B1940353429671N11941418WA017570182359
B1940363429670N11941412WA017570182370
B1940373429670N11941405WA017570182430
B1940383429669N11941398WA017570182495
B1940393429669N11941393WA017560182440
B1940403429668N11941388WA017560182481
B1940413429667N11941382WA017540182465
B1940423429665N11941375WA017530182366
B1940433429662N11941367WA017520182317
B1940443429657N11941360WA017520182313
B1940453429650N11941355WA017520182237
B1940463429643N11941353WA017520182150
B1940473429636N11941352WA017510181993
B1940483429629N11941353WA017500181778
B1940493429622N11941358WA017490181644
B1940503429614N11941365WA017480181698
B1940513429607N11941373WA017480181603
B1940523429599N11941380WA017490181893
B1940533429594N11941384WA017500181817
B1940543429589N11941388WA017510181946
B1940553429585N11941393WA017510181856
B1940563429582N11941400WA017510181891
B1940573429582N11941406WA017500181818
B1940583429582N11941412WA017490181755
B1940593429586N11941416WA017480181630
B1941003429592N11941417WA017470181392
B1941013429600N11941416WA017460181143
B1941023429608N11941413WA017450180909
B1941033429615N11941409WA017440181048
B1941043429622N11941404WA017430181264
B1941053429628N11941399WA017440181248
B1941063429632N11941396WA017440181186
B1941073429636N11941394WA017430181148
B1941083429640N11941393WA017420180917
B1941093429645N11941393WA017410181003
B1941103429651N11941394WA017400181097
B1941113429658N11941397WA017410181295
B1941123429664N11941402WA017420181361
B1941133429669N11941406WA017440181415
B1941143429672N11941411WA017450181426
B1941153429674N11941416WA017470181499
B1941163429678N11941420WA017480181559
B1941173429683N11941423WA017480181558
B1941183429689N11941425WA017480181626
B1941193429695N11941426WA017480181626
B1941203429700N11941426WA017480181681
B1941213429705N11941423WA017490181752
B1941223429708N11941418WA017500181887
B1941233429710N11941413WA017510181981
B1941243429711N11941406WA017520182048
B1941253429710N11941400WA017530182006
B1941263429707N11941394WA017530182011
B1941273429701N11941387WA017530182037
B1941283429693N11941382WA017530182041
B1941293429684N11941378WA017540182194
B1941303429676N11941377WA017550182224
B1941313429668N11941377WA017560182284
B1941323429662N11941378WA017570182212
B1941333429655N11941381WA017580182193
B1941343429650N11941386WA017570182167
B1941353429647N11941393WA017560182227
B1941363429646N11941403WA017550182129
B1941373429646N11941413WA017540182358
B1941383429649N11941423WA017550182315
B1941393429651N11941431WA017550182373
B1941403429653N11941437WA017550182278
B1941413429655N11941443WA017550182265
B1941423429658N11941448WA017550182123
B1941433429661N11941451WA017530181869
B1941443429666N11941453WA017510181720
B1941453429672N11941451WA017500181503
B1941463429676N11941447WA017490181689
B1941473429679N11941440WA017470181593
B1941483429680N11941430WA017470181878
B1941493429681N11941421WA017470181935
B1941503429682N11941411WA017470181906
B1941513429682N11941402WA017480181849
B1941523429682N11941394WA017480181826
B1941533429681N11941387WA017490181963
B1941543429680N11941380WA017490181874
B1941553429679N11941373WA017500181804
B1941563429675N11941366WA017500181765
B1941573429670N11941360WA017500181732
B1941583429663N11941356WA017500181631
B1941593429655N11941355WA017500181652
B1942003429648N11941357WA017490181533
B1942013429641N11941361WA017490181547
B1942023429636N11941368WA017490181433
B1942033429632N11941376WA017480181491
B1942043429631N11941385WA017480181450
B1942053429632N11941393WA017470181407
B1942063429634N11941401WA017470181410
B1942073429637N11941405WA017470181291
B1942083429643N11941406WA017470181206
B1942093429648N11941406WA017470181315
B1942103429653N11941405WA017470181401
B1942113429657N11941401WA017470181344
B1942123429660N11941397WA017470181393
B1942133429664N11941390WA017460181144
B1942143429666N11941381WA017460181189
B1942153429668N11941373WA017460181199
B1942163429671N11941367WA017450181161
B1942173429674N11941361WA017450181162
B1942183429677N11941355WA017440181146
B1942193429679N11941349WA017440181179
B1942203429681N11941343WA017430181149
B1942213429682N11941337WA017420181042
B1942223429682N11941330WA017410180950
B1942233429681N11941322WA017390180889
B1942243429680N11941316WA017380180784
B1942253429679N11941310WA017360180548
B1942263429676N11941305WA017340180427
B1942273429671N11941301WA017320180109
B1942283429663N11941299WA017290180205
B1942293429655N11941300WA017260180204
B1942303429648N11941302WA017230180205
B1942313429641N11941304WA017210180391
B1942333429636N11941317WA017190180776
B1942343429637N11941328WA017180180348
B1942353429637N11941338WA017170179804
B1942363429636N11941347WA017150179523
B1942373429634N11941356WA017130179188
B1942383429633N11941366WA017110178921
B1942393429631N11941375WA017100178844
B1942403429629N11941384WA017100178765
B1942413429628N11941393WA017100178732
B1942423429627N11941401WA017110178643
B1942433429626N11941409WA017100178562
B1942443429625N11941416WA017100178481
B1942453429624N11941423WA017090178342
B1942463429622N11941431WA017080178141
B1942473429619N11941440WA017060178255
B1942483429616N11941450WA017050178212
B1942493429613N11941459WA017050178159
B1942503429611N11941469WA017040178066
B1942513429610N11941478WA017030177880
B1942523429610N11941485WA017010177653
B1942533429610N11941492WA017000177356
B1942543429611N11941500WA016980177225
B1942553429613N11941508WA016960177143
B1942563429617N11941515WA016950176904
B1942573429622N11941520WA016930176827
B1942583429627N11941523WA016910176635
B1942593429633N11941524WA016890176358
B1943003429640N11941522WA016870176227
B1943013429646N11941516WA016860176007
B1943023429650N11941511WA016850176086
B1943033429654N11941507WA016840175895
B1943043429658N11941504WA016830175690
B1943053429662N11941500WA016810175594
B1943063429667N11941496WA016790175209
B1943073429671N11941494WA016770175062
B1943083429677N11941493WA016750174921
B1943093429684N11941494WA016730175003
B1943103429691N11941497WA016710174944
B1943113429697N11941501WA016720175071
B1943123429703N11941503WA016720174819
B1943133429707N11941505WA016720174684
B1943143429712N11941506WA016720174478
B1943153429717N11941508WA016710174283
B1943163429723N11941510WA016710174184
B1943173429729N11941512WA016700174162
B1943183429735N11941513WA016700174116
B1943193429739N11941514WA016700174092
B1943203429744N11941514WA016700173951
B1943213429749N11941513WA016700173934
B1943223429754N11941512WA016700173833
B1943233429759N11941510WA016690173841
B1943243429764N11941506WA016680173853
B1943253429769N11941501WA016670173800
B1943263429772N11941494WA016670173876
B1943273429775N11941487WA016660173718
B1943283429776N11941480WA016660173769
B1943293429777N11941474WA016670173710
B1943303429776N11941467WA016670173822
B1943313429774N11941460WA016680173865
B1943323429772N11941454WA016690173834
B1943333429769N11941448WA016700173874
B1943343429766N11941443WA016700173841
B1943353429762N11941438WA016710173732
B1943363429757N11941435WA016710173741
B1943373429750N11941434WA016700173625
B1943383429742N11941436WA016690173442
B1943393429735N11941440WA016680173416
B1943403429729N11941447WA016670173305
B1943413429724N11941455WA016660173189
B1943423429721N11941464WA016670173346
B1943433429720N11941472WA016670173421
B1943443429719N11941481WA016670173481
B1943453429721N11941486WA016660173189
B1943463429726N11941489WA016650172920
B1943473429733N11941490WA016640172819
B1943483429740N11941491WA016630172773
B1943493429748N11941490WA016620172779
B1943503429756N11941489WA016620172714
B1943513429763N11941487WA016620172754
B1943523429770N11941485WA016620172872
B1943533429776N11941483WA016620172980
B1943543429781N11941479WA016620173056
B1943553429785N11941474WA016620173028
B1943563429787N11941468WA016620173029
B1943573429787N11941462WA016620173074
B1943583429786N11941455WA016620173052
B1943593429783N11941448WA016610172946
B1944003429779N11941442WA016610172904
B1944013429773N11941437WA016600172891
B1944023429768N11941433WA016590172770
B1944033429762N11941429WA016570172549
B1944043429754N11941428WA016550172390
B1944053429746N11941427WA016530172345
B1944063429737N11941427WA016520172377
B1944073429730N11941427WA016500172215
B1944083429723N11941427WA016500172110
B1944093429716N11941426WA016500172076
B1944103429710N11941426WA016490171937
B1944113429703N11941427WA016480171851
B1944123429696N11941427WA016460171653
B1944133429688N11941427WA016450171572
B1944143429680N11941426WA016420171349
B1944153429671N11941426WA016400171274
B1944163429662N11941425WA016380171253
B1944173429653N11941423WA016360171267
B1944183429644N11941422WA016350171292
B1944193429637N11941420WA016350171007
B1944203429629N11941419WA016340170888
B1944213429622N11941419WA016330170680
B1944223429615N11941418WA016300170532
B1944233429607N11941417WA016270170414
B1944243429598N11941416WA016240170449
B1944253429589N11941416WA016200170334
B1944263429580N11941415WA016170170337
B1944273429571N11941415WA016140170260
B1944283429563N11941414WA016120170166
B1944293429556N11941414WA016090169914
B1944303429548N11941414WA016060169793
B1944313429542N11941413WA016040169403
B1944323429535N11941410WA016020169253
B1944333429529N11941405WA015990168865
B1944343429525N11941398WA015960168638
B1944353429521N11941391WA015940168711
B1944363429516N11941383WA015920168636
B1944373429511N11941376WA015910168428
B1944383429505N11941370WA015890168267
B1944393429499N11941364WA015870167983
B1944403429494N11941357WA015840167814
B1944413429488N11941350WA015820167782
B1944423429483N11941342WA015800167638
B1944433429477N11941335WA015790167497
B1944443429472N11941328WA015780167145
B1944453429467N11941321WA015770166945
B1944463429462N11941314WA015760166746
B1944473429457N11941307WA015740166549
B1944483429452N11941300WA015720166487
B1944493429448N11941293WA015700166261
B1944503429444N11941285WA015690166163
B1944513429440N11941277WA015670165958
B1944523429435N11941270WA015660165784
B1944533429431N11941263WA015650165408
B1944543429426N11941257WA015640165047
B1944553429421N11941251WA015630164772
B1944563429416N11941244WA015620164495
B1944573429411N11941237WA015600164194
B1944583429406N11941229WA015590163979
B1944593429401N11941221WA015560163789
B1945003429396N11941213WA015540163653
B1945013429391N11941204WA015520163524
B1945023429386N11941195WA015500163316
B1945033429381N11941186WA015480163138
B1945043429376N11941178WA015460163061
B1945053429372N11941169WA015440162805
B1945063429367N11941160WA015420162707
B1945073429361N11941151WA015410162687
B1945083429356N11941142WA015390162478
B1945093429351N11941133WA015380162278
B1945103429346N11941124WA015370162199
B1945113429342N11941115WA015360161949
B1945123429338N11941106WA015350161748
B1945133429334N11941097WA015340161666
B1945143429331N11941088WA015330161523
B1945153429328N11941078WA015320161328
B1945163429325N11941069WA015300161141
B1945173429323N11941059WA015290160901
B1945183429320N11941049WA015270160893
B1945193429318N11941039WA015250160684
B1945203429316N11941029WA015230160555
B1945213429314N11941019WA015210160425
B1945223429311N11941009WA015200160294
B1945233429309N11940999WA015180160073
B1945243429307N11940989WA015170159941
B1945253429305N11940978WA015150159728
B1945263429302N11940968WA015140159596
B1945273429300N11940958WA015130159345
B1945283429297N11940948WA015120159194
B1945293429295N11940938WA015100158926
B1945303429292N11940928WA015080158727
B1945313429289N11940918WA015070158518
B1945323429286N11940908WA015050158408
B1945333429283N11940898WA015020158247
B1945343429281N11940888WA015000158144
B1945353429280N11940878WA014980158000
B1945363429278N11940867WA014950157886
B1945373429277N11940857WA014920157682
B1945383429276N11940846WA014890157468
B1945393429275N11940836WA014870157341
B1945403429274N11940825WA014840157232
B1945413429273N11940814WA014810157055
B1945423429272N11940804WA014790156891
B1945433429272N11940793WA014770156638
B1945443429271N11940783WA014740156561
B1945453429270N11940772WA014720156494
B1945463429270N11940761WA014690156338
B1945473429270N11940751WA014670156210
B1945483429270N11940740WA014640156131
B1945493429271N11940729WA014630156002
B1945503429272N11940718WA014620155815
B1945513429274N11940708WA014610155706
B1945523429276N11940699WA014610155563
B1945533429279N11940690WA014600155223
B1945543429281N11940681WA014590154973
B1945553429283N11940671WA014570154784
B1945563429285N11940660WA014560154478
B1945573429287N11940649WA014530154248
B1945583429288N11940639WA014520154281
B1945593429290N11940629WA014500154031
B1946003429291N11940619WA014480153887
B1946013429293N11940611WA014470153505
B1946023429294N11940603WA014450153306
B1946033429295N11940595WA014430153024
B1946043429297N11940586WA014400152749
B1946053429300N11940578WA014370152521
B1946063429303N11940568WA014340152454
B1946073429307N11940558WA014310152314
B1946083429310N11940548WA014280152178
B1946093429313N11940539WA014260152076
B1946103429315N11940530WA014250151774
B1946113429316N11940520WA014230151478
B1946123429317N11940510WA014210151219
B1946133429317N11940501WA014200151041
B1946143429317N11940491WA014190150863
B1946153429317N11940481WA014180150555
B1946163429317N11940472WA014170150311
B1946173429316N11940463WA014160150170
B1946183429316N11940453WA014140149948
B1946193429316N11940444WA014110149758
B1946203429316N11940435WA014080149491
B1946213429317N11940424WA014050149368
B1946223429318N11940413WA014020149159
B1946233429319N11940402WA013990148938
B1946243429319N11940391WA013970148886
B1946253429320N11940381WA013970148600
B1946263429320N11940370WA013960148527
B1946273429320N11940360WA013960148259
B1946283429320N11940350WA013950147987
B1946293429320N11940340WA013930147772
B1946303429319N11940329WA013910147673
B1946313429317N11940318WA013900147483
B1946323429315N11940307WA013880147362
B1946333429313N11940296WA013870147293
B1946343429313N11940285WA013860147024
B1946353429313N11940274WA013860146857
B1946363429314N11940264WA013860146554
B1946373429315N11940254WA013860146363
B1946383429316N11940243WA013850146139
B1946393429316N11940233WA013830146072
B1946403429317N11940222WA013820145812
B1946413429317N11940211WA013800145655
B1946423429317N11940200WA013770145469
B1946433429317N11940190WA013750145235
B1946443429316N11940180WA013720145153
B1946453429315N11940170WA013700145022
B1946463429313N11940160WA013670144886
B1946473429312N11940151WA013650144684
B1946483429312N11940142WA013620144426
B1946493429311N11940133WA013580144288
B1946503429311N11940124WA013540144124
B1946513429310N11940114WA013500144168
B1946523429310N11940103WA013460144118
B1946533429309N11940092WA013430144066
B1946543429308N11940081WA013410143999
B1946553429308N11940071WA013390143805
B1946563429306N11940061WA013370143796
B1946573429306N11940052WA013350143513
B1946583429305N11940042WA013330143358
B1946593429305N11940033WA013310143200
B1947003429304N11940022WA013270143037
B1947013429303N11940012WA013250142923
B1947023429301N11940002WA013220142780
B1947033429300N11939991WA013190142546
B1947043429299N11939980WA013160142318
B1947053429297N11939969WA013120142195
B1947063429296N11939957WA013090142065
B1947073429295N11939945WA013050142034
B1947083429293N11939933WA013020141962
B1947093429291N11939920WA013000141989
B1947103429290N11939909WA012990141722
B1947113429289N11939897WA012980141558
B1947123429289N11939886WA012970141357
B1947133429289N11939876WA012950141191
B1947143429290N11939866WA012940141033
B1947153429290N11939856WA012920140866
B1947163429291N11939846WA012900140605
B1947173429291N11939835WA012880140467
B1947183429292N11939824WA012860140329
B1947193429292N11939814WA012840140150
B1947203429292N11939802WA012820139998
B1947213429293N11939791WA012800139836
B1947223429293N11939780WA012790139663
B1947233429293N11939769WA012770139380
B1947243429294N11939757WA012760139208
B1947253429293N11939746WA012740139093
B1947263429293N11939735WA012730138720
B1947273429291N11939723WA012710138599
B1947283429290N11939712WA012690138229
B1947293429288N11939701WA012680138007
B1947303429285N11939690WA012660137855
B1947313429283N11939679WA012640137627
B1947323429281N11939668WA012620137415
B1947333429279N11939657WA012600137256
B1947343429278N11939646WA012580137033
B1947353429277N11939634WA012560136879
B1947363429277N11939623WA012540136643
B1947373429276N11939611WA012520136472
B1947383429275N11939599WA012520136465
B1947393429274N11939589WA012520136124
B1947403429272N11939580WA012520135901
B1947413429269N11939571WA012510135454
B1947423429267N11939562WA012490135028
B1947433429264N11939553WA012470134751
B1947443429261N11939542WA012440134687
B1947453429259N11939532WA012400134614
B1947463429256N11939521WA012380134596
B1947473429255N11939510WA012360134446
B1947483429254N11939500WA012360134187
B1947493429254N11939491WA012360133947
B1947503429254N11939483WA012350133706
B1947513429253N11939475WA012330133367
B1947523429253N11939466WA012310133018
B1947533429252N11939456WA012280132854
B1947543429251N11939445WA012240132790
B1947553429251N11939433WA012200132640
B1947563429251N11939421WA012170132540
B1947573429251N11939409WA012150132424
B1947583429251N11939398WA012120132225
B1947593429251N11939388WA012100131841
B1948003429251N11939378WA012070131583
B1948013429252N11939367WA012040131215
B1948023429252N11939356WA012010130941
B1948033429253N11939344WA011970130811
B1948043429253N11939331WA011940130877
B1948053429254N11939318WA011910130818
B1948063429255N11939306WA011910130715
B1948073429256N11939295WA011920130778
B1948083429259N11939287WA011930130731
B1948093429262N11939279WA011960130392
B1948103429267N11939272WA012000130212
B1948113429270N11939268WA012040129681
B1948123429274N11939265WA012080129460
B1948133429278N11939263WA012110128897
B1948143429283N11939259WA012130128611
B1948153429285N11939253WA012160128660
B1948163429285N11939246WA012180128698
B1948173429284N11939242WA012200128648
B1948183429282N11939240WA012210128602
B1948193429278N11939239WA012230128543
B1948203429274N11939240WA012250128570
B1948213429272N11939239WA012260128407
B1948223429270N11939241WA012260128521
B1948233429270N11939245WA012280128679
B1948243429277N11939254WA012300128426
B1948253429288N11939267WA012320128274
B1948263429297N11939274WA012350128314
B1948273429305N11939276WA012370128749
B1948283429313N11939276WA012400128607
B1948293429318N11939271WA012420128738
B1948303429322N11939264WA012420129024
B1948313429323N11939257WA012420129313
B1948323429322N11939250WA012420129467
B1948333429320N11939245WA012420129472
B1948343429320N11939240WA012420129469
B1948353429319N11939238WA012440129594
B1948363429320N11939233WA012450130076
B1948383429319N11939224WA012500130833
B1948393429318N11939218WA012520131023
B1948403429319N11939212WA012540131379
B1948413429320N11939207WA012550131295
B1948423429320N11939207WA012560131444
B1948433429320N11939207WA012570131245
B1948443429323N11939203WA012570130400
B1948453429338N11939224WA012570129570
B1948463429343N11939230WA012570129221
B1948473429345N11939231WA012570129063
B1948483429344N11939229WA012580129361
B1948493429344N11939225WA012600129562
B1948503429346N11939220WA012610129667
B1948513429349N11939216WA012630129960
B1948523429350N11939210WA012650130178
B1948533429351N11939205WA012660130173
B1948543429350N11939201WA012670130088
B1948553429347N11939201WA012670130379
B1948563429345N11939202WA012670130450
B1948573429341N11939204WA012670130678
B1948583429337N11939220WA012680131140
B1948593429336N11939227WA012680131324
B1949003429336N11939234WA012690131445
B1949013429337N11939243WA012700131572
B1949023429339N11939252WA012700131621
B1949033429345N11939259WA012700131758
B1949043429352N11939268WA012700131941
B1949053429361N11939268WA012700132105
B1949063429366N11939265WA012700132371
B1949073429369N11939258WA012700132578
B1949083429372N11939252WA012700132718
B1949093429371N11939247WA012710133005
B1949103429369N11939243WA012730133243
B1949113429367N11939240WA012740133472
B1949123429366N11939237WA012750133402
B1949133429364N11939234WA012750133317
B1949143429361N11939232WA012740133282
B1949153429357N11939228WA012720132994
B1949163429353N11939224WA012700133087
B1949173429348N11939220WA012700133112
B1949183429343N11939216WA012710133465
B1949193429340N11939213WA012730133665
B1949203429338N11939210WA012760134078
B1949213429336N11939208WA012790134092
B1949223429334N11939206WA012820134171
B1949233429332N11939204WA012840134223
B1949243429329N11939201WA012850134215
B1949253429325N11939196WA012850134277
B1949263429322N11939191WA012850134444
B1949273429320N11939183WA012860134627
B1949283429319N11939177WA012880135093
B1949293429319N11939171WA012900135053
B1949303429319N11939166WA012910134907
B1949313429317N11939161WA012910134888
B1949323429315N11939155WA012890134669
B1949333429311N11939147WA012860134379
B1949343429307N11939139WA012830134454
B1949353429303N11939130WA012820134515
B1949363429300N11939122WA012830134710
B1949373429298N11939114WA012840134827
B1949383429296N11939109WA012870135055
B1949393429294N11939105WA012890135094
B1949403429293N11939101WA012890134932
B1949413429291N11939095WA012880134768
B1949423429289N11939089WA012860134684
B1949433429287N11939081WA012830134558
B1949443429284N11939072WA012800134629
B1949453429280N11939063WA012770134686
B1949463429277N11939054WA012750134550
B1949473429275N11939047WA012730134552
B1949483429273N11939040WA012710134498
B1949493429272N11939034WA012680134289
B1949503429272N11939028WA012650134008
B1949513429270N11939022WA012610133982
B1949523429269N11939014WA012560133935
B1949533429266N11939005WA012520133894
B1949543429263N11938994WA012490133673
B1949553429260N11938983WA012480133632
B1949563429257N11938972WA012500133512
B1949573429255N11938963WA012520133301
B1949583429253N11938955WA012530133245
B1949593429252N11938949WA012550133074
B1950003429252N11938943WA012550133021
B1950013429251N11938936WA012540132760
B1950023429250N11938927WA012540132635
B1950033429248N11938917WA012530132539
B1950043429246N11938909WA012540132651
B1950053429245N11938901WA012550132623
B1950063429244N11938895WA012570132752
B1950073429244N11938889WA012590132606
B1950083429243N11938884WA012590132643
B1950093429242N11938878WA012590132556
B1950103429240N11938872WA012580132384
B1950113429238N11938865WA012560132346
B1950123429235N11938858WA012530132231
B1950133429232N11938850WA012510132103
B1950143429228N11938842WA012480132041
B1950153429224N11938833WA012450132071
B1950163429221N11938823WA012440131909
B1950173429217N11938814WA012430131855
B1950183429214N11938805WA012420131678
B1950193429212N11938797WA012420131425
B1950203429209N11938789WA012410131394
B1950213429207N11938781WA012400131150
B1950223429205N11938772WA012380130924
B1950233429202N11938763WA012350130892
B1950243429200N11938753WA012320130744
B1950253429197N11938743WA012290130686
B1950263429195N11938733WA012270130507
B1950273429192N11938724WA012240130444
B1950283429189N11938715WA012220130395
B1950293429187N11938706WA012200130146
B1950303429185N11938697WA012180129828
B1950313429183N11938688WA012140129746
B1950323429181N11938679WA012110129681
B1950333429179N11938669WA012080129572
B1950343429177N11938659WA012050129511
B1950353429174N11938649WA012010129423
B1950363429171N11938640WA011990129443
B1950373429168N11938631WA011960129387
B1950383429166N11938623WA011940129151
B1950393429164N11938614WA011910129013
B1950403429161N11938605WA011880128975
B1950413429159N11938596WA011840128825
B1950423429156N11938587WA011810128782
B1950433429154N11938577WA011770128613
B1950443429150N11938567WA011730128595
B1950453429146N11938557WA011690128599
B1950463429142N11938548WA011650128514
B1950473429137N11938539WA011610128529
B1950483429131N11938532WA011590128566
B1950493429125N11938526WA011590128427
B1950503429118N11938521WA011590128453
B1950513429112N11938516WA011580128144
B1950523429107N11938510WA011560127957
B1950533429103N11938504WA011550127739
B1950543429099N11938499WA011530127633
B1950553429095N11938493WA011520127389
B1950563429091N11938487WA011490127098
B1950573429087N11938480WA011480126918
B1950583429082N11938473WA011460126806
B1950593429077N11938467WA011460126542
B1951003429073N11938461WA011450126441
B1951013429070N11938455WA011450126153
B1951023429068N11938447WA011440125916
B1951033429065N11938438WA011430125868
B1951043429063N11938429WA011430125807
B1951053429060N11938421WA011440125644
B1951063429058N11938413WA011450125339
B1951073429056N11938407WA011450124950
B1951083429055N11938401WA011450124546
B1951093429053N11938396WA011450124082
B1951103429051N11938389WA011440123639
B1951113429048N11938383WA011420123350
B1951123429045N11938375WA011400122942
B1951133429042N11938367WA011390122688
B1951143429040N11938359WA011380122336
B1951153429037N11938350WA011360122067
B1951163429034N11938342WA011350121891
B1951173429032N11938333WA011340121636
B1951183429029N11938325WA011340121491
B1951193429027N11938316WA011350121183
B1951203429026N11938307WA011350120938
B1951213429025N11938299WA011360120717
B1951223429023N11938291WA011360120677
B1951233429021N11938284WA011350120471
B1951243429019N11938276WA011330120345
B1951253429017N11938268WA011320120126
B1951263429015N11938260WA011290119945
B1951273429013N11938252WA011270119781
B1951283429012N11938243WA011250119629
B1951293429010N11938235WA011220119549
B1951303429008N11938228WA011190119450
B1951313429006N11938219WA011160119269
B1951323429004N11938211WA011140119168
B1951333429002N11938203WA011110118943
B1951343429000N11938194WA011090118818
B1951353428998N11938185WA011070118608
B1951363428996N11938176WA011070118504
B1951373428994N11938166WA011070118436
B1951383428993N11938156WA011070118309
B1951393428992N11938146WA011060118109
B1951403428991N11938137WA011060118041
B1951413428990N11938127WA011070117983
B1951423428990N11938118WA011080117842
B1951433428990N11938110WA011090117719
B1951443428990N11938104WA011100117611
B1951453428990N11938098WA011110117530
B1951463428990N11938091WA011100117443
B1951473428990N11938083WA011090117316
B1951483428989N11938074WA011090117313
B1951493428987N11938064WA011090117432
B1951503428985N11938054WA011100117563
B1951513428984N11938045WA011100117464
B1951523428984N11938037WA011110117486
B1951533428986N11938030WA011110117310
B1951543428987N11938022WA011110117290
B1951553428990N11938013WA011100117132
B1951563428993N11938003WA011090117123
B1951573428996N11937993WA011080117121
B1951583428999N11937983WA011080117212
B1951593429001N11937973WA011080117358
B1952003429003N11937965WA011100117344
B1952013429004N11937957WA011110117339
B1952023429004N11937950WA011120117449
B1952033429003N11937944WA011120117393
B1952043429003N11937937WA011110117222
B1952053429002N11937929WA011100117236
B1952063429000N11937922WA011090117083
B1952073428998N11937915WA011070117042
B1952083428995N11937908WA011040116943
B1952093428991N11937900WA011010116988
B1952103428987N11937892WA010990116987
B1952113428984N11937883WA010970116838
B1952123428982N11937874WA010960116701
B1952133428981N11937864WA010970116616
B1952143428980N11937855WA010970116528
B1952153428979N11937847WA010980116511
B1952163428977N11937838WA011000116646
B1952173428975N11937830WA011020116797
B1952183428974N11937824WA011050116750
B1952193428973N11937818WA011080116759
B1952203428972N11937815WA011100116720
B1952213428970N11937812WA011100116615
B1952223428966N11937810WA011090116653
B1952233428961N11937808WA011080116647
B1952243428955N11937808WA011070116658
B1952253428950N11937810WA011050116637
B1952263428946N11937814WA011030116554
B1952273428943N11937819WA011000116486
B1952283428941N11937825WA010970116387
B1952293428943N11937836WA010950116159
B1952303428946N11937848WA010930115813
B1952313428950N11937857WA010930115906
B1952323428955N11937863WA010930115813
B1952333428959N11937867WA010940115887
B1952343428962N11937871WA010950115718
B1952353428962N11937876WA010950115721
B1952363428960N11937880WA010950115746
B1952373428957N11937884WA010950115620
B1952383428953N11937885WA010950115688
B1952393428950N11937886WA010950115662
B1952403428947N11937886WA010940115442
B1952413428943N11937885WA010930115399
B1952423428939N11937885WA010910115274
B1952433428935N11937884WA010890115110
B1952443428930N11937880WA010860115167
B1952453428926N11937875WA010830115149
B1952463428922N11937871WA010810115088
B1952473428920N11937868WA010780114803
B1952483428917N11937864WA010750114616
B1952493428914N11937859WA010710114604
B1952503428910N11937852WA010680114514
B1952513428905N11937844WA010650114593
B1952523428901N11937836WA010650114494
B1952533428898N11937829WA010650114398
B1952543428896N11937824WA010650114241
B1952553428894N11937818WA010640114042
B1952563428893N11937811WA010630113800
B1952573428892N11937802WA010620113736
B1952583428891N11937793WA010610113683
B1952593428891N11937784WA010590113562
B1953003428890N11937776WA010580113487
B1953013428889N11937769WA010560113236
B1953023428887N11937762WA010540113037
B1953033428885N11937755WA010520112816
B1953043428883N11937748WA010490112707
B1953053428880N11937741WA010460112721
B1953063428876N11937732WA010440112699
B1953073428873N11937724WA010430112429
B1953083428868N11937717WA010440112396
B1953093428865N11937712WA010450112355
B1953103428862N11937708WA010450112168
B1953113428860N11937706WA010450111820
B1953123428857N11937702WA010440111653
B1953133428854N11937697WA010430111403
B1953143428849N11937690WA010400111358
B1953153428844N11937682WA010380111389
B1953163428840N11937672WA010360111359
B1953173428837N11937661WA010360111318
B1953183428836N11937652WA010360111151
B1953193428836N11937644WA010360110972
B1953203428836N11937637WA010360110688
B1953213428836N11937631WA010350110443
B1953223428835N11937624WA010340110181
B1953233428835N11937614WA010320110134
B1953243428835N11937603WA010310109927
B1953253428835N11937593WA010310109914
B1953263428835N11937584WA010320109941
B1953273428835N11937577WA010340109981
B1953283428836N11937571WA010340109867
B1953293428837N11937566WA010340109652
B1953303428837N11937560WA010320109383
B1953313428837N11937553WA010300109140
B1953323428836N11937544WA010280109003
B1953333428834N11937534WA010250109017
B1953343428832N11937524WA010220109035
B1953353428830N11937514WA010210108983
B1953363428829N11937505WA010220108973
B1953373428829N11937497WA010230108919
B1953383428828N11937491WA010240108988
B1953393428828N11937486WA010250108996
B1953403428829N11937481WA010260108834
B1953413428829N11937475WA010250108859
B1953423428829N11937470WA010250108851
B1953433428829N11937463WA010250108845
B1953443428829N11937456WA010250108833
B1953453428829N11937449WA010260108934
B1953463428829N11937443WA010280108969
B1953473428830N11937439WA010290108931
B1953483428831N11937433WA010290108859
B1953493428833N11937427WA010300109048
B1953503428835N11937421WA010310109180
B1953513428838N11937414WA010320109266
B1953523428841N11937408WA010330109338
B1953533428844N11937403WA010340109437
B1953543428848N11937399WA010350109304
B1953553428853N11937395WA010350109318
B1953563428859N11937392WA010350109368
B1953573428866N11937389WA010340109263
B1953583428872N11937384WA010330109393
B1953593428877N11937378WA010330109441
B1954003428880N11937371WA010340109654
B1954013428881N11937364WA010360109737
B1954023428880N11937359WA010370109718
B1954033428878N11937355WA010390109706
B1954043428876N11937352WA010410109836
B1954053428875N11937350WA010420110047
B1954063428873N11937349WA010430110088
B1954073428871N11937353WA010440109595
B1954083428870N11937357WA010430109220
B1954093428869N11937358WA010420109091
B1954103428871N11937360WA010400108996
B1954113428874N11937366WA010380108883
B1954123428875N11937367WA010380108647
B1954133428876N11937365WA010390108412
B1954143428877N11937361WA010400108354
B1954153428879N11937359WA010420108618
B1954163428879N11937356WA010420108440
B1954173428879N11937352WA010420108516
B1954183428877N11937349WA010420108524
B1954193428875N11937346WA010420108435
B1954203428874N11937342WA010410108316
B1954213428873N11937338WA010400108114
B1954223428872N11937333WA010400108162
B1954233428872N11937327WA010390108102
B1954243428871N11937320WA010380108264
B1954253428871N11937312WA010370108325
B1954263428870N11937304WA010360108484
B1954273428869N11937296WA010360108689
B1954283428869N11937290WA010360108741
B1954293428869N11937283WA010350108853
B1954303428870N11937276WA010340108851
B1954313428872N11937267WA010330108917
B1954323428873N11937259WA010320109013
B1954333428873N11937251WA010310109086
B1954343428874N11937244WA010310109127
B1954353428874N11937238WA010300109032
B1954363428874N11937231WA010300109045
B1954373428875N11937224WA010290109002
B1954383428875N11937216WA010290108975
B1954393428876N11937208WA010280108938
B1954403428876N11937201WA010280108972
B1954413428877N11937193WA010270108937
B1954423428878N11937186WA010260108813
B1954433428878N11937178WA010250108778
B1954443428878N11937171WA010230108638
B1954453428876N11937164WA010220108568
B1954463428874N11937157WA010200108509
B1954473428870N11937151WA010190108462
B1954483428866N11937144WA010180108374
B1954493428862N11937138WA010180108392
B1954503428859N11937132WA010180108247
B1954513428856N11937127WA010180108113
B1954523428852N11937121WA010180108186
B1954533428849N11937115WA010180108064
B1954543428846N11937109WA010170107926
B1954553428842N11937103WA010160107759
B1954563428838N11937098WA010150107655
B1954573428833N11937092WA010140107599
B1954583428828N11937086WA010130107598
B1954593428823N11937080WA010110107582
B1955003428818N11937073WA010100107493
B1955013428814N11937066WA010110107447
B1955023428810N11937060WA010110107445
B1955033428806N11937054WA010120107499
B1955043428803N11937049WA010130107497
B1955053428801N11937045WA010130107461
B1955063428799N11937040WA010130107334
B1955073428796N11937035WA010130107373
B1955083428793N11937029WA010120107355
B1955093428790N11937023WA010120107332
B1955103428787N11937017WA010110107321
B1955113428784N11937011WA010110107322
B1955123428781N11937005WA010100107226
B1955133428778N11937000WA010100107233
B1955143428775N11936994WA010090107239
B1955153428772N11936989WA010090107124
B1955163428769N11936984WA010090107110
B1955173428765N11936978WA010080107084
B1955183428762N11936972WA010070106936
B1955193428758N11936966WA010070106955
B1955203428754N11936960WA010060106862
B1955213428750N11936953WA010040106888
B1955223428747N11936947WA010030106705
B1955233428743N11936941WA010020106602
B1955243428738N11936934WA010020106778
B1955253428734N11936929WA010040106875
B1955263428730N11936925WA010050106995
B1955273428727N11936921WA010070106999
B1955283428725N11936917WA010100107149
B1955293428723N11936913WA010120107211
B1955303428721N11936907WA010160107317
B1955313428720N11936902WA010180107427
B1955323428720N11936897WA010210107558
B1955333428721N11936892WA010230107631
B1955343428722N11936886WA010260107810
B1955353428722N11936880WA010280108156
B1955363428722N11936875WA010300108369
B1955373428723N11936871WA010320108606
B1955383428723N11936867WA010340108710
B1955393428723N11936861WA010370108929
B1955403428723N11936856WA010390109161
B1955413428724N11936850WA010410109393
B1955423428726N11936844WA010430109467
B1955433428727N11936839WA010430109572
B1955443428727N11936833WA010430109617
B1955453428724N11936828WA010430109668
B1955463428721N11936826WA010430109660
B1955473428719N11936822WA010420109619
B1955483428716N11936821WA010420109662
B1955493428714N11936818WA010440109856
B1955503428713N11936817WA010450110365
B1955523428720N11936822WA010490110101
B1955533428725N11936822WA010520110458
B1955543428733N11936824WA010550110295
B1955553428743N11936827WA010570109921
B1955563428752N11936826WA010590109626
B1955573428750N11936819WA010610109992
B1955583428748N11936811WA010630110068
B1955593428746N11936809WA010650110134
B1956003428743N11936807WA010660110035
B1956013428742N11936809WA010670110024
B1956023428742N11936813WA010670110122
B1956033428742N11936816WA010680110001
B1956043428742N11936821WA010690109824
B1956053428744N11936825WA010700109648
B1956063428746N11936831WA010710109841
B1956073428750N11936833WA010730109891
B1956083428754N11936835WA010760109872
B1956093428758N11936834WA010780110034
B1956113428766N11936827WA010830110625
B1956123428767N11936822WA010850111351
B1956133428768N11936811WA010870110960
B1956143428764N11936809WA010900111259
B1956153428760N11936810WA010910111586
B1956163428758N11936813WA010920111729
B1956173428757N11936818WA010920111907
B1956183428756N11936825WA010930112263
B1956193428757N11936832WA010940112530
B1956203428759N11936838WA010960112797
B1956213428764N11936844WA010970112986
B1956223428772N11936848WA010990113240
B1956233428780N11936851WA011010113326
B1956243428788N11936851WA011030113777
B1956253428795N11936850WA011050114220
B1956263428797N11936843WA011080114782
B1956273428796N11936834WA011110115326
B1956283428793N11936827WA011140115389
B1956293428793N11936822WA011170115643
B1956303428794N11936817WA011190115717
B1956313428795N11936812WA011210115901
B1956323428795N11936808WA011240116071
B1956333428796N11936809WA011260116481
B1956343428794N11936829WA011280116458
B1956353428795N11936843WA011300116685
B1956363428799N11936855WA011320117659
B1956373428806N11936856WA011330117922
B1956383428813N11936852WA011340118425
B1956393428819N11936846WA011350118467
B1956403428822N11936838WA011370118864
B1956413428825N11936830WA011390118908
B1956423428822N11936825WA011400119040
B1956433428818N11936821WA011420119202
B1956443428813N11936819WA011430119531
B1956453428808N11936818WA011450119864
B1956463428804N11936818WA011470120164
B1956473428801N11936819WA011490120307
B1956483428798N11936822WA011510120529
B1956493428796N11936827WA011530120679
B1956503428795N11936833WA011550120752
B1956513428798N11936839WA011570121087
B1956523428804N11936845WA011590121291
B1956533428812N11936848WA011610121575
B1956543428820N11936850WA011630121990
B1956553428828N11936848WA011660122299
B1956563428836N11936847WA011690122293
B1956573428843N11936842WA011700122213
B1956583428847N11936835WA011700122252
B1956593428850N11936827WA011700122200
B1957003428849N11936819WA011700122302
B1957013428845N11936813WA011700122437
B1957023428841N11936809WA011700122522
B1957033428836N11936809WA011710122846
B1957043428832N11936810WA011730123149
B1957053428829N11936813WA011740123202
B1957063428825N11936815WA011760123399
B1957073428823N11936819WA011770123405
B1957083428820N11936824WA011780123568
B1957093428818N11936830WA011800123648
B1957103428819N11936839WA011820124081
B1957113428821N11936846WA011850124165
B1957123428827N11936850WA011880124506
B1957133428832N11936854WA011910124543
B1957143428838N11936855WA011940124573
B1957153428845N11936853WA011960124664
B1957163428853N11936848WA011960124631
B1957173428859N11936840WA011950124758
B1957183428865N11936833WA011950124871
B1957193428869N11936824WA011960124962
B1957203428871N11936815WA011970125015
B1957213428869N11936808WA011970125095
B1957223428867N11936803WA011980125100
B1957233428865N11936798WA011980125285
B1957243428865N11936794WA011980125597
B1957253428864N11936794WA011990125469
B1957263428862N11936792WA012010125890
B1957273428861N11936792WA012030125984
B1957293428855N11936824WA012080125901
B1957303428854N11936834WA012110125814
B1957313428857N11936840WA012120126092
B1957323428863N11936844WA012120126289
B1957333428871N11936847WA012120126440
B1957343428879N11936846WA012120126561
B1957353428886N11936843WA012120126635
B1957363428892N11936838WA012110126603
B1957373428894N11936829WA012110126998
B1957383428895N11936820WA012110127038
B1957393428893N11936814WA012110127098
B1957403428893N11936809WA012110127197
B1957413428892N11936806WA012110127067
B1957423428892N11936802WA012100126913
B1957433428890N11936797WA012090126949
B1957443428888N11936793WA012090127021
B1957453428883N11936790WA012080126930
B1957463428877N11936788WA012070126980
B1957473428870N11936787WA012060126903
B1957483428858N11936787WA012040126771
B1957493428850N11936786WA012030126622
B1957503428842N11936785WA012030126784
B1957513428836N11936785WA012030126701
B1957523428831N11936782WA012040126705
B1957533428826N11936777WA012050126794
B1957543428823N11936771WA012060126849
B1957553428819N11936767WA012080126953
B1957563428815N11936764WA012100126911
B1957573428810N11936761WA012110127027
B1957583428804N11936759WA012130127192
B1957593428800N11936756WA012150127230
B1958003428796N11936752WA012160127276
B1958013428794N11936749WA012140127107
B1958023428791N11936747WA012120127042
B1958033428787N11936744WA012080126988
B1958043428782N11936741WA012040126876
B1958053428776N11936738WA012000126771
B1958063428770N11936734WA011980126723
B1958073428764N11936731WA011960126720
B1958083428758N11936728WA011960126670
B1958093428753N11936724WA011960126547
B1958103428748N11936721WA011960126440
B1958113428743N11936717WA011950126381
B1958123428739N11936712WA011940126129
B1958133428734N11936708WA011930126066
B1958143428729N11936703WA011920125999
B1958153428725N11936698WA011900125829
B1958163428720N11936693WA011880125769
B1958173428715N11936689WA011860125692
B1958183428711N11936685WA011840125510
B1958193428706N11936680WA011820125428
B1958203428701N11936676WA011800125346
B1958213428696N11936672WA011770125173
B1958223428691N11936667WA011740124979
B1958233428686N11936663WA011700124741
B1958243428680N11936657WA011670124623
B1958253428673N11936650WA011660124544
B1958263428668N11936643WA011670124407
B1958273428663N11936635WA011690124545
B1958283428660N11936628WA011720124571
B1958293428658N11936622WA011740124770
B1958303428656N11936616WA011770124794
B1958313428655N11936610WA011800124807
B1958323428653N11936605WA011840124951
B1958333428652N11936599WA011870124964
B1958343428652N11936594WA011880124924
B1958353428651N11936590WA011870124871
B1958363428650N11936585WA011850124685
B1958373428649N11936579WA011820124345
B1958383428647N11936572WA011790124263
B1958393428645N11936564WA011750124320
B1958403428642N11936555WA011720124331
B1958413428639N11936546WA011690124222
B1958423428635N11936537WA011670124193
B1958433428632N11936528WA011650124099
B1958443428630N11936520WA011640123817
B1958453428627N11936512WA011640123645
B1958463428624N11936504WA011630123551
B1958473428621N11936495WA011620123378
B1958483428618N11936487WA011600123196
B1958493428616N11936479WA011580122921
B1958503428613N11936469WA011560122878
B1958513428610N11936459WA011550122786
B1958523428607N11936449WA011530122771
B1958533428604N11936438WA011540122648
B1958543428601N11936429WA011540122584
B1958553428599N11936421WA011550122582
B1958563428597N11936413WA011560122396
B1958573428595N11936406WA011550122272
B1958583428592N11936398WA011550122085
B1958593428589N11936390WA011540122033
B1959003428585N11936381WA011530122048
B1959013428581N11936373WA011520121859
B1959023428578N11936366WA011510121622
B1959033428575N11936358WA011500121504
B1959043428571N11936350WA011480121490
B1959053428568N11936341WA011470121252
B1959063428564N11936332WA011460121291
B1959073428561N11936323WA011450121103
B1959083428557N11936315WA011440121160
B1959093428554N11936307WA011430120971
B1959103428552N11936299WA011420120800
B1959113428549N11936290WA011400120717
B1959123428545N11936282WA011390120593
B1959133428542N11936273WA011370120457
B1959143428538N11936264WA011360120398
B1959153428535N11936256WA011340120240
B1959163428532N11936247WA011330120104
B1959173428528N11936239WA011320120060
B1959183428525N11936231WA011310119910
B1959193428521N11936223WA011300119774
B1959203428518N11936215WA011290119509
B1959213428514N11936208WA011270119414
B1959223428509N11936201WA011260119381
B1959233428505N11936193WA011240119239
B1959243428500N11936187WA011230119152
B1959253428495N11936181WA011220119085
B1959263428491N11936177WA011220118840
B1959273428486N11936172WA011210118675
B1959283428481N11936168WA011190118572
B1959293428476N11936163WA011170118427
B1959303428470N11936158WA011140118438
B1959313428464N11936154WA011120118340
B1959323428458N11936149WA011100118146
B1959333428452N11936145WA011080117966
B1959343428446N11936141WA011050117746
B1959353428439N11936137WA011020117665
B1959363428432N11936133WA010990117523
B1959373428424N11936129WA010960117517
B1959383428416N11936126WA010940117628
B1959393428408N11936124WA010930117508
B1959403428400N11936123WA010940117441
B1959413428393N11936121WA010940117138
B1959423428386N11936120WA010940116964
B1959433428380N11936119WA010930116610
B1959443428373N11936117WA010920116448
B1959453428366N11936116WA010900116212
B1959463428358N11936114WA010880116122
B1959473428349N11936111WA010880116089
B1959483428342N11936109WA010890115823
B1959493428335N11936105WA010910116018
B1959503428330N11936101WA010940116148
B1959513428327N11936098WA010980116152
B1959523428325N11936095WA011000115815
B1959533428322N11936092WA010990115849
B1959543428320N11936089WA010980115709
B1959553428315N11936086WA010950115288
B1959563428310N11936084WA010910115794
B1959573428305N11936081WA010880115958
B1959583428300N11936079WA010870115956
B1959593428296N11936078WA010850115802
B2000003428292N11936077WA010840115587
B2000013428287N11936077WA010840115120
B2000023428280N11936075WA010850115260
B2000033428274N11936071WA010880115418
B2000043428271N11936068WA010930115719
B2000053428269N11936065WA010980116043
B2000063428268N11936062WA011030116182
B2000073428268N11936059WA011060116415
B2000083428267N11936057WA011090116571
B2000093428266N11936053WA011080116561
B2000103428265N11936046WA011070116475
B2000113428265N11936038WA011060115885
B2000123428268N11936028WA011060115709
B2000133428272N11936022WA011080115947
B2000143428276N11936019WA011110116322
B2000153428281N11936018WA011130115909
B2000163428285N11936019WA011150115492
B2000173428292N11936019WA011160114901
B2000183428296N11936017WA011170114986
B2000193428299N11936017WA011190114738
B2000203428299N11936017WA011220114948
B2000213428298N11936016WA011250114881
B2000223428297N11936014WA011270115173
B2000243428295N11936003WA011290115082
B2000253428296N11935992WA011290115297
B2000263428301N11935984WA011300115307
B2000273428306N11935978WA011310115668
B2000283428313N11935976WA011320115630
B2000293428320N11935975WA011330115543
B2000303428324N11935975WA011330115533
B2000313428325N11935975WA011340115384
B2000323428324N11935983WA011350115372
B2000333428320N11935989WA011370115543
B2000343428314N11935991WA011400116416
B2000353428310N11935989WA011420116615
B2000363428306N11935986WA011440116970
B2000373428304N11935981WA011460117245
B2000383428304N11935976WA011490117500
B2000393428303N11935970WA011510117576
B2000403428305N11935962WA011530117736
B2000413428306N11935954WA011550117889
B2000423428308N11935946WA011570118257
B2000433428310N11935938WA011590118357
B2000443428313N11935932WA011600118348
B2000453428318N11935927WA011590118418
B2000463428324N11935924WA011580118224
B2000473428332N11935922WA011580118215
B2000483428337N11935929WA011570118160
B2000493428339N11935935WA011570118070
B2000503428339N11935941WA011570118382
B2000513428338N11935943WA011570118143
B2000523428334N11935944WA011580118256
B2000533428330N11935946WA011600118651
B2000543428326N11935945WA011630119014
B2000553428320N11935945WA011650119881
B2000563428316N11935944WA011680120028
B2000573428311N11935946WA011700120353
B2000583428306N11935949WA011720120496
B2000593428302N11935953WA011730120735
B2001003428298N11935957WA011730120811
B2001013428293N11935961WA011730121157
B2001023428288N11935967WA011730121440
B2001033428283N11935972WA011740121927
B2001043428278N11935978WA011740122470
B2001053428275N11935981WA011750122743
B2001063428272N11935983WA011750122819
B2001073428268N11935985WA011740122840
B2001083428264N11935986WA011720122721
B2001093428259N11935988WA011700122603
B2001103428254N11935990WA011690122505
B2001113428249N11935992WA011670122415
B2001123428244N11935994WA011660122445
B2001133428239N11935996WA011660122484
B2001143428235N11935998WA011660122574
B2001153428231N11936001WA011660122590
B2001163428228N11936003WA011660122439
B2001173428224N11936006WA011660122338
B2001183428220N11936009WA011650122205
B2001193428215N11936012WA011640122064
B2001203428211N11936015WA011630121923
B2001213428206N11936018WA011620121830
B2001223428201N11936020WA011610121807
B2001233428195N11936023WA011600121861
B2001243428190N11936025WA011590121865
B2001253428185N11936027WA011590121779
B2001263428180N11936030WA011580121692
B2001273428176N11936032WA011570121514
B2001283428171N11936034WA011560121315
B2001293428166N11936036WA011550121009
B2001303428160N11936039WA011530120864
B2001313428155N11936042WA011510120800
B2001323428149N11936044WA011500120973
B2001333428144N11936046WA011490120991
B2001343428140N11936047WA011480120829
B2001353428135N11936049WA011480120747
B2001363428130N11936051WA011460120638
B2001373428124N11936053WA011440120369
B2001383428118N11936056WA011420120183
B2001393428113N11936058WA011410120015
B2001403428107N11936060WA011390119972
B2001413428102N11936060WA011370119817
B2001423428096N11936060WA011360119630
B2001433428090N11936058WA011340119323
B2001443428084N11936056WA011320119305
B2001453428077N11936054WA011310119341
B2001463428070N11936052WA011290119380
B2001473428064N11936050WA011270119228
B2001483428058N11936049WA011250119118
B2001493428052N11936049WA011240118910
B2001503428046N11936048WA011210118822
B2001513428040N11936047WA011190118706
B2001523428033N11936047WA011160118633
B2001533428026N11936047WA011130118621
B2001543428019N11936046WA011100118608
B2001553428011N11936046WA011070118592
B2001563428005N11936045WA011050118314
B2001573427998N11936044WA011030118231
B2001583427991N11936042WA011010118150
B2001593427984N11936039WA010990117942
B2002003427977N11936036WA010970117813
B2002013427970N11936033WA010950117807
B2002023427963N11936031WA010940117707
B2002033427956N11936029WA010940117637
B2002043427949N11936027WA010930117489
B2002053427943N11936026WA010910117332
B2002063427936N11936024WA010900117199
B2002073427929N11936024WA010880116993
B2002083427922N11936023WA010860116746
B2002093427914N11936022WA010830116629
B2002103427905N11936022WA010800116661
B2002113427897N11936021WA010780116623
B2002123427888N11936020WA010760116593
B2002133427880N11936019WA010750116480
B2002143427873N11936017WA010740116312
B2002153427865N11936015WA010730116154
B2002163427857N11936014WA010710116050
B2002173427849N11936013WA010700115841
B2002183427841N11936012WA010680115806
B2002193427832N11936012WA010680115674
B2002203427825N11936012WA010680115513
B2002213427818N11936012WA010700115384
B2002223427813N11936013WA010710115030
B2002233427808N11936014WA010730114671
B2002243427804N11936015WA010740114381
B2002253427801N11936016WA010740114088
B2002263427798N11936019WA010730113749
B2002273427795N11936024WA010710113545
B2002283427793N11936031WA010680113462
B2002293427793N11936039WA010640113371
B2002303427795N11936047WA010610113550
B2002313427798N11936054WA010580113414
B2002323427800N11936060WA010550113313
B2002333427801N11936066WA010520113004
B2002343427801N11936072WA010510112846
B2002353427802N11936079WA010500112727
B2002363427803N11936087WA010490112635
B2002373427805N11936096WA010480112503
B2002383427807N11936104WA010470112518
B2002393427808N11936112WA010460112398
B2002403427810N11936120WA010460112140
B2002413427811N11936127WA010450111842
B2002423427812N11936134WA010440111639
B2002433427813N11936142WA010440111466
B2002443427814N11936150WA010420111386
B2002453427815N11936158WA010410111198
B2002463427816N11936167WA010410111091
B2002473427817N11936175WA010400110895
B2002483427818N11936183WA010400110696
B2002493427820N11936191WA010410110403
B2002503427821N11936198WA010410110315
B2002513427822N11936205WA010410110244
B2002523427823N11936212WA010410110192
B2002533427825N11936219WA010400110052
B2002543427827N11936226WA010390109926
B2002553427828N11936234WA010380109871
B2002563427830N11936241WA010360109718
B2002573427831N11936249WA010350109647
B2002583427832N11936257WA010330109575
B2002593427833N11936265WA010320109585
B2003003427834N11936273WA010310109464
B2003013427835N11936281WA010310109311
B2003023427836N11936288WA010300109215
B2003033427837N11936295WA010300109155
B2003043427839N11936302WA010290109035
B2003053427841N11936309WA010280108828
B2003063427843N11936317WA010270108715
B2003073427844N11936325WA010260108683
B2003083427846N11936332WA010250108659
B2003093427848N11936340WA010230108531
B2003103427850N11936347WA010220108320
B2003113427851N11936354WA010210108285
B2003123427852N11936362WA010190108163
B2003133427853N11936369WA010180108029
B2003143427853N11936377WA010170107931
B2003153427853N11936384WA010150107740
B2003163427853N11936390WA010140107649
B2003173427853N11936398WA010120107541
B2003183427853N11936405WA010100107447
B2003193427853N11936413WA010070107345
B2003203427853N11936421WA010050107245
B2003213427853N11936429WA010020107041
B2003223427853N11936436WA009990106948
B2003233427852N11936444WA009960106796
B2003243427852N11936452WA009940106524
B2003253427851N11936460WA009910106375
B2003263427851N11936469WA009870106152
B2003273427852N11936478WA009850106002
B2003283427853N11936488WA009830105930
B2003293427855N11936497WA009830105807
B2003303427856N11936506WA009840105584
B2003313427858N11936513WA009850105414
B2003323427859N11936518WA009840105108
B2003333427860N11936524WA009830105026
B2003343427861N11936531WA009810105062
B2003353427863N11936538WA009790104915
B2003363427864N11936546WA009760104849
B2003373427865N11936555WA009750104722
B2003383427865N11936563WA009760104580
B2003393427866N11936570WA009760104425
B2003403427866N11936577WA009770104349
B2003413427865N11936585WA009780104272
B2003423427865N11936592WA009790104110
B2003433427864N11936599WA009800104126
B2003443427863N11936607WA009820104254
B2003453427863N11936614WA009840104335
B2003463427863N11936621WA009860104331
B2003473427863N11936626WA009860104349
B2003483427863N11936632WA009850104254
B2003493427863N11936638WA009850104143
B2003503427863N11936644WA009830104016
B2003513427862N11936651WA009810104097
B2003523427862N11936659WA009790103986
B2003533427862N11936667WA009770103971
B2003543427863N11936674WA009760103803
B2003553427863N11936680WA009760103875
B2003563427864N11936685WA009760103759
B2003573427865N11936691WA009750103500
B2003583427864N11936696WA009730103395
B2003593427864N11936702WA009700103285
B2004003427864N11936709WA009660103284
B2004013427864N11936717WA009620103165
B2004023427864N11936725WA009590103239
B2004033427864N11936734WA009560103103
B2004043427863N11936742WA009540103092
B2004053427863N11936749WA009540102964
B2004063427863N11936757WA009540102721
B2004073427863N11936764WA009550102627
B2004083427863N11936772WA009580102692
B2004093427864N11936780WA009610102873
B2004103427865N11936787WA009650103182
B2004113427867N11936792WA009690103122
B2004123427868N11936794WA009740103116
B2004133427868N11936795WA009790103269
B2004143427869N11936799WA009820103330
B2004153427869N11936803WA009860103568
B2004163427868N11936808WA009890103744
B2004173427865N11936812WA009930103873
B2004183427861N11936815WA009960104062
B2004193427858N11936816WA009960104213
B2004203427854N11936815WA009970104324
B2004213427851N11936812WA009990104266
B2004233427848N11936798WA010030104221
B2004243427853N11936786WA010060104178
B2004253427860N11936775WA010080104336
B2004263427865N11936772WA010100104753
B2004273427870N11936771WA010120105134
B2004283427874N11936771WA010140105459
B2004293427878N11936772WA010160105682
B2004303427882N11936773WA010190105965
B2004313427886N11936774WA010210106135
B2004323427890N11936775WA010240106528
B2004333427894N11936778WA010260106980
B2004343427897N11936781WA010290107395
B2004353427899N11936785WA010320107726
B2004363427899N11936790WA010360107726
B2004373427896N11936794WA010390107748
B2004383427893N11936798WA010390107936
B2004393427888N11936801WA010380108051
B2004403427883N11936802WA010380107967
B2004413427880N11936800WA010390108012
B2004423427874N11936796WA010410107977
B2004433427872N11936795WA010430107722
B2004443427870N11936793WA010460107563
B2004453427868N11936786WA010480107335
B2004463427868N11936779WA010510107350
B2004473427870N11936771WA010540107104
B2004483427873N11936764WA010570107012
B2004493427875N11936759WA010590107347
B2004503427877N11936757WA010600107226
B2004523427882N11936758WA010630107521
B2004533427885N11936760WA010650107616
B2004543427886N11936764WA010670107852
B2004553427887N11936768WA010700108083
B2004563427887N11936772WA010730108494
B2004573427886N11936776WA010760109001
B2004583427883N11936779WA010790109294
B2004593427880N11936781WA010800109292
B2005003427876N11936780WA010790109356
B2005013427870N11936776WA010780109535
B2005023427864N11936772WA010780109725
B2005033427860N11936764WA010780110103
B2005043427857N11936755WA010790110485
B2005053427857N11936746WA010800110705
B2005063427857N11936737WA010810111068
B2005073427859N11936729WA010820111428
B2005083427862N11936723WA010840111715
B2005093427865N11936717WA010850111901
B2005103427869N11936711WA010860112258
B2005113427875N11936709WA010860112413
B2005123427880N11936712WA010850112453
B2005133427884N11936716WA010850112747
B2005143427886N11936722WA010860113072
B2005153427887N11936727WA010870113576
B2005163427887N11936732WA010890113947
B2005173427887N11936737WA010910114204
B2005183427886N11936742WA010930114482
B2005193427886N11936746WA010940114469
B2005203427886N11936751WA010940114568
B2005213427886N11936757WA010940114541
B2005223427886N11936763WA010940114520
B2005233427886N11936769WA010940114702
B2005243427885N11936775WA010960114878
B2005253427885N11936779WA010980115395
B2005263427886N11936782WA011000115316
B2005273427886N11936784WA011020115335
B2005283427886N11936787WA011010115257
B2005293427886N11936793WA010990115171
B2005303427887N11936800WA010980114830
B2005313427887N11936807WA010950114991
B2005323427888N11936813WA010940114977
B2005333427889N11936820WA010940114952
B2005343427890N11936825WA010940114939
B2005353427891N11936831WA010920114802
B2005363427891N11936836WA010910114734
B2005373427891N11936842WA010880114574
B2005383427892N11936849WA010860114532
B2005393427893N11936855WA010830114589
B2005403427895N11936862WA010800114582
B2005413427898N11936867WA010780114428
B2005423427900N11936873WA010760114362
B2005433427903N11936878WA010740114108
B2005443427905N11936884WA010710114059
B2005453427908N11936890WA010690113938
B2005463427911N11936896WA010670113848
B2005473427914N11936902WA010640113785
B2005483427918N11936908WA010620113621
B2005493427921N11936913WA010600113528
B2005503427923N11936920WA010570113321
B2005513427925N11936926WA010530113129
B2005523427927N11936934WA010500113020
B2005533427929N11936941WA010480112927
B2005543427931N11936949WA010460112707
B2005553427932N11936958WA010450112522
B2005563427932N11936967WA010430112221
B2005573427930N11936975WA010430112098
B2005583427928N11936983WA010420111898
B2005593427926N11936991WA010400111662
B2006003427924N11936998WA010390111423
B2006013427921N11937005WA010380111192
B2006023427920N11937012WA010360110906
B2006033427918N11937020WA010350110745
B2006043427917N11937028WA010340110617
B2006053427916N11937036WA010330110529
B2006063427915N11937044WA010330110386
B2006073427915N11937051WA010330110186
B2006083427915N11937058WA010320109961
B2006093427915N11937064WA010310109627
B2006103427915N11937071WA010290109519
B2006113427915N11937079WA010270109425
B2006123427915N11937086WA010260109359
B2006133427915N11937094WA010240109295
B2006143427916N11937102WA010220109140
B2006153427917N11937109WA010210108902
B2006163427917N11937116WA010210108622
B2006173427917N11937123WA010200108450
B2006183427917N11937129WA010190108387
B2006193427918N11937136WA010180108119
B2006203427918N11937144WA010170108045
B2006213427918N11937152WA010150107963
B2006223427918N11937160WA010140107874
B2006233427918N11937168WA010130107783
B2006243427919N11937176WA010130107713
B2006253427919N11937183WA010120107658
B2006263427920N11937191WA010120107412
B2006273427920N11937198WA010110107364
B2006283427920N11937206WA010100107190
B2006293427921N11937214WA010090107130
B2006303427921N11937222WA010080107062
B2006313427922N11937230WA010070107012
B2006323427922N11937237WA010070106959
B2006333427923N11937245WA010070106814
B2006343427923N11937252WA010060106768
B2006353427924N11937260WA010060106633
B2006363427925N11937267WA010050106508
B2006373427925N11937275WA010040106481
B2006383427926N11937282WA010020106384
B2006393427928N11937289WA010010106202
B2006403427929N11937295WA009990106147
B2006413427930N11937302WA009970105874
B2006423427931N11937309WA009940105765
B2006433427932N11937317WA009920105601
B2006443427932N11937325WA009880105500
B2006453427931N11937333WA009860105560
B2006463427931N11937340WA009840105329
B2006473427931N11937348WA009820105208
B2006483427930N11937356WA009800105098
B2006493427930N11937365WA009770104836
B2006503427929N11937374WA009740104769
B2006513427928N11937384WA009710104657
B2006523427927N11937394WA009690104596
B2006533427927N11937403WA009680104396
B2006543427928N11937411WA009670104089
B2006553427930N11937419WA009660103738
B2006563427931N11937428WA009650103495
B2006573427933N11937437WA009630103252
B2006583427934N11937446WA009610103183
B2006593427936N11937455WA009590103005
B2007003427937N11937464WA009570103002
B2007013427937N11937472WA009560102774
B2007023427937N11937480WA009540102584
B2007033427937N11937488WA009520102371
B2007043427937N11937495WA009510102189
B2007053427937N11937504WA009490102061
B2007063427937N11937512WA009470101859
B2007073427937N11937522WA009450101680
B2007083427938N11937531WA009430101443
B2007093427939N11937540WA009410101263
B2007103427940N11937549WA009400101092
B2007113427942N11937557WA009380100725
B2007123427943N11937565WA009360100525
B2007133427944N11937572WA009350100315
B2007143427944N11937579WA009330100176
B2007153427945N11937587WA009310099932
B2007163427945N11937595WA009300099753
B2007173427945N11937603WA009300099583
B2007183427946N11937610WA009290099337
B2007193427946N11937617WA009290099199
B2007203427947N11937625WA009280098991
B2007213427948N11937632WA009270098795
B2007223427949N11937639WA009250098687
B2007233427950N11937646WA009240098466
B2007243427951N11937652WA009210098239
B2007253427952N11937659WA009180098030
B2007263427952N11937666WA009140097881
B2007273427952N11937673WA009100097677
B2007283427951N11937682WA009060097775
B2007293427949N11937691WA009010097892
B2007303427946N11937699WA008970097896
B2007313427943N11937706WA008930097708
B2007323427938N11937711WA008910097759
B2007333427933N11937715WA008910097673
B2007343427930N11937719WA008910097406
B2007353427926N11937725WA008910097290
B2007363427924N11937730WA008900097028
B2007373427922N11937736WA008880096805
B2007383427919N11937742WA008860096796
B2007393427918N11937749WA008840096523
B2007403427916N11937756WA008820096493
B2007413427915N11937763WA008800096274
B2007423427915N11937770WA008790096015
B2007433427915N11937777WA008770095800
B2007443427915N11937783WA008780095413
B2007453427914N11937789WA008770095251
B2007463427912N11937794WA008760094999
B2007473427910N11937800WA008740094888
B2007483427908N11937806WA008720094683
B2007493427907N11937811WA008700094318
B2007503427905N11937817WA008660094186
B2007513427904N11937823WA008630093969
B2007523427903N11937830WA008600093807
B2007533427901N11937838WA008570093742
B2007543427900N11937845WA008540093649
B2007553427900N11937853WA008530093402
B2007563427900N11937859WA008530093016
B2007573427899N11937865WA008520092786
B2007583427899N11937871WA008520092415
B2007593427897N11937878WA008500092271
B2008003427896N11937885WA008490091921
B2008013427894N11937893WA008470091884
B2008023427893N11937901WA008450091698
B2008033427893N11937909WA008430091355
B2008043427893N11937916WA008410091144
B2008053427893N11937922WA008390090769
B2008063427893N11937929WA008370090496
B2008073427894N11937937WA008350090253
B2008083427895N11937945WA008320090182
B2008093427898N11937953WA008310090102
B2008103427902N11937961WA008310090101
B2008113427907N11937968WA008310090144
B2008123427913N11937974WA008310090058
B2008133427919N11937979WA008320090059
B2008143427925N11937984WA008330089937
B2008153427930N11937989WA008350089973
B2008163427935N11937993WA008370090057
B2008173427939N11937997WA008380090036
B2008183427942N11938001WA008400090052
B2008193427945N11938005WA008410090065
B2008203427949N11938011WA008410090002
B2008213427953N11938018WA008410090120
B2008223427957N11938024WA008410090397
B2008233427962N11938029WA008430090559
B2008243427966N11938033WA008440090701
B2008253427969N11938035WA008460090744
B2008263427972N11938037WA008470090773
B2008273427976N11938039WA008460090585
B2008283427981N11938042WA008440090477
B2008293427987N11938046WA008420090457
B2008303427994N11938051WA008400090443
B2008313428002N11938055WA008390090405
B2008323428009N11938059WA008390090422
B2008333428015N11938062WA008410090523
B2008343428019N11938064WA008420090589
B2008353428023N11938067WA008420090423
B2008363428026N11938070WA008410090290
B2008373428031N11938074WA008410090156
B2008383428036N11938080WA008400090207
B2008393428039N11938087WA008390090326
B2008403428040N11938094WA008400090234
B2008413428041N11938100WA008400090256
B2008423428043N11938106WA008400090202
B2008433428044N11938111WA008390090199
B2008443428047N11938118WA008380090011
B2008453428049N11938125WA008370090061
B2008463428051N11938132WA008350090084
B2008473428053N11938139WA008330089917
B2008483428053N11938146WA008320089991
B2008493428054N11938152WA008300089782
B2008503428055N11938157WA008280089589
B2008513428056N11938164WA008260089430
B2008523428055N11938170WA008250089448
B2008533428052N11938177WA008230089344
B2008543428048N11938182WA008210089251
B2008553428044N11938184WA008200089318
B2008563428040N11938185WA008180089250
B2008573428037N11938180WA008180089289
B2008583428035N11938177WA008180089145
B2008593428033N11938171WA008180089247
B2009003428031N11938164WA008180089154
B2009013428029N11938158WA008170089031
B2009023428026N11938151WA008170088964
B2009033428024N11938144WA008160088810
B2009043428021N11938136WA008150088823
B2009053428018N11938128WA008140088852
B2009063428016N11938120WA008140088709
B2009073428014N11938114WA008140088600
B2009083428012N11938107WA008140088423
B2009093428010N11938100WA008130088212
B2009103428008N11938093WA008110088105
B2009113428004N11938086WA008090088076
B2009123427999N11938079WA008060087950
B2009133427993N11938072WA008040087866
B2009143427988N11938067WA008030087706
B2009153427982N11938063WA008010087573
B2009163427978N11938059WA007990087208
B2009173427972N11938056WA007970087191
B2009183427966N11938052WA007960087084
B2009193427960N11938048WA007950086926
B2009203427953N11938044WA007950086864
B2009213427947N11938040WA007960086651
B2009223427942N11938036WA007970086430
B2009233427938N11938032WA007970086201
B2009243427934N11938028WA007970086136
B2009253427931N11938025WA007970086017
B2009263427927N11938023WA007960085892
B2009273427924N11938020WA007950085715
B2009283427919N11938017WA007940085656
B2009293427914N11938014WA007920085635
B2009303427908N11938011WA007910085582
B2009313427903N11938007WA007910085467
B2009323427898N11938004WA007910085394
B2009333427894N11938001WA007910085251
B2009343427890N11937998WA007900085142
B2009353427885N11937995WA007900085089
B2009363427880N11937993WA007900085158
B2009373427874N11937991WA007910085209
B2009383427867N11937990WA007930085464
B2009393427862N11937989WA007960085640
B2009403427858N11937987WA008000085758
B2009413427855N11937987WA008040085801
B2009423427851N11937987WA008070085925
B2009433427847N11937990WA008090085931
B2009443427843N11937994WA008100086086
B2009453427841N11938001WA008100086189
B2009463427840N11938008WA008100086465
B2009473427841N11938015WA008110086341
B2009483427841N11938019WA008120086391
B2009493427844N11938021WA008130086673
B2009503427847N11938023WA008150087011
B2009513427849N11938025WA008180087336
B2009533427851N11938031WA008240087936
B2009543427851N11938034WA008280088248
B2009553427850N11938036WA008310088574
B2009563427848N11938037WA008330088778
B2009573427846N11938040WA008360088669
B2009583427846N11938043WA008370088728
B2009593427847N11938047WA008380088949
B2010003427854N11938048WA008380089115
B2010013427860N11938050WA008390089244
B2010023427868N11938044WA008390089322
B2010033427873N11938041WA008410089681
B2010043427878N11938034WA008420089839
B2010053427878N11938018WA008450090203
B2010063427875N11938010WA008480090751
B2010073427872N11938001WA008510090892
B2010083427869N11937988WA008550091076
B2010093427869N11937969WA008580091011
B2010103427866N11937966WA008610091048
B2010113427863N11937966WA008630091272
B2010123427862N11937966WA008650091448
B2010133427868N11937975WA008670091738
B2010143427876N11937982WA008680091765
B2010153427884N11937982WA008690091883
B2010163427891N11937977WA008710092287
B2010173427896N11937971WA008730092319
B2010183427898N11937966WA008750092380
B2010193427895N11937958WA008780092826
B2010203427890N11937954WA008810093116
B2010213427884N11937953WA008840093524
B2010223427879N11937955WA008860093919
B2010233427876N11937960WA008890094229
B2010243427876N11937967WA008920094510
B2010253427878N11937972WA008950094862
B2010263427882N11937976WA008980095081
B2010273427887N11937979WA008990095024
B2010283427893N11937980WA008990095113
B2010293427899N11937977WA008990095316
B2010303427904N11937972WA009000095604
B2010313427906N11937966WA009020095970
B2010323427907N11937959WA009040096211
B2010333427905N11937952WA009070096437
B2010343427901N11937948WA009100096771
B2010353427896N11937946WA009130097080
B2010363427891N11937946WA009160097286
B2010373427887N11937949WA009190097534
B2010383427883N11937953WA009220097872
B2010393427881N11937957WA009250098155
B2010403427879N11937961WA009280098178
B2010413427880N11937967WA009300098162
B2010423427884N11937972WA009290098058
B2010433427891N11937974WA009290098075
B2010443427898N11937972WA009290098087
B2010453427906N11937970WA009290098132
B2010463427912N11937965WA009290098105
B2010473427916N11937959WA009310098304
B2010483427917N11937952WA009320098542
B2010493427917N11937944WA009340098839
B2010503427915N11937937WA009370099075
B2010513427913N11937930WA009390099183
B2010523427910N11937924WA009410099222
B2010533427904N11937920WA009440099392
B2010543427898N11937918WA009470099427
B2010553427891N11937919WA009500099587
B2010563427885N11937922WA009540099740
B2010573427880N11937926WA009570099932
B2010583427877N11937931WA009590100054
B2010593427876N11937937WA009580100103
B2011003427874N11937941WA009580100096
B2011013427875N11937946WA009580100081
B2011023427876N11937952WA009580100211
B2011033427877N11937955WA009600100001
B2011043427877N11937960WA009620100137
B2011053427879N11937962WA009640100030
B2011063427883N11937961WA009660099801
B2011073427887N11937958WA009680099805
B2011083427890N11937956WA009690100183
B2011093427896N11937948WA009710100064
B2011103427904N11937934WA009710100334
B2011113427909N11937923WA009720100180
B2011123427910N11937913WA009730100234
B2011133427908N11937905WA009740100360
B2011143427904N11937899WA009750100478
B2011153427900N11937897WA009770100825
B2011163427895N11937897WA009800100702
B2011173427893N11937899WA009820101207
B2011183427891N11937901WA009840101439
B2011193427891N11937906WA009860101644
B2011203427891N11937911WA009880101869
B2011213427893N11937918WA009900101641
B2011233427904N11937922WA009930102005
B2011243427912N11937920WA009930102238
B2011253427919N11937917WA009930102589
B2011263427926N11937912WA009940102817
B2011273427931N11937905WA009950103219
B2011283427934N11937897WA009960103526
B2011293427937N11937889WA009980103870
B2011303427938N11937879WA009990104157
B2011313427937N11937871WA010010104443
B2011323427933N11937865WA010020104662
B2011333427929N11937861WA010030104567
B2011343427924N11937857WA010030104692
B2011353427919N11937853WA010030104617
B2011363427914N11937855WA010040104672
B2011373427913N11937855WA010060104417
B2011383427911N11937858WA010080104251
B2011393427910N11937861WA010090104005
B2011403427911N11937867WA010110103710
B2011413427911N11937870WA010120103664
B2011423427913N11937873WA010130103559
B2011433427914N11937879WA010140103909
B2011443427915N11937888WA010140104290
B2011453427918N11937896WA010140104337
B2011463427919N11937905WA010140104390
B2011473427921N11937912WA010140104389
B2011483427923N11937919WA010140104476
B2011493427925N11937925WA010140104476
B2011503427928N11937930WA010140104337
B2011513427931N11937936WA010120104356
B2011523427935N11937943WA010100104269
B2011533427940N11937952WA010080104212
B2011543427944N11937961WA010050104345
B2011553427948N11937971WA010020104510
B2011563427951N11937980WA010000104562
B2011573427955N11937988WA009970104413
B2011583427958N11937995WA009950104378
B2011593427962N11938003WA009930104222
B2012003427965N11938010WA009900104178
B2012013427969N11938019WA009870104051
B2012023427973N11938027WA009850104169
B2012033427977N11938036WA009830104268
B2012043427981N11938046WA009820104104
B2012053427983N11938056WA009810104070
B2012063427986N11938064WA009810104032
B2012073427989N11938071WA009790103804
B2012083427991N11938078WA009770103679
B2012093427994N11938087WA009730103444
B2012103427997N11938096WA009690103321
B2012113428000N11938104WA009650103371
B2012123428004N11938111WA009600103486
B2012133428009N11938120WA009570103473
B2012143428016N11938128WA009530103207
B2012153428022N11938135WA009510103089
B2012163428029N11938142WA009490102728
B2012173428035N11938149WA009480102517
B2012183428040N11938156WA009470102363
B2012193428045N11938162WA009450102188
B2012203428051N11938169WA009420101802
B2012213428056N11938175WA009400101649
B2012223428062N11938183WA009370101535
B2012233428067N11938191WA009340101487
B2012243428072N11938200WA009310101370
B2012253428077N11938208WA009280101151
B2012263428082N11938215WA009250100919
B2012273428086N11938223WA009220100885
B2012283428091N11938231WA009190100667
B2012293428096N11938239WA009170100557
B2012303428101N11938247WA009160100338
B2012313428105N11938255WA009150100285
B2012323428110N11938264WA009140100052
B2012333428115N11938272WA009120099700
B2012343428119N11938279WA009110099375
B2012353428124N11938286WA009090099018
B2012363428127N11938294WA009070098887
B2012373428131N11938303WA009050098725
B2012383428135N11938313WA009040098601
B2012393428139N11938322WA009040098547
B2012403428144N11938331WA009050098301
B2012413428148N11938337WA009060098237
B2012423428152N11938343WA009070097941
B2012433428156N11938348WA009080097631
B2012443428160N11938353WA009090097501
B2012453428163N11938358WA009100097361
B2012463428167N11938363WA009110097324
B2012473428170N11938368WA009120097286
B2012483428174N11938373WA009130097269
B2012493428178N11938378WA009140097379
B2012503428183N11938383WA009160097344
B2012513428188N11938387WA009180097360
B2012523428194N11938390WA009210097408
B2012533428199N11938393WA009250097609
B2012543428202N11938396WA009280097799
B2012553428206N11938399WA009310097844
B2012563428210N11938402WA009340098000
B2012573428213N11938404WA009370098236
B2012583428215N11938407WA009390098389
B2012593428216N11938412WA009380098356
B2013003428215N11938418WA009370098332
B2013013428211N11938423WA009350098139
B2013023428206N11938428WA009340098168
B2013033428202N11938431WA009330098289
B2013043428198N11938433WA009350098396
B2013053428194N11938436WA009390098631
B2013073428186N11938441WA009470098665
B2013083428184N11938441WA009510098237
B2013093428183N11938440WA009540098297
B2013103428183N11938440WA009580098297
B2013113428187N11938435WA009610098374
B2013123428195N11938428WA009640098586
B2013133428201N11938424WA009670098593
B2013143428212N11938415WA009710099347
B2013153428213N11938416WA009740099582
B2013163428210N11938416WA009780099805
B2013173428208N11938411WA009810100205
B2013183428204N11938407WA009840100580
B2013193428201N11938401WA009870100842
B2013203428199N11938393WA009900101402
B2013213428197N11938385WA009930101568
B2013223428197N11938377WA009960101745
B2013233428198N11938369WA009980101841
B2013253428209N11938356WA010000102453
B2013263428217N11938356WA010010102800
B2013273428223N11938357WA010030103379
B2013283428229N11938360WA010060103829
B2013293428233N11938364WA010090104435
B2013303428237N11938368WA010130105103
B2013313428240N11938372WA010170105372
B2013323428243N11938376WA010210105699
B2013333428246N11938382WA010240106052
B2013343428246N11938387WA010270106465
B2013353428245N11938391WA010300106955
B2013363428243N11938394WA010310107550
B2013373428239N11938395WA010330107992
B2013383428236N11938395WA010350108343
B2013393428232N11938394WA010370108891
B2013403428229N11938391WA010400109280
B2013413428227N11938385WA010430109559
B2013423428226N11938378WA010460109739
B2013433428227N11938370WA010490109938
B2013443428228N11938362WA010520109966
B2013453428232N11938356WA010530110093
B2013463428238N11938352WA010540110273
B2013473428243N11938350WA010570110340
B2013483428248N11938348WA010610110726
B2013493428252N11938349WA010650110802
B2013503428255N11938353WA010680111311
B2013513428258N11938357WA010710111569
B2013523428263N11938367WA010720111282
B2013533428266N11938378WA010720111427
B2013543428265N11938387WA010720111791
B2013553428265N11938394WA010730111914
B2013563428262N11938399WA010740112195
B2013573428259N11938401WA010760112589
B2013583428256N11938404WA010780112880
B2013593428254N11938403WA010810113108
B2014003428251N11938401WA010840113238
B2014013428249N11938395WA010860113489
B2014023428250N11938387WA010890113769
B2014033428252N11938379WA010920113718
B2014043428255N11938372WA010940113778
B2014053428261N11938372WA010950113754
B2014063428267N11938370WA010950113878
B2014073428274N11938368WA010950113838
B2014083428278N11938368WA010950113648
B2014093428282N11938368WA010960113560
B2014103428283N11938368WA010960113460
B2014113428287N11938365WA010970113363
B2014123428289N11938364WA010990113276
B2014133428289N11938366WA011010113928
B2014143428288N11938369WA011040114221
B2014153428287N11938371WA011070114117
B2014163428285N11938375WA011100114059
B2014173428283N11938377WA011120114013
B2014183428274N11938385WA011130114173
B2014193428269N11938390WA011140114546
B2014203428264N11938395WA011150115059
B2014213428263N11938394WA011170115749
B2014223428267N11938390WA011190116014
B2014233428273N11938386WA011220116243
B2014243428280N11938387WA011250116653
B2014253428288N11938393WA011280117003
B2014263428293N11938398WA011300117658
B2014273428298N11938403WA011330117757
B2014283428301N11938407WA011340117827
B2014293428302N11938411WA011340117746
B2014303428302N11938417WA011320117771
B2014313428301N11938423WA011300117704
B2014323428298N11938428WA011290117935
B2014333428293N11938429WA011310118165
B2014343428286N11938427WA011320118934
B2014353428282N11938423WA011350119058
B2014363428279N11938418WA011370118903
B2014373428276N11938409WA011390119184
B2014383428275N11938399WA011410119368
B2014393428279N11938390WA011430119408
B2014403428283N11938384WA011470119718
B2014413428286N11938379WA011510119825
B2014423428289N11938376WA011550120180
B2014433428293N11938373WA011570120313
B2014443428296N11938372WA011570120237
B2014453428299N11938372WA011560120348
B2014463428298N11938378WA011560120130
B2014473428294N11938389WA011570120530
B2014483428291N11938393WA011580120681
B2014493428290N11938398WA011590120687
B2014503428289N11938400WA011600120535
B2014513428286N11938406WA011600120753
B2014523428286N11938403WA011610120946
B2014533428287N11938399WA011630121269
B2014543428291N11938394WA011650121369
B2014553428298N11938390WA011670121504
B2014563428305N11938388WA011690121639
B2014573428312N11938391WA011690121450
B2014583428317N11938395WA011680121130
B2014593428321N11938400WA011670121107
B2015003428324N11938406WA011660121268
B2015013428328N11938412WA011640121266
B2015023428332N11938418WA011630121260
B2015033428336N11938423WA011620121361
B2015043428340N11938428WA011610121442
B2015053428343N11938433WA011620121594
B2015063428346N11938438WA011620121689
B2015073428349N11938444WA011620121656
B2015083428351N11938450WA011620121794
B2015093428354N11938456WA011620121713
B2015103428356N11938462WA011620121726
B2015113428358N11938469WA011620121700
B2015123428360N11938475WA011620121603
B2015133428362N11938481WA011620121616
B2015143428364N11938488WA011610121512
B2015153428365N11938494WA011600121569
B2015163428366N11938501WA011600121467
B2015173428367N11938508WA011590121454
B2015183428368N11938515WA011580121212
B2015193428368N11938522WA011570121075
B2015203428369N11938530WA011560120836
B2015213428369N11938539WA011540120890
B2015223428370N11938548WA011530120982
B2015233428371N11938557WA011530121090
B2015243428373N11938564WA011540121305
B2015253428374N11938571WA011560121400
B2015263428375N11938577WA011570121403
B2015273428376N11938583WA011570121341
B2015283428378N11938589WA011560121215
B2015293428379N11938597WA011550120972
B2015303428381N11938605WA011540120815
B2015313428382N11938614WA011520120790
B2015323428384N11938622WA011500120671
B2015333428386N11938630WA011490120550
B2015343428387N11938637WA011470120398
B2015353428389N11938645WA011450120108
B2015363428390N11938654WA011440119942
B2015373428392N11938662WA011420119709
B2015383428393N11938672WA011400119450
B2015393428394N11938681WA011370119393
B2015403428396N11938691WA011340119313
B2015413428397N11938702WA011310119210
B2015423428397N11938713WA011280119282
B2015433428398N11938724WA011260119236
B2015443428398N11938735WA011250119144
B2015453428398N11938745WA011250119042
B2015463428398N11938754WA011240118881
B2015473428399N11938762WA011230118659
B2015483428400N11938772WA011200118420
B2015493428400N11938781WA011160118235
B2015503428399N11938791WA011120118189
B2015513428399N11938802WA011080118125
B2015523428399N11938812WA011040118035
B2015533428399N11938822WA011000117966
B2015543428399N11938832WA010970117695
B2015553428400N11938842WA010930117427
B2015563428400N11938852WA010890117468
B2015573428400N11938863WA010850117491
B2015583428401N11938874WA010820117454
B2015593428402N11938886WA010790117432
B2016003428403N11938898WA010780117320
B2016013428404N11938909WA010770117237
B2016023428405N11938921WA010750117160
B2016033428406N11938931WA010740117099
B2016043428408N11938942WA010720116824
B2016053428409N11938952WA010690116737
B2016063428410N11938963WA010670116624
B2016073428410N11938974WA010640116698
B2016083428411N11938986WA010610116552
B2016093428412N11938998WA010590116511
B2016103428411N11939009WA010560116399
B2016113428410N11939021WA010540116173
B2016123428408N11939032WA010530115992
B2016133428406N11939043WA010530115743
B2016143428404N11939054WA010530115513
B2016153428401N11939064WA010520115478
B2016163428398N11939074WA010510115194
B2016173428395N11939083WA010500114872
B2016183428392N11939091WA010480114536
B2016193428388N11939100WA010470114278
B2016203428384N11939110WA010450114147
B2016213428379N11939120WA010430114075
B2016223428375N11939130WA010430113907
B2016233428370N11939141WA010440113641
B2016243428367N11939150WA010470113632
B2016253428365N11939156WA010490113534
B2016263428365N11939160WA010530113353
B2016273428366N11939164WA010560113165
B2016283428366N11939169WA010600112848
B2016293428365N11939173WA010630112998
B2016303428365N11939177WA010670112827
B2016313428364N11939181WA010700112765
B2016323428364N11939186WA010710112743
B2016333428366N11939191WA010710112719
B2016343428370N11939197WA010710112603
B2016353428376N11939199WA010720112621
B2016363428382N11939200WA010730112581
B2016373428387N11939201WA010740112632
B2016383428394N11939200WA010750112249
B2016393428400N11939201WA010770112285
B2016403428406N11939202WA010790112721
B2016413428408N11939203WA010820113072
B2016423428409N11939204WA010850113372
B2016443428413N11939201WA010930114045
B2016453428417N11939199WA010960114323
B2016463428420N11939201WA010980114701
B2016473428417N11939202WA010970114522
B2016483428415N11939205WA010970114419
B2016493428416N11939210WA010970114635
B2016503428415N11939210WA010980114766
B2016513428416N11939207WA011000114945
B2016523428414N11939200WA011010115018
B2016533428413N11939195WA011040114917
B2016543428410N11939188WA011060115022
B2016553428408N11939180WA011080115300
B2016563428405N11939171WA011110115486
B2016583428393N11939160WA011170116053
B2016593428385N11939157WA011200116351
B2017003428378N11939156WA011230116782
B2017013428372N11939156WA011250116852
B2017023428367N11939156WA011240116833
B2017033428361N11939159WA011240116884
B2017043428358N11939166WA011230116952
B2017053428357N11939174WA011240116992
B2017063428359N11939180WA011240117009
B2017073428360N11939187WA011240117266
B2017083428363N11939194WA011250117441
B2017093428366N11939200WA011260117654
B2017103428368N11939206WA011270117983
B2017113428369N11939211WA011280118195
B2017123428370N11939216WA011290118198
B2017133428371N11939222WA011290118135
B2017143428371N11939228WA011280118086
B2017153428373N11939235WA011260117924
B2017163428374N11939243WA011250117792
B2017173428376N11939252WA011230117592
B2017183428379N11939261WA011220117428
B2017193428381N11939271WA011210117542
B2017203428383N11939280WA011210117644
B2017213428384N11939289WA011210117791
B2017223428386N11939297WA011210117743
B2017233428388N11939304WA011210117758
B2017243428391N11939311WA011210117628
B2017253428393N11939318WA011200117688
B2017263428396N11939326WA011190117524
B2017273428398N11939335WA011160117420
B2017283428399N11939344WA011130117091
B2017293428401N11939353WA011110117056
B2017303428403N11939362WA011080117008
B2017313428405N11939371WA011060116911
B2017323428407N11939378WA011040116888
B2017333428410N11939386WA011030116744
B2017343428413N11939393WA011020116727
B2017353428415N11939401WA011010116671
B2017363428417N11939408WA011000116598
B2017373428419N11939416WA010990116379
B2017383428421N11939425WA010980116202
B2017393428422N11939433WA010960116236
B2017403428423N11939442WA010950116164
B2017413428424N11939451WA010940116180
B2017423428425N11939459WA010930116035
B2017433428425N11939467WA010920115836
B2017443428425N11939475WA010900115633
B2017453428425N11939483WA010880115455
B2017463428426N11939492WA010860115338
B2017473428427N11939502WA010840115248
B2017483428428N11939513WA010820115283
B2017493428430N11939523WA010810115256
B2017503428432N11939533WA010810115054
B2017513428433N11939542WA010800114885
B2017523428434N11939551WA010800114697
B2017533428435N11939560WA010780114568
B2017543428436N11939570WA010760114341
B2017553428437N11939580WA010750114250
B2017563428439N11939590WA010730114102
B2017573428440N11939600WA010710114075
B2017583428442N11939610WA010700113862
B2017593428444N11939619WA010680113643
B2018003428446N11939628WA010660113501
B2018013428447N11939637WA010640113260
B2018023428449N11939646WA010620113101
B2018033428450N11939655WA010600113044
B2018043428451N11939664WA010590112996
B2018053428453N11939673WA010570112851
B2018063428454N11939680WA010550112698
B2018073428456N11939688WA010520112326
B2018083428457N11939696WA010500112278
B2018093428459N11939705WA010470112036
B2018103428460N11939714WA010430111877
B2018113428461N11939724WA010400111888
B2018123428462N11939735WA010360111865
B2018133428463N11939746WA010330111866
B2018143428465N11939757WA010300111733
B2018153428467N11939768WA010290111620
B2018163428468N11939778WA010290111493
B2018173428470N11939788WA010270111334
B2018183428471N11939798WA010260111216
B2018193428471N11939808WA010250111157
B2018203428472N11939818WA010230110903
B2018213428472N11939827WA010210110875
B2018223428473N11939836WA010180110596
B2018233428475N11939846WA010150110343
B2018243428477N11939855WA010120110128
B2018253428479N11939865WA010090109965
B2018263428482N11939875WA010040109863
B2018273428486N11939885WA010010109614
B2018283428489N11939895WA009960109487
B2018293428493N11939905WA009920109307
B2018303428496N11939916WA009890109223
B2018313428499N11939926WA009880109109
B2018323428501N11939938WA009880109181
B2018333428504N11939949WA009900108811
B2018343428506N11939959WA009920108463
B2018353428508N11939967WA009960108253
B2018363428510N11939972WA009990107954
B2018373428512N11939978WA010020107960
B2018383428515N11939981WA010040107844
B2018393428519N11939984WA010070107789
B2018403428525N11939987WA010090107639
B2018413428530N11939991WA010110107783
B2018423428536N11939994WA010140107742
B2018433428541N11939996WA010170107764
B2018443428547N11939997WA010200107706
B2018453428552N11939999WA010230107823
B2018463428557N11940000WA010270108173
B2018473428564N11940000WA010310108116
B2018483428570N11939997WA010340108135
B2018493428576N11939991WA010370108218
B2018503428582N11939983WA010400108316
B2018513428584N11939975WA010410108475
B2018523428586N11939968WA010420108952
B2018533428585N11939964WA010420108667
B2018543428585N11939961WA010430108825
B2018553428580N11939962WA010440108550
B2018563428578N11939960WA010450108307
B2018573428576N11939956WA010470108199
B2018583428576N11939953WA010500108406
B2018593428574N11939953WA010530108023
B2019003428574N11939950WA010570108019
B2019013428572N11939955WA010610107871
B2019023428571N11939958WA010630107656
B2019033428572N11939960WA010660107510
B2019043428572N11939966WA010660107482
B2019053428574N11939970WA010650107214
B2019063428576N11939970WA010660106892
B2019073428580N11939970WA010670106651
B2019093428590N11939970WA010720106710
B2019103428592N11939975WA010750108406
B2019113428595N11939976WA010780109347
B2019123428594N11939975WA010820109789
B2019133428594N11939976WA010860109826
B2019143428593N11939980WA010890110090
B2019153428593N11939983WA010910110223
B2019163428594N11939986WA010930110250
B2019173428600N11939989WA010930110609
B2019183428607N11939990WA010930110853
B2019193428614N11939984WA010920110988
B2019203428621N11939979WA010920111072
B2019213428629N11939974WA010940111104
B2019223428633N11939971WA010970111770
B2019233428640N11939968WA011000112215
B2019243428641N11939962WA011040112225
B2019253428638N11939957WA011070112308
B2019263428631N11939955WA011100112331
B2019273428625N11939953WA011120112451
B2019283428620N11939952WA011130112737
B2019293428617N11939956WA011150112898
B2019303428615N11939960WA011170113333
B2019313428616N11939960WA011200113328
B2019323428617N11939961WA011230113792
B2019333428622N11939961WA011260114412
B2019343428628N11939954WA011280114403
B2019353428630N11939946WA011300114925
B2019363428631N11939937WA011310115331
B2019373428630N11939929WA011320115830
B2019383428628N11939921WA011330115990
B2019393428625N11939916WA011330115938
B2019403428620N11939920WA011330116012
B2019413428615N11939923WA011320116161
B2019423428611N11939928WA011320116390
B2019433428609N11939934WA011330116601
B2019443428608N11939938WA011350116813
B2019453428607N11939942WA011380117269
B2019463428607N11939947WA011400117467
B2019473428608N11939953WA011420117504
B2019483428608N11939960WA011430117766
B2019493428609N11939968WA011450117905
B2019503428609N11939977WA011470118250
B2019513428610N11939984WA011500118740
B2019523428611N11939991WA011510118924
B2019533428612N11939998WA011530119229
B2019543428612N11940006WA011520119383
B2019553428613N11940013WA011510119479
B2019563428614N11940023WA011500119494
B2019573428616N11940033WA011490119537
B2019583428617N11940043WA011480119668
B2019593428618N11940053WA011490119865
B2020003428619N11940061WA011500120169
B2020013428620N11940069WA011510120386
B2020023428622N11940076WA011520120515
B2020033428623N11940083WA011530120530
B2020043428624N11940089WA011540120541
B2020053428625N11940095WA011530120542
B2020063428626N11940101WA011530120339
B2020073428627N11940109WA011520120330
B2020083428627N11940117WA011500120466
B2020093428627N11940126WA011480120414
B2020103428626N11940134WA011470120495
B2020113428627N11940141WA011460120419
B2020123428627N11940149WA011450120371
B2020133428628N11940156WA011440120172
B2020143428629N11940163WA011420119984
B2020153428630N11940170WA011410119687
B2020163428631N11940178WA011380119464
B2020173428632N11940186WA011360119134
B2020183428633N11940194WA011340118878
B2020193428636N11940203WA011310118765
B2020203428639N11940212WA011290118760
B2020213428643N11940220WA011290118740
B2020223428646N11940227WA011300118953
B2020233428648N11940234WA011320119020
B2020243428649N11940240WA011330119097
B2020253428651N11940247WA011320118977
B2020263428653N11940255WA011310118877
B2020273428655N11940265WA011300118781
B2020283428657N11940274WA011290118773
B2020293428658N11940282WA011280118817
B2020303428658N11940289WA011280118809
B2020313428658N11940297WA011280118700
B2020323428658N11940303WA011270118637
B2020333428658N11940311WA011260118684
B2020343428659N11940319WA011240118557
B2020353428660N11940328WA011220118537
B2020363428661N11940337WA011210118539
B2020373428662N11940346WA011190118565
B2020383428663N11940354WA011180118384
B2020393428664N11940361WA011180118278
B2020403428665N11940368WA011170118149
B2020413428666N11940375WA011160118019
B2020423428667N11940383WA011150117822
B2020433428669N11940391WA011130117724
B2020443428671N11940399WA011100117669
B2020453428674N11940408WA011080117668
B2020463428678N11940418WA011050117500
B2020473428681N11940426WA011040117535
B2020483428684N11940433WA011030117227
B2020493428688N11940439WA011030117010
B2020503428693N11940442WA011030116982
B2020513428701N11940445WA011020116910
B2020523428708N11940448WA011030116857
B2020533428715N11940453WA011040116945
B2020543428720N11940459WA011060116951
B2020553428723N11940464WA011090117096
B2020563428726N11940470WA011110117040
B2020573428729N11940475WA011140117008
B2020583428732N11940482WA011160117165
B2020593428736N11940490WA011190117321
B2021003428738N11940498WA011230117530
B2021013428738N11940505WA011260117870
B2021023428738N11940510WA011290117995
B2021033428737N11940513WA011310117889
B2021043428735N11940517WA011310118026
B2021053428731N11940521WA011310118054
B2021063428726N11940524WA011310118143
B2021073428721N11940523WA011340118482
B2021083428717N11940521WA011370118933
B2021093428714N11940518WA011400119121
B2021103428712N11940513WA011430119072
B2021113428711N11940507WA011460119174
B2021123428711N11940500WA011490119085
B2021133428713N11940493WA011510118985
B2021143428718N11940488WA011520118826
B2021153428723N11940485WA011530119172
B2021163428728N11940483WA011550119080
B2021173428733N11940482WA011580119400
B2021193428740N11940479WA011650119589
B2021203428742N11940476WA011670119421
B2021213428744N11940471WA011700119352
B2021223428745N11940466WA011720119367
B2021233428747N11940466WA011730119422
B2021243428745N11940468WA011740120281
B2021253428744N11940468WA011760120083
B2021263428743N11940464WA011790120304
B2021273428740N11940467WA011810120160
B2021283428738N11940470WA011840120093
B2021293428738N11940472WA011860119959
B2021303428741N11940473WA011890119371
B2021313428746N11940473WA011920119597
B2021323428753N11940474WA011940119603
B2021333428759N11940479WA011960119851
B2021343428766N11940482WA011980120087
B2021353428774N11940488WA012010120426
B2021373428781N11940504WA012060121066
B2021383428783N11940512WA012080120859
B2021393428782N11940517WA012100120823
B2021403428775N11940527WA012130121298
B2021413428768N11940531WA012160122263
B2021423428764N11940532WA012190122889
B2021433428762N11940533WA012220123001
B2021443428758N11940533WA012240123280
B2021453428755N11940531WA012250123372
B2021463428752N11940526WA012250123674
B2021473428749N11940522WA012250123980
B2021483428751N11940515WA012270124288
B2021493428755N11940511WA012280124690
B2021503428759N11940507WA012310124960
B2021513428766N11940504WA012340125508
B2021523428772N11940504WA012370126147
B2021533428778N11940504WA012410126249
B2021543428784N11940508WA012450126450
B2021553428790N11940512WA012480126413
B2021563428796N11940518WA012500126606
B2021573428800N11940525WA012510126847
B2021583428803N11940534WA012520127043
B2021593428805N11940543WA012530127317
B2022003428804N11940552WA012550127682
B2022013428802N11940559WA012570128060
B2022023428799N11940563WA012590128311
B2022033428795N11940567WA012610128546
B2022043428792N11940570WA012620128713
B2022053428788N11940570WA012620128879
B2022063428784N11940569WA012620129004
B2022073428779N11940568WA012620129362
B2022083428776N11940564WA012640129644
B2022093428774N11940559WA012660130255
B2022103428775N11940555WA012690130372
B2022113428778N11940552WA012720130841
B2022123428783N11940549WA012750131468
B2022133428789N11940547WA012780131718
B2022143428795N11940547WA012800132162
B2022153428802N11940549WA012820132461
B2022163428809N11940553WA012820132624
B2022173428815N11940559WA012820132790
B2022183428822N11940565WA012830133091
B2022193428830N11940570WA012830133326
B2022203428837N11940575WA012850133546
B2022213428843N11940579WA012880133940
B2022223428849N11940582WA012900134032
B2022233428854N11940585WA012920134188
B2022243428860N11940591WA012940134293
B2022253428867N11940597WA012960134421
B2022263428873N11940603WA012980134709
B2022273428878N11940610WA012990134924
B2022283428883N11940617WA013010135021
B2022293428887N11940624WA013000135182
B2022303428892N11940631WA012990135186
B2022313428897N11940639WA012980135084
B2022323428902N11940647WA012960134933
B2022333428906N11940655WA012930134655
B2022343428910N11940664WA012890134407
B2022353428913N11940675WA012850133881
B2022363428917N11940686WA012800133481
B2022373428921N11940697WA012760133493
B2022383428926N11940708WA012730133434
B2022393428930N11940718WA012700133538
B2022403428933N11940728WA012690133366
B2022413428936N11940737WA012680133133
B2022423428939N11940746WA012670133001
B2022433428941N11940755WA012640132841
B2022443428943N11940764WA012610132667
B2022453428946N11940775WA012560132012
B2022463428948N11940785WA012510131956
B2022473428950N11940796WA012470131891
B2022483428953N11940806WA012430131814
B2022493428954N11940816WA012400131691
B2022503428956N11940825WA012370131467
B2022513428956N11940835WA012340130940
B2022523428955N11940844WA012300130418
B2022533428953N11940855WA012270129813
B2022543428951N11940866WA012230129402
B2022553428948N11940877WA012200129392
B2022563428947N11940887WA012200129349
B2022573428946N11940897WA012200129206
B2022583428944N11940906WA012200129157
B2022593428942N11940914WA012190128888
B2023003428941N11940923WA012170128510
B2023013428939N11940931WA012150128114
B2023023428937N11940940WA012130128000
B2023033428934N11940949WA012100127966
B2023043428931N11940960WA012070127991
B2023053428929N11940970WA012050127948
B2023063428927N11940980WA012020127877
B2023073428927N11940989WA012010127705
B2023083428926N11940997WA011990127562
B2023093428926N11941004WA011980127319
B2023103428925N11941013WA011960127108
B2023113428924N11941023WA011940127003
B2023123428923N11941033WA011920127015
B2023133428923N11941043WA011890126907
B2023143428923N11941053WA011870126858
B2023153428924N11941063WA011860126769
B2023163428926N11941074WA011840126400
B2023173428927N11941084WA011820126232
B2023183428928N11941094WA011800126057
B2023193428929N11941105WA011790125721
B2023203428929N11941115WA011780125693
B2023213428930N11941125WA011760125451
B2023223428931N11941134WA011750125226
B2023233428931N11941144WA011740124981
B2023243428932N11941154WA011730124741
B2023253428932N11941164WA011720124681
B2023263428933N11941174WA011710124403
B2023273428933N11941184WA011700124306
B2023283428932N11941194WA011700124164
B2023293428932N11941204WA011690123922
B2023303428931N11941213WA011690123799
B2023313428931N11941223WA011680123557
B2023323428930N11941233WA011670123395
B2023333428930N11941243WA011660123148
B2023343428930N11941254WA011650123023
B2023353428930N11941264WA011640122918
B2023363428929N11941274WA011630122869
B2023373428928N11941284WA011610122685
B2023383428927N11941293WA011600122487
B2023393428927N11941302WA011590122308
B2023403428926N11941312WA011570122250
B2023413428926N11941321WA011550122015
B2023423428925N11941331WA011530121861
B2023433428925N11941340WA011510121725
B2023443428924N11941349WA011480121697
B2023453428924N11941358WA011460121498
B2023463428925N11941367WA011440121227
B2023473428925N11941376WA011430121154
B2023483428925N11941384WA011430121098
B2023493428926N11941392WA011430120869
B2023503428927N11941401WA011420120793
B2023513428929N11941409WA011400120558
B2023523428930N11941418WA011380120477
B2023533428931N11941427WA011360120376
B2023543428932N11941437WA011350120280
B2023553428934N11941447WA011330120120
B2023563428935N11941457WA011320120065
B2023573428936N11941467WA011320120079
B2023583428937N11941477WA011340120246
B2023593428938N11941485WA011350120126
B2024003428939N11941492WA011370120225
B2024013428940N11941499WA011390120140
B2024023428941N11941505WA011400120158
B2024033428941N11941513WA011420120290
B2024043428941N11941520WA011430120283
B2024053428942N11941527WA011440120224
B2024063428942N11941534WA011430120297
B2024073428944N11941541WA011420120204
B2024083428946N11941548WA011410120111
B2024093428949N11941554WA011400120126
B2024103428953N11941560WA011390120167
B2024113428959N11941566WA011380120004
B2024123428964N11941571WA011360119971
B2024133428970N11941575WA011340119859
B2024143428976N11941581WA011320119633
B2024153428982N11941587WA011300119415
B2024163428988N11941594WA011280119438
B2024173428994N11941602WA011280119478
B2024183429000N11941610WA011290119494
B2024193429006N11941617WA011300119674
B2024203429011N11941623WA011340119698
B2024213429016N11941628WA011380120031
B2024223429020N11941631WA011430120466
B2024233429024N11941634WA011480120632
B2024243429027N11941638WA011530120863
B2024253429028N11941644WA011570121073
B2024263429027N11941650WA011620121151
B2024273429025N11941657WA011640121338
B2024283429022N11941662WA011660121144
B2024293429018N11941663WA011670121081
B2024303429016N11941663WA011680121007
B2024313429014N11941664WA011700121141
B2024323429013N11941663WA011740121188
B2024343429018N11941652WA011830121350
B2024353429022N11941645WA011880121828
B2024363429026N11941640WA011920122655
B2024373429029N11941635WA011950122961
B2024383429033N11941630WA011980123243
B2024393429036N11941626WA011990123355
B2024403429039N11941622WA011990123557
B2024413429043N11941619WA012000123543
B2024423429047N11941616WA012010123542
B2024433429052N11941614WA012010123493
B2024443429058N11941613WA012010123403
B2024453429064N11941613WA012010123611
B2024463429070N11941614WA012020123766
B2024473429075N11941616WA012030123760
B2024483429078N11941617WA012040123835
B2024503429083N11941625WA012090124781
B2024513429086N11941628WA012140125137
B2024523429088N11941632WA012180126218
B2024533429089N11941636WA012230127789
B2024543429091N11941640WA012270128014
B2024553429090N11941641WA012310127660
B2024563429087N11941637WA012350127255
B2024573429085N11941632WA012370127459
B2024583429085N11941629WA012370127671
B2024593429087N11941625WA012370127844
B2025003429088N11941622WA012370127971
B2025013429089N11941620WA012380127811
B2025023429087N11941618WA012380128071
B2025033429088N11941617WA012380128349
B2025043429092N11941620WA012380128526
B2025053429093N11941621WA012390128537
B2025063429095N11941624WA012400128892
B2025073429099N11941627WA012410128956
B2025083429104N11941631WA012420129212
B2025093429109N11941634WA012430129442
B2025103429115N11941637WA012440129608
B2025113429121N11941641WA012450129717
B2025123429127N11941645WA012460129965
B2025133429133N11941649WA012470130190
B2025143429140N11941652WA012480130418
B2025153429146N11941656WA012500130639
B2025163429152N11941661WA012520130912
B2025173429157N11941665WA012540131264
B2025183429163N11941669WA012570131445
B2025193429169N11941673WA012590131735
B2025203429175N11941676WA012620131953
B2025213429181N11941678WA012640131978
B2025223429188N11941678WA012640131932
B2025233429195N11941675WA012630131907
B2025243429200N11941671WA012610132008
B2025253429204N11941668WA012600132014
B2025263429206N11941663WA012610132187
B2025273429210N11941662WA012620132547
B2025283429214N11941663WA012660132923
B2025293429216N11941665WA012700133371
B2025303429207N11941662WA012730133097
B2025313429200N11941660WA012760133071
B2025323429194N11941658WA012780133022
B2025333429183N11941655WA012790133059
B2025343429174N11941654WA012790133352
B2025353429167N11941653WA012800133352
B2025363429160N11941652WA012800133348
B2025373429154N11941653WA012790133376
B2025383429150N11941655WA012780133208
B2025393429145N11941658WA012780133496
B2025403429141N11941662WA012780133507
B2025413429136N11941666WA012790133765
B2025423429134N11941670WA012800134032
B2025433429132N11941674WA012820134120
B2025443429131N11941678WA012830134249
B2025453429130N11941684WA012840134296
B2025463429130N11941690WA012860134288
B2025473429131N11941697WA012860134227
B2025483429132N11941705WA012860134341
B2025493429134N11941712WA012860134307
B2025503429135N11941720WA012860134381
B2025513429138N11941727WA012860134300
B2025523429140N11941733WA012860134317
B2025533429142N11941740WA012850134307
B2025543429143N11941748WA012850134260
B2025553429145N11941755WA012850134225
B2025563429147N11941763WA012840134111
B2025573429149N11941770WA012830134144
B2025583429151N11941777WA012830134192
B2025593429154N11941783WA012820134009
B2026003429155N11941790WA012820134035
B2026013429156N11941797WA012810133833
B2026023429157N11941804WA012800133753
B2026033429158N11941811WA012790133784
B2026043429160N11941818WA012770133796
B2026053429163N11941825WA012760133737
B2026063429166N11941832WA012750133705
B2026073429168N11941839WA012730133664
B2026083429170N11941846WA012720133583
B2026093429172N11941853WA012700133564
B2026103429174N11941860WA012690133535
B2026113429175N11941867WA012680133498
B2026123429177N11941874WA012670133475
B2026133429179N11941880WA012650133399
B2026143429182N11941886WA012640133258
B2026153429185N11941892WA012630133025
B2026163429187N11941898WA012610132895
B2026173429190N11941905WA012590132738
B2026183429192N11941913WA012590132877
B2026193429195N11941920WA012600132818
B2026203429197N11941926WA012610132767
B2026213429199N11941931WA012610132650
B2026223429201N11941935WA012600132453
B2026233429203N11941940WA012590132386
B2026243429206N11941947WA012580132123
B2026253429209N11941955WA012560132106
B2026263429212N11941964WA012540132102
B2026273429215N11941972WA012540132130
B2026283429218N11941978WA012540132283
B2026293429222N11941983WA012550132102
B2026303429225N11941987WA012540132026
B2026313429228N11941992WA012530131843
B2026323429231N11941997WA012520131639
B2026333429234N11942004WA012510131518
B2026343429237N11942012WA012500131624
B2026353429240N11942018WA012500131779
B2026363429244N11942023WA012490131828
B2026373429248N11942027WA012480131518
B2026383429251N11942032WA012470131463
B2026393429255N11942038WA012460131211
B2026403429258N11942045WA012440131274
B2026413429262N11942052WA012430131348
B2026423429266N11942059WA012420131336
B2026433429270N11942065WA012410131243
B2026443429274N11942070WA012420131154
B2026453429278N11942075WA012420131183
B2026463429283N11942080WA012430131131
B2026473429287N11942084WA012430131069
B2026483429291N11942089WA012440131083
B2026493429295N11942093WA012440130985
B2026503429299N11942097WA012430130866
B2026513429303N11942102WA012420130710
B2026523429306N11942107WA012410130662
B2026533429310N11942113WA012400130621
B2026543429313N11942119WA012390130675
B2026553429317N11942125WA012380130519
B2026563429320N11942132WA012370130421
B2026573429323N11942138WA012360130312
B2026583429326N11942144WA012340130165
B2026593429330N11942151WA012320130181
B2027003429335N11942158WA012300130020
B2027013429339N11942165WA012280129972
B2027023429344N11942171WA012260129807
B2027033429348N11942178WA012240129794
B2027043429354N11942185WA012220129622
B2027053429359N11942191WA012220129579
B2027063429364N11942198WA012220129490
B2027073429369N11942203WA012220129396
B2027083429374N11942209WA012210129261
B2027093429378N11942214WA012200129089
B2027103429382N11942221WA012190128973
B2027113429386N11942228WA012180128862
B2027123429390N11942235WA012160128663
B2027133429394N11942242WA012140128577
B2027143429398N11942250WA012120128585
B2027153429402N11942258WA012110128464
B2027163429406N11942266WA012100128330
B2027173429409N11942273WA012090128182
B2027183429413N11942280WA012090128011
B2027193429416N11942287WA012090127841
B2027203429419N11942294WA012080127784
B2027213429423N11942301WA012070127627
B2027223429426N11942308WA012060127468
B2027233429430N11942315WA012060127308
B2027243429433N11942322WA012050127226
B2027253429436N11942329WA012040127046
B2027263429439N11942336WA012020126825
B2027273429442N11942343WA012010126708
B2027283429444N11942351WA011990126695
B2027293429447N11942359WA011980126673
B2027303429450N11942367WA011970126660
B2027313429453N11942374WA011950126432
B2027323429456N11942380WA011940126207
B2027333429458N11942387WA011920126050
B2027343429461N11942393WA011900125938
B2027353429464N11942401WA011880125867
B2027363429468N11942410WA011850125746
B2027373429472N11942419WA011830125637
B2027383429475N11942428WA011810125676
B2027393429478N11942437WA011810125582
B2027403429481N11942445WA011810125435
B2027413429482N11942453WA011810125383
B2027423429483N11942461WA011800125151
B2027433429484N11942468WA011800124804
B2027443429484N11942475WA011780124678
B2027453429485N11942483WA011770124578
B2027463429486N11942492WA011740124462
B2027473429487N11942501WA011710124375
B2027483429488N11942510WA011680124197
B2027493429490N11942520WA011650124012
B2027503429491N11942529WA011610123858
B2027513429492N11942540WA011590123781
B2027523429493N11942551WA011580123672
B2027533429494N11942562WA011580123400
B2027543429494N11942570WA011580123239
B2027553429494N11942578WA011580123070
B2027563429495N11942584WA011570122825
B2027573429495N11942591WA011550122566
B2027583429495N11942599WA011510122051
B2027593429495N11942608WA011480121821
B2028003429494N11942618WA011440121865
B2028013429493N11942629WA011410121763
B2028023429492N11942639WA011400121697
B2028033429492N11942648WA011400121450
B2028043429492N11942655WA011400121273
B2028053429493N11942661WA011400121008
B2028063429493N11942669WA011390120930
B2028073429493N11942677WA011380120856
B2028083429493N11942686WA011380120758
B2028093429493N11942696WA011380120753
B2028103429493N11942706WA011380120780
B2028113429494N11942715WA011400120814
B2028123429494N11942724WA011420120972
B2028133429495N11942731WA011450121071
B2028143429497N11942736WA011480121016
B2028153429498N11942741WA011510121037
B2028163429499N11942746WA011520120915
B2028173429499N11942751WA011510120894
B2028183429501N11942757WA011490120701
B2028193429501N11942763WA011480120697
B2028203429502N11942771WA011460120560
B2028213429503N11942779WA011440120522
B2028223429504N11942788WA011420120410
B2028233429505N11942796WA011410120519
B2028243429506N11942805WA011410120407
B2028253429506N11942814WA011420120484
B2028263429507N11942822WA011420120448
B2028273429508N11942830WA011430120414
B2028283429508N11942837WA011450120575
B2028293429509N11942843WA011470120708
B2028303429509N11942849WA011490120846
B2028313429510N11942854WA011510120824
B2028323429511N11942859WA011530120842
B2028333429512N11942865WA011550120872
B2028343429513N11942872WA011560120994
B2028353429515N11942879WA011570121139
B2028363429517N11942887WA011580121222
B2028373429519N11942893WA011600121468
B2028383429522N11942900WA011630121532
B2028393429524N11942906WA011650121683
B2028403429526N11942912WA011680121896
B2028413429529N11942919WA011710121922
B2028423429531N11942925WA011740122024
B2028433429532N11942931WA011760122193
B2028443429534N11942936WA011760122357
B2028453429536N11942942WA011770122571
B2028463429540N11942947WA011770122700
B2028473429544N11942950WA011780122809
B2028483429548N11942954WA011790122950
B2028493429553N11942956WA011800123136
B2028503429558N11942958WA011810123236
B2028513429563N11942960WA011830123331
B2028523429568N11942960WA011840123449
B2028533429573N11942961WA011860123654
B2028543429579N11942962WA011870123712
B2028553429584N11942963WA011880123980
B2028563429590N11942963WA011890124053
B2028573429596N11942963WA011900124010
B2028583429601N11942962WA011900124181
B2028593429607N11942960WA011910124275
B2029003429613N11942957WA011920124316
B2029013429617N11942951WA011930124547
B2029023429620N11942944WA011940124632
B2029033429620N11942936WA011950124503
B2029043429616N11942927WA011960124569
B2029053429611N11942922WA011970124561
B2029063429606N11942919WA011980124513
B2029073429601N11942918WA011990124441
B2029083429595N11942919WA012020124691
B2029093429589N11942921WA012050125147
B2029103429582N11942924WA012080125367
B2029113429576N11942926WA012120125608
B2029123429567N11942929WA012160126229
B2029133429561N11942930WA012190126433
B2029143429556N11942928WA012200126635
B2029153429551N11942925WA012200126860
B2029163429546N11942921WA012200127173
B2029173429541N11942918WA012210127496
B2029183429537N11942918WA012230127475
B2029193429533N11942919WA012240127587
B2029203429529N11942921WA012240127678
B2029213429524N11942923WA012240127772
B2029223429519N11942922WA012230127713
B2029233429513N11942919WA012230127778
B2029243429508N11942914WA012230127959
B2029253429504N11942907WA012240128059
B2029263429501N11942898WA012270128232
B2029273429501N11942889WA012300128227
B2029283429499N11942884WA012320128224
B2029293429496N11942880WA012330128335
B2029303429492N11942878WA012330128312
B2029313429487N11942877WA012340128420
B2029323429484N11942876WA012350128284
B2029333429481N11942877WA012360128165
B2029343429480N11942880WA012370128081
B2029353429483N11942882WA012390127476
B2029363429486N11942882WA012410127161
B2029373429491N11942888WA012420127760
B2029393429502N11942889WA012450128992
B2029403429507N11942885WA012470129303
B2029413429510N11942880WA012480129647
B2029423429512N11942875WA012500129918
B2029433429512N11942869WA012520130279
B2029443429510N11942864WA012540130585
B2029453429509N11942859WA012560130878
B2029463429506N11942856WA012590131128
B2029473429502N11942854WA012620131292
B2029483429501N11942857WA012650131016
B2029493429498N11942861WA012670131142
B2029503429497N11942866WA012680131190
B2029513429498N11942873WA012680131088
B2029523429505N11942882WA012690131353
B2029533429515N11942889WA012700131761
B2029543429522N11942890WA012720131962
B2029553429529N11942890WA012740132025
B2029563429535N11942891WA012760132223
B2029573429541N11942892WA012780132580
B2029583429548N11942892WA012810132985
B2029593429555N11942892WA012840133208
B2030003429561N11942893WA012860133411
B2030013429566N11942893WA012890133654
B2030023429571N11942893WA012910133851
B2030033429576N11942891WA012930134041
B2030043429581N11942887WA012930134100
B2030053429584N11942880WA012940134274
B2030063429587N11942872WA012940134427
B2030073429587N11942865WA012960134660
B2030083429585N11942859WA012970134867
B2030093429582N11942855WA012980135171
B2030103429579N11942850WA013000135308
B2030113429575N11942847WA013020135357
B2030123429569N11942845WA013030135550
B2030133429562N11942844WA013050135750
B2030143429554N11942845WA013060136073
B2030153429547N11942847WA013090136297
B2030163429543N11942851WA013120136361
B2030173429540N11942853WA013160136617
B2030183429538N11942857WA013190136958
B2030193429537N11942862WA013230136867
B2030203429536N11942870WA013250136892
B2030213429538N11942878WA013270136923
B2030223429541N11942885WA013280137068
B2030233429547N11942893WA013300137248
B2030243429555N11942897WA013310137458
B2030253429563N11942897WA013320137505
B2030263429568N11942896WA013330137822
B2030273429572N11942893WA013350137705
B2030283429578N11942886WA013370137856
B2030293429581N11942881WA013400138649
B2030303429582N11942878WA013410138896
B2030313429584N11942877WA013430139002
B2030323429584N11942876WA013450139594
B2030333429581N11942877WA013460139541
B2030343429575N11942877WA013490139533
B2030353429569N11942878WA013520139571
B2030363429564N11942879WA013550139536
B2030373429557N11942882WA013580139446
B2030383429551N11942886WA013610139481
B2030393429545N11942888WA013640139766
B2030403429542N11942893WA013650140676
B2030413429543N11942898WA013640140988
B2030423429547N11942903WA013630140934
B2030433429551N11942907WA013630141032
B2030443429553N11942909WA013640141023
B2030453429556N11942910WA013660141551
B2030463429557N11942909WA013690142190
B2030473429560N11942906WA013710142545
B2030483429563N11942903WA013740142576
B2030493429567N11942900WA013750142664
B2030503429570N11942895WA013770142774
B2030513429573N11942891WA013780143094
B2030523429576N11942885WA013800143209
B2030533429577N11942880WA013820143410
B2030543429578N11942871WA013830143462
B2030553429575N11942865WA013830143615
B2030563429574N11942852WA013820143403
B2030573429569N11942843WA013810143141
B2030583429564N11942840WA013810143005
B2030593429558N11942837WA013820142656
B2031003429553N11942836WA013840143056
B2031013429551N11942840WA013870142938
B2031023429546N11942842WA013900142901
B2031033429539N11942842WA013930143403
B2031043429533N11942843WA013960144009
B2031053429528N11942845WA014000143957
B2031063429524N11942849WA014020144239
B2031073429523N11942855WA014050144442
B2031083429524N11942862WA014070144744
B2031093429526N11942871WA014090145066
B2031103429530N11942879WA014120145311
B2031123429538N11942885WA014180145402
B2031133429540N11942884WA014180145284
B2031143429542N11942882WA014180145028
B2031153429541N11942878WA014180144500
B2031163429539N11942875WA014190144696
B2031173429536N11942873WA014200145063
B2031183429530N11942868WA014220145579
B2031193429525N11942865WA014240146364
B2031203429522N11942865WA014260146200
B2031213429518N11942864WA014280146731
B2031223429517N11942866WA014300146969
B2031233429518N11942873WA014310147442
B2031243429522N11942878WA014330147865
B2031253429527N11942883WA014350148114
B2031263429532N11942886WA014370148412
B2031273429537N11942886WA014410149031
B2031283429542N11942885WA014440149233
B2031293429546N11942882WA014470149452
B2031303429549N11942876WA014490149689
B2031313429552N11942870WA014500149803
B2031323429553N11942863WA014500150096
B2031333429552N11942857WA014510150160
B2031343429550N11942850WA014510150278
B2031353429545N11942846WA014510150316
B2031363429538N11942844WA014510150490
B2031373429532N11942841WA014510150535
B2031383429526N11942843WA014520150778
B2031393429521N11942846WA014530150858
B2031403429518N11942852WA014530150847
B2031413429517N11942860WA014520150774
B2031423429519N11942868WA014520150862
B2031433429521N11942875WA014520150976
B2031443429525N11942881WA014520151032
B2031453429529N11942885WA014540151319
B2031463429533N11942890WA014560151714
B2031473429537N11942894WA014580152034
B2031483429541N11942898WA014610152332
B2031493429544N11942902WA014640152561
B2031503429547N11942906WA014660152582
B2031513429550N11942910WA014680152625
B2031523429553N11942914WA014690152527
B2031533429557N11942918WA014680152664
B2031543429563N11942921WA014680152672
B2031553429571N11942922WA014680152728
B2031563429578N11942924WA014690152727
B2031573429583N11942927WA014690152876
B2031583429588N11942931WA014700152913
B2031593429592N11942935WA014710153030
B2032003429596N11942938WA014730153162
B2032013429601N11942941WA014740153210
B2032023429605N11942944WA014750153371
B2032033429610N11942947WA014770153429
B2032043429614N11942951WA014790153548
B2032053429618N11942955WA014800153665
B2032063429622N11942958WA014820153773
B2032073429626N11942960WA014830153874
B2032083429630N11942962WA014840153972
B2032093429634N11942964WA014860154081
B2032103429639N11942966WA014870154134
B2032113429644N11942968WA014880154326
B2032123429649N11942970WA014900154416
B2032133429653N11942971WA014920154509
B2032143429656N11942971WA014930154727
B2032153429658N11942970WA014950154752
B2032163429660N11942968WA014970154862
B2032173429662N11942965WA014980155097
B2032183429664N11942963WA015000155252
B2032193429665N11942960WA015020155357
B2032203429666N11942958WA015030155410
B2032213429665N11942954WA015030155523
B2032223429663N11942949WA015030155605
B2032233429659N11942943WA015040155967
B2032243429654N11942938WA015050155989
B2032253429650N11942936WA015060156004
B2032263429644N11942933WA015080155916
B2032273429639N11942933WA015090155819
B2032283429635N11942937WA015100155797
B2032293429632N11942940WA015120155683
B2032303429632N11942944WA015140155583
B2032313429631N11942947WA015160155615
B2032333429632N11942964WA015190155359
B2032343429642N11942981WA015190155733
B2032353429648N11942989WA015200155868
B2032363429654N11942995WA015210156044
B2032373429659N11942998WA015230156242
B2032383429663N11942998WA015250156446
B2032393429667N11942998WA015270156457
B2032403429670N11942997WA015280156336
B2032413429672N11942995WA015290156258
B2032423429673N11942993WA015280156382
B2032433429673N11942990WA015270156230
B2032443429670N11942986WA015260156280
B2032453429667N11942981WA015260156397
B2032463429664N11942976WA015260156477
B2032473429661N11942972WA015260156587
B2032483429658N11942969WA015250156636
B2032493429653N11942967WA015250156508
B2032503429645N11942969WA015230156431
B2032513429636N11942972WA015220156549
B2032523429628N11942979WA015210156735
B2032533429620N11942987WA015210156847
B2032543429613N11942997WA015220157194
B2032553429608N11943007WA015240157431
B2032563429603N11943014WA015260157647
B2032573429598N11943021WA015270157947
B2032583429594N11943028WA015290158151
B2032593429591N11943035WA015300158312
B2033003429588N11943043WA015300158324
B2033013429585N11943051WA015290158479
B2033023429584N11943060WA015290158439
B2033033429585N11943070WA015280158415
B2033043429587N11943080WA015270158422
B2033053429589N11943088WA015270158595
B2033063429594N11943095WA015280158906
B2033073429597N11943101WA015290158983
B2033083429601N11943106WA015310158868
B2033093429605N11943111WA015310158942
B2033103429608N11943114WA015300158668
B2033113429613N11943120WA015290158663
B2033123429618N11943128WA015290158748
B2033133429622N11943136WA015290158976
B2033143429626N11943145WA015290159149
B2033153429630N11943154WA015300159218
B2033163429634N11943163WA015300159313
B2033173429638N11943171WA015300159486
B2033183429643N11943182WA015310159670
B2033203429652N11943198WA015350160053
B2033213429655N11943201WA015370160403
B2033223429656N11943201WA015380160137
B2033233429657N11943198WA015380161076
B2033243429657N11943195WA015360161532
B2033253429655N11943191WA015350162399
B2033323429653N11943138WA015350162032
B2033333429638N11943100WA015340160978
B2033343429619N11943084WA015340159408
B2033353429612N11943088WA015340158608
B2033363429610N11943098WA015340158782
B2033373429610N11943108WA015340158981
B2033383429612N11943119WA015330159357
B2033393429616N11943127WA015330159174
B2033403429622N11943133WA015310159039
B2033413429627N11943139WA015290159096
B2033423429634N11943142WA015280158983
B2033433429641N11943144WA015270158997
B2033443429648N11943148WA015270158980
B2033453429654N11943152WA015270159173
B2033463429660N11943156WA015280159155
B2033473429664N11943160WA015300159480
B2033483429668N11943163WA015310159374
B2033493429672N11943167WA015320159280
B2033503429677N11943171WA015320159063
B2033513429683N11943176WA015310158924
B2033523429688N11943181WA015290159075
B2033533429694N11943187WA015290159022
B2033543429698N11943192WA015290159285
B2033553429703N11943197WA015290159201
B2033563429707N11943202WA015290159251
B2033573429712N11943207WA015290159122
B2033583429717N11943213WA015280159151
B2033593429722N11943219WA015280159130
B2034003429726N11943224WA015270159065
B2034013429730N11943229WA015260159093
B2034023429735N11943233WA015250158843
B2034033429740N11943236WA015240158562
B2034043429746N11943238WA015220158340
B2034053429752N11943239WA015200158336
B2034063429758N11943240WA015190158352
B2034073429764N11943241WA015170158312
B2034083429768N11943242WA015170158285
B2034093429773N11943243WA015170158186
B2034103429779N11943244WA015160157834
B2034113429785N11943244WA015140157625
B2034123429792N11943243WA015130157508
B2034133429798N11943243WA015110157670
B2034143429806N11943242WA015110157703
B2034153429813N11943241WA015110157718
B2034163429819N11943244WA015130157863
B2034173429824N11943249WA015160157836
B2034183429826N11943257WA015190158232
B2034193429828N11943265WA015220158400
B2034203429830N11943272WA015250158734
B2034213429833N11943278WA015280159065
B2034223429837N11943281WA015310159278
B2034233429841N11943284WA015330159365
B2034243429845N11943284WA015330159299
B2034253429850N11943284WA015330159321
B2034263429853N11943283WA015330159582
B2034273429858N11943283WA015340159681
B2034283429862N11943284WA015360160055
B2034293429865N11943286WA015370160431
B2034303429868N11943288WA015380160954
B2034313429870N11943291WA015390160691
B2034323429869N11943291WA015400160623
B2034333429869N11943292WA015400160742
B2034363429867N11943311WA015430160121
B2034373429869N11943316WA015450159718
B2034383429867N11943317WA015460159640
B2034393429866N11943315WA015480159887
B2034403429867N11943313WA015490159835
B2034413429868N11943310WA015500159893
B2034423429870N11943306WA015500159939
B2034433429872N11943304WA015500160292
B2034443429875N11943301WA015510160403
B2034453429876N11943298WA015520160537
B2034463429877N11943296WA015530160830
B2034473429879N11943293WA015540161102
B2034483429879N11943289WA015550161285
B2034493429881N11943286WA015560161463
B2034503429884N11943282WA015570161537
B2034513429887N11943278WA015570161679
B2034523429891N11943275WA015570161724
B2034533429894N11943272WA015580161931
B2034543429897N11943269WA015590162122
B2034553429899N11943266WA015600162387
B2034563429902N11943264WA015610162452
B2034573429905N11943261WA015620162417
B2034583429907N11943259WA015630162482
B2034593429910N11943256WA015640162576
B2035003429913N11943253WA015640162558
B2035013429916N11943251WA015640162642
B2035023429919N11943248WA015640162704
B2035033429921N11943245WA015650162936
B2035043429923N11943242WA015660163059
B2035053429925N11943240WA015670163192
B2035063429928N11943237WA015680163135
B2035073429930N11943234WA015690163286
B2035083429933N11943231WA015700163355
B2035093429936N11943228WA015710163506
B2035103429938N11943226WA015730163632
B2035113429940N11943224WA015730163650
B2035123429942N11943222WA015730163552
B2035133429944N11943220WA015720163494
B2035143429948N11943218WA015700163194
B2035153429954N11943217WA015680162910
B2035163429960N11943216WA015660162624
B2035173429967N11943216WA015640162513
B2035183429974N11943217WA015620162421
B2035193429981N11943218WA015600162326
B2035203429987N11943220WA015590162386
B2035213429994N11943222WA015590162207
B2035223430000N11943224WA015580162034
B2035233430007N11943225WA015550161718
B2035243430013N11943227WA015510161792
B2035253430021N11943228WA015480161717
B2035263430028N11943230WA015450161856
B2035273430036N11943233WA015430161801
B2035283430043N11943235WA015410161757
B2035293430050N11943238WA015390161620
B2035303430056N11943239WA015390161575
B2035313430063N11943240WA015410161445
B2035323430070N11943241WA015420161334
B2035333430077N11943242WA015420161236
B2035343430084N11943244WA015420161104
B2035353430090N11943246WA015410161072
B2035363430097N11943247WA015400160905
B2035373430102N11943248WA015390160785
B2035383430108N11943249WA015380160546
B2035393430114N11943251WA015350160450
B2035403430121N11943252WA015330160319
B2035413430128N11943255WA015300160332
B2035423430135N11943257WA015280160380
B2035433430143N11943257WA015280160106
B2035443430149N11943257WA015280160033
B2035453430154N11943256WA015270159798
B2035463430160N11943257WA015260159513
B2035473430165N11943259WA015240159350
B2035483430171N11943261WA015220159262
B2035493430178N11943262WA015200159246
B2035503430185N11943262WA015180159266
B2035513430192N11943262WA015180159190
B2035523430199N11943261WA015190159076
B2035533430205N11943262WA015190158913
B2035543430209N11943264WA015190158781
B2035553430214N11943266WA015190158583
B2035563430220N11943268WA015180158447
B2035573430225N11943271WA015170158296
B2035583430231N11943275WA015150158170
B2035593430237N11943278WA015140158183
B2036003430244N11943281WA015120158014
B2036013430250N11943284WA015110157944
B2036023430256N11943287WA015090157754
B2036033430262N11943290WA015070157672
B2036043430269N11943292WA015050157439
B2036053430276N11943296WA015020157471
B2036063430284N11943300WA015010157460
B2036073430292N11943304WA014990157486
B2036083430300N11943309WA014990157368
B2036093430307N11943314WA015000157298
B2036103430314N11943319WA014990157086
B2036113430321N11943324WA014990156853
B2036123430328N11943329WA014980156611
B2036133430334N11943334WA014970156480
B2036143430342N11943338WA014950156409
B2036153430349N11943344WA014940156360
B2036163430357N11943348WA014930156329
B2036173430364N11943353WA014920156269
B2036183430371N11943358WA014920156178
B2036193430378N11943363WA014920156026
B2036203430384N11943368WA014920155844
B2036213430390N11943373WA014910155783
B2036223430397N11943378WA014900155552
B2036233430404N11943383WA014880155441
B2036243430411N11943388WA014870155390
B2036253430419N11943392WA014860155353
B2036263430427N11943396WA014850155203
B2036273430434N11943400WA014840155130
B2036283430441N11943403WA014840155025
B2036293430447N11943407WA014840154892
B2036303430454N11943411WA014830154753
B2036313430461N11943415WA014820154615
B2036323430468N11943419WA014810154409
B2036333430475N11943424WA014800154303
B2036343430482N11943428WA014780154327
B2036353430489N11943433WA014760154230
B2036363430496N11943437WA014750154130
B2036373430503N11943440WA014740154046
B2036383430510N11943444WA014730153963
B2036393430517N11943448WA014720153973
B2036403430524N11943453WA014710153870
B2036413430531N11943458WA014710153730
B2036423430537N11943463WA014700153565
B2036433430543N11943469WA014680153452
B2036443430549N11943475WA014660153341
B2036453430555N11943481WA014640153276
B2036463430562N11943488WA014610153136
B2036473430569N11943496WA014600153100
B2036483430575N11943503WA014590153074
B2036493430582N11943510WA014570152936
B2036503430588N11943517WA014560152896
B2036513430595N11943524WA014560152644
B2036523430601N11943531WA014540152581
B2036533430608N11943537WA014530152367
B2036543430615N11943544WA014510152273
B2036553430622N11943551WA014500152191
B2036563430630N11943557WA014480152118
B2036573430637N11943564WA014480151924
B2036583430643N11943570WA014470151899
B2036593430650N11943577WA014460151641
B2037003430656N11943583WA014450151591
B2037013430663N11943588WA014430151449
B2037023430670N11943594WA014420151316
B2037033430677N11943600WA014400151101
B2037043430684N11943605WA014380151117
B2037053430691N11943611WA014370151011
B2037063430697N11943616WA014350150984
B2037073430704N11943621WA014340150729
B2037083430710N11943627WA014340150638
B2037093430716N11943633WA014330150429
B2037103430722N11943639WA014320150307
B2037113430727N11943645WA014310150192
B2037123430733N11943650WA014290150088
B2037133430739N11943656WA014270149885
B2037143430745N11943662WA014250149795
B2037153430752N11943668WA014240149605
B2037163430757N11943674WA014240149685
B2037173430763N11943680WA014230149443
B2037183430768N11943685WA014210149288
B2037193430774N11943690WA014200149028
B2037203430779N11943695WA014190148896
B2037213430786N11943700WA014160148602
B2037223430792N11943704WA014140148569
B2037233430799N11943709WA014110148446
B2037243430806N11943713WA014090148349
B2037253430813N11943718WA014070148210
B2037263430819N11943721WA014060148078
B2037273430826N11943725WA014050147905
B2037283430832N11943729WA014040147802
B2037293430838N11943732WA014020147527
B2037303430844N11943736WA014010147374
B2037313430851N11943740WA013990147236
B2037323430858N11943745WA013970147232
B2037333430865N11943749WA013950147158
B2037343430872N11943754WA013930146943
B2037353430879N11943758WA013920146716
B2037363430885N11943763WA013900146571
B2037373430892N11943767WA013890146318
B2037383430898N11943772WA013870146157
B2037393430904N11943777WA013850146099
B2037403430911N11943783WA013830145816
B2037413430917N11943789WA013810145627
B2037423430923N11943795WA013790145437
B2037433430929N11943801WA013770145265
B2037443430936N11943807WA013760145001
B2037453430942N11943812WA013740144959
B2037463430949N11943818WA013720144719
B2037473430955N11943825WA013720144662
B2037483430961N11943831WA013710144474
B2037493430967N11943837WA013700144175
B2037503430974N11943843WA013670143906
B2037513430980N11943849WA013640143778
B2037523430988N11943856WA013600143612
B2037533430995N11943862WA013560143568
B2037543431003N11943869WA013530143445
B2037553431011N11943876WA013490143311
B2037563431018N11943882WA013460143198
B2037573431026N11943889WA013430142963
B2037583431034N11943895WA013420142717
B2037593431041N11943902WA013400142530
B2038003431048N11943908WA013390142344
B2038013431055N11943914WA013370142013
B2038023431061N11943919WA013350141795
B2038033431069N11943924WA013320141405
B2038043431076N11943929WA013290141133
B2038053431083N11943934WA013260140942
B2038063431090N11943939WA013230140760
B2038073431098N11943943WA013200140506
B2038083431105N11943947WA013160140258
B2038093431113N11943951WA013130140149
B2038103431121N11943955WA013100139916
B2038113431129N11943959WA013080139832
B2038123431137N11943962WA013090139658
B2038133431145N11943966WA013080139458
B2038143431153N11943971WA013070139132
B2038153431160N11943975WA013060138998
B2038163431168N11943980WA013050138564
B2038173431176N11943985WA013030138222
B2038183431183N11943990WA013000138074
B2038193431191N11943995WA012970137858
B2038203431199N11944001WA012950137673
B2038213431208N11944006WA012920137429
B2038223431216N11944012WA012890137285
B2038233431225N11944018WA012870137041
B2038243431234N11944023WA012840136805
B2038253431242N11944029WA012820136551
B2038263431251N11944034WA012800136306
B2038273431259N11944040WA012780136042
B2038283431267N11944046WA012760135891
B2038293431276N11944052WA012740135550
B2038303431284N11944058WA012710135381
B2038313431292N11944064WA012690135092
B2038323431300N11944070WA012660134781
B2038333431308N11944075WA012630134597
B2038343431317N11944081WA012610134243
B2038353431326N11944086WA012590134126
B2038363431335N11944091WA012570133974
B2038373431345N11944095WA012550133637
B2038383431355N11944099WA012530133514
B2038393431364N11944103WA012520133362
B2038403431373N11944107WA012500133155
B2038413431382N11944112WA012490132810
B2038423431390N11944116WA012470132683
B2038433431399N11944120WA012460132482
B2038443431408N11944123WA012440132188
B2038453431418N11944127WA012420131934
B2038463431428N11944130WA012400131718
B2038473431438N11944133WA012380131548
B2038483431448N11944136WA012370131356
B2038493431458N11944139WA012360131217
B2038503431466N11944142WA012350130989
B2038513431475N11944146WA012340130715
B2038523431483N11944149WA012330130439
B2038533431491N11944153WA012310130274
B2038543431500N11944156WA012290130149
B2038553431509N11944160WA012260129925
B2038563431518N11944163WA012230129829
B2038573431527N11944166WA012210129619
B2038583431535N11944169WA012190129578
B2038593431544N11944172WA012170129308
B2039003431552N11944175WA012150129113
B2039013431560N11944177WA012130128824
B2039023431568N11944179WA012100128603
B2039033431576N11944181WA012070128413
B2039043431584N11944183WA012030128247
B2039053431593N11944186WA011990128055
B2039063431602N11944189WA011960128078
B2039073431612N11944193WA011920127914
B2039083431621N11944197WA011890127823
B2039093431630N11944201WA011870127635
B2039103431639N11944205WA011860127489
B2039113431649N11944210WA011850127263
B2039123431659N11944214WA011840127065
B2039133431669N11944218WA011830126842
B2039143431678N11944221WA011820126661
B2039153431687N11944223WA011820126416
B2039163431695N11944225WA011820126128
B2039173431703N11944228WA011810125920
B2039183431711N11944230WA011800125664
B2039193431720N11944233WA011790125430
B2039203431729N11944235WA011770125236
B2039213431738N11944238WA011760125152
B2039223431748N11944241WA011740124901
B2039233431757N11944243WA011720124739
B2039243431766N11944246WA011710124546
B2039253431775N11944249WA011690124250
B2039263431784N11944251WA011680124071
B2039273431793N11944253WA011660123896
B2039283431802N11944256WA011650123792
B2039293431812N11944258WA011640123516
B2039303431821N11944260WA011640123446
B2039313431830N11944262WA011640123242
B2039323431839N11944263WA011630123009
B2039333431847N11944265WA011620122998
B2039343431857N11944267WA011610122808
B2039353431866N11944269WA011600122716
B2039363431875N11944271WA011590122533
B2039373431884N11944272WA011590122407
B2039383431893N11944274WA011590122202
B2039393431901N11944275WA011580122079
B2039403431910N11944278WA011570121852
B2039413431919N11944280WA011560121728
B2039423431928N11944283WA011550121625
B2039433431937N11944286WA011530121500
B2039443431945N11944288WA011510121342
B2039453431953N11944290WA011500121251
B2039463431961N11944291WA011480121189
B2039473431969N11944293WA011450120989
B2039483431977N11944296WA011420120860
B2039493431985N11944298WA011390120631
B2039503431993N11944300WA011350120460
B2039513432002N11944301WA011310120376
B2039523432012N11944303WA011280120233
B2039533432021N11944304WA011230120176
B2039543432031N11944305WA011200120008
B2039553432040N11944306WA011160119817
B2039563432049N11944307WA011130119646
B2039573432058N11944308WA011100119474
B2039583432067N11944309WA011070119293
B2039593432077N11944310WA011040119010
B2040003432086N11944310WA011010118836
B2040013432095N11944311WA010980118762
B2040023432105N11944311WA010940118539
B2040033432115N11944312WA010910118436
B2040043432125N11944312WA010890118229
B2040053432135N11944312WA010880117939
B2040063432144N11944313WA010860117671
B2040073432154N11944313WA010830117306
B2040083432163N11944314WA010810117032
B2040093432172N11944314WA010780116755
B2040103432181N11944314WA010740116577
B2040113432190N11944314WA010710116286
B2040123432200N11944314WA010670116011
B2040133432209N11944313WA010640115885
B2040143432219N11944312WA010610115637
B2040153432228N11944311WA010580115498
B2040163432237N11944311WA010550115190
B2040173432246N11944310WA010530114892
B2040183432256N11944309WA010500114601
B2040193432265N11944307WA010470114319
B2040203432274N11944306WA010440114237
B2040213432283N11944304WA010410114088
B2040223432293N11944302WA010400113935
B2040233432303N11944300WA010380113766
B2040243432313N11944299WA010370113564
B2040253432323N11944298WA010350113216
B2040263432332N11944298WA010330112912
B2040273432340N11944297WA010300112663
B2040283432349N11944296WA010280112431
B2040293432358N11944294WA010240112334
B2040303432367N11944292WA010210112186
B2040313432377N11944290WA010180112095
B2040323432387N11944288WA010140111786
B2040333432397N11944286WA010100111338
B2040343432406N11944285WA010070111062
B2040353432416N11944283WA010030110734
B2040363432426N11944280WA010000110509
B2040373432436N11944277WA009960110426
B2040383432445N11944273WA009940110269
B2040393432455N11944270WA009920109974
B2040403432466N11944267WA009900109702
B2040413432476N11944264WA009880109528
B2040423432486N11944262WA009880109205
B2040433432495N11944260WA009880109086
B2040443432506N11944259WA009890108803
B2040453432515N11944258WA009900108426
B2040463432524N11944259WA009910107740
B2040473432532N11944259WA009910107231
B2040483432540N11944259WA009910106902
B2040493432548N11944258WA009910106759
B2040503432557N11944257WA009900106578
B2040513432567N11944256WA009890106360
B2040523432577N11944253WA009890106173
B2040533432587N11944250WA009890106046
B2040543432595N11944248WA009910105929
B2040553432601N11944248WA009920105812
B2040563432605N11944248WA009930105550
B2040573432609N11944248WA009920105362
B2040583432615N11944248WA009910105002
B2040593432621N11944248WA009880104843
B2041003432629N11944248WA009850104624
B2041013432638N11944248WA009810104563
B2041023432648N11944247WA009770104459
B2041033432658N11944247WA009740104331
B2041043432667N11944246WA009710104154
B2041053432675N11944245WA009690103977
B2041063432684N11944245WA009670103711
B2041073432693N11944244WA009660103405
B2041083432702N11944244WA009650103244
B2041093432712N11944244WA009640103144
B2041103432722N11944244WA009630103066
B2041113432733N11944245WA009640103012
B2041123432744N11944246WA009640102802
B2041133432754N11944247WA009650102803
B2041143432763N11944248WA009650102743
B2041153432771N11944248WA009660102577
B2041163432779N11944248WA009660102368
B2041173432787N11944249WA009650102294
B2041183432796N11944250WA009650102186
B2041193432806N11944252WA009640102042
B2041203432816N11944254WA009630101963
B2041213432826N11944256WA009630102052
B2041223432835N11944257WA009630102195
B2041233432844N11944258WA009650102214
B2041243432851N11944258WA009660102258
B2041253432858N11944259WA009680102240
B2041263432864N11944259WA009690102161
B2041273432870N11944259WA009700102161
B2041283432876N11944258WA009700102132
B2041293432881N11944256WA009700102141
B2041303432885N11944252WA009690102397
B2041313432888N11944248WA009680102375
B2041323432890N11944244WA009670102330
B2041333432890N11944239WA009660102449
B2041343432889N11944235WA009660102373
B2041353432888N11944229WA009660101821
B2041363432886N11944221WA009670101794
B2041373432887N11944213WA009670101604
B2041383432888N11944206WA009680101610
B2041393432889N11944199WA009690101782
B2041403432892N11944192WA009690101807
B2041413432894N11944186WA009700101945
B2041423432896N11944180WA009710102063
B2041433432898N11944174WA009720102135
B2041443432899N11944169WA009740102363
B2041453432900N11944165WA009740102302
B2041463432899N11944161WA009750102359
B2041473432897N11944159WA009740102359
B2041483432894N11944159WA009740102330
B2041493432890N11944160WA009730102418
B2041503432884N11944165WA009730102557
B2041513432879N11944174WA009730102541
B2041523432875N11944180WA009740102587
B2041533432875N11944188WA009740102747
B2041543432878N11944198WA009740102721
B2041553432885N11944208WA009750102959
B2041563432891N11944216WA009750102991
B2041573432897N11944221WA009760102820
B2041583432904N11944226WA009760102939
B2041593432912N11944231WA009760103051
B2042003432921N11944232WA009760103018
B2042013432929N11944233WA009760103038
B2042023432937N11944233WA009760103044
B2042033432945N11944232WA009770103020
B2042043432952N11944230WA009770103061
B2042053432959N11944228WA009770103192
B2042063432966N11944226WA009780103095
B2042073432973N11944225WA009780103050
B2042083432979N11944223WA009780103080
B2042093432985N11944220WA009790102970
B2042103432990N11944215WA009780102827
B2042113432993N11944210WA009780102733
B2042123432994N11944203WA009780102613
B2042133432993N11944196WA009780102736
B2042143432990N11944192WA009780102830
B2042153432987N11944189WA009790103132
B2042163432985N11944188WA009790103130
B2042173432982N11944188WA009800103071
B2042183432981N11944190WA009810102867
B2042193432977N11944194WA009810102694
B2042203432972N11944202WA009820102693
B2042213432968N11944210WA009820102534
B2042223432964N11944216WA009830102606
B2042233432960N11944220WA009830102647
B2042243432957N11944224WA009830102837
B2042253432955N11944229WA009820102857
B2042263432955N11944236WA009820102835
B2042273432957N11944245WA009820102811
B2042283432960N11944254WA009810103071
B2042293432967N11944263WA009810103250
B2042303432975N11944268WA009820103248
B2042313432984N11944270WA009830103074
B2042323432993N11944271WA009830103094
B2042333433001N11944271WA009840103085
B2042343433010N11944271WA009830103026
B2042353433018N11944272WA009830103178
B2042363433027N11944274WA009820103240
B2042373433036N11944274WA009810103213
B2042383433044N11944274WA009810103353
B2042393433052N11944274WA009800103323
B2042403433059N11944274WA009800103344
B2042413433066N11944274WA009800103340
B2042423433073N11944272WA009800103247
B2042433433080N11944270WA009800103298
B2042443433088N11944268WA009800103277
B2042453433096N11944266WA009800103366
B2042463433104N11944264WA009800103325
B2042473433111N11944263WA009810103370
B2042483433119N11944262WA009810103354
B2042493433127N11944262WA009820103460
B2042503433135N11944261WA009830103567
B2042513433142N11944261WA009850103693
B2042523433149N11944261WA009870103755
B2042533433156N11944261WA009880103719
B2042543433162N11944262WA009890103855
B2042553433169N11944263WA009900103830
B2042563433176N11944263WA009910103960
B2042573433184N11944262WA009920104002
B2042583433191N11944260WA009930104135
B2042593433197N11944257WA009940104336
B2043003433201N11944253WA009940104497
B2043013433204N11944248WA009940104322
B2043023433205N11944241WA009930104300
B2043033433202N11944235WA009940104240
B2043043433198N11944232WA009950104415
B2043053433194N11944229WA009950104637
B2043063433192N11944229WA009960104470
B2043073433192N11944227WA009960104208
B2043083433189N11944231WA009970103971
B2043093433189N11944239WA009990104169
B2043103433192N11944251WA010000104338
B2043113433201N11944266WA010010104730
B2043123433209N11944273WA010010104909
B2043133433217N11944277WA010010105126
B2043143433226N11944277WA010020105119
B2043153433235N11944277WA010020105230
B2043163433243N11944276WA010030105370
B2043173433251N11944275WA010040105351
B2043183433258N11944274WA010050105358
B2043193433265N11944274WA010050105377
B2043203433273N11944274WA010050105389
B2043213433282N11944275WA010050105470
B2043223433292N11944275WA010040105563
B2043233433302N11944275WA010050105659
B2043243433311N11944276WA010060105777
B2043253433320N11944277WA010070105706
B2043263433327N11944278WA010070105728
B2043273433334N11944280WA010070105720
B2043283433341N11944281WA010060105614
B2043293433348N11944282WA010050105578
B2043303433357N11944284WA010030105414
B2043313433366N11944286WA010010105543
B2043323433376N11944288WA009990105523
B2043333433386N11944290WA009970105486
B2043343433396N11944292WA009960105311
B2043353433404N11944292WA009940105278
B2043363433412N11944293WA009930105192
B2043373433421N11944293WA009910104935
B2043383433430N11944293WA009890104928
B2043393433439N11944294WA009870104891
B2043403433450N11944294WA009860104946
B2043413433461N11944295WA009870104912
B2043423433470N11944295WA009890104955
B2043433433478N11944295WA009910105072
B2043443433485N11944294WA009930105037
B2043453433490N11944295WA009940105190
B2043463433496N11944295WA009940104960
B2043473433502N11944294WA009930104685
B2043483433510N11944294WA009910104551
B2043493433520N11944293WA009890104506
B2043503433529N11944293WA009880104461
B2043513433539N11944293WA009870104520
B2043523433548N11944292WA009880104408
B2043533433555N11944292WA009880104376
B2043543433562N11944292WA009870104160
B2043553433569N11944291WA009860103954
B2043563433576N11944291WA009840103790
B2043573433584N11944290WA009810103688
B2043583433593N11944290WA009790103645
B2043593433602N11944289WA009760103649
B2044003433612N11944289WA009740103612
B2044013433621N11944288WA009730103441
B2044023433629N11944287WA009730103491
B2044033433638N11944285WA009740103426
B2044043433646N11944284WA009760103662
B2044053433654N11944283WA009800103710
B2044063433660N11944282WA009840103860
B2044073433666N11944280WA009870103798
B2044083433671N11944279WA009910103891
B2044093433676N11944275WA009930103995
B2044103433681N11944270WA009950104013
B2044113433682N11944262WA009960104099
B2044123433681N11944255WA009970104215
B2044133433679N11944248WA009990104228
B2044143433676N11944244WA010010104198
B2044153433673N11944242WA010030104159
B2044163433673N11944242WA010040103880
B2044173433673N11944238WA010040103313
B2044183433673N11944234WA010050103287
B2044203433673N11944233WA010080103070
B2044213433675N11944230WA010100103092
B2044223433679N11944227WA010130103484
B2044233433684N11944227WA010150103638
B2044243433682N11944231WA010170104483
B2044253433681N11944231WA010170104416
B2044263433679N11944233WA010170104489
B2044273433679N11944237WA010180104417
B2044283433678N11944241WA010200104479
B2044293433677N11944244WA010220104398
B2044303433679N11944249WA010240104677
B2044313433683N11944255WA010260104694
B2044323433690N11944260WA010280104856
B2044333433699N11944264WA010300104905
B2044343433711N11944273WA010320105080
B2044353433721N11944274WA010340105031
B2044363433727N11944271WA010330105089
B2044373433730N11944267WA010330105060
B2044383433730N11944263WA010330105233
B2044393433728N11944262WA010330105312
B2044403433724N11944264WA010340105532
B2044413433720N11944268WA010350105888
B2044423433719N11944275WA010360106025
B2044433433719N11944282WA010380106329
B2044443433719N11944290WA010400106560
B2044453433719N11944297WA010420106735
B2044463433717N11944304WA010440107065
B2044473433715N11944311WA010460107287
B2044483433713N11944318WA010480107614
B2044493433710N11944326WA010510108392
B2044503433708N11944333WA010530108884
B2044513433707N11944340WA010540109165
B2044523433707N11944348WA010550109283
B2044533433711N11944357WA010550109211
B2044543433718N11944364WA010540109209
B2044553433725N11944372WA010530109413
B2044563433734N11944372WA010530109524
B2044573433743N11944367WA010550109826
B2044583433747N11944360WA010580110439
B2044593433750N11944354WA010610110534
B2045003433750N11944349WA010640110601
B2045013433745N11944346WA010660110838
B2045023433740N11944344WA010690111097
B2045033433736N11944344WA010720111177
B2045043433732N11944348WA010750111532
B2045053433728N11944352WA010770111774
B2045063433727N11944359WA010770111628
B2045073433730N11944369WA010770111610
B2045083433735N11944377WA010770111826
B2045093433742N11944384WA010770111952
B2045103433750N11944387WA010780112199
B2045113433759N11944390WA010780112257
B2045123433766N11944387WA010800112672
B2045133433771N11944382WA010810112971
B2045143433774N11944376WA010840113338
B2045153433775N11944372WA010860113622
B2045163433774N11944368WA010890113875
B2045173433772N11944365WA010910113984
B2045183433769N11944363WA010930113930
B2045193433764N11944362WA010940114080
B2045203433760N11944361WA010940114122
B2045213433755N11944363WA010950114244
B2045223433753N11944370WA010960114542
B2045233433751N11944377WA010970114496
B2045243433755N11944385WA010970114499
B2045253433762N11944393WA010980114432
B2045263433769N11944400WA010980114512
B2045273433777N11944404WA010990114621
B2045283433785N11944404WA011010114915
B2045293433792N11944404WA011020114968
B2045303433798N11944404WA011040115070
B2045313433804N11944402WA011070115112
B2045323433808N11944399WA011090115186
B2045333433813N11944395WA011110115226
B2045343433816N11944389WA011120115429
B2045353433818N11944383WA011140115616
B2045363433818N11944377WA011160115905
B2045373433816N11944372WA011180116161
B2045383433813N11944367WA011200116289
B2045393433810N11944365WA011200116204
B2045403433804N11944364WA011210116182
B2045413433796N11944366WA011220116752
B2045423433791N11944368WA011230116767
B2045433433788N11944373WA011240117051
B2045443433784N11944379WA011250116884
B2045453433781N11944384WA011250116958
B2045463433779N11944392WA011250117222
B2045473433780N11944399WA011250117894
B2045483433784N11944402WA011240117767
B2045503433809N11944410WA011260118586
B2045513433820N11944408WA011280118800
B2045523433827N11944405WA011310118936
B2045533433833N11944403WA011350118805
B2045543433839N11944399WA011380118767
B2045553433843N11944395WA011400118804
B2045563433844N11944390WA011420118931
B2045573433844N11944384WA011420119164
B2045583433843N11944379WA011420119321
B2045593433840N11944374WA011430119494
B2046003433837N11944371WA011440119685
B2046013433834N11944371WA011450119711
B2046023433829N11944372WA011450119400
B2046033433828N11944374WA011440119035
B2046043433828N11944377WA011430119005
B2046053433828N11944380WA011420118739
B2046073433833N11944390WA011440119116
B2046083433838N11944393WA011450119087
B2046093433844N11944391WA011460119037
B2046103433851N11944392WA011470119160
B2046113433857N11944389WA011480119239
B2046123433861N11944385WA011480119235
B2046133433864N11944380WA011490119399
B2046143433868N11944375WA011500119580
B2046153433872N11944369WA011510119662
B2046163433876N11944364WA011530119626
B2046173433880N11944360WA011540119516
B2046183433883N11944357WA011550119440
B2046193433887N11944352WA011550119315
B2046203433891N11944349WA011550119532
B2046213433896N11944345WA011560119955
B2046223433902N11944340WA011580120267
B2046233433908N11944336WA011610120578
B2046243433914N11944335WA011640120712
B2046253433920N11944334WA011660120804
B2046263433925N11944333WA011680120963
B2046273433930N11944331WA011680120941
B2046283433935N11944326WA011670121057
B2046293433940N11944320WA011650120942
B2046303433945N11944313WA011630121071
B2046313433951N11944306WA011610121013
B2046323433957N11944299WA011590121028
B2046333433963N11944293WA011570121061
B2046343433969N11944286WA011550121192
B2046353433976N11944279WA011530121136
B2046363433982N11944274WA011520121131
B2046373433988N11944269WA011510121051
B2046383433994N11944264WA011500120973
B2046393434001N11944259WA011490120911
B2046403434007N11944253WA011500121078
B2046413434015N11944248WA011510121137
B2046423434023N11944244WA011520121204
B2046433434030N11944240WA011540121434
B2046443434036N11944236WA011570121528
B2046453434040N11944233WA011590121556
B2046463434044N11944230WA011600121402
B2046473434047N11944226WA011600121213
B2046483434050N11944220WA011590121357
B2046493434053N11944213WA011590121453
B2046503434056N11944205WA011590121528
B2046513434058N11944198WA011590121559
B2046523434061N11944193WA011590121505
B2046533434063N11944188WA011590121416
B2046543434063N11944183WA011580121396
B2046553434063N11944177WA011570121129
B2046563434060N11944172WA011560121275
B2046573434056N11944167WA011550121321
B2046583434051N11944163WA011560121441
B2046593434047N11944160WA011570121337
B2047003434044N11944159WA011590121582
B2047013434043N11944160WA011610121656
B2047023434042N11944160WA011630121663
B2047033434042N11944166WA011640121692
B2047043434042N11944170WA011670121599
B2047053434042N11944178WA011680120957
B2047063434042N11944192WA011690120867
B2047073434045N11944200WA011690120773
B2047083434051N11944205WA011690120945
B2047093434057N11944209WA011690121234
B2047103434063N11944208WA011700121165
B2047113434068N11944204WA011700120942
B2047123434070N11944200WA011710121230
B2047133434070N11944197WA011720121855
B2047153434073N11944192WA011750122563
B2047163434073N11944186WA011770122755
B2047173434070N11944182WA011800123137
B2047183434067N11944181WA011830123375
B2047193434064N11944180WA011860122845
B2047203434059N11944183WA011890123093
B2047213434051N11944189WA011890122876
B2047223434049N11944195WA011890123032
B2047233434049N11944201WA011890123272
B2047243434050N11944207WA011910123573
B2047253434054N11944208WA011920123594
B2047263434059N11944206WA011950123344
B2047273434062N11944201WA011960123389
B2047283434064N11944192WA011970123698
B2047293434064N11944182WA011970123693
B2047303434062N11944171WA011970123518
B2047313434058N11944162WA011970123547
B2047323434052N11944154WA011980123950
B2047333434047N11944149WA011990124426
B2047343434042N11944148WA012010124379
B2047353434039N11944149WA012020124319
B2047363434037N11944153WA012030124336
B2047373434034N11944156WA012040124233
B2047393434033N11944159WA012070124722
B2047403434038N11944167WA012090125516
B2047413434042N11944174WA012110126079
B2047423434050N11944180WA012130126455
B2047433434059N11944180WA012140126556
B2047443434065N11944179WA012160126646
B2047453434071N11944176WA012170127033
B2047463434076N11944170WA012180127219
B2047473434078N11944158WA012190126359
B2047483434076N11944150WA012180126048
B2047493434073N11944145WA012180126413
B2047503434068N11944142WA012180126761
B2047513434062N11944142WA012190126805
B2047523434055N11944144WA012200126925
B2047533434047N11944147WA012220127146
B2047543434042N11944150WA012240127337
B2047553434038N11944154WA012260127345
B2047563434035N11944160WA012270127531
B2047573434033N11944167WA012290127540
B2047583434033N11944174WA012290127709
B2047593434034N11944182WA012290127838
B2048003434037N11944190WA012290128001
B2048013434041N11944196WA012300128111
B2048023434046N11944200WA012310128247
B2048033434052N11944203WA012310128254
B2048043434059N11944204WA012310128310
B2048053434066N11944202WA012310128559
B2048063434073N11944201WA012330128694
B2048073434080N11944195WA012340128818
B2048083434084N11944188WA012360129124
B2048093434085N11944180WA012380129386
B2048103434086N11944172WA012400129399
B2048113434085N11944165WA012420129387
B2048123434083N11944159WA012440129427
B2048133434079N11944155WA012450129447
B2048143434074N11944153WA012450129485
B2048153434069N11944154WA012440129464
B2048163434063N11944155WA012430129337
B2048173434058N11944160WA012420129439
B2048183434054N11944167WA012420129179
B2048193434053N11944176WA012410129141
B2048203434051N11944182WA012400129120
B2048213434051N11944187WA012390129400
B2048223434053N11944191WA012390129955
B2048233434056N11944195WA012390130568
B2048243434063N11944198WA012410130918
B2048253434070N11944202WA012430131939
B2048263434078N11944204WA012460132752
B2048273434085N11944205WA012480133184
B2048283434091N11944203WA012500133681
B2048293434098N11944199WA012520133669
B2048303434103N11944195WA012510133342
B2048313434103N11944189WA012500132789
B2048323434105N11944181WA012490131971
B2048333434105N11944176WA012490131708
B2048343434100N11944174WA012500131203
B2048353434093N11944177WA012520131106
B2048363434086N11944181WA012530131464
B2048373434081N11944186WA012530131636
B2048393434081N11944199WA012530131570
B2048403434088N11944203WA012530130989
B2048413434095N11944209WA012540130940
B2048423434101N11944213WA012550131228
B2048433434106N11944218WA012570131446
B2048443434111N11944222WA012590131687
B2048453434117N11944225WA012610131774
B2048463434124N11944226WA012620131808
B2048473434130N11944226WA012630131841
B2048483434136N11944223WA012620131833
B2048493434141N11944218WA012610131714
B2048503434144N11944212WA012610131710
B2048513434145N11944205WA012600131825
B2048523434144N11944199WA012600131857
B2048533434142N11944194WA012600131757
B2048543434139N11944189WA012600131668
B2048553434136N11944185WA012590131611
B2048563434131N11944180WA012580131689
B2048573434126N11944178WA012580131580
B2048583434122N11944175WA012570131514
B2048593434117N11944174WA012570131502
B2049003434112N11944173WA012560131636
B2049013434107N11944173WA012570131660
B2049023434102N11944172WA012570131684
B2049033434097N11944172WA012580131692
B2049043434093N11944173WA012580131630
B2049053434088N11944175WA012590131694
B2049063434084N11944180WA012580131670
B2049073434082N11944186WA012570131607
B2049083434081N11944194WA012560131638
B2049093434080N11944201WA012550131792
B2049103434083N11944210WA012540132074
B2049113434086N11944216WA012530132031
B2049123434091N11944224WA012550132323
B2049133434097N11944230WA012560133157
B2049143434102N11944233WA012590133493
B2049153434108N11944234WA012610133873
B2049163434114N11944233WA012620133533
B2049173434120N11944232WA012620133255
B2049183434130N11944229WA012610132733
B2049193434139N11944227WA012600132575
B2049203434151N11944224WA012590132180
B2049213434161N11944222WA012580131907
B2049223434169N11944223WA012570131801
B2049233434176N11944225WA012560131723
B2049243434184N11944227WA012550131716
B2049253434192N11944230WA012540131834
B2049263434201N11944232WA012550131815
B2049273434211N11944233WA012560131984
B2049283434221N11944234WA012580132021
B2049293434229N11944234WA012590132028
B2049303434235N11944235WA012600131914
B2049313434240N11944235WA012590131878
B2049323434246N11944235WA012580131788
B2049333434253N11944235WA012580131843
B2049343434259N11944234WA012570131994
B2049353434265N11944233WA012580132056
B2049363434270N11944233WA012580131915
B2049373434274N11944233WA012570131757
B2049383434279N11944233WA012550131506
B2049393434285N11944232WA012520131318
B2049403434292N11944231WA012490131201
B2049413434299N11944228WA012460131246
B2049423434307N11944225WA012430131186
B2049433434316N11944222WA012400131187
B2049443434324N11944220WA012390130933
B2049453434330N11944218WA012380130847
B2049463434335N11944217WA012370130562
B2049473434341N11944215WA012360130308
B2049483434347N11944213WA012350130288
B2049493434355N11944211WA012340130380
B2049503434363N11944207WA012350130474
B2049513434370N11944204WA012360130730
B2049523434376N11944200WA012380130806
B2049533434381N11944197WA012410130847
B2049543434385N11944196WA012430130864
B2049553434389N11944195WA012450130751
B2049563434393N11944193WA012470130784
B2049573434398N11944191WA012490130881
B2049583434404N11944188WA012500130924
B2049593434409N11944185WA012520131195
B2050003434415N11944182WA012530131125
B2050013434419N11944179WA012540131054
B2050023434423N11944176WA012530131254
B2050033434427N11944172WA012530131156
B2050043434430N11944167WA012530131139
B2050053434431N11944162WA012520131177
B2050063434429N11944158WA012520131391
B2050073434424N11944152WA012520131558
B2050083434419N11944144WA012540131646
B2050093434416N11944136WA012560131516
B2050103434413N11944130WA012580131553
B2050113434411N11944125WA012600131511
B2050123434407N11944120WA012620131655
B2050133434404N11944116WA012650131960
B2050143434402N11944111WA012670132051
B2050153434401N11944106WA012690132250
B2050163434400N11944101WA012720132356
B2050173434398N11944097WA012730132493
B2050183434396N11944093WA012740132443
B2050193434392N11944089WA012730132515
B2050203434387N11944086WA012720132416
B2050213434381N11944085WA012710132352
B2050223434379N11944087WA012700132246
B2050233434377N11944091WA012700132278
B2050243434375N11944095WA012720132037
B2050253434375N11944103WA012740132511
B2050273434378N11944122WA012810133389
B2050283434384N11944129WA012840133646
B2050293434390N11944135WA012870133723
B2050303434397N11944141WA012890133819
B2050313434402N11944146WA012890133766
B2050323434407N11944146WA012880133753
B2050333434412N11944142WA012880133699
B2050343434418N11944139WA012890133592
B2050353434423N11944135WA012910133842
B2050363434426N11944130WA012950134248
B2050373434430N11944124WA012980134175
B2050383434433N11944119WA013010134068
B2050393434436N11944114WA013040134028
B2050403434438N11944109WA013060134034
B2050413434440N11944102WA013090134167
B2050423434442N11944094WA013110134389
B2050433434446N11944087WA013140134638
B2050443434450N11944081WA013170134878
B2050453434456N11944079WA013200135102
B2050463434461N11944078WA013230135262
B2050473434468N11944081WA013260135380
B2050483434473N11944085WA013280135255
B2050493434477N11944091WA013300135439
B2050503434479N11944096WA013330135317
B2050513434480N11944102WA013370135346
B2050523434481N11944106WA013400135657
B2050533434481N11944109WA013430136465
B2050543434481N11944111WA013460136936
B2050563434479N11944117WA013540137459
B2050573434480N11944119WA013570137883
B2050583434484N11944118WA013600137845
B2050593434490N11944115WA013620138135
B2051003434496N11944113WA013640138560
B2051013434500N11944114WA013670139376
B2051023434503N11944119WA013700139772
B2051033434505N11944125WA013730140131
B2051043434503N11944128WA013770140690
B2051053434500N11944130WA013810141075
B2051063434495N11944131WA013850141432
B2051073434490N11944132WA013890141444
B2051083434485N11944132WA013920141520
B2051093434480N11944130WA013950141880
B2051103434478N11944122WA013980141874
B2051113434478N11944107WA014020142327
B2051123434480N11944099WA014050142692
B2051133434484N11944091WA014080142938
B2051143434488N11944085WA014110143245
B2051153434494N11944081WA014140143608
B2051163434499N11944078WA014160143750
B2051173434505N11944079WA014190144321
B2051183434510N11944080WA014230144343
B2051193434515N11944081WA014260144469
B2051203434516N11944089WA014290144829
B2051213434517N11944095WA014320145007
B2051223434515N11944100WA014350145740
B2051233434513N11944104WA014390145963
B2051243434510N11944107WA014430146185
B2051253434506N11944110WA014460146329
B2051263434499N11944109WA014480146652
B2051273434493N11944106WA014510146939
B2051283434490N11944098WA014540147543
B2051293434491N11944090WA014580148100
B2051303434494N11944083WA014610148625
B2051313434497N11944076WA014650148745
B2051323434502N11944072WA014680149284
B2051333434508N11944070WA014710149687
B2051343434515N11944070WA014750150104
B2051353434521N11944072WA014780150519
B2051363434525N11944078WA014810151050
B2051373434527N11944084WA014840151464
B2051383434527N11944091WA014870151930
B2051393434524N11944095WA014890152469
B2051403434520N11944098WA014920152946
B2051413434515N11944098WA014950153328
B2051423434510N11944098WA014970153609
B2051433434505N11944094WA015000154112
B2051443434501N11944087WA015030154685
B2051453434500N11944079WA015060155173
B2051463434502N11944071WA015090155735
B2051473434506N11944065WA015130156216
B2051483434510N11944061WA015170156797
B2051493434516N11944057WA015210156918
B2051503434521N11944057WA015250157062
B2051513434527N11944059WA015290157011
B2051523434532N11944064WA015320157444
B2051533434538N11944070WA015340157500
B2051543434541N11944077WA015380157860
B2051553434542N11944084WA015410158032
B2051563434540N11944089WA015450158558
B2051573434537N11944094WA015490159126
B2051583434533N11944098WA015520159521
B2051593434528N11944099WA015560159827
B2052003434522N11944099WA015580160243
B2052013434516N11944096WA015610160665
B2052023434511N11944091WA015630161197
B2052033434509N11944084WA015670161609
B2052043434508N11944077WA015710162032
B2052053434509N11944070WA015750162680
B2052063434512N11944064WA015790163285
B2052073434515N11944059WA015840163275
B2052083434519N11944056WA015880163358
B2052093434524N11944055WA015920163305
B2052103434530N11944056WA015960163414
B2052113434535N11944059WA015980163793
B2052123434541N11944063WA016000164108
B2052133434545N11944069WA016020164425
B2052143434548N11944076WA016030164657
B2052153434551N11944084WA016050164772
B2052163434552N11944091WA016090165042
B2052173434550N11944096WA016120165217
B2052183434544N11944098WA016160165713
B2052193434538N11944098WA016190166358
B2052203434533N11944098WA016230166813
B2052213434528N11944096WA016280167343
B2052223434523N11944094WA016320167460
B2052233434519N11944089WA016350167540
B2052243434517N11944081WA016380168081
B2052253434516N11944073WA016420168182
B2052263434519N11944067WA016460168753
B2052273434522N11944061WA016500168942
B2052283434526N11944057WA016530169190
B2052293434532N11944054WA016560169386
B2052303434538N11944054WA016580169471
B2052313434545N11944057WA016590169581
B2052323434550N11944063WA016600169793
B2052333434556N11944070WA016610169942
B2052343434559N11944078WA016620170261
B2052353434559N11944085WA016640170563
B2052363434557N11944090WA016670170905
B2052373434553N11944094WA016700171304
B2052383434548N11944096WA016730171606
B2052393434542N11944097WA016760172052
B2052403434537N11944096WA016790172410
B2052413434532N11944092WA016820172756
B2052423434528N11944087WA016860173088
B2052433434526N11944082WA016880173332
B2052443434525N11944075WA016910173606
B2052453434523N11944069WA016920173792
B2052463434524N11944062WA016950174056
B2052473434527N11944058WA016980174461
B2052483434531N11944054WA017010174500
B2052493434535N11944052WA017030174634
B2052503434542N11944056WA017050174930
B2052513434548N11944060WA017070175264
B2052523434553N11944066WA017090175551
B2052533434557N11944073WA017110175841
B2052543434559N11944080WA017130176065
B2052553434560N11944087WA017150176358
B2052563434560N11944095WA017170176712
B2052573434558N11944102WA017190177011
B2052583434554N11944107WA017220177389
B2052593434550N11944111WA017250177629
B2053003434544N11944113WA017270177966
B2053013434539N11944115WA017300178031
B2053023434534N11944112WA017330178462
B2053033434531N11944107WA017350178726
B2053043434529N11944101WA017380179068
B2053053434529N11944096WA017410179301
B2053063434529N11944091WA017430179620
B2053073434529N11944086WA017440179670
B2053083434531N11944081WA017440179675
B2053093434535N11944077WA017440179692
B2053103434543N11944075WA017430179645
B2053113434550N11944074WA017430179784
B2053123434558N11944075WA017430179983
B2053133434565N11944077WA017440180182
B2053143434572N11944079WA017460180244
B2053153434578N11944081WA017480180321
B2053163434584N11944082WA017510180515
B2053173434590N11944083WA017540180602
B2053183434596N11944083WA017560180976
B2053193434603N11944083WA017600181236
B2053203434610N11944083WA017630181469
B2053213434617N11944084WA017670181700
B2053223434623N11944084WA017710181949
B2053233434629N11944086WA017750182193
B2053243434636N11944087WA017780182304
B2053253434641N11944088WA017810182609
B2053263434646N11944090WA017820182986
B2053273434652N11944092WA017820183195
B2053283434660N11944094WA017820183324
B2053293434668N11944096WA017830183650
B2053303434676N11944097WA017850183954
B2053313434684N11944099WA017880184213
B2053323434690N11944101WA017910184452
B2053333434695N11944102WA017940184779
B2053343434701N11944104WA017970184956
B2053353434708N11944106WA017990185133
B2053363434715N11944108WA018010185482
B2053373434723N11944110WA018030185772
B2053383434731N11944112WA018060186034
B2053393434738N11944114WA018080186105
B2053403434744N11944116WA018110186316
B2053413434749N11944118WA018130186564
B2053423434755N11944120WA018140186793
B2053433434763N11944122WA018160187001
B2053443434770N11944124WA018180187234
B2053453434776N11944126WA018190187503
B2053463434781N11944128WA018210187643
B2053473434786N11944129WA018210187789
B2053483434793N11944131WA018210187845
B2053493434800N11944133WA018210188062
B2053503434808N11944135WA018210188353
B2053513434815N11944137WA018230188584
B2053523434822N11944139WA018240188616
B2053533434828N11944141WA018250188606
B2053543434834N11944143WA018260188723
B2053553434840N11944145WA018260188890
B2053563434848N11944147WA018250188831
B2053573434856N11944149WA018240188803
B2053583434864N11944151WA018220188835
B2053593434873N11944153WA018210188746
B2054003434882N11944155WA018180188696
B2054013434892N11944157WA018150188699
B2054023434903N11944160WA018120188604
B2054033434912N11944163WA018100188691
B2054043434922N11944166WA018080188621
B2054053434929N11944169WA018060188494
B2054063434937N11944172WA018040188339
B2054073434944N11944176WA018010188122
B2054083434951N11944179WA017980188086
B2054093434960N11944182WA017940188019
B2054103434969N11944186WA017910187923
B2054113434978N11944189WA017870187887
B2054123434988N11944193WA017850187703
B2054133434996N11944197WA017820187570
B2054143435005N11944200WA017810187426
B2054153435013N11944203WA017790187268
B2054163435022N11944206WA017770186938
B2054173435031N11944210WA017750186650
B2054183435041N11944214WA017720186511
B2054193435050N11944218WA017690186485
B2054203435060N11944222WA017650186368
B2054213435070N11944226WA017630186354
B2054223435080N11944228WA017620186158
B2054233435090N11944231WA017610185851
B2054243435100N11944233WA017600185609
B2054253435109N11944237WA017590185325
B2054263435118N11944241WA017580185234
B2054273435127N11944245WA017570185022
B2054283435135N11944248WA017560184899
B2054293435144N11944252WA017540184666
B2054303435153N11944256WA017530184481
B2054313435163N11944259WA017520184273
B2054323435173N11944262WA017510184276
B2054333435183N11944265WA017510184137
B2054343435192N11944268WA017520184094
B2054353435201N11944270WA017530184078
B2054363435210N11944273WA017550183912
B2054373435218N11944276WA017560183810
B2054383435226N11944279WA017570183711
B2054393435234N11944282WA017580183544
B2054403435243N11944285WA017580183427
B2054413435252N11944289WA017570183441
B2054423435261N11944292WA017580183556
B2054433435270N11944295WA017590183538
B2054443435278N11944298WA017610183608
B2054453435284N11944301WA017630183777
B2054463435290N11944304WA017640183676
B2054473435296N11944307WA017660183697
B2054483435303N11944311WA017660183751
B2054493435311N11944314WA017650183613
B2054503435319N11944317WA017650183634
B2054513435327N11944320WA017640183763
B2054523435335N11944322WA017640183768
B2054533435343N11944325WA017640183853
B2054543435351N11944327WA017640183719
B2054553435358N11944330WA017640183656
B2054563435365N11944333WA017630183577
B2054573435373N11944337WA017620183544
B2054583435381N11944341WA017600183453
B2054593435389N11944344WA017580183388
B2055003435398N11944347WA017560183269
B2055013435407N11944350WA017540183213
B2055023435415N11944352WA017520183242
B2055033435423N11944353WA017510183159
B2055043435431N11944356WA017490183000
B2055053435438N11944358WA017460182804
B2055063435445N11944360WA017440182618
B2055073435452N11944363WA017410182490
B2055083435461N11944364WA017380182404
B2055093435469N11944364WA017340182268
B2055103435478N11944365WA017300182150
B2055113435487N11944365WA017270182082
B2055123435497N11944365WA017230181811
B2055133435505N11944364WA017200181694
B2055143435514N11944364WA017190181482
B2055153435523N11944363WA017180181269
B2055163435532N11944363WA017170181083
B2055173435542N11944361WA017170180829
B2055183435551N11944360WA017170180662
B2055193435560N11944358WA017160180576
B2055203435569N11944356WA017150180347
B2055213435578N11944353WA017140180007
B2055223435585N11944350WA017140179781
B2055233435593N11944345WA017130179539
B2055243435600N11944341WA017120179396
B2055253435608N11944337WA017100179141
B2055263435616N11944332WA017090178928
B2055273435624N11944328WA017080178817
B2055283435631N11944325WA017070178791
B2055293435639N11944321WA017070178747
B2055303435646N11944317WA017090178819
B2055313435651N11944314WA017100179026
B2055323435657N11944310WA017130179027
B2055333435663N11944307WA017160179025
B2055343435668N11944305WA017200178936
B2055353435673N11944304WA017230178969
B2055363435678N11944305WA017270179175
B2055373435684N11944307WA017300179344
B2055383435689N11944309WA017320179314
B2055393435693N11944312WA017320179247
B2055403435696N11944317WA017320179151
B2055413435697N11944323WA017340178934
B2055423435696N11944329WA017360179065
B2055433435694N11944333WA017390178878
B2055443435693N11944336WA017410178831
B2055453435689N11944336WA017440179189
B2055463435686N11944339WA017460179499
B2055473435684N11944340WA017490179401
B2055483435680N11944337WA017520179293
B2055493435680N11944332WA017560179010
B2055503435680N11944327WA017600179353
B2055513435681N11944323WA017620178936
B2055533435682N11944320WA017620178870
B2055543435683N11944320WA017640178690
B2055553435685N11944321WA017660178613
B2055563435684N11944322WA017680178527
B2055573435682N11944323WA017710178644
B2055583435680N11944325WA017740179317
B2055593435676N11944328WA017760179164
B2056003435671N11944324WA017790179715
B2056013435668N11944317WA017800179945
B2056023435664N11944312WA017820180440
B2056033435662N11944301WA017840180943
B2056043435662N11944292WA017880181544
B2056053435663N11944286WA017910181993
B2056063435665N11944282WA017940182593
B2056073435669N11944280WA017960182855
B2056083435675N11944279WA017970182938
B2056093435684N11944281WA017960182883
B2056103435693N11944284WA017960182644
B2056113435701N11944288WA017970182852
B2056123435707N11944293WA017980182965
B2056133435709N11944298WA018000182922
B2056143435708N11944302WA018020182872
B2056163435707N11944308WA018080183294
B2056173435705N11944307WA018110183299
B2056183435702N11944305WA018130183365
B2056193435698N11944301WA018150183674
B2056203435690N11944299WA018170185088
B2056213435687N11944293WA018190185353
B2056223435685N11944285WA018220185539
B2056233435684N11944279WA018240185915
B2056243435685N11944272WA018270186207
B2056253435685N11944265WA018280186227
B2056263435686N11944260WA018280186180
B2056273435686N11944256WA018280186063
B2056283435689N11944255WA018280186044
B2056293435692N11944256WA018260185877
B2056303435694N11944260WA018250185788
B2056313435695N11944263WA018230185879
B2056323435695N11944273WA018240186160
B2056333435692N11944280WA018260186332
B2056343435685N11944289WA018290186972
B2056353435678N11944300WA018320187123
B2056363435670N11944307WA018340187421
B2056373435662N11944311WA018360187672
B2056383435654N11944313WA018350187814
B2056393435645N11944315WA018360188241
B2056403435636N11944316WA018370188867
B2056413435630N11944317WA018400189345
B2056423435626N11944317WA018430189559
B2056433435623N11944318WA018460189945
B2056443435620N11944318WA018470190018
B2056453435615N11944319WA018460189981
B2056463435609N11944319WA018440190071
B2056473435602N11944318WA018420189956
B2056483435595N11944318WA018410190034
B2056493435588N11944318WA018390190118
B2056503435581N11944319WA018390190218
B2056513435574N11944321WA018400190372
B2056523435568N11944322WA018400190487
B2056533435563N11944323WA018400190428
B2056543435557N11944325WA018400190460
B2056553435551N11944326WA018380190372
B2056563435545N11944327WA018360190215
B2056573435538N11944328WA018340189807
B2056583435530N11944329WA018300189379
B2056593435522N11944330WA018260188999
B2057003435514N11944331WA018220188563
B2057013435506N11944331WA018180188627
B2057023435497N11944331WA018150188622
B2057033435488N11944331WA018130188652
B2057043435480N11944332WA018140188856
B2057053435473N11944334WA018160188883
B2057063435468N11944335WA018170188930
B2057073435463N11944335WA018180188806
B2057083435457N11944334WA018180188657
B2057093435451N11944333WA018170188386
B2057103435445N11944333WA018150188140
B2057113435438N11944332WA018140188078
B2057123435431N11944332WA018120187994
B2057133435424N11944331WA018110187872
B2057143435417N11944329WA018090187754
B2057153435410N11944327WA018090187725
B2057163435402N11944325WA018090187884
B2057173435395N11944323WA018100187842
B2057183435387N11944320WA018110188099
B2057193435380N11944318WA018130188185
B2057203435374N11944316WA018150188244
B2057213435368N11944315WA018180188291
B2057223435363N11944313WA018200188368
B2057233435357N11944312WA018220188391
B2057243435351N11944310WA018240188581
B2057253435345N11944308WA018260188725
B2057263435339N11944307WA018280188816
B2057273435333N11944307WA018290188961
B2057283435328N11944307WA018290188990
B2057293435324N11944307WA018280188932
B2057303435318N11944307WA018270188988
B2057313435312N11944308WA018260189068
B2057323435306N11944310WA018260189131
B2057333435300N11944311WA018250189150
B2057343435295N11944311WA018250189183
B2057353435291N11944311WA018240189003
B2057363435285N11944311WA018220188964
B2057373435279N11944312WA018200188921
B2057383435271N11944313WA018180188964
B2057393435262N11944314WA018170189098
B2057403435254N11944315WA018150188935
B2057413435245N11944315WA018160188993
B2057423435238N11944314WA018160188949
B2057433435231N11944314WA018160188836
B2057443435224N11944314WA018160188735
B2057453435217N11944314WA018150188645
B2057463435210N11944314WA018140188558
B2057473435203N11944315WA018130188577
B2057483435196N11944316WA018110188397
B2057493435189N11944317WA018080188285
B2057503435182N11944318WA018060188150
B2057513435175N11944318WA018030188114
B2057523435167N11944319WA018010188060
B2057533435160N11944319WA017990188004
B2057543435152N11944319WA017980187993
B2057553435145N11944319WA017970187882
B2057563435138N11944319WA017950187697
B2057573435131N11944321WA017940187550
B2057583435123N11944322WA017930187487
B2057593435116N11944324WA017910187303
B2058003435108N11944325WA017900187249
B2058013435100N11944327WA017890187154
B2058023435092N11944329WA017890187075
B2058033435084N11944332WA017880186876
B2058043435076N11944336WA017870186764
B2058053435068N11944340WA017870186582
B2058063435061N11944343WA017860186446
B2058073435054N11944346WA017860186256
B2058083435048N11944348WA017850186059
B2058093435042N11944351WA017830185851
B2058103435036N11944353WA017820185654
B2058113435029N11944355WA017790185597
B2058123435022N11944357WA017750185419
B2058133435013N11944359WA017720185498
B2058143435005N11944361WA017690185462
B2058153434997N11944362WA017660185388
B2058163434990N11944364WA017640185263
B2058173434984N11944365WA017620185007
B2058183434977N11944366WA017610184977
B2058193434971N11944367WA017610184704
B2058203434964N11944368WA017600184601
B2058213434956N11944368WA017600184498
B2058223434949N11944369WA017590184375
B2058233434942N11944370WA017580184241
B2058243434935N11944370WA017560184004
B2058253434927N11944370WA017550183976
B2058263434920N11944370WA017540183819
B2058273434912N11944371WA017530183748
B2058283434904N11944374WA017530183680
B2058293434897N11944376WA017540183558
B2058303434891N11944379WA017540183347
B2058313434885N11944382WA017540183188
B2058323434880N11944385WA017540183020
B2058333434874N11944386WA017530182818
B2058343434867N11944388WA017520182733
B2058353434859N11944389WA017520182795
B2058363434852N11944390WA017520182766
B2058373434845N11944391WA017520182787
B2058383434839N11944392WA017520182646
B2058393434833N11944393WA017530182532
B2058403434827N11944393WA017520182445
B2058413434821N11944393WA017520182415
B2058423434814N11944393WA017520182416
B2058433434806N11944394WA017510182364
B2058443434798N11944396WA017500182381
B2058453434791N11944398WA017500182429
B2058463434784N11944402WA017490182380
B2058473434779N11944404WA017480182146
B2058483434773N11944407WA017460181992
B2058493434768N11944409WA017440181744
B2058503434762N11944411WA017410181483
B2058513434756N11944413WA017370181410
B2058523434749N11944413WA017330181309
B2058533434741N11944414WA017290181323
B2058543434733N11944414WA017250181411
B2058553434725N11944413WA017230181548
B2058563434718N11944414WA017240181523
B2058573434711N11944416WA017250181453
B2058583434706N11944417WA017260181117
B2058593434700N11944418WA017280180823
B2059003434694N11944418WA017300180738
B2059013434688N11944419WA017310180663
B2059023434682N11944419WA017320180589
B2059033434676N11944420WA017320180459
B2059043434670N11944421WA017320180428
B2059053434663N11944422WA017330180577
B2059063434657N11944423WA017340180624
B2059073434650N11944423WA017360180789
B2059083434645N11944424WA017390180839
B2059093434640N11944426WA017410180898
B2059103434637N11944429WA017440180801
B2059113434633N11944431WA017460180926
B2059123434629N11944433WA017480180917
B2059133434624N11944435WA017490181075
B2059143434619N11944436WA017500181297
B2059153434614N11944437WA017520181495
B2059163434610N11944438WA017540181665
B2059173434606N11944439WA017570181757
B2059183434602N11944440WA017590181865
B2059193434598N11944441WA017610181991
B2059203434595N11944440WA017620182028
B2059213434591N11944438WA017630182059
B2059223434588N11944435WA017650182110
B2059233434585N11944429WA017660182229
B2059243434584N11944425WA017680182404
B2059253434582N11944421WA017700182689
B2059263434582N11944419WA017720182628
B2059273434580N11944416WA017740182715
B2059283434576N11944414WA017760182960
B2059293434571N11944413WA017760182984
B2059303434565N11944415WA017760183271
B2059313434559N11944419WA017760183455
B2059323434552N11944426WA017780183370
B2059333434548N11944434WA017790183621
B2059343434543N11944444WA017810183563
B2059353434540N11944453WA017820183990
B2059363434542N11944458WA017840183901
B2059373434545N11944463WA017850184204
B2059383434545N11944469WA017870184664
B2059393434544N11944476WA017890185180
B2059403434545N11944483WA017900185896
B2059413434550N11944490WA017930185498
B2059433434563N11944492WA017970186517
B2059443434569N11944490WA017980186801
B2059453434574N11944484WA017990186780
B2059463434579N11944474WA018000186157
B2059473434583N11944466WA018000186111
B2059483434585N11944457WA018010186234
B2059493434589N11944447WA018020186176
B2059503434589N11944442WA018050186112
B2059513434587N11944439WA018070186281
B2059523434586N11944438WA018110186324
B2059533434583N11944438WA018140186499
B2059543434582N11944440WA018160186835
B2059563434580N11944457WA018210187405
B2059573434581N11944467WA018210187626
B2059583434582N11944478WA018220187873
B2059593434587N11944488WA018230188052
B2100003434593N11944495WA018250188259
B2100013434600N11944499WA018270188759
B2100023434607N11944501WA018300189025
B2100033434612N11944500WA018320189387
B2100043434617N11944498WA018340189504
B2100053434620N11944494WA018370189702
B2100063434621N11944489WA018390189932
B2100073434620N11944484WA018410190217
B2100083434616N11944482WA018440190480
B2100093434611N11944481WA018460190698
B2100103434606N11944484WA018470190842
B2100113434601N11944489WA018480191032
B2100123434597N11944496WA018500191341
B2100133434595N11944504WA018510191403
B2100143434594N11944513WA018530191525
B2100153434595N11944523WA018540191741
B2100163434598N11944532WA018560191870
B2100173434604N11944538WA018570192026
B2100183434611N11944541WA018570192009
B2100193434617N11944541WA018570192186
B2100203434624N11944541WA018580192150
B2100213434630N11944537WA018580192227
B2100223434633N11944532WA018600192479
B2100233434635N11944528WA018620192615
B2100243434634N11944525WA018640192725
B2100253434632N11944522WA018660193070
B2100263434628N11944520WA018680193060
B2100273434624N11944518WA018700192914
B2100283434615N11944517WA018710193120
B2100293434609N11944516WA018720193203
B2100303434603N11944515WA018720193210
B2100313434596N11944513WA018720193375
B2100323434590N11944511WA018720193434
B2100333434584N11944509WA018730193612
B2100343434578N11944507WA018740193893
B2100353434575N11944505WA018760193917
B2100363434571N11944503WA018770193937
B2100373434567N11944501WA018780193918
B2100383434562N11944500WA018790194022
B2100393434556N11944499WA018800194254
B2100403434550N11944499WA018810194430
B2100413434544N11944499WA018830194631
B2100423434538N11944499WA018850194792
B2100433434534N11944499WA018880194800
B2100443434529N11944498WA018900194933
B2100453434524N11944497WA018920195157
B2100463434518N11944498WA018930195473
B2100473434513N11944501WA018950195697
B2100483434509N11944507WA018960195644
B2100493434506N11944515WA018960195635
B2100503434504N11944524WA018960195664
B2100513434507N11944534WA018960195519
B2100523434513N11944543WA018960195335
B2100533434520N11944550WA018970195401
B2100543434527N11944553WA018980195209
B2100553434533N11944556WA018980195047
B2100563434539N11944556WA018980194584
B2100573434545N11944556WA018980194229
B2100583434549N11944554WA018980194137
B2100593434552N11944548WA018990194017
B2101003434552N11944541WA019000194047
B2101013434550N11944534WA019020194878
B2101023434547N11944528WA019050195165
B2101033434544N11944523WA019070195354
B2101043434540N11944519WA019090195529
B2101053434535N11944517WA019100195424
B2101063434528N11944515WA019120195793
B2101073434522N11944516WA019130196105
B2101083434517N11944520WA019130196217
B2101093434514N11944528WA019150196219
B2101103434513N11944539WA019160196352
B2101113434515N11944549WA019170196487
B2101123434520N11944557WA019180196459
B2101133434526N11944564WA019180196370
B2101143434534N11944567WA019180196500
B2101153434540N11944567WA019190196588
B2101163434547N11944567WA019190196360
B2101173434553N11944565WA019200196256
B2101183434558N11944562WA019210196206
B2101193434561N11944560WA019220196311
B2101203434561N11944556WA019230196599
B2101213434560N11944552WA019250196612
B2101223434558N11944549WA019260197023
B2101233434555N11944545WA019270197016
B2101243434550N11944541WA019280197465
B2101253434541N11944537WA019290197870
B2101263434535N11944530WA019300198006
B2101273434528N11944520WA019310197561
B2101283434524N11944510WA019320197678
B2101293434520N11944504WA019340197990
B2101303434516N11944498WA019350198055
B2101313434511N11944494WA019350198311
B2101323434505N11944492WA019350198623
B2101333434498N11944493WA019340198827
B2101343434491N11944496WA019340199167
B2101353434485N11944500WA019330199149
B2101363434480N11944506WA019320199202
B2101373434475N11944511WA019320199357
B2101383434470N11944517WA019310199373
B2101393434465N11944522WA019310199328
B2101403434459N11944527WA019310199415
B2101413434453N11944531WA019310199514
B2101423434447N11944534WA019320199696
B2101433434443N11944537WA019320199733
B2101443434438N11944539WA019330199789
B2101453434433N11944542WA019320199776
B2101463434428N11944545WA019320199615
B2101473434421N11944548WA019320199771
B2101483434414N11944550WA019310199760
B2101493434407N11944551WA019320199996
B2101503434402N11944553WA019330200002
B2101513434397N11944555WA019350200243
B2101523434393N11944558WA019360200342
B2101533434389N11944561WA019370200223
B2101543434384N11944564WA019370200015
B2101553434378N11944566WA019360200167
B2101563434372N11944567WA019360200168
B2101573434366N11944569WA019360200320
B2101583434360N11944570WA019360200425
B2101593434354N11944572WA019370200474
B2102003434349N11944574WA019370200414
B2102013434343N11944576WA019380200543
B2102023434337N11944578WA019390200690
B2102033434332N11944579WA019400200657
B2102043434327N11944581WA019400200623
B2102053434321N11944582WA019400200686
B2102063434315N11944583WA019390200699
B2102073434309N11944585WA019390200678
B2102083434303N11944588WA019390200625
B2102093434296N11944591WA019380200656
B2102103434289N11944594WA019380200661
B2102113434282N11944595WA019380200695
B2102123434276N11944596WA019380200651
B2102133434270N11944596WA019380200652
B2102143434264N11944596WA019380200660
B2102153434258N11944595WA019380200575
B2102163434252N11944594WA019380200648
B2102173434245N11944594WA019370200680
B2102183434239N11944592WA019370200528
B2102193434232N11944591WA019360200584
B2102203434226N11944589WA019350200488
B2102213434220N11944588WA019340200381
B2102223434215N11944585WA019320200214
B2102233434210N11944581WA019310200130
B2102243434206N11944574WA019310199946
B2102253434203N11944567WA019310200187
B2102263434201N11944561WA019320200248
B2102273434199N11944557WA019330200222
B2102283434196N11944553WA019330200182
B2102293434194N11944548WA019340200049
B2102303434192N11944544WA019340200021
B2102313434190N11944538WA019340200038
B2102323434188N11944533WA019340200041
B2102333434186N11944527WA019340200155
B2102343434184N11944522WA019340200170
B2102353434183N11944516WA019350200248
B2102363434182N11944511WA019360200378
B2102373434182N11944507WA019380200443
B2102383434182N11944503WA019390200404
B2102393434181N11944499WA019400200537
B2102403434180N11944496WA019420200523
B2102413434179N11944492WA019420200538
B2102423434178N11944488WA019430200567
B2102433434178N11944484WA019430200611
B2102443434177N11944478WA019430200729
B2102453434176N11944473WA019440200839
B2102463434175N11944469WA019450200859
B2102473434175N11944466WA019450200849
B2102483434176N11944465WA019440200722
B2102493434177N11944464WA019430200565
B2102503434180N11944464WA019410200485
B2102513434184N11944464WA019390200477
B2102523434189N11944467WA019380200457
B2102533434195N11944475WA019370200783
B2102543434198N11944482WA019380200615
B2102553434198N11944490WA019380200644
B2102563434197N11944499WA019370200490
B2102573434196N11944508WA019370200336
B2102583434192N11944518WA019370200147
B2102593434187N11944527WA019360200035
B2103003434181N11944533WA019360199889
B2103013434175N11944538WA019370199718
B2103023434169N11944541WA019380199534
B2103033434164N11944543WA019380199075
B2103043434160N11944544WA019390198481
B2103053434157N11944544WA019390198124
B2103063434152N11944546WA019370197864
B2103073434147N11944546WA019350197497
B2103083434143N11944545WA019310196811
B2103093434136N11944542WA019280196304
B2103113434118N11944536WA019210196830
B2103123434110N11944533WA019180196825
B2103133434103N11944531WA019150196715
B2103143434096N11944529WA019130196416
B2103153434088N11944527WA019090196289
B2103163434080N11944525WA019050196123
B2103173434071N11944523WA019020195812
B2103183434061N11944521WA018980195648
B2103193434051N11944521WA018950195424
B2103203434041N11944522WA018960195212
B2103213434031N11944523WA018960195262
B2103223434022N11944524WA018960195098
B2103233434014N11944526WA018960194724
B2103243434005N11944527WA018940194499
B2103263433989N11944530WA018910193926
B2103273433981N11944531WA018900193808
B2103283433972N11944533WA018880193793
B2103293433964N11944535WA018860193655
B2103303433956N11944537WA018850193424
B2103313433948N11944538WA018840193419
B2103323433940N11944540WA018830193304
B2103333433931N11944542WA018810193164
B2103343433923N11944544WA018800193015
B2103353433914N11944545WA018790193085
B2103363433906N11944547WA018780192915
B2103373433897N11944548WA018760192861
B2103383433889N11944548WA018750192842
B2103393433880N11944549WA018730192798
B2103403433872N11944551WA018710192532
B2103413433864N11944551WA018690192516
B2103423433855N11944552WA018660192462
B2103433433846N11944552WA018640192598
B2103443433838N11944554WA018620192517
B2103453433829N11944556WA018600192524
B2103463433820N11944558WA018590192525
B2103473433811N11944560WA018570192536
B2103483433802N11944563WA018560192535
B2103493433793N11944566WA018550192437
B2103503433784N11944570WA018540192212
B2103513433774N11944573WA018520192097
B2103523433765N11944577WA018510191874
B2103533433756N11944581WA018490191742
B2103543433747N11944585WA018470191502
B2103553433737N11944589WA018450191493
B2103563433729N11944593WA018430191207
B2103573433720N11944598WA018420191022
B2103583433711N11944602WA018400190837
B2103593433702N11944607WA018380190650
B2104003433693N11944611WA018360190562
B2104013433684N11944615WA018340190486
B2104023433676N11944620WA018330190201
B2104033433667N11944624WA018320190127
B2104043433658N11944629WA018320190053
B2104053433649N11944633WA018310189998
B2104063433641N11944638WA018300189845
B2104073433633N11944643WA018290189711
B2104083433625N11944647WA018280189607
B2104093433616N11944652WA018270189573
B2104103433608N11944656WA018260189439
B2104113433599N11944661WA018250189386
B2104123433591N11944666WA018240189333
B2104133433583N11944671WA018240189210
B2104143433575N11944675WA018230189246
B2104153433568N11944680WA018230189300
B2104163433560N11944684WA018230189381
B2104173433553N11944688WA018230189382
B2104183433547N11944692WA018240189402
B2104193433540N11944696WA018240189443
B2104203433534N11944700WA018240189401
B2104213433527N11944703WA018240189345
B2104223433520N11944706WA018230189168
B2104233433513N11944710WA018230189064
B2104243433506N11944714WA018220188944
B2104253433499N11944718WA018210188815
B2104263433491N11944722WA018200188894
B2104273433484N11944726WA018190188872
B2104283433477N11944729WA018190188888
B2104293433471N11944733WA018180188828
B2104303433464N11944738WA018180188762
B2104313433458N11944742WA018170188705
B2104323433450N11944746WA018160188694
B2104333433443N11944750WA018150188670
B2104343433436N11944753WA018140188665
B2104353433429N11944757WA018140188680
B2104363433423N11944760WA018140188647
B2104373433417N11944764WA018140188534
B2104383433411N11944768WA018140188453
B2104393433406N11944772WA018130188301
B2104403433400N11944775WA018120188239
B2104413433393N11944779WA018110188197
B2104423433387N11944783WA018090188100
B2104433433380N11944785WA018080188009
B2104443433373N11944788WA018060188035
B2104453433366N11944791WA018050187975
B2104463433360N11944794WA018030187819
B2104473433353N11944798WA018020187756
B2104483433346N11944801WA018000187589
B2104493433340N11944804WA017980187416
B2104503433333N11944807WA017960187352
B2104513433326N11944810WA017940187281
B2104523433320N11944813WA017920187011
B2104533433312N11944815WA017900186975
B2104543433304N11944817WA017880186911
B2104553433294N11944817WA017870186958
B2104563433285N11944819WA017880186900
B2104573433275N11944820WA017890186866
B2104583433266N11944822WA017890186779
B2104593433258N11944825WA017890186537
B2105003433250N11944828WA017890186415
B2105013433242N11944831WA017880186213
B2105023433234N11944834WA017870186110
B2105033433226N11944836WA017860186024
B2105043433218N11944838WA017850185916
B2105053433209N11944840WA017840185864
B2105063433201N11944842WA017830185820
B2105073433192N11944843WA017830185785
B2105083433185N11944845WA017830185723
B2105093433178N11944847WA017820185433
B2105103433171N11944849WA017800185253
B2105113433164N11944851WA017780185023
B2105123433155N11944853WA017740184976
B2105133433146N11944856WA017700184932
B2105143433136N11944859WA017670185041
B2105153433126N11944862WA017640185014
B2105163433116N11944866WA017630185044
B2105173433107N11944870WA017630184985
B2105183433100N11944874WA017630184825
B2105193433093N11944878WA017630184560
B2105203433087N11944880WA017630184459
B2105213433081N11944883WA017620184235
B2105223433074N11944886WA017600184152
B2105233433067N11944889WA017590184031
B2105243433059N11944891WA017570184048
B2105253433051N11944894WA017560184047
B2105263433043N11944897WA017560183979
B2105273433036N11944901WA017560183791
B2105283433030N11944904WA017550183540
B2105293433024N11944907WA017540183310
B2105303433017N11944910WA017530183111
B2105313433009N11944913WA017510182977
B2105323433001N11944917WA017480182857
B2105333432992N11944921WA017450182775
B2105343432983N11944925WA017420182760
B2105353432974N11944928WA017390182665
B2105363432966N11944932WA017370182350
B2105373432958N11944935WA017340182145
B2105383432950N11944939WA017310181930
B2105393432942N11944942WA017290181714
B2105403432933N11944946WA017260181652
B2105413432924N11944950WA017230181532
B2105423432915N11944954WA017210181303
B2105433432905N11944958WA017200181277
B2105443432896N11944962WA017200181095
B2105453432889N11944965WA017190180707
B2105463432881N11944968WA017180180557
B2105473432873N11944971WA017160180398
B2105483432865N11944975WA017140180085
B2105493432857N11944979WA017110179834
B2105503432848N11944982WA017070179849
B2105513432839N11944986WA017040179732
B2105523432830N11944989WA017010179684
B2105533432822N11944992WA016990179497
B2105543432815N11944995WA016960179139
B2105553432807N11944999WA016920178873
B2105563432799N11945002WA016890178679
B2105573432791N11945006WA016850178319
B2105583432782N11945010WA016800178212
B2105593432771N11945013WA016750178364
B2106003432761N11945016WA016710178494
B2106013432752N11945019WA016670178434
B2106023432742N11945022WA016660178472
B2106033432733N11945024WA016660178327
B2106053432713N11945029WA016630177789
B2106063432704N11945032WA016590177105
B2106073432693N11945035WA016560176501
B2106083432682N11945037WA016510176039
B2106093432671N11945041WA016470175510
B2106103432660N11945043WA016430175528
B2106113432648N11945046WA016400175498
B2106123432638N11945049WA016360175335
B2106133432628N11945052WA016350175241
B2106143432618N11945054WA016350175198
B2106153432610N11945057WA016340174919
B2106163432601N11945060WA016320174749
B2106173432592N11945063WA016300174529
B2106183432582N11945067WA016270174460
B2106193432572N11945070WA016230174254
B2106203432562N11945073WA016200174249
B2106213432552N11945077WA016170174146
B2106223432542N11945081WA016150173993
B2106233432533N11945084WA016140173887
B2106243432525N11945088WA016150173630
B2106253432517N11945091WA016160173490
B2106263432511N11945094WA016160173062
B2106273432505N11945097WA016160172772
B2106283432499N11945100WA016160172661
B2106293432492N11945102WA016150172569
B2106303432485N11945105WA016140172346
B2106313432478N11945108WA016140172192
B2106323432472N11945110WA016130171966
B2106333432466N11945112WA016130171795
B2106343432461N11945114WA016140171353
B2106353432456N11945116WA016140170911
B2106363432449N11945117WA016130170697
B2106373432443N11945119WA016130170342
B2106383432436N11945120WA016130170137
B2106393432429N11945122WA016120169933
B2106403432422N11945124WA016120169780
B2106413432417N11945125WA016110169416
B2106423432411N11945127WA016090169055
B2106433432406N11945129WA016060168918
B2106443432399N11945132WA016020168863
B2106453432393N11945134WA015970168781
B2106463432386N11945136WA015900168492
B2106473432377N11945138WA015850168161
B2106483432368N11945139WA015800168127
B2106493432359N11945141WA015750168122
B2106503432350N11945142WA015720168077
B2106513432342N11945144WA015690167883
B2106523432334N11945146WA015670167760
B2106533432325N11945147WA015640167448
B2106543432315N11945149WA015610167495
B2106553432306N11945150WA015580167459
B2106563432296N11945152WA015560167470
B2106573432287N11945153WA015570167441
B2106583432279N11945154WA015570167412
B2106593432272N11945156WA015580167210
B2107003432264N11945158WA015570167194
B2107013432257N11945161WA015570166993
B2107023432250N11945164WA015560166744
B2107033432242N11945167WA015550166756
B2107043432234N11945170WA015540166747
B2107063432219N11945177WA015540166615
B2107073432211N11945180WA015540166491
B2107083432204N11945182WA015540166175
B2107093432197N11945184WA015530165967
B2107103432189N11945187WA015520165694
B2107113432180N11945190WA015520165280
B2107123432171N11945192WA015510164987
B2107133432163N11945195WA015510164770
B2107143432155N11945197WA015510164572
B2107153432146N11945200WA015510164040
B2107163432136N11945202WA015510163599
B2107173432128N11945205WA015500163110
B2107183432119N11945207WA015500162961
B2107193432111N11945209WA015500162821
B2107203432103N11945211WA015500162842
B2107213432096N11945213WA015510162991
B2107223432090N11945214WA015530162848
B2107233432084N11945216WA015540162726
B2107243432077N11945218WA015540162555
B2107253432070N11945220WA015540162445
B2107263432062N11945222WA015530162284
B2107273432055N11945224WA015520162104
B2107283432047N11945226WA015510162047
B2107293432039N11945229WA015510161991
B2107303432032N11945231WA015500161856
B2107313432025N11945233WA015490161719
B2107323432017N11945236WA015480161561
B2107333432009N11945238WA015460161382
B2107343432001N11945240WA015450161292
B2107353431993N11945242WA015440161292
B2107363431986N11945244WA015430161214
B2107373431978N11945246WA015420161158
B2107383431971N11945248WA015420161038
B2107393431964N11945250WA015410160925
B2107403431956N11945252WA015400160881
B2107413431949N11945254WA015380160760
B2107423431942N11945256WA015370160752
B2107433431935N11945258WA015350160565
B2107443431928N11945260WA015330160478
B2107453431921N11945263WA015310160281
B2107463431914N11945265WA015280160014
B2107473431905N11945267WA015250159972
B2107483431896N11945268WA015210159935
B2107493431886N11945269WA015180159987
B2107503431878N11945271WA015160159901
B2107513431869N11945272WA015160159725
B2107523431861N11945273WA015160159618
B2107533431853N11945274WA015150159458
B2107543431845N11945275WA015140159294
B2107553431837N11945276WA015130159091
B2107563431829N11945276WA015110158858
B2107573431820N11945277WA015090158786
B2107583431811N11945278WA015060158795
B2107593431802N11945279WA015040158688
B2108003431793N11945281WA015010158440
B2108013431784N11945282WA014990158254
B2108023431775N11945283WA014970158098
B2108033431767N11945285WA014960157865
B2108043431759N11945287WA014950157770
B2108053431751N11945288WA014940157573
B2108063431743N11945289WA014930157386
B2108073431735N11945290WA014910157188
B2108083431728N11945291WA014900157009
B2108093431720N11945292WA014880156869
B2108103431713N11945294WA014860156731
B2108113431706N11945295WA014840156504
B2108123431698N11945297WA014820156330
B2108133431689N11945298WA014800156189
B2108143431681N11945301WA014770156001
B2108153431671N11945304WA014740155893
B2108163431662N11945307WA014720155678
B2108173431653N11945311WA014700155577
B2108183431645N11945315WA014680155306
B2108193431636N11945319WA014660155066
B2108203431628N11945323WA014640154838
B2108213431619N11945328WA014620154693
B2108223431611N11945333WA014600154420
B2108233431602N11945338WA014570154250
B2108243431594N11945342WA014550154004
B2108253431586N11945346WA014540153802
B2108263431578N11945349WA014540153629
B2108273431570N11945354WA014530153340
B2108283431562N11945358WA014520153148
B2108293431554N11945363WA014500152919
B2108303431545N11945369WA014470152765
B2108313431536N11945375WA014450152693
B2108323431528N11945380WA014430152539
B2108333431519N11945386WA014420152468
B2108343431511N11945392WA014430152236
B2108353431504N11945398WA014440152200
B2108363431497N11945403WA014460152154
B2108373431491N11945408WA014470151985
B2108383431486N11945413WA014480151766
B2108393431481N11945418WA014470151523
B2108403431475N11945422WA014460151436
B2108413431469N11945426WA014440151314
B2108423431462N11945429WA014430151287
B2108433431456N11945432WA014410151120
B2108443431449N11945433WA014390151025
B2108453431442N11945434WA014380150936
B2108463431435N11945435WA014360150856
B2108473431428N11945436WA014350150766
B2108483431421N11945437WA014350150536
B2108493431414N11945438WA014350150417
B2108503431406N11945439WA014350150387
B2108513431399N11945440WA014350150276
B2108523431392N11945441WA014340150073
B2108533431385N11945442WA014320149983
B2108543431378N11945443WA014300149775
B2108553431371N11945444WA014280149628
B2108563431363N11945446WA014250149511
B2108573431354N11945447WA014220149564
B2108583431345N11945448WA014190149498
B2108593431336N11945450WA014170149292
B2109003431327N11945451WA014140149161
B2109013431318N11945451WA014110149039
B2109023431308N11945452WA014090148986
B2109033431299N11945453WA014060148755
B2109043431290N11945454WA014040148633
B2109053431281N11945454WA014020148467
B2109063431272N11945455WA014010148390
B2109073431264N11945454WA014010148146
B2109083431256N11945454WA014000147961
B2109093431249N11945453WA013990147709
B2109103431241N11945453WA013980147522
B2109113431232N11945452WA013960147365
B2109123431223N11945452WA013940147242
B2109133431213N11945452WA013920147263
B2109143431203N11945452WA013910147195
B2109153431195N11945452WA013900146904
B2109163431186N11945451WA013900146656
B2109173431178N11945450WA013900146378
B2109183431170N11945450WA013890146191
B2109193431162N11945449WA013870145994
B2109203431154N11945448WA013860145866
B2109213431145N11945448WA013830145792
B2109223431136N11945448WA013810145672
B2109233431127N11945448WA013800145493
B2109243431119N11945448WA013780145336
B2109253431110N11945448WA013750145159
B2109263431101N11945449WA013730144985
B2109273431092N11945450WA013710144782
B2109283431083N11945451WA013690144674
B2109293431074N11945453WA013680144540
B2109303431065N11945454WA013680144449
B2109313431056N11945457WA013690144232
B2109323431047N11945459WA013690144189
B2109333431040N11945462WA013690143846
B2109343431033N11945465WA013690143630
B2109353431026N11945467WA013680143431
B2109363431018N11945469WA013670143383
B2109373431010N11945471WA013660143288
B2109383431002N11945474WA013640143239
B2109393430993N11945478WA013630143065
B2109403430984N11945482WA013610142990
B2109413430976N11945485WA013600142770
B2109423430968N11945487WA013590142683
B2109433430961N11945489WA013580142514
B2109443430953N11945491WA013570142434
B2109453430945N11945493WA013560142347
B2109463430937N11945495WA013540142258
B2109473430929N11945497WA013530142044
B2109483430920N11945498WA013510142099
B2109493430912N11945500WA013490141947
B2109503430904N11945502WA013490141917
B2109513430895N11945504WA013480141789
B2109523430887N11945506WA013470141698
B2109533430879N11945508WA013460141496
B2109543430872N11945509WA013450141208
B2109553430864N11945510WA013430141124
B2109563430856N11945510WA013410141022
B2109573430847N11945509WA013380140976
B2109583430839N11945509WA013360140850
B2109593430831N11945508WA013340140813
B2110003430823N11945507WA013320140717
B2110013430814N11945507WA013330140690
B2110023430806N11945506WA013330140574
B2110033430798N11945506WA013320140471
B2110043430791N11945505WA013320140229
B2110053430784N11945505WA013310139917
B2110063430777N11945505WA013290139822
B2110073430770N11945504WA013280139752
B2110083430763N11945502WA013260139587
B2110093430757N11945500WA013240139457
B2110103430751N11945497WA013220139337
B2110113430745N11945494WA013200139233
B2110123430739N11945490WA013180139137
B2110133430733N11945487WA013170138912
B2110143430727N11945483WA013150138706
B2110153430720N11945479WA013130138699
B2110163430715N11945475WA013120138518
B2110173430709N11945471WA013100138426
B2110183430703N11945468WA013090138300
B2110193430697N11945465WA013090138101
B2110203430690N11945462WA013090138073
B2110213430684N11945459WA013090137867
B2110223430678N11945457WA013080137682
B2110233430673N11945454WA013070137438
B2110243430667N11945452WA013050137283
B2110253430662N11945449WA013040137023
B2110263430656N11945446WA013020136950
B2110273430650N11945442WA012990136982
B2110283430645N11945438WA012970136822
B2110293430639N11945433WA012960136779
B2110303430634N11945429WA012940136675
B2110313430629N11945425WA012940136598
B2110323430625N11945422WA012940136306
B2110333430619N11945419WA012940136287
B2110343430614N11945416WA012930136036
B2110353430608N11945413WA012920135984
B2110363430603N11945410WA012910135841
B2110373430597N11945406WA012890135797
B2110383430592N11945403WA012880135731
B2110393430586N11945399WA012870135698
B2110403430581N11945396WA012870135556
B2110413430576N11945393WA012860135435
B2110423430571N11945390WA012850135335
B2110433430566N11945387WA012850135152
B2110443430561N11945383WA012840135077
B2110453430557N11945380WA012830135000
B2110463430551N11945376WA012820134995
B2110473430546N11945372WA012810134899
B2110483430541N11945369WA012800134784
B2110493430536N11945365WA012800134659
B2110503430531N11945362WA012790134606
B2110513430525N11945359WA012780134477
B2110523430520N11945356WA012770134338
B2110533430514N11945354WA012750134142
B2110543430508N11945351WA012740134025
B2110553430502N11945348WA012710133906
B2110563430496N11945345WA012690133913
B2110573430490N11945341WA012670133898
B2110583430485N11945338WA012650133755
B2110593430480N11945335WA012640133514
B2111003430474N11945332WA012640133463
B2111013430469N11945329WA012630133312
B2111023430463N11945326WA012630133375
B2111033430458N11945324WA012620133135
B2111043430452N11945322WA012610133076
B2111053430447N11945320WA012590132822
B2111063430441N11945317WA012580132793
B2111073430436N11945314WA012570132663
B2111083430431N11945311WA012550132547
B2111093430425N11945309WA012520132393
B2111103430420N11945307WA012490132100
B2111113430413N11945304WA012460132006
B2111123430406N11945302WA012420132010
B2111133430398N11945299WA012390131971
B2111143430390N11945296WA012350131944
B2111153430382N11945294WA012330131921
B2111163430374N11945292WA012310131752
B2111173430367N11945290WA012290131555
B2111183430361N11945288WA012290131215
B2111193430355N11945285WA012290131069
B2111203430350N11945283WA012290130806
B2111213430344N11945281WA012270130605
B2111223430337N11945279WA012250130365
B2111233430330N11945277WA012220130152
B2111243430322N11945274WA012200130193
B2111253430316N11945272WA012180130020
B2111263430309N11945270WA012160129921
B2111273430303N11945269WA012150129610
B2111283430297N11945268WA012140129455
B2111293430291N11945267WA012120129289
B2111303430284N11945267WA012090129183
B2111313430277N11945267WA012060129200
B2111323430269N11945266WA012040129058
B2111333430261N11945265WA012020128976
B2111343430254N11945264WA012010128781
B2111353430249N11945262WA012000128327
B2111363430243N11945261WA011990128041
B2111373430237N11945259WA011980127725
B2111383430230N11945257WA011960127438
B2111393430223N11945256WA011930127234
B2111403430216N11945254WA011910127009
B2111413430208N11945253WA011890126883
B2111423430202N11945251WA011870126628
B2111433430195N11945250WA011860126328
B2111443430188N11945250WA011860126192
B2111453430182N11945249WA011850125959
B2111463430176N11945249WA011850125637
B2111473430169N11945249WA011830125497
B2111483430163N11945249WA011820125236
B2111493430156N11945249WA011800125061
B2111503430150N11945247WA011790124966
B2111513430145N11945244WA011780124787
B2111523430141N11945240WA011760124595
B2111533430137N11945236WA011740124387
B2111543430133N11945233WA011730124126
B2111553430127N11945231WA011700124071
B2111563430121N11945228WA011680123982
B2111573430115N11945224WA011660123899
B2111583430110N11945221WA011650123769
B2111593430105N11945219WA011640123430
B2112003430100N11945216WA011630123264
B2112013430096N11945213WA011620122915
B2112023430091N11945210WA011610122786
B2112033430086N11945207WA011590122651
B2112043430081N11945203WA011570122512
B2112053430075N11945198WA011560122445
B2112063430070N11945194WA011550122300
B2112073430064N11945190WA011530122291
B2112083430060N11945186WA011510122006
B2112093430055N11945183WA011500121853
B2112103430051N11945179WA011480121609
B2112113430046N11945176WA011460121524
B2112123430041N11945173WA011450121341
B2112133430035N11945169WA011420121298
B2112143430030N11945166WA011400121055
B2112153430024N11945163WA011380120952
B2112163430018N11945159WA011360120859
B2112173430013N11945157WA011340120710
B2112183430007N11945153WA011340120598
B2112193430003N11945150WA011330120351
B2112203429999N11945145WA011310120158
B2112213429996N11945140WA011290120106
B2112223429992N11945135WA011280120140
B2112233429988N11945130WA011280120172
B2112243429984N11945126WA011280120091
B2112253429982N11945123WA011280119700
B2112263429979N11945120WA011280119530
B2112273429976N11945116WA011280119216
B2112283429972N11945112WA011280119143
B2112293429968N11945106WA011280119027
B2112303429964N11945100WA011280119104
B2112313429959N11945095WA011280119175
B2112323429955N11945092WA011290119046
B2112333429950N11945091WA011300119091
B2112343429946N11945090WA011300118921
B2112353429941N11945089WA011300118960
B2112363429937N11945087WA011300118827
B2112373429932N11945086WA011300118882
B2112383429928N11945085WA011300118730
B2112393429923N11945084WA011300118752
B2112403429919N11945084WA011290118710
B2112413429915N11945084WA011300118601
B2112423429910N11945084WA011300118694
B2112433429907N11945084WA011300118527
B2112443429903N11945084WA011290118553
B2112453429899N11945083WA011290118564
B2112463429895N11945082WA011290118430
B2112473429890N11945080WA011290118574
B2112483429885N11945079WA011280118571
B2112493429880N11945078WA011280118577
B2112503429876N11945079WA011280118515
B2112513429871N11945080WA011280118535
B2112523429866N11945081WA011280118468
B2112533429861N11945083WA011280118455
B2112543429855N11945085WA011270118394
B2112553429850N11945087WA011260118330
B2112563429844N11945087WA011260118488
B2112573429839N11945088WA011260118470
B2112583429834N11945088WA011260118360
B2112593429829N11945087WA011270118378
B2113003429825N11945087WA011280118327
B2113013429821N11945088WA011280118309
B2113023429817N11945091WA011280118309
B2113033429813N11945096WA011280118333
B2113043429810N11945100WA011280118304
B2113053429806N11945103WA011290118299
B2113063429803N11945106WA011280118237
B2113073429799N11945108WA011280118109
B2113083429794N11945110WA011270118237
B2113093429789N11945112WA011270118176
B2113103429785N11945115WA011260118040
B2113113429781N11945118WA011240117962
B2113123429778N11945121WA011220117817
B2113133429773N11945125WA011200117880
B2113143429768N11945127WA011180117725
B2113153429762N11945129WA011170117685
B2113163429758N11945131WA011180117804
B2113173429754N11945132WA011190117908
B2113183429750N11945133WA011200117847
B2113193429746N11945134WA011210117861
B2113203429742N11945134WA011200117774
B2113213429738N11945134WA011200117728
B2113223429732N11945135WA011190117673
B2113233429725N11945135WA011180117691
B2113243429718N11945133WA011180117774
B2113253429712N11945131WA011180117987
B2113263429708N11945130WA011190117836
B2113273429704N11945130WA011190117621
B2113283429699N11945129WA011190117596
B2113293429694N11945129WA011180117490
B2113303429689N11945128WA011170117321
B2113313429683N11945125WA011160117259
B2113323429678N11945122WA011150117142
B2113333429673N11945116WA011140116997
B2113343429669N11945109WA011130116894
B2113353429667N11945100WA011120116848
B2113363429665N11945092WA011100116720
B2113373429663N11945082WA011090116626
B2113383429661N11945072WA011080116609
B2113393429658N11945063WA011070116651
B2113403429655N11945053WA011070116647
B2113413429652N11945044WA011060116679
B2113423429649N11945036WA011070116674
B2113433429646N11945028WA011080116771
B2113443429643N11945021WA011080116663
B2113453429640N11945015WA011090116677
B2113463429638N11945010WA011080116414
B2113473429635N11945003WA011060116368
B2113483429632N11944995WA011040116266
B2113493429629N11944986WA011020116136
B2113503429625N11944977WA010990116124
B2113513429621N11944969WA010970116121
B2113523429617N11944961WA010950116056
B2113533429613N11944954WA010930115796
B2113543429610N11944947WA010910115523
B2113553429605N11944940WA010880115397
B2113563429599N11944933WA010850115475
B2113573429592N11944925WA010830115298
B2113583429587N11944918WA010830115229
B2113593429583N11944913WA010840115312
B2114003429579N11944907WA010840115378
B2114013429576N11944903WA010830115031
B2114023429573N11944898WA010810114904
B2114033429569N11944893WA010780114637
B2114043429564N11944888WA010750114417
B2114053429558N11944882WA010700114307
B2114063429550N11944876WA010660114481
B2114073429543N11944869WA010630114660
B2114083429536N11944862WA010600114781
B2114093429530N11944856WA010590114592
B2114103429525N11944850WA010590114305
B2114113429519N11944845WA010580113948
B2114123429514N11944840WA010560113637
B2114133429509N11944834WA010540113427
B2114143429503N11944827WA010510113287
B2114153429498N11944820WA010480113146
B2114163429492N11944813WA010460112872
B2114173429487N11944805WA010440112729
B2114183429482N11944798WA010420112409
B2114193429477N11944792WA010410112105
B2114203429472N11944786WA010400111924
B2114213429468N11944780WA010390111603
B2114223429463N11944774WA010370111340
B2114233429458N11944767WA010360111197
B2114243429453N11944761WA010340110981
B2114253429448N11944754WA010320110743
B2114263429443N11944747WA010310110506
B2114273429437N11944740WA010300110379
B2114283429432N11944734WA010290110193
B2114293429428N11944728WA010290109972
B2114303429424N11944722WA010270109762
B2114313429420N11944716WA010260109557
B2114323429416N11944711WA010230109333
B2114333429411N11944705WA010200109172
B2114343429406N11944698WA010180109086
B2114353429402N11944691WA010150108906
B2114363429397N11944684WA010120108851
B2114373429392N11944676WA010110108683
B2114383429388N11944668WA010110108513
B2114393429383N11944659WA010120108439
B2114403429378N11944651WA010120108368
B2114413429374N11944644WA010130108225
B2114423429370N11944638WA010140108143
B2114433429367N11944632WA010160108002
B2114443429364N11944626WA010160107908
B2114453429361N11944621WA010150107820
B2114463429358N11944614WA010140107600
B2114473429354N11944605WA010130107535
B2114483429350N11944596WA010120107515
B2114493429345N11944587WA010110107636
B2114503429340N11944579WA010110107673
B2114513429336N11944571WA010120107655
B2114523429333N11944564WA010120107503
B2114533429330N11944557WA010130107504
B2114543429327N11944550WA010130107426
B2114553429324N11944543WA010130107448
B2114563429321N11944536WA010130107427
B2114573429317N11944529WA010140107373
B2114583429313N11944521WA010140107499
B2114593429310N11944514WA010130107429
B2115003429306N11944508WA010130107375
B2115013429303N11944502WA010120107151
B2115023429300N11944495WA010100107033
B2115033429296N11944487WA010090106989
B2115043429292N11944480WA010060106864
B2115053429288N11944473WA010040106821
B2115063429283N11944465WA010020106799
B2115073429279N11944458WA010010106679
B2115083429275N11944451WA009990106589
B2115093429272N11944444WA009980106319
B2115103429268N11944437WA009970106155
B2115113429265N11944429WA009950106101
B2115123429262N11944419WA009940106073
B2115133429261N11944410WA009950105974
B2115143429260N11944402WA009960105992
B2115153429259N11944396WA009970105970
B2115163429258N11944391WA009980105866
B2115173429257N11944387WA009990105795
B2115183429257N11944382WA009990105607
B2115193429256N11944377WA009980105530
B2115203429255N11944370WA009960105334
B2115213429254N11944363WA009940105203
B2115223429251N11944355WA009930105295
B2115233429249N11944346WA009920105344
B2115243429247N11944337WA009930105330
B2115253429245N11944328WA009940105474
B2115263429244N11944321WA009960105430
B2115273429242N11944314WA009970105474
B2115283429241N11944308WA009980105413
B2115293429239N11944302WA010000105451
B2115303429237N11944294WA010010105499
B2115313429236N11944287WA010020105533
B2115323429234N11944279WA010030105533
B2115333429232N11944270WA010040105728
B2115343429229N11944261WA010060106098
B2115353429227N11944253WA010100106237
B2115363429224N11944246WA010140106443
B2115373429221N11944240WA010170106469
B2115383429218N11944235WA010200106249
B2115393429215N11944232WA010210106094
B2115403429213N11944235WA010210105700
B2115413429211N11944239WA010220105826
B2115423429210N11944247WA010230106083
B2115433429211N11944259WA010250105963
B2115443429214N11944265WA010270106396
B2115453429218N11944267WA010300106698
B2115463429222N11944264WA010320106654
B2115473429225N11944259WA010320106477
B2115483429231N11944250WA010330105819
B2115493429230N11944245WA010360105579
B2115503429227N11944242WA010370105745
B2115513429222N11944239WA010400105987
B2115523429218N11944238WA010430105998
B2115533429215N11944237WA010450106145
B2115543429213N11944237WA010460106256
B2115553429213N11944239WA010470106233
B2115563429214N11944241WA010470106111
B2115573429219N11944243WA010480106313
B2115583429227N11944244WA010480106929
B2115593429234N11944245WA010490107421
B2116003429240N11944240WA010510107767
B2116013429245N11944232WA010520108249
B2116023429247N11944224WA010540108669
B2116033429247N11944216WA010550108929
B2116043429244N11944208WA010570109227
B2116053429238N11944202WA010580109629
B2116063429229N11944198WA010570109585
B2116073429224N11944198WA010570109886
B2116083429220N11944200WA010570109975
B2116093429218N11944204WA010570110125
B2116103429217N11944208WA010570110377
B2116113429217N11944213WA010560110068
B2116123429219N11944217WA010560110249
B2116133429224N11944221WA010550109868
B2116143429233N11944228WA010550109603
B2116153429240N11944232WA010560109778
B2116163429247N11944234WA010570109835
B2116173429254N11944235WA010590109939
B2116183429259N11944236WA010620110193
B2116193429265N11944236WA010640110472
B2116203429271N11944234WA010670110698
B2116213429278N11944231WA010700110912
B2116223429283N11944224WA010730111048
B2116233429287N11944217WA010750111078
B2116243429288N11944208WA010760111116
B2116253429284N11944199WA010770111474
B2116263429279N11944192WA010770111193
B2116273429273N11944188WA010770111546
B2116283429265N11944185WA010770111613
B2116293429258N11944183WA010780111587
B2116303429255N11944185WA010790111243
B2116313429253N11944189WA010800111025
B2116323429251N11944193WA010800110698
B2116333429250N11944197WA010800110449
B2116343429248N11944204WA010810110622
B2116353429246N11944211WA010810110742
B2116363429247N11944219WA010810110206
B2116373429249N11944228WA010830110332
B2116383429253N11944237WA010850110927
B2116393429257N11944244WA010880111984
B2116403429263N11944249WA010930112704
B2116413429269N11944251WA010960113268
B2116423429276N11944251WA011000113835
B2116433429282N11944248WA011030114269
B2116443429289N11944241WA011040114379
B2116453429294N11944234WA011060114744
B2116463429297N11944227WA011080115320
B2116473429295N11944221WA011080115568
B2116483429294N11944219WA011090115785
B2116493429291N11944216WA011100115140
B2116503429285N11944217WA011110114975
B2116513429277N11944221WA011120115188
B2116523429271N11944226WA011130115009
B2116533429269N11944234WA011150115095
B2116543429271N11944241WA011170115493
B2116553429275N11944246WA011200115965
B2116563429279N11944248WA011220116249
B2116573429284N11944250WA011240116473
B2116583429292N11944249WA011270116452
B2116593429301N11944246WA011290116620
B2117003429307N11944239WA011330117027
B2117013429309N11944232WA011350117248
B2117023429311N11944226WA011380117623
B2117033429311N11944220WA011390117717
B2117043429311N11944216WA011400117475
B2117053429309N11944213WA011410116834
B2117063429307N11944212WA011420116907
B2117073429304N11944213WA011430116903
B2117083429297N11944213WA011440117918
B2117103429281N11944219WA011470118855
B2117113429280N11944228WA011500119134
B2117123429279N11944245WA011520119904
B2117133429281N11944253WA011550120162
B2117143429286N11944258WA011580120529
B2117153429292N11944261WA011610120820
B2117163429298N11944260WA011630121446
B2117173429303N11944256WA011660121985
B2117183429308N11944250WA011690122419
B2117193429310N11944244WA011730122895
B2117203429311N11944238WA011770123291
B2117213429312N11944232WA011800123250
B2117223429311N11944226WA011810123328
B2117233429308N11944222WA011810123303
B2117243429301N11944219WA011810123295
B2117253429295N11944219WA011820123250
B2117263429289N11944221WA011830123238
B2117273429284N11944228WA011850123280
B2117283429280N11944235WA011860123471
B2117293429276N11944240WA011880123717
B2117303429271N11944244WA011900124119
B2117313429266N11944248WA011930124461
B2117323429263N11944251WA011950124600
B2117333429259N11944254WA011960124660
B2117343429256N11944256WA011960124579
B2117353429253N11944259WA011950124566
B2117363429249N11944262WA011950124631
B2117373429244N11944264WA011950124728
B2117383429239N11944267WA011950124928
B2117393429236N11944271WA011960125001
B2117403429234N11944275WA011980125053
B2117413429234N11944280WA011980124906
B2117423429234N11944286WA011990124885
B2117433429238N11944292WA012000124834
B2117443429243N11944296WA011990124988
B2117453429250N11944298WA011990124782
B2117463429258N11944295WA011990124576
B2117473429266N11944291WA011990124146
B2117483429274N11944287WA011990124189
B2117493429281N11944283WA011990124479
B2117503429285N11944280WA011990124563
B2117513429288N11944276WA011980124230
B2117523429290N11944271WA011960124062
B2117533429293N11944264WA011940124181
B2117543429296N11944254WA011920124285
B2117553429299N11944245WA011920124413
B2117563429301N11944237WA011920124520
B2117573429303N11944229WA011940124615
B2117583429304N11944222WA011950124799
B2117593429307N11944215WA011950124718
B2118003429309N11944208WA011950124900
B2118013429311N11944200WA011950125016
B2118023429311N11944192WA011950125017
B2118033429308N11944184WA011950125167
B2118043429304N11944177WA011960125203
B2118053429298N11944171WA011960125409
B2118063429291N11944170WA011970125264
B2118073429285N11944170WA011980125180
B2118083429280N11944171WA011990125141
B2118093429276N11944172WA011990125004
B2118103429275N11944175WA011990125141
B2118113429272N11944180WA011980125389
B2118123429272N11944188WA011970125103
B2118133429276N11944197WA011950125005
B2118143429282N11944204WA011930125144
B2118153429291N11944208WA011910124721
B2118163429298N11944208WA011900124276
B2118173429304N11944206WA011880123842
B2118183429311N11944203WA011880123683
B2118193429320N11944198WA011880123529
B2118203429323N11944190WA011890124055
B2118213429322N11944181WA011900124100
B2118223429319N11944172WA011910124137
B2118233429315N11944165WA011920124262
B2118243429311N11944158WA011930124113
B2118253429305N11944152WA011920124333
B2118263429298N11944146WA011920124794
B2118273429292N11944143WA011910124895
B2118283429287N11944143WA011900124754
B2118293429282N11944145WA011890124846
B2118303429279N11944151WA011890124704
B2118313429276N11944158WA011900124945
B2118323429275N11944164WA011900125121
B2118333429274N11944169WA011890125051
B2118343429274N11944173WA011880125001
B2118353429275N11944176WA011860124815
B2118363429277N11944180WA011840124438
B2118373429284N11944185WA011810123864
B2118383429294N11944189WA011790123905
B2118393429300N11944189WA011780123569
B2118403429307N11944188WA011770123413
B2118413429314N11944186WA011770123221
B2118423429322N11944184WA011770122974
B2118433429326N11944182WA011770122887
B2118443429328N11944180WA011760123085
B2118453429328N11944178WA011750123251
B2118463429325N11944175WA011750123740
B2118473429322N11944170WA011740125195
B2118483429321N11944166WA011740125245
B2118493429318N11944160WA011740124805
B2118513429305N11944146WA011730123875
B2118523429299N11944140WA011730123545
B2118533429293N11944134WA011730123514
B2118543429287N11944129WA011730123671
B2118553429281N11944123WA011740123493
B2118563429275N11944115WA011740123129
B2118573429269N11944109WA011740122809
B2118583429262N11944104WA011730122583
B2118593429256N11944097WA011720122239
B2119003429249N11944091WA011710122280
B2119013429243N11944082WA011700122178
B2119023429238N11944074WA011700122122
B2119033429233N11944066WA011700122162
B2119043429229N11944058WA011700122018
B2119053429224N11944052WA011690122053
B2119063429218N11944045WA011680122097
B2119073429212N11944038WA011680122256
B2119083429206N11944032WA011680122335
B2119093429200N11944027WA011690122362
B2119103429195N11944021WA011690122229
B2119113429189N11944016WA011690122382
B2119123429184N11944010WA011700122446
B2119133429179N11944005WA011710122513
B2119143429173N11944000WA011720122585
B2119153429168N11943996WA011710122440
B2119163429162N11943991WA011700122376
B2119173429156N11943987WA011670122272
B2119183429150N11943982WA011640122155
B2119193429144N11943977WA011610122145
B2119203429138N11943972WA011580122044
B2119213429132N11943967WA011550121933
B2119223429125N11943962WA011530121881
B2119233429119N11943957WA011510121636
B2119243429112N11943953WA011480121596
B2119253429106N11943949WA011460121354
B2119263429100N11943944WA011430121023
B2119273429093N11943938WA011410121070
B2119283429087N11943931WA011400121036
B2119293429081N11943925WA011400120909
B2119303429075N11943921WA011400120813
B2119313429069N11943917WA011400120676
B2119323429064N11943914WA011380120420
B2119333429058N11943910WA011360120212
B2119343429051N11943905WA011340120178
B2119353429044N11943901WA011320120060
B2119363429037N11943896WA011290119862
B2119373429030N11943891WA011260119762
B2119383429023N11943886WA011230119580
B2119393429017N11943880WA011200119417
B2119403429010N11943875WA011170119279
B2119413429004N11943871WA011140119100
B2119423428997N11943866WA011110118844
B2119433428990N11943862WA011080118681
B2119443428984N11943857WA011060118415
B2119453428977N11943852WA011030118118
B2119463428970N11943847WA011000117929
B2119473428963N11943843WA010990117801
B2119483428955N11943838WA010970117666
B2119493428947N11943834WA010960117496
B2119503428940N11943831WA010950117250
B2119513428933N11943827WA010930117018
B2119523428925N11943824WA010920116876
B2119533428917N11943821WA010920116684
B2119543428909N11943817WA010890116488
B2119553428902N11943814WA010880116200
B2119563428893N11943810WA010870116281
B2119573428885N11943806WA010860116043
B2119583428877N11943802WA010850115869
B2119593428870N11943799WA010840115506
B2120003428862N11943796WA010820115264
B2120013428855N11943793WA010810114940
B2120023428848N11943789WA010800114712
B2120033428840N11943784WA010780114669
B2120043428833N11943779WA010770114661
B2120053428826N11943772WA010750114486
B2120063428820N11943766WA010730114302
B2120073428812N11943760WA010710114194
B2120083428805N11943755WA010700113984
B2120093428798N11943750WA010690113718
B2120103428790N11943746WA010690113571
B2120113428783N11943741WA010680113446
B2120123428776N11943737WA010680113260
B2120133428770N11943732WA010670113111
B2120143428764N11943727WA010660112911
B2120153428758N11943722WA010650112802
B2120163428751N11943717WA010640112681
B2120173428745N11943711WA010610112455
B2120183428739N11943705WA010590112206
B2120193428732N11943699WA010560112207
B2120203428725N11943693WA010540112119
B2120213428718N11943688WA010520111922
B2120223428711N11943682WA010500111737
B2120233428704N11943677WA010490111532
B2120243428697N11943671WA010490111445
B2120253428690N11943665WA010480111289
B2120263428684N11943660WA010470111130
B2120273428677N11943654WA010460110992
B2120283428671N11943648WA010440110744
B2120293428665N11943642WA010430110606
B2120303428658N11943636WA010400110445
B2120313428651N11943630WA010380110451
B2120323428644N11943623WA010360110247
B2120333428637N11943617WA010340110144
B2120343428630N11943611WA010320110033
B2120353428623N11943605WA010300109828
B2120363428616N11943600WA010280109626
B2120373428608N11943595WA010260109495
B2120383428601N11943590WA010250109262
B2120393428594N11943584WA010230109139
B2120403428587N11943579WA010210108925
B2120413428580N11943574WA010190108820
B2120423428573N11943568WA010180108742
B2120433428566N11943562WA010170108587
B2120443428560N11943557WA010160108332
B2120453428554N11943551WA010140108104
B2120463428548N11943545WA010120107924
B2120473428542N11943539WA010100107761
B2120483428536N11943532WA010070107696
B2120493428531N11943525WA010050107409
B2120503428524N11943519WA010030107472
B2120513428518N11943512WA010020107347
B2120523428512N11943506WA010020107117
B2120533428506N11943500WA010020106918
B2120543428500N11943494WA010010106658
B2120553428495N11943488WA010000106417
B2120563428489N11943482WA009990106253
B2120573428483N11943475WA009970106174
B2120583428477N11943468WA009950106021
B2120593428470N11943460WA009930105925
B2121003428463N11943453WA009910105802
B2121013428456N11943446WA009890105607
B2121023428449N11943440WA009880105544
B2121033428443N11943434WA009870105224
B2121043428437N11943428WA009860105024
B2121053428431N11943422WA009840104814
B2121063428424N11943416WA009820104672
B2121073428418N11943409WA009800104507
B2121083428410N11943402WA009780104499
B2121093428404N11943396WA009760104312
B2121103428397N11943389WA009740104145
B2121113428391N11943383WA009730103910
B2121123428384N11943377WA009710103770
B2121133428378N11943371WA009700103530
B2121143428372N11943364WA009680103409
B2121153428365N11943358WA009660103288
B2121163428359N11943352WA009640103066
B2121173428353N11943346WA009620102833
B2121183428346N11943340WA009600102790
B2121193428340N11943333WA009570102676
B2121203428334N11943327WA009550102540
B2121213428327N11943320WA009530102396
B2121223428321N11943314WA009520102165
B2121233428315N11943308WA009490102027
B2121243428308N11943303WA009480101881
B2121253428302N11943297WA009460101653
B2121263428296N11943291WA009450101445
B2121273428290N11943285WA009440101317
B2121283428283N11943280WA009440101180
B2121293428277N11943274WA009430100975
B2121303428271N11943269WA009410100780
B2121313428265N11943263WA009400100694
B2121323428259N11943257WA009390100498
B2121333428253N11943252WA009370100362
B2121343428247N11943246WA009350100125
B2121353428240N11943241WA009340100080
B2121363428234N11943235WA009320099925
B2121373428227N11943230WA009300099760
B2121383428220N11943224WA009290099594
B2121393428214N11943218WA009280099419
B2121403428207N11943213WA009260099224
B2121413428200N11943208WA009250099111
B2121423428192N11943202WA009240098997
B2121433428185N11943197WA009220098863
B2121443428178N11943191WA009210098666
B2121453428171N11943186WA009190098460
B2121463428164N11943180WA009180098388
B2121473428158N11943175WA009170098205
B2121483428150N11943170WA009150098091
B2121493428144N11943164WA009130097915
B2121503428137N11943158WA009120097726
B2121513428130N11943152WA009100097536
B2121523428123N11943146WA009080097336
B2121533428116N11943140WA009060097268
B2121543428109N11943135WA009040097080
B2121553428103N11943128WA009020096809
B2121563428096N11943122WA009000096747
B2121573428089N11943116WA008980096593
B2121583428083N11943109WA008960096428
B2121593428076N11943103WA008940096266
B2122003428070N11943097WA008930096104
B2122013428063N11943091WA008910095954
B2122023428056N11943085WA008900095685
B2122033428049N11943079WA008880095496
B2122043428042N11943073WA008870095375
B2122053428035N11943067WA008860095162
B2122063428028N11943060WA008860095059
B2122073428021N11943054WA008850094877
B2122083428015N11943048WA008850094704
B2122093428008N11943042WA008850094630
B2122103428001N11943035WA008850094586
B2122113427995N11943029WA008840094445
B2122123427989N11943023WA008830094317
B2122133427982N11943017WA008820094177
B2122143427976N11943011WA008800093957
B2122153427970N11943005WA008780093825
B2122163427963N11942999WA008770093763
B2122173427957N11942993WA008750093502
B2122183427950N11942987WA008730093410
B2122193427943N11942980WA008710093248
B2122203427936N11942974WA008690093166
B2122213427930N11942968WA008670093006
B2122223427923N11942962WA008660092847
B2122233427916N11942956WA008640092799
B2122243427910N11942950WA008620092548
B2122253427903N11942944WA008600092496
B2122263427897N11942938WA008580092342
B2122273427890N11942931WA008570092298
B2122283427884N11942925WA008560092041
B2122293427878N11942918WA008550091903
B2122303427871N11942911WA008550091851
B2122313427864N11942904WA008540091780
B2122323427858N11942897WA008530091520
B2122333427851N11942890WA008520091483
B2122343427845N11942884WA008510091341
B2122353427839N11942878WA008500091132
B2122363427833N11942872WA008480090912
B2122373427826N11942866WA008460090790
B2122383427820N11942859WA008440090625
B2122393427813N11942853WA008410090540
B2122403427806N11942846WA008390090555
B2122413427799N11942840WA008370090362
B2122423427792N11942834WA008360090292
B2122433427786N11942828WA008350090063
B2122443427780N11942822WA008340089855
B2122453427774N11942816WA008320089646
B2122463427768N11942810WA008310089445
B2122473427762N11942804WA008290089233
B2122483427756N11942797WA008270089107
B2122493427749N11942791WA008250089061
B2122503427743N11942784WA008240088837
B2122513427737N11942778WA008220088613
B2122523427731N11942772WA008200088422
B2122533427725N11942765WA008190088329
B2122543427719N11942759WA008170088146
B2122553427713N11942753WA008150087951
B2122563427707N11942746WA008130087845
B2122573427701N11942739WA008110087639
B2122583427695N11942733WA008090087505
B2122593427689N11942727WA008070087302
B2123003427683N11942721WA008060087111
B2123013427677N11942715WA008040086941
B2123023427671N11942709WA008010086781
B2123033427666N11942702WA007990086527
B2123043427660N11942696WA007960086440
B2123053427654N11942689WA007940086321
B2123063427647N11942682WA007920086181
B2123073427641N11942675WA007910086062
B2123083427635N11942668WA007900085853
B2123093427629N11942661WA007890085659
B2123103427623N11942655WA007880085466
B2123113427617N11942649WA007860085183
B2123123427612N11942642WA007850084908
B2123133427606N11942636WA007830084612
B2123143427599N11942629WA007800084594
B2123153427593N11942622WA007780084356
B2123163427587N11942616WA007760084100
B2123173427580N11942609WA007740084047
B2123183427573N11942603WA007720083885
B2123193427567N11942597WA007700083635
B2123203427560N11942591WA007680083483
B2123213427554N11942585WA007670083240
B2123223427547N11942578WA007650083096
B2123233427541N11942572WA007640082961
B2123243427535N11942565WA007630082755
B2123253427529N11942559WA007620082554
B2123263427523N11942553WA007600082422
B2123273427516N11942546WA007590082289
B2123283427510N11942540WA007580082077
B2123293427504N11942534WA007560081924
B2123303427497N11942528WA007550081832
B2123313427490N11942522WA007530081611
B2123323427483N11942516WA007520081521
B2123333427476N11942510WA007510081361
B2123343427470N11942504WA007500081222
B2123353427463N11942498WA007490081092
B2123363427457N11942492WA007480080962
B2123373427451N11942486WA007480080700
B2123383427444N11942479WA007460080649
B2123393427437N11942473WA007450080579
B2123403427431N11942468WA007430080442
B2123413427425N11942462WA007420080236
B2123423427419N11942456WA007410080139
B2123433427413N11942451WA007380079923
B2123443427406N11942445WA007360079885
B2123453427400N11942439WA007340079738
B2123463427393N11942433WA007310079658
B2123473427386N11942427WA007290079578
B2123483427380N11942421WA007280079318
B2123493427373N11942415WA007270079267
B2123503427367N11942409WA007260079058
B2123513427361N11942404WA007250078840
B2123523427355N11942398WA007230078530
B2123533427349N11942391WA007210078428
B2123543427343N11942385WA007190078216
B2123553427336N11942379WA007180078174
B2123563427330N11942373WA007160077922
B2123573427323N11942367WA007140077790
B2123583427317N11942360WA007130077588
B2123593427311N11942354WA007110077358
B2124003427305N11942348WA007090077226
B2124013427298N11942342WA007080077083
B2124023427292N11942336WA007060076840
B2124033427286N11942329WA007040076707
B2124043427279N11942323WA007030076554
B2124053427273N11942317WA007020076404
B2124063427266N11942311WA007010076265
B2124073427260N11942305WA007000076029
B2124083427253N11942300WA006990075995
B2124093427247N11942294WA006970075749
B2124103427240N11942289WA006960075590
B2124113427234N11942283WA006940075440
B2124123427227N11942277WA006920075290
B2124133427221N11942271WA006910075142
B2124143427214N11942265WA006890074973
B2124153427208N11942259WA006880074823
B2124163427202N11942253WA006870074704
B2124173427195N11942247WA006870074695
B2124183427189N11942242WA006870074590
B2124193427184N11942237WA006870074441
B2124203427179N11942232WA006860074347
B2124213427174N11942228WA006860074245
B2124223427169N11942224WA006850074145
B2124233427164N11942220WA006850074078
B2124243427160N11942217WA006840073822
B2124253427155N11942213WA006830073726
B2124263427149N11942209WA006810073688
B2124273427144N11942205WA006800073518
B2124283427138N11942201WA006790073478
B2124293427133N11942197WA006780073359
B2124303427128N11942194WA006780073235
B2124313427123N11942191WA006770073123
B2124323427118N11942187WA006760073009
B2124333427112N11942184WA006750072951
B2124343427107N11942180WA006750072802
B2124353427101N11942176WA006740072888
B2124363427096N11942173WA006740072648
B2124373427091N11942171WA006740072530
B2124383427086N11942167WA006730072337
B2124393427081N11942164WA006720072243
B2124403427076N11942160WA006700072138
B2124413427070N11942157WA006690072073
B2124423427064N11942154WA006680072090
B2124433427059N11942150WA006670071956
B2124443427054N11942147WA006650071851
B2124453427049N11942143WA006640071661
B2124463427044N11942139WA006630071555
B2124473427039N11942135WA006620071429
B2124483427033N11942132WA006610071475
B2124493427028N11942129WA006600071360
B2124503427024N11942125WA006580071211
B2124513427019N11942120WA006570071169
B2124523427015N11942116WA006550071006
B2124533427009N11942112WA006540070985
B2124543427004N11942108WA006530070855
B2124553426999N11942104WA006530070837
B2124563426994N11942100WA006530070726
B2124573426989N11942096WA006520070637
B2124583426984N11942093WA006520070543
B2124593426979N11942090WA006500070343
B2125003426974N11942086WA006490070339
B2125013426969N11942082WA006480070227
B2125023426964N11942078WA006460070224
B2125033426959N11942074WA006450070113
B2125043426954N11942070WA006440070008
B2125053426949N11942067WA006430069907
B2125063426944N11942064WA006420069845
B2125073426939N11942060WA006410069688
B2125083426935N11942056WA006400069518
B2125093426930N11942052WA006390069408
B2125103426924N11942048WA006370069389
B2125113426919N11942045WA006360069272
B2125123426914N11942041WA006350069095
B2125133426910N11942037WA006330068927
B2125143426905N11942033WA006320068768
B2125153426900N11942029WA006310068646
B2125163426895N11942025WA006290068523
B2125173426890N11942021WA006280068520
B2125183426885N11942016WA006270068437
B2125193426880N11942012WA006260068257
B2125203426875N11942008WA006250068168
B2125213426870N11942005WA006240068060
B2125223426865N11942001WA006230067982
B2125233426861N11941997WA006220067801
B2125243426856N11941992WA006210067739
B2125253426851N11941988WA006200067669
B2125263426846N11941985WA006190067482
B2125273426842N11941981WA006180067314
B2125283426837N11941977WA006160067124
B2125293426832N11941973WA006150067034
B2125303426827N11941969WA006140066914
B2125313426821N11941965WA006130066985
B2125323426816N11941961WA006120066879
B2125333426811N11941958WA006120066785
B2125343426807N11941954WA006120066518
B2125353426802N11941951WA006110066452
B2125363426797N11941947WA006100066253
B2125373426792N11941943WA006080066237
B2125383426786N11941940WA006070066191
B2125393426781N11941936WA006060066055
B2125403426776N11941933WA006050065962
B2125413426771N11941929WA006040065888
B2125423426767N11941926WA006030065713
B2125433426762N11941922WA006020065628
B2125443426757N11941919WA006010065632
B2125453426752N11941915WA006010065544
B2125463426747N11941911WA006000065478
B2125473426743N11941908WA006000065411
B2125483426738N11941904WA005990065353
B2125493426733N11941900WA005980065294
B2125503426728N11941896WA005970065196
B2125513426723N11941892WA005960065097
B2125523426718N11941888WA005960064989
B2125533426714N11941885WA005950064900
B2125543426709N11941881WA005940064820
B2125553426704N11941877WA005930064742
B2125563426699N11941873WA005930064663
B2125573426694N11941869WA005920064674
B2125583426689N11941865WA005910064563
B2125593426684N11941861WA005910064374
B2126003426679N11941857WA005900064356
B2126013426674N11941854WA005890064234
B2126023426669N11941851WA005880064125
B2126033426664N11941848WA005870064003
B2126043426658N11941844WA005860064087
B2126053426653N11941840WA005850063958
B2126063426648N11941837WA005840063826
B2126073426643N11941834WA005830063807
B2126083426637N11941831WA005820063776
B2126093426632N11941828WA005820063655
B2126103426627N11941824WA005810063569
B2126113426622N11941821WA005810063582
B2126123426618N11941817WA005800063325
B2126133426613N11941813WA005790063248
B2126143426608N11941809WA005780063148
B2126153426603N11941805WA005770063136
B2126163426598N11941801WA005760063022
B2126173426593N11941796WA005750063027
B2126183426588N11941792WA005740062943
B2126193426583N11941787WA005730062889
B2126203426579N11941783WA005730062726
B2126213426574N11941779WA005720062652
B2126223426569N11941774WA005710062556
B2126233426564N11941770WA005700062450
B2126243426559N11941765WA005690062465
B2126253426554N11941761WA005690062370
B2126263426549N11941756WA005680062296
B2126273426545N11941752WA005670062122
B2126283426540N11941747WA005660062056
B2126293426535N11941742WA005650061958
B2126303426530N11941737WA005640061859
B2126313426525N11941733WA005630061760
B2126323426521N11941728WA005620061700
B2126333426516N11941723WA005610061672
B2126343426512N11941718WA005600061524
B2126353426507N11941713WA005590061487
B2126363426503N11941709WA005580061320
B2126373426498N11941704WA005570061251
B2126383426493N11941699WA005560061170
B2126393426488N11941694WA005550061091
B2126403426484N11941689WA005540061012
B2126413426479N11941684WA005530060923
B2126423426474N11941679WA005530060863
B2126433426469N11941674WA005520060691
B2126443426465N11941668WA005510060529
B2126453426460N11941663WA005500060439
B2126463426455N11941659WA005490060341
B2126473426450N11941654WA005480060344
B2126483426445N11941649WA005470060167
B2126493426440N11941645WA005460060092
B2126503426436N11941640WA005450060018
B2126513426431N11941636WA005440059925
B2126523426426N11941632WA005430059842
B2126533426421N11941628WA005420059760
B2126543426416N11941623WA005410059664
B2126553426411N11941618WA005400059588
B2126563426407N11941614WA005390059400
B2126573426402N11941609WA005380059333
B2126583426397N11941604WA005380059376
B2126593426393N11941600WA005370059101
B2127003426388N11941595WA005360059026
B2127013426383N11941590WA005340058959
B2127023426378N11941586WA005330058873
B2127033426373N11941581WA005320058889
B2127043426368N11941577WA005310058796
B2127053426363N11941573WA005300058694
B2127063426358N11941569WA005300058590
B2127073426354N11941564WA005290058404
B2127083426349N11941560WA005280058330
B2127093426344N11941555WA005280058364
B2127103426340N11941551WA005270058210
B2127113426335N11941546WA005260058177
B2127123426331N11941542WA005260058113
B2127133426326N11941537WA005250058049
B2127143426321N11941533WA005250057886
B2127153426317N11941529WA005240057715
B2127163426312N11941525WA005230057653
B2127173426307N11941520WA005220057599
B2127183426303N11941516WA005210057563
B2127193426299N11941511WA005200057445
B2127203426295N11941506WA005190057328
B2127213426290N11941502WA005180057285
B2127223426286N11941498WA005170057133
B2127233426281N11941494WA005160057070
B2127243426277N11941489WA005150056933
B2127253426272N11941484WA005150056966
B2127263426268N11941480WA005150056812
B2127273426263N11941476WA005150056776
B2127283426259N11941472WA005140056637
B2127293426254N11941468WA005140056595
B2127303426250N11941464WA005130056440
B2127313426246N11941459WA005130056407
B2127323426241N11941455WA005130056393
B2127333426238N11941450WA005120056207
B2127343426234N11941445WA005110056129
B2127353426230N11941440WA005110056016
B2127363426225N11941435WA005100056082
B2127373426221N11941429WA005090056029
B2127383426216N11941425WA005080056097
B2127393426213N11941422WA005080055915
B2127403426209N11941419WA005070055710
B2127413426205N11941414WA005060055609
B2127423426200N11941410WA005050055671
B2127433426196N11941404WA005040055629
B2127443426191N11941399WA005030055687
B2127453426187N11941394WA005030055568
B2127463426183N11941390WA005030055475
B2127473426179N11941386WA005030055385
B2127483426175N11941382WA005020055262
B2127493426171N11941377WA005010055144
B2127503426166N11941372WA005000055093
B2127513426162N11941367WA005000055043
B2127523426158N11941362WA004990055005
B2127533426153N11941358WA004980054980
B2127543426149N11941353WA004980054886
B2127553426145N11941349WA004970054872
B2127563426141N11941344WA004970054757
B2127573426137N11941340WA004960054610
B2127583426132N11941335WA004950054680
B2127593426128N11941329WA004940054669
B2128003426124N11941324WA004940054568
B2128013426120N11941319WA004940054498
B2128023426117N11941315WA004940054440
B2128033426113N11941310WA004930054371
B2128043426109N11941304WA004930054378
B2128053426105N11941299WA004920054253
B2128063426101N11941294WA004910054221
B2128073426097N11941289WA004910054102
B2128083426093N11941284WA004900054105
B2128093426089N11941280WA004890054030
B2128103426085N11941275WA004880053935
B2128113426081N11941270WA004860053808
B2128123426076N11941266WA004850053751
B2128133426072N11941261WA004840053706
B2128143426067N11941257WA004840053775
B2128153426063N11941253WA004840053689
B2128163426060N11941250WA004840053513
B2128173426056N11941246WA004830053413
B2128183426051N11941242WA004820053492
B2128193426047N11941237WA004810053348
B2128203426043N11941233WA004800053306
B2128213426038N11941229WA004790053285
B2128223426034N11941225WA004780053173
B2128233426030N11941221WA004770053071
B2128243426026N11941216WA004760052959
B2128253426022N11941212WA004750052926
B2128263426018N11941208WA004740052803
B2128273426013N11941203WA004730052787
B2128283426009N11941198WA004720052789
B2128293426005N11941194WA004720052694
B2128303426002N11941190WA004720052600
B2128313425998N11941186WA004710052420
B2128323425994N11941181WA004710052459
B2128333425990N11941177WA004700052395
B2128343425987N11941172WA004690052219
B2128353425983N11941168WA004690052127
B2128363425979N11941164WA004680052006
B2128373425975N11941160WA004670051916
B2128383425971N11941156WA004660051823
B2128393425967N11941151WA004650051746
B2128403425963N11941146WA004640051647
B2128413425959N11941141WA004630051638
B2128423425955N11941137WA004620051542
B2128433425951N11941132WA004610051479
B2128443425948N11941128WA004610051336
B2128453425944N11941124WA004600051294
B2128463425941N11941120WA004590051122
B2128473425937N11941115WA004580051008
B2128483425932N11941111WA004570051071
B2128493425928N11941106WA004560050954
B2128503425924N11941102WA004560050860
B2128513425921N11941097WA004550050606
B2128523425917N11941093WA004540050632
B2128533425913N11941088WA004540050658
B2128543425910N11941084WA004540050502
B2128553425906N11941079WA004530050563
B2128563425903N11941074WA004530050426
B2128573425899N11941070WA004520050391
B2128583425896N11941065WA004520050227
B2128593425892N11941061WA004510050245
B2129003425888N11941057WA004500050150
B2129013425884N11941052WA004500050151
B2129023425880N11941047WA004490050154
B2129033425876N11941043WA004480050064
B2129043425872N11941039WA004470049989
B2129053425868N11941036WA004460049896
B2129063425864N11941033WA004450049785
B2129073425860N11941030WA004440049742
B2129083425856N11941026WA004420049707
B2129093425851N11941023WA004410049661
B2129103425847N11941019WA004400049522
B2129113425843N11941016WA004390049410
B2129123425839N11941013WA004390049231
B2129133425835N11941009WA004380049178
B2129143425831N11941005WA004380049087
B2129153425827N11941001WA004370048996
B2129163425823N11940997WA004360048897
B2129173425819N11940994WA004350048790
B2129183425815N11940990WA004340048686
B2129193425811N11940987WA004330048581
B2129203425807N11940983WA004320048466
B2129213425803N11940979WA004310048427
B2129223425799N11940975WA004290048317
B2129233425794N11940971WA004280048297
B2129243425790N11940967WA004270048187
B2129253425786N11940963WA004260048067
B2129263425782N11940960WA004250048050
B2129273425778N11940956WA004240047856
B2129283425774N11940953WA004230047744
B2129293425770N11940950WA004220047630
B2129303425766N11940946WA004210047427
B2129313425761N11940943WA004190047394
B2129323425757N11940940WA004180047272
B2129333425753N11940936WA004170047147
B2129343425749N11940932WA004150047019
B2129353425744N11940929WA004140046980
B2129363425740N11940925WA004130046853
B2129373425736N11940921WA004120046627
B2129383425732N11940918WA004100046501
B2129393425727N11940914WA004090046484
B2129403425723N11940910WA004080046338
B2129413425718N11940907WA004060046280
B2129423425714N11940903WA004050046141
B2129433425710N11940899WA004040045921
B2129443425705N11940895WA004030045891
B2129453425701N11940891WA004020045753
B2129463425696N11940887WA004010045584
B2129473425692N11940883WA004000045425
B2129483425687N11940879WA003990045477
B2129493425683N11940875WA003980045249
B2129503425679N11940871WA003970045117
B2129513425675N11940867WA003960045014
B2129523425671N11940863WA003950044920
B2129533425667N11940858WA003940044836
B2129543425663N11940853WA003920044737
B2129553425659N11940848WA003910044635
B2129563425655N11940842WA003900044549
B2129573425651N11940837WA003880044444
B2129583425647N11940832WA003870044276
B2129593425644N11940828WA003860044103
B2130003425640N11940823WA003850043905
B2130013425636N11940818WA003830043805
B2130023425631N11940813WA003820043791
B2130033425627N11940807WA003810043664
B2130043425623N11940801WA003810043629
B2130053425618N11940796WA003800043579
B2130063425614N11940792WA003800043446
B2130073425610N11940788WA003790043345
B2130083425606N11940784WA003790043173
B2130093425602N11940779WA003770043076
B2130103425598N11940774WA003760042878
B2130113425594N11940769WA003750042837
B2130123425589N11940764WA003730042768
B2130133425584N11940760WA003720042670
B2130143425580N11940755WA003720042516
B2130153425575N11940752WA003720042480
B2130163425571N11940748WA003710042372
B2130173425567N11940744WA003700042256
B2130183425563N11940741WA003690042011
B2130193425558N11940737WA003680041945
B2130203425553N11940733WA003670041846
B2130213425548N11940729WA003650041856
B2130223425543N11940725WA003640041686
B2130233425539N11940721WA003630041557
B2130243425535N11940718WA003620041430
B2130253425530N11940714WA003610041371
B2130263425526N11940710WA003600041103
B2130273425520N11940706WA003590041090
B2130283425515N11940701WA003590041096
B2130293425511N11940697WA003590040912
B2130303425506N11940693WA003590040862
B2130313425502N11940689WA003580040624
B2130323425497N11940686WA003580040671
B2130333425493N11940682WA003570040517
B2130343425488N11940679WA003560040450
B2130353425484N11940675WA003550040312
B2130363425479N11940671WA003550040245
B2130373425474N11940668WA003540040282
B2130383425470N11940665WA003530040140
B2130393425466N11940661WA003520040027
B2130403425462N11940658WA003510039830
B2130413425458N11940653WA003510039709
B2130423425453N11940649WA003500039756
B2130433425448N11940645WA003500039674
B2130443425444N11940641WA003500039621
B2130453425439N11940637WA003500039490
B2130463425435N11940633WA003490039470
B2130473425431N11940628WA003480039358
B2130483425427N11940624WA003470039231
B2130493425423N11940619WA003460039200
B2130503425418N11940613WA003460039169
B2130513425414N11940608WA003440039138
B2130523425409N11940604WA003430039094
B2130533425405N11940600WA003420038956
B2130543425400N11940597WA003410038776
B2130553425395N11940594WA003390038669
B2130563425390N11940592WA003380038530
B2130573425384N11940588WA003360038476
B2130583425379N11940585WA003350038412
B2130593425373N11940582WA003330038250
B2131003425368N11940578WA003330038107
B2131013425362N11940575WA003330038086
B2131023425358N11940572WA003320037900
B2131033425353N11940568WA003320037857
B2131043425348N11940565WA003310037765
B2131053425343N11940562WA003300037651
B2131063425338N11940558WA003300037612
B2131073425332N11940554WA003290037588
B2131083425328N11940552WA003280037403
B2131093425324N11940550WA003270037317
B2131103425319N11940548WA003260037268
B2131113425314N11940545WA003240037228
B2131123425308N11940542WA003240037342
B2131133425302N11940538WA003240037475
B2131143425297N11940536WA003250037362
B2131153425293N11940533WA003260037223
B2131163425288N11940529WA003250037097
B2131173425283N11940525WA003240036955
B2131183425277N11940521WA003230036851
B2131193425271N11940516WA003210036816
B2131203425265N11940512WA003200036844
B2131213425260N11940508WA003200036676
B2131223425256N11940505WA003200036562
B2131233425252N11940501WA003190036209
B2131243425246N11940498WA003180036252
B2131253425240N11940493WA003170036347
B2131263425234N11940488WA003160036307
B2131273425228N11940483WA003170036419
B2131283425223N11940479WA003180036417
B2131293425219N11940475WA003190036308
B2131303425214N11940472WA003190036184
B2131313425210N11940468WA003170036015
B2131323425204N11940463WA003160036045
B2131333425198N11940458WA003140036076
B2131343425193N11940453WA003130036016
B2131353425188N11940449WA003120035936
B2131363425184N11940445WA003110035809
B2131373425179N11940443WA003100035690
B2131383425175N11940439WA003080035403
B2131393425169N11940435WA003060035463
B2131403425164N11940431WA003040035403
B2131413425158N11940427WA003030035462
B2131423425153N11940423WA003040035364
B2131433425149N11940419WA003040035109
B2131443425144N11940416WA003030035083
B2131453425140N11940412WA003020034935
B2131463425135N11940408WA003000034847
B2131473425129N11940404WA002990034698
B2131483425124N11940401WA002970034620
B2131493425118N11940397WA002950034586
B2131503425114N11940394WA002940034404
B2131513425109N11940391WA002920034325
B2131523425104N11940388WA002920034125
B2131533425098N11940385WA002920034095
B2131543425093N11940382WA002910033976
B2131553425088N11940379WA002920033854
B2131563425083N11940376WA002920033862
B2131573425078N11940372WA002920033798
B2131583425074N11940369WA002920033651
B2131593425070N11940365WA002920033610
B2132003425065N11940361WA002920033550
B2132013425060N11940357WA002930033565
B2132023425055N11940354WA002930033547
B2132033425050N11940352WA002930033521
B2132043425045N11940349WA002930033414
B2132053425040N11940346WA002930033322
B2132063425035N11940342WA002920033336
B2132073425030N11940339WA002910033320
B2132083425025N11940335WA002900033207
B2132093425019N11940332WA002890033163
B2132103425014N11940328WA002880033117
B2132113425008N11940325WA002870032953
B2132123425003N11940322WA002860032812
B2132133424997N11940319WA002850032776
B2132143424992N11940317WA002840032634
B2132153424986N11940315WA002830032581
B2132163424981N11940312WA002810032437
B2132173424975N11940310WA002800032383
B2132183424970N11940307WA002790032258
B2132193424965N11940305WA002780032154
B2132203424960N11940303WA002770032051
B2132213424955N11940300WA002760031909
B2132223424948N11940298WA002750031899
B2132233424942N11940296WA002730031786
B2132243424937N11940294WA002730031702
B2132253424931N11940291WA002730031589
B2132263424926N11940289WA002720031486
B2132273424921N11940287WA002710031395
B2132283424916N11940285WA002700031290
B2132293424912N11940282WA002690031112
B2132303424907N11940278WA002670031198
B2132313424905N11940274WA002660030923
B2132323424902N11940267WA002630030671
B2132333424900N11940257WA002600030381
B2132343424899N11940246WA002570030530
B2132353424898N11940235WA002550030630
B2132363424897N11940225WA002510030517
B2132373424894N11940216WA002450030527
B2132393424891N11940200WA002390029843
B2132463424863N11940150WA002250030290
B2132473424860N11940159WA002250029252
B2132483424856N11940160WA002240027983
B2132493424858N11940157WA002210026764
B2132563424893N11940180WA002010027044
B2133273424879N11940314WA001240018103
B2133293424866N11940334WA001220017631
B2133303424862N11940344WA001190017187
B2133363424875N11940365WA001000016007
B2133383424876N11940354WA000960014393
B2133393424879N11940352WA000970014691
B2133403424882N11940340WA000970015147
B2133413424889N11940330WA000970015161
B2133423424892N11940324WA000970015499
B2133433424895N11940318WA000960015659
B2133443424898N11940311WA000950015926
B2133453424900N11940302WA000930015607
B2133463424898N11940294WA000910015545
B2133473424893N11940288WA000900015485
B2133483424889N11940284WA000880015502
B2133493424883N11940279WA000870015438
B2133503424879N11940277WA000850015542
B2133513424876N11940279WA000840015421
B2133523424874N11940283WA000830015045
B2133533424874N11940290WA000820014438
B2133543424877N11940295WA000820013801
B2133553424882N11940299WA000810013269
B2133563424891N11940300WA000790012605
B2133573424900N11940296WA000780012033
B2133583424904N11940288WA000760011824
B2133593424905N11940279WA000750011656
B2134003424903N11940271WA000740011486
B2134013424900N11940265WA000730011228
B2134023424895N11940262WA000720011134
B2134033424890N11940261WA000720011041
B2134043424886N11940262WA000710010901
B2134053424883N11940265WA000710010800
B2134063424881N11940269WA000700010880
B2134073424882N11940273WA000690010702
B2134083424884N11940277WA000680010501
B2134093424887N11940280WA000670010441
B2134103424892N11940281WA000660010218
B2134113424897N11940281WA000640010138
B2134123424902N11940279WA000630010078
B2134133424908N11940277WA000620009923
B2134143424912N11940271WA000600009861
B2134153424915N11940263WA000600009877
B2134163424917N11940255WA000590009739
B2134173424917N11940248WA000590009761
B2134183424917N11940240WA000590009739
B2134193424917N11940234WA000590009712
B2134203424916N11940227WA000580009688
B2134213424916N11940220WA000580009458
B2134223424916N11940213WA000570009203
B2134233424915N11940205WA000560009127
B2134243424914N11940198WA000540009145
B2134253424913N11940191WA000530009076
B2134263424913N11940184WA000520008905
B2134273424912N11940176WA000500008652
B2134283424911N11940167WA000480008695
B2134293424911N11940158WA000460008689
B2134303424912N11940150WA000450008609
B2134313424912N11940143WA000450008536
B2134323424912N11940136WA000440008454
B2134333424912N11940128WA000430008295
B2134343424913N11940120WA000420008052
B2134353424914N11940111WA000410007978
B2134363424916N11940103WA000400007895
B2134373424920N11940096WA000390007731
B2134383424925N11940090WA000380007625
B2134393424931N11940087WA000360007430
B2134403424937N11940085WA000350007364
B2134413424943N11940085WA000330007223
B2134423424948N11940086WA000320007108
B2134433424952N11940088WA000310007074
B2134443424955N11940091WA000290006963
B2134453424957N11940096WA000270006798
B2134463424960N11940102WA000250006741
B2134473424962N11940107WA000240006685
B2134483424965N11940112WA000240006635
B2134493424967N11940117WA000230006583
B2134503424970N11940122WA000220006332
B2134513424973N11940127WA000210006105
B2134523424975N11940133WA000190005991
B2134533424978N11940138WA000180005988
B2134543424981N11940144WA000170005962
B2134553424984N11940149WA000170005910
B2134563424986N11940153WA000170005856
B2134573424989N11940158WA000170005611
B2134583424991N11940163WA000160005482
B2134593424994N11940168WA000150005355
B2135003424997N11940174WA000140005241
B2135013425000N11940179WA000130005222
B2135023425003N11940184WA000120005110
B2135033425006N11940188WA000110005006
B2135043425008N11940193WA000100004991
B2135053425012N11940197WA000090004904
B2135063425014N11940200WA000090005087
B2135073425017N11940203WA000090005005
B2135083425018N11940205WA000090004989
B2135093425020N11940208WA000080004727
B2135103425021N11940212WA000070004555
B2135113425022N11940216WA000060004429
B2135123425022N11940220WA000060004418
B2135133425020N11940223WA000050004498
B2135143425018N11940225WA000040004248
B2135153425015N11940227WA000030004121
B2135163425011N11940228WA000020004173
B2135173425008N11940229WA000020004037
B2135183425004N11940231WA000010004093
B2135193425001N11940232WA000010004068
B2135203424998N11940233WA000010004065
B2135213424995N11940233WA000010004089
B2135223424993N11940234WA000010003810
B2135233424990N11940234WA000000003821
B2135243424987N11940235WA-00010003514
B2135253424983N11940236WA-00030003488
B2135263424982N11940241WA-00050003116
B2135273424980N11940246WA-00080003276
B2135283424980N11940252WA-00090003293
B2135293424981N11940257WA-00100003140
B2135303424981N11940260WA-00100003186
B2135313424982N11940264WA-00100002916
B2135323424982N11940268WA-00100002818
B2135333424982N11940272WA-00110002819
B2135343424982N11940276WA-00120002840
B2135353424982N11940278WA-00120002769
B2135363424983N11940281WA-00130002607
B2135373424983N11940284WA-00130002535
B2135383424983N11940287WA-00140002568
B2135393424983N11940290WA-00150002568
B2135403424983N11940293WA-00160002555
B2135413424983N11940295WA-00170002428
B2135423424983N11940298WA-00170002403
B2135433424982N11940300WA-00180002349
B2135443424981N11940303WA-00190002256
B2135453424980N11940306WA-00210002117
B2135463424978N11940310WA-00220002163
B2135473424978N11940312WA-00220002209
B2135483424978N11940315WA-00220002100
B2135493424978N11940316WA-00230002087
B2135503424979N11940319WA-00240001854
B2135513424980N11940324WA-00270001944
B2135523424980N11940330WA-00290001881
B2135533424980N11940335WA-00300001782
B2135543424980N11940339WA-00310001456
B2135553424980N11940342WA-00310001324
B2135563424980N11940344WA-00310001226
B2135573424980N11940348WA-00320001142
B2135583424980N11940352WA-00340001057
B2135593424980N11940357WA-00360000856
B2136003424980N11940362WA-00380000773
B2136013424980N11940366WA-00390000780
B2136023424981N11940368WA-00390000518
B2136033424981N11940370WA-00380000536
B2136043424981N11940371WA-00390000558
B2136053424981N11940372WA-00390000475
B2136063424981N11940373WA-00390000363
B2136073424981N11940373WA-00390000398
B2136083424981N11940374WA-00380000297
B2136093424981N11940375WA-00390000198
B2136103424981N11940376WA-00380000189
B2136113424982N11940377WA-00380000016
B2136123424982N11940378WA-00380000060
B2136133424982N11940377WA-00380000069
B2136143424982N11940377WA-00370000063
B2136153424982N11940377WA-00370000093
B2136163424983N11940377WA-00370000015
B2136173424983N11940377WA-00370000015
B2136183424983N11940377WA-00370000002
B2136193424982N11940377WA-00370000081
B2136203424982N11940377WA-00370000081
B2136213424982N11940377WA-00370000081
B2136223424982N11940377WA-00370000081
B2136233424982N11940377WA-00370000081
B2136243424982N11940377WA-00370000081
LXCTFAICIVLCOMPLIANT true
G78BE7CBB4E885F3CCA46BDCAD128C2B5AF430D6D7D4AD907905692C9EEED8B15
GEBCAD86B81164EBE22046BD9C98BE24FA01DB9EC1E4810693DDD46635ABE3D22
G4C416CE7297E899D93912BD13A5325E16AEF768189550D63303E4C0B6A6B5E79
G8FFC935A3BAD105AE5D131331BFE5644E56F08D16F20BC1F21776A2A1E45F508
