AXNA170204
HFDTEDATE:180424,01
HFPLTPILOTINCHARGE:Josh Cohn
HFCM2CREW2:NIL
HFGTYGLIDERTYPE:Niviuk Klimber 3 P
HFGIDGLIDERID:NKN
HFDTMGPSDATUM:WGS84
HFRFWFIRMWAREVERSION:3.0.2+2188
HFRHWHARDWAREVERSION:1.0
HFFTYFRTYPE:Naviter,Oudie N
HFGPSRECEIVER:UBLOX,MAX-M8Q,72,50000
HFPRSPRESSALTSENSOR:BOSCH,BMP390L,9150
HFALGALTGPS:GEO
HFALPALTPRESSURE:ISA
HFCIDCOMPETITIONID:NKN
HFCCLCOMPETITIONCLASS:NKN
HFTZNTIMEZONE:-7.0
I023638FXA3940SIU
J020810WDI1113WSP
LXNA::VEHICLE:1
LXNA::LOGSTART,GSP,VARIO
LXNA::PHASE:onGround
E220208ATS101407
B2202083740336N12229600WA000590008300612
LXNA::AVGSATSNR:33
F2202081820252829310512112648
B2202093740336N12229601WA000590008300612
B2202103740336N12229600WA000590008300612
B2202113740336N12229600WA000590008100512
B2202123740335N12229600WA000590008100612
B2202133740336N12229600WA000600008400612
B2202143740336N12229600WA000600008300612
B2202153740336N12229600WA000600008200612
B2202163740336N12229600WA000590008200612
B2202173740335N12229599WA000590008100712
B2202183740335N12229599WA000590008100712
B2202193740335N12229599WA000590008000712
B2202203740335N12229599WA000590008100712
B2202213740335N12229599WA000590008100612
B2202223740335N12229599WA000600008100712
B2202233740335N12229600WA000590008100712
B2202243740335N12229600WA000590008100712
B2202253740335N12229599WA000590008000712
B2202263740335N12229598WA000590008000612
B2202273740334N12229597WA000590007900612
LXNA::PHASE:takingOff
B2202283740334N12229595WA000590007900712
LXNA::PHASE:onGround
B2202293740333N12229595WA000600008000612
B2202303740333N12229595WA000590008000612
B2202313740333N12229595WA000590008000612
B2202323740332N12229597WA000600008100612
B2202333740332N12229598WA000600008100612
E220234ATS101422
B2202343740332N12229599WA000580008100612
B2202353740331N12229601WA000600008100712
B2202363740330N12229603WA000590008200712
LXNA::PHASE:takingOff
B2202373740330N12229605WA000600008300612
LXNA::PHASE:onGround
B2202383740329N12229606WA000590008500612
B2202393740329N12229607WA000630008700612
LXNA::PHASE:takingOff
B2202403740328N12229608WA000640008800612
B2202413740328N12229609WA000630008900612
LXNA::PHASE:onGround
B2202423740327N12229610WA000620008900612
B2202433740327N12229612WA000630008900712
LXNA::PHASE:takingOff
B2202443740326N12229614WA000640009000712
B2202453740326N12229616WA000630009100612
LXNA::PHASE:onGround
B2202463740326N12229617WA000660009200612
B2202473740325N12229618WA000650009200612
B2202483740324N12229619WA000630009200612
B2202493740323N12229621WA000630009400612
B2202503740323N12229623WA000650009700612
B2202513740323N12229624WA000670009800612
LXNA::PHASE:takingOff
B2202523740323N12229625WA000670009800612
LXNA::PHASE:onGround
B2202533740322N12229626WA000660009800612
B2202543740321N12229626WA000680009700612
LXNA::PHASE:takingOff
B2202553740319N12229624WA000670009500612
B2202563740316N12229622WA000680009300612
B2202573740313N12229620WA000680009400612
B2202583740311N12229618WA000700009400612
B2202593740308N12229616WA000700009400612
B2203003740306N12229614WA000700009400612
B2203013740303N12229612WA000700009500612
B2203023740301N12229610WA000710009500612
B2203033740298N12229608WA000720009600612
B2203043740295N12229604WA000720009700612
LXNA::PHASE:soaring
B2203053740293N12229600WA000730009800612
B2203063740291N12229595WA000750009900612
B2203073740288N12229591WA000760010100612
B2203083740287N12229588WA000770010200612
B2203093740285N12229584WA000770010300612
B2203103740282N12229580WA000790010400612
B2203113740280N12229577WA000810010600612
B2203123740277N12229576WA000830010900612
B2203133740276N12229576WA000850011000612
B2203143740275N12229576WA000850011000612
B2203153740275N12229577WA000840010800612
B2203163740273N12229578WA000840010600612
B2203173740271N12229577WA000850010300612
B2203183740269N12229575WA000870010200612
B2203193740266N12229573WA000900010400612
B2203203740264N12229571WA000920010600612
B2203213740262N12229569WA000930010600612
B2203223740260N12229567WA000930010600612
B2203233740258N12229564WA000930010400612
B2203243740256N12229563WA000920010400612
B2203253740253N12229563WA000910010300612
B2203263740251N12229564WA000910010400612
B2203273740248N12229565WA000920010500612
B2203283740246N12229566WA000930010500612
B2203293740244N12229566WA000930010500612
B2203303740242N12229565WA000940010600612
B2203313740240N12229565WA000940010600612
B2203323740239N12229565WA000940010600612
B2203333740238N12229566WA000940010600612
B2203343740237N12229569WA000930010700612
B2203353740238N12229574WA000920010700612
B2203363740241N12229578WA000930010800612
B2203373740244N12229581WA000950011200612
B2203383740248N12229583WA000960011300612
LXNA::AVGSATSNR:34
B2203393740252N12229585WA000960011300612
B2203403740256N12229587WA000960011400612
B2203413740259N12229589WA000960011500612
LXNA::BAT:discharging,98%,4.102V,-840mA
B2203423740263N12229591WA000960011500612
B2203433740266N12229594WA000960011400612
B2203443740268N12229597WA000960011500612
B2203453740268N12229600WA000950011500512
B2203463740268N12229602WA000940011400612
B2203473740266N12229604WA000950011300612
B2203483740264N12229603WA000940011300612
B2203493740261N12229600WA000940011600612
B2203503740259N12229595WA000940011700612
B2203513740258N12229590WA000950011800612
B2203523740256N12229585WA000950011900612
B2203533740254N12229581WA000960011900612
B2203543740252N12229578WA000960011900612
B2203553740250N12229574WA000960011900612
B2203563740247N12229571WA000970011900612
B2203573740245N12229567WA000970011900612
B2203583740244N12229563WA000970011900612
B2203593740242N12229559WA000970011800612
B2204003740240N12229556WA000970011800612
B2204013740238N12229553WA000970011800512
B2204023740236N12229551WA000970011700612
B2204033740234N12229550WA000970011700612
B2204043740233N12229550WA000970011700612
B2204053740232N12229552WA000970011700612
B2204063740233N12229555WA000960011600612
B2204073740236N12229559WA000960011700612
B2204083740240N12229562WA000970011800612
B2204093740245N12229565WA000970011800612
B2204103740251N12229566WA000980012000612
B2204113740257N12229567WA000990012300612
B2204123740262N12229568WA001000012600612
B2204133740268N12229570WA001010012800612
B2204143740273N12229572WA001010012900612
B2204153740278N12229575WA001020013000612
B2204163740281N12229578WA001030013000612
B2204173740284N12229581WA001030013100612
B2204183740287N12229584WA001030013200612
B2204193740288N12229588WA001040013400612
B2204203740289N12229592WA001060013700612
B2204213740289N12229595WA001080013800512
B2204223740288N12229598WA001090013900512
B2204233740287N12229600WA001100013900612
B2204243740285N12229600WA001100013900612
B2204253740283N12229598WA001090013800612
B2204263740280N12229596WA001090013700612
B2204273740277N12229592WA001090013800612
B2204283740274N12229587WA001100013900612
B2204293740271N12229583WA001130014100612
B2204303740269N12229580WA001150014300612
B2204313740268N12229578WA001160014300612
B2204323740267N12229577WA001160014200612
B2204333740266N12229577WA001150014000612
B2204343740266N12229579WA001130013900612
K220434229999
B2204353740266N12229582WA001120013900612
B2204363740265N12229585WA001130014000612
B2204373740264N12229588WA001130014100612
B2204383740264N12229591WA001130014200612
B2204393740263N12229594WA001130014200612
LXNA::AVGSATSNR:32
B2204403740261N12229597WA001140014300612
B2204413740260N12229599WA001140014400612
B2204423740259N12229601WA001150014500512
B2204433740257N12229602WA001150014500612
B2204443740256N12229602WA001150014400612
B2204453740254N12229601WA001150014300612
B2204463740252N12229601WA001150014300612
B2204473740250N12229601WA001160014300612
B2204483740247N12229600WA001160014300612
B2204493740245N12229600WA001170014200612
B2204503740243N12229599WA001170014200612
B2204513740241N12229599WA001170014300612
B2204523740239N12229600WA001170014300612
B2204533740237N12229600WA001170014300612
B2204543740235N12229601WA001170014300612
B2204553740233N12229602WA001170014300612
B2204563740231N12229602WA001160014300612
B2204573740229N12229603WA001160014300612
B2204583740228N12229604WA001150014300612
B2204593740226N12229605WA001150014300612
B2205003740224N12229607WA001140014200612
B2205013740222N12229608WA001140014200612
B2205023740221N12229608WA001150014300612
B2205033740218N12229606WA001140014300612
B2205043740215N12229602WA001130014200612
B2205053740213N12229597WA001130014300612
B2205063740210N12229592WA001140014400612
B2205073740208N12229588WA001140014400712
B2205083740206N12229583WA001140014400712
B2205093740204N12229580WA001130014400612
F220509182025282931051211
B2205103740201N12229577WA001130014400612
B2205113740199N12229575WA001140014400612
B2205123740198N12229575WA001130014300612
B2205133740199N12229578WA001110014300612
B2205143740201N12229582WA001110014200612
B2205153740205N12229585WA001110014200612
B2205163740210N12229586WA001120014200612
B2205173740215N12229587WA001130014300612
B2205183740220N12229587WA001130014400612
B2205193740226N12229587WA001130014400612
B2205203740231N12229588WA001130014400612
B2205213740237N12229589WA001130014400612
B2205223740241N12229591WA001140014500612
B2205233740246N12229593WA001150014600612
B2205243740250N12229594WA001150014700612
B2205253740255N12229595WA001150014700612
B2205263740260N12229596WA001150014600612
B2205273740266N12229597WA001150014600612
B2205283740272N12229598WA001150014800612
B2205293740277N12229600WA001170015000612
B2205303740283N12229601WA001200015200612
B2205313740288N12229602WA001210015300612
B2205323740292N12229603WA001220015400612
B2205333740298N12229604WA001220015500612
B2205343740303N12229605WA001220015500612
B2205353740307N12229607WA001220015600512
B2205363740310N12229611WA001210015600612
B2205373740311N12229614WA001200015600512
B2205383740311N12229616WA001200015600512
B2205393740310N12229617WA001190015500512
B2205403740308N12229617WA001180015500612
LXNA::AVGSATSNR:34
B2205413740306N12229614WA001180015500612
B2205423740304N12229611WA001180015500612
B2205433740302N12229606WA001190015500612
B2205443740300N12229601WA001190015500612
B2205453740297N12229597WA001190015500612
B2205463740294N12229593WA001210015600612
B2205473740291N12229589WA001220015800612
B2205483740288N12229585WA001240016100612
B2205493740286N12229580WA001260016300612
B2205503740283N12229576WA001280016500612
B2205513740281N12229571WA001280016600612
B2205523740280N12229566WA001290016600612
B2205533740277N12229561WA001290016600612
B2205543740275N12229556WA001290016700612
B2205553740273N12229551WA001300016800612
B2205563740271N12229545WA001310016900612
B2205573740269N12229540WA001310016900612
B2205583740266N12229536WA001320016900612
B2205593740264N12229532WA001320017000612
B2206003740262N12229528WA001330017000612
B2206013740260N12229525WA001330017000612
B2206023740258N12229522WA001330017000612
B2206033740256N12229519WA001330017000612
B2206043740253N12229517WA001330017100612
B2206053740251N12229515WA001340017100712
B2206063740248N12229513WA001340017200612
B2206073740246N12229512WA001340017200712
B2206083740243N12229511WA001350017200712
B2206093740241N12229511WA001350017200612
B2206103740238N12229511WA001350017200612
B2206113740236N12229512WA001360017200712
B2206123740235N12229513WA001360017200612
B2206133740234N12229515WA001380017300612
B2206143740233N12229516WA001390017300612
B2206153740232N12229518WA001380017200612
B2206163740230N12229520WA001380017100612
B2206173740229N12229522WA001380017100612
B2206183740228N12229523WA001390017200612
B2206193740227N12229525WA001400017400712
B2206203740226N12229526WA001400017400612
B2206213740225N12229527WA001400017300512
B2206223740224N12229529WA001390017300512
B2206233740223N12229531WA001390017300512
B2206243740223N12229533WA001380017200612
B2206253740223N12229536WA001380017100612
B2206263740226N12229539WA001370017000612
B2206273740229N12229543WA001370017100612
B2206283740233N12229547WA001370017000512
B2206293740238N12229550WA001380017100612
B2206303740242N12229553WA001380017000512
B2206313740246N12229557WA001380017100612
B2206323740250N12229560WA001390017000512
B2206333740253N12229564WA001390017000612
B2206343740257N12229568WA001390016900512
B2206353740260N12229571WA001400017000612
B2206363740264N12229575WA001410017000612
B2206373740268N12229578WA001410017000512
B2206383740271N12229581WA001420017100612
B2206393740275N12229584WA001430017200712
B2206403740278N12229588WA001440017500612
B2206413740282N12229592WA001450017600712
LXNA::AVGSATSNR:36
B2206423740286N12229596WA001470017700612
LXNA::BAT:discharging,98%,4.102V,-804mA
B2206433740290N12229599WA001480017900712
B2206443740293N12229602WA001500018100712
B2206453740294N12229604WA001510018100612
B2206463740295N12229605WA001490018200612
B2206473740293N12229606WA001480018100612
B2206483740291N12229606WA001490018200512
B2206493740288N12229603WA001510018300612
B2206503740287N12229599WA001520018400612
B2206513740286N12229594WA001520018400712
B2206523740284N12229588WA001530018500612
B2206533740283N12229582WA001530018500612
B2206543740282N12229576WA001540018500612
B2206553740280N12229571WA001550018600612
B2206563740278N12229567WA001560018800612
B2206573740276N12229562WA001580018900612
B2206583740274N12229558WA001590019100612
B2206593740272N12229553WA001600019200612
B2207003740270N12229550WA001610019300612
B2207013740268N12229546WA001620019500612
B2207023740266N12229543WA001630019600612
B2207033740264N12229542WA001640019700612
B2207043740262N12229541WA001650019800612
B2207053740260N12229542WA001660019900612
B2207063740260N12229545WA001660019800612
B2207073740261N12229548WA001650019800612
B2207083740263N12229552WA001660019900612
B2207093740265N12229556WA001670020000612
B2207103740268N12229560WA001690020100612
B2207113740271N12229563WA001690020300612
B2207123740273N12229566WA001690020500612
B2207133740275N12229570WA001680020500612
B2207143740277N12229575WA001670020500612
B2207153740278N12229580WA001680020600612
K220715185999
B2207163740280N12229584WA001700020800512
B2207173740282N12229588WA001710020900612
B2207183740283N12229592WA001720020900512
B2207193740285N12229595WA001720020800512
B2207203740286N12229599WA001710020800612
B2207213740287N12229603WA001710020700612
B2207223740288N12229608WA001700020700612
B2207233740289N12229612WA001710020800612
B2207243740290N12229616WA001720020900612
B2207253740291N12229620WA001730021000612
B2207263740292N12229624WA001720021000612
B2207273740292N12229627WA001730021100612
B2207283740293N12229631WA001730021200612
B2207293740293N12229634WA001740021200612
B2207303740293N12229637WA001740021300612
B2207313740294N12229640WA001740021200612
B2207323740294N12229643WA001740021100612
B2207333740294N12229647WA001740021000712
B2207343740294N12229651WA001750021100612
B2207353740294N12229654WA001750021200612
B2207363740294N12229657WA001760021200612
B2207373740294N12229661WA001770021500612
B2207383740294N12229663WA001780021600612
B2207393740293N12229666WA001770021700612
B2207403740293N12229669WA001780021800712
B2207413740293N12229672WA001800021900612
B2207423740292N12229675WA001800022100512
LXNA::AVGSATSNR:35
B2207433740292N12229677WA001800022100512
B2207443740291N12229680WA001800022000512
B2207453740290N12229682WA001790021900612
B2207463740289N12229684WA001790022000512
B2207473740289N12229686WA001790022100512
B2207483740289N12229689WA001780022200612
B2207493740288N12229692WA001770022200612
B2207503740288N12229696WA001770022300712
B2207513740287N12229698WA001770022300712
B2207523740287N12229700WA001770022300712
B2207533740286N12229703WA001770022300812
B2207543740286N12229704WA001760022300612
B2207553740285N12229707WA001750022400612
B2207563740284N12229709WA001740022200612
B2207573740282N12229712WA001730022000612
B2207583740281N12229715WA001730022000612
B2207593740280N12229717WA001720021900612
B2208003740278N12229720WA001720021900612
B2208013740277N12229722WA001710021900612
B2208023740275N12229725WA001710021900712
B2208033740272N12229727WA001700021800612
B2208043740270N12229728WA001700021800612
B2208053740268N12229730WA001700021800712
B2208063740266N12229732WA001690021800612
B2208073740264N12229733WA001690021800612
B2208083740262N12229735WA001680021700712
B2208093740260N12229737WA001670021700612
B2208103740257N12229739WA001660021600612
F2208101820252829310512264648
B2208113740255N12229741WA001670021700712
B2208123740252N12229743WA001660021700612
B2208133740250N12229745WA001660021700612
B2208143740248N12229746WA001650021600712
B2208153740246N12229748WA001640021600612
B2208163740243N12229749WA001640021500612
B2208173740241N12229750WA001630021500712
B2208183740239N12229751WA001620021300612
B2208193740236N12229753WA001620021200612
B2208203740233N12229754WA001620021100612
B2208213740231N12229755WA001610021100612
B2208223740228N12229756WA001620021100612
B2208233740226N12229758WA001610021000612
B2208243740224N12229759WA001610021000612
B2208253740222N12229760WA001600020800612
B2208263740220N12229761WA001590020600612
B2208273740218N12229762WA001570020400712
B2208283740215N12229763WA001570020300612
B2208293740213N12229763WA001560020200612
B2208303740210N12229762WA001550020100612
B2208313740206N12229761WA001540020100612
B2208323740203N12229759WA001540020000612
B2208333740200N12229757WA001530020000612
B2208343740197N12229756WA001530019800612
B2208353740194N12229755WA001520019700612
B2208363740191N12229754WA001510019500812
B2208373740188N12229753WA001500019400612
B2208383740185N12229753WA001490019300612
B2208393740182N12229752WA001480019200612
B2208403740180N12229752WA001480019100612
B2208413740177N12229752WA001460018900512
B2208423740174N12229752WA001450018700612
B2208433740170N12229753WA001420018600612
LXNA::AVGSATSNR:34
B2208443740167N12229753WA001410018400612
B2208453740163N12229753WA001390018200612
B2208463740159N12229753WA001380018100612
B2208473740155N12229754WA001380018000612
B2208483740151N12229755WA001380017800712
B2208493740148N12229756WA001370017700612
B2208503740145N12229756WA001360017600612
B2208513740141N12229756WA001340017500712
B2208523740137N12229755WA001340017300612
B2208533740133N12229754WA001330017400812
B2208543740129N12229750WA001340017400612
B2208553740127N12229745WA001340017400612
B2208563740127N12229739WA001330017300612
B2208573740127N12229731WA001310017100612
B2208583740128N12229723WA001310017100612
B2208593740131N12229715WA001290017000612
B2209003740135N12229706WA001290016900612
B2209013740140N12229698WA001280016700612
B2209023740147N12229691WA001280016600612
B2209033740154N12229686WA001270016500612
B2209043740161N12229682WA001270016300612
B2209053740168N12229678WA001270016200612
B2209063740176N12229675WA001250016100612
B2209073740183N12229671WA001250016300612
B2209083740191N12229668WA001250016400612
B2209093740199N12229666WA001250016400612
B2209103740206N12229664WA001250016500612
B2209113740213N12229662WA001260016500612
B2209123740221N12229660WA001280016500612
B2209133740227N12229657WA001280016500612
B2209143740234N12229653WA001280016600612
B2209153740241N12229651WA001290016700612
B2209163740248N12229650WA001300016800512
B2209173740255N12229650WA001320017000612
B2209183740262N12229649WA001330017000612
B2209193740269N12229647WA001330017000612
B2209203740275N12229646WA001320017000612
B2209213740282N12229646WA001310016900512
B2209223740288N12229648WA001310016900512
B2209233740294N12229650WA001310016800612
B2209243740299N12229652WA001310016800612
B2209253740304N12229654WA001320016800512
B2209263740309N12229657WA001320016900612
B2209273740313N12229659WA001330016900512
B2209283740318N12229662WA001330016900512
B2209293740323N12229664WA001340017100512
B2209303740328N12229666WA001350017200512
B2209313740333N12229668WA001360017400612
B2209323740337N12229670WA001350017500512
B2209333740342N12229672WA001350017500612
B2209343740348N12229674WA001350017600512
B2209353740354N12229677WA001350017600612
B2209363740360N12229679WA001350017700512
B2209373740366N12229681WA001360017700512
B2209383740371N12229683WA001360017800512
B2209393740377N12229684WA001360017800512
B2209403740384N12229685WA001350017700512
B2209413740390N12229687WA001340017600512
B2209423740396N12229688WA001330017500512
B2209433740403N12229690WA001330017600512
LXNA::BAT:discharging,98%,4.096V,-828mA
B2209443740410N12229691WA001330017500512
LXNA::AVGSATSNR:34
B2209453740417N12229693WA001320017400612
B2209463740424N12229695WA001310017300512
B2209473740431N12229696WA001300017300612
B2209483740439N12229697WA001320017400612
B2209493740446N12229698WA001330017400612
B2209503740452N12229699WA001330017400612
B2209513740459N12229699WA001320017500612
B2209523740466N12229700WA001310017500612
B2209533740474N12229702WA001300017300612
B2209543740482N12229703WA001290017200612
B2209553740491N12229703WA001300017200612
B2209563740499N12229703WA001310017300612
B2209573740507N12229704WA001320017300612
B2209583740514N12229704WA001310017200612
B2209593740522N12229704WA001310017100612
B2210003740530N12229704WA001300017000612
B2210013740538N12229704WA001300017000612
B2210023740546N12229705WA001310017100612
B2210033740554N12229706WA001310017100612
B2210043740561N12229707WA001300017000612
B2210053740569N12229709WA001300016900612
B2210063740578N12229711WA001280016800612
B2210073740586N12229713WA001290016800612
B2210083740595N12229716WA001300016900612
B2210093740602N12229718WA001310016900612
B2210103740610N12229721WA001290016800612
B2210113740618N12229723WA001280016600612
B2210123740626N12229726WA001250016400612
B2210133740635N12229729WA001220016100512
B2210143740644N12229733WA001210016000512
B2210153740654N12229736WA001200015900612
B2210163740664N12229739WA001210015800612
K221016185999
B2210173740673N12229742WA001210015800612
B2210183740682N12229744WA001190015800612
B2210193740691N12229746WA001200015700612
B2210203740699N12229746WA001210015800612
B2210213740708N12229747WA001210015700512
B2210223740717N12229747WA001200015700612
B2210233740725N12229747WA001210015700512
B2210243740732N12229747WA001220015700612
B2210253740740N12229746WA001220015700712
B2210263740748N12229746WA001220015700712
B2210273740755N12229745WA001210015600712
B2210283740763N12229745WA001200015500712
B2210293740771N12229744WA001200015500712
B2210303740779N12229744WA001190015400712
B2210313740786N12229745WA001180015300712
B2210323740794N12229745WA001170015100712
B2210333740802N12229746WA001150015000712
B2210343740811N12229747WA001150014900712
B2210353740820N12229747WA001130014700712
B2210363740829N12229748WA001110014500612
B2210373740838N12229750WA001100014400712
B2210383740847N12229750WA001080014200712
B2210393740856N12229752WA001070014000612
B2210403740866N12229754WA001060013900712
B2210413740875N12229755WA001070013900712
B2210423740885N12229755WA001070014000712
B2210433740894N12229755WA001070014100712
B2210443740902N12229755WA001070014100712
B2210453740911N12229755WA001060014000712
LXNA::AVGSATSNR:35
B2210463740920N12229755WA001050013800712
B2210473740929N12229755WA001040013700712
B2210483740939N12229755WA001040013700712
B2210493740948N12229755WA001040013700712
B2210503740956N12229756WA001050013700612
B2210513740965N12229757WA001050013700612
B2210523740973N12229757WA001060013800612
B2210533740981N12229759WA001050013800612
B2210543740990N12229759WA001040013700612
B2210553740998N12229761WA001040013600512
B2210563741006N12229762WA001030013600612
B2210573741015N12229764WA001030013600612
B2210583741024N12229765WA001040013500612
B2210593741033N12229766WA001040013600612
B2211003741041N12229767WA001040013600612
B2211013741050N12229768WA001040013600612
B2211023741059N12229769WA001040013600612
B2211033741068N12229770WA001040013600612
B2211043741077N12229770WA001030013600612
B2211053741086N12229771WA001030013600712
B2211063741095N12229771WA001040013700712
B2211073741104N12229771WA001040013700612
B2211083741112N12229771WA001040013700612
B2211093741121N12229771WA001040013600612
B2211103741130N12229771WA001040013600612
B2211113741139N12229771WA001040013600612
F22111118202528293105121126
B2211123741148N12229771WA001040013700612
B2211133741157N12229772WA001050013800712
B2211143741165N12229773WA001070014000712
B2211153741173N12229774WA001080014100712
B2211163741181N12229774WA001080014200712
B2211173741189N12229776WA001070014200712
B2211183741197N12229777WA001070014200712
B2211193741206N12229778WA001100014400712
B2211203741214N12229779WA001120014700712
B2211213741222N12229780WA001140015000712
B2211223741228N12229780WA001170015200712
B2211233741234N12229779WA001180015400712
B2211243741241N12229779WA001180015500712
B2211253741248N12229780WA001160015400612
B2211263741254N12229782WA001160015500712
B2211273741260N12229785WA001180015700712
B2211283741267N12229787WA001190015900712
B2211293741273N12229788WA001210016000712
B2211303741278N12229790WA001210016200712
B2211313741284N12229792WA001210016300712
B2211323741288N12229796WA001210016300612
B2211333741291N12229799WA001210016300612
B2211343741291N12229804WA001210016200612
B2211353741290N12229807WA001230016300712
B2211363741287N12229809WA001230016600612
B2211373741285N12229810WA001250016700512
B2211383741283N12229810WA001250017000612
B2211393741281N12229809WA001250017100612
B2211403741278N12229808WA001250017000612
B2211413741276N12229807WA001250017100512
B2211423741273N12229806WA001260017200512
B2211433741270N12229803WA001270017300612
B2211443741268N12229800WA001270017400612
B2211453741266N12229796WA001280017600612
B2211463741264N12229793WA001290017600612
LXNA::AVGSATSNR:39
B2211473741261N12229790WA001290017700612
B2211483741259N12229788WA001290017800612
B2211493741256N12229787WA001310017900612
B2211503741254N12229787WA001320018200612
B2211513741251N12229786WA001340018400612
B2211523741249N12229786WA001360018500612
B2211533741246N12229785WA001380018600612
B2211543741244N12229784WA001400018700612
B2211553741242N12229784WA001410018800712
B2211563741240N12229784WA001420018900612
B2211573741238N12229783WA001440019100612
B2211583741237N12229783WA001450019200612
B2211593741235N12229781WA001460019400612
B2212003741233N12229780WA001470019500612
B2212013741230N12229778WA001480019500612
B2212023741228N12229777WA001490019600612
B2212033741226N12229776WA001490019600712
B2212043741224N12229774WA001500019600612
B2212053741222N12229773WA001510019600612
B2212063741220N12229772WA001510019600612
B2212073741218N12229772WA001510019600612
B2212083741216N12229772WA001510019500612
B2212093741214N12229772WA001510019500612
B2212103741212N12229772WA001520019500612
B2212113741210N12229772WA001530019600612
B2212123741208N12229772WA001540019700612
B2212133741206N12229772WA001540019700612
B2212143741204N12229772WA001540019700612
B2212153741202N12229772WA001540019700512
B2212163741200N12229772WA001540019700612
B2212173741197N12229772WA001540019900612
B2212183741195N12229772WA001550020200612
B2212193741193N12229771WA001560020300612
B2212203741190N12229770WA001570020500612
B2212213741188N12229769WA001590020600612
B2212223741187N12229769WA001600020600612
B2212233741185N12229770WA001600020600612
B2212243741185N12229774WA001600020500712
B2212253741187N12229777WA001600020500612
B2212263741191N12229782WA001600020400612
B2212273741195N12229786WA001610020500612
B2212283741200N12229789WA001640020700612
B2212293741205N12229792WA001660020900612
B2212303741210N12229793WA001670021000612
B2212313741215N12229795WA001670020900612
B2212323741220N12229798WA001660020900612
B2212333741226N12229800WA001660020800512
B2212343741233N12229803WA001660020800612
B2212353741239N12229806WA001660020900612
B2212363741246N12229808WA001660020900612
B2212373741252N12229811WA001670021000612
B2212383741258N12229814WA001670021000612
B2212393741265N12229816WA001660020900612
B2212403741272N12229819WA001650020700512
B2212413741279N12229821WA001640020600512
B2212423741286N12229825WA001640020600612
B2212433741293N12229828WA001640020600612
B2212443741299N12229830WA001650020700612
LXNA::BAT:discharging,98%,4.096V,-816mA
B2212453741305N12229834WA001650020700612
B2212463741311N12229837WA001650020700612
B2212473741317N12229840WA001640020600612
LXNA::AVGSATSNR:35
B2212483741323N12229844WA001630020500612
B2212493741330N12229848WA001620020500612
B2212503741337N12229853WA001610020500612
B2212513741344N12229857WA001620020400612
B2212523741351N12229862WA001630020400612
B2212533741358N12229866WA001640020500612
B2212543741365N12229870WA001640020500612
B2212553741372N12229873WA001640020400612
B2212563741379N12229876WA001620020300612
B2212573741387N12229879WA001610020200612
B2212583741395N12229882WA001600020000612
B2212593741403N12229885WA001590020000612
B2213003741411N12229887WA001590020000612
B2213013741419N12229889WA001590019800612
B2213023741427N12229892WA001580019700612
B2213033741436N12229894WA001570019600612
B2213043741445N12229896WA001560019500612
B2213053741453N12229898WA001540019400612
B2213063741461N12229900WA001540019300612
B2213073741470N12229902WA001530019300612
B2213083741478N12229905WA001540019200512
B2213093741486N12229907WA001540019300512
B2213103741494N12229911WA001530019300512
B2213113741501N12229915WA001530019300512
B2213123741508N12229919WA001530019400512
B2213133741515N12229923WA001520019200512
B2213143741521N12229927WA001510019200512
B2213153741528N12229932WA001490019100512
B2213163741533N12229937WA001490019000512
B2213173741539N12229942WA001480018900512
K221317185999
B2213183741545N12229947WA001480018900512
B2213193741551N12229952WA001470018800612
B2213203741556N12229957WA001460018600612
B2213213741562N12229961WA001450018500612
B2213223741567N12229966WA001440018300512
B2213233741571N12229971WA001450018200512
B2213243741576N12229976WA001450018200512
B2213253741582N12229981WA001440018400512
B2213263741587N12229985WA001450018400512
B2213273741592N12229989WA001450018400512
B2213283741597N12229992WA001460018400612
B2213293741603N12229995WA001470018400612
B2213303741608N12229997WA001460018300612
B2213313741613N12229999WA001460018100612
B2213323741619N12230002WA001450018000612
B2213333741624N12230004WA001430017900612
B2213343741630N12230006WA001420017700612
B2213353741635N12230008WA001410017500512
B2213363741641N12230009WA001400017300612
B2213373741648N12230010WA001390017200612
B2213383741654N12230011WA001390017100612
B2213393741660N12230012WA001370017000512
B2213403741666N12230013WA001370016900512
B2213413741673N12230014WA001360016800512
B2213423741680N12230014WA001370016800512
B2213433741686N12230013WA001370016800512
B2213443741693N12230012WA001370016800512
B2213453741700N12230011WA001360016700612
B2213463741707N12230010WA001350016500512
B2213473741714N12230009WA001330016100512
B2213483741722N12230008WA001320015900512
LXNA::AVGSATSNR:34
B2213493741731N12230007WA001290015700512
B2213503741739N12230007WA001290015600512
B2213513741747N12230006WA001300015500512
B2213523741755N12230006WA001290015500512
B2213533741762N12230005WA001280015400612
B2213543741770N12230005WA001270015300512
B2213553741779N12230004WA001250015200512
B2213563741787N12230004WA001250015100512
B2213573741795N12230003WA001230015000512
B2213583741804N12230003WA001220014900512
B2213593741812N12230002WA001210014700512
B2214003741820N12230002WA001200014600512
B2214013741829N12230002WA001180014500512
B2214023741837N12230002WA001160014400512
B2214033741846N12230002WA001150014300512
B2214043741855N12230002WA001140014300512
B2214053741863N12230002WA001140014300512
B2214063741871N12230002WA001130014300512
B2214073741879N12230002WA001110014100612
B2214083741887N12230003WA001080013800512
B2214093741896N12230003WA001060013600512
B2214103741905N12230004WA001050013400512
B2214113741914N12230004WA001050013400612
B2214123741922N12230005WA001050013400512
B2214133741931N12230005WA001040013300612
B2214143741939N12230006WA001030013300512
B2214153741948N12230006WA001020013100512
B2214163741957N12230007WA001000013100512
B2214173741966N12230007WA001000013100512
B2214183741975N12230009WA000990013100612
B2214193741984N12230010WA000990013100612
B2214203741993N12230011WA000990013100612
B2214213742001N12230012WA000990013000512
B2214223742010N12230013WA000990012900512
F2214221820252829310512112615
B2214233742018N12230014WA000980012800512
B2214243742026N12230015WA000960012600512
B2214253742035N12230016WA000950012500512
B2214263742044N12230018WA000940012400512
B2214273742052N12230019WA000930012300512
B2214283742061N12230020WA000930012200512
B2214293742069N12230022WA000920012100512
B2214303742077N12230024WA000920012000512
B2214313742085N12230026WA000900011900612
B2214323742094N12230028WA000900011800512
B2214333742103N12230030WA000890011800612
B2214343742111N12230032WA000890011800512
B2214353742120N12230034WA000900011800612
B2214363742128N12230036WA000900011800512
B2214373742136N12230038WA000890011700512
B2214383742144N12230040WA000880011600512
B2214393742152N12230042WA000870011400512
B2214403742160N12230044WA000850011300512
B2214413742169N12230046WA000840011200612
B2214423742177N12230047WA000840011200512
B2214433742185N12230049WA000840011100512
B2214443742193N12230050WA000830011000612
B2214453742201N12230052WA000820011000612
B2214463742209N12230054WA000810010900512
B2214473742217N12230055WA000810010800512
B2214483742226N12230057WA000800010700612
B2214493742234N12230058WA000800010600512
LXNA::AVGSATSNR:33
B2214503742243N12230060WA000780010500612
B2214513742251N12230061WA000780010500512
B2214523742259N12230063WA000770010400612
B2214533742268N12230065WA000760010200512
B2214543742276N12230066WA000750010100512
B2214553742284N12230068WA000740010100512
B2214563742293N12230069WA000730009900512
B2214573742301N12230071WA000720009800512
B2214583742309N12230072WA000720009800512
B2214593742317N12230074WA000720009900612
B2215003742324N12230076WA000740010000512
B2215013742330N12230078WA000740010100512
B2215023742337N12230080WA000740010100512
B2215033742343N12230081WA000740010100612
B2215043742350N12230083WA000740010000612
B2215053742356N12230084WA000730009900512
B2215063742363N12230086WA000730009900512
B2215073742369N12230088WA000740009800512
B2215083742376N12230090WA000740009900512
B2215093742382N12230091WA000730009800512
B2215103742389N12230093WA000730009800512
B2215113742396N12230095WA000730009700512
B2215123742402N12230096WA000720009700512
B2215133742410N12230098WA000720009600612
B2215143742417N12230100WA000710009600512
B2215153742424N12230102WA000710009700512
B2215163742430N12230104WA000710009700512
B2215173742436N12230107WA000700009600512
B2215183742442N12230109WA000690009500512
B2215193742448N12230112WA000680009400512
B2215203742454N12230116WA000670009300512
B2215213742460N12230119WA000670009300512
B2215223742466N12230122WA000670009300512
B2215233742473N12230124WA000660009300512
B2215243742479N12230126WA000670009300512
B2215253742486N12230128WA000680009400512
B2215263742492N12230129WA000690009600512
B2215273742498N12230130WA000690009600512
B2215283742504N12230130WA000700009600512
B2215293742510N12230131WA000690009600512
B2215303742517N12230132WA000690009600512
B2215313742523N12230133WA000690009500512
B2215323742529N12230134WA000690009500712
B2215333742535N12230135WA000690009500512
B2215343742541N12230135WA000690009500612
B2215353742547N12230136WA000680009500512
B2215363742553N12230136WA000680009400612
B2215373742560N12230137WA000670009300512
B2215383742566N12230137WA000670009200612
B2215393742573N12230137WA000660009200512
B2215403742579N12230138WA000670009200612
B2215413742585N12230138WA000660009200512
B2215423742592N12230139WA000660009100512
B2215433742598N12230140WA000660009100612
B2215443742605N12230141WA000670009100512
B2215453742611N12230142WA000670009100512
LXNA::BAT:discharging,97%,4.106V,-798mA
B2215463742617N12230144WA000670009200612
B2215473742623N12230145WA000680009200612
B2215483742629N12230146WA000680009300612
B2215493742634N12230148WA000690009300512
B2215503742640N12230149WA000680009300512
LXNA::AVGSATSNR:35
B2215513742647N12230150WA000680009100512
B2215523742652N12230151WA000660009100612
B2215533742659N12230152WA000660008900512
B2215543742665N12230154WA000660008900512
B2215553742672N12230155WA000660008700612
B2215563742677N12230157WA000660008800612
B2215573742682N12230160WA000660008900612
B2215583742687N12230163WA000670009000612
B2215593742692N12230166WA000670009100512
B2216003742696N12230169WA000680009300612
B2216013742701N12230172WA000690009400612
B2216023742705N12230175WA000690009500612
B2216033742709N12230178WA000690009600612
B2216043742713N12230180WA000690009600612
B2216053742717N12230183WA000690009600612
B2216063742722N12230186WA000700009700612
B2216073742727N12230188WA000710009700612
B2216083742733N12230190WA000710009800612
B2216093742738N12230192WA000710009900612
B2216103742744N12230193WA000710009800612
B2216113742749N12230195WA000700009800612
B2216123742755N12230196WA000700009800612
B2216133742760N12230198WA000710009800612
B2216143742766N12230199WA000720009800612
B2216153742771N12230200WA000720009800612
B2216163742777N12230201WA000720009800612
B2216173742782N12230203WA000710009600612
B2216183742788N12230205WA000700009500612
K221618185999
B2216193742795N12230207WA000700009400612
B2216203742801N12230210WA000700009400612
B2216213742808N12230212WA000700009400612
B2216223742814N12230214WA000720009500612
B2216233742820N12230216WA000720009500612
B2216243742827N12230217WA000720009400612
B2216253742833N12230219WA000710009400812
B2216263742840N12230221WA000710009300612
B2216273742847N12230224WA000720009300612
B2216283742854N12230227WA000710009500612
B2216293742861N12230229WA000720009600612
B2216303742868N12230231WA000730009600612
B2216313742874N12230233WA000730009600612
B2216323742881N12230235WA000720009600512
B2216333742888N12230237WA000720009600612
B2216343742895N12230238WA000720009500512
B2216353742902N12230240WA000730009500512
B2216363742909N12230242WA000730009500512
B2216373742916N12230243WA000730009500612
B2216383742923N12230244WA000730009500612
B2216393742930N12230246WA000730009400612
B2216403742937N12230247WA000720009300712
B2216413742944N12230248WA000720009200612
B2216423742952N12230249WA000720009200612
B2216433742960N12230250WA000720009200612
B2216443742968N12230251WA000720009200612
B2216453742975N12230252WA000730009200612
B2216463742982N12230253WA000730009200612
B2216473742989N12230254WA000730009100612
B2216483742996N12230255WA000730009000612
B2216493743004N12230257WA000730009000612
B2216503743011N12230258WA000740009100612
B2216513743018N12230259WA000750009200512
LXNA::AVGSATSNR:34
B2216523743025N12230260WA000750009200512
B2216533743032N12230261WA000750009200512
B2216543743038N12230263WA000740009100612
B2216553743046N12230265WA000750009100512
B2216563743053N12230267WA000750009100512
B2216573743061N12230269WA000750009100512
B2216583743068N12230271WA000760009100712
B2216593743074N12230273WA000770009200612
B2217003743081N12230275WA000770009100712
B2217013743087N12230277WA000760009100612
B2217023743094N12230279WA000750008900612
B2217033743101N12230280WA000740008800612
B2217043743109N12230281WA000730008600612
B2217053743117N12230282WA000730008500612
B2217063743125N12230282WA000720008500612
B2217073743133N12230281WA000720008400612
B2217083743141N12230281WA000710008300612
B2217093743149N12230281WA000710008300612
B2217103743158N12230280WA000720008300712
B2217113743166N12230280WA000740008500612
B2217123743174N12230280WA000750008700612
B2217133743181N12230279WA000780008900612
B2217143743187N12230280WA000790009100712
B2217153743190N12230283WA000770009000612
B2217163743192N12230287WA000740008800612
B2217173743190N12230290WA000710008600512
B2217183743186N12230293WA000710008700512
B2217193743181N12230294WA000730009000512
B2217203743178N12230293WA000760009200712
B2217213743176N12230291WA000780009300712
B2217223743174N12230290WA000780009400712
B2217233743172N12230289WA000770009300712
F221723182528293105122615
B2217243743168N12230288WA000750009200712
B2217253743164N12230286WA000760009200712
B2217263743161N12230285WA000760009300712
B2217273743158N12230284WA000770009400612
B2217283743155N12230284WA000770009500712
B2217293743152N12230284WA000760009400512
B2217303743148N12230284WA000740009200512
B2217313743143N12230284WA000730009100512
B2217323743139N12230282WA000730009200512
B2217333743134N12230281WA000750009300512
B2217343743131N12230280WA000760009400512
B2217353743127N12230279WA000750009400512
B2217363743123N12230279WA000740009300512
B2217373743119N12230280WA000730009200612
B2217383743115N12230280WA000710009100512
B2217393743111N12230281WA000710009100612
B2217403743107N12230281WA000720009100512
B2217413743103N12230281WA000710009100512
B2217423743099N12230281WA000710009100512
B2217433743094N12230280WA000710009100512
B2217443743090N12230279WA000700009000512
B2217453743086N12230277WA000690009000512
B2217463743082N12230276WA000690008900512
B2217473743077N12230274WA000670008800512
B2217483743073N12230273WA000670008700512
B2217493743068N12230271WA000650008700512
B2217503743063N12230269WA000660008800612
B2217513743059N12230268WA000670008800612
B2217523743055N12230267WA000670008800612
LXNA::AVGSATSNR:37
B2217533743050N12230266WA000660008800512
B2217543743046N12230265WA000660008800612
B2217553743041N12230264WA000660008800612
B2217563743037N12230262WA000650008800612
B2217573743032N12230261WA000660008800612
B2217583743027N12230260WA000650008800612
B2217593743023N12230258WA000660008700512
B2218003743019N12230257WA000650008700612
B2218013743014N12230255WA000650008700612
B2218023743010N12230254WA000670008800512
B2218033743006N12230253WA000680008900612
B2218043743002N12230251WA000680009000612
B2218053742999N12230250WA000680009000512
B2218063742995N12230250WA000700009100612
B2218073742992N12230249WA000720009400612
B2218083742990N12230248WA000730009500512
B2218093742988N12230246WA000730009500712
B2218103742986N12230245WA000710009300712
B2218113742984N12230245WA000700009100712
B2218123742982N12230245WA000690009000712
B2218133742979N12230246WA000710009100712
B2218143742977N12230246WA000720009200512
B2218153742975N12230247WA000720009300612
B2218163742974N12230247WA000720009200612
B2218173742973N12230248WA000710009100612
B2218183742971N12230249WA000700009100612
B2218193742969N12230250WA000690009000612
B2218203742966N12230251WA000700009100512
B2218213742965N12230251WA000720009200612
B2218223742963N12230251WA000720009200612
B2218233742960N12230250WA000720009300512
B2218243742958N12230250WA000720009300512
B2218253742954N12230249WA000720009300512
B2218263742951N12230249WA000720009200512
B2218273742947N12230248WA000720009300512
B2218283742944N12230247WA000730009300512
B2218293742941N12230246WA000740009400512
B2218303742938N12230244WA000740009400612
B2218313742935N12230243WA000740009400612
B2218323742932N12230242WA000730009300512
B2218333742929N12230242WA000730009300612
B2218343742926N12230241WA000720009300612
B2218353742922N12230240WA000730009300612
B2218363742919N12230238WA000730009300712
B2218373742917N12230237WA000730009300612
B2218383742914N12230236WA000720009200512
B2218393742910N12230235WA000710009000612
B2218403742907N12230234WA000700009000512
B2218413742904N12230234WA000700009000512
B2218423742900N12230233WA000710009000512
B2218433742897N12230232WA000720009100512
B2218443742893N12230231WA000720009200512
B2218453742890N12230229WA000720009200512
B2218463742887N12230227WA000720009200512
LXNA::BAT:discharging,97%,4.123V,-798mA
B2218473742883N12230225WA000710009100412
B2218483742879N12230222WA000710009100412
B2218493742875N12230219WA000710009100412
B2218503742871N12230217WA000710009200512
B2218513742867N12230215WA000730009200512
B2218523742863N12230213WA000740009300512
B2218533742860N12230211WA000740009400412
LXNA::AVGSATSNR:36
B2218543742856N12230210WA000740009500512
B2218553742852N12230208WA000750009600512
B2218563742848N12230206WA000760009700412
B2218573742844N12230204WA000780010000412
B2218583742840N12230202WA000800010300412
B2218593742837N12230199WA000830010500512
B2219003742835N12230195WA000840010700512
B2219013742833N12230191WA000840010700512
B2219023742830N12230187WA000840010700512
B2219033742827N12230183WA000820010600512
B2219043742823N12230180WA000820010600512
B2219053742819N12230178WA000820010600512
B2219063742816N12230177WA000830010600512
B2219073742812N12230175WA000840010700512
B2219083742809N12230173WA000840010700512
B2219093742806N12230171WA000850010700512
B2219103742803N12230168WA000840010700512
B2219113742800N12230166WA000840010600512
B2219123742796N12230164WA000830010600512
B2219133742793N12230163WA000840010600512
B2219143742789N12230161WA000840010700512
B2219153742786N12230159WA000850010700512
B2219163742783N12230158WA000860010800512
B2219173742780N12230157WA000850010800512
B2219183742777N12230155WA000850010800512
B2219193742773N12230153WA000840010800512
K221919185999
B2219203742770N12230151WA000840010800512
B2219213742766N12230149WA000850010800512
B2219223742763N12230147WA000850010800512
B2219233742759N12230145WA000850010800512
B2219243742756N12230143WA000840010700512
B2219253742753N12230141WA000840010700512
B2219263742749N12230139WA000840010700512
B2219273742745N12230137WA000830010700512
B2219283742742N12230135WA000830010600612
B2219293742738N12230134WA000830010600512
B2219303742734N12230133WA000830010600512
B2219313742731N12230131WA000830010600512
B2219323742727N12230130WA000820010500612
B2219333742724N12230129WA000820010500612
B2219343742720N12230127WA000810010400512
B2219353742716N12230124WA000810010400612
B2219363742712N12230121WA000810010400612
B2219373742708N12230118WA000810010400612
B2219383742705N12230115WA000820010500612
B2219393742701N12230112WA000810010500612
B2219403742697N12230109WA000810010400512
B2219413742694N12230106WA000800010300612
B2219423742690N12230102WA000800010300612
B2219433742687N12230098WA000790010200512
B2219443742683N12230093WA000790010200612
B2219453742679N12230089WA000790010200612
B2219463742676N12230086WA000790010300612
B2219473742672N12230083WA000810010500612
B2219483742670N12230080WA000810010600612
B2219493742667N12230078WA000820010700512
B2219503742664N12230077WA000830010800512
B2219513742661N12230076WA000830010900512
B2219523742658N12230074WA000850011000512
B2219533742656N12230073WA000870011200512
B2219543742653N12230071WA000880011300612
LXNA::AVGSATSNR:38
B2219553742651N12230070WA000880011300612
B2219563742649N12230068WA000880011300612
B2219573742647N12230067WA000870011300612
B2219583742645N12230066WA000870011200612
B2219593742642N12230064WA000870011200612
B2220003742639N12230062WA000870011200612
B2220013742637N12230060WA000870011200612
B2220023742634N12230058WA000870011100612
B2220033742631N12230055WA000860011100512
B2220043742628N12230052WA000860011100612
B2220053742625N12230050WA000860011100612
B2220063742622N12230048WA000860011100612
B2220073742619N12230045WA000870011200612
B2220083742617N12230043WA000880011200512
B2220093742614N12230040WA000880011200512
B2220103742612N12230038WA000880011300512
B2220113742609N12230036WA000870011200512
B2220123742606N12230035WA000870011200512
B2220133742603N12230033WA000880011300512
B2220143742600N12230031WA000880011300512
B2220153742597N12230030WA000880011400612
B2220163742594N12230028WA000890011400612
B2220173742591N12230026WA000890011400512
B2220183742588N12230024WA000890011400512
B2220193742585N12230023WA000890011400512
B2220203742582N12230022WA000900011500512
B2220213742579N12230021WA000900011400512
B2220223742576N12230020WA000890011400512
B2220233742573N12230018WA000880011300512
B2220243742570N12230018WA000890011300512
F222024182025282931051211464815
B2220253742567N12230017WA000890011300512
B2220263742565N12230017WA000890011300512
B2220273742562N12230017WA000890011300512
B2220283742559N12230017WA000890011300512
B2220293742556N12230017WA000890011300512
B2220303742553N12230017WA000890011400512
B2220313742550N12230017WA000890011400512
B2220323742548N12230017WA000900011500512
B2220333742545N12230017WA000900011500512
B2220343742542N12230018WA000900011500512
B2220353742540N12230018WA000900011500512
B2220363742537N12230018WA000900011500512
B2220373742534N12230018WA000900011500512
B2220383742532N12230019WA000900011500512
B2220393742529N12230019WA000890011400512
B2220403742526N12230019WA000890011300512
B2220413742523N12230019WA000880011200512
B2220423742520N12230019WA000890011200512
B2220433742517N12230020WA000880011200512
B2220443742514N12230020WA000890011100512
B2220453742511N12230020WA000890011200512
B2220463742508N12230020WA000890011200512
B2220473742504N12230020WA000880011200512
B2220483742501N12230020WA000880011100512
B2220493742498N12230019WA000880011200512
B2220503742495N12230019WA000880011200512
B2220513742492N12230019WA000880011200512
B2220523742489N12230019WA000880011200512
B2220533742485N12230019WA000890011200512
B2220543742482N12230019WA000890011300512
B2220553742479N12230019WA000900011400512
LXNA::AVGSATSNR:35
B2220563742477N12230019WA000910011500512
B2220573742474N12230020WA000920011500512
B2220583742471N12230020WA000920011600512
B2220593742469N12230022WA000920011500512
B2221003742468N12230023WA000920011500512
B2221013742466N12230023WA000920011400512
B2221023742464N12230024WA000910011300512
B2221033742461N12230025WA000900011300512
B2221043742458N12230025WA000900011200512
B2221053742455N12230025WA000900011200512
B2221063742452N12230025WA000910011200512
B2221073742450N12230025WA000920011300512
B2221083742447N12230024WA000930011400512
B2221093742445N12230023WA000940011400512
B2221103742443N12230022WA000940011400512
B2221113742441N12230022WA000940011500512
B2221123742439N12230022WA000950011500512
B2221133742437N12230021WA000950011500512
B2221143742434N12230021WA000960011500512
B2221153742432N12230021WA000960011500512
B2221163742430N12230021WA000960011500512
B2221173742427N12230021WA000960011600512
B2221183742424N12230021WA000970011700512
B2221193742422N12230021WA000980012000612
B2221203742420N12230021WA000990012100512
B2221213742417N12230021WA001000012100512
B2221223742415N12230020WA001000012100512
B2221233742413N12230020WA001010012100512
B2221243742411N12230020WA001010012100512
B2221253742408N12230020WA001010012100512
B2221263742406N12230021WA001020012100512
B2221273742404N12230021WA001020012000512
B2221283742402N12230022WA001010012000512
B2221293742400N12230023WA001010011900512
B2221303742397N12230024WA001000011800512
B2221313742395N12230025WA000990011800512
B2221323742392N12230026WA001000011800512
B2221333742390N12230027WA001000011800512
B2221343742388N12230028WA000990011800512
B2221353742386N12230028WA000990011700512
B2221363742384N12230029WA000980011600512
B2221373742381N12230030WA000970011500512
B2221383742378N12230030WA000970011500512
B2221393742376N12230030WA000960011400512
B2221403742373N12230030WA000970011400512
B2221413742371N12230030WA000970011300512
B2221423742368N12230029WA000950011300512
B2221433742365N12230028WA000950011200512
B2221443742362N12230028WA000940011200512
B2221453742360N12230027WA000940011100512
B2221463742357N12230026WA000930011100512
B2221473742354N12230025WA000930011000512
LXNA::BAT:discharging,97%,4.108V,-798mA
B2221483742351N12230024WA000920011000512
B2221493742348N12230024WA000920011000512
B2221503742345N12230024WA000920011000512
B2221513742342N12230023WA000920010900512
B2221523742340N12230022WA000910010800512
B2221533742337N12230022WA000920010800512
B2221543742334N12230021WA000910010800512
B2221553742331N12230021WA000910010800512
B2221563742329N12230020WA000900010700512
LXNA::AVGSATSNR:37
B2221573742326N12230020WA000880010500512
B2221583742322N12230020WA000860010300512
B2221593742318N12230021WA000860010200512
B2222003742314N12230021WA000860010300512
B2222013742311N12230020WA000860010300512
B2222023742308N12230020WA000870010400512
B2222033742305N12230020WA000860010300512
B2222043742302N12230020WA000850010200512
B2222053742300N12230020WA000830010100512
B2222063742296N12230020WA000820009900512
B2222073742292N12230020WA000820009900512
B2222083742289N12230020WA000820009800612
B2222093742285N12230020WA000820009800612
B2222103742282N12230019WA000810009700512
B2222113742279N12230018WA000800009600512
B2222123742276N12230017WA000790009600512
B2222133742272N12230017WA000790009600512
B2222143742268N12230016WA000790009600512
B2222153742264N12230016WA000800009600512
B2222163742261N12230015WA000800009600512
B2222173742258N12230015WA000790009500512
B2222183742255N12230014WA000780009400512
B2222193742251N12230014WA000770009300512
B2222203742247N12230014WA000770009300512
K222220185999
B2222213742243N12230013WA000770009200512
B2222223742239N12230013WA000780009300512
B2222233742235N12230013WA000780009300512
B2222243742231N12230013WA000780009300512
B2222253742228N12230013WA000770009200512
B2222263742224N12230012WA000770009200512
B2222273742219N12230012WA000770009200512
B2222283742215N12230011WA000770009200512
B2222293742210N12230010WA000760009200512
B2222303742206N12230010WA000780009300512
B2222313742201N12230009WA000790009300512
B2222323742197N12230009WA000790009400512
B2222333742193N12230009WA000790009400512
B2222343742189N12230008WA000790009400512
B2222353742185N12230007WA000790009300512
B2222363742181N12230007WA000770009200512
B2222373742177N12230008WA000760009000512
B2222383742172N12230007WA000760009000512
B2222393742168N12230007WA000770009100512
B2222403742164N12230006WA000770009100512
B2222413742160N12230005WA000780009100512
B2222423742156N12230004WA000770009100512
B2222433742153N12230004WA000770009100512
B2222443742148N12230003WA000760009000512
B2222453742144N12230003WA000760009000512
B2222463742139N12230002WA000760009100512
B2222473742136N12230001WA000760009100512
B2222483742132N12230000WA000770009100512
B2222493742128N12229999WA000770009100512
B2222503742123N12229998WA000760009000512
B2222513742119N12229997WA000750009000512
B2222523742115N12229996WA000750009000512
B2222533742111N12229995WA000750009000512
B2222543742106N12229993WA000750009100512
B2222553742102N12229992WA000750009100612
B2222563742097N12229991WA000760009200612
B2222573742093N12229991WA000770009300612
LXNA::AVGSATSNR:39
B2222583742088N12229990WA000780009500612
B2222593742084N12229991WA000800009600612
B2223003742080N12229991WA000810009600512
B2223013742076N12229991WA000800009600512
B2223023742073N12229992WA000800009600512
B2223033742069N12229993WA000800009600512
B2223043742065N12229993WA000800009700512
B2223053742061N12229993WA000810009800512
B2223063742057N12229994WA000820009900512
B2223073742054N12229995WA000820010000512
B2223083742050N12229996WA000820010000512
B2223093742047N12229996WA000820010000512
B2223103742043N12229995WA000820009900612
B2223113742039N12229994WA000820009900612
B2223123742036N12229993WA000810009900512
B2223133742032N12229991WA000810009900612
B2223143742029N12229990WA000800009800512
B2223153742025N12229988WA000790009700512
B2223163742022N12229987WA000780009600512
B2223173742018N12229986WA000780009500512
B2223183742015N12229985WA000770009400512
B2223193742010N12229984WA000770009400512
B2223203742007N12229983WA000770009400512
B2223213742003N12229982WA000770009500512
B2223223742000N12229981WA000780009500512
B2223233741996N12229979WA000770009400512
B2223243741992N12229977WA000760009300512
B2223253741988N12229975WA000750009200512
F222325182025282931051246481523
B2223263741984N12229973WA000740009200612
B2223273741980N12229971WA000740009100512
B2223283741976N12229969WA000740009100512
B2223293741973N12229966WA000730009100512
B2223303741969N12229964WA000730009000512
B2223313741965N12229962WA000720008900512
B2223323741962N12229960WA000700008800512
B2223333741958N12229959WA000690008700512
B2223343741954N12229957WA000700008700512
B2223353741950N12229955WA000700008600512
B2223363741947N12229953WA000690008600412
B2223373741943N12229951WA000700008600512
B2223383741939N12229949WA000710008600512
B2223393741935N12229948WA000680008500512
B2223403741931N12229946WA000680008500512
B2223413741927N12229945WA000680008500512
B2223423741924N12229944WA000670008400412
B2223433741920N12229942WA000670008400512
B2223443741917N12229941WA000680008400512
B2223453741913N12229939WA000680008300512
B2223463741910N12229937WA000660008200412
B2223473741907N12229937WA000650008100412
B2223483741904N12229936WA000640008000512
B2223493741900N12229935WA000650008000512
B2223503741897N12229934WA000650008000512
B2223513741894N12229934WA000640008000512
B2223523741891N12229934WA000640008000512
B2223533741888N12229934WA000630007900512
B2223543741885N12229934WA000610007800512
B2223553741881N12229933WA000600007700512
B2223563741877N12229932WA000600007700512
B2223573741873N12229931WA000600007700512
B2223583741869N12229929WA000610007700512
LXNA::AVGSATSNR:38
B2223593741865N12229927WA000610007700512
B2224003741862N12229926WA000610007800512
B2224013741858N12229925WA000620007800412
B2224023741855N12229924WA000620007900512
B2224033741851N12229923WA000630007900412
B2224043741848N12229921WA000620007900512
B2224053741845N12229920WA000610007800512
B2224063741841N12229919WA000610007800612
B2224073741838N12229917WA000610007800512
B2224083741835N12229916WA000620007800512
B2224093741832N12229915WA000620007900412
B2224103741828N12229914WA000620008000412
B2224113741825N12229913WA000620008100512
B2224123741822N12229912WA000630008100412
B2224133741818N12229912WA000620008000512
B2224143741815N12229911WA000620008100512
B2224153741811N12229909WA000640008200512
B2224163741808N12229907WA000640008200412
B2224173741805N12229905WA000640008200512
B2224183741803N12229904WA000630008100512
B2224193741800N12229902WA000610007900512
B2224203741797N12229901WA000600007700512
B2224213741793N12229900WA000600007700412
B2224223741790N12229900WA000600007700412
B2224233741787N12229900WA000610007700512
B2224243741784N12229899WA000610007700412
B2224253741781N12229897WA000600007600412
B2224263741778N12229897WA000590007600412
B2224273741774N12229896WA000600007600512
B2224283741771N12229895WA000600007600412
B2224293741767N12229894WA000600007700412
B2224303741764N12229893WA000610007700412
B2224313741761N12229892WA000610007700512
B2224323741757N12229891WA000610007700512
B2224333741754N12229890WA000610007700512
B2224343741751N12229889WA000610007600512
B2224353741749N12229889WA000610007600512
B2224363741746N12229888WA000590007400512
B2224373741743N12229888WA000570007300512
B2224383741739N12229888WA000560007100412
B2224393741734N12229888WA000560007100412
B2224403741730N12229888WA000560007200412
B2224413741725N12229888WA000570007200512
B2224423741721N12229888WA000570007300412
B2224433741718N12229887WA000570007200512
B2224443741714N12229886WA000560007200512
B2224453741709N12229886WA000560007100512
B2224463741705N12229885WA000550007000512
B2224473741701N12229884WA000540007000412
B2224483741697N12229883WA000540007000412
LXNA::BAT:discharging,97%,4.108V,-810mA
B2224493741692N12229883WA000550007000512
B2224503741688N12229882WA000540007000512
B2224513741684N12229882WA000550007000412
B2224523741680N12229882WA000540006900512
B2224533741676N12229882WA000540006900512
B2224543741672N12229882WA000540006900512
B2224553741668N12229882WA000530006800512
B2224563741664N12229881WA000520006800512
B2224573741660N12229881WA000520006800512
B2224583741655N12229880WA000520006800512
B2224593741651N12229880WA000530006800412
LXNA::AVGSATSNR:38
B2225003741647N12229879WA000530006800512
B2225013741643N12229878WA000520006700512
B2225023741639N12229878WA000510006700512
B2225033741635N12229877WA000510006600512
B2225043741630N12229876WA000510006600512
B2225053741626N12229874WA000510006600412
B2225063741621N12229873WA000510006600512
B2225073741617N12229872WA000510006600512
B2225083741613N12229871WA000500006500612
B2225093741609N12229871WA000490006500612
B2225103741605N12229871WA000490006400512
B2225113741601N12229871WA000490006400612
B2225123741596N12229871WA000500006600512
B2225133741591N12229870WA000500006700512
B2225143741587N12229869WA000510006800512
B2225153741583N12229868WA000520006800712
B2225163741579N12229867WA000520006800612
B2225173741575N12229865WA000520006800512
B2225183741571N12229864WA000510006700612
B2225193741567N12229862WA000510006700512
B2225203741562N12229862WA000520006700512
B2225213741558N12229861WA000520006800512
K222521185999
B2225223741554N12229861WA000530006900512
B2225233741550N12229860WA000540007000512
B2225243741547N12229858WA000550007000512
B2225253741543N12229857WA000550007000512
B2225263741539N12229856WA000540007000512
B2225273741535N12229854WA000530006900512
B2225283741531N12229853WA000530006900512
B2225293741527N12229852WA000520006900512
B2225303741522N12229851WA000530006900512
B2225313741518N12229850WA000530006900512
B2225323741514N12229849WA000540007000512
B2225333741510N12229849WA000540007100612
B2225343741506N12229848WA000550007100612
B2225353741502N12229847WA000540007100612
B2225363741498N12229847WA000540007100612
B2225373741494N12229846WA000540007000612
B2225383741489N12229847WA000550007100512
B2225393741485N12229846WA000560007200612
B2225403741480N12229845WA000570007200612
B2225413741476N12229844WA000570007200512
B2225423741472N12229842WA000580007300612
B2225433741467N12229841WA000580007300612
B2225443741463N12229840WA000590007300612
B2225453741458N12229838WA000590007400612
B2225463741454N12229836WA000600007400612
B2225473741450N12229835WA000600007400612
B2225483741446N12229834WA000610007500612
B2225493741441N12229833WA000610007600612
B2225503741437N12229833WA000630007700612
B2225513741433N12229832WA000640007900612
B2225523741429N12229831WA000660008100612
B2225533741425N12229830WA000670008300612
B2225543741422N12229828WA000670008200612
B2225553741418N12229828WA000670008200612
B2225563741414N12229828WA000670008200612
B2225573741410N12229827WA000680008300512
B2225583741406N12229826WA000690008400612
B2225593741402N12229826WA000700008600512
B2226003741398N12229825WA000710008700612
LXNA::AVGSATSNR:38
B2226013741394N12229825WA000710008700612
B2226023741390N12229824WA000710008800612
B2226033741386N12229824WA000720008900612
B2226043741382N12229823WA000720008900612
B2226053741377N12229823WA000730009100612
B2226063741373N12229822WA000740009300612
B2226073741369N12229821WA000760009500612
B2226083741365N12229821WA000770009600612
B2226093741360N12229821WA000770009700512
B2226103741356N12229820WA000780009800612
B2226113741351N12229819WA000800010000612
B2226123741346N12229819WA000820010100612
B2226133741342N12229818WA000840010200612
B2226143741338N12229817WA000840010200612
B2226153741334N12229817WA000840010200512
B2226163741331N12229816WA000850010300512
B2226173741327N12229816WA000850010400512
B2226183741323N12229816WA000860010500512
B2226193741319N12229815WA000870010500512
B2226203741315N12229814WA000880010600512
B2226213741311N12229813WA000880010600512
B2226223741307N12229812WA000880010600512
B2226233741302N12229811WA000900010700512
B2226243741298N12229810WA000900010800512
B2226253741294N12229809WA000910010900512
B2226263741290N12229809WA000920011000512
F222626182025282931051211264648
B2226273741286N12229808WA000930011100512
B2226283741283N12229808WA000940011200512
B2226293741279N12229807WA000940011200512
B2226303741275N12229806WA000940011300512
B2226313741271N12229804WA000960011500512
B2226323741267N12229802WA000970011600512
B2226333741263N12229801WA000980011700612
B2226343741259N12229799WA000980011800612
B2226353741255N12229799WA000980011900612
B2226363741251N12229798WA000990011900512
B2226373741247N12229797WA001000011900612
B2226383741243N12229796WA001000011900512
B2226393741238N12229795WA001000012000512
B2226403741234N12229794WA001010012100512
B2226413741230N12229794WA001020012100512
B2226423741226N12229793WA001020012200512
B2226433741222N12229793WA001030012200512
B2226443741218N12229792WA001030012200512
B2226453741214N12229791WA001030012200512
B2226463741210N12229791WA001040012300512
B2226473741205N12229789WA001040012300512
B2226483741201N12229788WA001050012400512
B2226493741196N12229786WA001050012400512
B2226503741192N12229784WA001060012500612
B2226513741188N12229782WA001080012700512
B2226523741184N12229780WA001090012800612
B2226533741180N12229778WA001110013000612
B2226543741177N12229775WA001120013100612
B2226553741174N12229773WA001130013300612
B2226563741170N12229771WA001140013300612
B2226573741167N12229770WA001140013400612
B2226583741163N12229769WA001140013500612
B2226593741160N12229768WA001150013600612
B2227003741157N12229767WA001170013700512
B2227013741154N12229766WA001190013900512
LXNA::AVGSATSNR:37
B2227023741151N12229766WA001200014000612
B2227033741149N12229766WA001210014100512
B2227043741147N12229767WA001220014200512
B2227053741145N12229769WA001230014300512
B2227063741143N12229771WA001230014500512
B2227073741143N12229775WA001230014600612
B2227083741143N12229778WA001240014900612
B2227093741143N12229782WA001250015000512
B2227103741142N12229786WA001250015200512
B2227113741142N12229789WA001260015300512
B2227123741140N12229790WA001250015200612
B2227133741138N12229791WA001250015300512
B2227143741135N12229790WA001250015300512
B2227153741133N12229788WA001240015300512
B2227163741130N12229785WA001250015400512
B2227173741128N12229782WA001250015400512
B2227183741126N12229778WA001250015400512
B2227193741123N12229774WA001260015500512
B2227203741121N12229771WA001260015500512
B2227213741119N12229767WA001260015500512
B2227223741117N12229764WA001260015400512
B2227233741114N12229760WA001250015400512
B2227243741111N12229756WA001250015300512
B2227253741108N12229753WA001250015300512
B2227263741105N12229749WA001270015400512
B2227273741103N12229747WA001280015500512
B2227283741100N12229744WA001290015600512
B2227293741097N12229741WA001300015700512
B2227303741095N12229738WA001300015800512
B2227313741092N12229735WA001320015800512
B2227323741089N12229732WA001330016000512
B2227333741086N12229730WA001350016100512
B2227343741084N12229728WA001360016200512
B2227353741082N12229727WA001360016200512
B2227363741080N12229727WA001370016200512
B2227373741078N12229728WA001380016300512
B2227383741076N12229730WA001390016500512
B2227393741075N12229732WA001400016700412
B2227403741075N12229735WA001420016800512
B2227413741075N12229737WA001430016800512
B2227423741075N12229739WA001430017100512
B2227433741075N12229742WA001440017100512
B2227443741074N12229744WA001440017200512
B2227453741073N12229746WA001450017300512
B2227463741071N12229747WA001450017400512
B2227473741069N12229748WA001470017600512
B2227483741067N12229748WA001470017700512
B2227493741065N12229748WA001480017800512
LXNA::BAT:discharging,96%,4.104V,-828mA
B2227503741063N12229749WA001480017800612
B2227513741060N12229749WA001480017900612
B2227523741057N12229748WA001490018000512
B2227533741054N12229748WA001500018100512
B2227543741052N12229747WA001510018100512
B2227553741049N12229746WA001510018100512
B2227563741047N12229745WA001520018200512
B2227573741044N12229744WA001520018200612
B2227583741041N12229743WA001530018300612
B2227593741038N12229743WA001540018300512
B2228003741035N12229743WA001550018500512
B2228013741032N12229742WA001560018600512
B2228023741029N12229741WA001580018700512
LXNA::AVGSATSNR:36
B2228033741027N12229740WA001590018800512
B2228043741024N12229739WA001590018900512
B2228053741022N12229739WA001600018900512
B2228063741020N12229738WA001600019000512
B2228073741017N12229736WA001610019100512
B2228083741015N12229735WA001620019200512
B2228093741012N12229733WA001620019300512
B2228103741010N12229731WA001620019300612
B2228113741008N12229730WA001620019300612
B2228123741005N12229729WA001620019300612
B2228133741002N12229728WA001630019400612
B2228143740999N12229728WA001630019500612
B2228153740997N12229727WA001650019600512
B2228163740995N12229726WA001660019700512
B2228173740992N12229726WA001680019800512
B2228183740990N12229726WA001690019800512
B2228193740987N12229726WA001690019800512
B2228203740984N12229727WA001700019900512
B2228213740982N12229728WA001710020100512
B2228223740980N12229728WA001730020200512
K222822185999
B2228233740978N12229728WA001740020400512
B2228243740976N12229729WA001730020500512
B2228253740974N12229730WA001730020500512
B2228263740972N12229732WA001750020600512
B2228273740970N12229733WA001770020700512
B2228283740969N12229735WA001780020900512
B2228293740967N12229736WA001790021000512
B2228303740965N12229736WA001790021000512
B2228313740963N12229737WA001790021100512
B2228323740961N12229737WA001800021100512
B2228333740959N12229738WA001800021200512
B2228343740957N12229739WA001810021300512
B2228353740955N12229739WA001810021300512
B2228363740953N12229739WA001810021400512
B2228373740950N12229739WA001820021400512
B2228383740948N12229740WA001830021400512
B2228393740946N12229740WA001820021300512
B2228403740944N12229741WA001800021100512
B2228413740940N12229741WA001780020900512
B2228423740936N12229742WA001770020800512
B2228433740932N12229742WA001780020800512
B2228443740929N12229742WA001790020900512
B2228453740926N12229742WA001800020900512
B2228463740923N12229741WA001800020900512
B2228473740920N12229740WA001780020700512
B2228483740916N12229740WA001770020500512
B2228493740912N12229740WA001760020500512
B2228503740908N12229739WA001770020500512
B2228513740904N12229738WA001770020500512
B2228523740901N12229738WA001770020500512
B2228533740898N12229737WA001770020500512
B2228543740894N12229736WA001760020400512
B2228553740890N12229735WA001770020500412
B2228563740887N12229735WA001770020600512
B2228573740884N12229734WA001770020700512
B2228583740882N12229733WA001780020700512
B2228593740879N12229733WA001770020600512
B2229003740876N12229732WA001760020500512
B2229013740873N12229732WA001750020400512
B2229023740870N12229731WA001750020300512
B2229033740866N12229731WA001750020400512
B2229043740863N12229730WA001770020500512
LXNA::AVGSATSNR:34
B2229053740860N12229729WA001770020600512
B2229063740857N12229728WA001770020600512
B2229073740855N12229727WA001770020600512
B2229083740852N12229726WA001760020500512
B2229093740849N12229725WA001750020400512
B2229103740845N12229724WA001750020300512
B2229113740842N12229724WA001750020200512
B2229123740839N12229723WA001750020300512
B2229133740836N12229723WA001750020400512
B2229143740833N12229722WA001740020300512
B2229153740830N12229721WA001730020100512
B2229163740827N12229721WA001710019900512
B2229173740822N12229720WA001690019800512
B2229183740817N12229719WA001700019800512
B2229193740812N12229718WA001720019900512
B2229203740808N12229717WA001750020100512
B2229213740804N12229716WA001760020200512
B2229223740800N12229715WA001760020300512
B2229233740797N12229714WA001760020400512
B2229243740792N12229714WA001760020400512
B2229253740788N12229713WA001770020400512
B2229263740784N12229712WA001770020600512
B2229273740780N12229710WA001780020600512
B2229283740776N12229708WA001780020600612
F222928182025282931051226464815
B2229293740771N12229706WA001790020700612
B2229303740767N12229704WA001800020900512
B2229313740764N12229702WA001820021100512
B2229323740760N12229700WA001830021300512
B2229333740757N12229699WA001830021300512
B2229343740754N12229697WA001830021200412
B2229353740751N12229696WA001820021100512
B2229363740747N12229696WA001800021100512
B2229373740743N12229695WA001800021000512
B2229383740738N12229695WA001820021100512
B2229393740735N12229694WA001860021500512
B2229403740733N12229693WA001880021700512
B2229413740731N12229693WA001900021900512
B2229423740729N12229692WA001910022000512
B2229433740727N12229692WA001910022000512
B2229443740725N12229693WA001890021900512
B2229453740722N12229694WA001870021800512
B2229463740718N12229695WA001850021700512
B2229473740714N12229695WA001870021700512
B2229483740710N12229695WA001880021800412
B2229493740706N12229694WA001900022000512
B2229503740703N12229693WA001910022000512
B2229513740700N12229693WA001900022100512
B2229523740696N12229693WA001900022000512
B2229533740692N12229693WA001890021900512
B2229543740688N12229693WA001890021800512
B2229553740684N12229692WA001890021800512
B2229563740680N12229692WA001900021800512
B2229573740676N12229691WA001910021800512
B2229583740672N12229690WA001920021900512
B2229593740669N12229689WA001920021900512
B2230003740665N12229688WA001910021900512
B2230013740661N12229687WA001900021900512
B2230023740657N12229686WA001900021800512
B2230033740653N12229685WA001900021800512
B2230043740648N12229683WA001900021900512
B2230053740644N12229682WA001910021900512
LXNA::AVGSATSNR:37
B2230063740640N12229680WA001910022000512
B2230073740636N12229678WA001910022100512
B2230083740631N12229676WA001910022100512
B2230093740627N12229675WA001910022100512
B2230103740623N12229673WA001910022200512
B2230113740618N12229671WA001910022200512
B2230123740613N12229669WA001910022300512
B2230133740609N12229666WA001910022500512
B2230143740605N12229664WA001920022500512
B2230153740601N12229662WA001920022600512
B2230163740596N12229661WA001930022700512
B2230173740593N12229660WA001940022700512
B2230183740589N12229660WA001940022700512
B2230193740586N12229660WA001940022700512
B2230203740583N12229659WA001940022700512
B2230213740579N12229659WA001950022800512
B2230223740575N12229659WA001950022900512
B2230233740571N12229659WA001960022900512
B2230243740567N12229658WA001970023000512
B2230253740564N12229657WA001970023100512
B2230263740561N12229656WA001970023100512
B2230273740557N12229654WA001970023000512
B2230283740553N12229653WA001970023000512
B2230293740549N12229651WA001980023000612
B2230303740545N12229649WA001990023200612
B2230313740541N12229647WA002000023200512
B2230323740538N12229646WA002000023200612
B2230333740535N12229644WA002000023300512
B2230343740531N12229643WA002010023300512
B2230353740527N12229642WA002010023300512
B2230363740523N12229641WA002020023400512
B2230373740520N12229640WA002040023600512
B2230383740517N12229638WA002050023600612
B2230393740513N12229636WA002050023700512
B2230403740510N12229634WA002060023800512
B2230413740507N12229633WA002070023900512
B2230423740504N12229632WA002080024000512
B2230433740501N12229632WA002090024100512
B2230443740499N12229631WA002100024100512
B2230453740496N12229630WA002100024200612
B2230463740493N12229630WA002110024200612
B2230473740491N12229630WA002120024300512
B2230483740488N12229629WA002120024400612
B2230493740486N12229630WA002130024400512
B2230503740484N12229630WA002130024500512
LXNA::BAT:discharging,96%,4.075V,-816mA
B2230513740482N12229631WA002140024600512
B2230523740481N12229633WA002150024800512
B2230533740479N12229635WA002160025100512
B2230543740478N12229637WA002180025200512
B2230553740477N12229639WA002180025300612
B2230563740476N12229642WA002190025300512
B2230573740475N12229645WA002200025300612
B2230583740474N12229647WA002200025600612
B2230593740473N12229649WA002190025700512
B2231003740472N12229651WA002190025800612
B2231013740470N12229654WA002190026000612
B2231023740469N12229658WA002190026200612
B2231033740468N12229661WA002210026300612
B2231043740467N12229664WA002210026300512
B2231053740466N12229667WA002220026300612
B2231063740466N12229670WA002210026400612
LXNA::AVGSATSNR:34
B2231073740465N12229673WA002200026300612
B2231083740464N12229677WA002190026300612
B2231093740462N12229680WA002190026300612
B2231103740461N12229684WA002200026300612
B2231113740459N12229688WA002210026400612
B2231123740457N12229690WA002220026700612
B2231133740457N12229689WA002220027100512
B2231143740455N12229692WA002220027000612
B2231153740456N12229695WA002210026800612
B2231163740456N12229698WA002200026700612
B2231173740455N12229701WA002200026900612
B2231183740454N12229706WA002210026700612
B2231193740454N12229709WA002210026900512
B2231203740453N12229712WA002200026800512
B2231213740452N12229715WA002210026700512
B2231223740451N12229719WA002200026600512
B2231233740449N12229723WA002200026500512
K223123185999
B2231243740447N12229726WA002200026500512
B2231253740446N12229729WA002200026600612
B2231263740444N12229732WA002200026600612
B2231273740443N12229736WA002190026500612
B2231283740441N12229739WA002190026500612
B2231293740440N12229742WA002180026500612
B2231303740438N12229746WA002170026400612
B2231313740437N12229750WA002170026400512
B2231323740436N12229754WA002170026300512
B2231333740435N12229757WA002170026400512
B2231343740434N12229761WA002170026600612
B2231353740433N12229764WA002160026500512
B2231363740432N12229768WA002160026500512
B2231373740431N12229771WA002150026500512
B2231383740431N12229775WA002140026500512
B2231393740429N12229778WA002130026400612
B2231403740428N12229782WA002130026200512
B2231413740426N12229786WA002120026100512
B2231423740425N12229789WA002120026000512
B2231433740424N12229792WA002110025900512
B2231443740423N12229795WA002100025900512
B2231453740421N12229799WA002100025800512
B2231463740420N12229802WA002090025600512
B2231473740419N12229805WA002080025600512
B2231483740417N12229809WA002080025600612
B2231493740416N12229812WA002080025500612
B2231503740415N12229816WA002080025300612
B2231513740414N12229820WA002070025200612
B2231523740413N12229823WA002070025200612
B2231533740413N12229827WA002060025000512
B2231543740412N12229831WA002040025000512
B2231553740411N12229835WA002030024900612
B2231563740410N12229839WA002030024600612
B2231573740409N12229843WA002020024700612
B2231583740408N12229847WA002020024700612
B2231593740407N12229851WA002010024600612
B2232003740406N12229855WA002000024500612
B2232013740405N12229859WA002000024500612
B2232023740404N12229863WA002000024400512
B2232033740403N12229867WA001990024300612
B2232043740403N12229870WA001980024200612
B2232053740402N12229874WA001970024100612
B2232063740402N12229878WA001960024000612
B2232073740401N12229882WA001950023900612
LXNA::AVGSATSNR:35
B2232083740401N12229886WA001950023700612
B2232093740402N12229890WA001940023700612
B2232103740402N12229894WA001930023500612
B2232113740403N12229899WA001920023400612
B2232123740404N12229903WA001900023300612
B2232133740404N12229908WA001880023600612
B2232143740405N12229913WA001870023400612
B2232153740406N12229918WA001860023300612
B2232163740407N12229923WA001850023300612
B2232173740408N12229928WA001860023200612
B2232183740409N12229932WA001850023200612
B2232193740410N12229936WA001850023200612
B2232203740411N12229940WA001840023100612
B2232213740411N12229944WA001820023000612
B2232223740411N12229949WA001810023000612
B2232233740412N12229954WA001810023100612
B2232243740412N12229958WA001820023100612
B2232253740413N12229962WA001810023200612
B2232263740413N12229967WA001810023300612
B2232273740414N12229971WA001810023300612
B2232283740414N12229976WA001810023300612
B2232293740415N12229980WA001800023200612
B2232303740415N12229985WA001790023100612
B2232313740416N12229990WA001790023200712
B2232323740417N12229995WA001790023200612
B2232333740419N12229999WA001780023100612
B2232343740420N12230004WA001780023100612
F223234182025282931051226461523
B2232353740421N12230008WA001770022900612
B2232363740423N12230012WA001760022800612
B2232373740424N12230017WA001750022700612
B2232383740425N12230021WA001740022400612
B2232393740427N12230026WA001730022300612
B2232403740428N12230031WA001720022100612
B2232413740429N12230035WA001710022100612
B2232423740430N12230040WA001700022000612
B2232433740431N12230044WA001700022000612
B2232443740432N12230048WA001690021800612
B2232453740433N12230053WA001660021800612
B2232463740434N12230058WA001650021800612
B2232473740435N12230063WA001660021800612
B2232483740435N12230068WA001680022200612
B2232493740434N12230070WA001670022200512
B2232503740432N12230069WA001650022000612
B2232513740430N12230065WA001640021800612
B2232523740428N12230059WA001620021600612
B2232533740427N12230051WA001590021200612
B2232543740428N12230039WA001570020800612
B2232553740429N12230029WA001570020600612
B2232563740432N12230019WA001570020300512
B2232573740434N12230010WA001560019900512
B2232583740437N12230000WA001540019600412
B2232593740439N12229991WA001520019200412
B2233003740440N12229981WA001500019000512
B2233013740442N12229971WA001480018700512
B2233023740444N12229959WA001480018600512
B2233033740446N12229948WA001480018400512
B2233043740449N12229938WA001480018300512
B2233053740451N12229928WA001470018100512
B2233063740453N12229919WA001460017800512
B2233073740454N12229909WA001440017600512
B2233083740456N12229898WA001430017400512
LXNA::AVGSATSNR:33
B2233093740458N12229888WA001420017200512
B2233103740460N12229877WA001420017100512
B2233113740462N12229866WA001420017100512
B2233123740464N12229856WA001410016900512
B2233133740466N12229846WA001400016900512
B2233143740468N12229836WA001390016700512
B2233153740470N12229825WA001380016600512
B2233163740472N12229814WA001380016500512
B2233173740474N12229803WA001370016400512
B2233183740475N12229792WA001380016400512
B2233193740477N12229782WA001380016400512
B2233203740479N12229771WA001370016400512
B2233213740480N12229760WA001370016400512
B2233223740481N12229750WA001380016300512
B2233233740481N12229739WA001380016400512
B2233243740481N12229729WA001390016400512
B2233253740481N12229719WA001390016400612
B2233263740480N12229710WA001390016500612
B2233273740479N12229701WA001400016500612
B2233283740478N12229692WA001400016500612
B2233293740475N12229684WA001410016600612
B2233303740473N12229677WA001410016700612
B2233313740470N12229670WA001420016900512
B2233323740467N12229663WA001420017000512
B2233333740463N12229653WA001430017400512
B2233343740459N12229648WA001430017500512
B2233353740456N12229644WA001430017500512
B2233363740452N12229641WA001440017500512
B2233373740448N12229638WA001440017500512
B2233383740444N12229636WA001440017500412
B2233393740441N12229633WA001450017500412
B2233403740437N12229630WA001460017700412
B2233413740433N12229629WA001460017700412
B2233423740429N12229627WA001470017800512
B2233433740425N12229625WA001480017800512
B2233443740421N12229623WA001480017800512
B2233453740417N12229620WA001490017800412
B2233463740414N12229618WA001500017800512
B2233473740410N12229616WA001500017800412
B2233483740406N12229613WA001490017800412
B2233493740402N12229611WA001500017800512
B2233503740399N12229609WA001510017800512
B2233513740395N12229607WA001520017900512
LXNA::BAT:discharging,96%,4.085V,-816mA
B2233523740392N12229604WA001520017900512
B2233533740388N12229602WA001520017900512
B2233543740385N12229600WA001500017800512
B2233553740381N12229598WA001500017800512
B2233563740377N12229596WA001500017700512
B2233573740374N12229594WA001510017900512
B2233583740371N12229593WA001510018000512
B2233593740367N12229592WA001510018000512
B2234003740364N12229592WA001510017900512
B2234013740361N12229591WA001500017900512
B2234023740358N12229591WA001510017800512
B2234033740354N12229591WA001500017800512
B2234043740351N12229591WA001500017700512
B2234053740348N12229591WA001500017700512
B2234063740344N12229591WA001500017700512
B2234073740341N12229591WA001500017900512
B2234083740337N12229590WA001490017900512
B2234093740333N12229590WA001500018000512
LXNA::AVGSATSNR:36
B2234103740329N12229588WA001510018100512
B2234113740325N12229587WA001510018100512
B2234123740321N12229585WA001520018200512
B2234133740317N12229583WA001530018200512
B2234143740313N12229581WA001530018300512
B2234153740309N12229578WA001530018300512
B2234163740305N12229575WA001540018400512
B2234173740301N12229572WA001540018400512
B2234183740297N12229569WA001550018500512
B2234193740294N12229566WA001560018600512
B2234203740290N12229562WA001560018700512
B2234213740286N12229558WA001570018800512
B2234223740282N12229554WA001570018900512
B2234233740278N12229550WA001580019000512
B2234243740275N12229546WA001590019100512
K223424185999
B2234253740272N12229542WA001590019200512
B2234263740269N12229538WA001590019300512
B2234273740265N12229534WA001590019300512
B2234283740261N12229530WA001600019300512
B2234293740257N12229526WA001600019300512
B2234303740253N12229523WA001600019300512
B2234313740250N12229519WA001610019400512
B2234323740246N12229515WA001610019500512
B2234333740241N12229512WA001620019600512
B2234343740238N12229509WA001630019600512
B2234353740234N12229506WA001630019600512
B2234363740230N12229503WA001640019700512
B2234373740226N12229501WA001640019600512
B2234383740222N12229498WA001640019600512
B2234393740219N12229496WA001640019600512
B2234403740215N12229495WA001650019700512
B2234413740212N12229495WA001670019800512
B2234423740210N12229495WA001690020100512
B2234433740209N12229497WA001700020200512
B2234443740209N12229499WA001710020300512
B2234453740210N12229502WA001710020300512
B2234463740210N12229505WA001720020500512
B2234473740211N12229508WA001730020500512
B2234483740211N12229511WA001750020700412
B2234493740211N12229515WA001760020900512
B2234503740211N12229518WA001770021000512
B2234513740212N12229522WA001780021100512
B2234523740212N12229525WA001780021100512
B2234533740212N12229529WA001790021300512
B2234543740211N12229532WA001800021500512
B2234553740211N12229535WA001820021600612
B2234563740210N12229538WA001830021700612
B2234573740210N12229541WA001840021800612
B2234583740209N12229544WA001840021800612
B2234593740210N12229548WA001830021800512
B2235003740210N12229551WA001840021900512
B2235013740209N12229554WA001840022000612
B2235023740207N12229557WA001860022200512
B2235033740206N12229560WA001870022400512
B2235043740205N12229562WA001890022400512
B2235053740204N12229565WA001890022500512
B2235063740203N12229568WA001900022500612
B2235073740202N12229570WA001900022400612
B2235083740200N12229573WA001900022400612
B2235093740198N12229575WA001910022600512
B2235103740196N12229577WA001920022700512
LXNA::AVGSATSNR:36
B2235113740195N12229579WA001930022700512
B2235123740193N12229580WA001930022900512
B2235133740191N12229581WA001940022900512
B2235143740189N12229582WA001930022900512
B2235153740187N12229583WA001930022800512
B2235163740184N12229585WA001910022800512
B2235173740181N12229587WA001910022800512
B2235183740179N12229590WA001920022800512
B2235193740177N12229592WA001920022800512
B2235203740174N12229595WA001910022900512
B2235213740171N12229597WA001890022700512
B2235223740168N12229600WA001890022700512
B2235233740165N12229602WA001890022900512
B2235243740162N12229605WA001890022900512
B2235253740158N12229607WA001890022900412
B2235263740156N12229610WA001890022800512
B2235273740153N12229613WA001870022600512
B2235283740151N12229617WA001840022400512
B2235293740147N12229620WA001800022100512
B2235303740142N12229622WA001790021900512
B2235313740138N12229625WA001780021900512
B2235323740133N12229628WA001780021800412
B2235333740129N12229630WA001780021800412
B2235343740125N12229632WA001770021600412
B2235353740121N12229634WA001750021300412
F223535182025283105121126464815
B2235363740117N12229636WA001730021000512
B2235373740113N12229638WA001700020700512
B2235383740108N12229641WA001670020400512
B2235393740104N12229644WA001650020100512
B2235403740099N12229647WA001640019900412
B2235413740095N12229650WA001630019700412
B2235423740091N12229653WA001610019600412
B2235433740088N12229655WA001590019600512
B2235443740084N12229657WA001580019300512
B2235453740080N12229660WA001550019000512
B2235463740076N12229662WA001530018800512
B2235473740071N12229664WA001510018600512
B2235483740067N12229667WA001500018400512
B2235493740063N12229668WA001480018200512
B2235503740058N12229670WA001460018100512
B2235513740055N12229672WA001450017900512
B2235523740051N12229674WA001430017700512
B2235533740047N12229676WA001400017500512
B2235543740044N12229678WA001380017400512
B2235553740039N12229679WA001360017100512
B2235563740034N12229680WA001350016900612
B2235573740030N12229681WA001330016700612
B2235583740025N12229683WA001310016500512
B2235593740021N12229685WA001300016400512
B2236003740017N12229687WA001270016200512
B2236013740012N12229688WA001250015900512
B2236023740008N12229688WA001240015800512
B2236033740003N12229689WA001230015600512
B2236043739998N12229690WA001200015400512
B2236053739994N12229691WA001190015200512
B2236063739989N12229692WA001180015100512
B2236073739984N12229692WA001160014900512
B2236083739979N12229692WA001150014800512
B2236093739974N12229692WA001130014700512
B2236103739969N12229692WA001130014600512
B2236113739965N12229692WA001120014500512
LXNA::AVGSATSNR:36
B2236123739960N12229691WA001100014300512
B2236133739956N12229691WA001070014200412
B2236143739951N12229690WA001070014200512
B2236153739946N12229689WA001080014300512
B2236163739942N12229688WA001090014300512
B2236173739939N12229688WA001090014200512
B2236183739936N12229687WA001080014200512
B2236193739932N12229687WA001050014000412
B2236203739928N12229687WA001040013900512
B2236213739923N12229686WA001020013600512
B2236223739919N12229687WA001000013400512
B2236233739913N12229687WA000990013300512
B2236243739908N12229687WA000980013300512
B2236253739902N12229688WA000980013200512
B2236263739897N12229689WA000970013200512
B2236273739893N12229690WA000980013200512
B2236283739888N12229691WA001000013300512
B2236293739885N12229692WA001020013300512
B2236303739882N12229692WA001010013201012
B2236313739878N12229692WA001000013101012
B2236323739876N12229692WA000990013100612
B2236333739872N12229691WA000970013000512
B2236343739868N12229691WA000960012800512
B2236353739863N12229689WA000950012700512
B2236363739859N12229686WA000940012600512
B2236373739855N12229684WA000940012500512
B2236383739850N12229681WA000930012400512
B2236393739846N12229679WA000920012300512
B2236403739842N12229676WA000910012100412
B2236413739837N12229672WA000900012000512
B2236423739833N12229669WA000900012100512
B2236433739829N12229667WA000910012100512
B2236443739824N12229666WA000920012200512
B2236453739820N12229664WA000920012300512
B2236463739815N12229662WA000920012300512
B2236473739811N12229661WA000910012300512
B2236483739806N12229658WA000910012200512
B2236493739800N12229656WA000910012200412
B2236503739795N12229653WA000920012100512
B2236513739790N12229650WA000920012100512
B2236523739785N12229647WA000910012100512
LXNA::BAT:discharging,95%,4.090V,-834mA
B2236533739780N12229644WA000910012100512
B2236543739776N12229641WA000910012000512
B2236553739771N12229638WA000920012100512
B2236563739767N12229636WA000920012000512
B2236573739763N12229633WA000910011900512
B2236583739759N12229631WA000900011800512
B2236593739754N12229630WA000880011600512
B2237003739749N12229629WA000850011500512
B2237013739744N12229628WA000850011300512
B2237023739739N12229627WA000860011400512
B2237033739734N12229626WA000840011300512
B2237043739728N12229625WA000840011100412
B2237053739724N12229624WA000830011000512
B2237063739719N12229624WA000820010900512
B2237073739714N12229623WA000810010700512
B2237083739709N12229621WA000790010600512
B2237093739704N12229621WA000780010400512
B2237103739699N12229620WA000760010200512
B2237113739694N12229619WA000750010000512
B2237123739689N12229618WA000740009900512
LXNA::AVGSATSNR:34
B2237133739684N12229617WA000720009800412
B2237143739679N12229616WA000710009600512
B2237153739674N12229615WA000700009400512
B2237163739669N12229615WA000680009300512
B2237173739664N12229615WA000670009200512
B2237183739659N12229614WA000660009100512
B2237193739654N12229613WA000650009000512
B2237203739649N12229611WA000640008900512
B2237213739644N12229610WA000630008900512
B2237223739639N12229610WA000620008700512
B2237233739634N12229609WA000610008700512
B2237243739628N12229609WA000610008700512
B2237253739624N12229608WA000620008800412
K223725185999
B2237263739619N12229608WA000630008800512
B2237273739614N12229607WA000630008900512
B2237283739610N12229605WA000640008900512
B2237293739606N12229604WA000650009100512
B2237303739603N12229604WA000650009100512
B2237313739600N12229605WA000650009100512
B2237323739596N12229605WA000640009200512
B2237333739592N12229606WA000640009200512
B2237343739588N12229606WA000650009300512
B2237353739585N12229606WA000660009400512
B2237363739581N12229605WA000650009500512
B2237373739578N12229604WA000650009500512
B2237383739574N12229603WA000640009400512
B2237393739570N12229602WA000620009300512
B2237403739566N12229601WA000610009200512
B2237413739561N12229601WA000620009200512
B2237423739557N12229600WA000620009200512
B2237433739552N12229599WA000630009300512
B2237443739548N12229598WA000640009300512
B2237453739544N12229597WA000640009300512
B2237463739540N12229596WA000640009400512
B2237473739536N12229594WA000650009400512
B2237483739532N12229593WA000650009400512
B2237493739529N12229592WA000650009400512
B2237503739526N12229591WA000660009500512
B2237513739523N12229591WA000680009600512
B2237523739521N12229590WA000680009800412
B2237533739519N12229589WA000680010100412
B2237543739516N12229588WA000680010100412
B2237553739513N12229588WA000700010200412
B2237563739510N12229588WA000710010200412
B2237573739508N12229587WA000710010200512
B2237583739505N12229587WA000710010200412
B2237593739502N12229587WA000720010300512
B2238003739499N12229586WA000730010400512
B2238013739497N12229585WA000740010500412
B2238023739495N12229584WA000740010500512
B2238033739493N12229584WA000730010400512
B2238043739491N12229584WA000720010200412
B2238053739488N12229585WA000710010000512
B2238063739485N12229586WA000700009900512
B2238073739481N12229586WA000700010000512
B2238083739478N12229586WA000710010100512
B2238093739475N12229586WA000720010200512
B2238103739472N12229585WA000740010200512
B2238113739470N12229584WA000740010300512
B2238123739467N12229584WA000740010400512
B2238133739464N12229583WA000730010300512
LXNA::AVGSATSNR:35
B2238143739461N12229583WA000720010300512
B2238153739458N12229582WA000720010200512
B2238163739455N12229582WA000710010300512
B2238173739451N12229581WA000710010300512
B2238183739447N12229581WA000710010300612
B2238193739444N12229580WA000720010400512
B2238203739441N12229580WA000710010300512
B2238213739438N12229579WA000710010300512
B2238223739435N12229579WA000700010300512
B2238233739432N12229578WA000690010200612
B2238243739429N12229577WA000680010200712
B2238253739425N12229578WA000680010100512
B2238263739421N12229578WA000680009900612
B2238273739417N12229577WA000680010000612
B2238283739414N12229576WA000690010000612
B2238293739411N12229576WA000690010000612
B2238303739408N12229576WA000690010000612
B2238313739406N12229577WA000690009900612
B2238323739403N12229578WA000680010000612
B2238333739400N12229579WA000690010100612
B2238343739397N12229580WA000700010200612
B2238353739394N12229581WA000700010200712
B2238363739392N12229582WA000700010300712
F223836182025283105122646481523
B2238373739389N12229583WA000700010300812
B2238383739385N12229584WA000700010200612
B2238393739381N12229584WA000690010100612
B2238403739377N12229585WA000690010100612
B2238413739374N12229585WA000700010100612
B2238423739371N12229585WA000710010100512
B2238433739367N12229585WA000710010100612
B2238443739365N12229585WA000710010300612
B2238453739362N12229585WA000700010300512
B2238463739358N12229585WA000710010300612
B2238473739354N12229584WA000710010400612
B2238483739351N12229584WA000720010400612
B2238493739348N12229583WA000720010500512
B2238503739345N12229581WA000720010500512
B2238513739342N12229580WA000720010400512
B2238523739338N12229580WA000710010400512
B2238533739335N12229580WA000710010300512
B2238543739331N12229580WA000710010300512
B2238553739328N12229580WA000710010200512
B2238563739325N12229581WA000710010100512
B2238573739323N12229581WA000710010300512
B2238583739320N12229581WA000700010300512
B2238593739316N12229581WA000700010200512
B2239003739313N12229582WA000700010200512
B2239013739310N12229582WA000700010200512
B2239023739306N12229582WA000700010200612
B2239033739303N12229582WA000700010200512
B2239043739299N12229582WA000700010200612
B2239053739296N12229583WA000700010200512
B2239063739293N12229583WA000700010200512
B2239073739290N12229584WA000700010100512
B2239083739288N12229585WA000700010100512
B2239093739285N12229585WA000690010000512
B2239103739281N12229586WA000680009900512
B2239113739278N12229587WA000670009800512
B2239123739275N12229588WA000670009800512
B2239133739272N12229589WA000670009800512
B2239143739269N12229590WA000670009700512
LXNA::AVGSATSNR:35
B2239153739266N12229590WA000670009600512
B2239163739263N12229591WA000670009600512
B2239173739260N12229592WA000660009600512
B2239183739257N12229592WA000660009600512
B2239193739254N12229593WA000660009500512
B2239203739250N12229594WA000650009500512
B2239213739247N12229594WA000650009400512
B2239223739243N12229595WA000650009400512
B2239233739240N12229596WA000650009400512
B2239243739237N12229597WA000660009500512
B2239253739234N12229597WA000660009500512
B2239263739231N12229597WA000660009500512
B2239273739228N12229597WA000650009500512
B2239283739225N12229598WA000650009500512
B2239293739221N12229597WA000650009400612
B2239303739218N12229597WA000650009400612
B2239313739214N12229597WA000640009400512
B2239323739211N12229597WA000640009400612
B2239333739208N12229596WA000640009500512
B2239343739205N12229596WA000640009400512
B2239353739202N12229596WA000640009400512
B2239363739199N12229596WA000640009300512
B2239373739196N12229596WA000630009300512
B2239383739193N12229597WA000630009300512
B2239393739189N12229598WA000620009200512
B2239403739187N12229598WA000620009100512
B2239413739184N12229599WA000620009100512
B2239423739181N12229599WA000610009000512
B2239433739178N12229600WA000600009000512
B2239443739175N12229600WA000600008900512
B2239453739172N12229601WA000600008800512
B2239463739169N12229601WA000590008700512
B2239473739166N12229602WA000590008600512
B2239483739163N12229602WA000590008600512
B2239493739160N12229602WA000590008600512
B2239503739156N12229602WA000590008600512
B2239513739153N12229602WA000580008600512
B2239523739150N12229602WA000580008600512
B2239533739146N12229602WA000580008500512
LXNA::BAT:discharging,95%,4.103V,-810mA
B2239543739143N12229601WA000570008400612
B2239553739140N12229601WA000570008400512
B2239563739136N12229600WA000560008400512
B2239573739133N12229600WA000560008400512
B2239583739130N12229599WA000560008400512
B2239593739126N12229599WA000560008400512
B2240003739123N12229599WA000560008400512
B2240013739120N12229599WA000550008300512
B2240023739117N12229599WA000540008300512
B2240033739114N12229600WA000540008300512
B2240043739110N12229600WA000540008300512
B2240053739107N12229600WA000540008300512
B2240063739104N12229600WA000540008300512
B2240073739101N12229599WA000530008300512
B2240083739098N12229599WA000530008400512
B2240093739094N12229598WA000530008400512
B2240103739091N12229597WA000530008400612
B2240113739087N12229596WA000530008400512
B2240123739084N12229596WA000540008500612
B2240133739081N12229595WA000540008500512
B2240143739078N12229595WA000540008400512
B2240153739075N12229595WA000530008400512
B2240163739072N12229596WA000530008400512
LXNA::AVGSATSNR:34
B2240173739068N12229596WA000530008200512
B2240183739065N12229596WA000540008200512
B2240193739062N12229596WA000540008300512
B2240203739060N12229596WA000540008200512
B2240213739057N12229596WA000530008200512
B2240223739054N12229595WA000530008100512
B2240233739051N12229595WA000530008100512
B2240243739048N12229595WA000530008100512
B2240253739046N12229595WA000530008000512
B2240263739043N12229595WA000530008000512
K224026185999
B2240273739040N12229595WA000510007900512
B2240283739037N12229596WA000510007800512
B2240293739034N12229596WA000510007800512
B2240303739031N12229596WA000520007900512
B2240313739029N12229596WA000530008000512
B2240323739027N12229596WA000550008100512
B2240333739026N12229596WA000550008300512
B2240343739025N12229597WA000550008400612
B2240353739023N12229599WA000540008300512
B2240363739021N12229600WA000540008300512
B2240373739018N12229601WA000540008300512
B2240383739015N12229602WA000550008400512
B2240393739013N12229602WA000560008600512
B2240403739010N12229603WA000570008700512
B2240413739007N12229603WA000580008800512
B2240423739005N12229603WA000580008800512
B2240433739003N12229604WA000590008800512
B2240443739001N12229604WA000600008900412
B2240453738999N12229605WA000610009100512
B2240463738997N12229604WA000610009300412
B2240473738995N12229603WA000620009400512
B2240483738993N12229603WA000630009400512
B2240493738991N12229602WA000620009400512
B2240503738989N12229602WA000610009400512
B2240513738986N12229603WA000600009300512
B2240523738984N12229603WA000600009300512
B2240533738982N12229603WA000600009200512
B2240543738980N12229603WA000600009100512
B2240553738977N12229603WA000600009100512
B2240563738975N12229603WA000600009100512
B2240573738973N12229603WA000590009100512
B2240583738971N12229604WA000590009100512
B2240593738971N12229605WA000600009000512
B2241003738972N12229607WA000590009000512
B2241013738974N12229610WA000580008800512
B2241023738977N12229613WA000570008600412
B2241033738982N12229615WA000570008500512
B2241043738987N12229617WA000560008400512
B2241053738993N12229617WA000560008300512
B2241063738999N12229615WA000550008100512
B2241073739006N12229613WA000540008000512
B2241083739013N12229610WA000540007800512
B2241093739019N12229608WA000540007700512
B2241103739026N12229606WA000540007700512
B2241113739032N12229604WA000540007600512
B2241123739038N12229603WA000540007500512
B2241133739044N12229602WA000530007400512
B2241143739050N12229601WA000520007300512
B2241153739054N12229601WA000520007000512
B2241163739062N12229602WA000520006900512
B2241173739068N12229604WA000530007100512
LXNA::AVGSATSNR:36
B2241183739073N12229605WA000540007300512
B2241193739080N12229605WA000550007000612
B2241203739085N12229606WA000550007100512
B2241213739092N12229607WA000560007100612
B2241223739098N12229608WA000560007000512
B2241233739105N12229609WA000560006900512
B2241243739111N12229608WA000560006900512
B2241253739118N12229608WA000560006800512
B2241263739124N12229606WA000560007000512
B2241273739130N12229605WA000560007000512
B2241283739137N12229605WA000550007000512
B2241293739143N12229604WA000540006900512
B2241303739150N12229604WA000530006800512
B2241313739157N12229604WA000530006900612
B2241323739164N12229605WA000540007100612
B2241333739171N12229605WA000540007100512
B2241343739178N12229606WA000540007000612
B2241353739185N12229607WA000530006900612
B2241363739193N12229606WA000520006800512
B2241373739200N12229606WA000520006700612
F2241371820252829310512112623
B2241383739208N12229605WA000530006700512
B2241393739216N12229605WA000520006600512
B2241403739223N12229604WA000510006600612
B2241413739232N12229603WA000510006400512
B2241423739240N12229602WA000500006300612
B2241433739248N12229602WA000500006300512
B2241443739256N12229602WA000510006400512
B2241453739262N12229601WA000520006400512
B2241463739269N12229600WA000530006500512
B2241473739275N12229598WA000530006500512
B2241483739281N12229597WA000530006500512
B2241493739288N12229596WA000520006400512
B2241503739296N12229595WA000510006300512
B2241513739303N12229594WA000520006300512
B2241523739310N12229592WA000520006400512
B2241533739317N12229591WA000530006500512
B2241543739324N12229589WA000540006600512
B2241553739331N12229587WA000550006700512
B2241563739337N12229585WA000560006800512
B2241573739343N12229584WA000570006900512
B2241583739349N12229583WA000570006900512
B2241593739355N12229582WA000560007000512
B2242003739361N12229581WA000550006900512
B2242013739367N12229581WA000550007000512
B2242023739373N12229581WA000570007100512
B2242033739379N12229581WA000570007200612
B2242043739385N12229580WA000590007400612
B2242053739391N12229579WA000610007500612
B2242063739397N12229578WA000610007600612
B2242073739402N12229577WA000610007600512
B2242083739407N12229576WA000610007700512
B2242093739413N12229574WA000610007700512
B2242103739419N12229573WA000620007800512
B2242113739426N12229572WA000620007800512
B2242123739432N12229571WA000630007900512
B2242133739438N12229571WA000640008000512
B2242143739444N12229571WA000640008100512
B2242153739449N12229571WA000640008200512
B2242163739455N12229571WA000640008100512
B2242173739461N12229571WA000630008100512
B2242183739466N12229572WA000620008000512
LXNA::AVGSATSNR:37
B2242193739472N12229573WA000620008000512
B2242203739477N12229574WA000610008000512
B2242213739482N12229575WA000610008000512
B2242223739488N12229575WA000610008000512
B2242233739493N12229576WA000610008000512
B2242243739497N12229577WA000610008000512
B2242253739502N12229578WA000610008000512
B2242263739507N12229579WA000610008000512
B2242273739512N12229581WA000610008000512
B2242283739516N12229583WA000600008000512
B2242293739521N12229585WA000590008100512
B2242303739525N12229588WA000580008000512
B2242313739530N12229591WA000590008100512
B2242323739535N12229594WA000590008200612
B2242333739541N12229597WA000600008300612
B2242343739546N12229600WA000610008400612
B2242353739551N12229602WA000610008400612
B2242363739558N12229603WA000610008300612
B2242373739565N12229605WA000590008200612
B2242383739572N12229606WA000590008100612
B2242393739580N12229607WA000590008100712
B2242403739588N12229608WA000590008100612
B2242413739595N12229608WA000600008000612
B2242423739603N12229608WA000600008100612
B2242433739611N12229608WA000600008100612
B2242443739618N12229608WA000610008100612
B2242453739626N12229607WA000630008200612
B2242463739633N12229606WA000640008200612
B2242473739641N12229605WA000640008000512
B2242483739648N12229605WA000630007900512
B2242493739655N12229605WA000630008000512
B2242503739664N12229604WA000640007800612
B2242513739671N12229605WA000650007900612
B2242523739679N12229605WA000660008000612
B2242533739688N12229606WA000670008100612
B2242543739695N12229605WA000670008100612
LXNA::BAT:discharging,95%,4.090V,-822mA
B2242553739703N12229604WA000660008000612
B2242563739710N12229603WA000660008100612
B2242573739718N12229602WA000670008100512
B2242583739725N12229601WA000670008200612
B2242593739733N12229599WA000680008200512
B2243003739740N12229598WA000690008300512
B2243013739746N12229598WA000690008400512
B2243023739753N12229600WA000680008400512
B2243033739758N12229602WA000690008500612
B2243043739765N12229604WA000700008600612
B2243053739770N12229608WA000710008800512
B2243063739775N12229611WA000710008900512
B2243073739780N12229614WA000710009000512
B2243083739785N12229617WA000710009100612
B2243093739792N12229621WA000710009200612
B2243103739796N12229625WA000700009100912
B2243113739800N12229629WA000700009200612
B2243123739805N12229633WA000710009300612
B2243133739808N12229637WA000720009600512
B2243143739812N12229641WA000730009800612
B2243153739816N12229645WA000740010000612
B2243163739819N12229649WA000760010200712
B2243173739823N12229652WA000770010400612
B2243183739826N12229656WA000780010400612
B2243193739829N12229659WA000800010500612
LXNA::AVGSATSNR:36
B2243203739833N12229661WA000790010400612
B2243213739837N12229664WA000770010300612
B2243223739841N12229667WA000760010200512
B2243233739845N12229672WA000750010100512
B2243243739850N12229676WA000750010000612
B2243253739855N12229680WA000750009900612
B2243263739861N12229684WA000770009900612
B2243273739866N12229688WA000770009901212
K224327185999
B2243283739872N12229692WA000780010100612
B2243293739877N12229695WA000770010100712
B2243303739884N12229698WA000770010100612
B2243313739890N12229701WA000770010200912
B2243323739896N12229704WA000780010200712
B2243333739902N12229707WA000780010300712
B2243343739909N12229710WA000800010400712
B2243353739916N12229712WA000810010500612
B2243363739924N12229714WA000810010400612
B2243373739930N12229717WA000810010400512
B2243383739936N12229720WA000810010400612
B2243393739942N12229723WA000820010300712
B2243403739948N12229727WA000840010500712
B2243413739953N12229730WA000840010600812
B2243423739959N12229734WA000850010700712
B2243433739964N12229737WA000860010900612
B2243443739970N12229740WA000870011100612
B2243453739977N12229742WA000880011100612
B2243463739984N12229744WA000880011300512
B2243473739990N12229747WA000880011400612
B2243483739996N12229751WA000880011700712
B2243493740003N12229752WA000890011700612
B2243503740009N12229754WA000900011900612
B2243513740016N12229754WA000900011600612
B2243523740021N12229755WA000880011500612
B2243533740027N12229757WA000870011600612
B2243543740033N12229757WA000860011500612
B2243553740040N12229756WA000860011600612
B2243563740047N12229754WA000860011600612
B2243573740054N12229751WA000850011400612
B2243583740061N12229747WA000850011300712
B2243593740067N12229743WA000840011100712
B2244003740074N12229738WA000840011000712
B2244013740081N12229734WA000830010900712
B2244023740088N12229729WA000820010800712
B2244033740095N12229723WA000820010600712
B2244043740102N12229717WA000810010500712
B2244053740108N12229712WA000810010400612
B2244063740115N12229706WA000810010300612
B2244073740122N12229700WA000810010200612
B2244083740128N12229694WA000800010100512
B2244093740135N12229689WA000800010000612
B2244103740142N12229683WA000790009900612
B2244113740149N12229678WA000780009800612
B2244123740156N12229672WA000780009800612
B2244133740163N12229668WA000780009800612
B2244143740171N12229663WA000790009900512
B2244153740177N12229658WA000780009900512
B2244163740184N12229653WA000780009900612
B2244173740191N12229649WA000770009800612
B2244183740197N12229644WA000770009900612
B2244193740204N12229640WA000760009900612
B2244203740211N12229636WA000760009900612
LXNA::AVGSATSNR:34
B2244213740218N12229633WA000760009800612
B2244223740225N12229630WA000750009800612
B2244233740232N12229628WA000760009800612
B2244243740239N12229627WA000750009800612
B2244253740245N12229626WA000750009800612
B2244263740252N12229626WA000750009800912
B2244273740260N12229627WA000750009800912
B2244283740267N12229628WA000750009900912
B2244293740273N12229628WA000760010000912
B2244303740280N12229629WA000760010100712
B2244313740287N12229630WA000780010300712
B2244323740293N12229631WA000780010300712
B2244333740298N12229633WA000780010400712
B2244343740303N12229635WA000770010400712
B2244353740309N12229637WA000770010600712
B2244363740315N12229639WA000780010700612
B2244373740320N12229640WA000790010800712
B2244383740326N12229640WA000810010800712
F2244381820252931052623
B2244393740332N12229638WA000820010900712
B2244403740338N12229636WA000820010900712
B2244413740344N12229634WA000830011000512
B2244423740350N12229633WA000830011100512
B2244433740356N12229634WA000810011100512
B2244443740361N12229637WA000810011100612
B2244453740363N12229641WA000800011200612
B2244463740363N12229645WA000810011300612
B2244473740362N12229647WA000820011300512
B2244483740359N12229648WA000830011400612
B2244493740357N12229646WA000840011400512
B2244503740355N12229645WA000830011400512
B2244513740353N12229643WA000830011300512
B2244523740350N12229643WA000820011200512
B2244533740347N12229643WA000820011300512
B2244543740344N12229643WA000840011400512
B2244553740342N12229642WA000870011600512
B2244563740340N12229640WA000890011700512
B2244573740339N12229639WA000890011700512
B2244583740337N12229638WA000870011600512
B2244593740335N12229638WA000860011600512
B2245003740332N12229638WA000860011600512
B2245013740327N12229639WA000870011700512
B2245023740325N12229639WA000890011900512
B2245033740322N12229639WA000910011900512
B2245043740321N12229638WA000930012000512
B2245053740319N12229636WA000930012100512
B2245063740318N12229635WA000930012000512
B2245073740316N12229633WA000920012000512
B2245083740313N12229632WA000930012100512
B2245093740311N12229630WA000940012200512
B2245103740309N12229629WA000950012300512
B2245113740306N12229629WA000960012400612
B2245123740304N12229628WA000960012300512
B2245133740302N12229626WA000950012300512
B2245143740300N12229625WA000940012200612
B2245153740296N12229623WA000940012100512
B2245163740293N12229621WA000940012000512
B2245173740291N12229619WA000960012100612
B2245183740290N12229614WA000960012000512
B2245193740289N12229608WA000960012000512
B2245203740286N12229603WA000950012000512
B2245213740283N12229602WA000910011700612
LXNA::AVGSATSNR:36
B2245223740280N12229605WA000900011600612
B2245233740278N12229609WA000940011900612
B2245243740275N12229610WA000980012200612
B2245253740273N12229609WA000990012300612
B2245263740271N12229605WA000990012200612
B2245273740269N12229600WA000970012100612
B2245283740267N12229596WA000960012000612
B2245293740263N12229592WA000970012000612
B2245303740260N12229589WA001000012200512
B2245313740258N12229589WA001000012200512
B2245323740257N12229591WA001000012300512
B2245333740257N12229593WA000990012200612
B2245343740254N12229593WA000980012100612
B2245353740251N12229591WA000960012000512
B2245363740248N12229585WA000970011900512
B2245373740245N12229577WA000980011900512
B2245383740242N12229570WA001000012100512
B2245393740240N12229565WA001000012200512
B2245403740237N12229565WA000960012100512
B2245413740235N12229568WA000950012000512
B2245423740234N12229573WA000980012200512
B2245433740237N12229579WA001000012300512
B2245443740240N12229582WA001020012700612
B2245453740242N12229584WA001010013100512
B2245463740244N12229588WA000990013100612
B2245473740245N12229593WA000970012900612
B2245483740245N12229599WA000960012900612
K224548096492
B2245493740245N12229603WA000980013100712
B2245503740242N12229603WA000970013000612
B2245513740238N12229600WA000950012800612
B2245523740234N12229594WA000930012500612
B2245533740230N12229588WA000950012600612
B2245543740226N12229584WA000980012700612
B2245553740222N12229581WA000990012800612
LXNA::BAT:discharging,95%,4.090V,-828mA
B2245563740220N12229578WA000990012800612
B2245573740217N12229576WA000980012600612
B2245583740215N12229575WA000960012500612
B2245593740211N12229574WA000950012300612
B2246003740208N12229576WA000950012300512
B2246013740206N12229578WA000950012300512
B2246023740205N12229581WA000950012300512
B2246033740204N12229584WA000950012300512
B2246043740205N12229587WA000950012300512
B2246053740205N12229591WA000940012300512
B2246063740207N12229595WA000940012200512
B2246073740208N12229599WA000930012100512
B2246083740210N12229604WA000920012000512
B2246093740213N12229608WA000920012000512
B2246103740216N12229611WA000930012000512
B2246113740219N12229615WA000920012000512
B2246123740222N12229618WA000910011900612
B2246133740227N12229621WA000900011800612
B2246143740232N12229627WA000890011700612
B2246153740236N12229629WA000890011600712
B2246163740241N12229632WA000890011700811
B2246173740245N12229633WA000900012000912
B2246183740250N12229637WA000890012100612
B2246193740253N12229641WA000910012200612
B2246203740257N12229646WA000910012200612
B2246213740261N12229650WA000910012200612
B2246223740265N12229654WA000910012100712
LXNA::AVGSATSNR:36
B2246233740268N12229657WA000910012100612
B2246243740271N12229660WA000910012100612
B2246253740274N12229664WA000910012200612
B2246263740277N12229667WA000910012300712
B2246273740279N12229671WA000910012400712
B2246283740281N12229675WA000900012500712
B2246293740281N12229678WA000900012500612
B2246303740280N12229681WA000900012500612
B2246313740278N12229682WA000910012500612
B2246323740276N12229681WA000920012400612
B2246333740274N12229677WA000910012300612
B2246343740272N12229672WA000890012000612
B2246353740271N12229664WA000880011900612
B2246363740270N12229655WA000900011800512
B2246373740268N12229650WA000900011800512
B2246383740266N12229648WA000860011500512
B2246393740266N12229652WA000810011200512
B2246403740269N12229658WA000800011100712
B2246413740275N12229662WA000810011200712
B2246423740282N12229663WA000850011400612
B2246433740288N12229663WA000880011600612
B2246443740293N12229664WA000880011600612
B2246453740297N12229666WA000850011500512
B2246463740300N12229670WA000850011600612
B2246473740301N12229674WA000860011600612
K224647180999
B2246483740300N12229675WA000840011400612
B2246493740296N12229672WA000820011100512
B2246503740291N12229670WA000850011100512
B2246513740289N12229670WA000850011100512
B2246523740290N12229674WA000800010500512
B2246533740293N12229680WA000800010500512
B2246543740295N12229685WA000820010700512
B2246553740294N12229687WA000820010700612
B2246563740291N12229685WA000780010200612
B2246573740286N12229680WA000770010100512
B2246583740282N12229678WA000790010100512
B2246593740280N12229680WA000760009900512
B2247003740282N12229684WA000730009400512
B2247013740284N12229690WA000750009500512
B2247023740284N12229693WA000780009700512
B2247033740281N12229692WA000710009300612
B2247043740277N12229687WA000690008900512
B2247053740272N12229683WA000710009000512
B2247063740269N12229685WA000660008600512
B2247073740272N12229690WA000590008000612
B2247083740278N12229696WA000590007800612
B2247093740287N12229697WA000670008200512
B2247103740293N12229695WA000730008800512
B2247113740297N12229693WA000750009100512
B2247123740302N12229692WA000740009000512
B2247133740306N12229691WA000710008800512
B2247143740312N12229690WA000690008900512
B2247153740318N12229690WA000690008900612
B2247163740321N12229693WA000660008700612
B2247173740321N12229696WA000600008400612
B2247183740318N12229695WA000590008100512
B2247193740314N12229690WA000610008000612
B2247203740311N12229683WA000660008100612
B2247213740310N12229678WA000690008400612
B2247223740309N12229674WA000690008400612
B2247233740307N12229671WA000670008300612
LXNA::AVGSATSNR:35
B2247243740305N12229668WA000670008200612
B2247253740302N12229664WA000670008200612
B2247263740299N12229662WA000670008300612
B2247273740297N12229662WA000670008300612
B2247283740296N12229664WA000680008200512
B2247293740296N12229667WA000680008300512
B2247303740297N12229670WA000680008600512
B2247313740298N12229673WA000680008500512
B2247323740298N12229675WA000680008400612
B2247333740296N12229675WA000650008200512
B2247343740293N12229672WA000630007900512
B2247353740291N12229666WA000620007800512
B2247363740289N12229658WA000640007800512
B2247373740288N12229652WA000660008000512
B2247383740286N12229649WA000650008000512
B2247393740284N12229649WA000630007900512
F22473918202529310512261523
B2247403740283N12229651WA000620007800512
B2247413740283N12229654WA000620007800512
B2247423740286N12229657WA000600007700512
B2247433740289N12229660WA000600007900512
B2247443740293N12229665WA000600008200512
B2247453740294N12229668WA000600008000512
B2247463740293N12229671WA000560007700512
B2247473740289N12229669WA000530007300512
B2247483740286N12229663WA000530007200612
B2247493740283N12229656WA000560007300512
B2247503740280N12229652WA000570007500512
B2247513740278N12229651WA000530007400512
B2247523740278N12229655WA000480006900512
B2247533740280N12229660WA000460006700512
B2247543740286N12229664WA000460006600512
B2247553740293N12229667WA000480006800512
B2247563740299N12229668WA000510007000512
B2247573740303N12229670WA000500007200512
B2247583740305N12229674WA000490007300612
B2247593740305N12229677WA000490007200512
K224759184999
B2248003740303N12229679WA000500007200512
B2248013740301N12229677WA000480007000512
B2248023740299N12229671WA000440006800512
B2248033740297N12229664WA000450006700512
B2248043740294N12229659WA000450006800512
B2248053740291N12229660WA000400006500512
B2248063740290N12229663WA000400006300512
B2248073740291N12229668WA000410006300512
B2248083740294N12229672WA000420006200512
B2248093740298N12229674WA000430006200612
B2248103740301N12229676WA000420006100612
B2248113740302N12229678WA000390005700612
B2248123740300N12229679WA000360005400512
B2248133740296N12229678WA000340005100512
B2248143740292N12229674WA000350005100512
B2248153740289N12229669WA000360005100512
B2248163740287N12229664WA000380005200512
B2248173740285N12229661WA000370005100512
B2248183740283N12229660WA000350004900512
B2248193740280N12229659WA000350004800512
B2248203740278N12229660WA000340004700512
K224820203799
B2248213740278N12229663WA000330004600512
B2248223740279N12229666WA000310004400512
B2248233740283N12229670WA000280004200512
B2248243740289N12229673WA000280004200512
LXNA::AVGSATSNR:35
B2248253740294N12229674WA000290004300612
B2248263740299N12229675WA000310004500612
B2248273740304N12229676WA000310004600612
B2248283740308N12229679WA000310004600612
B2248293740311N12229683WA000310004600612
B2248303740312N12229687WA000300004700512
B2248313740311N12229690WA000300004700512
B2248323740308N12229691WA000290004600512
B2248333740305N12229689WA000280004600512
B2248343740301N12229685WA000290004700512
B2248353740298N12229681WA000320004900512
B2248363740296N12229678WA000330005000512
B2248373740294N12229675WA000340005000512
B2248383740292N12229672WA000330005000512
B2248393740289N12229669WA000330004900512
B2248403740287N12229667WA000320004800512
B2248413740285N12229664WA000300004800512
B2248423740283N12229663WA000290004700512
B2248433740280N12229662WA000280004700512
B2248443740278N12229663WA000280004600512
B2248453740277N12229663WA000280004500512
B2248463740275N12229664WA000270004500512
B2248473740274N12229665WA000270004500512
B2248483740272N12229666WA000260004400512
B2248493740270N12229667WA000240004200512
B2248503740268N12229669WA000210003900512
B2248513740265N12229671WA000190003800512
B2248523740263N12229674WA000210003800512
B2248533740261N12229675WA000220004000512
B2248543740259N12229677WA000220004000512
B2248553740258N12229678WA000220003900512
B2248563740256N12229679WA000200003700512
LXNA::BAT:discharging,94%,4.097V,-840mA
B2248573740255N12229681WA000200003600512
B2248583740253N12229682WA000190003500512
B2248593740252N12229684WA000190003500512
B2249003740251N12229685WA000190003400512
B2249013740251N12229686WA000190003400512
B2249023740251N12229686WA000190003400512
B2249033740251N12229686WA000190003400512
B2249043740251N12229686WA000200003400512
B2249053740251N12229687WA000200003400512
B2249063740250N12229687WA000200003300512
B2249073740250N12229687WA000200003400512
B2249083740250N12229687WA000200003300512
B2249093740250N12229687WA000200003300512
B2249103740249N12229688WA000200003300512
B2249113740249N12229688WA000200003200512
B2249123740249N12229688WA000200003200512
B2249133740249N12229689WA000200003400512
B2249143740249N12229689WA000200003500512
B2249153740249N12229690WA000200003500512
B2249163740250N12229691WA000200003400512
B2249173740250N12229692WA000190003300512
B2249183740251N12229692WA000190003300512
B2249193740252N12229692WA000190003300512
B2249203740252N12229692WA000190003200512
B2249213740253N12229691WA000190003200512
B2249223740254N12229691WA000190003100512
B2249233740254N12229691WA000190003100512
B2249243740255N12229690WA000190003100512
B2249253740256N12229690WA000190003000512
B2249263740257N12229689WA000180003000512
LXNA::AVGSATSNR:34
B2249273740258N12229689WA000180003000512
B2249283740258N12229689WA000180002800512
B2249293740259N12229689WA000180002800512
B2249303740260N12229689WA000180002700512
B2249313740261N12229689WA000180002600512
B2249323740262N12229689WA000170002600512
B2249333740263N12229688WA000170002600512
B2249343740263N12229688WA000170002600512
B2249353740264N12229687WA000170002600512
B2249363740265N12229687WA000170002600512
B2249373740265N12229686WA000180002500512
B2249383740265N12229685WA000170002500512
B2249393740266N12229685WA000170002600512
B2249403740266N12229685WA000170002500512
B2249413740266N12229684WA000180002600512
B2249423740267N12229684WA000180002600512
B2249433740268N12229684WA000180002600512
B2249443740269N12229684WA000170002600512
B2249453740270N12229683WA000170002700512
B2249463740271N12229683WA000170002600512
B2249473740271N12229682WA000170002600512
B2249483740271N12229681WA000170002500512
B2249493740272N12229681WA000170002400512
B2249503740273N12229681WA000180002400512
B2249513740273N12229680WA000180002300512
B2249523740274N12229679WA000180002300512
B2249533740274N12229679WA000180002400512
B2249543740275N12229678WA000180002400512
B2249553740275N12229677WA000180002400512
B2249563740275N12229676WA000180002500512
B2249573740276N12229676WA000190002500512
B2249583740276N12229675WA000190002400512
B2249593740277N12229675WA000190002500512
B2250003740277N12229674WA000190002500512
B2250013740278N12229673WA000190002400512
B2250023740278N12229673WA000190002400512
B2250033740279N12229672WA000200002300512
B2250043740280N12229672WA000200002300512
B2250053740280N12229673WA000200002400512
B2250063740281N12229673WA000200002400512
B2250073740281N12229673WA000200002500512
B2250083740282N12229673WA000200002500512
B2250093740282N12229672WA000200002500512
B2250103740282N12229671WA000200002600512
B2250113740282N12229670WA000200002700512
B2250123740282N12229670WA000200002700512
B2250133740282N12229669WA000200002700512
B2250143740282N12229670WA000200002700512
B2250153740282N12229670WA000200002800512
B2250163740282N12229670WA000200002700512
B2250173740282N12229670WA000210002800512
B2250183740282N12229669WA000200002800512
B2250193740282N12229669WA000210002800512
B2250203740283N12229669WA000200002900512
B2250213740283N12229669WA000200002900512
B2250223740283N12229669WA000200002900512
B2250233740283N12229669WA000210003000612
B2250243740283N12229669WA000200003000512
B2250253740283N12229669WA000210003100512
B2250263740283N12229669WA000200003100512
B2250273740283N12229669WA000200003100512
LXNA::AVGSATSNR:29
B2250283740284N12229669WA000210003100512
B2250293740284N12229669WA000200003000512
B2250303740284N12229669WA000200003000512
B2250313740284N12229670WA000200003000512
B2250323740284N12229669WA000200002900512
B2250333740284N12229669WA000210002900512
B2250343740284N12229669WA000200002800512
LXNA::LOGSTOP
LXNA::PHASE:onGround
G00DE7D97F5A4635D6DB46F7D2B5E3014590BBCE0D0DFE00E1152D58D4FC7DD5281010D
GAC30CC64BC6B44C16F80A83CEE7D3548DF7C1CAA22426AB4BF6E91BD5BE5
LXCM::TKOFFLAND:1,20240418220305,20240418225034
LXCM::TKOFFLANDALT:1,82,29
LXCM::SOARINGBEGIN:1,20240418220305,82
LXCM::OPT:1,3,16328,5,17203,3,16328
LXCM::OPT_P3:1,3740127N,12229745W,20240418220855
LXCM::OPT_P3:1,3743166N,12230280W,20240418221711
LXCM::OPT_P3:1,3738977N,12229603W,20240418224055
LXCM::OPT_P3:1,3740356N,12229634W,20240418224443
LXCM::OPT_P3:1,3740205N,12229581W,20240418224602
LXCM::OPT_P5:1,3740127N,12229745W,20240418220855
LXCM::OPT_P5:1,3743166N,12230280W,20240418221711
LXCM::OPT_P5:1,3740451N,12229719W,20240418223122
LXCM::OPT_P5:1,3740434N,12230070W,20240418223249
LXCM::OPT_P5:1,3740467N,12229663W,20240418223332
LXCM::OPT_P5:1,3738977N,12229603W,20240418224055
LXCM::OPT_P5:1,3740363N,12229645W,20240418224446
LXCM::OPT_PN:1,3740127N,12229745W,20240418220855
LXCM::OPT_PN:1,3743166N,12230280W,20240418221711
LXCM::OPT_PN:1,3738977N,12229603W,20240418224055
LXCM::OPT_PN:1,3740356N,12229634W,20240418224443
LXCM::OPT_PN:1,3740205N,12229581W,20240418224602
LXCM::TRIANGLE:1,FAI_NO,15711,-16384,0.029,-16384
LXCM::TRI_P:1,3738971N,12229605W,20240418224059
LXCM::TRI_P:1,3740212N,12229495W,20240418223441
LXCM::TRI_P:1,3743166N,12230280W,20240418221711
LXCM::FLTSTAT1:1,7.33,0.10,15.80,230,113,18.13
LXCM::FLTSTAT2:1,20240418223113,20240418221014
LXCM::FLTVARIO:1,10,1.63,20240418221158,-2.05,20240418224708
LXCM::TASK:1,-16384,-16384,-16384,-16384,-16384
LXCM::TASK2:1,-16384,-16384,-16384,-16384
LXCM::ENDINFO
