AXFH000,FLIGHT:3
HFDTE160117
HFPLTPILOT:Josh Cohn
HFGTYGLIDERTYPE:Ozone Zeno
HFDTM100GPSDATUM:WGS84
HFRFWFIRMWAREVERSION:5.4
HFRHWHARDWAREVERSION:iPhone 6s
HFFTYFRTYPE:Flyskyhy,5.4
HFGPS:XC Tracer
HFPRSVARIO:XC Tracer
HFCCLCOMPETITIONCLASS:Paraglider
HFTZNTIMEZONE:-6
HFSITSITE:Valle de Bravo - El Penon,MX
I053638FXA3941VXA4244GSP4547CCO4850HDT
C160117173234160117000106TASK
C0000000N00000000ETAKEOFF
C1901986N10014498W00000000009000000000360000STARTAREA B38
C1901986N10014498W00000000001000000000360000TURNAREA B38
C1907697N10014942W00000000002000000000360000TURNAREA B03
C1914554N10004255W00000000004000000000360000TURNAREA B11
C1907654N10000734W00000000001000000000360000TURNAREA B41
C1907697N10014942W00000000010000000000360000TURNAREA B03
C1911077N10006820W00000000002000000000360000TURNAREA D02
C1911077N10006820W00002009999999000000360000FINISHAREA D02
C0000000N00000000ELANDING
B1732051903708N10005429WA0236102361010010000274028
B1732061903708N10005429WA0236102362010010000274035
B1732071903708N10005429WA0236102362010010000274014
B1732081903708N10005429WA0236102361010010000274012
B1732091903708N10005429WA0236102361010010000274023
B1732101903708N10005430WA0236102361010010004228020
B1732111903708N10005430WA0236102360010010002234005
B1732121903708N10005430WA0236102360010010000245335
B1732131903707N10005430WA0236102360010010001096171
B1732141903707N10005429WA0236102361010010004121179
B1732151903705N10005429WA0236102360010010008167201
B1732161903704N10005429WA0236102360010010011187196
B1732171903701N10005430WA0236002360010010016203207
B1732181903699N10005431WA0236002358010010021209192
B1732191903695N10005433WA0236002358010010023212199
B1732201903693N10005435WA0235902360010010020214207
B1732211903690N10005437WA0236002363010010016215197
B1732221903689N10005438WA0236102366010010011214216
B1732231903687N10005439WA0236202368010010010211211
B1732241903686N10005440WA0236302369010010012214206
B1732251903684N10005441WA0236402368010010018219194
B1732261903681N10005443WA0236502368010010022222209
B1732271903679N10005445WA0236602369010010021224210
B1732281903677N10005447WA0236702371010010017220202
B1732291903675N10005449WA0236802372010010016215201
B1732301903672N10005451WA0236902373010010016203202
B1732311903670N10005451WA0237102373010010019195208
B1732321903667N10005452WA0237102374010010021194205
B1732331903663N10005453WA0237202374010010021196200
B1732341903660N10005454WA0237302375010010020198196
B1732361903655N10005456WA0237502378010010018189192
B1732381903649N10005456WA0237702380010010019183198
B1732401903644N10005457WA0237902381010010021185197
B1732421903636N10005457WA0238102381010010026191191
B1732441903628N10005459WA0238202381010010027185186
B1732461903620N10005460WA0238302381010010026184183
B1732481903612N10005461WA0238302381010010026184178
B1732501903604N10005460WA0238402381010010029166171
B1732521903596N10005456WA0238402380010010030155160
B1732541903588N10005451WA0238402379010010030150160
B1732561903580N10005445WA0238302374010010036140162
B1732581903571N10005438WA0238102372010010033150165
B1733001903563N10005432WA0238002370010010034143146
B1733021903554N10005427WA0237802368010010036159144
B1733041903544N10005425WA0237702372010010031171158
B1733061903537N10005424WA0237802379010010018173174
B1733081903532N10005423WA0238102384010010015142156
B1733101903528N10005419WA0238502388010010019140145
B1733121903523N10005414WA0238902391010010030119121
B1733141903520N10005403WA0239302394010010042093072
B1733161903524N10005388WA0239702397010010050061009
B1733181903535N10005377WA0240002401010010052028302
B1733201903550N10005375WA0240502407010010050347253
B1733221903560N10005382WA0240902412010010035299207
B1733241903559N10005390WA0241402418010010023220204
B1733261903554N10005394WA0241902424010010014239261
B1733281903555N10005399WA0242402426010010029316301
B1733301903567N10005405WA0242702426010010053346339
B1733321903584N10005406WA0242902430010010053006023
B1733341903598N10005402WA0243202435010010042032090
B1733361903608N10005392WA0243502436010010047051108
B1733381903613N10005378WA0243602432010010049090134
B1733401903607N10005366WA0243502428010010040143147
B1733421903599N10005361WA0243402434010010023133145
B1733441903595N10005355WA0243602439010010022115136
B1733461903591N10005347WA0243802441010010029115130
B1733481903586N10005339WA0244002445010010028126161
B1733501903581N10005331WA0244302450010010036118116
B1733521903577N10005319WA0244702454010010037107148
B1733541903572N10005311WA0245002458010010031148176
B1733561903564N10005308WA0245402463010010025166179
B1733581903558N10005306WA0245802469010010018170183
B1734001903553N10005307WA0246202474010010013190194
B1734021903550N10005308WA0246602478010010010200209
B1734041903548N10005311WA0247002480010010014249240
B1734061903548N10005316WA0247302481010010020276246
B1734081903549N10005322WA0247502481010010021273257
B1734101903549N10005328WA0247602480010010025269270
B1734121903549N10005337WA0247702478010010024266282
B1734141903549N10005344WA0247702476010010028275274
B1734161903550N10005352WA0247602474010010027279263
B1734181903550N10005362WA0247502472010010036259244
B1734201903548N10005374WA0247402477010010036269244
B1734221903550N10005385WA0247602485010010030286229
B1734241903552N10005392WA0247902489010010019274246
B1734261903550N10005397WA0248202489010010021233232
B1734281903544N10005403WA0248502491010010028217236
B1734301903538N10005408WA0248802496010010023224249
B1734321903534N10005413WA0249202499010010017249289
B1734341903535N10005419WA0249502498010010025298280
B1734361903540N10005427WA0249702500010010027303254
B1734381903543N10005433WA0249902502010010015275251
B1734401903543N10005437WA0250102501010010020290306
B1734421903550N10005444WA0250102497010010045331351
B1734431903559N10005446WA0250002495010010059360024
B1734451903576N10005440WA0249902493010010067031038
B1734471903591N10005428WA0249902500010010055040047
B1734491903602N10005417WA0250002506010010044042025
B1734511903610N10005406WA0250202507010010047068085
B1734531903614N10005391WA0250402509010010046075082
B1734551903617N10005378WA0250602515010010036077102
B1734571903619N10005367WA0250802517010010035081096
B1734591903620N10005355WA0251102516010010044095098
B1735011903617N10005341WA0251202516010010043105154
B1735031903613N10005328WA0251302518010010042105138
B1735051903609N10005315WA0251502522010010043109154
B1735071903604N10005305WA0251602524010010032130202
B1735091903596N10005300WA0251802526010010030165207
B1735111903589N10005300WA0252002529010010018203237
B1735131903585N10005304WA0252202529010010019232226
B1735151903582N10005310WA0252302528010010025251220
B1735171903581N10005318WA0252402526010010028269252
B1735191903581N10005327WA0252302525010010031275241
B1735211903581N10005336WA0252402528010010025266237
B1735231903580N10005343WA0252402529010010015266234
B1735251903580N10005348WA0252502528010010020259242
B1735271903578N10005354WA0252402524010010026255234
B1735291903576N10005363WA0252302523010010026256249
B1735311903575N10005371WA0252302526010010021273255
B1735331903576N10005377WA0252402531010010017271233
B1735351903575N10005382WA0252502534010010018262222
B1735371903575N10005389WA0252702537010010024281227
B1735391903577N10005396WA0252902539010010022281235
B1735411903578N10005403WA0253102541010010028279229
B1735431903579N10005413WA0253302545010010031272232
B1735451903578N10005422WA0253602550010010023262239
B1735471903578N10005429WA0254002556010010026273260
B1735491903579N10005438WA0254402560010010031277252
B1735511903582N10005448WA0254802566010010033305267
B1735531903591N10005455WA0255302571010010040338288
B1735551903603N10005456WA0255702574010010042005003
B1735571903617N10005451WA0256202579010010052026352
B1735591903631N10005442WA0256602581010010055039045
B1736011903642N10005429WA0256902586010010055059042
B1736031903645N10005414WA0257302588010010038100142
B1736051903639N10005405WA0257602586010010035149176
B1736071903631N10005402WA0257802589010010024171177
B1736091903624N10005402WA0258002594010010021188168
B1736111903618N10005404WA0258302597010010022199180
B1736131903611N10005407WA0258702603010010024210192
B1736151903606N10005411WA0259102608010010019235233
B1736171903606N10005418WA0259402610010010026294276
B1736191903613N10005426WA0259702613010010042330341
B1736211903627N10005426WA0260002615010010051024031
B1736231903638N10005414WA0260202615010010055063076
B1736251903639N10005398WA0260402621010010047115137
B1736271903629N10005392WA0260602624010010035182179
B1736291903622N10005397WA0260902629010010027245228
B1736311903623N10005405WA0261302634010010031315293
B1736331903634N10005409WA0261602636010010042002321
B1736351903647N10005403WA0261802635010010052041002
B1736371903656N10005388WA0262002636010010057074086
B1736391903655N10005372WA0262202641010010044114166
B1736411903647N10005365WA0262502645010010028158196
B1736431903641N10005365WA0262802649010010020217210
B1736451903637N10005371WA0263102650010010024241225
B1736471903632N10005378WA0263402652010010027227207
B1736491903626N10005384WA0263602653010010027220203
B1736511903620N10005390WA0263802654010010027221239
B1736531903615N10005397WA0263902651010010033245260
B1736551903610N10005407WA0263902649010010038242244
B1736571903604N10005418WA0263902648010010037234250
B1736591903597N10005427WA0263902649010010033233251
B1737011903592N10005435WA0264002654010010025230249
B1737031903588N10005440WA0264002653010010023233241
B1737051903583N10005448WA0264102652010010032237231
B1737071903578N10005457WA0264102654010010036247262
B1737091903576N10005467WA0264302658010010026267263
B1737111903576N10005475WA0264502662010010027272244
B1737131903575N10005484WA0264602662010010030256252
B1737151903573N10005494WA0264802663010010036258289
B1737171903574N10005506WA0265002666010010047294339
E173716Waypoint th9879 reached
B1737191903586N10005516WA0265202669010010053346038
B1737211903601N10005514WA0265502674010010045021059
B1737231903611N10005507WA0265902678010010039046068
B1737251903618N10005497WA0266202679010010041064093
B1737271903622N10005484WA0266402681010010043080118
B1737291903623N10005472WA0266702685010010034086096
B1737311903623N10005463WA0267002687010010027099124
B1737331903618N10005456WA0267202686010010030150144
B1737351903609N10005452WA0267402688010010033163129
B1737371903602N10005448WA0267602692010010024134117
B1737391903597N10005442WA0267902695010010025144181
B1737411903588N10005441WA0268102695010010032207237
B1737431903584N10005451WA0268202696010010041276290
B1737451903592N10005463WA0268302696010010049328347
B1737471903606N10005468WA0268502701010010045345325
B1737491903618N10005471WA0268702705010010039351352
B1737511903631N10005469WA0269002706010010047026061
B1737531903640N10005458WA0269102706010010043070115
B1737551903640N10005446WA0269302709010010035105126
B1737571903636N10005437WA0269502714010010027115122
B1737591903632N10005430WA0269802716010010027122137
B1738011903627N10005423WA0270102716010010028136139
B1738031903619N10005417WA0270302717010010034144128
B1738051903610N10005410WA0270402720010010036148167
B1738071903602N10005404WA0270602723010010031140152
B1738091903595N10005397WA0270802723010010028137152
B1738111903586N10005392WA0271002725010010041151167
B1738131903577N10005385WA0271202731010010032148198
B1738151903568N10005385WA0271502735010010032209276
B1738171903565N10005395WA0271702733010010042288310
B1738191903573N10005406WA0271902736010010038317324
B1738211903580N10005412WA0272202740010010027323325
B1738231903587N10005417WA0272402737010010030328328
B1738251903597N10005420WA0272402735010010036350360
B1738271903609N10005416WA0272202731010010049043059
B1738291903617N10005403WA0272102733010010043066079
B1738311903620N10005392WA0272102735010010034073097
B1738331903622N10005381WA0272002736010010040098124
B1738351903616N10005368WA0272002739010010042122143
B1738371903611N10005356WA0272202745010010034105124
B1738391903610N10005345WA0272302748010010039098151
B1738411903604N10005334WA0272502750010010042141196
B1738431903593N10005333WA0272702754010010031195220
B1738451903589N10005338WA0273002760010010017272246
B1738471903591N10005344WA0273302761010010023281223
B1738491903591N10005353WA0273502762010010029271261
B1738511903594N10005361WA0273702764010010029310314
B1738531903604N10005364WA0273802760010010036004353
B1738551903615N10005360WA0273802759010010042032029
B1738571903624N10005350WA0273702759010010048053051
B1738591903633N10005338WA0273702763010010042055044
B1739011903640N10005327WA0273802764010010042058078
B1739031903646N10005314WA0273802765010010051077121
B1739051903646N10005298WA0273902768010010044103131
B1739071903640N10005288WA0274002771010010033136163
B1739091903632N10005284WA0274202774010010024174193
B1739111903627N10005286WA0274502778010010016242231
B1739131903628N10005291WA0274702780010010020298247
B1739151903632N10005297WA0274902780010010022306263
B1739171903636N10005304WA0275102779010010028302280
B1739191903641N10005312WA0275302780010010030303286
B1739211903647N10005319WA0275402780010010031323282
B1739231903656N10005325WA0275502782010010029330290
B1739251903664N10005328WA0275702784010010028347321
B1739271903672N10005327WA0275902785010010032030014
B1739291903681N10005318WA0276002783010010047045015
B1739311903691N10005306WA0276102786010010052060086
B1739331903696N10005290WA0276302790010010046084116
B1739351903694N10005277WA0276502792010010042105117
B1739371903690N10005263WA0276702793010010045105118
B1739391903686N10005250WA0276902796010010043115149
B1739411903678N10005241WA0277102798010010033156162
B1739431903670N10005241WA0277302801010010024205190
B1739451903667N10005246WA0277602805010010018283310
B1739471903672N10005251WA0277902807010010031332337
B1739491903683N10005254WA0278202811010010045000333
B1751510245000N00207200EA0278200000010010000000344
B1739491903689N10005253WA0278202812010010049005004
E173949Waypoint D01 reached
B1739511903698N10005252WA0278402815010010051018027
B1739531903711N10005242WA0278802816010010053054092
B1739551903718N10005228WA0279002818010010050070100
B1739571903721N10005212WA0279302821010010049081102
B1739591903722N10005197WA0279602825010010044095126
B1740011903717N10005186WA0279902829010010039136180
B1740031903707N10005182WA0280202832010010028184241
B1740051903702N10005186WA0280602839010010018250250
B1740071903704N10005192WA0281002842010010028310267
B1740091903713N10005198WA0281402848010010041343338
B1740111903726N10005196WA0281902853010010046030062
B1740131903736N10005184WA0282302851010010054068093
B1740151903737N10005167WA0282602855010010056103115
B1740171903731N10005152WA0283002862010010037125168
B1740191903723N10005147WA0283502865010010024180208
B1740211903718N10005152WA0283902867010010027247237
B1740231903718N10005161WA0284302874010010030295264
B1740251903725N10005168WA0284902881010010031327254
B1740271903734N10005171WA0285402887010010035359325
B1740291903746N10005167WA0285902890010010050037340
B1740311903755N10005152WA0286402891010010054079102
B1740331903750N10005137WA0286702895010010049138180
B1740351903739N10005134WA0287102903010010032201234
B1740371903735N10005142WA0287602909010010029288273
B1740391903743N10005148WA0288002915010010039339261
B1740411903755N10005150WA0288502921010010039006301
B1740431903766N10005146WA0289002925010010041028335
B1740451903778N10005138WA0289402930010010045036002
B1740471903787N10005128WA0289902935010010046058055
B1740491903792N10005114WA0290302941010010047080058
B1740511903791N10005100WA0290802947010010042109126
B1740531903784N10005090WA0291302954010010034134148
B1740551903778N10005087WA0291902960010010020191202
B1740571903773N10005093WA0292402963010010032251239
B1740591903776N10005103WA0292902966010010039322301
B1741011903789N10005105WA0293302969010010050010316
B1741031903801N10005100WA0293702975010010041031337
B1741051903810N10005091WA0294102981010010042064019
B1741071903811N10005078WA0294602985010010039110090
B1741091903802N10005071WA0295002988010010035166144
B1741111903794N10005072WA0295402994010010027219237
B1741131903792N10005080WA0295902998010010029293272
B1741151903799N10005088WA0296303000010010036333283
B1741171903810N10005090WA0296603004010010040355290
B1741191903823N10005089WA0297003009010010039021310
B1741211903832N10005082WA0297303011010010038052344
B1741231903837N10005071WA0297603013010010040075001
B1741251903838N10005058WA0297903016010010037086022
B1741271903837N10005047WA0298103018010010037108065
B1741291903830N10005037WA0298403020010010044150122
B1741311903818N10005037WA0298603021010010035206155
B1741331903811N10005043WA0298803025010010026238189
B1741351903808N10005050WA0299003028010010025252193
B1741371903806N10005059WA0299303031010010025257193
B1741391903805N10005067WA0299503031010010030267181
B1741411903805N10005078WA0299703034010010038277181
B1741431903807N10005089WA0300003041010010032287193
B1741451903810N10005099WA0300403047010010028287184
B1741471903813N10005108WA0300803051010010028293182
B1741491903817N10005116WA0301103051010010033292188
B1741511903822N10005128WA0301303050010010043297189
B1741531903828N10005140WA0301403049010010041300207
B1741551903834N10005151WA0301403045010010040295202
B1741571903839N10005164WA0301303041010010046287186
B1741591903841N10005179WA0301103039010010050273176
B1742011903841N10005195WA0300903035010010047266168
B1742031903839N10005209WA0300703034010010044262173
B1742051903837N10005222WA0300403030010010044258170
B1742071903834N10005236WA0300203028010010046258164
B1742091903832N10005250WA0299903024010010041260163
B1742111903829N10005263WA0299603018010010043252149
B1742131903824N10005277WA0299203009010010050258160
B1742151903822N10005292WA0298703004010010047267164
B1742171903822N10005306WA0298203000010010041265168
B1742191903820N10005319WA0297702993010010042259163
B1742211903817N10005333WA0297102985010010049253164
B1742231903812N10005349WA0296502978010010052251161
B1742251903807N10005365WA0295802972010010050255157
B1742271903804N10005379WA0295202968010010046257155
B1742291903800N10005393WA0294702962010010045253153
B1742311903796N10005407WA0294202956010010047253159
B1742331903792N10005421WA0293602952010010048252153
B1742351903788N10005435WA0293202947010010044256150
B1742371903784N10005449WA0292702942010010042253155
B1742391903780N10005462WA0292202937010010044251153
B1742411903776N10005475WA0291702931010010046252149
B1742431903772N10005490WA0291302926010010045256137
B1742451903769N10005503WA0290802923010010043252146
B1742471903764N10005516WA0290402920010010043251149
B1742491903760N10005528WA0290102913010010045252155
B1742511903756N10005543WA0289602909010010048253153
B1742531903752N10005558WA0289202904010010048255152
B1742551903748N10005572WA0288802903010010045254143
B1742571903745N10005586WA0288402899010010045258148
B1742591903743N10005600WA0288002894010010049262145
B1743011903741N10005615WA0287702891010010049263153
B1743031903740N10005631WA0287402890010010045266154
B1743051903740N10005644WA0287102887010010044268156
B1743071903739N10005658WA0286802886010010045265137
B1743091903738N10005672WA0286602884010010042267131
B1743111903737N10005686WA0286402882010010046261141
B1743131903733N10005700WA0286202879010010046252134
B1743151903729N10005714WA0285902876010010042254123
B1743171903726N10005727WA0285802877010010043257117
B1743191903727N10005740WA0285702881010010046284128
B1743211903730N10005751WA0285802885010010027288121
B1743231903731N10005759WA0285902885010010027267135
B1743251903731N10005769WA0286102886010010033276114
B1743271903730N10005777WA0286302889010010025218045
B1743291903720N10005776WA0286402886010010043146360
B1743311903712N10005764WA0286502888010010048109325
B1743331903710N10005749WA0286702891010010045087340
B1743351903712N10005736WA0286902895010010038083345
B1743371903713N10005724WA0287102898010010035090036
B1743391903710N10005713WA0287302896010010037130069
B1743411903700N10005708WA0287402896010010033184157
B1743431903694N10005714WA0287502897010010028267206
B1743451903698N10005722WA0287502899010010027309179
B1743471903703N10005729WA0287702902010010026309157
B1743491903708N10005736WA0287902904010010026300153
B1743511903710N10005744WA0288102906010010024274132
B1743531903709N10005751WA0288202909010010026251129
B1743551903705N10005759WA0288502912010010025242129
B1743571903702N10005766WA0288802919010010022239121
B1743591903698N10005771WA0289102922010010019229104
B1744011903693N10005776WA0289402924010010025223107
B1744031903687N10005782WA0289702927010010027224113
B1744051903682N10005788WA0290002928010010026233112
B1744071903677N10005794WA0290202930010010028227119
B1744091903671N10005801WA0290402928010010031225140
B1744111903663N10005809WA0290402925010010039225129
B1744131903655N10005819WA0290302920010010045237123
B1744151903648N10005832WA0290202921010010048240125
B1744171903641N10005845WA0290102923010010042241130
B1744191903636N10005856WA0290102923010010039244127
B1744211903631N10005867WA0290102922010010037243129
B1744231903626N10005877WA0290102922010010039248127
B1744251903622N10005889WA0290102922010010039251137
B1744271903618N10005901WA0290002920010010037249124
B1744291903614N10005912WA0290002918010010041248125
B1744311903609N10005924WA0289802915010010043250130
B1744331903605N10005937WA0289602911010010045248121
B1744351903600N10005950WA0289402905010010047254133
B1744371903598N10005965WA0289002898010010051262131
B1744391903596N10005982WA0288602893010010054263142
B1744411903593N10005999WA0288102888010010055256129
B1744431903589N10006016WA0287702885010010053256133
B1744451903585N10006032WA0287302882010010051258136
B1744471903582N10006048WA0287002879010010051260141
B1744491903580N10006064WA0286602875010010054262142
B1744511903578N10006081WA0286302872010010054263137
B1744531903576N10006098WA0285902870010010050262134
B1744551903574N10006112WA0285702870010010044263140
B1744571903573N10006125WA0285502870010010039264139
B1744591903571N10006138WA0285302869010010040264138
B1745011903570N10006151WA0285202866010010044264140
B1745031903569N10006165WA0285002866010010046268133
B1745051903570N10006179WA0285002870010010039276167
B1745071903570N10006189WA0285102874010010025271110
B1745091903570N10006195WA0285302874010010025259122
B1745111903568N10006204WA0285402876010010028256112
B1745131903567N10006213WA0285602879010010027265113
B1745151903567N10006221WA0285802879010010027271116
B1745171903566N10006231WA0286002879010010036262124
B1745191903564N10006243WA0286202883010010033262144
B1745211903563N10006252WA0286402887010010025263128
B1745231903561N10006259WA0286702890010010029250116
B1745251903559N10006269WA0287002892010010030261101
B1745271903558N10006278WA0287202893010010030267096
B1745291903557N10006288WA0287502895010010036262121
B1745311903555N10006300WA0287702897010010034260122
B1745331903553N10006310WA0288002901010010034264117
B1745351903553N10006321WA0288202903010010039267126
B1745371903552N10006334WA0288502906010010038268116
B1745391903552N10006346WA0288802910010010039272118
B1745411903553N10006358WA0289102915010010039273116
B1745431903553N10006370WA0289502919010010033271116
B1745451903554N10006380WA0289802917010010031270126
B1745471903554N10006392WA0289802910010010044270130
B1745491903555N10006409WA0289702906010010057272136
B1745511903556N10006427WA0289502905010010052281137
B1745531903560N10006442WA0289302905010010046287137
B1745551903564N10006456WA0289102903010010046285141
B1745561903566N10006463WA0289002901010010048283147
E174555Waypoint B43 reached
B1745581903569N10006478WA0288802898010010050285133
B1746001903574N10006493WA0288502896010010047293128
B1746021903580N10006506WA0288302893010010045294127
B1746041903586N10006520WA0288002889010010049294126
B1746061903591N10006535WA0287702886010010051286141
B1746081903595N10006550WA0287402881010010052287140
B1746101903600N10006566WA0287002877010010053294125
B1746121903607N10006581WA0286702874010010050291134
B1746141903612N10006596WA0286302869010010052286142
B1746161903616N10006612WA0285902864010010056288138
B1746181903622N10006629WA0285502859010010055293137
B1746201903628N10006644WA0285102857010010049290131
B1746221903632N10006659WA0284702853010010047283140
B1746241903635N10006673WA0284302846010010049282133
B1746261903639N10006688WA0283802840010010048284132
B1746281903642N10006703WA0283302835010010043288130
B1746301903647N10006715WA0282902830010010042289137
B1746321903651N10006728WA0282302822010010045289145
B1746341903656N10006742WA0281802815010010049290138
B1746361903661N10006758WA0281202810010010053291134
B1746381903667N10006773WA0280702805010010052291139
B1746401903672N10006788WA0280202801010010051290130
B1746421903677N10006803WA0279702795010010054292133
B1746441903684N10006819WA0279202791010010055296143
B1746461903692N10006834WA0278802789010010056298140
B1746481903700N10006850WA0278502788010010055301135
B1746501903708N10006864WA0278202787010010053299138
B1746521903716N10006879WA0277902783010010053297145
B1746541903723N10006894WA0277602779010010053296131
B1746561903730N10006909WA0277302775010010053296138
B1746581903737N10006925WA0277002773010010055296136
B1747001903744N10006941WA0276702771010010050297135
B1747021903751N10006954WA0276602772010010046296153
B1747041903756N10006966WA0276302767010010041290144
B1747061903760N10006980WA0276002757010010050287145
B1747081903765N10006997WA0275502750010010062289140
B1747101903773N10007016WA0275002745010010064295128
B1747121903781N10007033WA0274502740010010057294129
B1747141903787N10007050WA0274102735010010056291145
B1747161903794N10007066WA0273602729010010060294141
B1747181903802N10007083WA0273202726010010059299141
B1747201903810N10007099WA0272802722010010055299145
B1747221903818N10007114WA0272402716010010056296141
B1747241903825N10007131WA0271902710010010060295148
B1747261903833N10007148WA0271502705010010061296144
B1747281903841N10007165WA0271002701010010060299143
B1747301903850N10007182WA0270602698010010061302144
B1747321903860N10007198WA0270202694010010061302146
B1747341903870N10007214WA0269802690010010058302139
B1747361903879N10007229WA0269402690010010053306141
B1747381903889N10007242WA0269202688010010055309149
B1747401903899N10007256WA0268902683010010060306150
E174739Waypoint th8266 reached
B1747421903910N10007272WA0268602681010010059308141
B1747441903921N10007286WA0268302680010010057309147
B1747461903931N10007300WA0268102680010010055306129
B1747481903940N10007315WA0268002682010010050301128
B1747501903947N10007327WA0268002685010010043294120
B1747521903952N10007340WA0268002687010010046295127
B1747541903957N10007354WA0268102688010010044292110
B1747561903963N10007366WA0268202689010010042300127
B1747581903970N10007377WA0268302689010010043302123
B1748001903977N10007390WA0268302689010010047299129
B1748021903983N10007403WA0268402694010010045294142
B1748041903987N10007415WA0268602700010010033277101
B1748061903985N10007424WA0268902700010010032245052
B1748081903981N10007433WA0269102703010010026247096
B1748101903980N10007442WA0269302707010010034281126
B1748121903986N10007454WA0269502707010010050301111
B1748141903992N10007468WA0269702708010010047290106
B1748161903996N10007482WA0269802708010010046284108
B1748181903999N10007496WA0269802707010010044278102
B1748201904000N10007510WA0269902709010010039274096
B1748221904000N10007521WA0269902710010010034272099
B1748241904000N10007532WA0270102714010010034266087
B1748261903999N10007543WA0270202713010010039264102
B1748281903998N10007556WA0270202713010010044261092
B1748301903995N10007570WA0270302717010010042260094
B1748321903993N10007583WA0270502720010010040263097
B1748341903991N10007595WA0270602721010010040249039
B1748361903984N10007605WA0270702719010010035218024
B1748381903977N10007607WA0270802719010010020164308
B1748401903974N10007601WA0270702715010010031087252
B1748421903979N10007590WA0270602715010010039050227
B1748441903987N10007584WA0270602716010010031026244
B1748461903996N10007580WA0270502713010010033025269
B1748481904005N10007573WA0270402709010010042050282
B1748501904012N10007561WA0270202707010010044056301
B1748521904022N10007550WA0270102711010010047038286
B1748541904032N10007543WA0270202717010010036043325
B1748561904036N10007533WA0270402722010010033094030
B1748581904030N10007526WA0270702727010010030172090
B1749001904023N10007533WA0271002730010010039255158
B1749021904027N10007546WA0271202731010010049316271
B1749041904042N10007551WA0271502733010010058001346
B1749061904057N10007544WA0271702741010010047044064
B1749081904062N10007535WA0272202750010010025091133
B1749101904057N10007529WA0272602752010010029157177
B1749121904049N10007530WA0273002758010010028222265
B1749141904047N10007540WA0273402761010010043284319
B1749161904056N10007553WA0273802760010010058320009
B1749181904071N10007559WA0274102764010010051002047
B1749201904084N10007553WA0274402768010010044050112
B1749221904087N10007541WA0274702771010010034104197
B1749241904079N10007535WA0275002775010010034181258
B1749261904071N10007542WA0275402780010010039251314
B1749281904074N10007555WA0275802782010010050304348
B1749301904086N10007565WA0276002782010010056339039
B1749321904102N10007565WA0276202787010010050029099
B1749341904109N10007553WA0276402791010010044087151
B1749361904105N10007544WA0276702796010010031153202
B1749381904096N10007545WA0277002801010010032222209
B1749401904093N10007555WA0277402804010010039272298
B1749421904098N10007568WA0277702805010010048311017
B1749441904112N10007575WA0277802800010010060352067
B1749461904130N10007573WA0277802801010010053026108
B1749481904138N10007562WA0277802802010010038082143
B1749501904133N10007553WA0277902804010010034152169
B1749521904123N10007553WA0278102810010010024215171
B1749541904119N10007557WA0278402817010010014241139
B1749561904114N10007560WA0278702814010010024202140
B1749581904108N10007560WA0278802809010010029163120
B1750001904101N10007554WA0278802812010010025112126
B1750021904098N10007547WA0278902817010010021107126
B1750041904097N10007540WA0279102822010010023102129
B1750061904096N10007532WA0279302828010010026100097
B1750081904094N10007524WA0279702839010010019112115
B1750101904092N10007519WA0280302846010010016116144
B1750121904088N10007516WA0280802848010010026152156
B1750141904084N10007511WA0281202849010010026147163
B1750161904078N10007510WA0281502847010010032189216
B1750181904072N10007516WA0281702846010010043243277
B1750201904073N10007532WA0281702847010010051294299
B1750221904083N10007544WA0281902850010010044317303
B1750241904094N10007552WA0282102852010010046327328
B1750261904107N10007560WA0282202854010010050333342
B1750281904121N10007564WA0282402857010010043350333
B1750301904134N10007563WA0282702859010010045016024
B1750321904147N10007558WA0283002864010010048022350
B1750341904158N10007552WA0283302868010010035030059
B1750361904166N10007546WA0283602871010010033047062
B1750381904170N10007538WA0284002874010010025080135
B1750401904167N10007531WA0284302878010010023138166
B1750421904161N10007529WA0284702884010010016181177
B1750441904156N10007531WA0285102889010010016215183
B1750461904151N10007534WA0285602894010010026216206
B1750481904145N10007543WA0286102900010010042250274
B1750501904148N10007558WA0286702902010010054305339
B1750521904163N10007566WA0287102905010010054354045
B1750541904174N10007562WA0287402907010010034055107
B1750561904172N10007553WA0287802909010010030142171
B1750581904163N10007552WA0288202919010010025192199
B1751001904157N10007557WA0288702925010010029230252
B1751021904158N10007571WA0289202924010010054292318
B1751041904171N10007583WA0289602924010010064343034
B1751061904187N10007581WA0289902928010010047029070
B1751081904194N10007572WA0290202932010010031077115
B1751101904193N10007564WA0290502934010010026114117
B1751121904186N10007558WA0290802941010010028156146
B1751141904178N10007563WA0291202948010010037240225
B1751161904178N10007577WA0291702953010010052286291
B1751181904187N10007589WA0292202959010010047327020
B1751201904201N10007593WA0292702963010010050360047
B1751221904215N10007591WA0293102968010010041019056
B1751241904223N10007583WA0293502968010010038069089
B1751261904224N10007570WA0293802971010010031091102
B1751281904217N10007565WA0294202979010010028174154
B1751301904209N10007570WA0294802987010010038238197
B1751321904208N10007585WA0295302988010010053289294
B1751341904219N10007599WA0295702991010010056327025
B1751361904233N10007602WA0296102997010010047011053
B1751381904243N10007595WA0296502999010010032062079
B1751401904240N10007586WA0296802998010010038133109
B1751421904230N10007581WA0297103007010010031174120
B1751441904223N10007584WA0297603019010010024223199
B1751461904216N10007591WA0298203024010010036225183
B1751481904214N10007603WA0298703026010010040267278
B1751501904222N10007617WA0299003027010010056313003
B1751521904235N10007624WA0299403033010010044346059
B1751541904247N10007624WA0299803037010010038014083
B1751561904257N10007618WA0300103041010010032052117
B1751581904258N10007609WA0300503044010010029108123
B1752001904252N10007602WA0300803050010010027149199
B1752021904244N10007602WA0301203057010010032204259
B1752041904238N10007613WA0301703060010010046257307
B1752061904240N10007628WA0302003062010010048293289
B1752081904246N10007641WA0302403064010010043288256
B1752101904246N10007655WA0302603061010010043254233
B1752121904239N10007666WA0302603055010010046230220
B1752141904230N10007678WA0302403049010010052230248
B1752161904220N10007692WA0302103046010010056233227
B1752181904210N10007706WA0301903048010010050231228
B1752201904201N10007717WA0301903051010010042226229
B1752221904192N10007725WA0301903054010010041222227
B1752241904184N10007733WA0301903052010010043227238
B1752261904175N10007745WA0301903051010010051238233
B1752281904168N10007761WA0301903055010010054248246
B1752301904162N10007775WA0302103064010010041237234
B1752321904155N10007785WA0302403069010010038238235
B1752341904150N10007796WA0302803074010010039245240
B1752361904145N10007807WA0303203079010010036244239
B1752381904140N10007817WA0303703083010010038244243
B1752401904136N10007828WA0304103087010010038243250
B1752421904131N10007839WA0304603089010010040250246
B1752441904128N10007852WA0304903092010010044256257
B1752461904126N10007866WA0305303096010010043267293
B1752481904126N10007880WA0305703102010010040271277
B1752501904126N10007892WA0306203110010010037270275
B1752521904128N10007902WA0306803117010010030285309
B1752541904132N10007910WA0307303119010010033314334
B1752561904143N10007916WA0307703119010010044346012
B1752581904158N10007913WA0308003118010010053029078
B1753001904168N10007901WA0308103121010010047058109
B1753021904172N10007888WA0308403128010010039083151
B1753041904171N10007877WA0308803137010010030106175
B1753061904169N10007870WA0309203141010010018127182
B1753081904163N10007866WA0309603141010010029162193
B1753101904153N10007864WA0309903143010010032182228
B1753121904144N10007871WA0310203148010010038238249
B1753141904141N10007883WA0310503153010010039255234
B1753161904138N10007896WA0310903158010010040259248
B1753181904138N10007908WA0311203162010010038277289
B1753201904141N10007919WA0311603166010010035289265
B1753221904144N10007928WA0312003168010010027272225
B1753241904141N10007938WA0312303167010010038243213
B1753261904135N10007949WA0312503167010010037238181
B1753281904128N10007956WA0312603170010010032211180
B1753301904118N10007960WA0312903174010010036194185
B1753321904107N10007962WA0313203179010010034195178
B1753341904097N10007964WA0313503181010010033188158
B1753361904087N10007966WA0313803183010010035192201
B1753381904077N10007968WA0314103184010010033198184
B1753401904068N10007972WA0314203181010010039204185
B1753421904055N10007978WA0314203176010010050207174
B1753441904041N10007985WA0314103179010010044207178
B1753461904033N10007991WA0314103179010010034209181
B1753481904024N10007996WA0314103175010010041202190
B1753501904012N10008000WA0313803169010010050193169
B1753521903997N10008003WA0313503166010010051187178
B1753541903983N10008004WA0313203165010010047181177
B1753561903970N10008005WA0313103164010010045184170
B1753581903956N10008007WA0312903163010010049188171
B1754001903941N10008010WA0312703163010010051190166
B1754021903926N10008012WA0312603163010010050190170
B1754041903911N10008014WA0312603162010010051184179
B1754061903896N10008015WA0312503159010010052185188
B1754081903880N10008017WA0312403159010010053187171
B1754101903865N10008020WA0312303159010010047192179
B1754121903850N10008024WA0312303158010010051200170
B1754141903837N10008030WA0312203155010010052200186
B1754161903821N10008035WA0312003152010010056196181
B1754181903805N10008040WA0311903153010010056196185
B1754201903789N10008045WA0311903152010010056198195
B1754221903773N10008050WA0311803152010010054194183
B1754241903757N10008053WA0311803152010010052190191
B1754251903743N10008056WA0311803152010010052196197
B1754271903735N10008059WA0311803152010010051206194
B1754291903723N10008068WA0311803151010010047224204
B1754311903714N10008079WA0311803149010010046230208
B1754331903704N10008091WA0311603145010010052227219
B1754351903692N10008103WA0311503142010010058225225
B1754371903680N10008116WA0311403144010010053226213
B1754391903670N10008127WA0311503149010010039224197
B1754411903663N10008135WA0311603152010010034232211
B1754431903658N10008144WA0311803154010010035240236
B1754451903652N10008153WA0312003157010010035241214
B1754471903648N10008164WA0312103157010010040250236
B1754491903644N10008176WA0312203155010010042249252
B1754511903639N10008188WA0312303156010010041246250
B1754531903636N10008199WA0312503163010010028259247
B1754551903637N10008209WA0312703160010010035278317
B1754571903644N10008221WA0312803161010010045300270
B1754581903647N10008227WA0312803162010010039301321
E175458Waypoint th6512 reached
B1755001903655N10008234WA0313003162010010036335018
B1755021903667N10008233WA0313003158010010046017018
B1755041903680N10008226WA0313003159010010045032023
B1755061903689N10008219WA0313003161010010034031025
B1755081903698N10008213WA0313103160010010032038052
B1755101903705N10008204WA0313003159010010038057063
B1755121903711N10008193WA0313003160010010039061054
B1755141903716N10008183WA0313003160010010033062045
B1755161903721N10008173WA0313003161010010036064064
B1755181903726N10008164WA0313103163010010035058050
B1755201903731N10008155WA0313203165010010033054067
B1755221903738N10008147WA0313303165010010029045043
B1755241903745N10008142WA0313303161010010032020003
B1755261903756N10008142WA0313203157010010045345321
B1755281903768N10008150WA0313003157010010040313290
B1755301903774N10008159WA0312903156010010031298285
B1755321903778N10008169WA0312803154010010040288287
B1755341903782N10008182WA0312603152010010047288294
B1755361903787N10008196WA0312503152010010042300322
B1755381903794N10008206WA0312403151010010039309297
B1755401903803N10008217WA0312303146010010043307309
B1755421903808N10008228WA0312103142010010044283250
B1755441903807N10008242WA0311703135010010050253262
B1755461903801N10008258WA0311403132010010052249236
B1755481903794N10008272WA0311103132010010046236217
B1755501903785N10008282WA0310903131010010045221223
B1755521903775N10008291WA0310803131010010040221208
B1755541903766N10008298WA0310603131010010031212201
B1755561903757N10008302WA0310503128010010038190177
B1755581903744N10008303WA0310303123010010046180185
B1756001903731N10008303WA0310003120010010046176174
B1756021903717N10008302WA0309703119010010044179182
B1756041903705N10008303WA0309403117010010042183180
B1756061903692N10008304WA0309103114010010045183177
B1756081903678N10008304WA0308803112010010047181191
B1756101903664N10008304WA0308503109010010046174183
B1756121903651N10008301WA0308303108010010045171171
B1756141903637N10008300WA0308103106010010045181180
B1756161903624N10008302WA0307803103010010045190176
B1756181903611N10008305WA0307603098010010044197187
B1756201903598N10008311WA0307303096010010047205212
B1756221903585N10008317WA0307003095010010047201192
B1756241903573N10008321WA0306903099010010039194199
B1756261903563N10008323WA0307003107010010028185192
B1756281903556N10008324WA0307203110010010024188208
B1756301903548N10008324WA0307403113010010030193182
B1756321903541N10008329WA0307703117010010027236212
B1756341903537N10008336WA0308003124010010021249229
B1756361903536N10008343WA0308403129010010028272289
B1756381903541N10008354WA0308803131010010051308331
B1756401903555N10008362WA0309103135010010057357059
B1756421903570N10008355WA0309503140010010050055115
B1756441903571N10008342WA0309903146010010038116170
B1756461903563N10008338WA0310303153010010030190231
B1756481903558N10008345WA0310803158010010040266302
B1756501903566N10008358WA0311303162010010055326353
B1756521903582N10008361WA0311803167010010055017086
B1756541903593N10008350WA0312303173010010043061128
B1756561903594N10008339WA0312803178010010033100146
B1756581903590N10008330WA0313303183010010029138160
B1757001903582N10008326WA0313803189010010027171208
B1757021903575N10008328WA0314303196010010026220228
B1757041903572N10008338WA0314903199010010042270252
B1757061903576N10008352WA0315403201010010053301299
B1757081903586N10008365WA0315903210010010047316307
B1757101903596N10008374WA0316503218010010038319334
B1757121903606N10008378WA0317103222010010041354026
B1757141903618N10008374WA0317603221010010043041096
B1757161903619N10008360WA0317903225010010037088133
B1757181903617N10008352WA0318403235010010021125123
B1757201903613N10008348WA0318903243010010017126108
B1757221903610N10008344WA0319503247010010014131148
B1757241903607N10008341WA0319903250010010014162170
B1757261903602N10008342WA0320303252010010020212184
B1757281903598N10008346WA0320703256010010016223152
B1757301903595N10008350WA0321103259010010019238176
B1757321903591N10008358WA0321403264010010031239190
B1757341903586N10008367WA0321803268010010030243250
B1757361903586N10008376WA0322203270010010033292305
B1757381903596N10008384WA0322403269010010047337325
B1757401903610N10008386WA0322603272010010044001334
B1757421903622N10008388WA0322903276010010036338247
B1757441903630N10008396WA0323203278010010045307279
B1757461903638N10008408WA0323503285010010042307325
B1757481903648N10008415WA0323903288010010039343015
B1757501903659N10008411WA0324103285010010039013011
B1757521903667N10008407WA0324303286010010024049078
B1757541903666N10008400WA0324403280010010034125080
B1757561903658N10008390WA0324303277010010033126089
B1757581903653N10008383WA0324303280010010021119123
B1758001903648N10008377WA0324503283010010020135113
B1758021903642N10008372WA0324603283010010027136108
B1758041903635N10008365WA0324803283010010032138118
B1758061903627N10008360WA0324903284010010027151156
B1758081903619N10008356WA0325103288010010028155111
B1758101903611N10008352WA0325403293010010024148122
B1758121903605N10008348WA0325703295010010023159132
B1758141903598N10008345WA0325903298010010029155136
B1758161903590N10008341WA0326203301010010027150112
B1758181903584N10008337WA0326503303010010028147082
B1758201903576N10008331WA0326603301010010038149125
B1758221903567N10008324WA0326703302010010036143114
B1758241903559N10008318WA0326703302010010032148118
B1758261903549N10008313WA0326803307010010035156116
B1758281903541N10008309WA0327003315010010031148090
B1758301903534N10008304WA0327303319010010025147118
B1758321903528N10008298WA0327603323010010031140152
E175831Waypoint th9028 reached
B1758341903521N10008291WA0328003327010010037133117
B1758361903513N10008282WA0328303332010010035130138
B1758381903506N10008274WA0328703338010010034130125
B1758401903500N10008266WA0329103341010010034134117
B1758421903493N10008258WA0329503343010010036133118
B1758441903485N10008250WA0329803345010010035141140
B1758461903478N10008243WA0330003348010010032135131
B1758481903471N10008235WA0330303349010010036132126
B1758501903464N10008226WA0330403349010010041135128
B1758521903454N10008217WA0330603350010010043143144
B1758541903444N10008210WA0330703350010010039147130
B1758561903433N10008204WA0330803352010010042152158
B1758581903424N10008197WA0330903353010010037144118
B1759001903415N10008189WA0331003352010010042138130
B1759021903405N10008180WA0331003352010010045138117
B1759041903395N10008171WA0331103354010010043140139
B1759061903384N10008164WA0331203357010010042150124
B1759081903373N10008157WA0331403361010010043149123
B1759101903362N10008150WA0331703366010010043150120
B1759121903350N10008144WA0331903370010010044160154
B1759141903337N10008143WA0332303374010010045195217
B1759161903326N10008150WA0332603378010010040225255
B1759181903320N10008159WA0333003381010010032239306
B1759201903317N10008168WA0333303380010010031251284
B1759221903315N10008179WA0333403379010010037272292
B1759241903320N10008191WA0333603378010010042307340
B1759261903330N10008199WA0333603376010010039328358
B1759281903339N10008205WA0333603376010010035332344
B1759301903350N10008209WA0333703377010010040354018
B1759321903363N10008206WA0333703377010010046024052
B1759341903374N10008198WA0333803381010010039042057
B1759361903383N10008190WA0333903383010010035033022
B1759381903392N10008185WA0334103386010010035021018
B1759401903402N10008181WA0334303389010010028019018
B1759421903410N10008180WA0334503391010010029358351
B1759441903419N10008182WA0334703391010010034343315
B1759461903428N10008187WA0334803392010010037314315
B1759481903436N10008196WA0334903394010010036316337
B1759501903443N10008204WA0335103399010010029315330
B1759521903449N10008209WA0335403399010010030333353
B1759541903460N10008213WA0335503397010010041338322
B1759561903471N10008220WA0335503400010010043317310
B1759581903477N10008230WA0335703402010010035300312
B1800001903483N10008239WA0335803403010010031311321
B1800021903491N10008245WA0335903401010010040338340
B1800041903504N10008248WA0336103403010010041351326
B1800061903515N10008250WA0336203407010010035353344
B1800081903525N10008252WA0336403410010010032350344
B1800101903535N10008254WA0336603413010010034343343
B1800121903544N10008257WA0336803416010010034341332
B1800141903553N10008261WA0337003417010010032341334
B1800161903564N10008264WA0337203418010010039349008
B1800181903576N10008263WA0337303418010010042015026
B1800201903588N10008258WA0337403421010010044028020
B1800221903599N10008250WA0337603424010010041045077
B1800241903604N10008239WA0337803426010010040079105
B1800261903603N10008226WA0338003431010010039108119
B1800281903596N10008217WA0338303435010010034142129
B1800301903586N10008214WA0338503437010010033177151
B1800321903576N10008215WA0338803440010010033192142
B1800341903566N10008217WA0339103443010010036186157
B1800361903555N10008218WA0339403446010010034183180
B1800381903545N10008219WA0339703451010010029185142
B1800401903537N10008221WA0340003452010010032204180
B1800421903528N10008228WA0340203453010010039224211
B1800441903521N10008238WA0340503455010010037248223
B1800461903519N10008249WA0340703458010010034262237
B1800481903519N10008260WA0340903460010010033277244
B1800501903522N10008270WA0341103460010010037294255
B1800521903528N10008281WA0341203459010010042307274
B1800541903537N10008291WA0341303460010010042314264
B1800561903545N10008300WA0341403461010010035308265
B1800581903551N10008309WA0341503462010010037306284
B1801001903559N10008318WA0341503461010010040320276
B1801021903570N10008326WA0341603461010010044324265
B1801041903580N10008335WA0341603461010010048318269
B1801061903591N10008345WA0341603465010010046322280
B1801081903601N10008354WA0341803471010010036315275
B1801101903608N10008362WA0342103474010010037309269
B1801121903616N10008372WA0342403476010010043310258
B1801141903624N10008382WA0342603480010010041306261
B1801161903631N10008393WA0343003486010010041304275
B1801181903637N10008403WA0343403491010010037303274
B1801201903645N10008411WA0343803496010010040330326
B1801221903657N10008414WA0344203500010010042009354
B1801241903667N10008407WA0344603506010010034057097
B1801261903667N10008398WA0345003510010010028117123
B1801281903660N10008392WA0345403512010010030152143
B1801301903651N10008389WA0345803516010010034180177
B1801321903641N10008393WA0346103518010010043218247
B1801341903635N10008406WA0346403517010010053260250
B1801361903635N10008423WA0346603521010010050272292
B1801381903636N10008437WA0346903525010010043282305
B1801401903642N10008450WA0347203528010010047301285
B1801421903651N10008461WA0347503530010010043313314
B1801441903661N10008467WA0347703530010010036350356
B1801461903672N10008465WA0347903531010010038022004
B1801481903681N10008460WA0348103535010010028033359
B1801501903686N10008455WA0348303538010010019068036
B1801521903686N10008448WA0348503539010010023102062
B1801541903684N10008440WA0348703541010010026103073
B1801561903681N10008433WA0348903543010010020124093
B1801581903676N10008429WA0349003543010010022156103
B1802001903670N10008427WA0349103542010010027154102
B1802021903662N10008424WA0349103539010010032178139
B1802041903651N10008427WA0349003536010010042208155
B1802061903642N10008437WA0348903535010010049246252
B1802081903641N10008454WA0348703532010010054286313
B1802101903649N10008469WA0348503530010010052303294
B1802121903658N10008482WA0348303528010010053308308
B1802141903670N10008495WA0348103528010010056320327
B1802161903683N10008504WA0348003528010010047337343
B1802181903695N10008507WA0348003529010010035353039
B1802201903705N10008507WA0348003528010010031015043
B1802221903714N10008502WA0347903527010010030034055
B1802241903719N10008497WA0347803525010010023061073
B1802261903722N10008490WA0347703522010010026065064
B1802281903724N10008480WA0347503517010010034091094
B1802301903721N10008469WA0347203515010010037112074
B1802321903716N10008459WA0347103517010010033114083
B1802341903712N10008451WA0347003517010010024116112
B1802361903710N10008444WA0346903516010010027113097
B1802381903706N10008434WA0346803514010010037110108
B1802401903701N10008424WA0346703514010010033122134
B1802421903696N10008416WA0346703515010010027120099
B1802441903693N10008408WA0346703513010010032122103
B1802461903687N10008399WA0346603510010010035133122
B1802481903679N10008393WA0346403505010010030152155
B1802501903672N10008389WA0346103501010010031150111
B1802521903662N10008383WA0345903499010010039149118
B1802541903653N10008377WA0345803501010010031138099
B1802561903646N10008371WA0345703500010010027151134
B1802581903636N10008366WA0345503496010010042149103
B1803001903628N10008356WA0345303495010010040133117
B1803021903619N10008350WA0345103492010010035157131
B1803041903611N10008345WA0344903490010010032145104
B1803061903604N10008337WA0344703487010010040130127
B1803081903596N10008328WA0344503489010010036129131
B1803101903590N10008319WA0344503492010010030122125
B1803121903586N10008311WA0344403489010010036119133
B1803141903581N10008302WA0344303488010010032125124
B1803161903576N10008295WA0344203486010010027132125
B1803181903570N10008288WA0344103485010010034134141
B1803201903562N10008280WA0344003482010010037146129
B1803221903552N10008274WA0343803480010010037140135
B1803241903546N10008265WA0343703479010010032123132
B1803261903539N10008257WA0343503476010010038140117
B1803281903530N10008249WA0343403476010010039137114
B1803301903520N10008242WA0343203474010010036146124
B1803321903512N10008235WA0343103472010010036142125
B1803341903504N10008227WA0342903469010010037126124
B1803361903498N10008217WA0342603465010010038120102
B1803381903493N10008206WA0342403464010010040115101
B1803401903487N10008195WA0342203465010010038121101
B1803421903481N10008185WA0342203468010010039118087
B1803441903477N10008174WA0342203468010010039108106
B1803461903473N10008161WA0342103467010010048111097
B1803481903467N10008146WA0342103470010010047118101
B1803501903460N10008134WA0342203473010010045130127
B1803521903452N10008125WA0342403477010010030132093
B1803541903447N10008119WA0342603476010010026137106
B1803561903441N10008112WA0342703472010010036123072
B1803581903438N10008098WA0342603469010010050094072
B1804001903437N10008083WA0342503468010010044096084
B1804021903435N10008071WA0342403468010010038101076
B1804041903433N10008059WA0342303465010010041106085
B1804061903429N10008046WA0342103461010010046109072
B1804081903423N10008032WA0341903458010010050118102
B1804101903415N10008019WA0341703456010010046126102
B1804121903407N10008008WA0341503452010010042127080
B1804141903400N10007997WA0341203447010010048123089
B1804161903391N10007982WA0340903446010010054124099
B1804181903382N10007969WA0340803450010010048122081
B1804201903375N10007958WA0340803454010010035127081
B1804221903370N10007950WA0340803453010010031124092
B1804241903364N10007941WA0340803448010010039130096
B1804261903353N10007932WA0340603443010010052155150
B1804281903337N10007930WA0340303438010010055184185
B1804301903322N10007934WA0340003438010010046211179
B1804321903313N10007944WA0339703435010010043233198
B1804341903306N10007955WA0339403432010010041235222
B1804361903300N10007967WA0339103425010010049242213
B1804381903293N10007982WA0338603420010010055245222
B1804401903288N10007999WA0338203415010010051256226
B1804421903284N10008014WA0337803411010010049258217
B1804441903281N10008030WA0337403410010010049257232
B1804461903278N10008044WA0337203411010010041256228
B1804481903275N10008056WA0337003410010010037254231
B1804501903273N10008068WA0336903406010010042260236
B1804521903270N10008081WA0336603404010010043261222
B1804541903268N10008094WA0336403402010010039256239
B1804561903265N10008106WA0336203399010010040259255
B1804581903265N10008119WA0336003394010010042277262
B1805001903270N10008130WA0335703390010010037310264
B1805021903277N10008138WA0335403387010010034303262
B1805041903279N10008150WA0335003381010010044266257
B1805061903275N10008164WA0334603376010010047246281
B1805081903271N10008177WA0334303374010010040268303
B1805101903276N10008188WA0334003369010010038315318
B1805121903286N10008193WA0333503360010010036348360
B1805141903300N10008194WA0333003354010010048355325
B1805161903315N10008195WA0332403350010010052357318
B1805181903330N10008195WA0332103353010010046358330
B1805201903342N10008197WA0331903357010010034343303
B1805221903351N10008200WA0331903357010010030336330
B1805241903360N10008203WA0331803356010010032353355
B1805261903370N10008204WA0331703356010010036355338
B1805281903381N10008206WA0331703356010010036344334
B1805301903391N10008210WA0331603356010010037338329
B1805321903402N10008214WA0331603355010010037338336
B1805341903412N10008219WA0331503355010010035337321
B1805361903422N10008223WA0331503353010010037332310
B1805381903431N10008230WA0331403351010010040327318
B1805401903442N10008237WA0331203346010010042331314
B1805421903454N10008243WA0330903341010010050334314
B1805441903468N10008250WA0330703341010010051336321
B1805461903481N10008257WA0330603348010010041330313
B1805481903490N10008262WA0330803355010010029333318
B1805501903497N10008264WA0330903354010010027348355
B1805521903506N10008265WA0331003354010010033351003
B1805541903517N10008267WA0331103359010010036345017
B1805561903526N10008268WA0331303365010010028012035
B1805581903533N10008264WA0331703372010010025017012
B1806001903541N10008263WA0332003375010010025012038
B1806021903548N10008259WA0332403377010010030038067
B1806041903553N10008250WA0332703378010010037083137
B1806061903547N10008239WA0332903377010010044146215
B1806081903534N10008238WA0333003380010010039195256
B1806101903524N10008244WA0333303385010010033223277
B1806121903520N10008253WA0333603388010010031255285
B1806141903520N10008264WA0333803389010010035287296
B1806161903526N10008271WA0334103390010010030330309
B1806181903535N10008274WA0334303391010010030358310
B1806201903544N10008273WA0334403392010010028012355
B1806221903552N10008269WA0334603391010010031036034
B1806241903559N10008260WA0334603390010010036062064
B1806261903562N10008250WA0334703392010010032080059
B1806281903562N10008240WA0334803392010010029096072
B1806301903558N10008231WA0334903390010010040130103
B1806321903547N10008223WA0334803389010010044156133
B1806341903535N10008220WA0334803392010010034176181
B1806361903525N10008222WA0334903390010010035203213
B1806381903515N10008228WA0334903387010010038219192
B1806401903510N10008239WA0334803384010010039260278
B1806421903512N10008252WA0334603381010010044294279
B1806441903520N10008264WA0334503381010010044314268
B1806461903531N10008271WA0334403384010010039339310
B1806481903542N10008274WA0334503385010010037345303
B1806501903552N10008279WA0334503387010010037325272
B1806521903559N10008287WA0334603386010010038304303
B1806541903568N10008296WA0334503381010010046324326
B1806561903581N10008301WA0334403380010010047352313
B1806581903595N10008302WA0334303381010010044001320
B1807001903608N10008300WA0334303382010010038012331
B1807021903618N10008297WA0334303387010010031019339
B1807041903625N10008295WA0334503390010010023010336
B1807061903633N10008294WA0334703390010010030359312
B1807081903643N10008296WA0334703389010010040340294
B1807101903655N10008301WA0334803390010010040336290
B1807121903664N10008305WA0334803387010010030340333
B1807141903673N10008304WA0334603379010010033020020
B1807161903684N10008297WA0334303373010010049037013
B1807181903694N10008287WA0334003372010010044050027
B1807201903702N10008278WA0333703371010010036046006
B1807221903710N10008270WA0333403366010010038044018
B1807241903718N10008260WA0333103362010010043050011
B1807261903727N10008248WA0332803363010010048049011
B1807281903737N10008238WA0332803370010010040042033
B1807301903743N10008232WA0332903376010010024060082
B1807321903742N10008223WA0333003373010010035117108
B1807341903732N10008215WA0333203376010010043165150
B1807361903720N10008220WA0333403379010010044226217
B1807381903717N10008234WA0333603382010010049280312
B1807401903725N10008246WA0333803384010010044331031
B1807421903738N10008247WA0334003385010010043010024
B1807441903749N10008241WA0334203388010010036041045
B1807461903755N10008232WA0334403390010010029068006
B1807481903759N01000000WA0334700002010010000000352
B1807501903766N10008213WA0335003401010010041067061
B1807521903765N10008200WA0335403407010010043122143
B1807541903755N10008192WA0335903412010010033156204
B1807561903747N10008190WA0336403419010010025181213
B1807581903738N10008194WA0336903422010010038210233
B1808001903731N10008203WA0337303422010010044233199
B1808021903722N10008215WA0337603427010010048230193
B1808041903715N10008226WA0338003434010010040245263
B1808061903716N10008238WA0338403431010010044293329
B1808081903727N10008249WA0338603430010010051332006
B1808101903741N10008254WA0338803435010010041344357
B1808121903750N10008257WA0339103439010010029348000
B1808141903760N10008258WA0339303440010010035348351
B1808161903772N10008259WA0339603442010010039004028
B1808181903783N10008254WA0339803447010010037034047
B1808201903792N10008247WA0340203456010010032037031
B1808221903799N10008242WA0340703465010010028033035
B1808241903805N10008237WA0341303473010010030051074
B1808261903806N10008227WA0341903478010010036112121
B1808281903799N10008219WA0342403481010010034145120
B1808301903791N10008213WA0342903487010010033143095
B1808321903782N10008206WA0343403495010010036143137
B1808341903773N10008201WA0344003502010010031158158
B1808361903764N10008200WA0344703510010010031183179
B1808381903754N10008203WA0345203512010010039205224
B1808401903746N10008211WA0345703512010010040238256
B1808421903742N10008224WA0346003514010010038265279
B1808441903742N10008236WA0346403518010010036268274
B1808461903742N10008248WA0346703520010010041275313
B1808481903746N10008261WA0346903519010010046292304
B1808501903752N10008274WA0347103521010010041304324
B1808521903761N10008281WA0347203520010010039333342
B1808541903774N10008284WA0347303521010010040358014
B1808561903784N10008283WA0347503524010010030019037
B1808581903791N10008279WA0347703526010010025034023
B1809001903797N10008273WA0347803528010010029046028
B1809021903804N10008266WA0348003530010010029044035
B1809041903810N10008259WA0348203531010010030047044
B1809061903816N10008251WA0348303535010010035050056
B1809081903823N10008243WA0348603542010010034051056
B1809101903827N10008234WA0349003548010010032070078
B1809121903829N10008225WA0349403555010010025080057
B1809141903830N10008218WA0349903560010010022090085
B1809161903828N10008210WA0350303562010010031123103
B1809181903820N10008203WA0350703564010010034155130
B1809201903809N10008200WA0351103569010010031171115
B1809221903800N10008200WA0351503574010010032176141
B1809241903789N10008199WA0351903579010010037168115
B1809261903778N10008195WA0352403586010010035159109
B1809281903769N10008191WA0352903591010010029159143
B1809301903759N10008188WA0353403592010010037175162
B1809321903748N10008188WA0353803596010010039184153
B1809341903736N10008192WA0354203601010010041203187
B1809361903726N10008199WA0354603604010010042219165
B1809381903716N10008209WA0354903605010010047226208
B1809401903707N10008221WA0355203607010010048228160
B1809421903697N10008231WA0355403606010010041221150
B1809441903686N10008238WA0355403601010010049200140
B1809461903670N10008242WA0355303598010010057186130
B1809481903654N10008242WA0355103596010010048172129
B1809501903642N10008238WA0355003594010010042148101
B1809521903634N10008229WA0354803595010010040133093
B1809541903626N10008221WA0354703594010010033154112
B1809561903615N10008220WA0354503588010010042171083
B1809581903608N10008213WA0354203582010010030118017
B1810001903612N10008204WA0353703573010010036043357
B1810021903620N10008198WA0353203571010010028032003
B1810041903628N10008194WA0352803567010010027026006
B1810061903637N10008189WA0352403559010010036022357
B1810081903649N10008184WA0351803552010010042021360
B1810101903661N10008180WA0351303548010010040015333
B1810121903674N10008178WA0350803543010010040005350
B1810141903687N10008177WA0350403540010010046003339
B1810161903701N10008177WA0350003538010010045356325
B1810181903715N10008178WA0349703537010010042358336
B1810201903728N10008177WA0349503535010010042008322
B1810221903740N10008175WA0349303532010010040011358
B1810241903753N10008172WA0349003529010010048011340
B1810261903769N10008171WA0348803530010010055354311
B1810281903784N10008175WA0348703532010010049343323
B1810301903796N10008178WA0348703536010010033353340
B1810321903804N10008178WA0348803537010010025359342
B1810341903812N10008180WA0348903534010010027338305
B1810361903821N10008181WA0348803533010010036004360
B1810381903831N10008178WA0348803537010010030026022
B1810401903835N10008172WA0348903536010010031091032
B1810421903833N10008161WA0348903537010010035099032
B1810441903829N10008153WA0349003538010010027149140
B1810461903817N10008154WA0349003534010010052197194
B1810481903804N10008162WA0349003536010010047226267
B1810501903799N10008175WA0349003534010010043266303
B1810521903804N10008188WA0348903534010010044303310
B1810541903812N10008197WA0349003536010010033318305
B1810561903819N10008204WA0349003537010010033317309
B1810581903827N10008213WA0349003537010010043303321
B1811001903833N10008226WA0349103540010010043294288
B1811021903837N10008237WA0349203541010010034292317
B1811041903841N10008247WA0349203536010010038293305
B1811061903848N10008260WA0349003530010010053298288
B1811081903856N10008276WA0348803526010010057293286
B1811101903862N10008290WA0348503528010010043297310
B1811121903868N10008301WA0348403527010010042297286
B1811141903874N10008314WA0348203524010010047296298
B1811161903881N10008326WA0348003522010010041307301
B1811181903890N10008334WA0347803520010010041321294
B1811201903901N10008341WA0347603519010010041337316
B1811221903913N10008343WA0347503517010010038004352
B1811241903924N10008338WA0347303513010010041038351
B1811261903933N10008329WA0347103512010010040042013
B1811281903941N10008320WA0346903509010010041055044
B1811301903947N10008307WA0346603507010010045066046
B1811321903952N10008296WA0346403507010010037064046
B1811341903955N10008286WA0346303506010010030088076
B1811361903952N10008276WA0346203503010010033114085
B1811381903948N10008265WA0346003500010010041111071
B1811401903944N10008252WA0345703497010010047098090
B1811421903943N10008237WA0345603496010010042097097
B1811441903941N10008224WA0345403492010010043097080
B1811461903940N10008209WA0345203487010010048092065
B1811481903939N10008193WA0344903483010010051094082
B1811501903938N10008178WA0344603481010010046089050
B1811521903939N10008164WA0344303479010010042085074
B1811541903939N10008150WA0344103477010010041093075
B1811561903938N10008137WA0343803471010010044096067
B1811581903936N10008122WA0343503468010010054104082
B1812001903928N10008107WA0343303469010010054130120
B1812021903917N10008096WA0343203470010010047139103
B1812041903907N10008087WA0343103471010010042138108
B1812061903898N10008078WA0343103470010010040140118
B1812081903888N10008070WA0343003467010010045144122
B1812101903877N10008060WA0342903465010010051138123
B1812121903865N10008049WA0342803467010010050136119
B1812141903855N10008040WA0342803470010010040139131
B1812161903847N10008031WA0342903475010010036124142
B1812181903842N10008021WA0343103479010010035120126
B1812201903836N10008012WA0343403485010010038132140
B1812221903827N10008004WA0343803489010010034150133
B1812241903819N10008001WA0344103495010010027157131
B1812261903811N10007998WA0344603502010010027155145
B1812281903803N10007993WA0345203511010010031148118
B1812301903796N10007986WA0345703516010010036133132
B1812321903787N10007980WA0346303521010010038162174
B1812341903776N10007978WA0346803527010010040177130
B1812361903764N10007977WA0347403533010010036165132
B1812381903754N10007974WA0347903538010010033171139
B1812401903744N10007973WA0348503546010010032172137
B1812421903735N10007973WA0349103552010010031199186
B1812441903729N10007981WA0349503551010010040249192
B1812461903725N10007993WA0349903553010010036233155
B1812481903716N10008000WA0350303559010010033206155
B1812501903709N10008007WA0350803568010010034245242
B1812521903707N10008020WA0351303574010010046269254
B1812541903708N10008035WA0352003584010010044288304
B1812561903714N10008046WA0352703592010010039298294
B1812581903721N10008056WA0353503601010010042317359
B1813001903733N10008059WA0354303607010010041016080
B1813021903740N10008049WA0354903612010010038080167
B1813041903737N10008041WA0355603620010010028145194
B1813061903727N10008039WA0356303626010010034185160
B1813081903717N10008039WA0356903635010010033176172
B1813101903706N10008039WA0357603642010010034182185
B1813121903694N10008042WA0358303648010010048200191
B1813141903681N10008048WA0358903654010010052205182
B1813161903667N10008054WA0359403657010010049198185
B1813181903655N10008059WA0359803656010010046199181
B1813201903642N10008062WA0360003651010010052187146
B1813221903626N10008062WA0360003648010010055174150
B1813241903610N10008061WA0359903648010010050176145
B1813261903596N10008060WA0359903648010010045177150
B1813281903583N10008057WA0359703642010010048165135
B1813301903570N10008050WA0359503637010010052146104
B1813321903558N10008039WA0359103634010010051133086
B1813341903549N10008026WA0358803631010010048121101
B1813361903543N10008014WA0358603634010010042116107
B1813381903538N10008004WA0358503636010010030121094
B1813401903534N10007997WA0358503639010010020130106
B1813421903531N10007992WA0358503637010010023126102
B1813441903525N10007984WA0358403632010010036125074
B1813461903520N10007974WA0358203629010010035113077
B1813481903514N10007964WA0358103629010010039140186
B1813501903500N10007965WA0357803619010010066204254
B1813521903488N10007982WA0357303609010010069256288
B1813541903489N10008001WA0356903607010010050286293
B1813561903494N10008014WA0356503605010010037293257
B1813581903499N10008024WA0356003598010010039297288
B1814001903506N10008035WA0355503590010010044307312
B1814021903515N10008045WA0355003584010010043316356
B1814041903526N10008052WA0354403576010010043341346
B1814061903539N10008055WA0353803570010010041355309
B1814081903548N10008055WA0353303566010010026352314
B1814101903556N10008056WA0352703559010010033002346
B1814121903569N10008055WA0352203555010010046000341
B1814141903583N10008055WA0351803556010010042002357
B1814161903595N10008054WA0351603562010010034007355
B1814181903603N10008054WA0351603563010010031355338
B1814201903613N10008055WA0351603564010010034351349
B1814221903623N10008057WA0351603565010010033358347
B1814241903633N10008056WA0351703567010010035010348
B1814261903644N10008053WA0351803570010010040010354
B1814281903656N10008050WA0352003577010010040025035
B1814301903663N10008042WA0352303580010010032071072
B1814321903662N10008031WA0352603582010010038105084
B1814341903658N10008018WA0352903587010010042102089
B1814361903655N10008007WA0353203594010010032112128
B1814381903650N10008000WA0353703601010010027146158
B1814401903641N10007999WA0354103601010010036196180
B1814421903630N10008006WA0354503603010010041219164
B1814441903621N10008014WA0354803608010010034205109
B1814461903611N10008015WA0355103610010010035185141
B1814481903600N10008016WA0355403613010010037185154
B1814501903589N10008020WA0355703614010010045202193
B1814521903578N10008029WA0355903615010010049238227
B1814541903575N10008045WA0356103616010010051271298
B1814561903580N10008058WA0356203618010010044306013
B1814581903591N10008064WA0356403617010010039002072
B1815001903602N10008058WA0356503618010010039050121
B1815021903605N10008047WA0356703625010010031095167
B1815041903600N10008040WA0357003630010010026152167
B1815061903591N10008038WA0357303631010010033183175
B1815081903580N10008041WA0357603632010010040195162
B1815101903568N10008042WA0357803632010010041181185
B1815121903555N10008044WA0357903633010010042193189
B1815141903543N10008047WA0358003632010010043187126
B1815161903531N10008044WA0358003627010010045161167
B1815181903517N10008043WA0357803621010010057194246
B1815201903505N10008056WA0357403609010010067251299
B1815221903506N10008076WA0356903600010010059294341
B1815241903516N10008088WA0356303598010010040315352
B1815261903523N10008095WA0355803591010010033319319
B1815281903532N10008101WA0355303586010010039332338
B1815301903545N10008107WA0354803582010010045336333
B1815321903557N10008112WA0354403582010010042337336
B1815341903567N10008118WA0354103580010010033329332
B1815361903576N10008124WA0353803576010010039327323
B1815381903587N10008132WA0353503574010010047323331
B1815401903599N10008140WA0353303577010010047335356
B1815421903612N10008145WA0353203580010010039349005
B1815441903623N10008146WA0353203582010010037355345
B1815461903635N10008146WA0353203582010010043359010
B1815481903648N10008145WA0353303584010010044009003
B1815501903662N10008142WA0353403590010010047018038
B1815521903673N10008134WA0353603591010010043048079
B1815541903679N10008121WA0353803595010010045073105
B1815561903678N10008109WA0354003599010010039115144
B1815581903669N10008101WA0354303604010010033155160
B1816001903659N10008101WA0354803614010010028196233
B1816021903653N10008106WA0355303616010010025233253
B1816041903649N10008114WA0355803617010010032234194
B1816061903642N10008121WA0356103618010010028214177
B1816081903635N10008124WA0356403619010010020198152
B1816101903628N10008124WA0356603617010010031172107
B1816121903618N10008119WA0356703616010010047139091
B1816141903609N10008106WA0356703620010010050115111
B1816161903603N10008095WA0356903623010010040138151
B1816181903594N10008088WA0357003622010010045152121
B1816201903586N10008077WA0357003619010010053126130
B1816221903577N10008064WA0356903621010010050134167
B1816241903567N10008054WA0357003623010010038139130
B1816261903559N10008047WA0357003626010010040144167
B1816281903549N10008039WA0357103627010010043145112
B1816301903539N10008030WA0357203632010010042137134
B1816321903530N10008023WA0357503636010010034155157
B1816341903520N10008020WA0357703639010010037170137
B1816361903508N10008017WA0358003644010010040165129
B1816381903496N10008014WA0358403648010010039171146
B1816401903484N10008014WA0358703652010010040177131
B1816421903471N10008013WA0359103654010010048172121
B1816441903458N10008008WA0359403656010010046153104
B1816461903448N10008000WA0359603655010010036138100
B1816481903444N10007992WA0359803654010010029116077
B1816501903441N10007982WA0359803648010010035099070
B1816521903443N10007971WA0359703646010010031068021
B1816541903448N10007964WA0359603643010010028048031
B1816561903455N10007958WA0359403639010010029044022
B1816581903461N10007951WA0359203635010010030051011
B1816591903465N10007945WA0359003633010010037054036
B1817011903472N10007935WA0358703630010010039061029
B1817031903476N10007926WA0358503631010010035068045
B1817051903480N10007917WA0358403631010010029066032
B1817071903483N10007908WA0358303632010010029068031
B1817091903486N10007899WA0358203629010010031071041
B1817111903490N10007889WA0358003625010010037063028
B1817131903497N10007880WA0357903625010010032040353
B1817151903505N10007878WA0357703624010010027358328
B1817171903514N10007878WA0357603622010010033006006
B1817191903524N10007878WA0357503624010010030357338
B1817211903532N10007879WA0357503629010010027000001
B1817231903540N10007878WA0357703631010010027009358
B1817251903549N10007876WA0357803633010010035022023
B1817271903558N10007870WA0358003638010010036031023
B1817291903567N10007864WA0358303641010010032039016
B1817311903573N10007856WA0358503640010010033064066
B1817331903574N10007845WA0358603634010010042103107
B1817351903566N10007833WA0358403629010010046151182
B1817371903551N10007835WA0358103621010010053214252
B1817391903543N10007848WA0357803622010010042245265
B1817411903537N10007858WA0357703622010010032233205
B1817431903530N10007866WA0357403617010010045222195
B1817451903517N10007876WA0357203618010010052216198
B1817471903507N10007885WA0357103625010010034227243
B1817491903502N10007893WA0357203625010010038233229
B1817511903496N10007905WA0357203625010010048249293
B1817531903497N10007918WA0357203626010010038298016
B1817551903506N10007923WA0357303625010010030349007
B1817571903514N10007922WA0357303626010010028023025
B1817591903522N10007917WA0357303626010010030042023
B1818011903527N10007909WA0357303625010010028067067
B1818031903527N10007899WA0357303623010010037107121
B1818051903520N10007889WA0357203621010010046146184
B1818071903506N10007885WA0357103622010010043182208
B1818091903494N10007891WA0357103620010010048222254
B1818111903487N10007904WA0357003618010010046254285
B1818131903487N10007918WA0356903616010010040281326
B1818151903491N10007930WA0356803616010010041295299
B1818171903498N10007941WA0356603613010010043298305
B1818191903503N10007954WA0356503611010010046289280
B1818211903508N10007968WA0356303608010010044292308
B1818231903514N10007981WA0356103604010010047298309
B1818251903519N10007994WA0355903601010010047283308
B1818271903522N10008009WA0355703598010010048286351
B1818291903527N10008021WA0355503600010010037305000
B1818311903534N10008029WA0355403599010010033317355
B1818331903542N10008035WA0355303598010010034330341
B1818351903552N10008039WA0355303599010010037345012
B1818371903562N10008041WA0355303601010010030355344
B1818391903571N10008041WA0355303601010010030000357
B1818411903581N10008041WA0355303600010010033359021
B1818431903591N10008042WA0355403605010010034347002
B1818451903600N10008045WA0355603611010010028338345
B1818471903607N10008049WA0355803615010010029329344
B1818491903615N10008054WA0356203618010010028335001
B1818511903623N10008054WA0356403620010010033025059
B1818531903630N10008045WA0356703622010010037073123
B1818551903628N10008034WA0356903625010010039121137
B1818571903621N10008024WA0357203629010010041127134
B1818591903614N10008014WA0357503635010010034127137
B1819011903608N10008005WA0357903640010010034126127
B1819031903602N10007996WA0358303644010010034112089
B1819051903601N10007985WA0358703647010010038086088
B1819071903604N10007973WA0359103650010010037072096
B1819091903605N10007963WA0359403648010010027099095
B1819111903605N10007953WA0359403640010010037106069
B1819131903608N10007938WA0359203635010010060064059
B1819151903618N10007920WA0359003636010010063055095
B1819171903622N10007909WA0358903637010010033068058
B1819191903627N10007900WA0358703632010010038054057
B1819211903637N10007888WA0358403628010010054048063
B1819231903647N10007876WA0358103624010010047046039
B1819251903658N10007869WA0357803621010010039013334
B1819271903671N10007874WA0357403612010010051318289
B1819291903676N10007890WA0356903606010010058267232
B1819311903671N10007906WA0356503606010010047241219
B1819331903665N10007918WA0356203608010010038249245
B1819351903662N10007930WA0356003608010010038254250
B1819371903659N10007942WA0355903608010010042257267
B1819391903657N10007955WA0355903611010010039260271
B1819411903654N10007966WA0356003614010010030250232
B1819431903650N10007975WA0356103616010010034249272
B1819451903649N10007987WA0356203615010010039273282
B1819471903650N10007998WA0356303619010010032275265
B1819491903650N10008008WA0356603624010010028277318
B1819511903655N10008015WA0356803623010010035322012
B1819531903666N10008016WA0356903620010010041019066
B1819551903675N10008009WA0356903621010010036061091
B1819571903676N10007997WA0357003618010010039112152
B1819591903667N10007986WA0356903620010010044138121
B1820011903659N10007978WA0357003624010010033133121
B1820031903651N10007971WA0357103624010010030144127
B1820051903642N10007967WA0357203623010010037161142
B1820071903631N10007965WA0357203623010010036176152
B1820091903620N10007968WA0357303622010010041213184
B1820111903610N10007979WA0357303622010010045234214
B1820131903603N10007990WA0357303624010010037236203
B1820151903596N10008000WA0357403626010010036234234
B1820171903592N10008010WA0357503624010010034251258
B1820191903591N10008021WA0357503618010010040278283
B1820211903596N10008034WA0357303614010010045294256
B1820231903601N10008047WA0357103612010010041291271
B1820251903605N10008058WA0356903612010010037293273
B1820271903609N10008069WA0356903615010010033294282
B1820291903613N10008078WA0356903616010010032286264
B1820311903614N10008088WA0356903616010010034267258
B1820331903614N10008100WA0356903617010010040274262
B1820351903614N10008113WA0357003621010010038274255
B1820371903615N10008124WA0357203624010010035272256
B1820391903616N10008136WA0357303623010010044282277
B1820411903620N10008151WA0357503625010010049281271
B1820431903621N10008165WA0357603628010010040273264
B1820451903621N10008177WA0357803630010010039263257
B1820471903618N10008189WA0358003631010010044252253
B1820491903613N10008202WA0358103631010010042246232
B1820511903606N10008213WA0358203629010010049224190
B1820531903592N10008222WA0358203627010010051202174
B1820551903578N10008225WA0358103628010010047184119
B1820571903567N10008223WA0358103624010010039158070
B1820591903560N10008214WA0357903617010010035112022
B1821011903569N10008203WA0357503610010010055029338
B1821031903581N10008199WA0357103612010010027001299
B1821051903588N10008203WA0356803608010010028319337
B1821071903599N10008210WA0356303599010010056327324
B1821091903617N10008220WA0355803599010010070335321
B1821111903628N10008229WA0355603604010010036322321
B1821131903635N10008235WA0355403602010010031315313
B1821151903644N10008242WA0355203597010010045325343
B1821171903657N10008250WA0355003595010010046332328
B1821191903668N10008257WA0354703594010010043327324
B1821211903679N10008263WA0354503592010010037333343
B1821231903689N10008268WA0354303587010010042334324
B1821251903701N10008275WA0354003583010010048332325
B1821271903715N10008281WA0353703584010010046337321
B1821291903727N10008286WA0353603586010010039335313
B1821311903737N10008292WA0353503587010010040334319
B1821331903749N10008296WA0353503585010010040351340
B1821351903760N10008296WA0353503586010010035360356
B1821371903770N10008296WA0353503586010010035003357
B1821391903783N10008295WA0353503587010010046004004
B1821411903796N10008295WA0353603593010010041004058
B1821431903805N10008292WA0353903596010010023032107
B1821451903806N10008286WA0354103595010010025120143
B1821471903797N10008284WA0354203596010010037194198
B1821491903790N10008295WA0354403596010010052261258
B1821511903793N10008312WA0354503598010010059301278
B1821531903806N10008324WA0354703602010010049333013
B1821551903818N10008327WA0354903605010010034354029
B1821571903827N10008326WA0355203607010010029017056
B1821591903833N10008320WA0355403607010010023076063
B1822011903831N10008313WA0355603606010010024123075
B1822031903827N10008307WA0355703607010010026114092
B1822051903825N10008299WA0355703608010010027108089
B1822071903821N10008291WA0355903611010010024124080
B1822091903817N10008286WA0356103616010010017135072
B1822111903813N10008282WA0356303618010010021137070
B1822131903808N10008276WA0356603623010010027126078
B1822151903804N10008271WA0357003630010010016108034
B1822171903804N10008266WA0357503635010010016075052
B1822191903804N10008260WA0357903636010010023114068
B1822211903799N10008253WA0358203635010010028134067
B1822231903792N10008247WA0358403635010010029140082
B1822251903784N10008240WA0358503636010010033142127
B1822271903777N10008234WA0358603636010010027136128
B1822291903773N10008228WA0358703637010010023112115
B1822311903772N10008221WA0358803637010010027093109
B1822331903772N10008210WA0358903639010010034077112
B1822351903776N10008200WA0359103646010010031074155
B1822371903774N10008192WA0359403648010010031122156
B1822391903769N10008182WA0359503644010010040124145
B1822411903763N10008171WA0359603645010010041110148
B1822431903758N10008160WA0359703646010010035126171
B1822451903750N10008154WA0359703646010010034159171
B1822471903740N10008153WA0359703642010010038181191
B1822491903728N10008153WA0359603641010010036177145
B1822511903718N10008153WA0359503641010010030182153
B1822531903708N10008155WA0359403642010010037194191
B1822551903697N10008160WA0359303643010010040204192
B1822571903685N10008165WA0359403650010010034189162
B1822591903676N10008164WA0359603655010010028163105
B1823011903669N10008160WA0359903656010010024145125
B1823031903664N10008153WA0360003656010010028121110
B1823051903663N10008145WA0360203658010010025077057
B1823071903670N10008138WA0360303657010010039031033
B1823091903682N10008134WA0360403660010010039359343
B1823111903692N10008139WA0360603659010010039313310
B1823131903699N10008150WA0360703661010010044299350
B1823151903704N10008162WA0360903664010010037275239
B1823171903699N10008174WA0361003663010010044228174
B1823191903687N10008181WA0361103665010010045194154
B1823211903674N10008183WA0361303668010010038191157
B1823231903664N10008185WA0361503670010010035191130
B1823251903654N10008185WA0361603665010010037166098
B1823271903646N10008178WA0361503660010010035114036
B1823291903653N10008170WA0361303653010010047005324
B1823311903670N10008178WA0361003655010010064312323
B1823331903681N10008190WA0361003664010010037309019
B1823351903685N10008197WA0361103665010010025298328
B1823371903695N10008203WA0361103661010010045310325
B1823391903705N10008215WA0361103663010010045311331
B1823411903714N10008222WA0361303666010010032322026
B1823431903722N10008222WA0361303662010010031028046
B1823451903729N10008212WA0361203659010010038073111
B1823471903726N10008202WA0361103656010010037142177
B1823491903715N10008198WA0361003657010010037168180
B1823511903705N10008196WA0361003660010010028169168
B1823531903697N10008197WA0361003661010010029199188
B1823551903687N10008203WA0361003658010010044219186
B1823571903677N10008214WA0361003658010010046234199
B1823591903672N10008227WA0360903658010010046254216
B1824011903670N10008243WA0360903658010010050276259
B1824031903676N10008257WA0360903659010010045306342
B1824051903686N10008264WA0360903655010010038342355
B1824071903697N10008267WA0360803653010010038347348
B1824091903709N10008270WA0360703652010010045346010
B1824111903723N10008271WA0360603656010010043001047
B1824131903732N10008267WA0360703657010010031050101
B1824151903733N10008256WA0360703654010010037101154
B1824171903727N10008247WA0360703655010010034136140
B1824191903718N10008242WA0360703654010010031162180
B1824211903708N10008240WA0360703653010010038175217
B1824231903696N10008240WA0360703655010010037189216
B1824251903686N10008247WA0360703657010010041224230
B1824271903678N10008258WA0360803662010010044239232
B1824291903673N10008271WA0361003664010010044258256
B1824311903673N10008285WA0361103665010010044276261
B1824331903676N10008298WA0361303664010010043295300
B1824351903684N10008308WA0361303660010010039330003
B1824371903696N10008308WA0361203659010010038019022
B1824391903705N10008302WA0361203660010010031042016
B1824411903710N10008295WA0361203664010010027062049
B1824431903712N10008286WA0361303665010010029085067
B1824451903712N10008278WA0361403664010010024108094
B1824471903706N10008271WA0361303660010010034148126
B1824491903695N10008266WA0361203659010010039161132
B1824511903684N10008265WA0361203660010010036184132
B1824531903673N10008268WA0361203660010010041195143
B1824551903660N10008271WA0361103661010010043194168
B1824571903647N10008276WA0361103661010010045209185
B1824591903637N10008286WA0361103660010010045228218
B1825011903630N10008299WA0361103658010010054253234
B1825031903628N10008317WA0361003657010010054275277
B1825051903631N10008332WA0361003660010010044292285
B1825071903638N10008342WA0361003661010010034318296
B1825091903647N10008347WA0361003660010010033344350
B1825111903656N10008348WA0361103662010010030359006
B1825131903665N10008346WA0361103662010010027017011
B1825151903671N10008342WA0361203663010010026054050
B1825171903672N10008334WA0361203663010010029113086
B1825191903665N10008327WA0361203662010010034159113
B1825211903656N10008325WA0361203663010010028164118
B1825231903647N10008322WA0361203661010010037170127
B1825251903634N10008321WA0361203660010010040172063
B1825271903626N10008316WA0361103659010010029132018
B1825291903627N10008308WA0361003655010010034053027
B1825311903632N10008300WA0360803654010010032062048
B1825331903636N10008290WA0360803655010010030076047
B1825351903638N10008280WA0360803657010010033073050
B1825371903641N10008270WA0360803660010010036075043
B1825391903642N10008260WA0361003667010010032100105
B1825411903636N10008252WA0361203670010010039155136
B1825431903624N10008250WA0361403670010010041179085
B1825451903612N10008248WA0361603670010010043156090
B1825471903600N10008239WA0361703670010010053148137
B1825491903584N10008234WA0361803673010010056176163
B1825511903569N10008236WA0361903678010010047196227
B1825531903556N10008243WA0362103678010010050223262
B1825551903550N10008258WA0362103672010010055262269
B1825571903549N10008275WA0362003672010010051267258
B1825591903548N10008290WA0362003671010010044267271
B1826011903550N10008304WA0361903665010010050280282
B1826031903554N10008320WA0361603662010010053279259
B1826051903553N10008336WA0361403661010010046259250
B1826071903550N10008350WA0361203661010010045260288
B1826091903550N10008364WA0361103660010010046274273
B1826111903550N10008379WA0361003661010010044266292
B1826131903551N10008392WA0361003659010010041278346
B1826151903557N10008400WA0360803654010010034329328
B1826171903569N10008405WA0360503650010010044329333
B1826191903581N10008413WA0360303653010010044328006
B1826211903591N10008417WA0360203652010010030346029
B1826231903599N10008417WA0360103650010010023013011
B1826251903607N10008413WA0359903648010010032025032
B1826271903615N10008408WA0359803647010010025034044
B1826291903622N10008403WA0359703646010010026034033
B1826311903629N10008397WA0359503645010010032043067
B1826331903636N10008390WA0359403647010010028049049
B1826351903640N10008384WA0359503649010010022059050
B1826371903642N10008378WA0359503651010010022076039
B1826391903644N10008371WA0359603653010010022075049
B1826411903646N10008365WA0359803657010010016065080
B1826431903648N10008361WA0360003660010010014062095
B1826451903650N10008355WA0360203663010010022079078
B1826471903651N10008348WA0360503668010010021094085
B1826491903649N10008343WA0360803671010010020122110
B1826511903644N10008336WA0361103672010010034130110
B1826531903637N10008327WA0361403675010010034122065
B1826551903634N10008317WA0361703679010010035092068
B1826571903634N10008306WA0362003683010010033101137
B1826591903629N10008299WA0362403687010010026140122
B1827011903624N10008293WA0362703688010010025127094
B1827031903620N10008285WA0362903688010010032106092
B1827051903618N10008275WA0363103691010010032101075
B1827071903616N10008266WA0363303693010010024114100
B1827091903610N10008261WA0363503692010010031156134
B1827111903599N10008259WA0363603690010010045179127
B1827131903586N10008259WA0363703692010010040184153
B1827151903574N10008261WA0363803693010010037191156
B1827171903563N10008264WA0363903692010010041193158
B1827191903550N10008267WA0363903691010010042191165
B1827201903543N10008268WA0363903690010010042192157
B1827221903532N10008271WA0363803688010010043196169
B1827241903519N10008276WA0363703686010010048204194
B1827261903507N10008285WA0363603682010010048228221
B1827281903501N10008299WA0363303675010010054260235
B1827301903500N10008317WA0363003670010010057265211
B1827321903498N10008335WA0362603668010010054267235
B1827331903498N10008345WA0362503667010010050274220
B1827351903500N10008359WA0362203666010010046275229
B1827361903500N10008367WA0362103666010010048271221
B1827381903501N10008382WA0361903664010010049275268
B1827401903503N10008397WA0361803663010010049285286
B1827421903509N10008410WA0361603659010010048301300
B1827431903514N10008418WA0361503658010010049306293
B1827451903523N10008430WA0361303658010010049308303
B1827471903531N10008441WA0361203659010010045306319
B1827491903540N10008453WA0361103658010010047311321
B1827511903550N10008463WA0361003657010010048321329
B1827531903561N10008470WA0361003658010010037341004
B1827551903571N10008470WA0361003658010010029013017
B1827571903579N10008467WA0360903657010010027026007
B1827591903585N10008463WA0360903658010010025027025
B1828011903593N10008459WA0360903658010010028028036
B1828031903600N10008454WA0360903658010010027031028
B1828051903606N10008450WA0360903659010010026038017
B1828071903612N10008445WA0360903660010010024031022
B1828091903618N10008441WA0361003662010010024034023
B1828111903625N10008436WA0361003662010010028040039
B1828131903631N10008431WA0361103662010010025039031
B1828151903636N10008426WA0361103663010010024044030
B1828171903642N10008421WA0361103662010010028030022
B1828191903651N10008416WA0361103660010010037023003
B1828211903662N10008411WA0361103662010010036026358
B1828231903670N10008407WA0361203665010010027025350
B1828251903676N10008404WA0361303668010010020023006
B1828271903682N10008401WA0361503669010010024033022
B1828291903689N10008396WA0361603672010010028035027
B1828311903693N10008391WA0361803675010010019071059
B1828331903693N10008385WA0362003676010010022104060
B1828351903691N10008377WA0362103676010010028106076
B1828371903688N10008369WA0362203678010010028121091
B1828391903682N10008362WA0362303680010010027139094
B1828411903676N10008358WA0362503680010010025153081
B1828431903669N10008353WA0362503679010010033153102
B1828451903658N10008349WA0362603678010010041165102
B1828471903646N10008346WA0362603677010010035166089
B1828491903636N10008343WA0362503676010010035166108
B1828511903625N10008341WA0362403672010010042174088
B1828531903612N10008340WA0362303671010010039173101
B1828551903602N10008337WA0362203669010010036148100
B1828571903593N10008329WA0362003667010010039133098
B1828591903585N10008320WA0361903667010010040140087
B1829011903576N10008313WA0361803667010010032143064
B1829031903570N10008307WA0361803666010010027133089
B1829051903563N10008301WA0361603662010010037150129
B1829071903552N10008296WA0361503661010010042158134
B1829091903540N10008291WA0361403662010010038162132
B1829111903530N10008288WA0361303662010010036164162
B1829131903518N10008288WA0361203660010010046202224
B1829151903508N10008300WA0361103656010010051244269
B1829171903503N10008314WA0360903656010010043251239
B1829191903499N10008326WA0360803653010010042244261
B1829211903493N10008340WA0360603651010010051249277
B1829231903488N10008355WA0360503651010010047252279
B1829251903484N10008368WA0360403650010010044257279
B1829271903483N10008382WA0360203647010010043274289
B1829291903486N10008396WA0360103645010010045282290
B1829311903489N10008410WA0359903644010010043285307
B1829331903493N10008422WA0359803642010010040297322
B1829351903501N10008432WA0359603640010010042321347
B1829371903511N10008440WA0359503640010010038321357
B1829391903519N10008447WA0359403640010010032325356
B1829411903528N10008450WA0359303637010010032347357
B1829431903537N10008453WA0359203636010010033337360
B1829451903546N10008458WA0359103634010010036325354
B1829471903555N10008465WA0358903632010010038323339
B1829491903564N10008472WA0358703629010010038324333
B1829511903574N10008480WA0358503626010010042326328
B1829531903585N10008487WA0358303623010010042327339
B1829551903596N10008494WA0358003621010010041329348
B1829571903606N10008500WA0357803617010010035340021
B1829591903614N10008500WA0357503613010010026023058
B1830011903620N10008493WA0357203609010010030066073
B1830031903620N10008485WA0356903606010010025105083
B1830051903618N10008477WA0356603603010010025098046
B1830071903619N10008468WA0356203597010010032080081
B1830091903620N10008456WA0355803592010010042088079
B1830111903619N10008443WA0355403590010010046094095
B1830131903619N10008428WA0355003588010010039089079
B1830151903620N10008417WA0354803590010010034079082
B1830171903624N10008407WA0354603589010010032051062
B1830191903631N10008401WA0354503586010010032032051
B1830211903641N10008395WA0354203582010010041026034
B1830231903652N10008389WA0354003580010010044031028
B1830251903663N10008382WA0353803581010010041027017
B1830271903674N10008378WA0353703581010010038010026
B1830291903686N10008375WA0353603580010010044014028
B1830311903700N10008371WA0353603580010010047022042
B1830331903712N10008365WA0353503583010010045030033
B1830351903723N10008357WA0353603586010010040038046
B1830371903732N10008349WA0353703589010010038042039
B1830391903740N10008341WA0353903592010010034049067
B1830411903744N10008332WA0354103592010010037074080
B1830431903747N10008319WA0354203594010010042076074
B1830451903751N10008307WA0354303596010010041070088
B1830471903754N10008296WA0354503599010010035071075
B1830491903757N10008285WA0354703601010010034073070
B1830511903761N10008274WA0354903603010010038074083
B1830531903763N10008262WA0355103605010010040084081
B1830551903764N10008250WA0355303608010010034087086
B1830571903764N10008240WA0355503610010010032089085
B1830591903765N10008230WA0355703615010010032088100
B1831011903765N10008220WA0356103622010010029091111
B1831031903763N10008213WA0356603629010010020108092
B1831051903761N10008206WA0357003633010010025111097
B1831071903758N10008198WA0357503637010010026118098
B1831091903753N10008190WA0357903644010010033122091
B1831111903747N10008183WA0358503650010010022127093
B1831131903744N10008179WA0359003653010010017153126
B1831151903737N10008178WA0359403654010010032173146
B1831171903726N10008177WA0359703656010010038172129
B1831191903716N10008175WA0360103662010010033173117
B1831211903707N10008173WA0360403665010010032171116
B1831231903696N10008172WA0360703669010010037167120
B1831251903686N10008168WA0361103675010010030155094
B1831271903680N10008162WA0361503676010010032121060
B1831291903679N10008152WA0361803677010010029079034
B1831311903686N10008147WA0361903675010010032006008
B1831331903697N10008150WA0362003672010010041325292
B1831351903705N10008160WA0362003673010010042302292
B1831371903712N10008172WA0362003676010010041305322
B1831391903719N10008182WA0362203680010010041302314
B1831411903725N10008194WA0362303680010010048291293
B1831431903732N10008210WA0362503684010010052302327
B1831451903741N10008220WA0362703687010010036323017
B1831471903750N10008225WA0362903685010010032334002
B1831491903764N10008225WA0362903682010010042002057
B1831511903777N10008221WA0363003682010010044027046
B1831531903787N10008214WA0363003683010010037038066
B1831551903794N10008207WA0363003686010010025048046
B1831571903797N10008201WA0363203690010010020069075
B1831591903798N10008194WA0363303691010010026088098
B1832011903798N10008185WA0363403692010010025099104
B1832031903796N10008180WA0363603692010010016115117
B1832051903793N10008175WA0363703693010010019148117
B1832071903787N10008172WA0363703691010010026154094
B1832091903782N10008166WA0363703690010010031109043
B1832111903784N10008155WA0363603686010010042051331
B1832131903798N10008150WA0363403680010010055354302
B1832151903814N10008155WA0363203677010010051344328
B1832171903828N10008157WA0362903677010010047355341
B1832191903842N10008159WA0362803679010010047353329
B1832211903856N10008161WA0362803683010010047356344
B1832231903870N10008162WA0362903687010010044356002
B1832251903882N10008161WA0363103690010010039010029
B1832271903893N10008157WA0363303694010010039025028
B1832291903902N10008151WA0363603700010010030047046
B1832311903904N10008143WA0364003702010010029098076
B1832331903901N10008134WA0364203705010010034106075
B1832351903899N10008123WA0364603711010010033103092
B1832371903895N10008113WA0364903713010010035125093
B1832391903887N10008104WA0365303716010010042133092
B1832411903878N10008096WA0365503717010010035142103
B1832431903869N10008091WA0365803718010010032164117
B1832451903859N10008090WA0365903714010010039176132
B1832471903845N10008088WA0365903711010010051174141
B1832491903831N10008088WA0365803711010010044183140
B1832511903818N10008089WA0365803710010010042184150
B1832531903805N10008088WA0365603707010010047172154
B1832551903791N10008086WA0365503706010010049173154
B1832571903777N10008085WA0365403706010010043186137
B1832591903765N10008087WA0365303704010010043181149
B1833011903751N10008085WA0365203703010010049170139
B1833031903737N10008082WA0365103704010010045171150
B1833051903725N10008080WA0365103705010010038175139
B1833071903714N10008079WA0365103702010010039171149
B1833091903701N10008078WA0364903697010010045184187
B1833111903689N10008084WA0364703694010010048224247
B1833131903682N10008096WA0364403693010010040247258
B1833151903678N10008108WA0364203693010010040263302
B1833171903681N10008121WA0364103691010010042293291
B1833191903688N10008131WA0364003694010010036310303
B1833211903695N10008138WA0364003697010010030326328
B1833231903703N10008142WA0364103698010010028349346
B1833251903711N10008142WA0364203699010010025004006
B1833271903718N10008140WA0364303699010010023022006
B1833291903725N10008135WA0364303697010010028051062
B1833311903727N10008125WA0364203693010010040097095
B1833331903723N10008113WA0364103692010010037112122
B1833351903717N10008104WA0364003690010010037146143
B1833371903704N10008101WA0363803684010010048178145
B1833391903690N10008104WA0363503681010010046208215
B1833411903680N10008112WA0363203679010010044225188
B1833431903669N10008122WA0363003678010010050213160
B1833451903656N10008129WA0362803679010010045201151
B1833471903644N10008132WA0362703678010010041188142
B1833491903632N10008133WA0362603675010010048186208
B1833511903619N10008140WA0362403670010010053230307
B1833531903616N10008156WA0362103665010010052282002
B1833551903624N10008167WA0361803663010010039333353
B1833571903634N10008169WA0361503662010010031001340
B1833591903644N10008168WA0361303660010010032003360
B1834011903655N10008168WA0361003657010010037001005
B1834031903666N10008168WA0360803657010010038359358
B1834051903677N10008166WA0360703657010010033023040
B1834071903684N10008158WA0360503652010010041067060
B1834091903687N10008145WA0360303652010010043077035
B1834111903691N10008133WA0360103652010010033057034
B1834131903698N10008126WA0360003652010010033039055
B1834151903706N10008120WA0359903650010010032029007
B1834171903715N10008118WA0359803648010010034355337
B1834191903726N10008121WA0359603647010010039339335
B1834211903736N10008125WA0359603649010010036335331
B1834231903745N10008131WA0359603649010010032327323
B1834251903753N10008138WA0359503646010010037313292
B1834271903759N10008149WA0359403645010010041284272
B1834291903759N10008162WA0359303644010010042262288
B1834311903758N10008176WA0359303645010010038274299
B1834331903761N10008188WA0359203642010010044288301
B1834351903767N10008200WA0359103639010010042293290
B1834371903772N10008212WA0358903639010010040297306
B1834391903778N10008222WA0358803635010010040295260
B1834411903781N10008236WA0358603631010010048272223
B1834431903779N10008251WA0358303626010010051252207
B1834451903772N10008265WA0358003621010010046238222
B1834471903764N10008276WA0357603617010010042219197
B1834491903753N10008284WA0357303614010010044213209
B1834511903742N10008292WA0356903610010010041220189
B1834531903732N10008299WA0356603607010010040208196
B1834551903721N10008304WA0356303602010010040200199
B1834571903709N10008309WA0355903598010010042206199
B1834591903698N10008315WA0355503596010010041216207
B1835011903688N10008324WA0355203592010010041224216
B1835031903680N10008334WA0354903590010010042229220
B1835051903671N10008343WA0354603588010010043224227
B1835071903662N10008352WA0354403588010010037228222
B1835091903656N10008361WA0354203589010010034232206
B1835111903650N10008371WA0354203589010010041247264
B1835131903648N10008384WA0354103585010010048279297
B1835151903656N10008396WA0353803578010010050331016
B1835171903672N10008395WA0353503571010010061027078
B1835191903687N10008384WA0353103572010010059044057
B1835211903698N10008374WA0353003579010010040035062
B1835231903707N10008369WA0353103581010010032028070
B1835251903717N10008362WA0353103581010010043035020
B1835271903728N10008352WA0353203583010010047045033
B1835291903736N10008342WA0353203584010010037056059
B1835311903741N10008331WA0353303583010010041076046
B1835331903743N10008318WA0353303581010010044085048
B1835351903744N10008304WA0353203578010010044082038
B1835371903748N10008290WA0353003573010010046072028
B1835391903753N10008275WA0352703567010010049070037
B1835411903759N10008261WA0352403564010010051061042
B1835431903766N10008247WA0352103561010010046068058
B1835451903770N10008233WA0351803558010010049074047
B1835471903774N10008218WA0351503556010010048073044
B1835491903780N10008204WA0351203552010010052059017
B1835511903791N10008190WA0350803547010010061045034
B1835531903804N10008176WA0350503547010010061046048
B1835551903814N10008162WA0350303549010010052064074
B1835571903818N10008148WA0350303553010010044087095
B1835591903814N10008136WA0350303553010010037135146
B1836011903804N10008134WA0350403553010010035194240
B1836031903796N10008139WA0350503558010010028236240
B1836051903794N10008147WA0350703561010010029277260
B1836071903801N10008156WA0350803559010010040322268
B1836091903814N10008161WA0350903562010010048353318
B1836111903828N10008159WA0351103566010010046024332
B1836131903839N10008149WA0351303570010010046055008
B1836151903843N10008135WA0351503574010010045088080
B1836171903839N10008123WA0351803577010010040134128
B1836191903829N10008118WA0352003579010010035176174
B1836211903819N10008121WA0352303584010010031224236
B1836231903817N10008131WA0352603588010010034276256
B1836251903822N10008140WA0352903592010010040320299
B1836271903835N10008145WA0353303594010010044001355
B1836291903849N10008140WA0353503597010010051031360
B1836311903859N10008129WA0353903603010010048060077
B1836331903861N10008116WA0354303607010010039102142
B1836351903855N10008106WA0354603608010010037140180
B1836371903845N10008102WA0355003611010010035188206
B1836391903837N10008110WA0355303614010010041253259
B1836411903840N10008123WA0355603617010010042306304
B1836431903850N10008130WA0355903622010010041344307
B1836451903863N10008130WA0356203626010010040010325
B1836471903874N10008125WA0356603629010010044043052
B1836491903878N10008112WA0356903628010010044102121
B1836511903871N10008102WA0357103631010010036143150
B1836531903862N10008099WA0357403635010010030188164
B1836551903854N10008104WA0357603637010010034237190
B1836571903853N10008115WA0357903640010010035278219
B1836591903857N10008126WA0358103643010010036298217
B1837011903862N10008137WA0358403647010010041296203
B1837031903866N10008149WA0358703651010010038276175
B1837051903864N10008160WA0359103654010010034249166
B1837071903859N10008170WA0359403656010010038242184
B1837091903854N10008182WA0359603656010010045249152
B1837111903849N10008195WA0359803659010010042241150
B1837131903843N10008206WA0360003657010010041241162
B1837151903838N10008220WA0360003650010010054255187
B1837171903836N10008239WA0359803643010010068265192
B1837191903834N10008260WA0359503640010010062259172
B1837211903830N10008277WA0359203640010010049256181
B1837231903827N10008291WA0359003637010010047255191
B1837251903823N10008306WA0358603627010010051252181
B1837271903818N10008323WA0358103617010010061252173
B1837291903812N10008343WA0357503607010010067253169
B1837311903807N10008363WA0356803602010010063255184
B1837331903802N10008381WA0356203597010010055251182
B1837351903796N10008396WA0355703591010010050251160
B1837371903792N10008412WA0355003582010010055250152
B1837391903785N10008429WA0354303571010010061252152
B1837411903780N10008448WA0353603561010010063252150
B1837431903772N10008466WA0352803556010010064241163
B1837451903763N10008483WA0352203554010010058241175
B1837471903755N10008498WA0351803557010010047245165
B1837491903750N10008510WA0351603560010010039248167
B1837511903746N10008522WA0351503559010010045249170
B1837531903741N10008536WA0351303555010010050250169
B1837551903736N10008552WA0351203552010010052251187
B1837571903731N10008568WA0350903544010010059253161
B1837591903726N10008587WA0350503539010010066254171
B1838011903720N10008607WA0350103535010010065253172
B1838031903714N10008626WA0349803535010010058250173
B1838051903708N10008642WA0349603533010010054246165
B1838071903701N10008658WA0349303526010010058246155
B1838091903694N10008676WA0348903521010010064245157
B1838111903685N10008696WA0348603517010010063248159
B1838131903680N10008713WA0348403518010010058256160
B1838151903676N10008729WA0348203521010010048258156
B1838171903673N10008742WA0348203524010010038248162
B1838191903669N10008753WA0348203522010010044254161
B1838211903667N10008768WA0348203520010010050260162
B1838231903664N10008783WA0348103520010010046258161
B1838251903661N10008797WA0348103517010010046254169
B1838271903656N10008812WA0348003516010010055252168
B1838291903653N10008829WA0347903516010010053270167
B1838311903653N10008845WA0347903518010010050264156
B1838331903652N10008861WA0348003517010010054272190
B1838351903653N10008879WA0347903511010010059273176
B1838371903651N10008898WA0347703510010010059256186
B1838391903647N10008914WA0347603506010010050260179
B1838411903645N10008930WA0347303500010010052259164
B1838431903640N10008947WA0347003493010010058249156
B1838451903632N10008963WA0346503488010010059238156
B1838471903623N10008979WA0346203487010010052242160
B1838491903617N10008993WA0345903488010010046250160
B1838511903613N10009006WA0345703486010010045247148
B1838531903607N10009019WA0345503480010010051243162
B1838551903599N10009034WA0345103473010010055237167
B1838571903590N10009048WA0344703469010010048236151
B1838591903582N10009060WA0344203463010010046234126
B1839011903573N10009072WA0343703455010010054223123
B1839031903559N10009083WA0343103447010010059216113
B1839051903544N10009094WA0342603445010010057216114
B1839071903531N10009105WA0342203446010010052225172
B1839091903520N10009117WA0341903447010010049229192
B1839111903510N10009129WA0341703445010010051227203
E183910Waypoint th7960 reached
B1839131903499N10009142WA0341503442010010057227199
B1839151903487N10009155WA0341203440010010058231202
B1839171903476N10009169WA0341003438010010055229196
B1839191903465N10009182WA0340703434010010054224199
B1839211903454N10009195WA0340503431010010057229211
B1839231903443N10009209WA0340203428010010057238210
B1839251903434N10009224WA0339903425010010055237216
B1839271903425N10009238WA0339603420010010055230213
B1839291903413N10009251WA0339203416010010060226200
B1839311903400N10009265WA0338903413010010059225197
B1839331903388N10009278WA0338503410010010052228207
B1839351903378N10009290WA0338203405010010049228203
B1839371903369N10009302WA0337803401010010049236214
B1839391903362N10009315WA0337403395010010048246214
B1839411903357N10009329WA0337003391010010047245212
B1839431903350N10009342WA0336503384010010052237218
B1839451903340N10009356WA0336003377010010055227207
B1839471903328N10009369WA0335403372010010052227200
B1839491903318N10009380WA0334903368010010050226198
B1839511903307N10009392WA0334403362010010052225196
B1839531903296N10009403WA0333903358010010052228198
B1839551903286N10009416WA0333503354010010048229202
B1839571903277N10009426WA0333003350010010047225209
B1839591903266N10009437WA0332603344010010050223197
B1840011903255N10009447WA0332103340010010051216195
B1840031903242N10009457WA0331603335010010050221205
B1840051903232N10009469WA0331203330010010051232207
B1840071903223N10009482WA0330803327010010052236210
B1840091903214N10009496WA0330303323010010053237211
B1840111903206N10009510WA0330003321010010048239213
B1840131903200N10009522WA0329703321010010043240211
B1840141903196N10009528WA0329603320010010044239217
E184014Waypoint B38 reached
B1840161903190N10009541WA0329303316010010049240216
B1840181903183N10009554WA0329003314010010048243221
B1840201903177N10009568WA0328803312010010049247227
B1840221903171N10009583WA0328503309010010054251241
B1840241903166N10009600WA0328303307010010056253242
B1840261903162N10009617WA0328103304010010053254243
B1840281903157N10009632WA0327903304010010051253239
B1840301903153N10009648WA0327703302010010052254234
B1840321903148N10009664WA0327503300010010053253236
B1840341903144N10009680WA0327403298010010052251230
B1840361903138N10009696WA0327203296010010054250231
B1840381903133N10009712WA0327003294010010050250229
B1840401903128N10009728WA0326903294010010051251233
B1840421903123N10009743WA0326803292010010051256234
B1840441903120N10009759WA0326703290010010052258235
B1840461903117N10009775WA0326503288010010053258232
B1840481903114N10009792WA0326403286010010053261235
B1840501903112N10009808WA0326303285010010053262228
B1840521903110N10009825WA0326103283010010053262224
B1840541903107N10009841WA0326003282010010052260221
B1840561903104N10009857WA0325803281010010050255211
B1840581903099N10009872WA0325703281010010049252235
B1841001903094N10009887WA0325703280010010050255226
B1841021903091N10009903WA0325603279010010048261228
B1841041903088N10009917WA0325503279010010045249190
B1841061903081N10009930WA0325403277010010047238229
B1841081903074N10009943WA0325303275010010047240236
B1841101903068N10009956WA0325103271010010053247225
B1841121903063N10009973WA0324903268010010052255256
B1841141903059N10009987WA0324803273010010041253258
B1841161903055N10009998WA0324803273010010035249249
B1841181903051N10010009WA0324703267010010044242234
B1841201903042N10010022WA0324403257010010060230229
B1841221903030N10010038WA0323903252010010065234239
B1841241903021N10010055WA0323403250010010058242232
B1841261903014N10010070WA0323003248010010050247230
B1841281903009N10010085WA0322603246010010051250247
B1841301903004N10010100WA0322203242010010050255236
B1841321903000N10010115WA0321903240010010048252231
B1841341902995N10010129WA0321503236010010051248244
B1841361902989N10010144WA0321103232010010052246241
B1841381902983N10010160WA0320803229010010054247226
B1841401902977N10010176WA0320503226010010054250235
B1841421902972N10010192WA0320203222010010055250231
B1841441902966N10010208WA0319903217010010055251231
B1841461902961N10010225WA0319503210010010057253224
B1841481902956N10010242WA0319003204010010056250220
B1841501902950N10010258WA0318603199010010055249225
B1841521902944N10010275WA0318103193010010059244203
B1841541902935N10010291WA0317603188010010061239216
B1841561902926N10010308WA0317203184010010060246210
B1841581902920N10010325WA0316803183010010055252214
B1842001902915N10010341WA0316503182010010051253224
B1842021902911N10010356WA0316303180010010050253209
B1842041902907N10010372WA0316103178010010052258222
B1842061902904N10010388WA0315803175010010052258226
B1842081902900N10010405WA0315603173010010053254226
B1842101902896N10010420WA0315403170010010053253223
B1842121902892N10010436WA0315203169010010053258225
B1842141902889N10010453WA0315003166010010055261218
B1842161902886N10010470WA0314803161010010057262225
B1842181902883N10010488WA0314503160010010058258212
B1842201902880N10010506WA0314303157010010054260215
B1842221902877N10010522WA0314103157010010045260218
B1842241902875N10010535WA0314003154010010045258215
B1842261902872N10010551WA0313703149010010051258207
B1842281902867N10010567WA0313503147010010053255219
B1842301902863N10010583WA0313203145010010048253220
B1842321902860N10010597WA0312903140010010048255222
B1842341902855N10010612WA0312503135010010053250223
B1842361902850N10010627WA0312103133010010053248208
B1842381902846N10010642WA0311803129010010048257214
B1842401902842N10010657WA0311403127010010047254207
B1842421902838N10010672WA0311103121010010049251221
B1842441902833N10010686WA0310703117010010045253213
B1842461902829N10010699WA0310303111010010046249227
B1842481902823N10010713WA0309903106010010048238199
B1842501902816N10010725WA0309603104010010040243209
B1842521902811N10010737WA0309203099010010039251224
B1842541902807N10010749WA0308803093010010045250235
B1842561902803N10010762WA0308403092010010043249235
B1842581902798N10010774WA0308103088010010037243227
B1843001902793N10010785WA0307803085010010041252226
B1843021902790N10010798WA0307503084010010045252223
B1843041902785N10010811WA0307303083010010042251214
B1843061902782N10010823WA0307203083010010036257218
B1843081902779N10010834WA0307103083010010038259226
B1843101902778N10010847WA0306903080010010043264220
B1843121902776N10010861WA0306803079010010043261233
B1843141902774N10010874WA0306703079010010037259222
B1843161902772N10010885WA0306603078010010036263222
B1843181902771N10010897WA0306503075010010038266224
B1843201902770N10010909WA0306303068010010045256226
B1843221902765N10010923WA0305903063010010050247223
B1843241902760N10010937WA0305603059010010047249220
B1843261902755N10010951WA0305203057010010043251222
B1843281902751N10010963WA0304903054010010042248223
B1843301902746N10010976WA0304603049010010045250216
B1843321902742N10010990WA0304403049010010045254218
B1843341902737N10011002WA0304103047010010041243228
B1843361902732N10011014WA0303903047010010040250216
B1843381902730N10011026WA0303703046010010037260208
B1843401902727N10011037WA0303603046010010035260221
B1843421902726N10011048WA0303503043010010034262213
B1843441902724N10011059WA0303303037010010039254206
B1843461902720N10011071WA0302903031010010044248214
B1843481902715N10011085WA0302603027010010049251211
B1843501902710N10011099WA0302303025010010049248220
B1843521902705N10011112WA0302103031010010038248218
B1843541902701N10011122WA0302003035010010028253221
B1843561902699N10011130WA0302103034010010030249197
B1843581902696N10011140WA0302103033010010039247211
B1844001902692N10011152WA0302003032010010039256197
B1844021902690N10011163WA0302003031010010037264206
B1844041902688N10011176WA0301903032010010041253202
B1844061902684N10011189WA0301903034010010041263215
B1844081902684N10011200WA0302103037010010036273207
B1844101902685N10011212WA0302103036010010038268213
B1844121902684N10011224WA0302103030010010046261220
B1844141902679N10011240WA0302003034010010050241190
B1844161902673N10011253WA0302203042010010035256226
B1844181902673N10011262WA0302503048010010027265217
B1844201902670N10011271WA0302803045010010036251211
B1844221902667N10011284WA0302803042010010050254219
B1844241902663N10011299WA0302803043010010047251207
B1844261902659N10011313WA0302803044010010047258213
E184426Waypoint th3345 reached
B1844281902658N10011327WA0302903048010010045273207
B1844301902659N10011341WA0303103052010010039272197
B1844321902660N10011353WA0303203054010010038272206
B1844341902660N10011364WA0303403052010010044266210
B1844361902660N10011378WA0303303046010010049260204
B1844381902657N10011394WA0303103041010010054253209
B1844401902652N10011410WA0302903040010010051252199
B1844421902648N10011425WA0302703041010010046255198
B1844441902644N10011439WA0302603041010010047249185
B1844461902639N10011451WA0302603040010010045245195
B1844481902634N10011464WA0302503036010010047245190
B1844501902628N10011477WA0302203032010010043242189
B1844521902623N10011489WA0302003027010010041249195
B1844541902619N10011501WA0301603022010010045250198
B1844561902614N10011516WA0301203014010010051247188
B1844581902608N10011531WA0300703008010010052246185
B1845001902601N10011545WA0300303005010010048244190
B1845021902596N10011558WA0299903005010010042244196
B1845041902590N10011569WA0299703004010010038239184
B1845061902585N10011579WA0299403003010010035245200
B1845081902581N10011588WA0299303005010010030251201
B1845101902578N10011596WA0299303005010010030249212
B1845121902575N10011606WA0299203006010010034249220
B1845141902571N10011616WA0299303008010010034248220
B1845161902567N10011625WA0299403014010010027245223
B1845181902563N10011633WA0299703021010010022247221
B1845201902561N10011639WA0300103027010010019252220
B1845221902559N10011644WA0300503030010010023237212
B1845241902555N10011651WA0300803032010010026244228
B1845261902552N10011659WA0301103031010010031245202
B1845281902547N10011667WA0301303033010010033232220
B1845301902540N10011674WA0301603039010010024220217
B1845321902536N10011679WA0302003046010010021238232
B1845341902533N10011686WA0302403047010010026254236
B1845361902532N10011695WA0302703049010010034265226
B1845381902531N10011705WA0303003054010010027261232
B1845401902528N10011713WA0303303055010010028244237
B1845421902525N10011721WA0303503052010010034255236
B1845441902523N10011732WA0303603049010010036256233
B1845461902521N10011743WA0303503044010010034257241
B1845481902518N10011754WA0303303037010010041252241
B1845501902514N10011767WA0302903029010010048245236
B1845521902507N10011781WA0302503025010010050241222
B1845541902500N10011795WA0302103024010010045245220
B1845561902494N10011807WA0301803023010010040240220
B1845581902488N10011817WA0301603019010010041233217
B1846001902479N10011828WA0301203015010010048228220
B1846021902469N10011840WA0300903012010010051228219
B1846041902459N10011851WA0300703014010010047225216
B1846061902449N10011861WA0300503014010010044224217
B1846081902440N10011870WA0300503017010010041223199
B1846101902431N10011878WA0300503021010010036214175
B1846121902420N10011883WA0300703025010010040187166
B1846141902407N10011884WA0300903029010010035193219
B1846161902398N10011889WA0301203033010010036222237
B1846181902390N10011898WA0301503037010010038229224
B1846201902384N10011907WA0301803040010010035241228
B1846221902381N10011917WA0302003040010010037256263
B1846241902378N10011930WA0302203040010010045251220
B1846261902374N10011944WA0302303035010010047253241
B1846281902371N10011958WA0302203033010010046259236
B1846301902369N10011972WA0302003023010010049262225
B1846321902367N10011989WA0301603014010010056265221
B1846341902365N10012007WA0301103009010010055259255
B1846361902361N10012024WA0300503003010010058255243
B1846381902357N10012041WA0300002998010010058256230
B1846401902354N10012060WA0299502990010010060259232
B1846421902350N10012079WA0298902985010010062255230
B1846441902345N10012097WA0298402978010010062253231
B1846461902339N10012116WA0297802975010010060252240
B1846481902333N10012134WA0297302970010010057250238
B1846501902328N10012150WA0296902966010010056250229
B1846521902322N10012167WA0296402960010010057250239
B1846541902316N10012185WA0295902954010010060250239
B1846561902309N10012203WA0295402949010010060249242
B1846581902303N10012220WA0294902946010010058248236
B1847001902297N10012237WA0294502942010010056250240
B1847021902292N10012254WA0294102936010010058253233
B1847041902287N10012272WA0293602930010010061257237
B1847061902283N10012291WA0293102925010010062258241
B1847081902279N10012310WA0292702919010010062256235
B1847101902274N10012330WA0292202915010010064255231
B1847121902269N10012349WA0291702913010010059253243
B1847141902264N10012366WA0291402911010010053250238
B1847161902258N10012382WA0291102907010010054252235
B1847181902253N10012398WA0290702901010010056253235
B1847201902248N10012415WA0290302897010010059254238
B1847221902244N10012434WA0289902893010010060257236
B1847241902241N10012452WA0289602891010010056262248
B1847261902239N10012469WA0289302891010010052264247
B1847281902237N10012484WA0289002888010010050263244
B1847301902235N10012501WA0288802885010010054262238
B1847321902234N10012518WA0288502881010010055267240
B1847341902232N10012534WA0288302879010010053263247
B1847361902230N10012551WA0288002875010010054258245
B1847381902225N10012567WA0287702871010010054249231
B1847401902218N10012583WA0287302867010010056239242
B1847421902209N10012599WA0287002865010010054239223
B1847441902201N10012613WA0286802866010010049240220
B1847461902194N10012625WA0286702866010010042238213
B1847481902187N10012636WA0286502864010010044239215
B1847501902181N10012649WA0286302860010010050243204
B1847521902174N10012664WA0286102855010010051243225
B1847541902167N10012678WA0285802854010010050246223
B1847561902161N10012692WA0285602853010010047251211
B1847581902157N10012705WA0285502853010010041249223
B1848001902152N10012717WA0285302847010010042244226
B1848021902147N10012729WA0285002839010010046250219
B1848041902144N10012743WA0284502832010010048254227
B1848061902139N10012757WA0284002826010010047248240
B1848081902134N10012771WA0283502820010010046252233
B1848101902130N10012785WA0282902814010010048252229
B1848121902125N10012800WA0282402808010010052249222
B1848141902119N10012816WA0281902803010010054250224
B1848161902114N10012832WA0281402798010010053248227
B1848181902108N10012848WA0280902795010010053251222
B1848201902103N10012864WA0280402787010010055249222
B1848221902096N10012880WA0279902781010010058245217
B1848241902088N10012897WA0279302777010010056243226
B1848261902081N10012912WA0278802772010010053246229
B1848281902075N10012927WA0278402768010010053248222
B1848301902070N10012943WA0277802762010010053248227
B1848321902063N10012959WA0277302755010010055248237
B1848341902058N10012975WA0276802751010010050251210
B1848361902052N10012991WA0276402751010010049250223
B1848381902047N10013005WA0276102748010010046245221
B1848401902041N10013018WA0275802746010010048243228
B1848421902034N10013032WA0275502742010010053243230
B1848441902026N10013047WA0275202738010010054243241
B1848461902020N10013062WA0274902733010010054247220
B1848481902013N10013078WA0274502728010010055243233
B1848501902005N10013093WA0274102725010010053242225
B1848521901997N10013108WA0273802725010010053238216
B1848541901989N10013121WA0273602726010010047238222
B1848561901983N10013132WA0273402726010010037242215
B1848571901979N10013139WA0273402724010010042237223
B1848591901973N10013148WA0273202718010010049234223
B1849011901965N10013162WA0272802713010010051237219
B1849031901957N10013174WA0272502710010010043235226
B1849051901950N10013185WA0272102707010010042237236
B1849071901943N10013197WA0271702698010010047237228
B1849091901935N10013210WA0271202693010010050236225
B1849111901927N10013223WA0270702688010010047237226
B1849131901920N10013235WA0270302686010010041241235
B1849151901915N10013246WA0269902680010010041244218
B1849171901909N10013259WA0269402672010010049244225
B1849191901902N10013273WA0268802666010010055241226
B1849211901894N10013288WA0268302662010010056238222
B1849231901885N10013303WA0267802657010010052239230
B1849251901877N10013318WA0267302654010010052240227
B1849271901869N10013332WA0266902650010010056241230
B1849291901861N10013348WA0266502646010010059241238
B1849311901853N10013365WA0266202646010010057242235
B1849331901845N10013380WA0266002646010010052241227
B1849351901838N10013394WA0265802645010010052240217
B1849371901829N10013408WA0265602643010010056235233
B1849391901819N10013423WA0265502642010010056234232
B1849411901809N10013436WA0265302642010010053235230
B1849431901801N10013450WA0265202640010010051240231
B1849451901794N10013464WA0265102640010010050244233
B1849471901787N10013478WA0265002635010010050243225
B1849491901781N10013493WA0264802634010010050245244
B1849511901774N10013507WA0264602631010010049243233
B1849531901768N10013521WA0264402628010010050244243
B1849551901761N10013536WA0264102625010010051248238
B1849571901756N10013550WA0263902623010010049248235
B1849591901750N10013564WA0263802622010010045248246
B1850011901746N10013577WA0263502617010010046251241
B1850031901741N10013591WA0263202613010010052249230
B1850051901735N10013607WA0262902610010010055246235
B1850071901729N10013623WA0262702612010010047248232
B1850091901724N10013635WA0262602612010010040252232
B1850111901721N10013646WA0262502613010010035252231
B1850131901718N10013656WA0262502611010010040249239
B1850151901713N10013669WA0262302609010010044250236
B1850171901709N10013682WA0262202609010010042252241
B1850191901705N10013695WA0262202610010010039255230
B1850211901702N10013706WA0262102609010010038252233
B1850231901698N10013718WA0262002606010010040244233
B1850251901692N10013729WA0261902602010010044242241
B1850271901687N10013742WA0261602596010010044252236
B1850291901683N10013755WA0261302591010010045252245
B1850311901679N10013769WA0260902585010010044250248
B1850331901674N10013781WA0260502580010010043251235
B1850351901671N10013795WA0260002573010010045259241
B1850371901669N10013809WA0259502567010010045266246
B1850391901668N10013823WA0258902561010010047265249
B1850411901666N10013838WA0258302553010010049257256
B1850431901663N10013853WA0257702545010010048260248
B1850451901661N10013868WA0257102539010010045268256
B1850471901661N10013881WA0256402532010010041267250
B1850491901660N10013894WA0255802524010010041265261
B1850511901659N10013907WA0255102516010010043263248
B1850531901657N10013921WA0254402507010010043261246
B1850551901654N10013934WA0253602498010010042253237
B1850571901650N10013947WA0252902491010010043253240
B1850591901646N10013960WA0252202483010010045252252
B1851011901642N10013974WA0251502478010010046252250
B1851031901638N10013988WA0250802473010010043258240
B1851051901635N10014001WA0250202469010010041257254
B1851071901632N10014013WA0249702465010010041250235
B1851091901628N10014025WA0249202457010010044249242
B1851111901624N10014039WA0248602451010010046260246
B1851131901622N10014053WA0248102446010010045263244
B1851151901620N10014067WA0247502442010010039262234
B1851171901619N10014079WA0247102438010010041259235
B1851181901618N10014084WA0246802433010010041261250
E185118Waypoint B38 reached
B1851201901617N10014097WA0246202422010010044265259
B1851221901616N10014112WA0245502414010010048269248
B1851241901616N10014127WA0244802408010010043272244
B1851261901617N10014140WA0244102403010010041278250
B1851281901619N10014153WA0243502395010010044275254
B1851301901619N10014167WA0242802387010010045263244
B1851321901617N10014181WA0242102380010010044259237
B1851341901614N10014195WA0241402373010010043258243
B1851361901611N10014208WA0240802367010010043255244
B1851381901608N10014221WA0240202359010010046260239
B1851401901605N10014236WA0239502354010010048258227
B1851421901603N10014251WA0238902350010010044263240
B1851441901602N10014264WA0238402345010010042266246
B1851461901601N10014277WA0237802339010010044263248
B1851481901599N10014291WA0237302333010010046256235
B1851501901595N10014305WA0236702326010010045258237
B1851521901593N10014319WA0236102317010010047262232
B1851541901591N10014334WA0235502310010010050258236
B1851561901588N10014350WA0234802302010010050257223
B1851581901584N10014364WA0234102294010010046254226
B1852001901580N10014378WA0233502288010010046251218
B1852021901576N10014393WA0232802280010010047256224
B1852041901573N10014407WA0232102274010010046258225
B1852061901571N10014421WA0231502270010010046262219
B1852081901569N10014435WA0231002264010010044259233
B1852101901566N10014448WA0230402258010010043253229
B1852121901562N10014462WA0229802252010010046254213
B1852141901558N10014476WA0229202245010010048252230
B1852161901553N10014490WA0228702241010010048252223
B1852181901549N10014505WA0228202235010010047250213
B1852201901544N10014519WA0227702232010010045251215
B1852221901540N10014533WA0227202226010010047255217
B1852241901537N10014548WA0226602218010010050262223
B1852261901535N10014564WA0226002209010010053263221
B1852281901533N10014580WA0225402203010010053261216
B1852301901531N10014597WA0224702196010010051265219
B1852321901530N10014612WA0224202193010010047266215
B1852341901530N10014626WA0223702189010010045266217
B1852361901528N10014640WA0223102182010010045255212
B1852371901526N10014647WA0222902180010010043250207
E185237Waypoint th8318 reached
B1852391901522N10014659WA0222402175010010037256206
B1852411901520N10014670WA0221902169010010036263219
B1852431901520N10014681WA0221302160010010038270208
B1852451901520N10014694WA0220602150010010044266231
B1852471901518N10014708WA0219902141010010045262215
B1852491901516N10014722WA0219202135010010041266225
B1852511901514N10014734WA0218502130010010039254221
B1852531901511N10014745WA0217902125010010040251221
B1852551901507N10014758WA0217302116010010048251209
B1852571901503N10014773WA0216702111010010048258216
B1852591901500N10014788WA0216202110010010043263220
B1853011901499N10014800WA0215802113010010033265189
B1853031901498N10014810WA0215702115010010029266206
B1853051901498N10014819WA0215602118010010027266210
B1853071901497N10014827WA0215602121010010028262226
B1853091901495N10014837WA0215802125010010034261234
B1853111901494N10014847WA0216002132010010032267227
B1853131901494N10014856WA0216402140010010024269249
B1853151901493N10014863WA0216802144010010025253195
B1853171901487N10014870WA0217102143010010038201136
B1853191901475N10014865WA0217402145010010050124057
B1853211901475N10014850WA0217602151010010048068029
B1853231901482N10014838WA0218002160010010042046043
B1853251901491N10014830WA0218502167010010037035002
B1853271901502N10014825WA0218902171010010041007314
B1853291901514N10014828WA0219402177010010037327263
B1853311901520N10014836WA0219802180010010027278193
B1853331901518N10014843WA0220202181010010025232208
B1853351901512N10014848WA0220502184010010025222230
B1853371901507N10014856WA0220802189010010026245258
B1853391901507N10014865WA0221102191010010034279310
B1853411901514N10014876WA0221402192010010051324340
B1853431901528N10014881WA0221702195010010049006054
B1853451901539N10014874WA0221902197010010034049045
B1853471901545N10014865WA0222202200010010038053005
B1853491901554N10014854WA0222402204010010044050052
B1853511901559N10014843WA0222702204010010033084140
B1853531901556N10014833WA0222802203010010038127174
B1853551901547N10014827WA0222902207010010032162242
B1853571901537N10014830WA0223102211010010025220284
B1853591901533N10014838WA0223402214010010026252264
B1854011901530N10014844WA0223602216010010021236236
B1854031901526N10014850WA0223902219010010026227225
B1854051901520N10014854WA0224102221010010021207206
B1854071901514N10014856WA0224402223010010023190200
B1854091901505N10014859WA0224602230010010032186190
B1854111901497N10014860WA0225102239010010019183169
B1854131901491N10014859WA0225602245010010021154110
B1854151901487N10014850WA0226102247010010036098039
B1854171901493N10014838WA0226502249010010046044354
B1854191901505N10014832WA0226902255010010044001296
B1854211901517N10014838WA0227302261010010038311282
B1854231901520N10014848WA0227802265010010034262254
B1854251901515N10014857WA0228202272010010028218255
B1854271901508N10014859WA0228802280010010027180160
B1854291901500N10014855WA0229402284010010032141116
B1854311901496N10014846WA0229902288010010030100045
B1854331901499N10014836WA0230302289010010038055058
B1854351901509N10014827WA0230702293010010044024016
B1854371901522N10014827WA0231102297010010044341333
B1854391901532N10014835WA0231502302010010039305257
B1854411901534N10014846WA0232002311010010033259213
B1854431901529N10014855WA0232502318010010026222187
B1854451901521N10014857WA0233202325010010029172116
B1854471901515N10014850WA0233702328010010036117090
B1854491901515N10014838WA0234202332010010039065038
B1854511901525N10014830WA0234602336010010045022012
B1854531901537N10014827WA0235102342010010040360002
B1854551901547N10014831WA0235602348010010032318272
B1854571901553N10014840WA0236102353010010036299300
B1854591901557N10014850WA0236602358010010032287261
B1855011901557N10014859WA0237102362010010033238205
B1855031901547N10014865WA0237502365010010037189148
B1855051901537N10014861WA0238002371010010037130053
B1855071901535N10014850WA0238502377010010037076073
B1855091901542N10014840WA0239002382010010044037024
B1855111901554N10014834WA0239502389010010045012349
B1855131901566N10014835WA0240102397010010036333295
B1855151901573N10014843WA0240702400010010036290304
B1855171901575N10014854WA0241202406010010032261247
B1855191901570N10014863WA0241802411010010031223228
B1855211901562N10014867WA0242302417010010031185194
B1855231901553N10014865WA0242802423010010028140148
B1855251901550N10014857WA0243402428010010032091107
B1855271901553N10014846WA0243902433010010039060076
B1855291901562N10014838WA0244402439010010040024033
B1855311901574N10014835WA0244902443010010041357008
B1855331901585N10014838WA0245402449010010034332324
B1855351901592N10014845WA0245902453010010031300284
B1855371901594N10014854WA0246302455010010032270245
B1855391901593N10014865WA0246702459010010034247190
B1855411901586N10014872WA0247102464010010030206185
B1855431901577N10014874WA0247602470010010027174156
B1855451901570N10014871WA0248102476010010023146125
B1855471901566N10014866WA0248502479010010025120095
B1855491901564N10014856WA0249002482010010035079041
B1855511901572N10014845WA0249302487010010048034348
B1855531901585N10014842WA0249802492010010042358298
B1855551901597N10014846WA0250202496010010044325303
B1855571901606N10014856WA0250602502010010041296270
B1855591901607N10014868WA0251002506010010036252227
B1856011901601N10014876WA0251402511010010026204184
B1856031901594N10014875WA0251802515010010026140126
B1856051901590N10014867WA0252302520010010029098105
B1856071901592N10014857WA0252702523010010034068073
B1856091901599N10014847WA0253102528010010045037022
B1856111901612N10014843WA0253502532010010044354342
B1856131901624N10014849WA0253802535010010043321297
B1856151901631N10014859WA0254202538010010037283280
B1856171901629N10014870WA0254502539010010035240214
B1856191901621N10014876WA0254802542010010029188111
B1856211901614N10014872WA0255002544010010033122108
B1856231901612N10014860WA0255302546010010042071041
B1856251901620N10014849WA0255602553010010043042356
B1856271901629N10014842WA0255902557010010034036038
B1856291901638N10014836WA0256302561010010036035047
B1856311901648N10014828WA0256602562010010043038045
B1856331901658N10014819WA0256902566010010042037018
B1856351901668N10014811WA0257202571010010039035036
B1856371901677N10014805WA0257502573010010033032042
B1856391901686N10014799WA0257802577010010041031055
B1856411901697N10014792WA0258102581010010040034039
B1856431901706N10014786WA0258502586010010036029023
B1856451901716N10014780WA0258802590010010037034030
B1856471901725N10014773WA0259202594010010038037024
B1856491901734N10014766WA0259502598010010038036020
B1856511901744N10014758WA0259802599010010040033000
B1856531901755N10014753WA0260002600010010046012331
B1856551901769N10014755WA0260202601010010044333296
B1856571901776N10014765WA0260402601010010038286229
B1856591901775N10014775WA0260502602010010030232216
B1857011901768N10014779WA0260602604010010024184209
B1857031901760N10014779WA0260802603010010023186217
B1857051901753N10014781WA0260802604010010025193209
B1857071901746N10014783WA0260902609010010022186159
B1857091901740N10014783WA0261202614010010019176156
B1857111901733N10014781WA0261502622010010026153143
B1857131901726N10014775WA0262002631010010028118102
B1857151901725N10014766WA0262602636010010035076054
B1857171901733N10014755WA0263202642010010051034357
B1857191901748N10014751WA0263702650010010049355325
B1857211901761N10014756WA0264402657010010041322315
B1857231901767N10014765WA0265002661010010033276242
B1857251901764N10014774WA0265502664010010033224166
B1857271901756N10014778WA0266002672010010028175077
B1857291901748N10014772WA0266702681010010033122053
B1857311901747N10014760WA0267402689010010041078061
B1857331901754N10014748WA0268102696010010046039007
B1857351901767N10014743WA0268802702010010043003338
B1857371901779N10014747WA0269402707010010043322307
B1857391901786N10014758WA0270002711010010041285254
B1857411901784N10014769WA0270602715010010036225146
B1857431901774N10014773WA0271102723010010030180132
B1857451901767N10014772WA0271802733010010022153105
B1857471901762N10014766WA0272502741010010028118113
B1857491901759N10014756WA0273202748010010035099087
B1857511901762N10014744WA0273902753010010039060026
B1857531901774N10014737WA0274502755010010049007003
B1857551901789N10014739WA0275002761010010050334300
B1857571901798N10014749WA0275602769010010037286227
B1857591901795N10014759WA0276102774010010034217174
B1858011901785N10014759WA0276702782010010033146082
B1858031901782N10014749WA0277402787010010042079045
B1858051901790N10014736WA0278002794010010046035041
B1858071901804N10014732WA0278602800010010047001023
B1858091901818N10014733WA0279202807010010045352018
B1858111901829N10014739WA0279702809010010039307251
B1858131901827N10014752WA0280102807010010050221156
B1858151901815N10014753WA0280402816010010038148131
B1858171901810N10014745WA0281002830010010027099091
B1858191901811N10014736WA0281802840010010027080112
B1858211901815N10014725WA0282402843010010035063082
B1858231901825N10014715WA0283002847010010046032050
B1858251901839N10014712WA0283602854010010050359341
B1858271901852N10014717WA0284102858010010042320248
B1858291901856N10014727WA0284602860010010034270207
B1858311901853N10014735WA0285102865010010023216164
B1858331901846N10014734WA0285502870010010030143140
B1858351901842N10014725WA0286002875010010035093108
B1858371901845N10014713WA0286402879010010039058099
B1858391901855N10014703WA0286902884010010050036072
B1858411901869N10014697WA0287302887010010050008015
B1858431901883N10014699WA0287602885010010041333254
B1858451901887N10014710WA0287702879010010042259206
B1858471901874N10014716WA0287602878010010044173159
B1858491901866N10014716WA0287802893010010016166169
B1858511901862N10014714WA0288202903010010018159180
B1858531901858N10014708WA0288602906010010031132139
B1858551901854N10014697WA0289002910010010037088112
B1858561901857N10014690WA0289302914010010046056068
B1858581901868N10014681WA0289802922010010049018336
E185857Waypoint B38 reached
B1859001901882N10014683WA0290302923010010043332262
B1859021901891N10014693WA0290602923010010040292223
B1859041901890N10014703WA0290802924010010030237205
B1859061901882N10014708WA0291002927010010034205248
B1859081901874N10014715WA0291402938010010023220239
B1859101901870N10014718WA0291802945010010019200198
B1859121901864N10014715WA0292302948010010030137139
B1859141901863N10014703WA0292702952010010047067049
B1859161901875N10014693WA0293202958010010055012326
B1859181901890N10014697WA0293702964010010052326300
B1859201901899N10014709WA0294202970010010040291257
B1859221901899N10014719WA0294702974010010030249213
B1859241901893N10014724WA0295202978010010028188210
B1859261901884N10014722WA0295702984010010028136175
B1859281901881N10014713WA0296302992010010028102077
B1859301901882N10014703WA0296902998010010033067077
B1859321901890N10014694WA0297403003010010044030052
B1859341901904N10014689WA0298003008010010048010044
B1859361901919N10014688WA0298503013010010050359003
B1859381901933N10014691WA0299003016010010048330318
B1859401901944N10014702WA0299403016010010043301309
B1859421901946N10014713WA0299703017010010034260200
B1859441901940N10014719WA0299903016010010032178123
B1859461901931N10014714WA0300103020010010032129111
B1859481901925N10014707WA0300403027010010024133146
B1859501901921N10014702WA0300803034010010022114084
B1859521901921N10014692WA0301303037010010036078072
B1859541901926N10014680WA0301703042010010042061081
B1859561901932N10014670WA0302103048010010037062091
B1859581901938N10014660WA0302603052010010037051057
B1900001901950N10014652WA0302903052010010048022026
B1900021901965N10014648WA0303203052010010051359354
B1900041901979N10014653WA0303303051010010044320286
B1900061901985N10014664WA0303403049010010035282273
B1900081901984N10014674WA0303403045010010032246219
B1900101901977N10014679WA0303303040010010036195230
B1900121901966N10014679WA0303103042010010031158250
B1900141901956N10014677WA0303203053010010025164274
B1900161901950N10014676WA0303603062010010013182257
B1900181901946N10014677WA0304003069010010016169229
B1900201901940N10014674WA0304503070010010022145136
B1900221901937N10014663WA0304803070010010042090055
B1900241901945N10014649WA0305003073010010059040036
B1900261901958N10014640WA0305403080010010045031035
B1900281901968N10014631WA0305803087010010041046078
B1900301901977N10014622WA0306303092010010037042069
B1900321901986N10014615WA0306603088010010037031077
B1900341901997N10014606WA0306603080010010054039069
B1900361902011N10014593WA0306403078010010067044066
B1900381902024N10014577WA0306303086010010056049077
B1900401902034N10014565WA0306403090010010039049074
B1900421902042N10014556WA0306503090010010035046078
B1900441902051N10014546WA0306403085010010047045080
B1900461902062N10014532WA0306303080010010054052072
B1900481902073N10014518WA0306003076010010051044056
B1900501902089N10014508WA0305703074010010071023041
B1900521902109N10014499WA0305403074010010078028076
B1900541902125N10014488WA0305303083010010056035051
B1900561902137N10014479WA0305403086010010047033074
B1900581902151N10014470WA0305603088010010054032069
B1901001902165N10014460WA0305803090010010055035057
B1901021902178N10014450WA0305903093010010053036056
B1901041902191N10014440WA0306103095010010059034049
B1901061902205N10014430WA0306403098010010056034053
B1901081902219N10014420WA0306603102010010053035050
B1901101902233N10014410WA0306903104010010057033053
B1901121902247N10014400WA0307103106010010061035051
B1901141902261N10014389WA0307403111010010055035050
B1901161902275N10014380WA0307703114010010053033050
B1901181902289N10014371WA0308003116010010058030045
B1901201902305N10014361WA0308303118010010058030047
B1901221902320N10014353WA0308503120010010057029049
B1901241902335N10014343WA0308803122010010057031048
B1901261902350N10014335WA0309003123010010055025042
B1901281902365N10014328WA0309203124010010055023037
B1901301902380N10014321WA0309403125010010050022040
B1901321902395N10014316WA0309503125010010052018034
B1901341902411N10014312WA0309603122010010056008015
B1901361902427N10014311WA0309603121010010053001011
B1901381902443N10014311WA0309503118010010051359001
B1901401902460N10014312WA0309303111010010058351008
B1901421902479N10014316WA0309003104010010072349348
B1901441902499N10014321WA0308703104010010069347349
B1901461902517N10014327WA0308503104010010053343355
B1901481902532N10014332WA0308303099010010055341343
B1901501902550N10014338WA0308003093010010066341343
B1901521902569N10014345WA0307703087010010065343336
B1901541902586N10014350WA0307303082010010059346332
B1901561902604N10014354WA0306803075010010063350332
B1901581902623N10014357WA0306303069010010065350338
B1902001902643N10014361WA0305703061010010066351350
B1902021902662N10014364WA0305203056010010066352337
B1902041902682N10014366WA0304703050010010068355345
B1902061902703N10014368WA0304103046010010069352341
B1902081902723N10014372WA0303703045010010068348341
B1902101902742N10014377WA0303403043010010066348354
B1902121902761N10014381WA0303203046010010063353334
B1902141902777N10014384WA0303203049010010044349349
B1902161902790N10014386WA0303203049010010043351340
B1902181902807N10014388WA0303203048010010059353339
B1902201902823N10014390WA0303303051010010051354335
B1902221902838N10014391WA0303403052010010040353342
B1902241902850N10014393WA0303403046010010043344345
B1902261902868N10014395WA0303103038010010070352341
B1902281902891N10014398WA0302803036010010079353330
B1902301902913N10014401WA0302503032010010068353340
B1902321902933N10014404WA0302203030010010065352339
B1902341902954N10014406WA0301903026010010071354329
B1902361902976N10014407WA0301603024010010073357339
B1902381902997N10014408WA0301403024010010061359331
B1902401903014N10014408WA0301203023010010056000328
B1902421903032N10014409WA0301003019010010057353329
B1902441903049N10014411WA0300703014010010059349344
B1902461903067N10014414WA0300403011010010061356354
B1902481903083N10014414WA0300203010010010051000354
B1902501903098N10014414WA0299903006010010045359357
B1902521903112N10014414WA0299602997010010053358337
B1902541903130N10014415WA0299102990010010063359342
B1902561903150N10014415WA0298602982010010069359345
B1902581903171N10014415WA0298002979010010068358336
B1903001903190N10014416WA0297502975010010061355334
B1903021903209N10014418WA0297102971010010059355334
B1903041903227N10014419WA0296602965010010063356339
B1903061903247N10014420WA0296202960010010066001339
B1903081903267N10014419WA0295802956010010066002331
B1903101903285N10014419WA0295402955010010055359335
B1903121903300N10014419WA0295102954010010049001343
B1903141903315N10014419WA0294902952010010048357337
B1903161903330N10014420WA0294602946010010047355329
B1903181903346N10014421WA0294302941010010055354327
B1903201903364N10014423WA0293902935010010058353322
B1903221903381N10014425WA0293602931010010059357324
B1903241903398N10014426WA0293202929010010057358334
B1903261903415N10014426WA0292902923010010057355324
B1903281903433N10014429WA0292602921010010062351328
B1903301903452N10014431WA0292302917010010065356316
B1903321903471N10014433WA0292002916010010061354312
B1903341903487N10014435WA0291802918010010050356316
B1903361903501N10014435WA0291702919010010042001317
B1903381903514N10014434WA0291602915010010044003325
B1903401903529N10014432WA0291502912010010051002341
B1903421903546N10014432WA0291202907010010058000336
B1903441903563N10014433WA0291002905010010060357337
B1903461903582N10014434WA0290802904010010062358331
B1903481903600N10014434WA0290602904010010060003323
B1903501903616N10014433WA0290502907010010049005327
B1903521903628N10014431WA0290602911010010033005320
B1903541903638N10014431WA0290602908010010034001335
B1903561903653N10014430WA0290502904010010054002329
B1903581903670N10014428WA0290402902010010060006333
B1904001903688N10014425WA0290202901010010057006336
B1904021903705N10014423WA0290002900010010055004341
B1904041903723N10014423WA0289802896010010060358334
B1904061903741N10014424WA0289602896010010061354338
B1904081903759N10014426WA0289402892010010056354333
B1904101903777N10014427WA0289202890010010063357342
B1904121903795N10014429WA0289002890010010058352332
B1904141903811N10014432WA0288902890010010049352337
B1904161903826N10014433WA0288802888010010049351323
B1904181903842N10014435WA0288602883010010053356333
B1904201903859N10014436WA0288402879010010058358321
B1904221903876N10014436WA0288102874010010059359332
B1904241903895N10014436WA0287702868010010062360342
B1904261903914N10014436WA0287302863010010067358344
B1904281903935N10014438WA0286902857010010070354333
B1904301903956N10014439WA0286502854010010075359336
B1904321903976N10014440WA0286202856010010061359342
B1904341903992N10014440WA0286102861010010044360338
B1904361904004N10014440WA0286102862010010036358335
B1904381904017N10014441WA0286102859010010048353336
B1904401904033N10014442WA0286002858010010057002342
B1904421904050N10014441WA0285902858010010054004336
B1904441904065N10014439WA0285902859010010050004346
B1904461904080N10014437WA0286002859010010050005337
B1904481904096N10014436WA0285902857010010053002341
B1904501904113N10014436WA0285802858010010054359332
B1904521904128N10014436WA0285802859010010050001349
B1904541904144N10014436WA0285802858010010052357354
B1904561904160N10014437WA0285802855010010057355348
B1904581904179N10014438WA0285602850010010068001347
B1905001904200N10014438WA0285402849010010070358356
B1905021904221N10014440WA0285302850010010070358352
B1905041904239N10014441WA0285302853010010052359350
B1905061904253N10014441WA0285402854010010045357352
B1905081904268N10014441WA0285402850010010051360352
B1905101904285N10014442WA0285302847010010061356346
B1905121904303N10014443WA0285202845010010062357341
B1905141904321N10014444WA0285002844010010059358345
B1905161904339N10014445WA0284902842010010059357351
B1905181904357N10014446WA0284702839010010062357342
B1905201904375N10014446WA0284502834010010057000339
B1905221904393N10014445WA0284202828010010054002346
B1905241904411N10014444WA0283902821010010067002352
B1905261904433N10014444WA0283402815010010075002342
B1905281904455N10014443WA0282902811010010073002352
B1905301904476N10014443WA0282502809010010067357348
B1905321904496N10014445WA0282202804010010062355332
B1905341904515N10014446WA0281802798010010065353345
B1905361904535N10014449WA0281302791010010067351345
B1905381904555N10014452WA0280802784010010068351341
B1905401904575N10014456WA0280302777010010071352341
B1905421904596N10014459WA0279702773010010068351338
B1905441904615N10014463WA0279302771010010062349340
B1905461904632N10014467WA0278902770010010055349342
B1905481904648N10014470WA0278602768010010054350340
B1905501904665N10014474WA0278302763010010057347339
B1905521904682N10014479WA0277902758010010061344348
B1905541904701N10014484WA0277402752010010068347341
B1905561904721N10014488WA0277002746010010070348340
B1905581904741N10014493WA0276502743010010067349337
B1906001904760N10014497WA0276102739010010062348333
B1906021904778N10014501WA0275702733010010062348352
B1906041904798N10014505WA0275202726010010070350339
B1906061904819N10014509WA0274602720010010074350335
B1906081904840N10014512WA0274102716010010069351335
B1906101904861N10014516WA0273602712010010068350344
B1906121904881N10014521WA0273102707010010071346336
B1906141904902N10014527WA0272602704010010071344336
B1906161904922N10014533WA0272302703010010062343345
B1906181904938N10014538WA0272002701010010056339345
B1906201904954N10014545WA0271602695010010058340344
B1906221904972N10014550WA0271202687010010064343340
B1906241904992N10014556WA0270702680010010069346345
B1906261905012N10014561WA0270102672010010069349353
B1906281905032N10014565WA0269502666010010065349352
B1906301905050N10014568WA0268802658010010060350346
B1906321905068N10014572WA0268102649010010063349340
B1906341905087N10014576WA0267402641010010067345343
B1906361905107N10014581WA0266702632010010066352354
B1906381905126N10014583WA0266002627010010063357340
B1906401905144N10014584WA0265402626010010055355005
B1906421905159N10014585WA0264902622010010047003329
B1906441905173N10014584WA0264402614010010045360338
B1906461905188N10014585WA0263802606010010059351333
B1906481905207N10014587WA0263202600010010066357344
B1906501905226N10014588WA0262602597010010061002348
B1906521905243N10014588WA0262102596010010056359000
B1906541905260N10014588WA0261702591010010055357352
B1906561905278N10014588WA0261302586010010060360345
B1906581905296N10014588WA0260802583010010060002343
B1907001905313N10014587WA0260502581010010054002003
B1907021905329N10014587WA0260202578010010051003349
B1907041905345N10014584WA0259802573010010055016003
B1907061905361N10014577WA0259502568010010061024017
B1907081905378N10014569WA0259102564010010064024010
B1907101905396N10014561WA0258702559010010063024006
B1907121905413N10014552WA0258302554010010062022021
B1907141905430N10014545WA0257902552010010060017011
B1907161905447N10014541WA0257602547010010058014001
B1907181905463N10014536WA0257202542010010055015011
B1907201905479N10014532WA0256802536010010056014019
B1907221905496N10014527WA0256202527010010062015005
B1907241905515N10014522WA0255702522010010066015007
B1907261905534N10014517WA0255202518010010060012006
B1907281905550N10014513WA0254802514010010055014018
B1907301905566N10014508WA0254202506010010055020019
B1907321905582N10014503WA0253702500010010060013003
B1907341905600N10014501WA0253202495010010063002360
B1907361905619N10014500WA0252602489010010062358007
B1907381905638N10014500WA0252102483010010061002007
B1907401905657N10014500WA0251602479010010062360024
B1907421905674N10014501WA0251102476010010056000010
B1907441905691N10014499WA0250702471010010056007008
B1907461905709N10014496WA0250202466010010061011358
B1907481905727N10014492WA0249802460010010061011006
B1907501905745N10014490WA0249302459010010062007004
B1907521905763N10014487WA0249002455010010060008001
B1907541905780N10014485WA0248702453010010052006003
B1907561905795N10014483WA0248402448010010050007006
B1907581905811N10014480WA0247902440010010060009000
B1908001905829N10014478WA0247502434010010060009006
B1908021905847N10014475WA0247002428010010056010352
B1908041905863N10014472WA0246402420010010056005355
B1908061905881N10014471WA0245802411010010063001350
B1908081905901N10014471WA0245102405010010065003342
B1908101905920N10014469WA0244502398010010061006353
B1908121905938N10014467WA0243902393010010060007360
B1908141905956N10014465WA0243302386010010060002345
B1908161905975N10014465WA0242602378010010064360358
B1908181905995N10014464WA0241902370010010068005352
B1908201906015N10014462WA0241302363010010069009342
B1908221906036N10014457WA0240602357010010069012352
B1908241906056N10014452WA0240002351010010070011356
B1908261906077N10014449WA0239402344010010070008009
B1908281906098N10014447WA0238802339010010069005001
B1908301906118N10014446WA0238202336010010064001353
B1908321906136N10014446WA0237802338010010058000348
B1908341906152N10014447WA0237602340010010048359343
B1908361906167N10014447WA0237502339010010049357345
B1908381906183N10014447WA0237402337010010056356342
B1908401906200N10014449WA0237202336010010059355340
B1908421906218N10014451WA0237102336010010058356342
B1908441906235N10014451WA0237002335010010057000347
B1908461906253N10014451WA0236802332010010058360340
B1908481906271N10014451WA0236702329010010063003341
B1908501906289N10014448WA0236502329010010064007349
B1908521906309N10014447WA0236402331010010058006346
B1908541906323N10014445WA0236402336010010047009010
B1908561906337N10014442WA0236602340010010046007349
B1908581906350N10014441WA0236802345010010042005006
B1909001906362N10014440WA0237102351010010041001348
B1909021906375N10014442WA0237502357010010043350342
B1909041906387N10014444WA0237902362010010042351323
B1909061906400N10014446WA0238402367010010044355353
B1909081906414N10014447WA0238802372010010046357359
B1909101906427N10014447WA0239302378010010042356356
B1909121906440N10014448WA0239802385010010044359333
B1909141906453N10014449WA0240402391010010047355352
B1909161906468N10014450WA0240902396010010048357344
B1909181906482N10014450WA0241402402010010049002343
B1909201906497N10014449WA0242002406010010047008347
B1909221906511N10014446WA0242402410010010051018038
B1909241906523N10014437WA0242802409010010048058115
B1909261906524N10014424WA0243102409010010036112157
B1909281906517N10014418WA0243302412010010023166175
B1909301906510N10014419WA0243502417010010020188166
B1909321906504N10014419WA0243902421010010016169181
B1909341906500N10014417WA0244102422010010016162164
B1909361906494N10014416WA0244302424010010022179191
B1909381906488N10014416WA0244602429010010019171178
B1909401906482N10014415WA0244902432010010021171181
B1909421906475N10014415WA0245202438010010021169163
B1909441906470N10014413WA0245602444010010016168193
B1909461906465N10014414WA0245902447010010023209220
B1909481906461N10014423WA0246202445010010045270310
B1909501906467N10014437WA0246402449010010052319009
B1909521906482N10014442WA0246702453010010047008032
B1909541906494N10014435WA0246902459010010045039047
B1909561906501N10014425WA0247302465010010031075115
B1909581906499N10014416WA0247702467010010030137171
B1910001906491N10014413WA0248002470010010027186242
B1910021906484N10014418WA0248302474010010029234267
B1910041906482N10014428WA0248602479010010036277300
B1910061906488N10014438WA0249002483010010046322359
B1910081906502N10014442WA0249302486010010049006054
B1910101906515N10014437WA0249702490010010041035038
B1910121906524N10014429WA0250002495010010038040034
B1910141906533N10014420WA0250402499010010044039052
B1910161906544N10014410WA0250702503010010045042031
B1910181906554N10014401WA0251102508010010044042039
B1910201906563N10014392WA0251502512010010041044045
B1910221906571N10014382WA0251902515010010039051044
B1910241906579N10014372WA0252202517010010043048042
B1910261906588N10014361WA0252502520010010041053056
B1910281906594N10014350WA0252802520010010039073081
B1910301906596N10014337WA0252902520010010047082094
B1910321906598N10014322WA0253102521010010050082090
B1910341906599N10014306WA0253202524010010048084080
B1910361906601N10014291WA0253402527010010047079102
B1910381906603N10014277WA0253602528010010041083087
B1910401906604N10014264WA0253802531010010045088089
B1910421906605N10014249WA0254002534010010050080079
B1910441906609N10014235WA0254302541010010040065074
B1910461906614N10014225WA0254702548010010032066081
B1910481906619N10014215WA0255102552010010035058077
B1910501906624N10014207WA0255602559010010034058073
B1910521906629N10014197WA0256102563010010036064062
B1910541906635N10014186WA0256502566010010040066084
B1910561906637N10014174WA0256902570010010040100155
B1910581906630N10014165WA0257402575010010029150182
B1911001906622N10014163WA0258002589010010018151161
B1911021906618N10014160WA0258802600010010016118169
B1911041906614N10014158WA0259602606010010025208257
B1911061906614N10014168WA0260202607010010051313352
B1911081906631N10014171WA0260802616010010066018066
B1911101906642N10014160WA0261602629010010049071143
B1911121906639N10014149WA0262402633010010034151239
B1911141906632N10014154WA0263102641010010035259304
B1911161906638N10014165WA0263802649010010052331347
B1911181906654N10014167WA0264702662010010053009025
B1911201906667N10014161WA0265602672010010043044080
B1911221906671N10014148WA0266402677010010045090128
B1911241906665N10014140WA0267202686010010030176238
B1911261906658N10014147WA0267902692010010044254296
B1911281906663N10014161WA0268702700010010054319001
B1911301906679N10014166WA0269502714010010053010014
B1911321906691N10014157WA0270402723010010045055104
B1911341906692N10014144WA0271202728010010036119220
B1911361906685N10014141WA0272002737010010019205268
B1911381906683N10014150WA0272802747010010038280286
B1911401906689N10014161WA0273702759010010044312328
B1911421906701N10014167WA0274602766010010045352014
B1911441906715N10014165WA0275402773010010052022346
B1911461906728N10014158WA0276202781010010040040062
B1911481906732N10014146WA0276902785010010039093149
B1911501906726N10014138WA0277502790010010031163249
B1911521906718N10014144WA0278102796010010035251292
B1911541906722N10014156WA0278702805010010045310325
B1911561906735N10014163WA0279402814010010048349350
B1911581906749N10014160WA0280102818010010044022047
B1912001906758N10014150WA0280702822010010045069080
B1912021906757N10014138WA0281202828010010036112188
B1912041906749N10014133WA0281802835010010024177261
B1912061906743N10014137WA0282402841010010024218220
B1912081906737N10014143WA0283002849010010028236231
B1912101906734N10014150WA0283702858010010025262226
B1912121906736N10014159WA0284402866010010034297285
B1912141906745N10014169WA0285102874010010049329024
B1912161906760N10014171WA0285802880010010048016098
B1912181906768N10014161WA0286502883010010037080141
B1912201906764N10014150WA0287002885010010038146178
B1912221906753N10014150WA0287502896010010028195215
B1912241906748N10014155WA0288202910010010022249230
B1912261906749N10014163WA0289102918010010033281266
B1912281906754N10014172WA0289802924010010038314325
B1912301906767N10014177WA0290602929010010043355042
B1912321906778N10014173WA0291202932010010041045097
B1912341906783N10014160WA0291702935010010040091150
B1912361906778N10014150WA0292102940010010034135176
B1912381906768N10014147WA0292602947010010033180225
B1912401906760N10014150WA0293102954010010029225264
B1912421906758N10014160WA0293702961010010036278290
B1912441906764N10014170WA0294302970010010037318294
B1912461906774N10014176WA0294902972010010038330270
B1912481906783N10014183WA0295402974010010041314261
B1912501906793N10014193WA0295802975010010048314294
B1912521906802N10014204WA0296102979010010042306302
B1912541906809N10014214WA0296402979010010041306320
B1912561906818N10014226WA0296602977010010054310310
B1912581906830N10014240WA0296702980010010058311274
B1913001906838N10014252WA0297002991010010033302250
E191300Waypoint B03 reached
B1913021906841N10014258WA0297502995010010021296285
B1913041906846N10014267WA0297802992010010047311011
B1913061906863N10014269WA0297902991010010062015084
B1913081906876N10014255WA0297902992010010064070113
B1913101906881N10014240WA0298103006010010039062098
B1913121906887N10014231WA0298503010010010022053072
B1913141906893N10014222WA0298703006010010040063075
B1913161906903N10014209WA0298803006010010057041024
B1913181906914N10014198WA0299003011010010047041058
B1913201906922N10014189WA0299303015010010033053079
B1913221906927N10014180WA0299603016010010032069104
B1913241906931N10014168WA0299703016010010046070106
B1913261906935N10014155WA0300003025010010039070149
B1913281906937N10014146WA0300403029010010024068110
B1913301906941N10014138WA0300703029010010029069084
B1913321906946N10014127WA0301003030010010047064078
B1913341906952N10014113WA0301303037010010046062106
B1913361906959N10014103WA0301603042010010033050108
B1913381906966N10014095WA0302003043010010033043082
B1913401906976N10014086WA0302303044010010044043088
B1913421906986N10014076WA0302503047010010048047088
B1913441906994N10014064WA0302803049010010042061100
B1913461907000N10014052WA0302903048010010043072095
B1913481907004N10014037WA0303103051010010054069103
B1913501907009N10014023WA0303303056010010045069098
B1913521907013N10014012WA0303603062010010033061100
B1913541907020N10014002WA0304003065010010039062087
B1913561907027N10013990WA0304303070010010050056054
B1913581907039N10013979WA0304803075010010052027355
B1914001907056N10013975WA0305203080010010059009039
B1914021907072N10013972WA0305703090010010052009044
B1914041907086N10013969WA0306303096010010047019084
B1914061907099N10013961WA0306803102010010048035076
B1914081907110N10013952WA0307403110010010047039097
B1914101907120N10013942WA0308003116010010044055091
B1914121907126N10013929WA0308603122010010044072122
B1914141907129N10013916WA0309303130010010040083107
B1914161907130N10013904WA0309903137010010036075101
B1914181907134N10013892WA0310603143010010045070106
B1914201907139N10013878WA0311203150010010049070117
B1914221907142N10013864WA0311903159010010041091122
B1914241907137N10013854WA0312603164010010035144192
B1914261907128N10013853WA0313203169010010031214294
B1914281907126N10013863WA0313803175010010038294007
B1914301907137N10013870WA0314403180010010052351041
B1914321907153N10013868WA0315003187010010055026074
B1914341907164N10013856WA0315503191010010056065150
B1914361907166N10013839WA0316103198010010048107230
B1914381907158N10013830WA0316703203010010033168277
B1914401907151N10013835WA0317303210010010030255333
B1914421907156N10013845WA0317803215010010044316000
B1914441907168N10013852WA0318403222010010049344015
B1914461907183N10013854WA0319003227010010051007029
B1914481907198N10013845WA0319603229010010064049087
B1914501907206N10013828WA0320103238010010052083145
B1914521907202N10013815WA0320703245010010033130216
B1914541907195N10013811WA0321303249010010023184299
B1914561907191N10013815WA0321903254010010023254330
B1914581907192N10013823WA0322403261010010030302353
B1915001907201N10013830WA0323003266010010049337003
B1915021907217N10013833WA0323503271010010055006062
B1915041907232N10013824WA0324003271010010062048092
B1915061907242N10013808WA0324403277010010057064104
B1915081907248N10013794WA0324903287010010044062094
B1915101907254N10013781WA0325503295010010041068115
B1915121907257N10013769WA0326103300010010038087143
B1915141907253N10013758WA0326703304010010037134221
B1915161907245N10013756WA0327203308010010022216263
B1915181907245N10013764WA0327703314010010030293261
B1915201907251N10013772WA0328203320010010036318267
B1915221907261N10013778WA0328803328010010039342316
B1915241907274N10013780WA0329403334010010046003018
B1915261907289N10013776WA0329903338010010059017004
B1915281907306N10013767WA0330503344010010063038094
B1915301907316N10013753WA0331103354010010050069160
B1915321907316N10013741WA0331803363010010030122201
B1915341907310N10013737WA0332503367010010022185198
B1915361907305N10013740WA0333103374010010020231214
B1915381907302N10013746WA0333803382010010017263230
B1915401907304N10013752WA0334503387010010024297271
B1915421907310N10013759WA0335103392010010040316306
B1915441907321N10013766WA0335703398010010046347011
B1915461907336N10013766WA0336303403010010051007014
B1915481907352N10013763WA0336903409010010057014052
B1915501907368N10013755WA0337403415010010056039079
B1915521907376N10013742WA0338003420010010047084154
B1915541907372N10013730WA0338603427010010031132232
B1915561907365N10013728WA0339203435010010023210234
B1915581907361N10013736WA0339803441010010033261239
B1916001907362N10013747WA0340403447010010034286259
B1916021907368N10013757WA0341003453010010045320310
B1916041907383N10013764WA0341503457010010061348352
B1916061907401N10013764WA0342103465010010057008018
B1916081907416N10013759WA0342703471010010052029045
B1916101907429N10013748WA0343303476010010049045065
B1916121907436N10013737WA0343803480010010037071102
B1916141907437N10013726WA0344303487010010028096097
B1916161907434N10013720WA0344803491010010022145160
B1916181907426N10013720WA0345303492010010031200194
B1916201907419N10013725WA0345703499010010023229189
B1916221907416N10013731WA0346103504010010017248188
B1916241907414N10013737WA0346503505010010028247225
B1916261907412N10013748WA0346803506010010037268218
B1916281907413N10013761WA0347203514010010038292293
B1916301907421N10013770WA0347703521010010047326351
B1916321907437N10013775WA0348103523010010060352349
B1916341907456N10013774WA0348503525010010064017075
B1916361907471N10013764WA0348903530010010050041094
B1916381907480N10013754WA0349203533010010037057059
B1916401907483N10013744WA0349503533010010028087090
B1916421907479N10013737WA0349703530010010031181199
B1916441907470N10013748WA0349703524010010058252261
B1916461907469N10013764WA0349603529010010046280275
B1916481907472N10013777WA0349803535010010042284266
B1916501907477N10013791WA0350103538010010053296290
B1916521907488N10013806WA0350403545010010057321308
B1916541907502N10013814WA0350803551010010049340010
B1916561907517N10013814WA0351203555010010051010060
B1916581907529N10013805WA0351603556010010047060159
B1917001907529N10013794WA0351903558010010028114163
B1917021907523N10013791WA0352303563010010019185139
B1917041907518N10013795WA0352603567010010025242214
B1917061907516N10013806WA0353003569010010041264210
B1917081907518N10013820WA0353303574010010049287233
B1917101907524N10013835WA0353803582010010052303328
B1917121907536N10013846WA0354203586010010054329337
B1917141907552N10013852WA0354703590010010059351352
B1917161907569N10013852WA0355103595010010047013019
B1917181907579N10013846WA0355503597010010032047064
B1917201907584N10013836WA0355803598010010039066052
B1917221907590N10013824WA0356103601010010045051039
B1917241907600N10013814WA0356403605010010045038056
B1917261907611N10013806WA0356603605010010040036080
B1917281907620N10013797WA0356703602010010045046076
B1917301907631N10013786WA0356703599010010053047028
B1917321907642N10013773WA0356703600010010054046051
B1917341907653N10013762WA0356703600010010047044045
B1917361907664N10013751WA0356603599010010052046053
B1917381907675N10013738WA0356603598010010056047062
B1917401907686N10013725WA0356503596010010054049058
B1917421907697N10013712WA0356403596010010053046051
B1917441907707N10013700WA0356303596010010047049058
B1917461907715N10013691WA0356403600010010031043050
B1917481907722N10013686WA0356403599010010026033055
B1917501907729N10013680WA0356403596010010038040045
B1917521907739N10013672WA0356303596010010041044041
B1917541907746N10013664WA0356303598010010030037043
B1917561907754N10013659WA0356303597010010032030036
B1917581907763N10013653WA0356203594010010040034055
B1918001907773N10013645WA0356103592010010045040042
B1918021907784N10013635WA0355903590010010047038042
B1918041907795N10013626WA0355803589010010045037037
B1918061907806N10013618WA0355703587010010043036044
B1918081907816N10013610WA0355503587010010043038040
B1918101907827N10013601WA0355403584010010045041046
B1918121907837N10013591WA0355203582010010045044046
B1918141907846N10013581WA0355003580010010044044050
B1918161907855N10013572WA0354903578010010042044053
B1918181907865N10013563WA0354703575010010041042048
B1918201907874N10013554WA0354503571010010041045052
B1918221907882N10013545WA0354203568010010042047052
B1918241907892N10013535WA0353903564010010044046053
B1918261907901N10013525WA0353603561010010045047046
B1918281907910N10013514WA0353303558010010044048048
B1918301907919N10013504WA0353103556010010043048054
B1918321907928N10013494WA0352803552010010046048060
B1918341907937N10013482WA0352503549010010047051051
B1918361907946N10013471WA0352203547010010045048048
B1918381907955N10013461WA0351903544010010044047054
B1918401907964N10013450WA0351603540010010045048056
B1918421907973N10013439WA0351303535010010046048051
B1918441907983N10013429WA0350903529010010044045042
B1918461907993N10013419WA0350403520010010048043029
B1918481908005N10013407WA0349803508010010061045036
B1918501908018N10013392WA0349103502010010065048029
B1918521908031N10013379WA0348403497010010057044015
B1918541908042N10013365WA0347803488010010056048039
B1918561908056N10013351WA0347103477010010069043035
B1918581908072N10013335WA0346303469010010076044049
B1919001908087N10013320WA0345603468010010065041045
B1919021908101N10013308WA0345203473010010054040051
B1919041908111N10013299WA0345003477010010036045060
B1919061908118N10013290WA0345003478010010038044031
B1919081908128N10013281WA0344903479010010047046045
B1919101908136N10013270WA0344903482010010039058031
B1919121908142N10013260WA0345003484010010036053041
B1919141908149N10013251WA0345103484010010036055023
B1919161908156N10013241WA0345203485010010040047027
B1919181908164N10013232WA0345203486010010038048055
B1919201908171N10013224WA0345303486010010036049049
B1919221908179N10013214WA0345303485010010042056067
B1919241908186N10013202WA0345303483010010045059057
B1919261908192N10013190WA0345303482010010037058073
B1919281908197N10013181WA0345203480010010034067076
B1919301908202N10013170WA0345103476010010042069077
B1919321908207N10013157WA0344903476010010046062077
B1919341908214N10013145WA0344803475010010035054068
B1919361908220N10013136WA0344603471010010043057080
B1919381908228N10013122WA0344403466010010057061074
B1919401908237N10013106WA0344103464010010060062069
B1919421908245N10013089WA0343903463010010057063073
B1919441908253N10013073WA0343703462010010059062068
B1919461908261N10013056WA0343503463010010058062067
B1919481908269N10013042WA0343503466010010045059073
B1919501908275N10013031WA0343503467010010041062069
B1919521908282N10013018WA0343503464010010049063077
B1919541908289N10013003WA0343403463010010053062068
B1919561908296N10012988WA0343403462010010049064064
B1919581908302N10012974WA0343303460010010048064053
B1920001908310N10012961WA0343203457010010052055065
B1920021908320N10012946WA0343003452010010064052059
B1920041908332N10012930WA0342703451010010067052059
B1920061908344N10012915WA0342603451010010055049059
B1920081908355N10012903WA0342403450010010052043053
B1920101908367N10012891WA0342303447010010059040055
B1920121908381N10012878WA0342103442010010064048051
B1920141908394N10012862WA0341803440010010063049048
B1920161908406N10012849WA0341603440010010054045044
B1920181908417N10012837WA0341403436010010052046050
B1920201908429N10012824WA0341203430010010063044036
B1920221908444N10012810WA0340803427010010067042051
B1920241908459N10012796WA0340503423010010066041042
B1920261908474N10012783WA0340203422010010063037040
B1920281908488N10012772WA0339903419010010056036042
B1920301908501N10012762WA0339703418010010051036035
B1920321908514N10012752WA0339503414010010056036036
B1920341908529N10012741WA0339103407010010064035041
B1920361908545N10012729WA0338703399010010067034035
B1920381908562N10012718WA0338303394010010065034039
B1920401908579N10012707WA0337703387010010064032033
B1920421908595N10012695WA0337203382010010069036025
B1920441908612N10012680WA0336803387010010075044062
B1920461908622N10012668WA0337003405010010032045104
B1920481908628N10012664WA0337503415010010020032070
B1920501908634N10012658WA0338003420010010032054061
B1920521908644N10012649WA0338603426010010049030347
B1920541908662N10012647WA0339103430010010068349276
B1920561908679N10012659WA0339603435010010066300209
B1920581908679N10012676WA0340103442010010042238168
B1921001908671N10012679WA0340803452010010026139096
B1921021908672N10012670WA0341503462010010038057024
B1921041908683N10012662WA0342303468010010048017004
B1921061908700N10012662WA0342903473010010061346353
B1921081908717N10012672WA0343503478010010061318284
B1921101908726N10012687WA0344103484010010050287183
B1921121908725N10012700WA0344703492010010034246159
B1921141908720N10012707WA0345403502010010014206176
B1921161908717N10012708WA0346303513010010012213162
B1921181908716N10012708WA0347103520010010011150127
B1921201908715N10012702WA0347803523010010024078059
B1921221908723N10012695WA0348403527010010043025023
B1921241908738N10012692WA0348903529010010059354327
B1921261908756N10012700WA0349403533010010062325270
B1921281908768N10012714WA0349903539010010057302210
B1921301908772N10012730WA0350403543010010049263157
B1921321908766N10012742WA0350903551010010034227137
B1921341908760N10012747WA0351503560010010016215105
B1921361908758N10012746WA0352103563010010011139121
B1921381908758N10012741WA0352503568010010025057035
B1921401908768N10012735WA0353003572010010048011046
B1921421908784N10012735WA0353403574010010054352057
B1921441908800N10012737WA0353703578010010047000099
B1921461908810N10012732WA0354003578010010030054126
B1921481908810N10012724WA0354103572010010026135166
B1921501908802N10012723WA0354103578010010022188170
B1921521908797N10012725WA0354203583010010020214161
B1921541908791N10012729WA0354403586010010022215155
B1921561908785N10012732WA0354503588010010022200179
B1921581908779N10012734WA0354703591010010020198149
B1922001908774N10012735WA0354903592010010016167124
B1922021908771N10012730WA0355003593010010022107116
B1922041908771N10012722WA0355203595010010028075088
B1922061908774N10012714WA0355403599010010028069085
B1922081908777N10012705WA0355603603010010028067078
B1922101908781N10012697WA0355903608010010025059076
B1922121908784N10012691WA0356303609010010020077077
B1922141908787N10012684WA0356403606010010033073085
B1922161908790N10012671WA0356503606010010043082083
B1922181908791N10012659WA0356503607010010033088093
B1922201908791N10012649WA0356603606010010032094062
B1922221908791N10012638WA0356603603010010039094084
B1922241908790N10012625WA0356403599010010043094109
B1922261908790N10012610WA0356303598010010046091088
B1922281908790N10012596WA0356103599010010042087083
B1922301908790N10012584WA0356103599010010035086088
B1922321908792N10012573WA0356003598010010037082083
B1922341908793N10012560WA0355903596010010042087083
B1922361908794N10012547WA0355903598010010043082086
B1922381908796N10012534WA0355903601010010037082089
B1922401908797N10012524WA0356003600010010031091084
B1922421908797N10012513WA0356003598010010037090089
B1922441908797N10012499WA0355903596010010045094088
B1922461908795N10012485WA0355803594010010046097081
B1922481908795N10012470WA0355703593010010047092086
B1922501908795N10012454WA0355603593010010051088081
B1922521908795N10012438WA0355603594010010047087084
B1922541908795N10012426WA0355703599010010035088072
B1922561908796N10012415WA0355803601010010032088079
B1922581908796N10012404WA0355903602010010038085075
B1923001908798N10012392WA0356103605010010040078062
B1923021908800N10012381WA0356303609010010033083079
B1923041908802N10012370WA0356503610010010038086077
B1923061908803N10012356WA0356603611010010043085064
B1923081908804N10012345WA0356803614010010035085076
B1923101908805N10012334WA0356903612010010035092092
B1923121908804N10012320WA0356903606010010046099092
B1923141908802N10012304WA0356703603010010052096085
B1923161908801N10012287WA0356503601010010051092085
B1923181908801N10012272WA0356403599010010049091089
B1923201908801N10012256WA0356103595010010046085062
B1923221908804N10012241WA0355803588010010048082083
B1923241908805N10012224WA0355403581010010060089100
B1923261908804N10012204WA0355003575010010066097099
B1923281908801N10012183WA0354503573010010063100089
B1923301908797N10012165WA0354203574010010052100088
B1923321908795N10012150WA0354103576010010047096088
B1923341908795N10012135WA0354003576010010044092062
B1923361908796N10012121WA0353903573010010048082058
B1923381908798N10012105WA0353803569010010052079067
B1923401908802N10012087WA0353503564010010063081052
B1923421908805N10012067WA0353203560010010062081041
B1923441908807N10012047WA0352903557010010061084069
B1923461908809N10012028WA0352603551010010063088059
B1923481908809N10012008WA0352303551010010063089072
B1923501908810N10011991WA0352103555010010046084053
B1923521908811N10011981WA0352203561010010026084054
B1923541908811N10011972WA0352303560010010032106050
B1923561908811N10011960WA0352303557010010043095059
B1923581908812N10011945WA0352103555010010052090056
B1924001908813N10011928WA0352003555010010051087060
B1924021908814N10011914WA0351803555010010041083052
B1924041908817N10011902WA0351703552010010037084054
B1924061908818N10011889WA0351303544010010044090062
B1924081908818N10011873WA0350803535010010055088059
B1924101908820N10011855WA0350203528010010060086064
B1924121908821N10011836WA0349603523010010058083055
B1924141908824N10011819WA0349003518010010055081058
B1924161908827N10011802WA0348503516010010052074044
B1924181908832N10011787WA0348103514010010048069081
B1924201908837N10011773WA0347703511010010047073071
B1924221908841N10011758WA0347403508010010048078076
B1924241908844N10011743WA0347103504010010047078076
B1924261908847N10011728WA0346803500010010047075076
B1924281908851N10011714WA0346503494010010050079089
B1924301908853N10011697WA0346203491010010053080084
B1924321908856N10011681WA0345903487010010054079080
B1924341908859N10011665WA0345603484010010049079079
B1924361908862N10011650WA0345303479010010048078076
B1924381908865N10011634WA0344903472010010052077085
B1924401908869N10011618WA0344503466010010055080082
B1924421908871N10011601WA0344103461010010055085085
B1924441908872N10011584WA0343703460010010052083079
B1924461908875N10011568WA0343403458010010050081086
B1924481908877N10011553WA0343103454010010047084103
B1924501908878N10011538WA0342803448010010042089087
B1924521908878N10011525WA0342503444010010044090095
B1924541908878N10011510WA0342103436010010048089096
B1924561908878N10011494WA0341603431010010052090099
B1924581908877N10011477WA0341103425010010059094089
B1925001908876N10011458WA0340703422010010054092089
B1925021908876N10011441WA0340403425010010053086094
B1925041908876N10011427WA0340303431010010038087085
B1925061908877N10011418WA0340503439010010023079092
B1925081908879N10011410WA0340803441010010027082085
B1925101908879N10011399WA0341003443010010040086081
B1925121908881N10011387WA0341303449010010033075066
B1925141908884N10011379WA0341503450010010026073075
B1925161908886N10011369WA0341703448010010036084099
B1925181908888N10011355WA0341803451010010050081076
B1925201908890N10011341WA0342003454010010039076077
B1925221908893N10011330WA0342203459010010032078072
B1925241908895N10011320WA0342503459010010037074087
B1925261908899N10011306WA0342603460010010045075090
B1925281908902N10011294WA0342803463010010040074072
B1925301908906N10011282WA0343003467010010036066078
B1925321908911N10011272WA0343203468010010033065074
B1925341908915N10011262WA0343403467010010037071070
B1925361908919N10011250WA0343503466010010041071081
B1925381908923N10011237WA0343503462010010042077073
B1925401908925N10011223WA0343403457010010050083073
B1925421908926N10011205WA0343203454010010059085074
B1925441908928N10011185WA0343003453010010063085079
B1925461908930N10011168WA0342903455010010048081087
B1925481908932N10011154WA0342903455010010040084081
B1925501908933N10011141WA0342803449010010048086075
B1925521908934N10011123WA0342503443010010058089072
B1925541908934N10011105WA0342203441010010058089071
B1925561908934N10011088WA0342003441010010049088074
B1925581908935N10011073WA0341903441010010044083078
B1926001908938N10011060WA0341703436010010043080071
B1926021908940N10011044WA0341403428010010053082070
B1926041908943N10011027WA0340903423010010060080067
B1926061908947N10011008WA0340503422010010055076082
B1926081908950N10010993WA0340203420010010045078070
B1926101908953N10010980WA0339903417010010042082063
B1926121908955N10010966WA0339603413010010045082055
B1926141908957N10010952WA0339303408010010043085072
B1926161908958N10010937WA0338803399010010044094053
B1926181908958N10010923WA0338303389010010049095096
B1926201908956N10010904WA0337603378010010069098077
B1926221908952N10010881WA0336903372010010080100077
B1926241908947N10010857WA0336303373010010072099070
B1926261908944N10010838WA0336003378010010056094072
B1926281908944N10010822WA0336003385010010043086070
B1926301908945N10010810WA0336103388010010038083073
B1926321908947N10010796WA0336303393010010047082066
B1926341908949N10010783WA0336703400010010040083077
B1926361908949N10010771WA0337103406010010034088059
B1926381908950N10010761WA0337503410010010035093085
B1926401908948N10010749WA0337903414010010036098090
B1926421908947N10010739WA0338403419010010029089073
B1926441908946N10010730WA0338903427010010033105094
B1926461908941N10010721WA0339503436010010031144186
B1926481908932N10010721WA0340203442010010035217225
B1926501908931N10010735WA0340803445010010053294305
B1926521908942N10010747WA0341403452010010052334018
B1926541908956N10010751WA0342003461010010039355057
B1926561908966N10010747WA0342703465010010033034085
B1926581908971N10010736WA0343203465010010041084114
B1927001908972N10010724WA0343603476010010033080062
B1927021908972N10010716WA0344303487010010023078098
B1927041908971N10010709WA0345103493010010021131148
B1927061908963N10010710WA0345603493010010043225206
B1927081908957N10010724WA0346103498010010042266231
B1927101908961N10010736WA0346703509010010041309343
B1927121908974N10010743WA0347303512010010054344036
B1927141908990N10010741WA0347803515010010052027089
B1927161908998N10010729WA0348203518010010046078120
B1927181908996N10010716WA0348603526010010032120128
B1927201908987N10010712WA0349103533010010028190213
B1927221908981N10010721WA0349703539010010044257314
B1927241908985N10010736WA0350303546010010050308027
B1927261908998N10010743WA0350803550010010050349058
B1927281909013N10010740WA0351303554010010053027081
B1927301909024N10010730WA0351803559010010045055116
B1927321909028N10010718WA0352303565010010036087112
B1927341909026N10010709WA0352903569010010024129144
B1927361909019N10010707WA0353303568010010033194181
B1927381909010N10010713WA0353503569010010032225125
B1927401909004N10010721WA0353803573010010026229145
B1927421908998N10010726WA0354203578010010026212173
B1927441908991N10010729WA0354503581010010026185109
B1927461908985N10010725WA0354803581010010026119104
B1927481908984N10010715WA0355003584010010035084114
B1927501908986N10010705WA0355203587010010032078107
B1927521908989N10010695WA0355503590010010026069124
B1927541908992N10010687WA0355703591010010030074102
B1927561908995N10010676WA0355803592010010037070090
B1927581908999N10010666WA0356003596010010037067081
B1928001909002N10010656WA0356303602010010031074098
B1928021909006N10010647WA0356603606010010027068099
B1928041909008N10010638WA0356903607010010030096147
B1928061909002N10010631WA0357103609010010031159210
B1928081908993N10010633WA0357303610010010034219227
B1928101908988N10010643WA0357503611010010042259253
B1928121908990N10010657WA0357603611010010048305304
B1928141909002N10010667WA0357703612010010050341025
B1928161909016N10010667WA0357903615010010044018039
B1928181909026N10010658WA0358103617010010041064074
B1928201909027N10010646WA0358203618010010033107116
B1928221909023N10010638WA0358403621010010023117075
B1928241909020N10010631WA0358603621010010025113082
B1928261909016N10010622WA0358703619010010039119091
B1928281909010N10010611WA0358703619010010041112082
B1928301909006N10010600WA0358803620010010032112092
B1928321909002N10010591WA0358803619010010033123067
B1928341908996N10010582WA0358803617010010036125075
B1928361908989N10010572WA0358803615010010037124073
B1928381908983N10010562WA0358703612010010038125083
B1928401908976N10010551WA0358503608010010040125066
B1928421908970N10010540WA0358203602010010044122088
B1928441908963N10010528WA0357903596010010047118075
B1928461908956N10010515WA0357503592010010047120082
B1928481908949N10010502WA0357203588010010046118073
B1928501908944N10010489WA0356803584010010047107075
B1928521908940N10010473WA0356403580010010053109082
B1928541908935N10010458WA0356103579010010051108071
B1928561908931N10010443WA0355903579010010043109062
B1928581908926N10010432WA0355703579010010037109072
B1929001908923N10010420WA0355603577010010038107061
B1929021908920N10010408WA0355403573010010044106068
B1929041908916N10010394WA0355203573010010042104070
B1929061908913N10010382WA0355103572010010037107063
B1929081908910N10010372WA0355003570010010036110059
B1929101908906N10010360WA0354803565010010040105059
B1929121908903N10010347WA0354503559010010043112055
B1929141908897N10010334WA0354103552010010049113069
B1929161908891N10010319WA0353703548010010054118061
B1929181908882N10010304WA0353303543010010057119078
B1929201908874N10010288WA0352903540010010055117061
B1929221908868N10010273WA0352603541010010053112056
B1929241908862N10010257WA0352403541010010049109057
B1929261908858N10010245WA0352303544010010030107061
B1929281908856N10010238WA0352303543010010022120062
B1929301908853N10010231WA0352103537010010029114063
B1929321908850N10010220WA0351803529010010043101064
B1929341908848N10010204WA0351403524010010051097058
B1929361908846N10010188WA0351003519010010052096033
B1929381908844N10010173WA0350603517010010047104063
B1929401908839N10010159WA0350203510010010045111061
B1929421908835N10010146WA0349703505010010044111056
B1929441908830N10010133WA0349203498010010045111062
B1929461908825N10010119WA0348603491010010046111067
B1929481908820N10010105WA0348103485010010047109065
B1929501908816N10010091WA0347503478010010046108060
B1929521908812N10010077WA0346903470010010047107060
B1929541908808N10010062WA0346303465010010052103059
B1929561908804N10010046WA0345803460010010051106055
B1929581908799N10010031WA0345203457010010046107055
B1930001908796N10010018WA0344803455010010047104055
B1930021908793N10010003WA0344403451010010049103057
B1930041908789N10009988WA0344003445010010047104056
B1930061908787N10009973WA0343503437010010048097066
B1930081908786N10009957WA0342903427010010053090055
B1930101908787N10009939WA0342303422010010056088062
B1930121908787N10009922WA0341703415010010053088048
B1930141908788N10009906WA0341203411010010051086054
B1930161908789N10009889WA0340603403010010054086045
B1930181908790N10009871WA0339903395010010062089048
B1930191908790N10009859WA0339503392010010064091034
B1930211908790N10009841WA0338903383010010061088013
B1930231908792N10009822WA0338303382010010062078041
B1930251908798N10009803WA0337803379010010059071035
B1930271908803N10009787WA0337403376010010054072059
B1930291908808N10009770WA0336903367010010056076055
B1930311908812N10009752WA0336403364010010063076040
B1930331908816N10009733WA0335903360010010060080042
B1930351908819N10009715WA0335503358010010052081036
B1930371908822N10009700WA0335203356010010049077037
B1930391908826N10009684WA0334803353010010051076049
B1930411908829N10009668WA0334403347010010052079027
B1930431908832N10009652WA0334103343010010051080041
B1930451908835N10009636WA0333703340010010052076033
B1930471908839N10009620WA0333303335010010053078039
B1930491908841N10009604WA0332903332010010050084027
B1930511908843N10009588WA0332603328010010048083063
B1930531908845N10009573WA0332203322010010050074061
B1930551908852N10009557WA0331803316010010062059065
B1930571908863N10009541WA0331303315010010069051062
B1930591908875N10009526WA0331003319010010050048070
B1931011908884N10009516WA0331003325010010035041048
B1931031908892N10009508WA0331103328010010039046037
B1931051908902N10009498WA0331203330010010049043031
B1931071908913N10009490WA0331503336010010036027038
B1931091908921N10009486WA0331803338010010031026052
B1931111908931N10009479WA0332003338010010041044058
B1931131908938N10009469WA0332203339010010035067095
B1931151908938N10009460WA0332403340010010027115128
B1931171908932N10009456WA0332503344010010021179212
B1931191908928N10009462WA0332703346010010032260273
B1931211908931N10009474WA0332903348010010048299278
B1931231908941N10009486WA0333103351010010053329003
B1931251908957N10009490WA0333303351010010057004067
B1931271908973N10009484WA0333403353010010053036111
B1931291908980N10009472WA0333603353010010038082139
B1931311908978N10009462WA0333703355010010024130159
B1931331908973N10009462WA0333903360010010015210218
B1931351908970N10009467WA0334103361010010028257207
B1931371908968N10009478WA0334203362010010034261181
B1931391908966N10009487WA0334503367010010024241164
B1931411908961N10009491WA0334703371010010019193139
B1931431908956N10009489WA0335003374010010017135136
B1931451908954N10009484WA0335303376010010021107120
B1931471908952N10009477WA0335503377010010024112134
B1931491908948N10009469WA0335603376010010032111105
B1931511908946N10009458WA0335803379010010038094114
B1931531908944N10009447WA0336003383010010027098108
B1931551908944N10009440WA0336203385010010023091089
B1931571908946N10009430WA0336403384010010041066062
B1931591908956N10009417WA0336403385010010060039047
B1932011908968N10009408WA0336703393010010042032091
B1932031908976N10009401WA0337003397010010026044127
B1932051908978N10009393WA0337203396010010027104146
B1932071908972N10009387WA0337303396010010026164210
B1932091908965N10009389WA0337503400010010029217247
B1932111908960N10009397WA0337603402010010026256251
B1932131908961N10009406WA0337803406010010036287283
B1932151908967N10009418WA0338003407010010048304280
B1932171908979N10009429WA0338203410010010055330338
B1932191908997N10009432WA0338303409010010062013081
B1932211909010N10009423WA0338503409010010043052163
B1932231909013N10009413WA0338503409010010027102186
B1932251909010N10009404WA0338603407010010034106158
B1932271909008N10009393WA0338603407010010036101178
B1932291909004N10009383WA0338503404010010035124168
B1932311908996N10009375WA0338503404010010038146165
B1932331908987N10009368WA0338403404010010034137159
B1932351908981N10009360WA0338503405010010031121157
B1932371908977N10009352WA0338503405010010025117150
B1932391908973N10009345WA0338403402010010028125159
B1932411908967N10009336WA0338303398010010040118135
B1932431908963N10009323WA0338103397010010048103143
B1932451908959N10009309WA0337903396010010040111168
B1932471908954N10009299WA0337903399010010032115157
B1932491908950N10009291WA0337803399010010027122150
B1932511908946N10009283WA0337803396010010032124154
B1932531908940N10009273WA0337703392010010038125153
B1932551908932N10009264WA0337403386010010038131152
B1932571908925N10009254WA0337203384010010039124151
B1932591908919N10009244WA0336903381010010036133161
B1933011908910N10009238WA0336603377010010034149154
B1933031908902N10009232WA0336303374010010034144163
B1933051908894N10009224WA0336003371010010035133162
B1933071908887N10009216WA0335703366010010036133164
B1933091908879N10009208WA0335403364010010035136170
B1933111908871N10009201WA0335103361010010032143156
B1933131908864N10009194WA0334803357010010036133146
B1933151908857N10009184WA0334503353010010042113166
B1933171908853N10009170WA0334203351010010043103168
B1933191908850N10009158WA0333803345010010041105128
B1933211908847N10009144WA0333403339010010048104144
B1933231908843N10009129WA0333003336010010049107134
B1933251908838N10009115WA0332603332010010042117127
B1933271908833N10009104WA0332303330010010041115141
B1933291908828N10009092WA0331903327010010043109140
B1933311908823N10009079WA0331603322010010044112142
B1933331908817N10009066WA0331203317010010045123148
B1933351908810N10009055WA0330803310010010047130157
B1933371908800N10009043WA0330303302010010048134157
B1933391908790N10009032WA0329703297010010047133156
B1933411908781N10009022WA0329203291010010046133153
B1933431908771N10009011WA0328703284010010046134153
B1933451908761N10009001WA0328103281010010046136158
B1933471908751N10008990WA0327603275010010050136160
B1933491908740N10008978WA0327203275010010054132142
B1933511908730N10008966WA0326903275010010048127151
B1933531908722N10008954WA0326703277010010039123153
B1933551908716N10008944WA0326603275010010038122154
B1933571908710N10008933WA0326403272010010044125160
B1933591908702N10008921WA0326203267010010047126157
B1934011908693N10008909WA0326003266010010048126146
B1934031908684N10008898WA0325803263010010044136165
B1934051908674N10008890WA0325603259010010042152163
B1934071908662N10008883WA0325303255010010048154162
B1934091908648N10008877WA0325003251010010049157170
B1934111908634N10008872WA0324603248010010048163181
B1934131908621N10008868WA0324303246010010047165186
B1934151908607N10008864WA0324103243010010046168196
B1934171908594N10008860WA0323803240010010045163185
B1934191908581N10008856WA0323503238010010048160187
B1934211908568N10008851WA0323303241010010043160180
B1934231908556N10008847WA0323203241010010036165184
B1934251908547N10008844WA0323203245010010030166172
B1934271908538N10008842WA0323303247010010028165171
B1934291908531N10008839WA0323403250010010027159177
B1934311908523N10008836WA0323603252010010027149184
B1934331908517N10008831WA0323703253010010027139170
B1934351908511N10008826WA0323803255010010025147169
B1934371908504N10008822WA0324003257010010028149165
B1934391908497N10008817WA0324203263010010028149171
B1934411908490N10008812WA0324503270010010025146149
B1934431908486N10008809WA0324903272010010013163176
B1934451908481N10008810WA0325203272010010023198175
B1934471908474N10008811WA0325403275010010028162154
B1934491908466N10008807WA0325603279010010023154174
B1934511908461N10008806WA0325903283010010017180170
B1934531908455N10008806WA0326203286010010021191173
B1934551908450N10008808WA0326503290010010019210214
B1934571908446N10008813WA0326803292010010022241217
B1934591908443N10008821WA0327003293010010029257228
B1935011908442N10008831WA0327303297010010032262248
B1935031908442N10008840WA0327603301010010030278260
B1935051908446N10008850WA0327803303010010040298239
B1935071908453N10008862WA0328103306010010041303285
B1935091908462N10008872WA0328403309010010048332028
B1935111908478N10008872WA0328603310010010058026094
B1935131908489N10008859WA0328903312010010048073157
B1935151908489N10008847WA0329103316010010029107180
B1935171908484N10008840WA0329403321010010022137156
B1935191908479N10008838WA0329803324010010019187213
B1935211908473N10008840WA0330003326010010023214195
B1935231908468N10008846WA0330403332010010023234238
B1935251908467N10008854WA0330803336010010035288296
B1935271908476N10008865WA0331103338010010056328352
B1935291908493N10008869WA0331403340010010058007103
B1935311908506N10008861WA0331703342010010046050113
B1935331908510N10008849WA0331903344010010034103161
B1935351908503N10008843WA0332103346010010027159194
B1935371908496N10008841WA0332403351010010021168177
B1935391908489N10008841WA0332703356010010023187191
B1935411908483N10008843WA0333103362010010020201202
B1935431908478N10008846WA0333503367010010021233225
B1935451908477N10008854WA0333903370010010039280275
B1935471908484N10008867WA0334203373010010051322011
B1935491908500N10008871WA0334603376010010054005055
B1935511908515N10008864WA0334903379010010054039083
B1935531908524N10008852WA0335203385010010040063099
B1935551908526N10008841WA0335603388010010033096107
B1935571908523N10008831WA0335903391010010029117125
B1935591908518N10008825WA0336303395010010023138147
B1936011908513N10008821WA0336603401010010022144158
B1936031908507N10008817WA0337103407010010021147161
B1936051908501N10008814WA0337503413010010019170199
B1936071908496N10008817WA0338003415010010027237241
B1936091908495N10008827WA0338303418010010034280262
B1936111908499N10008838WA0338703423010010036302284
B1936131908508N10008846WA0339003425010010046333314
B1936151908524N10008849WA0339303426010010058005039
B1936171908540N10008843WA0339603429010010052036063
B1936191908549N10008831WA0339903432010010043068096
B1936211908551N10008818WA0340203436010010039089109
B1936231908550N10008806WA0340603441010010035104149
B1936251908544N10008798WA0340903444010010027158219
B1936271908537N10008800WA0341203445010010028226241
B1936291908535N10008810WA0341503448010010037288310
B1936311908544N10008820WA0341803450010010051333005
B1936331908560N10008822WA0342103454010010053008021
B1936351908574N10008814WA0342403457010010052047089
B1936371908580N10008800WA0342703461010010045081116
B1936391908578N10008789WA0343103464010010032122150
B1936411908571N10008783WA0343403467010010028160168
B1936431908564N10008783WA0343703469010010021208240
B1936451908560N10008789WA0343903470010010028259258
B1936471908562N10008799WA0344203472010010034295298
B1936491908571N10008807WA0344403474010010048342358
B1936511908587N10008808WA0344603476010010055009061
B1936531908601N10008800WA0344903481010010050042096
B1936551908609N10008788WA0345103484010010043073103
B1936571908609N10008774WA0345403486010010040098118
B1936591908606N10008763WA0345703489010010034115141
B1937011908601N10008753WA0346003489010010038107101
B1937031908598N10008740WA0346103488010010044104138
B1937051908594N10008729WA0346203488010010034118130
B1937071908589N10008720WA0346203488010010032121113
B1937091908584N10008710WA0346303487010010037109111
B1937111908581N10008700WA0346303487010010030105119
B1937131908579N10008692WA0346203482010010024115131
B1937151908574N10008684WA0345903472010010042133139
B1937171908563N10008672WA0345503464010010054136130
B1937191908549N10008660WA0345003464010010057142121
B1937211908537N10008651WA0344703466010010043143138
B1937231908527N10008643WA0344403463010010044138127
B1937251908517N10008630WA0344103457010010057128132
B1937271908506N10008615WA0343703449010010064126125
B1937291908496N10008598WA0343203446010010061122118
B1937311908487N10008582WA0342703444010010060119122
B1937331908478N10008565WA0342303440010010058118113
B1937351908470N10008549WA0341903434010010060120113
B1937371908460N10008532WA0341403428010010066120122
B1937391908451N10008513WA0341003426010010069116122
B1937411908442N10008494WA0340603425010010062114111
B1937431908435N10008476WA0340303422010010057114118
B1937451908428N10008460WA0340003418010010058118125
B1937471908419N10008444WA0339703415010010058122118
B1937491908409N10008429WA0339403410010010055124118
B1937511908401N10008414WA0339003406010010055117109
B1937531908394N10008398WA0338703401010010058114122
B1937551908386N10008381WA0338303396010010058119101
B1937571908377N10008366WA0337803391010010055125103
B1937591908367N10008353WA0337403387010010050130123
B1938011908358N10008342WA0337003380010010048133115
B1938031908348N10008330WA0336503373010010051131133
B1938051908337N10008318WA0336003369010010052130132
B1938071908328N10008306WA0335503365010010048131128
B1938091908319N10008295WA0335103362010010044133119
B1938111908310N10008285WA0334603358010010045134121
B1938131908301N10008274WA0334303359010010044129133
B1938151908294N10008263WA0334103359010010039113106
B1938171908292N10008251WA0334003359010010037094108
B1938191908291N10008239WA0333803355010010037099112
B1938211908288N10008227WA0333503348010010042110116
B1938231908283N10008214WA0333203343010010051116121
B1938251908275N10008199WA0332803336010010051119120
B1938271908268N10008186WA0332403334010010044116128
B1938291908263N10008173WA0332003327010010044114123
B1938311908257N10008160WA0331503318010010050116118
B1938331908250N10008145WA0330903313010010054118112
B1938351908242N10008131WA0330303303010010053121104
B1938371908234N10008117WA0329703299010010050118118
B1938391908228N10008102WA0329103293010010048115111
B1938411908222N10008089WA0328603287010010047115111
B1938431908215N10008075WA0328003282010010050114117
B1938451908209N10008061WA0327403276010010049116109
B1938471908203N10008047WA0326903271010010048113115
B1938491908197N10008033WA0326403266010010046115130
B1938511908191N10008020WA0325903260010010044121123
B1938531908184N10008009WA0325403254010010047124126
B1938551908175N10007996WA0324803248010010048129123
B1938571908166N10007985WA0324303241010010048132127
B1938591908157N10007973WA0323703238010010050124135
B1939011908149N10007959WA0323303234010010049115130
B1939031908144N10007945WA0322903232010010046116127
B1939051908137N10007933WA0322603233010010042119112
B1939071908132N10007922WA0322403233010010038116114
B1939091908127N10007911WA0322203231010010038118123
B1939111908121N10007901WA0322103230010010036121111
B1939131908115N10007890WA0322003230010010043114105
B1939151908111N10007878WA0322003234010010037112111
B1939171908107N10007868WA0322003236010010033113124
B1939191908103N10007857WA0322203240010010035108109
B1939211908100N10007848WA0322403246010010025100115
B1939231908100N10007841WA0322803249010010024095107
B1939251908099N10007831WA0323003249010010034102113
B1939271908096N10007820WA0323203252010010034100115
B1939291908095N10007811WA0323503256010010026092108
B1939311908094N10007803WA0323703255010010031105105
B1939331908091N10007792WA0323803255010010035112108
B1939351908087N10007782WA0323903254010010036114125
B1939371908081N10007771WA0323903252010010043123124
B1939391908073N10007760WA0323903253010010046126118
B1939411908066N10007747WA0323903255010010044116109
B1939431908061N10007734WA0324003257010010042109119
B1939451908057N10007722WA0324103256010010043109100
B1939471908053N10007708WA0324103254010010047109104
B1939491908048N10007694WA0324103255010010049110106
B1939511908044N10007680WA0324203259010010041102103
B1939531908043N10007669WA0324403265010010031094093
B1939551908042N10007660WA0324703268010010029106108
B1939571908038N10007651WA0324903272010010032118140
B1939591908034N10007642WA0325203276010010030109128
B1940011908031N10007633WA0325503275010010033111136
B1940031908026N10007622WA0325603271010010045122136
B1940051908018N10007610WA0325603272010010049124142
B1940071908011N10007597WA0325703279010010042110136
B1940091908007N10007587WA0326003284010010025116128
B1940111908004N10007581WA0326303285010010022127114
B1940131907999N10007574WA0326403283010010034127140
B1940151907992N10007564WA0326503282010010041125140
B1940171907985N10007554WA0326603285010010037124138
B1940191907980N10007545WA0326703284010010033126122
B1940211907973N10007536WA0326703283010010042126140
B1940231907965N10007523WA0326803286010010047124139
B1940251907958N10007513WA0326903292010010032126153
B1940271907954N10007506WA0327203299010010024116153
B1940291907950N10007499WA0327603302010010025126123
B1940311907946N10007493WA0327903306010010025129125
B1940331907941N10007486WA0328203308010010027126127
B1940351907936N10007480WA0328503310010010026131129
B1940371907931N10007473WA0328803311010010029128121
B1940391907925N10007466WA0328903313010010034129141
B1940411907918N10007456WA0329203318010010033120134
B1940431907914N10007449WA0329503324010010026114126
B1940451907911N10007442WA0329903328010010024128136
B1940471907906N10007436WA0330203330010010028129127
B1940491907901N10007428WA0330503332010010029119127
B1940511907897N10007421WA0330803337010010026116134
B1940531907894N10007413WA0331203339010010024117131
B1940551907890N10007407WA0331403337010010028129131
B1940571907884N10007398WA0331503335010010039123139
B1940581907880N10007392WA0331603336010010039128156
B1941001907873N10007385WA0331703339010010029134146
B1941021907868N10007379WA0331803341010010023134141
B1941041907862N10007374WA0331903338010010030139147
B1941061907855N10007366WA0331903336010010040135130
B1941081907846N10007357WA0331903341010010037129129
B1941101907841N10007350WA0332103346010010014112124
B1941121907839N10007347WA0332303343010010021147138
B1941141907830N10007342WA0332203334010010047160144
B1941161907818N10007336WA0332003330010010047157161
B1941181907806N10007330WA0331803333010010037154147
B1941201907799N10007326WA0331603333010010030152139
B1941221907790N10007322WA0331503330010010033172160
B1941241907780N10007322WA0331203326010010039184167
B1941261907768N10007323WA0330903322010010039183154
B1941281907757N10007322WA0330603318010010037171150
B1941301907747N10007320WA0330303314010010038165153
B1941321907736N10007317WA0329903311010010039169140
B1941341907725N10007316WA0329703311010010034176152
B1941361907717N10007315WA0329503314010010021165141
B1941381907711N10007312WA0329503318010010021140122
B1941401907707N10007303WA0329603320010010034109113
B1941421907705N10007293WA0329803324010010035094062
B1941441907708N10007281WA0330103327010010043057007
B1941461907720N10007272WA0330303327010010052018316
B1941481907736N10007272WA0330503328010010049342235
B1941501907746N10007281WA0330603326010010039290181
B1941521907744N10007292WA0330703326010010034228153
B1941541907737N10007296WA0330903334010010020180152
B1941561907733N10007295WA0331203340010010014149157
B1941581907729N10007291WA0331603342010010019154165
B1942001907723N10007285WA0331903343010010035121084
B1942021907723N10007271WA0332203345010010050064013
B1942041907735N10007260WA0332403348010010052025319
B1942061907750N10007258WA0332703349010010046348269
B1942081907760N10007266WA0332803350010010040303233
B1942101907762N10007277WA0333103355010010026261202
B1942121907759N10007283WA0333303359010010022220217
B1942141907753N10007286WA0333603363010010022199183
B1942161907746N10007285WA0334003366010010024159165
B1942181907739N10007282WA0334303370010010027147140
B1942201907733N10007274WA0334603373010010032117076
B1942221907734N10007262WA0334803370010010047058316
B1942241907750N10007255WA0334903370010010057001281
B1942261907765N10007257WA0335103378010010040345280
B1942281907777N10007262WA0335503384010010034328268
B1942301907785N10007271WA0335803386010010041308290
B1942321907791N10007282WA0336103387010010037284217
B1942341907789N10007292WA0336303390010010028232171
B1942361907783N10007293WA0336503393010010024143099
B1942381907780N10007283WA0336803393010010038088086
B1942401907784N10007269WA0337003396010010051063057
B1942421907792N10007256WA0337303403010010046051015
B1942441907803N10007248WA0337603405010010046019327
B1942461907819N10007245WA0337803407010010056359316
B1942481907834N10007250WA0338203412010010047329255
B1942501907843N10007261WA0338503414010010043291221
B1942521907842N10007273WA0338703414010010032247166
B1942541907837N10007277WA0338903418010010019169133
B1942561907832N10007272WA0339203421010010023109127
B1942581907831N10007263WA0339503423010010031092132
B1943001907831N10007252WA0339703426010010035087104
B1943021907833N10007241WA0340003429010010034071073
B1943041907838N10007231WA0340203431010010040053050
B1943061907848N10007222WA0340403432010010045026011
B1943081907862N10007220WA0340603431010010045348336
B1943101907875N10007226WA0340603431010010050330326
B1943121907886N10007235WA0340803437010010042317305
B1943141907893N10007245WA0341003441010010032296247
B1943161907894N10007253WA0341303443010010025242197
B1943181907888N10007257WA0341503446010010020189135
B1943201907883N10007255WA0341803449010010020128097
B1943221907882N10007246WA0342003449010010035080062
B1943241907888N10007233WA0342203448010010058048039
B1943261907901N10007221WA0342303451010010052033086
B1943281907913N10007215WA0342503455010010039017359
B1943301907925N10007212WA0342703451010010040019077
B1943321907937N10007203WA0342603444010010057038038
B1943341907950N10007190WA0342303440010010059039024
B1943361907965N10007180WA0342003439010010056029027
B1943381907980N10007172WA0341703436010010055025018
B1943401907995N10007163WA0341403432010010059032024
B1943421908010N10007152WA0341003429010010060036032
B1943441908024N10007141WA0340703427010010058034029
B1943461908038N10007131WA0340403424010010052032028
B1943481908051N10007122WA0340003419010010053035029
B1943501908064N10007111WA0339603415010010057043029
B1943521908077N10007099WA0339303414010010058040031
B1943541908090N10007087WA0339103415010010055038027
B1943561908102N10007077WA0339103420010010046037020
B1943581908114N10007068WA0339103420010010050040023
B1944001908126N10007058WA0339003417010010053037041
B1944021908139N10007047WA0338903412010010058039034
B1944041908152N10007034WA0338703407010010061043041
B1944061908165N10007021WA0338403402010010063046029
B1944081908179N10007006WA0338103400010010063045031
B1944101908192N10006992WA0337803397010010059046030
B1944121908204N10006979WA0337503392010010060049042
B1944141908215N10006963WA0337203386010010062052034
B1944161908227N10006948WA0336803383010010063052039
B1944181908239N10006933WA0336503382010010065048031
B1944201908252N10006917WA0336303382010010062052053
B1944221908262N10006904WA0336203386010010048050045
B1944241908271N10006893WA0336103385010010047047039
B1944261908282N10006881WA0336003382010010055051045
B1944281908292N10006867WA0335903381010010056051036
B1944301908302N10006854WA0335903382010010048048042
B1944321908312N10006844WA0335803379010010045049043
B1944341908321N10006832WA0335603373010010052053049
B1944361908331N10006817WA0335303365010010062053042
B1944381908343N10006801WA0334803359010010064050043
B1944401908355N10006786WA0334403355010010062051035
B1944421908366N10006770WA0334003351010010063057038
B1944441908377N10006753WA0333603349010010061057037
B1944461908387N10006738WA0333303346010010059057036
B1944481908396N10006722WA0333003342010010061059040
B1944501908405N10006705WA0332603339010010061059040
B1944521908415N10006689WA0332403338010010056055041
B1944541908424N10006676WA0332103337010010047054038
B1944561908432N10006664WA0331903333010010049054053
B1944581908442N10006650WA0331603331010010059055034
B1945001908451N10006635WA0331403333010010050055026
B1945021908460N10006624WA0331403334010010042048030
B1945041908469N10006613WA0331303331010010051050031
B1945061908480N10006599WA0331103330010010058050035
B1945081908491N10006586WA0331103331010010053045039
B1945101908502N10006574WA0331003332010010052046030
B1945121908512N10006562WA0331003333010010050051056
B1945141908522N10006550WA0331103334010010048047055
B1945161908532N10006539WA0331103333010010051044068
B1945181908543N10006527WA0331103331010010058050062
B1945201908554N10006512WA0331003328010010057050056
B1945221908565N10006500WA0330903327010010054044057
B1945241908577N10006488WA0330703323010010052045051
B1945261908588N10006476WA0330503317010010056044073
B1945281908601N10006462WA0330203310010010065048063
B1945301908614N10006446WA0329803305010010069051065
B1945321908627N10006429WA0329403301010010067050056
B1945341908641N10006412WA0329003297010010069051065
B1945361908654N10006394WA0328603293010010073054056
B1945381908667N10006376WA0328203290010010074054045
B1945401908680N10006358WA0327903288010010069052039
B1945421908692N10006341WA0327603285010010068054062
B1945441908705N10006323WA0327403286010010073051042
B1945461908720N10006305WA0327103280010010076048040
B1945481908733N10006287WA0326903279010010073054041
B1945501908744N10006270WA0326703281010010063055055
B1945521908754N10006255WA0326603282010010054049057
B1945541908764N10006242WA0326503280010010052054042
B1945561908774N10006228WA0326503279010010055052056
B1945581908784N10006216WA0326403279010010053047049
B1946001908795N10006203WA0326303276010010053047044
B1946021908806N10006190WA0326203272010010055050055
B1946041908818N10006176WA0325903265010010065048061
B1946061908832N10006160WA0325603261010010074047060
B1946081908847N10006142WA0325203257010010072049067
B1946101908860N10006126WA0324903255010010063051063
B1946121908871N10006111WA0324603250010010061051056
B1946141908883N10006095WA0324103243010010067053061
B1946161908895N10006076WA0323703237010010074057056
B1946181908908N10006057WA0323303237010010070051042
B1946201908921N10006042WA0323003241010010056046046
B1946221908931N10006031WA0323003244010010043047034
B1946241908939N10006022WA0323003243010010036042045
B1946261908948N10006013WA0322903238010010045045052
B1946281908958N10006000WA0322603231010010059053059
B1946301908970N10005985WA0322303229010010065051047
B1946321908982N10005970WA0322103230010010054048048
B1946341908992N10005959WA0322003229010010046044034
B1946361909002N10005948WA0321803225010010052046059
B1946381909014N10005935WA0321503220010010062050045
B1946401909026N10005919WA0321203218010010063050057
B1946421909037N10005905WA0321003215010010056052034
B1946441909047N10005891WA0320703213010010054053052
B1946461909057N10005877WA0320503212010010060052041
B1946481909068N10005861WA0320303212010010058055045
B1946501909077N10005848WA0320203213010010047053038
B1946521909086N10005836WA0320103212010010050049045
B1946541909097N10005823WA0320003210010010061046055
B1946561909110N10005810WA0319903212010010056045041
B1946581909121N10005799WA0319903210010010047046038
B1947001909132N10005787WA0319803207010010054043041
B1947021909145N10005774WA0319603202010010065042038
B1947041909160N10005760WA0319303200010010070044036
B1947061909174N10005744WA0319203200010010065046049
B1947081909187N10005731WA0319103200010010054045053
B1947101909198N10005720WA0319003200010010049043062
B1947121909209N10005708WA0318903197010010052050054
B1947141909218N10005695WA0318703193010010055055057
B1947161909228N10005680WA0318503191010010054055063
B1947181909237N10005667WA0318303189010010052051058
B1947201909248N10005655WA0318103186010010054047068
B1947221909260N10005641WA0317803181010010062049066
B1947241909272N10005625WA0317503179010010062052063
B1947261909282N10005611WA0317203175010010056054064
B1947281909292N10005597WA0316903171010010057053067
B1947301909303N10005582WA0316603168010010062052067
B1947321909314N10005567WA0316303166010010057051065
B1947341909324N10005553WA0316003163010010053051060
B1947361909335N10005539WA0315703159010010058050062
B1947381909346N10005525WA0315403154010010062052062
B1947401909357N10005509WA0315003151010010060055064
B1947421909367N10005494WA0314703150010010057053069
B1947441909377N10005480WA0314403146010010056052072
B1947461909388N10005466WA0314103142010010059051069
B1947481909399N10005451WA0313803139010010058051063
B1947501909410N10005437WA0313503135010010055052070
B1947521909420N10005424WA0313103130010010055053074
B1947541909429N10005408WA0312703123010010061060080
B1947561909438N10005391WA0312203117010010062064070
B1947581909447N10005373WA0311703111010010063062080
B1948001909457N10005355WA0311203106010010070058092
B1948021909469N10005336WA0310703097010010077055084
B1948041909483N10005315WA0310103091010010078057092
B1948061909495N10005295WA0309603089010010069057076
B1948081909506N10005278WA0309103087010010062054078
B1948101909517N10005263WA0308803083010010060053082
B1948121909528N10005247WA0308303077010010062057079
B1948141909537N10005229WA0307903071010010065063081
B1948161909546N10005211WA0307403067010010066063084
B1948181909555N10005193WA0307003065010010064066091
B1948201909563N10005175WA0306703062010010060065091
B1948221909570N10005158WA0306303058010010059063100
B1948241909579N10005142WA0306003055010010061060078
B1948261909588N10005124WA0305603051010010061064083
B1948281909596N10005107WA0305303046010010060065093
B1948301909604N10005089WA0304903041010010062064090
B1948321909612N10005072WA0304503038010010062067087
B1948341909618N10005054WA0304203035010010058069093
B1948361909625N10005037WA0303803032010010060068097
B1948381909631N10005018WA0303503028010010063072102
B1948401909637N10004999WA0303103025010010062074103
B1948421909642N10004981WA0302803022010010060070100
B1948441909649N10004963WA0302503019010010061069109
B1948461909656N10004945WA0302203014010010064069107
B1948481909663N10004926WA0301903010010010066069093
B1948501909670N10004906WA0301503008010010064064082
B1948521909679N10004890WA0301303006010010056055090
B1948541909688N10004875WA0301103005010010056066087
B1948561909693N10004859WA0300903006010010053075086
B1948581909697N10004843WA0300803008010010048073100
B1949001909701N10004829WA0300803010010010048072104
B1949021909705N10004814WA0300903009010010047081100
B1949041909706N10004801WA0300803005010010042094104
B1949061909706N10004786WA0300703005010010048082087
B1949081909708N10004773WA0300503000010010039075097
B1949101909712N10004760WA0300302994010010044071078
B1949121909718N10004744WA0299902985010010063069086
B1949141909726N10004725WA0299402981010010067064095
B1949161909735N10004707WA0299002977010010060060078
B1949181909743N10004692WA0298602976010010050061080
B1949201909750N10004678WA0298302972010010049064087
B1949221909756N10004663WA0297902966010010055066092
B1949241909763N10004647WA0297402961010010060068079
B1949261909770N10004629WA0297002958010010059066091
B1949281909777N10004612WA0296602954010010057065089
B1949301909784N10004595WA0296202950010010061067082
B1949321909792N10004578WA0295902947010010061062088
B1949341909801N10004562WA0295502944010010059058087
B1949361909810N10004546WA0295202939010010058058082
B1949381909819N10004530WA0294802933010010062059082
B1949401909829N10004512WA0294402928010010069061083
B1949421909839N10004493WA0293902923010010067062078
B1949441909849N10004475WA0293502919010010065061077
B1949461909859N10004457WA0293002914010010065058085
B1949481909870N10004440WA0292602909010010066058076
B1949501909880N10004421WA0292102904010010069063083
B1949521909888N10004402WA0291702904010010062064081
B1949541909896N10004387WA0291502908010010046059088
B1949561909903N10004376WA0291402908010010036058084
B1949581909909N10004365WA0291302903010010046063098
B1950001909916N10004350WA0291002899010010058063095
B1950021909925N10004333WA0290702896010010061060087
B1950041909934N10004318WA0290502896010010053061079
B1950061909940N10004303WA0290302893010010048068082
B1950081909945N10004289WA0290002889010010052070084
B1950101909951N10004273WA0289702885010010056072091
B1950121909957N10004256WA0289402883010010056067088
B1950141909964N10004241WA0289102881010010052061082
B1950161909971N10004227WA0288902879010010049061083
B1950181909978N10004213WA0288602875010010048061080
B1950201909985N10004199WA0288302870010010052064073
B1950221909992N10004184WA0288002867010010055067089
B1950241909997N10004168WA0287702864010010051068075
B1950261910002N10004153WA0287402862010010050072082
B1950281910007N10004137WA0287102860010010052074086
B1950301910011N10004122WA0286902859010010051075081
B1950321910016N10004106WA0286702858010010051071102
B1950341910021N10004092WA0286502856010010045067072
B1950361910026N10004080WA0286302855010010045069097
B1950381910032N10004065WA0286102852010010051065077
B1950401910038N10004050WA0285902848010010056067068
B1950421910046N10004034WA0285702848010010056062076
B1950441910054N10004019WA0285602847010010054060071
B1950461910062N10004003WA0285402844010010058064061
B1950481910069N10003986WA0285202845010010061067075
B1950501910076N10003968WA0285102844010010059066077
B1950521910083N10003951WA0285002842010010059068077
B1950541910090N10003933WA0284802839010010065071070
B1950561910096N10003912WA0284702839010010067072069
B1950581910102N10003893WA0284602841010010060070060
B1951001910107N10003878WA0284702845010010046073066
B1951021910111N10003864WA0284802846010010046071059
B1951041910116N10003850WA0284802846010010048074048
B1951061910119N10003836WA0284902847010010046077058
B1951081910122N10003821WA0285002848010010045079063
B1951101910125N10003807WA0285102848010010052081060
B1951121910127N10003790WA0285102850010010054083069
B1951141910129N10003774WA0285202851010010048081075
B1951161910132N10003758WA0285302850010010047080076
B1951181910134N10003744WA0285302846010010056084082
B1951201910135N10003725WA0285102842010010063088086
B1951221910135N10003706WA0285002842010010059089077
B1951241910136N10003688WA0284902840010010053085085
B1951261910137N10003671WA0284702835010010052083088
B1951281910139N10003653WA0284402829010010060087071
B1951301910139N10003634WA0284102825010010063090097
B1951321910140N10003614WA0283702823010010062086090
B1951341910142N10003596WA0283502823010010054084086
B1951361910142N10003581WA0283302824010010044090071
B1951381910142N10003567WA0283202824010010042094077
B1951401910141N10003553WA0283102822010010048096081
B1951421910139N10003537WA0283002824010010050094074
B1951441910138N10003522WA0283002829010010040095087
B1951461910137N10003511WA0283202834010010032093071
B1951481910138N10003501WA0283502838010010036088071
B1951501910138N10003489WA0283702841010010037080050
B1951521910144N10003478WA0284002841010010044049030
B1951541910152N10003466WA0284202844010010046072119
B1951561910150N10003452WA0284402841010010047122199
B1951581910138N10003446WA0284402838010010040185249
B1952001910129N10003452WA0284402842010010032234254
B1952021910125N10003460WA0284502850010010024241223
B1952041910123N10003467WA0284802855010010024279259
B1952061910128N10003475WA0285002857010010038318323
B1952081910139N10003480WA0285302860010010038357052
B1952101910150N10003476WA0285502863010010042044092
B1952121910156N10003463WA0285802865010010043082125
B1952141910154N10003450WA0286002868010010043116141
B1952161910144N10003441WA0286302871010010038154221
B1952181910135N10003440WA0286602877010010024198286
B1952201910131N10003445WA0287002880010010022253276
B1952221910132N10003453WA0287302880010010033296301
B1952241910141N10003460WA0287502880010010042349016
B1952261910154N10003457WA0287702885010010043030084
B1952281910162N10003447WA0288002889010010039066105
B1952301910164N10003434WA0288302890010010046093134
B1952321910160N10003420WA0288502893010010042121150
B1952341910151N10003413WA0288802894010010034166207
B1952361910142N10003414WA0289002898010010026212241
B1952381910140N10003421WA0289302900010010031292264
B1952401910149N10003430WA0289502901010010041323254
B1952421910157N10003438WA0289702908010010033311240
B1952441910164N10003444WA0290102914010010031335004
B1952461910174N10003444WA0290502914010010040019038
B1952481910186N10003437WA0290702915010010041034062
B1952501910193N10003428WA0291002915010010040061067
B1952521910196N10003414WA0291102915010010044095096
B1952541910190N10003402WA0291202912010010039136179
B1952561910181N10003397WA0291102910010010031170224
B1952581910172N10003398WA0291102910010010027204263
B1953001910165N10003403WA0291102913010010023209269
B1953021910161N10003407WA0291202918010010019246250
B1953041910160N10003414WA0291402921010010027275258
B1953061910163N10003423WA0291602925010010028309303
B1953081910172N10003427WA0291902926010010037353322
B1953101910184N10003426WA0292102926010010041360310
B1953121910196N10003427WA0292202928010010036357338
B1953141910206N10003427WA0292402930010010037005336
B1953161910218N10003423WA0292602932010010042030351
B1953181910227N10003414WA0292902935010010043058071
B1953201910230N10003401WA0293102933010010043091122
B1953221910225N10003389WA0293102930010010041143193
B1953241910213N10003387WA0293102926010010039199234
B1953261910205N10003393WA0293002927010010027224242
B1953281910201N10003399WA0292902928010010022241242
B1953301910197N10003406WA0292902927010010028235237
B1953321910193N10003414WA0292802928010010028249263
B1953341910192N10003422WA0292802931010010024276261
B1953361910194N10003430WA0292902934010010025288277
B1953381910196N10003438WA0293102935010010028294281
B1953401910203N10003445WA0293202936010010035333312
B1953421910215N10003445WA0293202935010010047019043
B1953441910225N10003434WA0293302936010010052071126
B1953461910223N10003419WA0293402938010010049122189
B1953481910211N10003410WA0293502940010010045166217
B1953501910199N10003411WA0293702941010010038208267
B1953521910193N10003420WA0293802943010010033266309
B1953541910197N10003429WA0294002945010010033321321
B1953561910208N10003432WA0294202947010010043003020
B1953581910221N10003427WA0294402949010010048040055
B1954001910228N10003413WA0294602951010010050084124
B1954021910224N10003398WA0294702950010010048130132
B1954041910212N10003391WA0294802951010010044171208
B1954061910200N10003393WA0295002951010010032213277
B1954081910195N10003401WA0295002952010010028243239
B1954101910191N10003409WA0295102954010010029246230
B1954121910188N10003418WA0295302957010010030254244
B1954141910188N10003427WA0295502963010010027293268
B1954161910195N10003433WA0295702963010010036343292
B1954181910207N10003433WA0295902963010010042007312
B1954201910220N10003431WA0296002965010010041012317
B1954221910232N10003427WA0296202968010010042026034
B1954241910241N10003417WA0296402969010010048061105
B1954261910243N10003402WA0296502970010010048104187
B1954281910235N10003391WA0296702971010010043153190
B1954301910223N10003389WA0296802971010010039193230
B1954321910214N10003396WA0296902971010010033241241
B1954341910213N10003407WA0296902970010010037282242
B1954361910218N10003418WA0297002974010010036307256
B1954381910226N10003424WA0297102976010010032340306
B1954401910238N10003424WA0297202974010010046008327
B1954421910253N10003420WA0297302975010010053018005
B1954441910267N10003414WA0297402979010010046022012
B1954461910279N10003408WA0297602984010010038028018
B1954481910288N10003403WA0297802987010010033038013
B1954501910295N10003394WA0298002986010010037042033
B1954521910305N10003386WA0298102986010010043038056
B1954541910316N10003378WA0298302988010010042033023
B1954561910325N10003371WA0298402990010010037032035
B1954581910335N10003365WA0298602992010010037031030
B1955001910345N10003359WA0298702993010010039035022
B1955021910354N10003351WA0298902994010010039043055
B1955041910360N10003339WA0299002995010010043080107
B1955061910358N10003326WA0299102996010010041113123
B1955081910351N10003318WA0299302997010010030153168
B1955101910343N10003318WA0299402998010010028203178
B1955121910337N10003325WA0299502999010010032245223
B1955141910336N10003336WA0299603000010010035291255
B1955161910344N10003345WA0299703002010010039326272
B1955181910355N10003350WA0299903005010010041352291
B1955201910367N10003348WA0300103006010010043026020
B1955221910377N10003338WA0300203008010010045056053
B1955241910382N10003326WA0300403007010010037085090
B1955261910379N10003315WA0300503007010010034123136
B1955281910371N10003308WA0300503006010010032153134
B1955301910362N10003307WA0300603007010010029195185
B1955321910355N10003312WA0300703009010010027229194
B1955341910352N10003321WA0300803011010010030266247
B1955361910354N10003331WA0300903011010010037296273
B1955381910362N10003340WA0301003014010010039332332
B1955401910375N10003342WA0301103015010010046006003
B1955421910388N10003337WA0301203016010010048035055
B1955441910397N10003325WA0301403017010010041073101
B1955461910397N10003313WA0301503019010010037099102
B1955481910393N10003303WA0301603019010010030136169
B1955501910384N10003300WA0301703018010010031182194
B1955521910377N10003304WA0301703018010010028232225
B1955541910375N10003313WA0301803020010010034281260
B1955561910380N10003324WA0301903021010010035311269
B1955581910389N10003330WA0302003023010010039336330
B1956001910402N10003333WA0302103024010010044358340
B1956021910415N10003331WA0302203025010010042017347
B1956041910426N10003325WA0302303024010010040033037
B1956061910434N10003315WA0302303023010010044066096
B1956081910438N10003301WA0302303026010010042075080
B1956101910439N10003290WA0302403027010010033076073
B1956121910441N10003279WA0302503023010010033091102
B1956141910440N10003268WA0302303017010010037097081
B1956161910440N10003256WA0302003009010010044093089
B1956181910439N10003240WA0301603003010010050092088
B1956201910439N10003224WA0301203000010010048088075
B1956221910439N10003209WA0300802993010010050085092
B1956241910441N10003192WA0300302990010010053085077
B1956261910442N10003176WA0299902988010010052085080
B1956281910443N10003160WA0299502985010010046086070
B1956301910444N10003146WA0299202982010010042085073
B1956321910445N10003132WA0298802978010010044087087
B1956341910445N10003118WA0298502973010010044086119
B1956361910446N10003104WA0298102970010010048093112
B1956381910443N10003090WA0297802969010010040107118
B1956401910439N10003079WA0297502969010010038109117
B1956421910435N10003068WA0297402968010010041114136
B1956441910429N10003056WA0297202970010010038113130
B1956461910425N10003045WA0297202972010010035112120
B1956481910421N10003035WA0297302974010010039110130
B1956501910417N10003023WA0297302976010010040110135
B1956521910412N10003012WA0297502979010010036117139
B1956541910406N10003003WA0297602981010010037137152
B1956561910396N10002997WA0297802985010010036159182
B1956581910386N10002997WA0298002987010010035197210
B1957001910379N10003003WA0298202990010010031244247
B1957021910379N10003013WA0298502992010010031296270
B1957041910387N10003019WA0298702994010010039348334
B1957061910400N10003018WA0298902997010010043024057
B1957081910409N10003008WA0299103000010010041065108
B1957101910411N10002995WA0299403003010010041095079
B1957121910409N10002983WA0299703007010010035109120
B1957141910403N10002975WA0300003009010010035146172
B1957161910391N10002971WA0300203011010010041180219
B1957181910381N10002975WA0300503015010010033229307
B1957201910380N10002985WA0300803015010010032295314
B1957221910388N10002992WA0301003017010010036335315
B1957241910399N10002994WA0301203020010010041006019
B1957261910411N10002989WA0301503023010010043037066
B1957281910418N10002978WA0301803026010010041072095
B1957301910419N10002965WA0302003028010010037101109
B1957321910415N10002955WA0302203029010010035122158
B1957341910408N10002945WA0302403028010010041131142
B1957361910400N10002935WA0302503029010010040125148
B1957381910393N10002925WA0302603031010010038131173
B1957391910389N10002921WA0302703031010010039138168
E195739Waypoint th4329 reached
B1957411910379N10002914WA0302803032010010041150172
B1957431910367N10002908WA0302903035010010039159179
B1957451910356N10002906WA0303103039010010035186212
B1957471910347N10002911WA0303303040010010035222231
B1957491910342N10002920WA0303503043010010033250259
B1957511910342N10002930WA0303703047010010033299297
B1957531910351N10002937WA0304003050010010037344325
B1957551910363N10002935WA0304203051010010042028019
B1957571910372N10002925WA0304403054010010046066092
B1957591910373N10002911WA0304703058010010041104100
B1958011910367N10002900WA0305003060010010037127131
B1958031910359N10002891WA0305203062010010038143160
B1958051910349N10002886WA0305403063010010039168182
B1958071910337N10002886WA0305603066010010040192192
B1958091910327N10002893WA0305903070010010036235239
B1958111910325N10002903WA0306203073010010032273255
B1958131910328N10002912WA0306403075010010030304285
B1958151910336N10002919WA0306703076010010035340327
B1958171910347N10002919WA0306903077010010039009351
B1958191910359N10002915WA0307103081010010037026004
B1958211910368N10002909WA0307303084010010033033029
B1958231910375N10002902WA0307503086010010032057064
B1958251910378N10002891WA0307703086010010037091087
B1958271910374N10002880WA0307903088010010038123127
B1958291910366N10002872WA0308103091010010036151151
B1958311910356N10002869WA0308303095010010036173155
B1958331910344N10002867WA0308503099010010037179179
B1958351910334N10002872WA0308803100010010038226238
B1958371910331N10002884WA0309003102010010044280302
B1958391910339N10002895WA0309103104010010043336350
B1958411910351N10002894WA0309303105010010041029019
B1958431910359N10002884WA0309503108010010039066049
B1958451910361N10002872WA0309703110010010037093082
B1958471910357N10002861WA0309903114010010039122139
B1958491910348N10002854WA0310103114010010039169213
B1958511910336N10002857WA0310303114010010044219277
B1958531910330N10002869WA0310403115010010041262323
B1958551910334N10002881WA0310503117010010038308339
B1958571910343N10002888WA0310703120010010034341330
B1958591910353N10002888WA0310803120010010034009358
B1959011910364N10002886WA0311003121010010041006351
B1959031910377N10002887WA0311103122010010042350003
B1959051910389N10002889WA0311203122010010038354004
B1959071910401N10002889WA0311303123010010042359359
B1959091910414N10002890WA0311403125010010039355345
B1959111910425N10002891WA0311503127010010032353350
B1959131910435N10002892WA0311603125010010036355352
B1959151910447N10002893WA0311603122010010043355352
B1959171910460N10002894WA0311603120010010044000352
B1959191910473N10002894WA0311603118010010047358352
B1959211910488N10002895WA0311503120010010049353351
B1959231910502N10002897WA0311503121010010046355351
B1959251910516N10002898WA0311503120010010041356347
B1959271910528N10002898WA0311403116010010041003010
B1959291910542N10002896WA0311203107010010053008346
B1959311910559N10002895WA0310803101010010059002355
B1959331910576N10002894WA0310403096010010058006359
B1959351910594N10002891WA0310003093010010057008350
B1959371910611N10002888WA0309703091010010057007358
B1959391910628N10002886WA0309403088010010057007001
B1959411910645N10002884WA0309103084010010057005355
B1959431910663N10002883WA0308703075010010062003359
B1959451910682N10002882WA0308203072010010063004353
B1959471910700N10002880WA0307703065010010060005353
B1959491910718N10002879WA0307303060010010060004009
B1959511910736N10002877WA0306803057010010058005010
B1959531910752N10002876WA0306403054010010051004002
B1959551910767N10002875WA0306003049010010051004002
B1959571910783N10002873WA0305603044010010054007003
B1959591910799N10002872WA0305103039010010053005356
B2000011910815N10002870WA0304703034010010053002355
B2000031910831N10002870WA0304303031010010055003354
B2000051910848N10002870WA0303903028010010053357335
B2000071910863N10002870WA0303603025010010050359349
B2000091910879N10002870WA0303203022010010055004340
B2000111910896N10002867WA0302903021010010057013349
B2000131910911N10002862WA0302703022010010047015345
B2000151910924N10002859WA0302603020010010042013360
B2000171910937N10002857WA0302403018010010051008340
B2000191910953N10002854WA0302203015010010054011355
B2000211910969N10002850WA0302003016010010051014348
B2000231910982N10002846WA0301903019010010039015343
B2000251910992N10002843WA0301903021010010030021351
B2000271911001N10002840WA0302003020010010034013337
B2000291911012N10002839WA0301903016010010041001340
B2000311911025N10002839WA0301803015010010044356348
B2000331911037N10002840WA0301603013010010041358332
B2000351911051N10002840WA0301403010010010051358345
B2000371911068N10002841WA0301203008010010056355331
B2000391911084N10002842WA0301003008010010052360332
B2000411911099N10002841WA0300903008010010049004315
B2000431911113N10002842WA0300803008010010042347302
B2000451911124N10002847WA0300703007010010037327295
B2000471911133N10002855WA0300603007010010041328293
B2000491911144N10002862WA0300603011010010046332292
B2000511911155N10002868WA0300703015010010036331245
B2000531911162N10002874WA0300903016010010023296200
B2000551911160N10002880WA0301003015010010022217169
B2000571911153N10002881WA0301103016010010029164157
B2000591911145N10002878WA0301203016010010023158184
B2001011911138N10002875WA0301203015010010029148117
B2001031911131N10002865WA0301203013010010046102047
B2001051911134N10002849WA0301203012010010054061009
B2001071911144N10002837WA0301103012010010047036355
B2001091911156N10002830WA0301103012010010043016345
B2001111911170N10002829WA0301103013010010045357291
B2001131911181N10002833WA0301103014010010032314182
B2001151911183N10002840WA0301203014010010017244174
B2001171911177N10002843WA0301203014010010023175164
B2001191911170N10002842WA0301203015010010018179180
B2001211911164N10002843WA0301203014010010019200174
B2001231911158N10002845WA0301303015010010020191194
B2001251911151N10002846WA0301303016010010028184191
B2001271911142N10002847WA0301403020010010033187161
B2001291911133N10002845WA0301603025010010033147108
B2001311911128N10002833WA0301803023010010053085042
B2001331911137N10002816WA0301903021010010069042008
B2001351911152N10002807WA0302003030010010044011291
B2001371911161N10002810WA0302303034010010028316287
B2001391911165N10002818WA0302603036010010029284251
B2001411911162N10002826WA0302803037010010033213172
B2001431911151N10002826WA0303003038010010040153122
B2001441911145N10002822WA0303103041010010036133082
B2001461911141N10002813WA0303403044010010038105032
B2001481911142N10002799WA0303603044010010047073044
B2001501911151N10002786WA0303803046010010052042023
B2001521911165N10002779WA0304003048010010045005297
B2001541911177N10002782WA0304203050010010035329261
B2001561911182N10002790WA0304403052010010029280227
B2001571911181N10002796WA0304503052010010033242204
B2001591911173N10002801WA0304603052010010039180114
B2002011911161N10002798WA0304803057010010034154154
B2002031911153N10002794WA0305103061010010025162173
B2002051911146N10002791WA0305303062010010029144126
B2002071911138N10002783WA0305503063010010040138112
B2002091911130N10002774WA0305703068010010038125095
B2002111911125N10002763WA0306003072010010039108116
B2002131911123N10002749WA0306303074010010048092078
B2002151911127N10002735WA0306603077010010047056001
B2002171911139N10002727WA0306803078010010046007319
B2002191911150N10002732WA0307003080010010033310225
B2002211911151N10002741WA0307203081010010029244196
B2002231911146N10002748WA0307403085010010028211206
B2002251911136N10002749WA0307703089010010038178163
B2002271911124N10002743WA0307903090010010046138149
B2002291911117N10002730WA0308103092010010044103123
B2002311911118N10002717WA0308303093010010041075112
B2002331911123N10002705WA0308503096010010034055057
B2002351911131N10002699WA0308703098010010036019029
B2002371911143N10002698WA0308903101010010037344353
B2002391911151N10002706WA0309103103010010033291256
B2002411911148N10002717WA0309303106010010038230199
B2002431911138N10002723WA0309603111010010038189150
B2002451911127N10002720WA0309903113010010044146102
B2002471911117N10002708WA0310103111010010050112052
B2002491911117N10002693WA0310203113010010044070344
B2002511911124N10002683WA0310403116010010036039329
B2002531911133N10002678WA0310603121010010035022334
B2002551911144N10002674WA0310803124010010040013344
B2002571911157N10002672WA0311103127010010044010353
B2002591911170N10002669WA0311403133010010041017017
B2003011911180N10002662WA0311803138010010040057098
B2003031911182N10002650WA0312203141010010038102137
B2003051911175N10002643WA0312403138010010037184224
B2003071911166N10002654WA0312503133010010055245236
B2003091911158N10002666WA0312503143010010040218183
B2003111911148N10002669WA0312803150010010031182191
B2003131911139N10002668WA0313103154010010034173187
B2003151911128N10002664WA0313303156010010042140074
B2003171911124N10002651WA0313503156010010047082347
B2003191911134N10002640WA0313603155010010049012276
B2003211911148N10002645WA0313703156010010046315269
B2003231911154N10002658WA0313803160010010044282287
B2003251911158N10002670WA0314003164010010034311330
B2003271911167N10002675WA0314203164010010035349331
B2003291911178N10002675WA0314403164010010040005008
B2003311911191N10002673WA0314503167010010041013010
B2003331911201N10002671WA0314803172010010032008329
B2003351911210N10002669WA0315103174010010026015020
B2003371911219N10002665WA0315403175010010039021012
B2003391911231N10002662WA0315703178010010037007009
B2003411911241N10002661WA0316003183010010032008006
B2003431911251N10002660WA0316403186010010039349315
B2003451911263N10002667WA0316703186010010053314280
B2003471911269N10002682WA0316903188010010049267171
B2003491911262N10002693WA0317203190010010041205107
B2003511911251N10002692WA0317403188010010037146081
B2003521911246N10002684WA0317503189010010037109042
B2003541911247N10002676WA0317603188010010041067029
B2003561911255N10002665WA0317703192010010043038066
B2003581911263N10002658WA0318003199010010030042060
B2004001911270N10002653WA0318303204010010024036084
B2004021911276N10002647WA0318703206010010031041053
B2004041911284N10002640WA0318903207010010036039054
B2004061911293N10002634WA0319203210010010032030039
B2004081911301N10002629WA0319503213010010029022056
B2004101911311N10002626WA0319703216010010037015072
B2004121911322N10002623WA0320003218010010038021046
B2004141911334N10002618WA0320303220010010041022045
B2004151911339N10002615WA0320403221010010043020033
E200415Waypoint th5001 reached
B2004171911352N10002611WA0320603221010010046017044
B2004191911365N10002608WA0320803225010010044011041
B2004211911378N10002606WA0321003226010010039007348
B2004231911390N10002607WA0321203228010010041337304
B2004251911399N10002617WA0321403226010010044301276
B2004271911405N10002630WA0321503227010010041288300
B2004291911406N10002641WA0321603229010010031266238
B2004311911403N10002650WA0321703228010010028231194
B2004331911396N10002654WA0321803228010010027181151
B2004351911388N10002650WA0321803227010010034136134
B2004371911381N10002641WA0321803227010010036116140
B2004391911376N10002631WA0321803228010010031122135
B2004411911372N10002623WA0321903230010010032101097
B2004431911373N10002610WA0321903230010010046074110
B2004451911378N10002596WA0322003232010010048066095
B2004471911387N10002584WA0322103234010010052037036
B2004491911402N10002577WA0322203239010010050019079
B2004511911414N10002572WA0322503245010010038020093
B2004531911424N10002568WA0322803249010010034023051
B2004551911435N10002563WA0323103252010010041028024
B2004571911446N10002556WA0323403255010010038029018
B2004591911456N10002550WA0323703256010010039029032
B2005011911467N10002543WA0323903258010010048031040
B2005031911480N10002536WA0324203261010010048023023
B2005051911493N10002530WA0324403263010010044025045
B2005071911505N10002524WA0324603262010010044024017
B2005091911518N10002519WA0324803264010010049023039
B2005111911531N10002513WA0325003266010010043021009
B2005131911543N10002510WA0325103266010010042009007
B2005151911556N10002508WA0325203265010010050014026
B2005171911570N10002501WA0325203265010010048032027
B2005191911582N10002493WA0325303266010010045029004
B2005211911593N10002486WA0325403268010010043037036
B2005231911603N10002478WA0325503270010010037035030
B2005251911613N10002472WA0325603269010010043020022
B2005271911627N10002467WA0325703271010010048025017
B2005291911639N10002460WA0325803273010010043024010
B2005311911652N10002456WA0325903274010010046012358
B2005331911666N10002455WA0326003274010010049001341
B2005351911682N10002455WA0326103275010010051004330
B2005371911697N10002453WA0326203276010010049005356
B2005391911712N10002452WA0326303275010010050359347
B2005411911727N10002454WA0326303273010010054352350
B2005431911744N10002457WA0326303272010010056349345
B2005451911761N10002460WA0326203272010010057351357
B2005471911777N10002462WA0326203271010010054355356
B2005491911793N10002464WA0326103268010010052353358
B2005511911810N10002466WA0326003264010010063353356
B2005531911830N10002467WA0325803263010010066358340
B2005551911849N10002468WA0325703262010010060359346
B2005571911866N10002468WA0325503262010010056358004
B2005591911883N10002469WA0325403259010010058357024
B2006011911901N10002470WA0325303258010010060356356
B2006031911919N10002471WA0325103257010010055001003
B2006051911935N10002471WA0325003253010010057360006
B2006071911953N10002471WA0324703249010010061001357
B2006091911972N10002470WA0324503245010010062003002
B2006111911991N10002469WA0324103239010010065002017
B2006131912011N10002468WA0323703235010010069359011
B2006151912031N10002469WA0323403235010010059356028
B2006171912046N10002472WA0323203235010010045348000
B2006191912058N10002475WA0323003230010010037348020
B2006211912069N10002477WA0322603219010010046348001
B2006231912086N10002482WA0322003209010010068346354
B2006251912108N10002487WA0321403205010010074347355
B2006271912129N10002492WA0320803203010010068352355
B2006291912147N10002493WA0320503211010010050356354
B2006311912160N10002494WA0320503215010010038354349
B2006331912171N10002495WA0320403215010010041357351
B2006351912186N10002495WA0320403211010010056001342
B2006371912204N10002495WA0320203211010010061001344
B2006391912220N10002495WA0320203216010010047359358
B2006411912234N10002495WA0320303218010010044357353
B2006431912247N10002496WA0320303216010010048355350
B2006451912263N10002498WA0320303215010010051351343
B2006471912277N10002501WA0320303217010010046349351
B2006491912290N10002503WA0320403217010010040350338
B2006511912302N10002506WA0320403217010010041346342
B2006531912314N10002510WA0320403216010010044337339
B2006551912326N10002515WA0320303217010010042337343
B2006571912336N10002521WA0320403218010010037335337
B2006591912347N10002525WA0320403218010010041338332
B2007011912359N10002530WA0320403216010010045340332
B2007031912372N10002535WA0320403215010010043340338
B2007051912384N10002540WA0320303214010010044340328
B2007071912397N10002545WA0320203212010010046336330
B2007091912409N10002552WA0320103212010010044333326
B2007101912415N10002555WA0320103211010010042332324
E200710Waypoint th5423 reached
B2007121912426N10002561WA0320003210010010040330323
B2007141912436N10002568WA0319903208010010043332323
B2007161912448N10002574WA0319803206010010042332321
B2007181912458N10002581WA0319703205010010040328321
B2007201912469N10002588WA0319503203010010042329322
B2007221912480N10002595WA0319403202010010042332323
B2007241912491N10002601WA0319303200010010042339326
B2007261912503N10002605WA0319103198010010043340326
B2007281912515N10002609WA0318903195010010043341329
B2007301912527N10002614WA0318703193010010044337334
B2007321912540N10002620WA0318503189010010047338337
B2007341912554N10002625WA0318303186010010052342337
B2007361912570N10002630WA0318003183010010054343333
B2007381912585N10002635WA0317703179010010052342339
B2007401912600N10002640WA0317403176010010050340333
B2007421912614N10002646WA0317103172010010052334324
B2007441912628N10002654WA0316803168010010054328322
B2007461912641N10002664WA0316503166010010050321298
B2007481912651N10002675WA0316203164010010049312295
B2007501912661N10002687WA0315903160010010048307278
B2007521912668N10002700WA0315703158010010047294278
B2007541912673N10002714WA0315403156010010045291272
B2007561912677N10002727WA0315203154010010045293291
B2007581912683N10002741WA0315003151010010048292304
B2008001912687N10002755WA0314803149010010045290295
B2008021912692N10002768WA0314503144010010045293294
B2008041912698N10002782WA0314203138010010051294297
B2008061912705N10002798WA0313803135010010054292290
B2008081912710N10002813WA0313503134010010048289285
B2008101912714N10002826WA0313303133010010040291293
B2008121912719N10002838WA0313103130010010042294287
B2008141912724N10002850WA0312903130010010042295294
B2008161912728N10002861WA0312803133010010029290293
B2008181912731N10002869WA0312803134010010027288291
B2008201912734N10002879WA0312803134010010041286297
B2008221912738N10002892WA0312903139010010042285281
B2008241912740N10002904WA0313203147010010037286281
B2008261912744N10002914WA0313503154010010028293274
B2008281912747N10002921WA0314003157010010025297284
B2008301912751N10002930WA0314303156010010035294286
B2008321912755N10002941WA0314503159010010039286280
B2008341912758N10002952WA0314903163010010033285283
B2008361912760N10002962WA0315103164010010034284280
B2008381912763N10002974WA0315403167010010040281279
E200838Waypoint B11 reached
B2008401912766N10002986WA0315703171010010039291278
B2008421912772N10002997WA0316003174010010040314319
B2008441912783N10003003WA0316303175010010047346008
B2008461912798N10003002WA0316503176010010054017051
B2008481912812N10002992WA0316703179010010052051143
B2008501912817N10002978WA0316903182010010040084121
B2008521912816N10002967WA0317103186010010032101085
B2008541912813N10002958WA0317403190010010027109099
B2008561912809N10002950WA0317703192010010027133136
B2008581912802N10002945WA0318003194010010027160185
B2009001912794N10002946WA0318203196010010027207224
B2009021912790N10002954WA0318403196010010035271256
B2009041912797N10002965WA0318503196010010052322345
B2009061912813N10002970WA0318603194010010058008045
B2009081912828N10002961WA0318703196010010053045117
B2009101912836N10002949WA0318803201010010041059106
B2009121912841N10002938WA0319003205010010033076112
B2009141912840N10002928WA0319203209010010033106124
B2009161912837N10002919WA0319503215010010029113150
B2009181912833N10002912WA0319903221010010019143206
B2009201912827N10002914WA0320303223010010027231242
B2009221912826N10002924WA0320603224010010041290323
B2009241912837N10002934WA0320803224010010054345009
B2009261912854N10002932WA0321003225010010056019079
B2009281912869N10002925WA0321203231010010048028092
B2009301912881N10002917WA0321503238010010043044112
B2009321912888N10002905WA0321903242010010044070124
B2009341912889N10002892WA0322303248010010036093130
B2009361912887N10002883WA0322703253010010025118141
B2009381912882N10002877WA0323103258010010022138136
B2009401912876N10002874WA0323603264010010021173187
B2009421912870N10002877WA0324103270010010024231259
B2009441912869N10002885WA0324603277010010028279264
B2009461912874N10002894WA0325103278010010042322299
B2009481912889N10002900WA0325503279010010058358046
B2009501912906N10002895WA0325803283010010054029070
B2009521912917N10002884WA0326203288010010045052088
B2009541912922N10002872WA0326603291010010041077133
B2009561912922N10002860WA0327003297010010035102131
B2009581912919N10002850WA0327403304010010028108155
B2010001912916N10002843WA0327903310010010025132172
B2010021912909N10002840WA0328403314010010023177212
B2010041912902N10002842WA0328903321010010023216225
B2010061912899N10002849WA0329403326010010031270280
B2010081912904N10002860WA0329903330010010046312324
B2010101912918N10002867WA0330303334010010053354051
B2010121912933N10002864WA0330803339010010052032118
B2010141912943N10002853WA0331303346010010040063169
B2010161912944N10002842WA0331803350010010034107180
B2010181912938N10002834WA0332303356010010026146178
B2010201912931N10002833WA0332803360010010026201207
B2010221912925N10002840WA0333203364010010036254246
B2010241912927N10002853WA0333703367010010046304293
B2010261912940N10002861WA0334003369010010051346311
B2010281912954N10002862WA0334403372010010046005355
B2010301912968N10002859WA0334703378010010044018038
B2010321912980N10002852WA0335103381010010045039071
B2010341912988N10002841WA0335503385010010042067100
B2010361912989N10002830WA0335903390010010030102113
B2010381912985N10002823WA0336203393010010023140141
B2010401912978N10002821WA0336603395010010027196191
B2010421912971N10002828WA0336903400010010034244249
B2010441912973N10002840WA0337303405010010046303313
B2010461912985N10002850WA0337703408010010056339350
B2010481913002N10002850WA0338103412010010054015077
B2010501913014N10002843WA0338503417010010044048070
B2010521913020N10002832WA0338903421010010034076095
B2010541913019N10002822WA0339303424010010027112136
B2010561913014N10002817WA0339603426010010026155164
B2010581913006N10002816WA0339903430010010028198216
B2011001912999N10002823WA0340303433010010034248248
B2011021913000N10002834WA0340603436010010044290277
B2011041913009N10002847WA0341003439010010051325301
B2011061913023N10002851WA0341203441010010050360356
B2011081913037N10002847WA0341503443010010047030047
B2011101913047N10002838WA0341803446010010038053086
B2011121913051N10002829WA0342003448010010029084104
B2011141913050N10002820WA0342303450010010027107134
B2011161913046N10002813WA0342503452010010025130163
B2011181913040N10002808WA0342703455010010022150164
B2011201913034N10002807WA0342903456010010024190192
B2011221913027N10002812WA0343103457010010031235222
B2011241913025N10002822WA0343203458010010040276280
B2011261913030N10002835WA0343303459010010045310330
B2011281913042N10002844WA0343403460010010053334321
B2011301913058N10002848WA0343503464010010054001046
B2011321913073N10002843WA0343703466010010048037091
B2011341913079N10002832WA0343903467010010038083144
B2011361913077N10002821WA0344003468010010031123112
B2011381913071N10002814WA0344103470010010027141121
B2011401913064N10002809WA0344303470010010027143133
B2011421913057N10002804WA0344403469010010034147126
B2011441913048N10002798WA0344403471010010031144136
B2011461913041N10002792WA0344603474010010027138136
B2011481913034N10002787WA0344703474010010029147138
B2011501913027N10002782WA0344803474010010031151124
B2011521913018N10002778WA0344803476010010033154125
B2011541913009N10002773WA0344903478010010033154130
B2011561913000N10002768WA0345103480010010030148116
B2011581912994N10002763WA0345203481010010023137117
B2012001912989N10002758WA0345303479010010028139128
B2012021912981N10002752WA0345203476010010032148137
B2012041912972N10002747WA0345103472010010040150139
B2012061912961N10002741WA0344903467010010040153138
B2012081912951N10002735WA0344603464010010040149143
B2012101912940N10002728WA0344303459010010042148146
B2012121912929N10002721WA0343903454010010043152145
B2012141912918N10002715WA0343603451010010042154146
B2012161912907N10002709WA0343203448010010039155154
B2012181912896N10002704WA0342903446010010037158145
B2012201912885N10002700WA0342603441010010042162147
B2012221912873N10002696WA0342203438010010044158149
B2012241912861N10002690WA0341903435010010044153140
B2012261912849N10002684WA0341603432010010044154132
B2012281912837N10002678WA0341303429010010042156136
B2012301912826N10002673WA0341003428010010039161143
B2012321912815N10002670WA0340703426010010036166144
B2012341912805N10002667WA0340503424010010030165147
B2012361912797N10002665WA0340203419010010032167146
B2012381912787N10002661WA0339903414010010038158146
B2012401912776N10002656WA0339603412010010040154139
B2012421912765N10002651WA0339403410010010035154136
B2012441912756N10002646WA0339203409010010033153137
B2012461912747N10002641WA0338903405010010036151140
B2012481912737N10002635WA0338603401010010039153139
B2012501912726N10002629WA0338203398010010041151130
B2012521912716N10002623WA0337903396010010040147133
B2012541912706N10002616WA0337703394010010040150137
B2012561912695N10002611WA0337403392010010039159149
B2012581912684N10002607WA0337203390010010039164140
B2013001912673N10002603WA0337003390010010040164153
B2013021912661N10002600WA0336903390010010043165163
B2013041912648N10002596WA0336803391010010043162142
B2013061912636N10002591WA0336803391010010042154145
B2013081912625N10002585WA0336703391010010039159162
B2013101912613N10002582WA0336703390010010045170191
B2013121912600N10002580WA0336603388010010043169150
B2013141912588N10002579WA0336603388010010036178176
B2013161912580N10002579WA0336603390010010019188155
B2013181912575N10002580WA0336603387010010021181147
B2013201912567N10002579WA0336403380010010033170171
B2013221912557N10002576WA0336103377010010035168176
B2013241912547N10002574WA0335803374010010033166182
B2013261912538N10002571WA0335503370010010033166175
B2013281912528N10002569WA0335203365010010036164186
B2013301912517N10002564WA0334803361010010037158173
B2013321912507N10002559WA0334503357010010039155193
B2013341912495N10002554WA0334103355010010042159180
B2013361912483N10002550WA0333903354010010043156187
B2013381912472N10002544WA0333703353010010041152186
B2013401912461N10002537WA0333503353010010042148189
B2013421912450N10002530WA0333403352010010045150182
B2013441912439N10002524WA0333303354010010042149174
B2013461912429N10002517WA0333403359010010033145175
B2013481912421N10002512WA0333503360010010026155173
B2013501912414N10002509WA0333603357010010035158176
B2013521912402N10002504WA0333503352010010044159177
B2013541912389N10002499WA0333403351010010046162177
B2013561912377N10002495WA0333303354010010040159178
B2013581912367N10002491WA0333303355010010033156174
B2014001912358N10002487WA0333303355010010033155178
B2014021912348N10002482WA0333203353010010039155169
B2014041912337N10002476WA0333103351010010042153185
B2014061912326N10002470WA0333003350010010041154182
B2014081912315N10002465WA0332903350010010037152181
B2014101912305N10002459WA0332803348010010041152167
B2014121912294N10002453WA0332803348010010040151167
B2014141912285N10002447WA0332703347010010034147166
B2014161912277N10002441WA0332603345010010034147161
B2014181912268N10002436WA0332503345010010033154172
B2014201912260N10002432WA0332503344010010028156171
B2014221912252N10002428WA0332303339010010030164162
B2014241912243N10002425WA0332103333010010033166184
B2014261912232N10002422WA0331703328010010039159173
B2014281912221N10002417WA0331403325010010039156171
B2014301912211N10002412WA0331103323010010035155169
B2014321912203N10002407WA0330803319010010032148168
B2014341912193N10002402WA0330503314010010040158172
B2014361912181N10002398WA0330103311010010042163166
B2014381912170N10002394WA0329903312010010034156162
B2014401912162N10002390WA0329703309010010036162166
B2014421912151N10002386WA0329403306010010044161184
B2014441912139N10002380WA0329303311010010035152179
B2014461912129N10002376WA0329303315010010033157168
B2014481912120N10002372WA0329503317010010032155184
B2014501912110N10002367WA0329703321010010043148154
B2014521912099N10002360WA0330003329010010033148175
B2014541912092N10002355WA0330503336010010027135172
B2014561912087N10002349WA0330903338010010023139177
B2014581912081N10002344WA0331303336010010026147150
B2015001912073N10002339WA0331403330010010036154176
B2015021912062N10002334WA0331403328010010044159173
B2015041912049N10002329WA0331403328010010043158168
B2015061912038N10002324WA0331303330010010036152169
B2015081912029N10002318WA0331403333010010033144173
B2015101912022N10002312WA0331403336010010030137165
B2015121912015N10002306WA0331503338010010030146163
B2015141912007N10002300WA0331603340010010031143168
B2015161912000N10002294WA0331803342010010031143168
B2015181911991N10002288WA0331903341010010037152160
B2015201911980N10002283WA0331903343010010039158165
B2015221911971N10002278WA0332103346010010030147152
B2015241911964N10002273WA0332203346010010032147170
B2015261911954N10002268WA0332203344010010041157174
B2015281911944N10002262WA0332303351010010030145170
B2015301911936N10002257WA0332503356010010024142156
B2015321911931N10002252WA0332803356010010025140162
B2015341911925N10002246WA0332903356010010035137155
B2015361911916N10002238WA0332903354010010036141171
B2015381911908N10002232WA0333003358010010032139149
B2015401911902N10002225WA0333103359010010031144144
B2015421911894N10002221WA0333203361010010029154150
B2015441911886N10002217WA0333303364010010023158151
B2015461911880N10002214WA0333503366010010026157153
B2015481911872N10002211WA0333603367010010030159158
B2015501911863N10002208WA0333703370010010030164152
B2015521911855N10002206WA0333903374010010025166156
B2015541911848N10002204WA0334203378010010023163171
B2015561911842N10002202WA0334403381010010023163165
B2015581911834N10002199WA0334703383010010030155158
B2016001911826N10002194WA0334903385010010030153161
B2016021911818N10002190WA0335103388010010031153157
B2016041911809N10002186WA0335403390010010033156159
B2016061911799N10002182WA0335603394010010036159158
B2016081911791N10002178WA0336003401010010028155161
B2016101911784N10002174WA0336303402010010026158180
B2016121911775N10002172WA0336603403010010033176222
B2016141911768N10002175WA0336903406010010027239293
B2016161911770N10002185WA0337103404010010048305337
B2016181911784N10002196WA0337203404010010056337017
B2016201911797N10002202WA0337303410010010042337002
B2016221911809N10002206WA0337603413010010041348007
B2016241911823N10002207WA0337803413010010047002007
B2016261911836N10002203WA0337903413010010047026058
B2016281911847N10002194WA0338103415010010044048067
B2016301911853N10002183WA0338303418010010039071113
B2016321911855N10002171WA0338503421010010033086121
B2016341911855N10002161WA0338803423010010032102137
B2016361911850N10002152WA0339003425010010034137172
B2016381911841N10002149WA0339203427010010028187223
B2016401911835N10002155WA0339503428010010032259281
B2016421911839N10002166WA0339603427010010043311320
B2016441911851N10002173WA0339803428010010050350011
B2016461911867N10002172WA0339903429010010052017048
B2016481911880N10002164WA0340003434010010047039102
B2016501911888N10002153WA0340303437010010042062116
B2016521911892N10002141WA0340603441010010038081114
B2016541911891N10002131WA0340803443010010030117143
B2016561911884N10002124WA0341103444010010033141143
B2016581911876N10002119WA0341303448010010025166208
B2017001911870N10002121WA0341603447010010025233281
B2017021911871N10002130WA0341703444010010040291261
B2017041911878N10002143WA0341603442010010048309271
B2017061911888N10002155WA0341603440010010049315258
B2017081911900N10002165WA0341503440010010052333300
B2017101911915N10002170WA0341403442010010048346285
B2017121911927N10002174WA0341503446010010035343298
B2017141911937N10002178WA0341603447010010040334307
B2017161911949N10002184WA0341703448010010050335320
B2017181911964N10002189WA0341803453010010049349354
B2017201911978N10002188WA0342103455010010052021041
B2017221911991N10002178WA0342203455010010053051058
B2017241911997N10002163WA0342403456010010046078102
B2017261911997N10002150WA0342503458010010035104114
B2017281911992N10002142WA0342703459010010027140140
B2017301911985N10002139WA0342903462010010022180170
B2017321911980N10002143WA0343103464010010027253207
B2017341911981N10002154WA0343303467010010043295279
B2017361911991N10002164WA0343503468010010049337007
B2017381912006N10002166WA0343703471010010052008051
B2017401912021N10002159WA0343903472010010053040096
B2017421912029N10002145WA0344103471010010051081157
B2017441912026N10002132WA0344203474010010033134240
B2017461912018N10002131WA0344403474010010024216279
B2017481912015N10002138WA0344503478010010024267290
B2017501912018N10002146WA0344803480010010031296293
B2017521912024N10002155WA0344903479010010040314323
B2017541912035N10002164WA0345003478010010049321286
B2017561912044N10002176WA0345103478010010043294250
B2017581912046N10002188WA0345103479010010032270247
B2018001912045N10002197WA0345303481010010028264256
B2018021912044N10002206WA0345303481010010027265241
B2018041912044N10002215WA0345403479010010030270230
B2018061912043N10002224WA0345403479010010027260188
B2018081912041N10002232WA0345503479010010026250222
B2018101912038N10002239WA0345503480010010023248224
B2018121912036N10002246WA0345503481010010023255223
B2018141912034N10002254WA0345503481010010027255214
B2018161912031N10002262WA0345603483010010028249235
B2018181912028N10002270WA0345703486010010025250232
B2018201912026N10002277WA0345903489010010021249212
B2018221912024N10002284WA0346003489010010027255261
B2018241912024N10002295WA0346103489010010043285278
B2018261912033N10002307WA0346203489010010052326014
B2018281912048N10002311WA0346303491010010050008045
B2018301912062N10002304WA0346403493010010053041066
B2018321912070N10002291WA0346603496010010046070115
B2018341912070N10002278WA0346803498010010037114158
B2018361912064N10002271WA0346903499010010025149142
B2018381912057N10002269WA0347103501010010026186196
B2018401912050N10002273WA0347303503010010030234221
B2018421912047N10002284WA0347403504010010041276260
B2018441912053N10002297WA0347603506010010045313296
B2018461912066N10002304WA0347703506010010048352339
B2018481912081N10002302WA0347803507010010051018004
B2018501912094N10002294WA0347903508010010048045068
B2018521912100N10002281WA0348003508010010042076088
B2018541912100N10002269WA0348103509010010033106125
B2018561912094N10002261WA0348103509010010028148152
B2018581912087N10002260WA0348203508010010027187151
B2019001912078N10002260WA0348203508010010029172123
B2019021912070N10002257WA0348203507010010030153158
B2019041912062N10002253WA0348203510010010029155151
B2019061912055N10002250WA0348303514010010016162147
B2019081912052N10002249WA0348503516010010012162157
B2019101912047N10002248WA0348603515010010022160156
B2019121912040N10002244WA0348603517010010024145153
B2019141912035N10002240WA0348703517010010021147149
B2019161912029N10002237WA0348803517010010023158155
B2019181912022N10002235WA0348803517010010023170142
B2019201912015N10002234WA0348803516010010021176163
B2019221912009N10002233WA0348803516010010025162158
B2019241912001N10002230WA0348703514010010029163154
B2019261911993N10002228WA0348703517010010024164148
B2019281911987N10002226WA0348703519010010020169145
B2019301911981N10002225WA0348803518010010019166154
B2019321911975N10002223WA0348803517010010023162151
B2019341911968N10002221WA0348703515010010022171152
B2019361911960N10002220WA0348603513010010027167152
B2019381911952N10002217WA0348503513010010029162159
B2019401911945N10002215WA0348503514010010024171153
B2019421911938N10002214WA0348403513010010023174165
B2019441911930N10002213WA0348403510010010026173165
B2019461911922N10002212WA0348203508010010025178167
B2019481911915N10002212WA0348103506010010026180160
B2019501911906N10002212WA0347903502010010032181160
B2019521911896N10002213WA0347703500010010031182163
B2019541911887N10002213WA0347503501010010027187160
B2019561911880N10002215WA0347403500010010024188166
B2019581911873N10002215WA0347303499010010024177156
B2020001911866N10002215WA0347203499010010020173158
B2020021911861N10002214WA0347103499010010014162151
B2020041911857N10002212WA0347003495010010017169176
B2020061911851N10002211WA0346903491010010023168156
B2020081911843N10002210WA0346603487010010027174172
B2020101911835N10002210WA0346303482010010029190158
B2020121911827N10002212WA0346003479010010028197170
B2020141911819N10002214WA0345703477010010020183171
B2020161911813N10002213WA0345403472010010022169175
B2020181911806N10002211WA0345003467010010032162168
B2020201911796N10002208WA0344603463010010035164180
B2020221911786N10002205WA0344303461010010034164159
B2020241911777N10002201WA0344103462010010033156136
B2020261911768N10002198WA0343903460010010031160146
B2020281911760N10002194WA0343703461010010025155161
B2020301911754N10002190WA0343603460010010026145156
B2020321911747N10002185WA0343503460010010029145154
B2020341911739N10002180WA0343503460010010032149154
B2020361911731N10002175WA0343403462010010030158146
B2020381911723N10002172WA0343503465010010028158146
B2020401911715N10002168WA0343603466010010029156153
B2020421911708N10002164WA0343703468010010030149162
B2020441911699N10002160WA0343803469010010033155144
B2020461911690N10002155WA0343903472010010033153149
B2020481911682N10002151WA0344103476010010029157155
B2020501911675N10002148WA0344403479010010024158144
B2020521911669N10002145WA0344603480010010023150159
B2020541911662N10002140WA0344703479010010031146157
B2020561911654N10002135WA0344803480010010034153160
B2020581911645N10002130WA0345003484010010029155156
B2021001911638N10002126WA0345203487010010026154154
B2021021911630N10002123WA0345403488010010030163152
B2021041911621N10002120WA0345503490010010031163156
B2021061911613N10002118WA0345703490010010022160157
B2021081911606N10002114WA0345703488010010030161170
B2021101911596N10002111WA0345703484010010042161185
B2021121911582N10002106WA0345603484010010051163155
B2021141911569N10002103WA0345503484010010041169168
B2021161911557N10002100WA0345403482010010042167173
B2021181911544N10002096WA0345303478010010052163166
B2021201911528N10002091WA0345103477010010051162165
B2021221911515N10002087WA0345103483010010038172187
B2021241911506N10002086WA0345203490010010026172163
B2021261911498N10002084WA0345503492010010025167157
B2021281911491N10002082WA0345703493010010028170174
B2021301911482N10002081WA0345803492010010033171176
B2021321911472N10002079WA0345903493010010033166169
B2021341911462N10002076WA0346003493010010035166171
B2021361911452N10002073WA0346103496010010036167180
B2021381911442N10002071WA0346303499010010028163163
B2021401911435N10002068WA0346503499010010026163162
B2021421911425N10002066WA0346503496010010038166169
B2021441911413N10002063WA0346503496010010040162176
B2021461911403N10002060WA0346603497010010035163175
B2021481911393N10002058WA0346603496010010034173168
B2021501911382N10002056WA0346503491010010038172187
B2021521911370N10002054WA0346303484010010049173173
B2021541911353N10002053WA0346003480010010054181182
B2021561911340N10002054WA0345803484010010038185183
B2021581911331N10002055WA0345703487010010026189179
B2022001911324N10002056WA0345703486010010025193169
B2022021911316N10002058WA0345603483010010025194171
B2022041911309N10002060WA0345503479010010027191183
B2022061911300N10002061WA0345303473010010034187183
B2022081911289N10002063WA0345003470010010037182176
B2022101911278N10002063WA0344703467010010031181179
B2022121911271N10002064WA0344503466010010023185178
B2022141911264N10002065WA0344203459010010026191170
B2022161911254N10002066WA0343803450010010037184186
B2022181911242N10002065WA0343403446010010046175177
B2022201911227N10002064WA0342903441010010045172165
B2022221911215N10002063WA0342503438010010036175184
B2022241911205N10002062WA0342103433010010035175174
B2022261911193N10002060WA0341603425010010041173180
B2022281911181N10002059WA0341203424010010041171178
B2022301911170N10002056WA0340803423010010033163168
B2022321911162N10002054WA0340603424010010023166171
B2022341911155N10002052WA0340403422010010025170166
B2022361911147N10002050WA0340203419010010032170181
B2022381911137N10002048WA0340003419010010029164171
B2022401911130N10002046WA0339903418010010026167171
B2022421911121N10002044WA0339703414010010028171176
B2022441911113N10002042WA0339503410010010031171171
B2022461911104N10002041WA0339203407010010028174166
B2022481911096N10002040WA0339003403010010027167167
B2022501911088N10002037WA0338703399010010028160165
B2022521911079N10002034WA0338403396010010030161175
B2022541911071N10002032WA0338103391010010031167191
B2022561911062N10002029WA0337703386010010029167179
B2022581911054N10002027WA0337303382010010026162174
B2023001911046N10002024WA0336903376010010028161174
B2023021911037N10002021WA0336403367010010036161171
B2023041911026N10002017WA0335803362010010041156157
B2023061911015N10002012WA0335303362010010035160165
B2023081911006N10002009WA0335003362010010029162181
B2023101910997N10002006WA0334703360010010034162180
B2023121910986N10002002WA0334403357010010042159176
B2023141910974N10001997WA0334103359010010042157174
B2023161910964N10001993WA0334003360010010034156163
B2023181910956N10001988WA0333903357010010034150153
B2023201910946N10001982WA0333703351010010041153172
B2023221910934N10001976WA0333403348010010046159177
B2023241910921N10001972WA0333103346010010041159173
B2023261910911N10001967WA0332903343010010037154167
B2023281910901N10001961WA0332603340010010041153176
B2023301910889N10001955WA0332303337010010043154161
B2023321910879N10001949WA0332103337010010037147164
B2023341910870N10001943WA0331903336010010034145163
B2023361910862N10001936WA0331703333010010036144176
B2023381910852N10001930WA0331403326010010040149175
B2023401910841N10001923WA0331003320010010047152170
B2023421910828N10001916WA0330503313010010049153171
B2023441910815N10001909WA0330103310010010047152172
B2023461910803N10001902WA0329703305010010046146166
B2023481910792N10001893WA0329303303010010046146168
B2023501910780N10001886WA0328903299010010044150167
B2023521910768N10001879WA0328603293010010046155171
B2023541910755N10001873WA0328203289010010048157170
B2023561910742N10001867WA0327803286010010044154175
B2023581910731N10001861WA0327403285010010040157177
B2024001910720N10001857WA0327203282010010040156173
B2024021910709N10001851WA0326903278010010045154180
B2024041910697N10001844WA0326503275010010046151171
B2024061910685N10001837WA0326203272010010042153178
B2024081910674N10001832WA0325903268010010038167175
B2024101910663N10001831WA0325603264010010040177184
B2024121910650N10001831WA0325303260010010043178181
B2024141910637N10001830WA0324903257010010041175191
B2024161910625N10001829WA0324603255010010041171194
B2024181910612N10001827WA0324403252010010044179191
B2024201910599N10001828WA0324103249010010045180188
B2024221910586N10001827WA0323803248010010043178187
B2024241910573N10001827WA0323603246010010041179196
B2024261910560N10001827WA0323403243010010044179189
B2024281910547N10001826WA0323203241010010045170191
B2024301910534N10001823WA0322903238010010041168186
B2024321910522N10001821WA0322703236010010040176197
B2024341910510N10001821WA0322403232010010039175200
B2024361910498N10001819WA0322103227010010041174201
B2024381910485N10001818WA0321803224010010045179176
B2024401910472N10001819WA0321403217010010046185197
B2024421910458N10001821WA0321003211010010048184194
B2024441910443N10001821WA0320503207010010048179189
B2024461910428N10001821WA0320103204010010047179191
B2024481910414N10001820WA0319703199010010046178198
B2024501910400N10001820WA0319303194010010049179172
B2024521910385N10001820WA0318803187010010051181193
B2024541910369N10001820WA0318303180010010057181194
B2024561910352N10001821WA0317803177010010056182208
B2024581910336N10001821WA0317303176010010047181205
B2025001910323N10001821WA0317003173010010044183204
B2025021910310N10001823WA0316603168010010047185188
B2025041910295N10001824WA0316203164010010051187190
B2025061910280N10001826WA0315903161010010045186184
B2025081910268N10001826WA0315503160010010037180194
B2025101910257N10001826WA0315203156010010037181189
B2025121910245N10001826WA0314903151010010043178188
B2025141910232N10001826WA0314503146010010042175186
B2025161910219N10001825WA0314103145010010039177185
B2025181910208N10001824WA0313803143010010037177181
B2025201910197N10001823WA0313503139010010037177180
B2025221910186N10001823WA0313303136010010037181185
B2025241910175N10001824WA0313003133010010036185179
B2025261910164N10001825WA0312703131010010036182173
B2025281910153N10001826WA0312403128010010035183187
B2025301910143N10001826WA0312103125010010037182199
B2025321910131N10001826WA0311903120010010040187194
B2025341910119N10001828WA0311503118010010043189199
B2025361910106N10001830WA0311303116010010044187196
B2025381910093N10001832WA0311003114010010040188193
B2025401910081N10001833WA0310803111010010041187195
B2025421910068N10001835WA0310503108010010045186210
B2025441910054N10001836WA0310303107010010048183207
B2025461910040N10001836WA0310103107010010045181196
B2025481910028N10001836WA0310003106010010041178202
B2025501910015N10001836WA0309903106010010042184200
B2025521910002N10001838WA0309703104010010044191202
B2025541909990N10001840WA0309703105010010043185192
B2025561909978N10001840WA0309703110010010031173196
B2025581909971N10001839WA0309803112010010025176199
B2026001909963N10001839WA0309903111010010027187202
B2026021909954N10001841WA0309903111010010029195208
B2026041909946N10001843WA0310003112010010028185204
B2026061909938N10001843WA0310003112010010025188211
B2026081909930N10001845WA0310003112010010030194208
B2026101909921N10001848WA0310103115010010031196209
B2026121909913N10001850WA0310303119010010026188204
B2026141909905N10001851WA0310403120010010029188199
B2026161909896N10001853WA0310603120010010034190195
B2026181909886N10001855WA0310703121010010031194201
B2026201909877N10001858WA0310803123010010028202194
B2026221909870N10001862WA0310903121010010026218206
B2026241909864N10001868WA0310803118010010031227207
B2026261909858N10001876WA0310803117010010032225199
B2026281909852N10001881WA0310803119010010020219207
B2026301909849N10001885WA0310803118010010012226204
B2026321909845N10001888WA0310703114010010021214210
B2026341909838N10001892WA0310603110010010033215205
B2026361909830N10001899WA0310303107010010036218198
B2026381909822N10001906WA0310103109010010032219211
B2026401909816N10001912WA0310103113010010018226212
B2026421909814N10001915WA0310203117010010007244202
B2026441909813N10001916WA0310403119010010009233195
B2026461909811N10001920WA0310503118010010019245211
B2026481909808N10001926WA0310603121010010017242212
B2026501909806N10001929WA0310803124010010013220182
B2026521909803N10001930WA0311003125010010010165187
B2026541909800N10001930WA0311203127010010010199205
B2026561909797N10001932WA0311303127010010013213194
B2026581909793N10001934WA0311403127010010018208188
B2027001909787N10001937WA0311503126010010022208213
B2027021909781N10001940WA0311503126010010024207181
B2027041909775N10001944WA0311503127010010022205168
B2027061909769N10001947WA0311503125010010023220202
B2027081909763N10001953WA0311503121010010032223201
B2027101909756N10001962WA0311303118010010039223199
B2027121909746N10001969WA0311203118010010039211207
B2027141909736N10001975WA0311003116010010037213198
B2027161909727N10001982WA0310803111010010036221210
B2027181909719N10001991WA0310603105010010045226211
B2027201909709N10002003WA0310203101010010055233213
B2027221909699N10002018WA0309903098010010060237206
B2027241909690N10002032WA0309703104010010042230209
B2027261909683N10002038WA0309803113010010022208187
B2027281909677N10002040WA0310003117010010017189196
B2027301909673N10002042WA0310203116010010017229197
B2027321909671N10002049WA0310303116010010025247190
B2027341909667N10002055WA0310403117010010023236216
B2027361909663N10002061WA0310503120010010025224190
B2027381909657N10002065WA0310703125010010019213209
B2027401909653N10002069WA0311003128010010020225197
B2027421909648N10002074WA0311203133010010024224206
B2027441909643N10002079WA0311603139010010020220188
B2027461909639N10002083WA0312003143010010018224214
B2027481909634N10002087WA0312403148010010025219220
B2027501909628N10002092WA0312803152010010022211213
B2027521909622N10002092WA0313203155010010025174199
B2027541909613N10002092WA0313503158010010027190221
B2027561909606N10002096WA0313903162010010024210211
B2027581909600N10002099WA0314303168010010020209201
B2028001909595N10002101WA0314803175010010017192179
B2028021909590N10002101WA0315203178010010020174194
B2028041909583N10002101WA0315603179010010024186200
B2028061909577N10002104WA0316003180010010024220191
B2028081909571N10002109WA0316203183010010025222192
B2028101909566N10002114WA0316503184010010024226194
B2028121909560N10002121WA0316803191010010023227213
B2028141909556N10002124WA0317203196010010014217210
B2028161909553N10002127WA0317603199010010016232212
B2028181909550N10002133WA0317903202010010021235216
B2028201909546N10002137WA0318303205010010016222193
B2028221909543N10002141WA0318603207010010019238199
B2028241909540N10002147WA0318803209010010024243202
B2028261909537N10002155WA0319103213010010022254215
B2028281909538N10002162WA0319403216010010029292260
B2028301909544N10002171WA0319703215010010043315260
B2028321909555N10002180WA0319803215010010046335311
B2028341909570N10002184WA0320003217010010053353310
B2028361909586N10002184WA0320103219010010055004359
B2028381909602N10002179WA0320303221010010057029024
B2028401909616N10002168WA0320503223010010053041015
B2028421909628N10002158WA0320703226010010050035040
B2028441909641N10002149WA0320903228010010052031038
B2028461909654N10002140WA0321103230010010053032054
B2028481909666N10002130WA0321303231010010049049078
B2028501909672N10002117WA0321403230010010047083142
B2028521909670N10002104WA0321603232010010032119201
B2028541909665N10002099WA0321703234010010017145167
B2028561909661N10002097WA0321803234010010015171171
B2028581909655N10002096WA0321903234010010022162148
B2029001909649N10002093WA0322003238010010021147173
B2029021909644N10002090WA0322203242010010018139166
B2029041909640N10002086WA0322503244010010018136165
B2029061909636N10002082WA0322703248010010017141147
B2029081909632N10002079WA0322903248010010018151176
B2029101909626N10002076WA0323103251010010026149161
B2029121909620N10002071WA0323303254010010021131156
B2029141909617N10002065WA0323603256010010024123164
B2029161909612N10002059WA0323703257010010030132167
B2029181909604N10002053WA0323903257010010032147170
B2029201909597N10002048WA0324103262010010025147165
B2029221909592N10002043WA0324303264010010021136177
B2029241909586N10002039WA0324503266010010022164210
B2029261909580N10002040WA0324703270010010020212214
B2029281909576N10002044WA0325003276010010016215202
B2029301909571N10002046WA0325403282010010020198199
B2029321909566N10002047WA0325803290010010019171214
B2029341909560N10002044WA0326303294010010025142184
B2029361909553N10002041WA0326803298010010025184247
B2029381909549N10002047WA0327203301010010036271274
B2029401909555N10002060WA0327603306010010049320360
B2029421909569N10002065WA0328003310010010054359352
B2029441909585N10002060WA0328403313010010057030035
B2029461909597N10002048WA0328803316010010052065106
B2029481909598N10002032WA0329203319010010043102169
B2029501909594N10002023WA0329603326010010026134189
B2029521909588N10002020WA0330003331010010018177195
B2029541909582N10002021WA0330503336010010024200183
B2029561909575N10002026WA0331003345010010024228229
B2029581909575N10002033WA0331603351010010032292254
B2030001909582N10002043WA0332103358010010046323296
B2030021909596N10002049WA0332803365010010050002032
B2030041909610N10002041WA0333403369010010058051119
B2030061909614N10002024WA0333903373010010047102160
B2030081909608N10002014WA0334503383010010025131143
B2030101909604N10002010WA0335203394010010016133150
B2030121909600N10002007WA0335903401010010019170179
B2030141909594N10002008WA0336703410010010021206189
B2030161909590N10002013WA0337403419010010022258217
B2030181909591N10002021WA0338203426010010031284231
B2030201909595N10002032WA0338903431010010040300241
B2030221909603N10002043WA0339603440010010048320335
B2030241909617N10002048WA0340403449010010049008050
B2030261909629N10002040WA0341103454010010048054097
B2030281909632N10002026WA0341703459010010042103168
B2030301909624N10002017WA0342403467010010036157205
B2030321909616N10002017WA0343103477010010022218231
B2030341909614N10002024WA0343803483010010029271257
B2030361909617N10002035WA0344403485010010042296254
B2030381909626N10002047WA0344903487010010053316290
B2030401909640N10002056WA0345303493010010058345008
B2030421909657N10002054WA0345803501010010049027076
B2030441909665N10002044WA0346403508010010040070123
B2030461909664N10002032WA0347003514010010035123171
B2030481909655N10002028WA0347603520010010031193190
B2030501909649N10002034WA0348203526010010030251221
B2030521909650N10002045WA0348703528010010044295271
B2030541909660N10002057WA0349103531010010053320278
B2030561909673N10002066WA0349403532010010052340344
B2030581909691N10002068WA0349703531010010064008037
B2031001909709N10002059WA0349903538010010062036069
B2031021909721N10002048WA0350403551010010040042104
B2031041909727N10002039WA0351003556010010033066136
B2031061909727N10002027WA0351603561010010039098143
B2031081909725N10002016WA0352103571010010031100157
B2031101909724N10002006WA0352803580010010027092111
B2031121909724N10001997WA0353503588010010032093113
B2031141909721N10001988WA0354103595010010031117136
B2031161909715N10001982WA0354903606010010025161143
B2031181909709N10001984WA0355603614010010023232227
B2031201909710N10001994WA0356403619010010043293298
B2031221909721N10002005WA0357003624010010059339021
B2031241909739N10002005WA0357703633010010056027079
B2031261909747N10001992WA0358303638010010045083132
B2031281909742N10001980WA0359003646010010039139133
B2031301909734N10001975WA0359703658010010027157128
B2031321909727N10001972WA0360503667010010023149108
B2031341909721N10001968WA0361203668010010027160133
B2031361909713N10001964WA0361703669010010030159143
B2031381909704N10001960WA0362003668010010032153137
B2031401909695N10001955WA0362103667010010035153138
B2031421909685N10001950WA0362203663010010037152141
B2031441909675N10001944WA0362103661010010039149137
B2031461909664N10001937WA0362003659010010042151146
B2031481909653N10001932WA0362003661010010041159147
B2031501909642N10001928WA0362003662010010036159149
B2031521909633N10001924WA0362003666010010030157134
B2031541909625N10001921WA0362203668010010026167133
B2031561909617N10001919WA0362303670010010026172142
B2031581909609N10001919WA0362403670010010025184148
B2032001909601N10001919WA0362503672010010031180146
B2032021909591N10001919WA0362803678010010027177150
B2032041909583N10001919WA0363103683010010023183148
B2032061909576N10001919WA0363403685010010028177140
B2032081909566N10001918WA0363703687010010033173145
B2032101909557N10001917WA0364003690010010028170152
B2032121909550N10001915WA0364303692010010022165135
B2032141909544N10001913WA0364503690010010025155139
B2032161909536N10001908WA0364703692010010032157165
B2032181909527N10001907WA0364903695010010026171175
B2032201909520N10001905WA0365103699010010024161173
B2032221909512N10001902WA0365403703010010029165167
B2032241909503N10001901WA0365703708010010033181157
B2032261909495N10001902WA0366103713010010024186164
B2032281909488N10001902WA0366403714010010025184167
B2032301909479N10001902WA0366703712010010038180165
B2032321909466N10001902WA0366803714010010040181169
B2032341909455N10001903WA0367003719010010033185164
B2032361909447N10001905WA0367303722010010028193173
B2032381909438N10001906WA0367503725010010033184164
B2032401909427N10001907WA0367803727010010036184175
B2032411909421N10001907WA0367903730010010035185162
E203241Waypoint A19 reached
B2032431909412N10001908WA0368303736010010026186162
B2032451909405N10001909WA0368603739010010027182166
B2032471909395N10001909WA0369003742010010036179165
B2032491909384N10001909WA0369403747010010029191168
B2032511909377N10001912WA0369803751010010022199155
B2032531909370N10001913WA0370103751010010029174148
B2032551909360N10001910WA0370303750010010035164148
B2032571909351N10001907WA0370503753010010030161157
B2032591909345N10001905WA0370703755010010016173134
B2033011909341N10001904WA0370903751010010020151153
B2033031909333N10001898WA0370703745010010040143153
B2033051909321N10001890WA0370603745010010047151156
B2033071909311N10001885WA0370503750010010029151162
B2033091909306N10001881WA0370603753010010022144158
B2033111909299N10001875WA0370603750010010033142161
B2033131909290N10001868WA0370503744010010043140155
B2033151909279N10001859WA0370303744010010045147160
B2033171909268N10001854WA0370203746010010036163165
B2033191909258N10001851WA0370203748010010031165163
B2033211909249N10001848WA0370203747010010039160160
B2033231909237N10001843WA0370203748010010042159162
B2033251909226N10001838WA0370303750010010039153171
B2033271909216N10001832WA0370403752010010040144186
B2033291909205N10001824WA0370503753010010041149159
B2033311909195N10001817WA0370603755010010040145151
B2033331909185N10001810WA0370703755010010043143165
B2033351909173N10001800WA0370803752010010053144167
B2033371909160N10001791WA0370703750010010055152165
B2033391909145N10001784WA0370703750010010051156154
B2033411909132N10001778WA0370603753010010047156164
B2033431909119N10001771WA0370703754010010050151169
B2033451909106N10001763WA0370703756010010048149163
B2033471909094N10001756WA0370803756010010045151167
B2033491909082N10001749WA0370903757010010044154158
B2033511909070N10001744WA0370903754010010040160157
B2033531909058N10001740WA0370803747010010048158167
B2033551909043N10001733WA0370403740010010059156160
B2033571909027N10001725WA0370103736010010055158143
B2033591909013N10001720WA0369803737010010044162152
B2034011909001N10001716WA0369603735010010042159153
B2034031908989N10001711WA0369303731010010045156150
B2034051908976N10001705WA0369003728010010048157151
B2034071908963N10001699WA0368803726010010045158158
B2034091908951N10001693WA0368503724010010041152153
B2034111908941N10001687WA0368303720010010040155157
B2034131908929N10001682WA0368003715010010046154151
B2034151908916N10001675WA0367603711010010052153149
B2034171908901N10001667WA0367203704010010055155147
B2034191908886N10001660WA0366803698010010056155150
B2034211908871N10001652WA0366303697010010057152152
B2034231908855N10001643WA0366003694010010056153146
B2034251908841N10001636WA0365703694010010051154155
B2034271908828N10001629WA0365503692010010048153153
B2034291908815N10001621WA0365203688010010048149152
B2034311908803N10001613WA0364903685010010049146144
B2034331908790N10001604WA0364703681010010049146135
B2034351908779N10001596WA0364403679010010043149138
B2034371908768N10001590WA0364103677010010036149143
B2034391908759N10001584WA0363903673010010040144161
B2034411908749N10001576WA0363603668010010046145162
B2034431908737N10001568WA0363203663010010049149180
B2034451908725N10001560WA0362803660010010047144157
B2034471908714N10001551WA0362603658010010036149136
B2034491908706N10001546WA0362203654010010032140122
B2034511908697N10001538WA0361903649010010044137167
B2034531908686N10001528WA0361403641010010052146151
B2034551908672N10001520WA0361003636010010052155149
B2034571908658N10001515WA0360503630010010047160150
B2034591908647N10001509WA0360003626010010040147133
B2035011908637N10001502WA0359503618010010039149157
B2035031908626N10001496WA0358903607010010047156155
B2035051908612N10001490WA0358203598010010052158150
B2035071908597N10001485WA0357403588010010050162156
B2035091908583N10001479WA0356603582010010055156160
B2035111908568N10001471WA0356003578010010059151165
B2035131908554N10001461WA0355403577010010056142155
B2035151908541N10001449WA0355003577010010055138156
B2035171908529N10001438WA0354703577010010049138151
B2035191908518N10001428WA0354503577010010045142150
B2035211908507N10001420WA0354303574010010046150174
B2035231908494N10001414WA0354103570010010048155174
B2035251908481N10001407WA0353903567010010050153164
B2035271908468N10001399WA0353503562010010051147173
B2035291908455N10001389WA0353303563010010048139163
B2035311908445N10001381WA0353203565010010040143168
B2035331908436N10001374WA0353103566010010037151164
B2035351908426N10001369WA0353103567010010035150172
B2035371908416N10001363WA0353103567010010042150179
B2035391908405N10001356WA0353103568010010042154185
B2035411908392N10001352WA0353203572010010039169171
B2035431908383N10001349WA0353503580010010026161166
B2035451908375N10001346WA0353803583010010032160183
B2035471908365N10001343WA0354003584010010039163179
B2035491908354N10001338WA0354303590010010036160189
B2035511908345N10001334WA0354803597010010031152192
B2035531908337N10001330WA0355203601010010031158196
B2035551908328N10001328WA0355503602010010033169191
B2035571908318N10001325WA0355803601010010035168196
B2035591908307N10001323WA0355903600010010036178194
B2036011908296N10001324WA0356003599010010041185187
B2036031908283N10001324WA0356003598010010044174173
B2036051908270N10001321WA0356103598010010046153173
B2036071908259N10001312WA0356103599010010045142195
B2036091908248N10001304WA0356103600010010049148172
B2036111908235N10001297WA0356303607010010039156174
B2036131908226N10001293WA0356703614010010029159176
B2036151908218N10001289WA0357003615010010034155162
B2036171908207N10001283WA0357203608010010046156168
B2036191908193N10001277WA0357103604010010056160178
B2036211908177N10001270WA0356903600010010057157182
B2036231908161N10001263WA0356703602010010058157169
B2036251908145N10001257WA0356503596010010052162167
B2036271908132N10001252WA0356103592010010051163169
B2036291908116N10001248WA0355803586010010056165177
B2036311908099N10001243WA0355303580010010064165170
B2036331908079N10001238WA0354803575010010067166162
B2036351908059N10001233WA0354403574010010064167181
B2036371908042N10001229WA0354103573010010054169143
B2036391908027N10001226WA0353803573010010047174188
B2036411908017N10001226WA0353703573010010034189161
B2036431908007N10001227WA0353503568010010041178154
B2036451907995N10001225WA0353203560010010053167161
B2036471907979N10001220WA0352803555010010056163148
B2036491907964N10001215WA0352503556010010045166161
B2036511907953N10001213WA0352303557010010036169140
B2036521907948N10001212WA0352203557010010036168139
E203652Waypoint B41 reached
B2036541907937N10001209WA0352103554010010034173209
B2036561907928N10001215WA0352003554010010043238262
B2036581907927N10001233WA0351803546010010067279264
B2037001907930N10001254WA0351403542010010066277228
B2037021907932N10001274WA0351203542010010056274253
B2037041907933N10001290WA0351003543010010048275228
B2037061907935N10001303WA0350903541010010039277258
B2037081907937N10001317WA0350703536010010048276253
B2037101907938N10001333WA0350503532010010056270256
B2037121907937N10001351WA0350303530010010054268256
B2037141907937N10001368WA0350103530010010049268248
B2037161907936N10001382WA0350003531010010045265248
B2037181907935N10001396WA0349803526010010045266250
B2037201907934N10001411WA0349603519010010050267240
B2037221907934N10001428WA0349203513010010059270240
B2037241907934N10001447WA0348803511010010061273245
B2037261907935N10001466WA0348503509010010056274245
B2037281907936N10001483WA0348303505010010053273244
B2037301907937N10001500WA0348003502010010056268245
B2037321907935N10001519WA0347703497010010060264242
B2037341907933N10001538WA0347303495010010060263234
B2037361907931N10001556WA0347103496010010053261244
B2037381907928N10001571WA0347003496010010046258240
B2037401907925N10001585WA0346803494010010048258238
B2037421907921N10001601WA0346603490010010050254234
B2037441907917N10001615WA0346503490010010046253235
B2037461907913N10001629WA0346403488010010045254235
B2037481907909N10001642WA0346203486010010044253242
B2037501907905N10001656WA0346003485010010043256242
B2037521907903N10001669WA0345903483010010040260245
B2037541907901N10001681WA0345703481010010039258232
B2037561907898N10001693WA0345603478010010040255241
B2037581907895N10001706WA0345403475010010041257244
B2038001907893N10001718WA0345203472010010036256244
B2038021907889N10001728WA0344903468010010035248254
B2038041907885N10001740WA0344603461010010043254245
B2038061907882N10001754WA0344203455010010052262232
B2038081907881N10001771WA0343803451010010055262226
B2038101907878N10001787WA0343403448010010046257215
B2038121907875N10001800WA0343103451010010037258230
B2038141907874N10001810WA0343003453010010031270235
B2038161907874N10001821WA0342903451010010035274236
B2038181907875N10001833WA0342703448010010044270236
B2038201907874N10001848WA0342603446010010047266240
B2038221907873N10001862WA0342403444010010043259241
B2038241907870N10001875WA0342303444010010038258242
B2038261907868N10001886WA0342203442010010036261228
B2038281907866N10001897WA0342003438010010040258233
B2038301907862N10001911WA0341703436010010048253231
B2038321907859N10001926WA0341503434010010047258230
B2038341907857N10001939WA0341403435010010039264229
B2038361907855N10001951WA0341303435010010037258228
B2038381907852N10001963WA0341203432010010046251228
B2038401907847N10001978WA0341203432010010047248217
B2038421907843N10001990WA0341103434010010036252226
B2038441907840N10002000WA0341003433010010030254217
B2038461907838N10002009WA0341003431010010032261243
B2038481907836N10002020WA0340803426010010038257252
B2038501907832N10002032WA0340603420010010045251249
B2038521907828N10002046WA0340303417010010046249242
B2038541907823N10002060WA0340003414010010044250249
B2038561907818N10002073WA0339703413010010047252249
B2038581907814N10002087WA0339503410010010048255251
B2039001907810N10002102WA0339303408010010044253248
B2039021907807N10002114WA0339103405010010041252246
B2039041907803N10002127WA0338803400010010040256239
B2039061907800N10002141WA0338503395010010049255241
B2039081907796N10002157WA0338103392010010051253246
B2039101907791N10002172WA0337803390010010050254247
B2039121907788N10002186WA0337603392010010041259249
B2039141907786N10002197WA0337503395010010031260249
B2039161907785N10002206WA0337503396010010027265249
B2039181907784N10002215WA0337503392010010034260244
B2039201907781N10002228WA0337303388010010047256254
B2039221907778N10002243WA0337103389010010049257256
B2039241907774N10002256WA0337103394010010038255243
B2039261907772N10002266WA0337203398010010025258239
B2039281907771N10002274WA0337403399010010027260249
B2039301907769N10002283WA0337503398010010035264247
B2039321907768N10002295WA0337503396010010039258236
B2039341907765N10002308WA0337503396010010036256252
B2039361907762N10002317WA0337503397010010028245237
B2039381907758N10002326WA0337503395010010035250259
B2039401907755N10002338WA0337403393010010043255236
B2039421907752N10002352WA0337303391010010047260239
B2039441907750N10002366WA0337203391010010046266233
B2039461907750N10002381WA0337203390010010050270238
B2039481907750N10002397WA0337103391010010050269237
B2039501907749N10002412WA0337103393010010044265241
B2039521907748N10002425WA0337103392010010039262235
B2039541907746N10002437WA0337103389010010038258229
B2039561907744N10002448WA0336903382010010038259234
B2039581907741N10002461WA0336603375010010047257224
B2040001907738N10002477WA0336203369010010053259222
B2040021907734N10002493WA0335703364010010053249238
B2040041907727N10002508WA0335303357010010051245235
B2040061907721N10002523WA0334803354010010047250234
B2040081907717N10002536WA0334403349010010045250235
B2040101907712N10002550WA0333903343010010047250235
B2040121907707N10002564WA0333403336010010049252234
B2040141907702N10002579WA0332903329010010051248235
B2040161907695N10002594WA0332303323010010053241212
B2040181907688N10002608WA0331803320010010049243231
B2040201907682N10002623WA0331303314010010048250233
B2040221907677N10002637WA0330803309010010050250214
B2040241907672N10002653WA0330303304010010055251234
B2040261907666N10002670WA0329903306010010056246241
B2040281907659N10002685WA0329703308010010046245226
B2040301907656N10002695WA0329803319010010029264246
B2040321907656N10002704WA0330003322010010026274234
B2040341907657N10002713WA0330203326010010036273243
B2040361907658N10002725WA0330503331010010036271237
B2040381907658N10002735WA0330903338010010030273229
B2040401907658N10002743WA0331303339010010025244161
B2040421907652N10002747WA0331503338010010024173104
B2040441907647N10002738WA0331603336010010045088001
B2040461907654N10002725WA0331703338010010051037316
B2040481907669N10002720WA0331803344010010054002337
B2040501907685N10002721WA0332103348010010051349340
B2040521907700N10002725WA0332403354010010052345343
B2040541907714N10002732WA0332703359010010053326292
B2040561907726N10002742WA0333103364010010047309250
B2040581907732N10002755WA0333603368010010040284223
B2041001907731N10002766WA0334003372010010025246198
B2041021907726N10002769WA0334403375010010020167157
B2041041907722N10002763WA0334703377010010029088111
B2041061907728N10002753WA0335103380010010048041026
B2041081907743N10002746WA0335403384010010056006302
B2041101907758N10002749WA0335803389010010055330288
B2041121907770N10002761WA0336103393010010053300281
B2041141907774N10002776WA0336503397010010041273236
B2041161907772N10002786WA0336903401010010024241233
B2041181907767N10002790WA0337303404010010017189211
B2041201907762N10002788WA0337703407010010018136164
B2041221907760N10002781WA0338003409010010029085104
B2041241907765N10002771WA0338303412010010043048028
B2041261907778N10002763WA0338603416010010053010309
B2041281907794N10002767WA0338903418010010058330279
B2041301907806N10002780WA0339203421010010059298247
B2041321907811N10002797WA0339503426010010048278198
B2041341907812N10002810WA0339803429010010037277239
B2041361907813N10002822WA0340103431010010036265246
B2041381907810N10002833WA0340403434010010037251239
B2041401907805N10002844WA0340703437010010038243230
B2041421907800N10002856WA0341003440010010041242203
B2041441907794N10002866WA0341303446010010036249209
B2041461907791N10002877WA0341703448010010035250211
B2041481907787N10002888WA0342003449010010040245208
B2041501907782N10002900WA0342203450010010039244211
B2041521907777N10002911WA0342403451010010041246217
B2041541907771N10002923WA0342603451010010043240214
B2041561907764N10002934WA0342703452010010038238202
B2041581907759N10002943WA0342803451010010038238205
B2042001907752N10002954WA0342903451010010041236198
B2042021907745N10002965WA0342903453010010040241213
B2042041907739N10002975WA0343003453010010036236209
B2042061907733N10002985WA0343103455010010035236213
B2042081907728N10002994WA0343203456010010033245205
B2042101907724N10003003WA0343303458010010031244208
B2042121907720N10003012WA0343403458010010034242215
B2042141907714N10003022WA0343503457010010037239214
B2042161907708N10003032WA0343503457010010039235208
B2042181907701N10003042WA0343503457010010036234214
B2042201907694N10003051WA0343503456010010037233211
B2042221907688N10003061WA0343503455010010038233215
B2042241907680N10003070WA0343403453010010039232226
B2042261907673N10003080WA0343403453010010042231216
B2042281907665N10003091WA0343303454010010040232198
B2042301907658N10003100WA0343303453010010035227217
B2042321907650N10003106WA0343203451010010035214225
B2042341907643N10003114WA0343103448010010037233240
B2042361907638N10003125WA0343003444010010040248217
B2042381907633N10003136WA0342803445010010036238226
B2042401907627N10003145WA0342703445010010034235225
B2042421907622N10003154WA0342603445010010030240234
B2042441907618N10003161WA0342603448010010024241228
B2042461907615N10003168WA0342603447010010026247202
B2042481907611N10003176WA0342603444010010029244203
B2042501907607N10003184WA0342403440010010033249208
B2042521907605N10003195WA0342303439010010035262200
B2042541907602N10003205WA0342103439010010029241204
B2042561907597N10003211WA0342003437010010029221230
B2042581907590N10003218WA0341803434010010032235225
B2043001907585N10003228WA0341703433010010038242217
B2043021907580N10003239WA0341603434010010039244212
B2043041907575N10003250WA0341503436010010037243218
B2043061907570N10003260WA0341603438010010035244214
B2043081907566N10003269WA0341703441010010028247221
B2043101907562N10003278WA0341803442010010030247212
B2043121907559N10003287WA0341903441010010036246210
B2043141907554N10003298WA0341903443010010034242213
B2043161907550N10003306WA0342003444010010030244218
B2043181907546N10003316WA0342103443010010036253223
B2043201907543N10003328WA0342103442010010044256214
B2043221907539N10003341WA0342203445010010032247218
B2043241907535N10003350WA0342303447010010030244219
B2043261907531N10003359WA0342303444010010034247222
B2043281907527N10003370WA0342203439010010043242221
B2043301907519N10003382WA0342103436010010049236216
B2043321907511N10003395WA0341803432010010051235199
B2043341907502N10003408WA0341503426010010049234214
B2043361907493N10003420WA0341203422010010051232204
B2043381907483N10003434WA0340803418010010056234209
B2043401907473N10003448WA0340403412010010057236206
B2043421907464N10003463WA0339903408010010052237202
B2043441907456N10003476WA0339603406010010046236197
B2043461907449N10003488WA0339303403010010045242204
B2043481907442N10003501WA0339003402010010044239191
B2043501907435N10003512WA0338803403010010040232194
B2043521907429N10003520WA0338603406010010029233189
B2043541907423N10003526WA0338603407010010028223197
B2043561907416N10003532WA0338603408010010031221208
B2043581907410N10003538WA0338703410010010024219188
B2044001907404N10003542WA0338803413010010022223178
B2044021907400N10003548WA0339003416010010025244187
B2044041907398N10003555WA0339203420010010025249195
B2044061907395N10003562WA0339503423010010023247197
B2044081907392N10003569WA0339703423010010025251205
B2044101907389N10003578WA0339803420010010034248200
B2044121907383N10003589WA0339803416010010045237197
B2044141907376N10003603WA0339703412010010051242202
B2044161907369N10003617WA0339503413010010047245197
B2044181907364N10003631WA0339503412010010047252211
B2044201907359N10003645WA0339303409010010052251225
B2044221907354N10003661WA0339203407010010057251219
B2044241907348N10003679WA0339003404010010059251220
B2044261907343N10003696WA0338903406010010052253213
B2044281907340N10003710WA0338803407010010041258205
B2044301907338N10003722WA0338803406010010040261205
B2044321907335N10003736WA0338703403010010046259213
B2044341907332N10003751WA0338503399010010051259218
B2044361907330N10003767WA0338303394010010056260208
B2044381907327N10003784WA0338103395010010051258212
B2044401907323N10003798WA0337903397010010038248209
B2044421907318N10003808WA0337903395010010041244204
B2044441907313N10003821WA0337703393010010051248204
B2044461907307N10003837WA0337603391010010053249226
B2044481907301N10003853WA0337503391010010049248227
B2044501907295N10003866WA0337403391010010048246230
B2044521907290N10003880WA0337303389010010047249216
B2044541907284N10003895WA0337203388010010049245236
B2044561907278N10003908WA0337103389010010049247226
B2044581907273N10003924WA0337103388010010051251226
B2045001907267N10003940WA0337003390010010054247231
B2045021907260N10003955WA0337103393010010055243236
B2045041907253N10003970WA0337203397010010047249244
B2045061907250N10003982WA0337503403010010031258232
B2045081907248N10003991WA0337803406010010033260224
B2045101907246N10004003WA0338003407010010043257226
B2045121907243N10004016WA0338303412010010043256218
B2045141907240N10004028WA0338603419010010037254208
B2045161907237N10004039WA0339103426010010036252167
B2045181907233N10004048WA0339603431010010030228152
B2045201907226N10004053WA0340003436010010027202162
B2045221907218N10004057WA0340503442010010032218201
B2045241907211N10004064WA0341003446010010028230182
B2045261907206N10004070WA0341503448010010027221193
B2045281907199N10004076WA0341803449010010031227192
B2045301907194N10004085WA0342103450010010037246184
B2045321907190N10004096WA0342303450010010033250194
B2045341907187N10004105WA0342403449010010034245210
B2045361907182N10004117WA0342503447010010043250213
B2045381907177N10004131WA0342503444010010055251208
B2045401907172N10004147WA0342403444010010052254202
B2045421907168N10004162WA0342403447010010042251206
B2045441907164N10004173WA0342503447010010042247221
B2045461907158N10004187WA0342503447010010051249209
B2045481907153N10004203WA0342503447010010050247200
B2045501907147N10004217WA0342503445010010047248198
B2045521907142N10004231WA0342403443010010046249195
B2045541907137N10004245WA0342303439010010048253208
B2045561907132N10004261WA0342103433010010056250209
B2045581907125N10004279WA0341803430010010062244192
B2046001907118N10004296WA0341603431010010052251222
B2046021907115N10004309WA0341403430010010041256192
B2046041907112N10004321WA0341303428010010038254204
B2046061907108N10004333WA0341103424010010043253195
B2046081907104N10004347WA0340803421010010050251206
B2046101907099N10004363WA0340603422010010053252201
B2046121907095N10004378WA0340503422010010045256210
B2046141907092N10004392WA0340503420010010044256194
B2046161907088N10004406WA0340303420010010052251193
B2046181907082N10004422WA0340303421010010055250201
B2046201907076N10004438WA0340303423010010050248206
B2046221907071N10004452WA0340403427010010046247196
B2046241907066N10004465WA0340503427010010043247210
B2046261907061N10004478WA0340603427010010049248201
B2046281907055N10004493WA0340603428010010051248209
B2046301907050N10004507WA0340703429010010043250226
B2046321907045N10004520WA0340803431010010046249203
B2046341907040N10004535WA0340903430010010054248212
B2046361907034N10004551WA0341003431010010055248200
B2046381907029N10004566WA0341003433010010049256211
B2046401907026N10004581WA0341103432010010046257200
B2046421907022N10004595WA0341103431010010050252210
B2046441907017N10004611WA0341103428010010054253210
B2046461907012N10004628WA0341003429010010053252209
B2046481907008N10004643WA0341003430010010050258209
B2046501907005N10004659WA0341003430010010052263211
B2046521907004N10004676WA0341003431010010055267221
B2046541907003N10004692WA0341103431010010051266232
B2046561907003N10004708WA0341103432010010050269230
B2046581907003N10004725WA0341103431010010054274231
B2047001907005N10004742WA0341103431010010059279235
B2047021907009N10004761WA0341203433010010057281228
B2047031907010N10004769WA0341203435010010053279229
E204703Waypoint B35 reached
B2047051907013N10004785WA0341403436010010048276234
B2047071907014N10004801WA0341403434010010050274244
B2047091907015N10004817WA0341303429010010055277239
B2047111907018N10004835WA0341203426010010057279232
B2047131907020N10004853WA0341003423010010056275239
B2047151907021N10004871WA0340803419010010060274233
B2047171907023N10004890WA0340503416010010062278228
B2047191907027N10004910WA0340303415010010063284247
B2047211907031N10004929WA0340103416010010060284240
B2047231907035N10004947WA0340003415010010056281231
B2047251907038N10004964WA0340003414010010052280222
B2047271907041N10004980WA0339803411010010053277230
B2047291907042N10004997WA0339603409010010060272215
B2047311907042N10005017WA0339503408010010064272218
B2047331907043N10005036WA0339403411010010053272204
B2047351907043N10005051WA0339403414010010043270212
B2047371907043N10005064WA0339503414010010044271204
B2047391907043N10005079WA0339603413010010051272200
B2047411907044N10005096WA0339503414010010051271191
B2047431907044N10005111WA0339603417010010047270201
B2047451907044N10005125WA0339803422010010040273200
B2047471907045N10005137WA0340003425010010036277224
B2047491907046N10005149WA0340203427010010043274196
B2047511907047N10005163WA0340403431010010045272199
B2047531907047N10005175WA0340703434010010033272188
B2047551907047N10005185WA0340903431010010034261192
B2047571907044N10005198WA0340903427010010051255193
B2047591907039N10005215WA0340703423010010060252188
B2048011907033N10005234WA0340503421010010059250184
B2048031907027N10005250WA0340403422010010048249153
B2048051907023N10005263WA0340303420010010041253195
B2048071907020N10005276WA0340203417010010042251195
B2048091907015N10005289WA0339903410010010050250193
B2048111907010N10005305WA0339503405010010056253190
B2048131907006N10005322WA0339103399010010054253190
B2048151907001N10005338WA0338703399010010051254181
B2048171906997N10005353WA0338503401010010045259190
B2048191906995N10005367WA0338403401010010046262193
B2048211906994N10005380WA0338303404010010041263200
B2048231906992N10005392WA0338403407010010035262194
B2048251906991N10005402WA0338503410010010028262207
B2048271906990N10005411WA0338603410010010031271203
B2048291906991N10005422WA0338703410010010039276219
B2048311906994N10005435WA0338803414010010045290218
B2048331906999N10005448WA0339103422010010041288191
B2048351907002N10005457WA0339503432010010025286198
B2048371907004N10005465WA0340103439010010028294220
B2048391907007N10005474WA0340603441010010034280211
B2048411907008N10005485WA0341103447010010038277218
B2048431907010N10005497WA0341703455010010033284200
B2048451907013N10005507WA0342303464010010035288209
B2048471907018N10005517WA0343103475010010041312293
B2048491907030N10005524WA0343903482010010045356016
B2048511907043N10005520WA0344603488010010044031096
B2048531907050N10005510WA0345303495010010035074155
B2048551907048N10005500WA0345903498010010035127183
B2048571907038N10005494WA0346503507010010030169252
B2048591907031N10005495WA0347303519010010020215265
B2049011907029N10005500WA0348103528010010023266283
B2049031907033N10005509WA0348903534010010039312338
B2049051907045N10005516WA0349603540010010050352055
B2049071907061N10005512WA0350203547010010054031124
B2049091907070N10005500WA0350903556010010044073159
B2049111907067N10005489WA0351603561010010035133193
B2049131907057N10005486WA0352203568010010034194220
B2049151907051N10005493WA0352903578010010029248252
B2049171907054N10005502WA0353603584010010039308292
B2049191907065N10005510WA0354303590010010045341020
B2049211907079N10005508WA0354903594010010053031120
B2049231907089N10005495WA0355403599010010052070167
B2049251907088N10005481WA0356003605010010036118176
B2049271907081N10005476WA0356503611010010027176219
B2049291907074N10005480WA0357103617010010030243275
B2049311907074N10005491WA0357703625010010037293316
B2049331907083N10005500WA0358303631010010042336351
B2049351907096N10005503WA0358803634010010049348291
B2049371907110N10005511WA0359303637010010050313258
B2049391907116N10005524WA0359803642010010047289274
B2049411907121N10005538WA0360203645010010044291290
B2049431907126N10005551WA0360603645010010048290279
B2049451907130N10005568WA0360803642010010061283285
B2049471907134N10005587WA0361103649010010058283283
B2049491907139N10005602WA0361403658010010042303280
B2049511907146N10005612WA0361903661010010043305264
B2049531907153N10005625WA0362203662010010052290265
B2049551907157N10005643WA0362503665010010061283285
B2049571907163N10005660WA0362803668010010057291290
B2049591907168N10005677WA0363203672010010056283289
B2050011907171N10005696WA0363503672010010062283276
B2050031907176N10005716WA0363603672010010067285291
B2050051907182N10005735WA0363803675010010058284284
B2050071907185N10005752WA0364003675010010053282295
B2050091907189N10005769WA0364103672010010056282281
B2050111907192N10005787WA0364103668010010064282282
B2050131907198N10005808WA0363903665010010067289293
B2050151907205N10005828WA0363803664010010065295284
B2050171907213N10005846WA0363703665010010061292288
B2050191907220N10005864WA0363703664010010062290292
B2050211907226N10005883WA0363603660010010061288299
B2050231907230N10005901WA0363503661010010060283289
B2050251907236N10005919WA0363503662010010059290298
B2050271907242N10005936WA0363403661010010059293291
B2050291907248N10005955WA0363303657010010063285289
B2050311907254N10005974WA0363203655010010065289309
B2050331907260N10005994WA0363003652010010065291299
B2050351907267N10006014WA0362803648010010068288297
B2050371907275N10006034WA0362603643010010068295298
B2050391907282N10006053WA0362203637010010066288294
B2050411907288N10006075WA0361903630010010071286303
B2050431907294N10006096WA0361403628010010071290283
B2050451907302N10006116WA0361103626010010068291291
B2050471907309N10006136WA0360803625010010066291291
B2050491907317N10006156WA0360503623010010071296286
B2050511907327N10006176WA0360403623010010070296296
B2050531907335N10006196WA0360203621010010071290278
B2050551907341N10006217WA0360103625010010066286301
B2050571907347N10006235WA0360103627010010053287294
B2050591907351N10006250WA0360103624010010050288281
B2051011907357N10006267WA0360003618010010059289267
B2051031907362N10006285WA0359803614010010062281287
B2051051907364N10006305WA0359603617010010064278287
B2051071907368N10006324WA0359503619010010056287305
B2051091907373N10006340WA0359503620010010054290282
B2051111907379N10006357WA0359503618010010059288286
B2051131907385N10006376WA0359403616010010066290288
B2051151907391N10006396WA0359403618010010065288286
B2051171907396N10006415WA0359503623010010059281274
B2051191907399N10006432WA0359703627010010057285285
B2051211907404N10006450WA0359903629010010059285289
B2051231907407N10006469WA0360003630010010060276291
B2051251907408N10006487WA0360203630010010054272283
B2051271907409N10006504WA0360303627010010055274283
B2051291907411N10006522WA0360203624010010062279273
B2051311907414N10006542WA0360103620010010067281273
B2051331907418N10006563WA0360003620010010061282288
B2051351907422N10006583WA0359903618010010062280278
B2051371907426N10006603WA0359703614010010065282274
B2051381907428N10006613WA0359603611010010066282277
E205138Waypoint B30 reached
B2051401907432N10006633WA0359303605010010068284277
B2051421907437N10006655WA0358903603010010071283282
B2051441907442N10006677WA0358703603010010068282276
B2051461907446N10006697WA0358503603010010064282285
E205146Waypoint th3643 reached
B2051481907450N10006717WA0358403603010010065284283
B2051501907455N10006737WA0358203601010010066283289
B2051521907460N10006758WA0358103599010010069284284
B2051541907465N10006779WA0357903594010010072284281
B2051561907470N10006802WA0357703591010010074283287
B2051581907476N10006825WA0357403590010010075285279
B2052001907482N10006848WA0357203588010010073289290
B2052021907489N10006869WA0357003587010010069288284
B2052041907496N10006890WA0356803584010010069289283
B2052061907503N10006911WA0356603580010010073291273
B2052081907511N10006933WA0356303576010010074288277
B2052101907518N10006955WA0356003574010010073288274
B2052121907525N10006977WA0355803573010010071290281
B2052141907532N10006997WA0355603572010010069291278
B2052161907540N10007018WA0355303566010010069295281
B2052181907548N10007038WA0355003561010010071290281
B2052201907554N10007060WA0354703555010010073285282
B2052221907559N10007082WA0354203550010010070284282
B2052241907564N10007103WA0353803542010010071284274
B2052261907570N10007126WA0353203536010010074285275
B2052281907576N10007148WA0352703529010010077283270
B2052301907581N10007173WA0352103524010010078285267
B2052321907588N10007196WA0351603522010010075286264
B2052341907593N10007218WA0351203518010010071285268
B2052361907599N10007240WA0350803513010010071284267
B2052381907604N10007262WA0350303506010010073284269
B2052401907610N10007285WA0349803501010010075287269
B2052421907617N10007307WA0349303496010010073286286
B2052441907622N10007329WA0348803493010010072286279
B2052461907629N10007351WA0348403487010010074292272
B2052481907638N10007373WA0347903481010010075293274
B2052501907646N10007395WA0347303474010010074291272
B2052521907655N10007418WA0346803467010010077292272
B2052541907663N10007440WA0346203460010010076290282
B2052561907671N10007463WA0345603456010010076290287
B2052581907678N10007485WA0345003449010010073289277
B2053001907686N10007507WA0344503443010010077292262
B2053021907695N10007530WA0343903438010010082293261
B2053041907705N10007554WA0343403434010010080295265
B2053061907715N10007576WA0343003436010010075291261
B2053081907723N10007598WA0342803438010010071296264
B2053101907733N10007616WA0342603435010010062304272
B2053121907743N10007631WA0342303429010010059301263
B2053141907751N10007649WA0341903419010010067294256
B2053161907759N10007671WA0341403412010010077289267
B2053181907765N10007694WA0340803407010010073286265
B2053201907771N10007716WA0340403404010010070288262
B2053221907778N10007737WA0340003402010010070291259
B2053241907786N10007757WA0339603401010010071292265
B2053261907794N10007778WA0339303395010010072293278
B2053281907802N10007799WA0338903394010010070290262
B2053301907811N10007819WA0338703390010010069297281
B2053321907820N10007839WA0338303386010010070295272
B2053341907828N10007860WA0338003382010010076291288
B2053361907836N10007883WA0337603377010010076292279
B2053381907844N10007905WA0337203374010010074289270
B2053401907851N10007927WA0336803368010010073289297
B2053421907859N10007949WA0336403362010010076290264
B2053441907867N10007972WA0335903355010010077291270
B2053461907875N10007995WA0335303346010010075290272
B2053481907883N10008017WA0334703338010010076292280
B2053501907891N10008040WA0334003331010010077292271
B2053521907900N10008063WA0333403324010010078292275
B2053541907909N10008086WA0332703316010010076293269
B2053561907918N10008109WA0332003309010010078292271
B2053581907928N10008132WA0331303301010010079294278
B2054001907937N10008156WA0330603294010010081293285
B2054021907946N10008179WA0329903288010010079292276
B2054041907955N10008202WA0329303284010010077295272
B2054061907965N10008224WA0328703279010010073294280
B2054081907973N10008245WA0328203275010010070291265
B2054101907981N10008265WA0327703269010010071291267
B2054121907989N10008286WA0327203262010010073290263
B2054141907996N10008308WA0326703259010010074288268
B2054161908003N10008330WA0326203255010010071289268
B2054181908010N10008351WA0325803251010010069291275
B2054201908017N10008372WA0325403247010010069291276
B2054221908025N10008393WA0324903240010010072289270
B2054241908032N10008415WA0324403235010010076291265
B2054261908040N10008437WA0324003230010010074290263
B2054281908047N10008459WA0323503226010010071287276
B2054301908054N10008481WA0323003222010010073288273
B2054321908060N10008502WA0322503216010010075286281
B2054341908067N10008526WA0322103211010010076286267
B2054361908073N10008549WA0321603207010010074284276
B2054371908075N10008560WA0321403204010010074283274
E205437Waypoint B33 reached
B2054391908080N10008583WA0320903199010010077285286
B2054411908087N10008607WA0320403194010010077287262
B2054431908094N10008630WA0320003190010010072286269
B2054451908099N10008653WA0319603187010010074285298
B2054471908105N10008676WA0319203183010010074288303
B2054491908113N10008697WA0318703176010010074292293
B2054511908121N10008720WA0318303172010010075292292
B2054531908130N10008741WA0317803165010010075290312
B2054551908137N10008763WA0317303159010010075291295
B2054571908146N10008786WA0316803154010010077293291
B2054591908155N10008808WA0316303150010010076292302
B2055011908164N10008830WA0315903146010010075293302
B2055031908172N10008852WA0315503145010010074293304
B2055051908180N10008873WA0315103142010010071293305
B2055071908189N10008893WA0314803137010010070294302
B2055091908197N10008914WA0314403132010010073293305
B2055111908206N10008936WA0314003125010010075293303
B2055131908215N10008958WA0313503119010010076294298
B2055151908225N10008980WA0313003115010010074296305
B2055171908234N10009001WA0312603113010010070294294
B2055191908243N10009020WA0312203110010010068298290
B2055211908253N10009039WA0311903106010010069296299
B2055231908261N10009060WA0311503101010010075294298
B2055251908271N10009082WA0311003095010010082294295
B2055271908281N10009106WA0310703097010010077294303
B2055291908290N10009127WA0310503096010010071292287
B2055311908298N10009147WA0310303098010010068296300
B2055331908308N10009166WA0310203095010010063305290
B2055351908319N10009182WA0310003091010010061303279
B2055371908329N10009198WA0309703084010010068303286
B2055391908341N10009218WA0309303075010010077302303
B2055411908353N10009238WA0308803071010010074301299
B2055431908364N10009258WA0308403065010010070301291
B2055451908375N10009276WA0307903059010010069304283
B2055461908381N10009285WA0307603055010010070305275
E205546Waypoint B03 reached
B2055481908397N10009301WA0307103052010010080332022
B2055501908422N10009305WA0306403038010010094008039
B2055521908450N10009295WA0305703030010010096027062
B2055541908474N10009281WA0305103032010010086029041
B2055561908495N10009267WA0304803035010010077031050
B2055581908515N10009255WA0304503033010010077032032
B2056001908535N10009240WA0304303031010010082034045
B2056021908555N10009225WA0304003027010010083034035
B2056041908575N10009211WA0303703027010010079036048
B2056061908593N10009196WA0303503023010010073041023
B2056081908610N10009181WA0303303022010010075037036
B2056101908628N10009167WA0303103022010010072035053
B2056121908646N10009154WA0303003021010010072035042
B2056141908664N10009141WA0302803021010010077038046
B2056161908682N10009125WA0302703020010010078042036
B2056181908698N10009108WA0302703020010010075046038
B2056201908714N10009090WA0302603018010010076046044
B2056221908730N10009074WA0302403015010010078041041
B2056241908749N10009057WA0302303013010010079039060
B2056261908767N10009042WA0302103014010010077037052
B2056281908786N10009028WA0302103014010010075037024
B2056301908804N10009013WA0302003013010010074037027
B2056321908821N10008998WA0301903010010010074040036
B2056341908838N10008985WA0301803011010010069037031
B2056361908853N10008971WA0301703012010010064041029
B2056381908867N10008957WA0301603009010010065044025
B2056401908882N10008942WA0301503005010010070043030
B2056421908898N10008927WA0301303004010010074041034
B2056441908915N10008911WA0301203004010010074041035
B2056461908932N10008896WA0301103003010010074041040
B2056481908949N10008880WA0301003005010010076040041
B2056501908966N10008865WA0301003005010010075042036
B2056521908983N10008848WA0300903003010010075044030
B2056541908999N10008832WA0300802997010010076041022
B2056561909018N10008817WA0300502991010010080036037
B2056581909038N10008801WA0300202986010010083037036
B2057001909057N10008786WA0299802981010010082036009
B2057021909076N10008771WA0299502981010010075040034
B2057041909093N10008756WA0299202979010010072040021
B2057061909110N10008741WA0299002980010010071039024
B2057081909126N10008727WA0298802980010010069036041
B2057101909143N10008715WA0298702977010010067034041
B2057121909160N10008703WA0298402974010010071033030
B2057141909179N10008691WA0298202969010010075036039
B2057161909196N10008676WA0297902966010010075040040
B2057181909213N10008660WA0297702966010010071042047
B2057201909229N10008646WA0297502967010010066041049
B2057221909243N10008632WA0297402965010010066041038
B2057241909259N10008618WA0297202960010010071039042
B2057261909276N10008604WA0297002958010010072037051
B2057281909294N10008590WA0296702953010010072039060
B2057301909310N10008575WA0296402949010010078044055
B2057321909327N10008557WA0296202948010010082045039
B2057341909345N10008540WA0296002950010010080040030
B2057361909363N10008523WA0295902949010010078044051
B2057381909380N10008507WA0295802949010010078040036
B2057401909399N10008491WA0295702947010010081036036
B2057421909419N10008476WA0295502944010010081038031
B2057441909438N10008460WA0295302941010010080039028
B2057461909456N10008444WA0295102937010010080039025
B2057481909476N10008427WA0294802931010010086040024
B2057501909496N10008410WA0294502930010010090039045
B2057521909516N10008392WA0294302931010010082038048
B2057541909535N10008378WA0294202932010010075036038
B2057561909553N10008363WA0294102931010010074040034
B2057581909570N10008347WA0294002930010010078043043
B2058001909587N10008330WA0293902925010010078046038
B2058021909603N10008312WA0293702923010010077048043
E205802Waypoint RA01 reached
B2058041909619N10008294WA0293502920010010078044028
B2058061909635N10008278WA0293202918010010071042056
B2058081909650N10008264WA0293002912010010066042055
B2058101909666N10008250WA0292602906010010071040045
B2058121909683N10008235WA0292202898010010078041042
B2058141909702N10008218WA0291702892010010082039042
B2058161909721N10008202WA0291202890010010077039035
B2058181909737N10008187WA0290702884010010070042041
B2058201909753N10008172WA0290302879010010068041047
B2058221909769N10008158WA0289702872010010071039027
B2058241909785N10008144WA0289202867010010074044047
B2058261909801N10008127WA0288702862010010073047023
B2058281909815N10008110WA0288302859010010072048050
B2058301909830N10008092WA0287902855010010075049030
B2058321909845N10008074WA0287502854010010079050037
B2058341909860N10008055WA0287202852010010076050041
B2058361909875N10008037WA0286902850010010073052034
B2058381909888N10008018WA0286702847010010076053036
B2058401909902N10007998WA0286402843010010078055043
B2058421909916N10007978WA0286102840010010078054044
B2058441909930N10007959WA0285902843010010075052044
B2058461909944N10007941WA0285802845010010069049036
B2058481909957N10007925WA0285802845010010068050059
B2058501909970N10007908WA0285702842010010069049040
B2058521909985N10007891WA0285602840010010075048040
B2058541910000N10007873WA0285502837010010077051032
B2058561910014N10007854WA0285302834010010076053035
B2058581910028N10007835WA0285002830010010078052027
B2059001910043N10007814WA0284802827010010081052043
B2059021910058N10007795WA0284502825010010077050046
B2059041910072N10007777WA0284302824010010070051052
B2059061910085N10007760WA0284102821010010069050035
B2059081910099N10007743WA0283902820010010070051028
B2059101910112N10007727WA0283702819010010064050042
B2059121910123N10007712WA0283602817010010060052039
B2059141910135N10007696WA0283402812010010062053037
B2059161910146N10007679WA0283102805010010069053035
B2059181910159N10007662WA0282702800010010073054041
B2059201910172N10007643WA0282302797010010069054034
B2059221910184N10007626WA0281902794010010068055030
B2059241910196N10007608WA0281502788010010070055042
B2059261910208N10007590WA0281202785010010072055038
B2059281910221N10007570WA0280802781010010072056035
B2059301910233N10007552WA0280402779010010070056040
B2059311910239N10007543WA0280302777010010069057038
E205931Waypoint D02 reached
B2059331910250N10007525WA0279902774010010069056045
B2059351910262N10007507WA0279602771010010069054033
B2059371910275N10007489WA0279302764010010071054013
B2059391910288N10007470WA0278902761010010077056049
B2059411910297N10007452WA0278602767010010051067046
B2059431910302N10007440WA0278602769010010036066023
B2059451910308N10007428WA0278502766010010050054044
B2059471910318N10007415WA0278402763010010053050030
B2059491910328N10007402WA0278202760010010051049019
B2059511910339N10007390WA0278002753010010058047034
B2059531910353N10007376WA0277602749010010066044020
B2059551910366N10007362WA0277302747010010061044030
B2059571910379N10007349WA0277002745010010055044033
B2059591910391N10007337WA0276802741010010058044040
B2100011910404N10007324WA0276502737010010063044031
B2100031910417N10007310WA0276202736010010056044038
B2100051910429N10007299WA0276002736010010053044033
B2100140140200S00000000EA0275900000010010000736033
B2100161910494N10007235WA0274702720010010058043039
B2100181910507N10007223WA0274502719010010057043034
B2100201910518N10007210WA0274302718010010051049032
B2100221910528N10007197WA0274102716010010054053043
B2100241910539N10007183WA0273902713010010060050042
B2100261910550N10007169WA0273702714010010055049039
B2100281910560N10007156WA0273602714010010052052038
B2100301910570N10007143WA0273502712010010054046036
B2100321910582N10007131WA0273302711010010056044045
B2100341910594N10007119WA0273202711010010051044046
B2100361910605N10007109WA0273202709010010050041038
B2100381910617N10007098WA0273002706010010055040036
B2100401910630N10007086WA0272902704010010057041030
B2100421910642N10007075WA0272702704010010050045031
B2100441910652N10007064WA0272602702010010046043030
B2100461910663N10007055WA0272402698010010050038045
B2100481910675N10007045WA0272202696010010051036027
B2100501910687N10007036WA0272002694010010048037024
B2100521910699N10007028WA0271802692010010046033028
B2100541910710N10007019WA0271602688010010049039030
B2100561910722N10007009WA0271302685010010051037023
B2100581910734N10007000WA0271102684010010049035038
B2101001910746N10006991WA0270802680010010045038039
B2101021910757N10006982WA0270602676010010047033042
B2101041910769N10006974WA0270202670010010053034045
B2101061910783N10006963WA0269902667010010055038040
B2101081910795N10006952WA0269502665010010050042035
B2101101910806N10006942WA0269202662010010049044020
B2101121910817N10006931WA0268902659010010048035015
B2101141910829N10006925WA0268602656010010046021007
B2101161910842N10006920WA0268302651010010046025014
B2101181910855N10006913WA0268002648010010046028011
B2101201910868N10006907WA0267602644010010050024009
B2101221910882N10006900WA0267302643010010050026015
E210122Waypoint D02 reached
B2101241910894N10006893WA0267102642010010040030033
B2101251910899N10006890WA0267002640010010039031027
E210125Waypoint th5371 reached
B2101271910910N10006883WA0266702634010010045029035
B2101291910923N10006877WA0266402629010010052027035
B2101311910937N10006869WA0266002627010010050028037
B2101331910949N10006862WA0265702625010010046029053
B2101351910961N10006855WA0265502623010010042025034
B2101371910973N10006850WA0265202619010010046017031
B2101391910987N10006846WA0264902617010010049012015
B2101411911002N10006844WA0264702615010010046011011
B2101431911015N10006841WA0264402612010010045010013
B2101451911029N10006838WA0264202609010010048010019
B2101471911044N10006835WA0263902607010010046008328
B2101491911056N10006836WA0263702606010010037340308
B2101511911063N10006844WA0263502602010010033289284
B2101531911063N10006854WA0263202599010010033261280
B2101551911062N10006864WA0263002598010010029269280
B2101571911062N10006873WA0262802596010010029265271
B2101591911060N10006883WA0262502591010010036260281
B2102011911059N10006896WA0262202587010010040264265
B2102031911060N10006908WA0261902584010010039296270
B2102051911065N10006919WA0261602580010010038280194
B2102071911060N10006932WA0261202570010010055223222
B2102081911055N10006939WA0260902568010010055238272
E210208Waypoint D02 reached
B2102101911057N10006955WA0260402562010010055312265
B2102121911067N10006966WA0260002564010010044292191
B2102141911065N10006978WA0259602551010010054222195
B2102161911056N10006992WA0259002546010010052263270
B2102181911063N10007007WA0258502542010010055317212
B2102201911068N10007021WA0258002537010010043274187
B2102221911056N10007033WA0257402526010010060219239
B2102241911051N10007048WA0256902522010010055287290
B2102261911062N10007061WA0256402521010010047307204
B2102281911064N10007073WA0255902515010010038243194
B2102301911053N10007086WA0255502510010010048245263
B2102321911056N10007100WA0255002506010010053316235
B2102341911064N10007112WA0254702506010010040291189
B2102361911058N10007124WA0254302499010010057213214
B2102381911049N10007137WA0253902499010010042269270
B2102401911057N10007148WA0253702499010010045322201
B2102421911062N10007158WA0253502494010010026269190
B2102441911050N10007169WA0253102488010010051225232
B2102461911048N10007182WA0252802482010010041293250
B2102481911059N10007191WA0252402482010010043314199
B2102501911061N10007202WA0252002475010010030241201
B2102521911053N10007215WA0251602471010010043258273
B2102541911060N10007226WA0251002462010010062340209
B2102561911073N10007235WA0250502460010010044297206
B2102581911070N10007250WA0250002453010010052223219
B2103001911065N10007262WA0249502449010010038277314
B2103021911074N10007270WA0249002445010010050333237
B2103041911082N10007281WA0248502436010010030278212
B2103061911071N10007294WA0247802427010010055232272
B2103081911069N10007307WA0247102418010010032298328
B2103101911083N10007316WA0246402419010010052316228
B2103121911085N10007331WA0245802407010010056226198
B2103141911073N10007344WA0245102406010010054255286
B2103161911078N10007359WA0244502400010010058323245
B2103181911088N10007372WA0244102401010010044296197
B2103201911078N10007386WA0243402385010010078198209
B2103221911064N10007401WA0242802384010010057265298
B2103241911074N10007415WA0242202386010010052320214
B2103261911078N10007429WA0241902380010010052251188
B2103281911062N10007441WA0241202372010010074209249
B2103291911055N10007448WA0241002373010010064244291
E210329Waypoint A17 reached
B2103311911060N10007465WA0240402368010010062328279
B2103331911071N10007478WA0240102374010010044292201
B2103351911065N10007492WA0239802366010010054213214
B2103371911055N10007503WA0239502365010010044256294
B2103391911061N10007516WA0239102358010010050314275
B2103411911068N10007527WA0238802360010010036286273
B2103431911068N10007536WA0238702359010010024269312
B2103451911072N10007545WA0238502354010010036306315
B2103471911080N10007554WA0238302350010010044311248
B2103491911084N10007565WA0238102348010010037267250
B2103511911080N10007577WA0237902343010010039253325
B2103531911084N10007587WA0237602333010010047322351
B2103551911099N10007595WA0237202332010010050326271
B2103571911103N10007608WA0236902327010010046260284
B2103591911101N10007621WA0236602324010010038279333
B2104011911107N10007629WA0236302318010010035348349
B2104031911121N10007634WA0236002319010010045322268
B2104051911123N10007646WA0235602310010010050246325
B2104071911122N10007659WA0235302309010010034290355
B2104091911133N10007665WA0235002309010010044349311
B2104111911142N10007673WA0234702307010010041291279
B2104131911140N10007688WA0234502304010010042252341
B2104151911145N10007698WA0234202298010010049335007
B2104171911162N10007701WA0234002300010010044343309
B2104191911170N10007711WA0233802293010010036292317
B2104211911165N10007724WA0233402289010010047268342
B2104231911172N10007733WA0233002279010010042350009
B2104251911190N10007734WA0232702283010010046337295
B2104271911196N10007744WA0232402275010010042263333
B2104291911192N10007757WA0232102276010010032270352
B2104311911203N10007765WA0231802270010010056358007
B2104331911217N10007768WA0231702271010010045329293
B2104351911223N10007781WA0231402261010010049254355
B2104371911221N10007795WA0231102257010010041291351
B2104391911234N10007799WA0230702255010010062009003
B2104411911247N10007802WA0230502258010010038322308
B2104431911247N10007814WA0230202250010010042254001
B2104451911249N10007825WA0230002247010010030308004
B2104471911262N10007826WA0229602243010010060001345
B2104491911274N10007833WA0229402241010010045297289
B2104511911270N10007847WA0229002236010010055236002
B2104531911269N10007860WA0228802245010010030293009
B2104551911280N10007865WA0228802247010010039342302
B2104571911289N10007873WA0228802243010010036317223
B2104591911281N10007887WA0228502235010010049218278
B2105011911277N10007898WA0228302239010010038284336
B2105031911285N10007906WA0228102238010010047330287
B2105051911293N10007920WA0227902232010010052252219
B2105071911279N10007930WA0227602228010010058215273
B2105091911274N10007943WA0227402229010010044285339
B2105111911287N10007952WA0227102226010010048323268
B2105131911291N10007967WA0226902220010010049253222
B2105151911279N10007978WA0226602216010010049229319
B2105171911279N10007990WA0226302210010010041311357
B2105191911292N10007997WA0226002210010010043324246
B2105211911296N10008003WA0225702201010010011197199
B2105231911283N10008013WA0225302198010010043238313
B2105251911284N10008024WA0224902189010010041336003
B2105271911298N10008031WA0224602193010010046324254
B2105291911299N10008045WA0224202179010010042263190
B2105311911282N10008055WA0223602179010010055229313
B2105331911278N10008068WA0223202168010010029302009
B2105351911296N10008072WA0222602172010010054338289
B2105371911303N10008086WA0222102166010010051263208
B2105391911292N10008101WA0221602166010010048253323
B2105411911296N10008110WA0221102159010010063354013
B2105431911311N10008117WA0220802167010010045310276
B2105451911308N10008128WA0220402159010010053215326
B2105471911299N10008139WA0220102158010010039274342
B2105491911310N10008148WA0219802156010010049331327
B2105511911316N10008158WA0219602154010010036270245
B2105531911309N10008169WA0219402146010010041235329
B2105551911308N10008180WA0219102142010010040303312
B2105571911317N10008188WA0218902142010010036309247
B2105591911319N10008199WA0218702137010010036256262
B2106011911315N10008209WA0218502134010010029252293
B2106031911312N10008216WA0218402134010010023228243
B2106051911305N10008220WA0218302130010010028201222
B2106071911297N10008223WA0218102126010010031201221
B2106091911288N10008226WA0217902125010010029191214
B2106111911280N10008226WA0217802122010010028179212
B2106131911270N10008226WA0217502116010010037183213
B2106151911259N10008227WA0217202112010010037184200
B2106171911248N10008227WA0217002109010010031177200
B2106191911239N10008226WA0216702104010010035173196
B2106211911227N10008224WA0216402098010010043174190
B2106231911214N10008223WA0216002096010010040173198
B2106251911204N10008221WA0215802095010010030165185
B2106271911195N10008218WA0215502091010010035166188
B2106291911183N10008215WA0215202086010010042168177
B2106311911171N10008212WA0214902085010010037161178
B2106331911162N10008208WA0214702082010010036164184
B2106351911151N10008205WA0214402078010010038172176
B2106371911139N10008204WA0214102076010010037166178
B2106391911129N10008200WA0213902075010010035161174
B2106411911119N10008197WA0213702073010010036160169
B2106431911109N10008192WA0213502070010010040155175
B2106451911098N10008186WA0213302068010010037151172
B2106471911089N10008181WA0213002065010010034148164
B2106491911079N10008174WA0212702059010010043149162
B2106511911066N10008166WA0212402054010010052153179
B2106531911053N10008159WA0212002052010010047148160
B2106551911041N10008150WA0211602046010010054145156
B2106571911026N10008141WA0211202038010010066157173
B2106591911006N10008134WA0210702031010010069164183
B2107011910988N10008129WA0210202032010010058163165
B2107031910972N10008124WA0209902031010010052167173
B2107051910956N10008122WA0209502025010010052172168
B2107071910939N10008120WA0209102020010010059175180
B2107091910922N10008119WA0208702015010010059179184
B2107111910904N10008118WA0208302014010010057172174
B2107131910889N10008110WA0207902011010010063133102
B2107151910880N10008090WA0207502002010010079098109
B2107171910880N10008064WA0207001997010010080089134
B2107191910879N10008038WA0206601999010010074094099
B2107211910877N10008015WA0206301997010010070097092
B2107231910875N10007993WA0206001992010010074098095
B2107251910872N10007969WA0205701987010010079099095
B2107271910867N10007944WA0205301984010010079103092
B2107291910861N10007920WA0205001983010010075105097
B2107311910855N10007897WA0204701980010010072106112
B2107331910849N10007876WA0204401975010010071107102
B2107351910842N10007854WA0204001971010010072112116
B2107371910834N10007838WA0203701973010010039144229
B2107391910828N10007839WA0203401956010010022257310
B2107411910842N10007847WA0202701946010010064355041
B2107431910855N10007838WA0202201954010010050060109
B2107451910857N10007823WA0202001951010010046087076
B2107471910860N10007808WA0201801945010010053074061
B2107491910864N10007789WA0201401941010010061080125
B2107511910864N10007772WA0201101940010010050110145
B2107531910856N10007760WA0200901938010010043131125
B2107551910847N10007750WA0200701938010010038132147
B2107571910839N10007741WA0200601937010010042130147
B2107591910830N10007731WA0200401936010010043132153
B2108011910822N10007720WA0200301936010010041124135
B2108031910816N10007708WA0200101934010010050107111
B2108051910815N10007690WA0200001934010010056084058
B2108071910820N10007674WA0199901935010010045060056
B2108091910827N10007663WA0199901934010010042055044
B2108111910836N10007652WA0199801933010010046045023
B2108131910847N10007644WA0199701931010010043026007
B2108151910858N10007641WA0199601930010010032000336
B2108171910866N10007643WA0199501928010010023335302
B2108191910871N10007648WA0199401927010010021317312
B2108211910874N10007652WA0199301924010010013282281
B2108231910874N10007657WA0199101920010010017260277
B2108251910872N10007662WA0198801917010010020247253
B2108271910869N10007668WA0198601916010010020224242
B2108291910864N10007672WA0198501915010010018228255
B2108311910861N10007676WA0198301914010010016236252
B2108331910860N10007681WA0198101912010010015268271
B2108351910861N10007686WA0198001911010010018295282
B2108371910864N10007690WA0197901910010010018322303
B2108391910871N10007692WA0197701907010010031010350
B2108411910882N10007687WA0197501903010010045032019
B2108431910892N10007676WA0197301902010010047057048
B2108451910897N10007662WA0197001899010010049079063
B2108471910898N10007646WA0196801897010010052089080
B2108491910897N10007630WA0196601896010010047102101
B2108511910893N10007616WA0196401895010010043112113
B2108531910887N10007603WA0196201892010010046112103
B2108551910883N10007589WA0196001890010010050098051
B2108571910883N10007573WA0195801887010010048082039
B2108591910888N10007559WA0195601884010010048062011
B2109011910897N10007546WA0195301882010010046049012
B2109031910906N10007537WA0195101881010010037039359
B2109051910915N10007530WA0194901878010010036033340
B2109071910925N10007526WA0194701874010010035008300
B2109091910935N10007529WA0194401870010010035322287
B2109111910941N10007536WA0194101871010010024300298
B2109131910944N10007541WA0194001873010010016301283
B2109151910946N10007545WA0193901871010010017277259
B2109171910945N10007552WA0193801869010010020255248
B2109191910943N10007558WA0193801868010010017250256
B2109211910941N10007563WA0193701867010010019234241
B2109231910937N10007568WA0193601866010010022225244
B2109251910932N10007572WA0193501865010010023205225
B2109271910924N10007575WA0193401864010010025197218
B2109291910917N10007578WA0193301863010010024209210
B2109311910911N10007582WA0193201862010010025204217
B2109331910903N10007585WA0193101862010010025200220
B2109351910896N10007587WA0193001861010010025202218
B2109371910890N10007591WA0193001860010010024216229
B2109391910885N10007596WA0192901860010010019239244
B2109411910883N10007601WA0192801861010010016250257
B2109431910882N10007606WA0192801860010010018261265
B2109451910881N10007611WA0192701859010010018257251
B2109471910880N10007616WA0192601859010010016256257
B2109491910879N10007621WA0192601857010010016268256
B2109511910880N10007626WA0192501857010010016276260
B2109531910880N10007630WA0192401856010010015263260
B2109551910879N10007635WA0192301855010010017251263
B2109571910878N10007640WA0192201854010010011289285
B2109591910881N10007642WA0192101851010010019340297
B2110011910887N10007645WA0192001850010010021341300
B2110031910893N10007645WA0191801849010010022005318
B2110051910901N10007643WA0191701846010010028014320
B2110071910908N10007642WA0191501844010010024358301
B2110091910914N10007643WA0191301842010010017330278
B2110111910916N10007647WA0191101839010010014274256
B2110131910914N10007652WA0190901837010010018226242
B2110151910911N10007656WA0190701835010010015214233
B2110171910908N10007659WA0190501833010010012241248
B2110191910907N10007663WA0190301830010010015272258
B2110211910908N10007668WA0190101828010010015310289
B2110231910914N10007669WA0189901824010010029003332
B2110251910924N10007665WA0189601819010010046037017
B2110271910933N10007653WA0189301817010010045052343
B2110291910942N10007645WA0189001816010010035030347
B2110311910951N10007642WA0188801814010010030358298
B2110331910957N10007646WA0188601811010010023284272
B2110351910955N10007653WA0188301807010010024238274
B2110371910952N10007659WA0188101807010010017236260
B2110391910952N10007663WA0188001806010010015316326
B2110411910961N10007664WA0187701798010010047015011
B2110431910975N10007657WA0187401796010010052033334
B2110451910986N10007652WA0187201799010010031005305
B2110471910992N10007656WA0187001796010010022297271
B2110491910993N10007662WA0186801794010010018288354
B2110511910999N10007664WA0186701789010010033001352
B2110531911008N10007667WA0186401786010010026316324
B2110551911009N10007670WA0186201786010010003312018
B2110571911010N10007670WA0186101786010010003083068
B2110591911010N10007669WA0185901785010010000083041
B2111011911010N10007669WA0185901785010010000083047
B2111031911010N10007669WA0185801785010010000083043
B2111051911010N10007669WA0185801785010010000083042
B2111071911010N10007669WA0185701785010010000083047
B2111091911010N10007669WA0185701785010010000083041
B2111111911010N10007669WA0185701785010010000083034
B2111131911010N10007669WA0185701785010010000083029
B2111151911010N10007669WA0185701785010010000083032
B2111171911010N10007669WA0185701785010010000083032
B2111191911010N10007669WA0185701785010010000083034
B2111211911010N10007669WA0185701785010010000083046
B2111231911010N10007669WA0185701784010010000173047
B2111251911010N10007669WA0185701784010010000168052
GNnf8znYLYt4XFleusuMPzmlT9lY4I2O59YPaugow5TGSTaB31VGG+LWYulJwCVq+
GK7R37lGkV8TNd7L5ZlMT7exHl+HdKqRkbLjyGKEn/mY7FdRw4vO8QGwbgQlWfv6D
GHugcdYUvbOBAIuZeIQZJK+GKrlbiBbIWF38SerEcKsw=
