AXCT1786bebe619c83f6
HFFTYFRTYPE:Google Pixel 7 13 Client:xctrack FlightId:a368d462-75df-4d60-9643-2ac74e9d2b86
HFRFWFIRMWAREVERSION:0.9.8.6 LIVE:7fd09789d141b5c27e26fd20bb5d748799bbd702
HFPLTPILOTINCHARGE:Josh Cohn
HOSITSite:Mission Peak
HSCCLCOMPETITION CLASS:FAI-3 (PG)
HFGTYGLIDERTYPE:NIVIUK Icepeak X-One
HODTM100GPSDATUM:WGS-84
HFALPALTPRESSURE:ISA
HFALG:GEO
I023636LAD3737LOD
HFDTEDATE:260323,00
LXCTDEVICE eyJkZXZpY2UiOnsiY3B1QUJJIjoiYXJtNjQtdjhhIiwic2RrIjozMywiZGlzcGxhe
LXCTDEVICE SI6eyJ3IjoxMDgwLCJoIjoyMjAxLCJtbSI6MTYuNTM1NDMzfSwiZmluZ2VycHJpbn
LXCTDEVICE QiOiJnb29nbGUvcGFudGhlci9wYW50aGVyOjEzL1RRMkEuMjMwMzA1LjAwOC85NTk
LXCTDEVICE 1NDUyOnVzZXIvcmVsZWFzZS1rZXlzIiwibW9kZWwiOiJQaXhlbCA3IiwiZGV2UXVl
LXCTDEVICE dWVCdWlsZCI6ImYyM2FhZjE0OGU1ZmEwY2MwYTA1MDNlYTgxNjU5N2M5YmM0ODA4M
LXCTDEVICE GQiLCJwcm9kdWN0IjoicGFudGhlciIsImFuZHJvaWRJZCI6IjE3ODZiZWJlNjE5Yz
LXCTDEVICE gzZjYiLCJtYW51ZmFjdHVyZXIiOiJHb29nbGUiLCJkZXZpY2VTdHJpbmciOiJHb29
LXCTDEVICE nbGUgUGl4ZWwgNyAxMyIsImJ1aWxkSWQiOiJUUTJBLjIzMDMwNS4wMDgiLCJjcHVB
LXCTDEVICE QkkyIjoiIiwiYm9hcmQiOiJwYW50aGVyIiwidGltZXpvbmUiOiJBbWVyaWNhL0xvc
LXCTDEVICE 19BbmdlbGVzIiwiaGFyZHdhcmUiOiJwYW50aGVyIn0sInhjdHJhY2siOnsidmVyc2
LXCTDEVICE lvbk5hbWUiOiIwLjkuOC42IiwidmVyc2lvbkNvZGUiOjkwODYxfSwiY2FwYWJpbGl
LXCTDEVICE 0aWVzIjp7Im1lbUNsYXNzIjoyNTYsIm1lbUxhcmdlQ2xhc3MiOjUxMiwibmFuIjp0
LXCTDEVICE cnVlfX0=
B2034353731073N12153563WA006330072180
B2034363731074N12153564WA006330072012
B2034373731072N12153566WA006340071876
B2034383731069N12153569WA006330071658
B2034393731066N12153573WA006300071711
B2034403731061N12153575WA006290071829
B2034413731055N12153577WA006280071937
B2034423731049N12153577WA006290071854
B2034433731043N12153575WA006300071883
B2034443731038N12153572WA006300071668
B2034453731032N12153569WA006280071499
B2034463731027N12153566WA006280071554
B2034473731022N12153560WA006270071572
B2034483731018N12153551WA006280071487
B2034493731017N12153541WA006270071309
B2034503731017N12153531WA006260071216
B2034513731019N12153521WA006260071216
B2034523731022N12153513WA006250071072
B2034533731026N12153504WA006240070928
B2034543731029N12153497WA006230070890
B2034553731033N12153488WA006230070898
B2034563731037N12153485WA006240070421
B2034583731043N12153481WA006250069824
B2034593731045N12153480WA006260069665
B2035003731047N12153480WA006250069698
B2035013731050N12153482WA006240069531
B2035023731053N12153490WA006220069878
B2035033731061N12153500WA006220070222
B2035043731070N12153509WA006200070797
B2035053731074N12153513WA006170070871
B2035063731077N12153516WA006170070895
B2035073731080N12153518WA006180071077
B2035083731083N12153520WA006180071077
B2035093731086N12153522WA006170070989
B2035103731090N12153525WA006150070952
B2035113731095N12153528WA006120070728
B2035123731100N12153533WA006090070734
B2035133731105N12153538WA006060070756
B2035143731110N12153543WA006040070659
B2035153731115N12153549WA006050070642
B2035163731119N12153553WA006060070588
B2035173731123N12153557WA006080070597
B2035183731128N12153561WA006070070401
B2035193731132N12153564WA006070070323
B2035203731136N12153567WA006060070395
B2035213731142N12153570WA006060070305
B2035223731147N12153572WA006060070369
B2035233731153N12153575WA006050070332
B2035243731159N12153576WA006060070418
B2035253731164N12153577WA006080070344
B2035263731169N12153577WA006090070336
B2035273731173N12153577WA006110070277
B2035283731177N12153577WA006120070216
B2035293731180N12153577WA006110070258
B2035303731183N12153578WA006110070250
B2035313731186N12153578WA006100070161
B2035323731190N12153577WA006090069917
B2035333731194N12153576WA006080069810
B2035343731199N12153573WA006050069707
B2035353731205N12153569WA006030069807
B2035363731211N12153564WA006050070109
B2035373731216N12153559WA006070070263
B2035383731220N12153554WA006110070386
B2035393731224N12153550WA006120070388
B2035403731228N12153548WA006140070481
B2035413731232N12153546WA006140070679
B2035423731235N12153548WA006170070870
B2035433731238N12153548WA006190071106
B2035443731240N12153550WA006230071424
B2035453731239N12153552WA006270071651
B2035463731238N12153553WA006310071925
B2035473731235N12153555WA006330072276
B2035483731230N12153559WA006350072364
B2035493731223N12153563WA006360072636
B2035503731217N12153564WA006380072794
B2035513731211N12153563WA006390072966
B2035523731204N12153559WA006410073193
B2035533731200N12153556WA006420073102
B2035553731192N12153540WA006490073495
B2035563731190N12153535WA006490073720
B2035573731188N12153530WA006530073830
B2035583731187N12153525WA006550073815
B2035593731188N12153521WA006560073713
B2036003731188N12153519WA006590073804
B2036013731188N12153519WA006620073631
B2036023731191N12153520WA006630073524
B2036033731192N12153522WA006680073483
B2036043731193N12153522WA006700073210
B2036053731191N12153522WA006760073876
B2036063731191N12153523WA006800073991
B2036073731191N12153523WA006820074113
B2036083731185N12153523WA006840074159
B2036093731181N12153523WA006840074464
B2036103731176N12153520WA006860074694
B2036113731175N12153515WA006900074904
B2036123731174N12153509WA006920075252
B2036133731177N12153498WA006940075677
B2036143731181N12153489WA006950076140
B2036153731185N12153479WA006970076589
B2036163731191N12153473WA006990076986
B2036173731197N12153469WA007010077340
B2036183731202N12153465WA007040077731
B2036193731207N12153461WA007060078048
B2036203731213N12153459WA007080078218
B2036213731218N12153460WA007100078461
B2036223731222N12153462WA007090078688
B2036233731227N12153465WA007090078847
B2036243731229N12153469WA007120079070
B2036253731228N12153472WA007140079497
B2036263731226N12153475WA007170079771
B2036273731223N12153476WA007190080118
B2036283731218N12153477WA007210080598
B2036293731214N12153478WA007230081054
B2036303731209N12153477WA007260081388
B2036313731204N12153476WA007300081499
B2036323731199N12153474WA007320081471
B2036333731194N12153467WA007350081539
B2036343731191N12153457WA007340081675
B2036353731191N12153446WA007350081959
B2036363731191N12153436WA007360081974
B2036373731195N12153429WA007400082234
B2036383731199N12153424WA007420082477
B2036393731204N12153421WA007450082764
B2036403731209N12153419WA007460083031
B2036413731213N12153418WA007490083314
B2036423731216N12153417WA007520083389
B2036433731219N12153419WA007550083330
B2036443731218N12153424WA007540083461
B2036453731218N12153428WA007560083517
B2036463731216N12153433WA007580083770
B2036473731215N12153435WA007630083927
B2036483731212N12153436WA007670084323
B2036493731208N12153436WA007710084659
B2036503731203N12153436WA007740084989
B2036513731197N12153435WA007730085197
B2036523731191N12153432WA007750085346
B2036533731184N12153427WA007760085691
B2036543731178N12153421WA007770085753
B2036553731174N12153412WA007790085990
B2036563731173N12153402WA007820086252
B2036573731173N12153392WA007840086478
B2036583731175N12153384WA007870086622
B2036593731177N12153376WA007900086985
B2037003731181N12153370WA007920087264
B2037013731185N12153365WA007940087498
B2037023731190N12153362WA007960087649
B2037033731194N12153361WA007970087976
B2037043731198N12153361WA007990088165
B2037053731201N12153362WA008010088258
B2037063731203N12153365WA008030088433
B2037073731204N12153367WA008030088496
B2037083731204N12153372WA008050088530
B2037093731203N12153376WA008060088774
B2037103731201N12153381WA008070089041
B2037113731198N12153384WA008100089408
B2037123731194N12153387WA008130089810
B2037133731190N12153387WA008170090213
B2037143731186N12153385WA008220090644
B2037153731182N12153383WA008260090653
B2037163731178N12153380WA008310090621
B2037173731172N12153375WA008330090668
B2037183731165N12153370WA008330090884
B2037193731159N12153363WA008320090954
B2037203731155N12153354WA008330091203
B2037213731153N12153344WA008340091343
B2037223731154N12153334WA008350091479
B2037233731157N12153327WA008350091594
B2037243731161N12153320WA008370091621
B2037253731165N12153314WA008370091637
B2037263731169N12153311WA008400091626
B2037273731173N12153309WA008420091649
B2037293731180N12153312WA008460092214
B2037303731182N12153314WA008490092684
B2037313731184N12153316WA008520092991
B2037323731186N12153318WA008550093150
B2037333731188N12153320WA008570093212
B2037343731190N12153322WA008600093368
B2037353731193N12153325WA008600093436
B2037363731196N12153328WA008610093645
B2037373731199N12153331WA008640093823
B2037383731201N12153333WA008670093716
B2037393731202N12153336WA008680093630
B2037403731204N12153340WA008670093514
B2037413731206N12153345WA008640093623
B2037423731208N12153351WA008610093779
B2037433731210N12153358WA008600093979
B2037443731212N12153365WA008600094002
B2037453731212N12153370WA008620094184
B2037463731213N12153374WA008630094149
B2037473731214N12153379WA008630094145
B2037483731216N12153383WA008620094029
B2037493731218N12153388WA008640093979
B2037503731221N12153394WA008630093843
B2037513731224N12153400WA008610093800
B2037523731226N12153405WA008590093833
B2037533731228N12153409WA008590093839
B2037543731229N12153413WA008590093799
B2037553731231N12153418WA008590093760
B2037563731233N12153422WA008570093652
B2037573731235N12153426WA008560093665
B2037583731238N12153431WA008540093320
B2037593731240N12153436WA008510093281
B2038003731243N12153441WA008480093037
B2038013731245N12153447WA008450092990
B2038023731248N12153452WA008430092941
B2038033731251N12153456WA008420092939
B2038043731254N12153461WA008410092818
B2038053731257N12153466WA008410092836
B2038063731260N12153471WA008410092872
B2038073731264N12153475WA008420092836
B2038083731267N12153479WA008410092879
B2038093731271N12153484WA008410092813
B2038103731274N12153488WA008400092848
B2038113731277N12153493WA008400092782
B2038123731281N12153497WA008400092731
B2038133731285N12153500WA008390092605
B2038143731289N12153503WA008380092609
B2038153731293N12153507WA008360092614
B2038163731297N12153511WA008360092622
B2038173731301N12153515WA008340092610
B2038183731304N12153518WA008330092698
B2038193731308N12153522WA008340092585
B2038203731312N12153526WA008340092580
B2038213731317N12153529WA008330092529
B2038223731321N12153533WA008320092688
B2038233731326N12153537WA008330092864
B2038243731331N12153540WA008340092911
B2038253731334N12153542WA008360092844
B2038263731337N12153544WA008380092818
B2038273731339N12153547WA008380092762
B2038283731342N12153549WA008400092627
B2038293731345N12153551WA008390092629
B2038303731348N12153554WA008380092655
B2038313731351N12153557WA008370092683
B2038323731355N12153560WA008360092542
B2038333731359N12153563WA008330092400
B2038343731363N12153566WA008310092310
B2038353731367N12153569WA008270092241
B2038363731372N12153572WA008240092136
B2038373731377N12153576WA008220092084
B2038383731382N12153580WA008210091993
B2038393731388N12153584WA008180091710
B2038403731393N12153587WA008180091544
B2038413731398N12153590WA008170091343
B2038423731403N12153593WA008130091131
B2038433731408N12153595WA008120091004
B2038443731413N12153597WA008100091006
B2038453731418N12153599WA008060090927
B2038463731423N12153601WA008050090859
B2038473731428N12153604WA008030090670
B2038483731434N12153606WA008040090511
B2038493731439N12153607WA008040090409
B2038503731444N12153609WA008050090316
B2038513731449N12153610WA008050090369
B2038523731455N12153611WA008070090357
B2038533731461N12153612WA008080090326
B2038543731466N12153613WA008100090217
B2038553731470N12153615WA008120090241
B2038563731474N12153616WA008110090276
B2038573731478N12153618WA008120090383
B2038583731482N12153620WA008130090363
B2038593731486N12153622WA008140090205
B2039003731488N12153624WA008160090376
B2039013731491N12153625WA008160090249
B2039023731494N12153626WA008170090169
B2039033731498N12153627WA008160090006
B2039043731501N12153628WA008130090086
B2039053731506N12153630WA008130090010
B2039063731510N12153631WA008120090049
B2039073731514N12153634WA008120089974
B2039083731518N12153637WA008100089978
B2039093731522N12153641WA008070089868
B2039103731526N12153646WA008080089873
B2039113731531N12153649WA008070089807
B2039123731535N12153651WA008100089888
B2039133731540N12153653WA008100089950
B2039143731544N12153654WA008100089972
B2039153731548N12153656WA008100089812
B2039163731550N12153658WA008110089884
B2039173731553N12153660WA008110089728
B2039183731555N12153663WA008110089683
B2039193731558N12153666WA008090089581
B2039203731562N12153669WA008080089550
B2039213731566N12153672WA008060089462
B2039223731570N12153675WA008040089391
B2039233731574N12153677WA008050089370
B2039243731577N12153678WA008040089163
B2039253731581N12153679WA008040088919
B2039263731584N12153681WA008010088652
B2039273731588N12153682WA007970088524
B2039283731592N12153683WA007910088527
B2039293731594N12153683WA007850087972
B2039303731598N12153685WA007790087987
B2039313731603N12153688WA007730087934
B2039323731607N12153690WA007680087878
B2039333731612N12153692WA007630087559
B2039343731617N12153694WA007580087477
B2039353731623N12153696WA007530087300
B2039363731628N12153696WA007510087229
B2039373731633N12153697WA007510087194
B2039383731637N12153696WA007490086162
B2039393731641N12153698WA007490085860
B2039403731646N12153699WA007480085407
B2039413731651N12153700WA007460085143
B2039423731657N12153700WA007430084855
B2039433731663N12153700WA007390084558
B2039443731669N12153700WA007370084279
B2039453731676N12153700WA007340084007
B2039463731682N12153700WA007330083836
B2039473731688N12153700WA007310083624
B2039483731694N12153700WA007320083503
B2039493731699N12153700WA007310083414
B2039503731704N12153700WA007320083404
B2039513731708N12153700WA007320083355
B2039523731712N12153700WA007330083389
B2039533731716N12153701WA007340083280
B2039543731720N12153700WA007360083134
B2039553731724N12153699WA007360083045
B2039563731729N12153699WA007360082913
B2039573731733N12153699WA007340082897
B2039583731738N12153700WA007340082796
B2039593731743N12153701WA007330082695
B2040003731748N12153701WA007330082576
B2040013731753N12153701WA007320082354
B2040023731758N12153701WA007300082130
B2040033731763N12153700WA007260081957
B2040043731769N12153700WA007220081805
B2040053731775N12153699WA007200081719
B2040063731781N12153699WA007170081631
B2040073731787N12153698WA007150081472
B2040083731793N12153697WA007150081335
B2040093731798N12153697WA007150081260
B2040103731804N12153696WA007160081123
B2040113731809N12153695WA007150081083
B2040123731815N12153694WA007150080860
B2040133731821N12153692WA007150080776
B2040143731827N12153691WA007150080772
B2040153731833N12153689WA007150080635
B2040163731838N12153688WA007150080562
B2040173731843N12153686WA007130080468
B2040183731848N12153685WA007110080365
B2040193731853N12153684WA007100080364
B2040203731858N12153683WA007100080255
B2040213731863N12153683WA007100080130
B2040223731868N12153682WA007090080125
B2040233731873N12153681WA007080080039
B2040243731878N12153681WA007080080050
B2040253731883N12153679WA007070079989
B2040263731889N12153678WA007050079837
B2040273731894N12153677WA007040079896
B2040283731900N12153676WA007030079757
B2040293731905N12153675WA007030079696
B2040303731911N12153674WA007020079512
B2040313731916N12153672WA007010079428
B2040323731921N12153672WA006980079270
B2040333731927N12153671WA006940079389
B2040343731933N12153672WA006910079386
B2040353731940N12153673WA006890079365
B2040363731946N12153674WA006880079192
B2040373731952N12153674WA006890079058
B2040383731957N12153674WA006890078858
B2040393731962N12153675WA006880078662
B2040403731967N12153675WA006860078587
B2040413731973N12153676WA006840078325
B2040423731978N12153677WA006820078276
B2040433731984N12153678WA006780078047
B2040443731990N12153679WA006750077818
B2040453731995N12153680WA006730077695
B2040463732001N12153680WA006700077498
B2040473732007N12153681WA006680077192
B2040483732013N12153681WA006670076936
B2040493732018N12153682WA006650076890
B2040503732024N12153682WA006620076719
B2040513732029N12153684WA006590076576
B2040523732035N12153687WA006560076412
B2040533732040N12153689WA006530076238
B2040543732044N12153692WA006510076059
B2040553732048N12153696WA006510075810
B2040563732051N12153698WA006510075627
B2040573732054N12153701WA006480075469
B2040583732058N12153705WA006450075338
B2040593732062N12153710WA006430075213
B2041003732065N12153715WA006410075070
B2041013732069N12153719WA006390074898
B2041023732074N12153724WA006400074628
B2041033732078N12153728WA006400074548
B2041043732082N12153731WA006420074459
B2041053732086N12153734WA006430074437
B2041063732089N12153737WA006450074482
B2041073732092N12153739WA006480074595
B2041083732095N12153741WA006510074583
B2041093732098N12153742WA006540074478
B2041103732101N12153744WA006530074262
B2041113732105N12153745WA006530074129
B2041123732109N12153748WA006510074065
B2041133732114N12153751WA006490074058
B2041143732119N12153755WA006490074294
B2041153732124N12153758WA006490074496
B2041163732129N12153761WA006530074522
B2041173732132N12153761WA006570074766
B2041183732135N12153762WA006610074894
B2041193732139N12153762WA006640074702
B2041203732142N12153762WA006660074770
B2041213732146N12153762WA006660074891
B2041223732151N12153762WA006660075054
B2041233732157N12153762WA006690075330
B2041243732162N12153761WA006710075476
B2041253732166N12153760WA006740075699
B2041263732171N12153760WA006760075724
B2041273732175N12153760WA006770075764
B2041283732180N12153761WA006760075950
B2041293732186N12153761WA006760076007
B2041303732191N12153762WA006780076155
B2041313732196N12153763WA006790076326
B2041323732200N12153764WA006810076356
B2041333732205N12153765WA006820076524
B2041343732210N12153765WA006840076616
B2041353732214N12153765WA006850076796
B2041363732219N12153766WA006850076760
B2041373732224N12153766WA006850076839
B2041383732228N12153768WA006850076964
B2041393732232N12153770WA006850077025
B2041403732234N12153772WA006860077189
B2041413732236N12153775WA006860077177
B2041423732237N12153779WA006870077195
B2041433732238N12153784WA006870077150
B2041443732238N12153788WA006890077259
B2041453732236N12153794WA006890077365
B2041463732232N12153800WA006920077425
B2041473732226N12153804WA006950077576
B2041483732220N12153806WA006960077655
B2041493732215N12153807WA006980077807
B2041503732209N12153807WA007000078009
B2041513732204N12153805WA007030078141
B2041523732200N12153801WA007020078050
B2041533732197N12153795WA007040077889
B2041543732196N12153788WA007050077899
B2041553732197N12153781WA007060078132
B2041563732200N12153771WA007060078315
B2041573732204N12153760WA007070078387
B2041583732210N12153753WA007110078435
B2041593732216N12153747WA007110078365
B2042003732223N12153743WA007140078356
B2042013732229N12153742WA007150078539
B2042023732234N12153743WA007180078694
B2042033732240N12153744WA007190078871
B2042043732245N12153746WA007210079013
B2042053732247N12153750WA007230079520
B2042063732248N12153753WA007270079816
B2042073732248N12153757WA007300080085
B2042083732247N12153760WA007330080443
B2042093732246N12153762WA007360080587
B2042103732243N12153765WA007350080690
B2042113732238N12153767WA007350080565
B2042123732235N12153767WA007370080719
B2042133732225N12153767WA007380080996
B2042143732218N12153764WA007420081125
B2042153732211N12153759WA007440081397
B2042163732206N12153753WA007470081508
B2042173732202N12153747WA007470081636
B2042183732199N12153740WA007490081958
B2042193732197N12153736WA007500082135
B2042203732197N12153730WA007510082016
B2042213732197N12153726WA007510082414
B2042223732198N12153721WA007520082525
B2042233732200N12153717WA007540082361
B2042243732201N12153714WA007570082596
B2042253732206N12153712WA007600082529
B2042263732213N12153711WA007630082808
B2042273732220N12153711WA007670083116
B2042283732228N12153712WA007700083472
B2042293732237N12153713WA007740083406
B2042303732245N12153714WA007770083625
B2042313732253N12153715WA007800083869
B2042323732259N12153717WA007820084369
B2042343732268N12153726WA007860085149
B2042353732268N12153730WA007870085383
B2042363732266N12153734WA007860085396
B2042373732263N12153738WA007830085422
B2042383732254N12153742WA007830085757
B2042393732245N12153742WA007850086183
B2042403732239N12153739WA007870086519
B2042413732232N12153737WA007900086650
B2042423732227N12153732WA007930086818
B2042433732221N12153727WA007960087128
B2042443732215N12153722WA007980087552
B2042453732210N12153716WA008000087984
B2042463732207N12153710WA008040088261
B2042473732204N12153703WA008070088365
B2042483732203N12153696WA008080088307
B2042493732204N12153689WA008090088338
B2042503732206N12153684WA008080088490
B2042513732211N12153678WA008090088526
B2042523732216N12153678WA008110088849
B2042533732220N12153679WA008130089177
B2042543732225N12153681WA008160089334
B2042553732230N12153683WA008180089433
B2042563732233N12153686WA008210089893
B2042573732234N12153690WA008250090180
B2042583732235N12153693WA008260090228
B2042593732233N12153697WA008270090278
B2043003732229N12153702WA008270090418
B2043013732222N12153705WA008300090835
B2043023732216N12153706WA008320091320
B2043033732210N12153704WA008360091638
B2043043732204N12153701WA008390091999
B2043053732199N12153697WA008430092192
B2043063732195N12153690WA008460092388
B2043073732192N12153683WA008460092593
B2043083732191N12153675WA008480092774
B2043093732192N12153667WA008500093018
B2043103732193N12153661WA008530093371
B2043113732195N12153655WA008550093586
B2043123732198N12153651WA008570093650
B2043133732201N12153647WA008600093781
B2043143732206N12153644WA008600093802
B2043153732210N12153641WA008610093834
B2043163732216N12153641WA008610094106
B2043173732221N12153644WA008620094321
B2043183732226N12153646WA008630094329
B2043193732230N12153650WA008640094428
B2043203732231N12153654WA008670094487
B2043213732231N12153659WA008700094511
B2043223732229N12153663WA008710094617
B2043233732223N12153667WA008760094957
B2043243732218N12153670WA008800095053
B2043253732212N12153672WA008830095126
B2043263732204N12153674WA008810095290
B2043273732196N12153675WA008840095392
B2043283732189N12153673WA008820095429
B2043293732181N12153671WA008850095674
B2043303732176N12153667WA008890096142
B2043313732171N12153663WA008930096657
B2043323732166N12153661WA008980096940
B2043333732161N12153658WA009020097337
B2043343732156N12153656WA009070097512
B2043353732150N12153653WA009090097873
B2043363732145N12153650WA009120098101
B2043373732139N12153646WA009130098416
B2043383732133N12153642WA009140098847
B2043393732128N12153638WA009170099304
B2043403732122N12153633WA009190099778
B2043413732117N12153629WA009240100283
B2043423732112N12153625WA009290100693
B2043433732107N12153621WA009330100693
B2043443732102N12153619WA009370100782
B2043453732098N12153619WA009390100827
B2043463732094N12153621WA009380100729
B2043473732090N12153625WA009360100810
B2043483732085N12153626WA009350100999
B2043493732082N12153627WA009370101635
B2043503732082N12153626WA009410101947
B2043513732083N12153626WA009470102201
B2043523732090N12153628WA009530102265
B2043533732098N12153626WA009590101787
B2043543732103N12153626WA009640101862
B2043553732108N12153626WA009680101891
B2043563732115N12153628WA009690102012
B2043573732121N12153629WA009720102096
B2043583732128N12153631WA009740102270
B2043593732135N12153632WA009760102623
B2044003732141N12153632WA009800103158
B2044013732147N12153630WA009820103514
B2044023732151N12153625WA009840103751
B2044033732153N12153617WA009860104065
B2044043732152N12153609WA009860104392
B2044053732149N12153601WA009870104769
B2044063732144N12153596WA009880105168
B2044073732138N12153593WA009900105569
B2044083732132N12153593WA009940105987
B2044093732127N12153593WA009980105977
B2044103732123N12153597WA010010106053
B2044113732124N12153604WA010010106267
B2044123732124N12153611WA010020106381
B2044133732126N12153616WA010050106566
B2044143732129N12153620WA010070106789
B2044153732133N12153625WA010110107311
B2044163732137N12153628WA010170107417
B2044173732138N12153631WA010210107689
B2044183732141N12153635WA010250107811
B2044193732144N12153638WA010260107904
B2044203732147N12153640WA010240108088
B2044213732151N12153642WA010230108277
B2044223732156N12153638WA010240108323
B2044233732160N12153632WA010240108569
B2044243732164N12153625WA010220108515
B2044253732166N12153616WA010230108500
B2044263732161N12153607WA010260108812
B2044273732156N12153598WA010280108868
B2044283732149N12153591WA010290108989
B2044293732142N12153590WA010300109023
B2044303732134N12153588WA010310109389
B2044313732127N12153587WA010330109651
B2044323732120N12153584WA010350110047
B2044333732114N12153581WA010380110409
B2044343732107N12153578WA010420110897
B2044353732101N12153575WA010450111183
B2044363732095N12153571WA010490111394
B2044373732090N12153567WA010500111514
B2044383732084N12153563WA010520111711
B2044393732078N12153558WA010530111804
B2044403732071N12153553WA010520112077
B2044413732065N12153549WA010540112250
B2044423732059N12153544WA010560112464
B2044433732053N12153539WA010580112547
B2044443732047N12153535WA010590112613
B2044453732040N12153531WA010600112860
B2044463732034N12153527WA010620113032
B2044473732028N12153523WA010630113135
B2044483732022N12153519WA010640113228
B2044493732016N12153516WA010640113202
B2044503732009N12153513WA010650113280
B2044513732003N12153510WA010650113130
B2044523731996N12153506WA010630112978
B2044533731990N12153503WA010620112906
B2044543731983N12153500WA010600113005
B2044553731975N12153497WA010580112986
B2044563731968N12153494WA010560112957
B2044573731960N12153492WA010540112753
B2044583731952N12153489WA010510112519
B2044593731943N12153487WA010490112664
B2045003731935N12153484WA010480112714
B2045013731927N12153481WA010490112720
B2045023731920N12153478WA010510112800
B2045033731912N12153474WA010520112987
B2045043731905N12153470WA010520113069
B2045053731898N12153466WA010520113178
B2045063731892N12153462WA010530113224
B2045073731886N12153458WA010550113415
B2045083731880N12153455WA010580113525
B2045093731873N12153453WA010590113570
B2045103731867N12153450WA010600113604
B2045113731860N12153447WA010600113744
B2045123731854N12153444WA010600113831
B2045133731848N12153440WA010610113938
B2045143731843N12153438WA010630114200
B2045153731837N12153435WA010650114273
B2045163731833N12153432WA010680114222
B2045173731828N12153428WA010700114218
B2045183731822N12153425WA010700114293
B2045193731817N12153421WA010690114307
B2045203731810N12153418WA010690114406
B2045213731803N12153416WA010700114630
B2045223731797N12153414WA010740114863
B2045233731793N12153413WA010770114912
B2045243731788N12153411WA010800114991
B2045253731784N12153409WA010810114853
B2045263731779N12153407WA010780114854
B2045273731773N12153405WA010730114874
B2045283731766N12153402WA010690114846
B2045293731757N12153399WA010660114873
B2045303731748N12153395WA010660115075
B2045313731740N12153392WA010690115092
B2045323731733N12153388WA010710114979
B2045333731726N12153386WA010730114983
B2045343731719N12153384WA010720114782
B2045353731712N12153382WA010690114836
B2045363731704N12153381WA010660114850
B2045373731696N12153379WA010650114872
B2045383731689N12153377WA010630114813
B2045393731681N12153375WA010620114791
B2045403731674N12153372WA010590114547
B2045413731666N12153370WA010570114485
B2045423731658N12153368WA010540114371
B2045433731649N12153366WA010500114290
B2045443731640N12153363WA010470114295
B2045453731631N12153360WA010440114175
B2045463731622N12153357WA010430113961
B2045473731613N12153353WA010440113874
B2045483731605N12153349WA010440113719
B2045493731597N12153346WA010420113505
B2045503731589N12153343WA010430113404
B2045513731581N12153340WA010410113305
B2045523731572N12153337WA010390113265
B2045533731563N12153334WA010370113166
B2045543731554N12153331WA010350113078
B2045553731546N12153329WA010350112920
B2045563731537N12153326WA010350112882
B2045573731529N12153322WA010340112799
B2045583731522N12153319WA010340112613
B2045593731514N12153315WA010340112565
B2046003731507N12153311WA010320112413
B2046013731499N12153307WA010310112461
B2046023731491N12153303WA010310112480
B2046033731484N12153299WA010320112401
B2046043731476N12153294WA010320112348
B2046053731469N12153290WA010320112216
B2046063731461N12153286WA010320112253
B2046073731453N12153281WA010310112259
B2046083731445N12153277WA010300112225
B2046093731436N12153272WA010290112289
B2046103731428N12153268WA010290112233
B2046113731420N12153263WA010290112237
B2046123731411N12153259WA010280112291
B2046133731403N12153254WA010280112244
B2046143731395N12153250WA010270112244
B2046153731387N12153245WA010260112178
B2046163731379N12153241WA010260112179
B2046173731372N12153238WA010250112022
B2046183731364N12153234WA010260112347
B2046193731356N12153231WA010250112470
B2046203731350N12153228WA010270112200
B2046213731343N12153224WA010260112036
B2046223731335N12153220WA010240111989
B2046233731328N12153217WA010210111667
B2046243731321N12153214WA010180111323
B2046253731313N12153210WA010150111163
B2046263731303N12153205WA010110110879
B2046273731295N12153202WA010080110522
B2046283731287N12153199WA010050110045
B2046293731279N12153196WA010040109888
B2046303731272N12153194WA010010109442
B2046313731264N12153191WA009960109253
B2046323731256N12153188WA009920108963
B2046333731248N12153185WA009890108863
B2046343731240N12153182WA009860108696
B2046353731233N12153180WA009830108451
B2046363731225N12153177WA009800108199
B2046373731218N12153176WA009780107822
B2046383731210N12153174WA009740107527
B2046393731202N12153173WA009700107301
B2046403731193N12153171WA009670107166
B2046413731185N12153169WA009630106919
B2046423731176N12153167WA009590106848
B2046433731168N12153165WA009560106635
B2046443731160N12153163WA009530106550
B2046453731152N12153160WA009510106382
B2046463731145N12153157WA009480106233
B2046473731138N12153154WA009450106164
B2046483731131N12153151WA009420106176
B2046493731124N12153149WA009390106071
B2046503731117N12153146WA009360106059
B2046513731109N12153144WA009340105996
B2046523731100N12153141WA009300104863
B2046533731092N12153136WA009270104278
B2046543731084N12153132WA009240103843
B2046553731076N12153128WA009210103534
B2046563731068N12153124WA009180103246
B2046573731060N12153120WA009150102923
B2046583731052N12153115WA009130102828
B2046593731044N12153111WA009130102521
B2047003731036N12153107WA009110102333
B2047013731027N12153103WA009090102096
B2047023731019N12153099WA009060101763
B2047033731010N12153093WA009010101518
B2047043731000N12153088WA008970101268
B2047053730991N12153083WA008940101107
B2047063730981N12153078WA008900101032
B2047073730972N12153072WA008910100914
B2047083730963N12153066WA008920100767
B2047093730955N12153061WA008900100641
B2047103730947N12153055WA008910100684
B2047113730941N12153049WA008920100708
B2047123730935N12153044WA008930100617
B2047133730929N12153039WA008950100544
B2047143730924N12153034WA008970100513
B2047153730918N12153029WA009000100496
B2047163730913N12153025WA009020100331
B2047173730907N12153020WA009040100454
B2047183730900N12153015WA009050100596
B2047193730894N12153010WA009060100654
B2047203730888N12153005WA009080100641
B2047213730882N12152999WA009090100659
B2047223730876N12152995WA009130100771
B2047233730870N12152990WA009150100888
B2047243730865N12152986WA009180101025
B2047253730859N12152981WA009210101135
B2047263730853N12152976WA009240101144
B2047273730847N12152971WA009270101256
B2047283730841N12152967WA009290101392
B2047293730836N12152962WA009310101369
B2047303730831N12152958WA009310101417
B2047313730825N12152954WA009310101435
B2047323730819N12152950WA009310101503
B2047333730812N12152946WA009310101722
B2047343730805N12152942WA009300101942
B2047353730798N12152938WA009310101981
B2047363730792N12152933WA009340101947
B2047373730786N12152929WA009380101807
B2047383730780N12152926WA009400101700
B2047393730774N12152922WA009410101824
B2047403730767N12152919WA009400101991
B2047413730761N12152916WA009400102061
B2047423730755N12152912WA009410102169
B2047433730749N12152909WA009410102196
B2047443730744N12152905WA009400102189
B2047453730739N12152901WA009400102177
B2047463730734N12152897WA009380102101
B2047473730727N12152892WA009360102155
B2047483730720N12152888WA009340102211
B2047493730713N12152884WA009340102220
B2047503730706N12152879WA009350102399
B2047513730701N12152875WA009360102245
B2047523730695N12152871WA009350102280
B2047533730689N12152866WA009350102157
B2047543730682N12152862WA009340102168
B2047553730675N12152859WA009340102183
B2047563730669N12152855WA009340102109
B2047573730662N12152852WA009330102024
B2047583730655N12152848WA009330102067
B2047593730649N12152844WA009320101907
B2048003730642N12152840WA009310101733
B2048013730635N12152835WA009290101747
B2048023730628N12152830WA009270101609
B2048033730620N12152826WA009250101542
B2048043730612N12152822WA009240101580
B2048053730605N12152818WA009230101441
B2048063730598N12152814WA009230101421
B2048073730591N12152809WA009220101429
B2048083730584N12152805WA009220101457
B2048093730578N12152801WA009230101416
B2048103730571N12152797WA009230101374
B2048113730565N12152793WA009230101230
B2048123730558N12152788WA009210101282
B2048133730552N12152783WA009200101212
B2048143730545N12152778WA009200101163
B2048153730539N12152773WA009200101146
B2048163730533N12152769WA009180101030
B2048173730527N12152764WA009160100907
B2048183730520N12152760WA009130100855
B2048193730513N12152756WA009110100795
B2048203730507N12152752WA009090100638
B2048213730500N12152749WA009070100664
B2048223730493N12152745WA009070100598
B2048233730487N12152742WA009060100581
B2048243730482N12152737WA009040100618
B2048253730477N12152732WA009070100479
B2048263730474N12152728WA009090100265
B2048273730471N12152724WA009080100126
B2048283730467N12152721WA009060100025
B2048293730462N12152717WA009050100087
B2048303730457N12152713WA009010100094
B2048313730453N12152708WA008990099815
B2048323730448N12152703WA008980099646
B2048333730444N12152698WA008970099516
B2048343730439N12152693WA008960099378
B2048353730435N12152689WA008940099088
B2048363730431N12152685WA008920098948
B2048373730424N12152681WA008880098891
B2048383730417N12152677WA008850098984
B2048393730410N12152674WA008830098818
B2048403730402N12152672WA008830098996
B2048413730396N12152671WA008850098750
B2048423730390N12152669WA008850098578
B2048433730385N12152668WA008860098476
B2048443730380N12152667WA008850098358
B2048453730375N12152666WA008850098279
B2048463730370N12152665WA008850098194
B2048473730365N12152663WA008830098082
B2048483730360N12152660WA008810097944
B2048493730354N12152656WA008810098068
B2048503730348N12152652WA008800098059
B2048513730342N12152649WA008800098030
B2048523730336N12152645WA008810098024
B2048533730330N12152642WA008810098000
B2048543730324N12152638WA008820098017
B2048553730318N12152635WA008830098044
B2048563730312N12152632WA008830098092
B2048573730307N12152629WA008840098043
B2048583730302N12152626WA008860098106
B2048593730296N12152623WA008870098276
B2049003730291N12152620WA008890098252
B2049013730286N12152617WA008920098396
B2049023730283N12152615WA008940098203
B2049033730279N12152613WA008950098204
B2049043730274N12152612WA008930098247
B2049053730270N12152612WA008920098169
B2049063730266N12152615WA008900098240
B2049073730261N12152617WA008880098455
B2049083730257N12152618WA008870098506
B2049093730253N12152620WA008890098679
B2049103730252N12152622WA008920098625
B2049113730252N12152624WA008960098516
B2049123730254N12152626WA009000098782
B2049133730257N12152625WA009040098702
B2049143730257N12152624WA009060098989
B2049153730258N12152625WA009050098721
B2049163730259N12152625WA009070098510
B2049173730260N12152620WA009070098509
B2049183730261N12152613WA009080098040
B2049193730260N12152605WA009090098147
B2049213730258N12152591WA009110097809
B2049223730255N12152589WA009120098040
B2049233730251N12152590WA009130098691
B2049243730249N12152592WA009170098946
B2049253730246N12152595WA009200098830
B2049263730244N12152599WA009210098912
B2049273730242N12152604WA009200098930
B2049283730244N12152611WA009190098897
B2049293730248N12152617WA009180098966
B2049303730253N12152621WA009180099060
B2049313730259N12152622WA009190099224
B2049323730264N12152622WA009190099373
B2049333730269N12152621WA009210099522
B2049343730274N12152619WA009230099719
B2049353730277N12152617WA009240099787
B2049363730280N12152614WA009230099679
B2049373730282N12152610WA009220099634
B2049383730280N12152603WA009190099683
B2049393730276N12152594WA009160099755
B2049403730269N12152583WA009160099896
B2049413730263N12152578WA009180100206
B2049423730257N12152574WA009210100565
B2049433730253N12152570WA009260100822
B2049443730248N12152565WA009290100848
B2049453730243N12152561WA009320100924
B2049463730237N12152556WA009340101098
B2049473730233N12152551WA009350101007
B2049483730228N12152546WA009340101055
B2049493730223N12152541WA009350101177
B2049503730218N12152537WA009340101252
B2049513730213N12152532WA009340101238
B2049523730207N12152528WA009350101392
B2049533730202N12152523WA009350101364
B2049543730197N12152518WA009350101436
B2049553730191N12152514WA009360101491
B2049563730186N12152510WA009360101570
B2049573730181N12152506WA009370101654
B2049583730176N12152502WA009380101639
B2049593730171N12152499WA009380101729
B2050003730166N12152498WA009380101701
B2050013730160N12152497WA009370101753
B2050023730154N12152497WA009370101847
B2050033730147N12152498WA009360101991
B2050043730141N12152498WA009370102051
B2050053730135N12152497WA009380102234
B2050063730129N12152496WA009410102286
B2050073730124N12152495WA009430102376
B2050083730119N12152494WA009450102399
B2050093730114N12152494WA009460102475
B2050103730108N12152493WA009450102499
B2050113730102N12152493WA009440102584
B2050123730096N12152493WA009440102578
B2050133730091N12152495WA009440102543
B2050143730086N12152497WA009430102449
B2050153730081N12152501WA009400102403
B2050163730075N12152506WA009370102313
B2050173730069N12152512WA009360102430
B2050183730063N12152517WA009370102643
B2050193730057N12152521WA009380102628
B2050203730051N12152524WA009390102619
B2050213730046N12152526WA009420102607
B2050223730040N12152528WA009440102671
B2050233730035N12152529WA009460102605
B2050243730029N12152530WA009470102708
B2050253730022N12152532WA009470102764
B2050263730015N12152534WA009480102882
B2050273730008N12152535WA009480102969
B2050283730001N12152537WA009510103159
B2050293729994N12152540WA009530103343
B2050303729987N12152542WA009550103456
B2050313729980N12152544WA009570103591
B2050323729974N12152545WA009600103742
B2050333729968N12152545WA009630103828
B2050343729962N12152546WA009660103900
B2050353729956N12152546WA009700104031
B2050363729949N12152546WA009710104259
B2050373729943N12152548WA009730104413
B2050383729936N12152549WA009760104576
B2050393729930N12152550WA009790104680
B2050403729924N12152550WA009820104765
B2050413729917N12152551WA009850104993
B2050423729911N12152553WA009840105224
B2050433729904N12152555WA009860105592
B2050443729899N12152557WA009870105641
B2050453729894N12152561WA009870105981
B2050463729890N12152564WA009870106143
B2050473729886N12152566WA009860106374
B2050483729884N12152565WA009870106299
B2050493729882N12152566WA009880106279
B2050503729878N12152568WA009900106505
B2050523729876N12152570WA009910107014
B2050533729879N12152569WA009930107231
B2050543729881N12152566WA009940107382
B2050553729881N12152560WA009970107042
B2050563729880N12152551WA010000106679
B2050573729880N12152543WA010040106320
B2050583729880N12152533WA010080106180
B2050593729880N12152520WA010110105790
B2051003729881N12152509WA010130105619
B2051013729880N12152496WA010160105738
B2051023729875N12152487WA010160105868
B2051033729872N12152478WA010160105925
B2051043729869N12152471WA010170106326
B2051053729864N12152470WA010190106852
B2051063729859N12152471WA010220107213
B2051073729854N12152474WA010240107614
B2051083729850N12152478WA010270107973
B2051093729848N12152482WA010280108110
B2051103729846N12152486WA010280108297
B2051113729847N12152490WA010270108247
B2051123729849N12152494WA010280108400
B2051133729851N12152496WA010300108684
B2051143729855N12152497WA010330108901
B2051153729858N12152498WA010350109123
B2051163729861N12152499WA010360109227
B2051173729865N12152500WA010350109317
B2051183729869N12152502WA010340109462
B2051193729873N12152503WA010340109781
B2051203729877N12152503WA010350110069
B2051213729881N12152504WA010370110315
B2051223729884N12152504WA010400110699
B2051233729888N12152504WA010420110965
B2051243729892N12152502WA010430111148
B2051253729896N12152499WA010440111405
B2051263729898N12152494WA010450111672
B2051273729900N12152487WA010470111833
B2051283729900N12152479WA010480112040
B2051293729898N12152470WA010490112283
B2051303729895N12152462WA010500112532
B2051313729890N12152455WA010520112714
B2051323729883N12152450WA010550112874
B2051333729876N12152447WA010560113056
B2051343729868N12152446WA010580113184
B2051353729861N12152445WA010590113215
B2051363729853N12152446WA010590113347
B2051373729847N12152450WA010620113785
B2051383729842N12152454WA010650113846
B2051393729838N12152459WA010680113883
B2051403729835N12152464WA010690113670
B2051413729840N12152467WA010700113749
B2051423729844N12152469WA010710113868
B2051433729848N12152471WA010720113985
B2051443729853N12152468WA010740114149
B2051453729856N12152464WA010750114378
B2051463729859N12152459WA010770114515
B2051473729860N12152453WA010780114620
B2051483729859N12152445WA010800114775
B2051493729857N12152437WA010810114955
B2051503729853N12152429WA010810115159
B2051513729847N12152424WA010820115390
B2051523729841N12152419WA010830115428
B2051533729833N12152417WA010840115473
B2051543729825N12152415WA010840115586
B2051553729818N12152413WA010840115608
B2051563729810N12152412WA010860115641
B2051573729803N12152410WA010880115934
B2051583729796N12152408WA010900116154
B2051593729789N12152405WA010930116366
B2052003729782N12152401WA010940116457
B2052013729775N12152397WA010960116534
B2052023729768N12152392WA010970116629
B2052033729760N12152390WA010990116790
B2052043729753N12152387WA011010116849
B2052053729745N12152386WA011020116861
B2052063729737N12152384WA011010116862
B2052073729729N12152381WA011000116835
B2052083729720N12152377WA010990116838
B2052093729710N12152373WA010990116997
B2052103729701N12152370WA010980117041
B2052113729691N12152366WA010980117085
B2052123729683N12152363WA011000117123
B2052133729675N12152359WA011030117496
B2052143729669N12152355WA011050117538
B2052153729662N12152351WA011080117679
B2052163729655N12152347WA011090117656
B2052173729648N12152342WA011070117609
B2052183729640N12152338WA011060117855
B2052193729633N12152334WA011090117819
B2052203729625N12152332WA011110117950
B2052213729618N12152329WA011110117905
B2052223729610N12152326WA011110117858
B2052233729602N12152323WA011110117773
B2052243729594N12152319WA011090117730
B2052253729585N12152314WA011070117887
B2052263729577N12152310WA011060117953
B2052273729569N12152306WA011070117986
B2052283729562N12152303WA011080117900
B2052293729554N12152299WA011080117763
B2052303729546N12152294WA011070117699
B2052313729539N12152290WA011050117613
B2052323729531N12152286WA011050117760
B2052333729524N12152282WA011050117831
B2052343729517N12152278WA011060117834
B2052353729510N12152274WA011050117736
B2052363729503N12152270WA011060117614
B2052373729496N12152265WA011050117608
B2052383729488N12152261WA011040117673
B2052393729481N12152256WA011020117645
B2052403729474N12152251WA011020117505
B2052413729466N12152246WA011010117646
B2052423729458N12152241WA011000117788
B2052433729451N12152237WA011000117721
B2052443729443N12152232WA011000117784
B2052453729436N12152228WA011010117790
B2052463729430N12152223WA011010117757
B2052473729424N12152219WA011000117611
B2052483729417N12152214WA010990117533
B2052493729409N12152209WA010970117580
B2052503729402N12152203WA010940117405
B2052513729394N12152197WA010920117425
B2052523729386N12152191WA010930117427
B2052533729378N12152186WA010930117442
B2052543729370N12152181WA010930117570
B2052553729363N12152176WA010920117502
B2052563729355N12152171WA010880117522
B2052583729338N12152161WA010860117698
B2052593729330N12152157WA010870117636
B2053003729321N12152153WA010880117669
B2053013729313N12152149WA010880117629
B2053023729304N12152145WA010860117496
B2053033729296N12152141WA010850117371
B2053043729288N12152136WA010870117267
B2053053729279N12152132WA010890117197
B2053063729271N12152129WA010890117316
B2053073729262N12152126WA010890117224
B2053083729254N12152122WA010880117146
B2053093729246N12152118WA010890117169
B2053103729238N12152114WA010900117179
B2053113729231N12152110WA010890117104
B2053123729223N12152105WA010880117046
B2053133729216N12152100WA010880117025
B2053143729209N12152095WA010880117012
B2053153729202N12152090WA010860116920
B2053163729195N12152085WA010870116820
B2053173729188N12152080WA010860116720
B2053183729181N12152075WA010850116700
B2053193729173N12152070WA010830116651
B2053203729165N12152065WA010840116684
B2053213729158N12152060WA010830116518
B2053223729150N12152056WA010840116555
B2053233729143N12152052WA010820116511
B2053243729135N12152047WA010830116598
B2053253729128N12152043WA010820116461
B2053263729121N12152038WA010840116534
B2053273729114N12152033WA010830116426
B2053283729107N12152029WA010820116301
B2053293729099N12152024WA010800116236
B2053303729091N12152020WA010780116351
B2053313729083N12152015WA010770116348
B2053323729075N12152011WA010740116327
B2053343729059N12152004WA010720116440
B2053353729051N12152000WA010770116351
B2053363729043N12151996WA010780116452
B2053373729035N12151992WA010770116443
B2053383729027N12151989WA010760116450
B2053393729019N12151986WA010730116483
B2053403729013N12151985WA010800116402
B2053413729006N12151984WA010830116298
B2053423728999N12151985WA010800115783
B2053433728991N12151984WA010770115790
B2053443728983N12151982WA010730115839
B2053453728974N12151982WA010690115742
B2053463728965N12151982WA010670115750
B2053473728957N12151980WA010670115315
B2053483728950N12151978WA010660114722
B2053493728942N12151974WA010650114377
B2053503728934N12151971WA010620113981
B2053513728927N12151967WA010590113823
B2053523728919N12151963WA010560113711
B2053533728911N12151958WA010500113672
B2053543728904N12151952WA010480113544
B2053553728896N12151946WA010460113358
B2053563728888N12151942WA010470113226
B2053573728880N12151939WA010460113114
B2053583728872N12151936WA010460112956
B2053593728865N12151933WA010440112839
B2054003728857N12151930WA010420112634
B2054013728849N12151926WA010410112638
B2054023728841N12151923WA010400112652
B2054033728833N12151919WA010380112638
B2054043728825N12151916WA010370112523
B2054053728817N12151913WA010360112410
B2054063728809N12151909WA010340112327
B2054073728801N12151906WA010330112131
B2054083728792N12151902WA010310112070
B2054093728784N12151897WA010310112018
B2054103728775N12151893WA010310112065
B2054113728767N12151889WA010330112062
B2054123728760N12151884WA010350112069
B2054133728754N12151881WA010360111910
B2054143728747N12151877WA010350111933
B2054153728740N12151873WA010350111807
B2054163728732N12151869WA010340111826
B2054173728724N12151865WA010340111852
B2054183728716N12151860WA010350111643
B2054193728709N12151855WA010350111524
B2054203728702N12151850WA010360111337
B2054213728694N12151846WA010330111393
B2054223728687N12151842WA010320111410
B2054233728679N12151838WA010320111520
B2054243728671N12151834WA010320111685
B2054253728664N12151831WA010340111682
B2054263728658N12151828WA010330111621
B2054273728651N12151825WA010340111582
B2054283728645N12151822WA010330111411
B2054293728638N12151818WA010330111315
B2054303728631N12151814WA010310111607
B2054313728623N12151810WA010300111868
B2054323728616N12151807WA010320112162
B2054333728610N12151803WA010370112126
B2054343728605N12151800WA010420112394
B2054353728603N12151796WA010480112549
B2054363728598N12151792WA010530112649
B2054373728596N12151790WA010590112935
B2054383728593N12151786WA010630113034
B2054393728592N12151783WA010650113214
B2054403728588N12151778WA010650113329
B2054413728583N12151774WA010660113522
B2054423728579N12151771WA010690114025
B2054433728574N12151768WA010740114202
B2054443728571N12151766WA010800114933
B2054453728567N12151763WA010860115216
B2054463728563N12151760WA010910115539
B2054473728559N12151758WA010970115670
B2054483728555N12151754WA010990115873
B2054493728551N12151750WA011000116004
B2054503728545N12151747WA011020116297
B2054513728540N12151746WA011030116415
B2054523728536N12151747WA011040116635
B2054533728532N12151746WA011030116535
B2054543728530N12151747WA011040116320
B2054553728527N12151747WA011070116157
B2054563728527N12151749WA011120116145
B2054573728525N12151750WA011170116116
B2054583728523N12151754WA011230116390
B2054593728528N12151767WA011270116525
B2055003728531N12151777WA011310116584
B2055013728537N12151787WA011340116409
B2055023728544N12151796WA011350117523
B2055043728547N12151797WA011370119289
B2055053728546N12151795WA011380118922
B2055063728548N12151795WA011400119152
B2055073728549N12151796WA011440119588
B2055083728550N12151797WA011490119513
B2055093728548N12151800WA011550119502
B2055103728542N12151809WA011630120056
B2055113728537N12151817WA011700120209
B2055123728531N12151823WA011770120262
B2055133728526N12151829WA011810120062
B2055143728514N12151840WA011800120585
B2055153728507N12151851WA011790121269
B2055163728504N12151861WA011800121409
B2055173728503N12151870WA011810121775
B2055183728502N12151877WA011820122732
B2055193728504N12151880WA011850123146
B2055203728505N12151883WA011880123842
B2055213728507N12151885WA011930123610
B2055223728508N12151882WA011970123428
B2055233728508N12151878WA012010123351
B2055243728507N12151872WA012050123698
B2055253728507N12151865WA012080123744
B2055263728504N12151859WA012090124839
B2055273728500N12151856WA012080125198
B2055283728495N12151855WA012090125550
B2055293728489N12151854WA012090125744
B2055303728478N12151853WA012110125959
B2055313728470N12151856WA012150126405
B2055323728462N12151858WA012200126992
B2055333728455N12151859WA012250127346
B2055343728448N12151861WA012290127501
B2055353728440N12151861WA012330128108
B2055363728432N12151863WA012360128540
B2055373728425N12151864WA012380128877
B2055383728419N12151865WA012400129118
B2055393728412N12151866WA012400129365
B2055403728405N12151865WA012400129583
B2055413728399N12151864WA012410129712
B2055423728393N12151862WA012430130236
B2055433728387N12151860WA012460130679
B2055443728381N12151859WA012490131081
B2055453728375N12151857WA012520131338
B2055463728368N12151856WA012540131755
B2055473728361N12151854WA012570132089
B2055483728355N12151852WA012600132328
B2055493728348N12151850WA012620132797
B2055503728342N12151848WA012650133068
B2055513728336N12151847WA012700133339
B2055523728330N12151847WA012730133616
B2055533728323N12151847WA012760133975
B2055543728317N12151847WA012790134044
B2055553728312N12151845WA012820134305
B2055563728306N12151843WA012840134584
B2055573728302N12151841WA012850134702
B2055583728296N12151839WA012860134991
B2055593728291N12151837WA012870135063
B2056003728285N12151835WA012860135279
B2056013728279N12151835WA012880135341
B2056023728273N12151834WA012880135321
B2056033728266N12151833WA012880135461
B2056043728259N12151832WA012880135561
B2056053728252N12151830WA012900135578
B2056063728245N12151829WA012910135765
B2056073728239N12151828WA012940135750
B2056083728233N12151826WA012960135963
B2056093728227N12151824WA012990136074
B2056103728221N12151822WA013020136169
B2056113728215N12151821WA013030136243
B2056123728208N12151820WA013050136480
B2056133728202N12151818WA013060136629
B2056143728194N12151817WA013080136790
B2056153728189N12151816WA013110136902
B2056163728183N12151815WA013130137006
B2056173728176N12151815WA013130137282
B2056183728170N12151814WA013130137461
B2056193728163N12151812WA013140137579
B2056203728156N12151812WA013160137861
B2056213728149N12151811WA013180138037
B2056223728142N12151811WA013200138272
B2056233728136N12151810WA013230138317
B2056243728130N12151809WA013240138411
B2056253728124N12151807WA013250138588
B2056263728117N12151807WA013260138766
B2056273728110N12151808WA013260139015
B2056283728103N12151810WA013270139211
B2056293728096N12151810WA013290139254
B2056303728091N12151809WA013330139212
B2056313728085N12151806WA013350139539
B2056323728081N12151804WA013350139520
B2056333728076N12151801WA013340139540
B2056343728070N12151796WA013340139597
B2056353728065N12151791WA013330139634
B2056363728059N12151785WA013340139669
B2056373728054N12151779WA013350139816
B2056383728049N12151773WA013360140018
B2056393728044N12151767WA013360140027
B2056403728038N12151762WA013370140191
B2056413728032N12151756WA013370140281
B2056423728026N12151750WA013370140421
B2056433728019N12151744WA013400140559
B2056443728013N12151740WA013420140613
B2056453728006N12151734WA013450140759
B2056463727999N12151728WA013470140979
B2056473727992N12151722WA013490141064
B2056483727985N12151716WA013510141111
B2056493727977N12151710WA013530141290
B2056503727971N12151704WA013550141424
B2056513727964N12151698WA013590141649
B2056523727958N12151694WA013600141831
B2056533727951N12151688WA013610142019
B2056543727943N12151684WA013610142222
B2056553727935N12151679WA013640142444
B2056563727928N12151675WA013660142531
B2056573727921N12151671WA013690142651
B2056583727915N12151668WA013700142665
B2056593727909N12151665WA013670142640
B2057003727902N12151660WA013630142766
B2057013727894N12151655WA013600142794
B2057023727886N12151649WA013570142774
B2057033727878N12151643WA013580142645
B2057043727870N12151637WA013590142649
B2057053727862N12151632WA013590142784
B2057063727855N12151627WA013590142770
B2057073727848N12151621WA013590142764
B2057083727841N12151615WA013570142755
B2057093727834N12151609WA013560142633
B2057103727827N12151603WA013550142632
B2057113727820N12151596WA013540142558
B2057123727813N12151590WA013540142586
B2057133727807N12151585WA013530142420
B2057143727800N12151579WA013520142344
B2057153727793N12151574WA013500142351
B2057163727786N12151568WA013470142305
B2057173727778N12151563WA013460142441
B2057183727771N12151558WA013450142400
B2057193727764N12151553WA013470142416
B2057203727757N12151549WA013470142368
B2057213727751N12151546WA013450142121
B2057223727744N12151542WA013430141931
B2057233727736N12151537WA013380141881
B2057243727728N12151531WA013350141934
B2057253727719N12151525WA013330142119
B2057263727711N12151520WA013370142239
B2057273727704N12151516WA013420142319
B2057283727699N12151516WA013470142788
B2057293727694N12151515WA013510142737
B2057303727688N12151513WA013520142606
B2057313727681N12151511WA013500142642
B2057323727675N12151508WA013480142521
B2057333727669N12151504WA013460142426
B2057343727663N12151501WA013450142466
B2057353727658N12151499WA013470142332
B2057363727652N12151497WA013470142283
B2057373727647N12151495WA013470142203
B2057383727640N12151493WA013460142292
B2057393727634N12151490WA013450142133
B2057403727627N12151487WA013440142031
B2057413727620N12151483WA013440142038
B2057423727613N12151480WA013440141956
B2057433727607N12151477WA013440142025
B2057443727601N12151474WA013440142066
B2057453727596N12151471WA013460142086
B2057463727592N12151468WA013470142046
B2057473727588N12151465WA013470142008
B2057483727582N12151463WA013470141980
B2057493727577N12151460WA013470141900
B2057503727570N12151456WA013460141977
B2057513727564N12151453WA013460142021
B2057523727557N12151449WA013480142098
B2057533727551N12151446WA013490142077
B2057543727545N12151443WA013490142068
B2057553727539N12151441WA013490141971
B2057563727533N12151438WA013490141953
B2057573727527N12151435WA013480141912
B2057583727520N12151431WA013450141838
B2057593727513N12151427WA013430141739
B2058003727506N12151423WA013410141736
B2058013727499N12151419WA013400141642
B2058023727492N12151415WA013400141593
B2058033727486N12151411WA013390141367
B2058043727480N12151408WA013370141131
B2058053727474N12151404WA013340141011
B2058063727467N12151399WA013310140984
B2058073727461N12151394WA013280140843
B2058083727455N12151389WA013270140722
B2058093727449N12151384WA013260140515
B2058103727443N12151380WA013250140366
B2058113727438N12151376WA013230140204
B2058123727432N12151372WA013190140050
B2058133727426N12151367WA013170140051
B2058143727420N12151361WA013140139948
B2058153727414N12151357WA013120139761
B2058163727409N12151351WA013120139608
B2058173727403N12151346WA013100139584
B2058183727398N12151340WA013100139388
B2058193727393N12151335WA013090139181
B2058203727388N12151329WA013060139040
B2058213727382N12151322WA013040138939
B2058223727375N12151316WA013010138879
B2058233727368N12151311WA013010138861
B2058243727361N12151306WA013010138771
B2058253727355N12151302WA013020138630
B2058263727349N12151298WA013000138402
B2058273727343N12151295WA012990138200
B2058283727337N12151292WA012980138023
B2058293727331N12151289WA012960137825
B2058303727325N12151286WA012940137516
B2058313727318N12151282WA012910137589
B2058323727312N12151279WA012870137323
B2058333727305N12151275WA012820137398
B2058343727299N12151272WA012790137251
B2058353727292N12151268WA012760137064
B2058363727286N12151265WA012750136954
B2058373727280N12151263WA012760136732
B2058383727274N12151261WA012760136712
B2058393727268N12151259WA012750136515
B2058403727262N12151258WA012750136233
B2058413727256N12151256WA012740136067
B2058423727250N12151254WA012720135864
B2058433727244N12151251WA012700135649
B2058443727237N12151249WA012690135491
B2058453727231N12151246WA012680135370
B2058463727225N12151243WA012680135030
B2058473727219N12151240WA012670134931
B2058483727213N12151237WA012660134726
B2058493727206N12151235WA012630134486
B2058503727200N12151233WA012580134201
B2058513727192N12151229WA012530134097
B2058523727185N12151224WA012500133937
B2058533727178N12151219WA012480133706
B2058543727171N12151215WA012480133606
B2058553727163N12151211WA012500133596
B2058563727156N12151208WA012480133271
B2058573727149N12151204WA012470133127
B2058583727141N12151201WA012450132958
B2058593727133N12151198WA012430132755
B2059003727125N12151195WA012400132613
B2059013727115N12151191WA012370132588
B2059023727106N12151189WA012350132482
B2059033727098N12151186WA012350132206
B2059043727089N12151183WA012340132188
B2059053727081N12151181WA012310131970
B2059063727073N12151178WA012300131790
B2059073727066N12151175WA012270131620
B2059083727059N12151171WA012250131308
B2059093727051N12151168WA012220131121
B2059103727043N12151164WA012190130944
B2059113727035N12151160WA012170130757
B2059123727026N12151156WA012150130494
B2059133727017N12151152WA012120130285
B2059143727007N12151149WA012130130051
B2059153726998N12151146WA012140129911
B2059163726989N12151143WA012130129834
B2059173726980N12151140WA012140129798
B2059183726973N12151138WA012160129662
B2059193726967N12151136WA012190129523
B2059203726961N12151134WA012190129403
B2059213726954N12151132WA012190129373
B2059223726947N12151130WA012180129274
B2059233726940N12151128WA012160129214
B2059243726932N12151126WA012140129236
B2059253726924N12151125WA012120129181
B2059263726917N12151124WA012110129052
B2059273726910N12151123WA012100128864
B2059283726903N12151122WA012090128756
B2059293726896N12151121WA012060128647
B2059303726888N12151120WA012040128585
B2059313726880N12151119WA012020128561
B2059323726872N12151117WA012000128301
B2059333726864N12151115WA012010128117
B2059343726856N12151115WA012010128181
B2059353726849N12151114WA012010128086
B2059363726842N12151114WA012000128063
B2059373726835N12151113WA011980127943
B2059383726827N12151112WA011960127861
B2059393726819N12151111WA011950127670
B2059403726811N12151109WA011930127466
B2059413726803N12151108WA011910127334
B2059423726794N12151107WA011890127381
B2059433726786N12151105WA011900127355
B2059443726778N12151103WA011900127345
B2059453726771N12151101WA011910127200
B2059463726763N12151098WA011920127274
B2059473726756N12151095WA011910127269
B2059483726749N12151093WA011900127132
B2059493726741N12151090WA011890127186
B2059503726734N12151087WA011890127018
B2059513726726N12151085WA011880127052
B2059523726719N12151082WA011880127044
B2059533726712N12151079WA011880126963
B2059543726706N12151075WA011870126919
B2059553726699N12151072WA011860126857
B2059563726692N12151069WA011860126878
B2059573726685N12151066WA011850126777
B2059583726678N12151063WA011860126745
B2059593726671N12151060WA011850126531
B2100003726664N12151056WA011830126388
B2100013726658N12151053WA011830126136
B2100023726651N12151050WA011790125836
B2100033726644N12151047WA011750125703
B2100043726636N12151043WA011700125503
B2100053726627N12151039WA011670125450
B2100063726619N12151035WA011650125300
B2100073726611N12151031WA011670125125
B2100083726604N12151028WA011690124933
B2100093726597N12151024WA011670124599
B2100103726591N12151021WA011650124365
B2100113726584N12151018WA011640124272
B2100123726577N12151015WA011620124150
B2100133726570N12151011WA011620124149
B2100143726563N12151008WA011600124059
B2100153726556N12151005WA011590123889
B2100163726549N12151002WA011560123634
B2100173726541N12150998WA011540123536
B2100183726532N12150994WA011520123297
B2100193726524N12150990WA011510123365
B2100203726516N12150985WA011540123229
B2100213726508N12150981WA011550123177
B2100223726501N12150978WA011570123070
B2100233726495N12150974WA011570122911
B2100243726488N12150970WA011560122983
B2100253726482N12150966WA011550122911
B2100263726474N12150961WA011550122985
B2100273726467N12150957WA011530123060
B2100283726460N12150952WA011540122914
B2100293726453N12150947WA011550122918
B2100303726446N12150943WA011570122946
B2100313726439N12150939WA011560122886
B2100323726432N12150935WA011550122896
B2100333726425N12150931WA011530122831
B2100343726417N12150926WA011540122946
B2100353726409N12150922WA011530123071
B2100363726402N12150917WA011520123018
B2100373726394N12150914WA011540123170
B2100383726387N12150910WA011540123110
B2100393726379N12150906WA011530123280
B2100403726372N12150902WA011550123171
B2100413726365N12150898WA011550123170
B2100423726358N12150894WA011560123190
B2100433726352N12150890WA011560123111
B2100443726344N12150885WA011550123288
B2100453726337N12150881WA011550123215
B2100463726329N12150877WA011570123241
B2100473726322N12150872WA011580123215
B2100483726315N12150868WA011600123131
B2100493726308N12150864WA011590123190
B2100503726302N12150860WA011580123023
B2100513726295N12150856WA011570123126
B2100523726287N12150853WA011550123031
B2100533726279N12150849WA011550123115
B2100543726271N12150846WA011540123101
B2100553726263N12150842WA011550123058
B2100563726256N12150839WA011550123035
B2100573726249N12150836WA011550122921
B2100583726242N12150832WA011550122918
B2100593726234N12150829WA011530122830
B2101003726226N12150824WA011520122828
B2101013726217N12150820WA011510122843
B2101023726208N12150815WA011520122908
B2101033726199N12150812WA011540122952
B2101043726192N12150808WA011540123026
B2101053726185N12150804WA011550122904
B2101063726177N12150800WA011540122961
B2101073726169N12150796WA011530122973
B2101083726161N12150792WA011530123058
B2101093726152N12150789WA011530123184
B2101103726144N12150786WA011540123122
B2101113726135N12150783WA011540123170
B2101123726127N12150779WA011540123149
B2101133726119N12150776WA011540123029
B2101143726110N12150773WA011530122956
B2101153726101N12150770WA011530123073
B2101163726092N12150767WA011520123162
B2101173726083N12150765WA011540123211
B2101183726074N12150763WA011560123372
B2101193726066N12150760WA011570123277
B2101203726058N12150758WA011550123127
B2101213726049N12150756WA011550123229
B2101223726040N12150755WA011560123224
B2101233726031N12150753WA011550123237
B2101243726022N12150751WA011560123156
B2101253726013N12150749WA011550123194
B2101263726005N12150747WA011540123105
B2101273725995N12150746WA011550123151
B2101283725985N12150745WA011550123287
B2101293725976N12150746WA011560123407
B2101303725966N12150747WA011570123568
B2101313725957N12150748WA011580123654
B2101323725948N12150748WA011590123761
B2101333725940N12150748WA011610123831
B2101343725931N12150748WA011630123884
B2101353725924N12150748WA011640123819
B2101363725916N12150748WA011630123807
B2101373725907N12150748WA011620123985
B2101383725899N12150748WA011620124160
B2101393725891N12150747WA011640124190
B2101403725884N12150745WA011650124199
B2101413725878N12150744WA011650124111
B2101423725871N12150742WA011640124011
B2101433725863N12150740WA011630124080
B2101443725855N12150738WA011620123981
B2101453725847N12150736WA011620123963
B2101463725839N12150734WA011620123978
B2101473725831N12150733WA011630123981
B2101483725824N12150731WA011630123832
B2101493725816N12150729WA011630123970
B2101503725809N12150726WA011640123816
B2101513725801N12150723WA011630123869
B2101523725794N12150721WA011650123856
B2101533725787N12150719WA011640123845
B2101543725780N12150717WA011660123942
B2101553725773N12150715WA011660123991
B2101563725767N12150712WA011660123828
B2101573725760N12150710WA011640123732
B2101583725753N12150707WA011620123802
B2101593725745N12150704WA011600123840
B2102003725737N12150700WA011590123989
B2102013725730N12150698WA011590123930
B2102023725722N12150695WA011600123994
B2102033725715N12150693WA011600123953
B2102043725708N12150691WA011600123978
B2102053725702N12150690WA011600123917
B2102063725695N12150689WA011570123923
B2102073725687N12150687WA011560123988
B2102083725680N12150686WA011540123910
B2102093725672N12150684WA011540123923
B2102103725664N12150682WA011540123817
B2102113725656N12150681WA011540123810
B2102123725648N12150679WA011530123810
B2102133725640N12150676WA011540123718
B2102143725632N12150674WA011550123747
B2102153725625N12150672WA011560123604
B2102163725618N12150670WA011560123421
B2102173725611N12150667WA011540123308
B2102183725603N12150665WA011520123358
B2102193725595N12150663WA011500123432
B2102203725587N12150660WA011500123413
B2102213725578N12150657WA011510123454
B2102223725570N12150654WA011520123444
B2102233725563N12150651WA011530123328
B2102243725556N12150649WA011520123143
B2102253725549N12150647WA011510123031
B2102263725541N12150645WA011490123042
B2102273725532N12150643WA011470123053
B2102283725523N12150641WA011460123132
B2102293725514N12150639WA011460123235
B2102303725506N12150637WA011480123106
B2102313725498N12150636WA011490123211
B2102323725490N12150634WA011510123267
B2102333725482N12150633WA011500123062
B2102343725475N12150631WA011500123109
B2102353725466N12150630WA011500123291
B2102363725459N12150628WA011510123400
B2102373725451N12150625WA011530123439
B2102383725444N12150623WA011550123317
B2102393725437N12150620WA011550123252
B2102403725430N12150616WA011550123174
B2102413725424N12150611WA011540123117
B2102423725417N12150606WA011530123061
B2102433725410N12150600WA011520123090
B2102443725403N12150594WA011520122990
B2102453725396N12150588WA011520122965
B2102463725389N12150583WA011510122943
B2102473725382N12150577WA011500122828
B2102483725374N12150572WA011500122890
B2102493725367N12150566WA011480122782
B2102503725360N12150560WA011480122757
B2102513725352N12150555WA011470122790
B2102523725345N12150549WA011470122724
B2102533725337N12150543WA011470122757
B2102543725329N12150538WA011470122772
B2102553725321N12150532WA011470122897
B2102563725314N12150527WA011470122827
B2102573725306N12150522WA011500122977
B2102583725299N12150517WA011500122995
B2102593725293N12150512WA011520122991
B2103003725287N12150506WA011520122873
B2103013725281N12150500WA011500122724
B2103023725274N12150494WA011490122803
B2103033725266N12150488WA011500122881
B2103043725259N12150482WA011500123051
B2103053725252N12150476WA011520123095
B2103063725246N12150471WA011510122941
B2103073725240N12150466WA011520122922
B2103083725234N12150461WA011520123004
B2103093725228N12150456WA011520123012
B2103103725222N12150450WA011520123034
B2103113725216N12150444WA011540123194
B2103123725211N12150439WA011560123193
B2103133725207N12150434WA011570123102
B2103143725201N12150429WA011560123194
B2103153725196N12150424WA011540123046
B2103163725190N12150419WA011520122978
B2103173725184N12150414WA011500122902
B2103183725177N12150408WA011480122865
B2103193725171N12150402WA011480122858
B2103203725165N12150397WA011480122886
B2103213725160N12150392WA011480122707
B2103223725154N12150388WA011470122622
B2103233725148N12150383WA011460122617
B2103243725141N12150378WA011430122577
B2103253725135N12150373WA011420122403
B2103263725128N12150367WA011400122359
B2103273725121N12150362WA011380122195
B2103283725115N12150357WA011360122120
B2103293725108N12150351WA011350122007
B2103303725100N12150346WA011350121955
B2103313725093N12150341WA011360121754
B2103323725087N12150336WA011360121604
B2103333725080N12150331WA011330121672
B2103343725074N12150325WA011320121827
B2103353725068N12150320WA011330121712
B2103363725062N12150315WA011350121570
B2103373725057N12150310WA011370121482
B2103383725053N12150305WA011360121301
B2103393725047N12150300WA011340121291
B2103403725042N12150294WA011320121324
B2103413725035N12150288WA011300121480
B2103423725029N12150281WA011310121563
B2103433725023N12150275WA011310121591
B2103443725018N12150269WA011330121476
B2103453725013N12150264WA011330121388
B2103463725009N12150260WA011330121111
B2103473725004N12150255WA011300120934
B2103483724998N12150250WA011260120792
B2103493724993N12150244WA011240120634
B2103503724987N12150239WA011210120572
B2103513724981N12150234WA011180120384
B2103523724975N12150229WA011140120298
B2103533724969N12150225WA011090120142
B2103543724962N12150220WA011040120026
B2103553724954N12150216WA010980120142
B2103563724946N12150211WA010940120135
B2103573724938N12150206WA010910120017
B2103583724929N12150201WA010890119754
B2103593724921N12150196WA010890119553
B2104003724913N12150191WA010870119251
B2104013724906N12150186WA010830119032
B2104023724899N12150181WA010800118804
B2104033724890N12150175WA010770118577
B2104043724882N12150169WA010720118337
B2104053724873N12150163WA010690118173
B2104063724865N12150156WA010630117843
B2104073724857N12150150WA010610117616
B2104083724848N12150144WA010580117478
B2104093724839N12150138WA010560117351
B2104103724830N12150131WA010530117187
B2104113724822N12150126WA010510116962
B2104123724815N12150121WA010500116531
B2104133724808N12150114WA010500116218
B2104143724801N12150108WA010500115722
B2104153724795N12150101WA010480115407
B2104163724788N12150095WA010470115154
B2104173724781N12150089WA010440114814
B2104183724773N12150083WA010450114766
B2104193724765N12150078WA010450114462
B2104203724758N12150073WA010450114247
B2104213724751N12150069WA010430113987
B2104223724745N12150065WA010430113808
B2104233724737N12150062WA010420113782
B2104243724730N12150058WA010410113598
B2104253724724N12150055WA010420113335
B2104263724718N12150052WA010410113121
B2104273724712N12150048WA010390112976
B2104283724707N12150044WA010380112807
B2104293724701N12150040WA010380112809
B2104303724694N12150037WA010400112792
B2104313724689N12150033WA010420112688
B2104323724685N12150031WA010450112522
B2104333724680N12150028WA010450112357
B2104343724675N12150025WA010440112346
B2104353724669N12150021WA010440112436
B2104363724663N12150016WA010450112515
B2104373724657N12150011WA010470112596
B2104383724653N12150007WA010490112720
B2104393724648N12150002WA010510112854
B2104403724643N12149998WA010530112941
B2104413724637N12149993WA010540113067
B2104423724631N12149988WA010550113127
B2104433724625N12149983WA010560113253
B2104443724620N12149978WA010580113311
B2104453724614N12149973WA010600113481
B2104463724609N12149968WA010640113595
B2104473724604N12149963WA010660113677
B2104483724599N12149958WA010680113893
B2104493724596N12149953WA010700113940
B2104503724593N12149946WA010690113956
B2104513724591N12149940WA010690113993
B2104523724592N12149934WA010690113812
B2104533724591N12149930WA010720113664
B2104543724594N12149929WA010740113443
B2104553724598N12149930WA010780113263
B2104563724603N12149934WA010780113633
B2104573724605N12149937WA010810113937
B2104583724605N12149941WA010810114084
B2104593724605N12149945WA010830113917
B2105003724603N12149949WA010840113828
B2105013724598N12149955WA010860114169
B2105023724592N12149960WA010870114179
B2105033724586N12149964WA010890114579
B2105043724579N12149967WA010910115089
B2105053724573N12149968WA010930115204
B2105063724566N12149967WA010940115402
B2105073724560N12149963WA010950115755
B2105083724556N12149958WA010950116050
B2105093724553N12149951WA010940116258
B2105103724549N12149945WA010950116363
B2105113724544N12149938WA010940116554
B2105123724538N12149931WA010940116553
B2105133724531N12149924WA010940116785
B2105143724524N12149918WA010950117077
B2105153724517N12149912WA010980117129
B2105163724511N12149908WA011010117456
B2105173724504N12149903WA011040117494
B2105183724498N12149898WA011060117572
B2105193724492N12149892WA011060117567
B2105203724487N12149888WA011060117672
B2105213724482N12149882WA011070117606
B2105223724475N12149876WA011070117695
B2105233724469N12149869WA011060117756
B2105243724462N12149862WA011050117862
B2105253724455N12149854WA011060118081
B2105263724449N12149846WA011080118030
B2105273724443N12149838WA011110118044
B2105283724437N12149830WA011130118209
B2105293724431N12149823WA011160118416
B2105303724425N12149816WA011180118610
B2105313724419N12149808WA011210118913
B2105323724412N12149800WA011230119178
B2105333724405N12149793WA011250119383
B2105343724398N12149785WA011260119575
B2105353724391N12149778WA011270119693
B2105363724385N12149770WA011280119839
B2105373724378N12149763WA011290120114
B2105383724371N12149756WA011310120224
B2105393724364N12149749WA011330120406
B2105403724357N12149743WA011350120601
B2105413724350N12149737WA011370120703
B2105423724342N12149731WA011370120872
B2105433724334N12149724WA011370120897
B2105443724327N12149718WA011370120971
B2105453724320N12149711WA011370120879
B2105463724313N12149705WA011360120865
B2105473724306N12149700WA011350120910
B2105483724298N12149695WA011350120851
B2105493724291N12149689WA011330120817
B2105503724283N12149683WA011300120644
B2105513724275N12149676WA011260120528
B2105523724267N12149669WA011230120519
B2105533724259N12149663WA011220120602
B2105543724251N12149656WA011230120717
B2105553724243N12149651WA011240120721
B2105563724235N12149646WA011260120887
B2105573724228N12149642WA011260120705
B2105583724220N12149639WA011260120600
B2105593724212N12149635WA011270120613
B2106003724204N12149630WA011260120558
B2106013724197N12149625WA011250120487
B2106023724191N12149621WA011250120410
B2106033724183N12149616WA011250120469
B2106043724175N12149614WA011250120348
B2106053724167N12149614WA011260120322
B2106063724159N12149612WA011250120199
B2106073724152N12149610WA011240119978
B2106083724145N12149607WA011210119759
B2106093724137N12149603WA011180119676
B2106103724130N12149598WA011140119616
B2106113724123N12149593WA011120119625
B2106123724117N12149588WA011120119455
B2106133724112N12149583WA011100119298
B2106143724108N12149578WA011090119265
B2106153724104N12149573WA011060119146
B2106163724100N12149568WA011010118948
B2106173724096N12149562WA010970118848
B2106183724092N12149556WA010930118611
B2106193724087N12149548WA010930118367
B2106203724083N12149541WA010920118175
B2106213724080N12149534WA010920117811
B2106223724076N12149526WA010900117658
B2106233724072N12149520WA010880117350
B2106243724068N12149512WA010850117238
B2106253724063N12149504WA010810117098
B2106263724059N12149496WA010790116928
B2106273724054N12149489WA010780116941
B2106283724049N12149481WA010780116835
B2106293724044N12149474WA010770116865
B2106303724040N12149468WA010770116700
B2106313724035N12149461WA010770116546
B2106323724030N12149455WA010750116360
B2106333724026N12149448WA010730116005
B2106343724021N12149441WA010690115994
B2106353724018N12149433WA010650115718
B2106363724014N12149426WA010600115650
B2106373724010N12149417WA010550115567
B2106383724006N12149409WA010510115452
B2106393724001N12149400WA010470115288
B2106403723996N12149391WA010430115199
B2106413723992N12149383WA010390115065
B2106423723987N12149375WA010360114892
B2106433723983N12149367WA010350114563
B2106443723979N12149359WA010340114344
B2106453723975N12149351WA010320114037
B2106463723971N12149343WA010300113819
B2106473723966N12149335WA010260113596
B2106483723962N12149327WA010230113250
B2106493723957N12149318WA010190113094
B2106503723953N12149309WA010160112827
B2106513723948N12149301WA010120112620
B2106523723942N12149292WA010100112396
B2106533723937N12149284WA010060112140
B2106543723931N12149275WA010040111873
B2106553723925N12149266WA010020111591
B2106563723920N12149256WA010000111336
B2106573723914N12149246WA009980110988
B2106583723910N12149237WA009960110706
B2106593723905N12149228WA009960110445
B2107003723900N12149219WA009950110277
B2107013723896N12149211WA009940110022
B2107023723891N12149202WA009930109777
B2107033723887N12149193WA009900109437
B2107043723883N12149184WA009870109103
B2107053723878N12149173WA009840108865
B2107063723874N12149161WA009820108598
B2107073723871N12149149WA009800108219
B2107083723868N12149138WA009830108128
B2107093723865N12149129WA009850107942
B2107103723862N12149120WA009860107946
B2107113723859N12149112WA009850107865
B2107123723857N12149104WA009850107706
B2107133723854N12149096WA009850107638
B2107143723851N12149088WA009840107419
B2107153723848N12149080WA009820107309
B2107163723844N12149072WA009800107255
B2107173723841N12149064WA009780107112
B2107183723837N12149055WA009770107066
B2107193723834N12149047WA009770106924
B2107203723830N12149039WA009770106776
B2107213723826N12149031WA009760106689
B2107223723822N12149024WA009750106511
B2107233723816N12149016WA009740106564
B2107243723810N12149009WA009760106644
B2107253723803N12149002WA009770106684
B2107263723798N12148997WA009790106795
B2107273723793N12148993WA009800106895
B2107283723789N12148988WA009810106609
B2107293723783N12148983WA009790106646
B2107303723777N12148977WA009760106473
B2107313723771N12148970WA009720106371
B2107323723765N12148962WA009690106196
B2107333723759N12148954WA009660105974
B2107343723753N12148946WA009620105784
B2107353723747N12148938WA009590105583
B2107363723741N12148930WA009560105491
B2107373723736N12148922WA009540105346
B2107383723730N12148914WA009530105163
B2107393723725N12148906WA009520105010
B2107403723720N12148897WA009520104945
B2107413723716N12148888WA009520104987
B2107423723713N12148880WA009530104784
B2107433723711N12148871WA009520104643
B2107443723708N12148863WA009530104482
B2107453723706N12148855WA009540104329
B2107463723703N12148849WA009550104111
B2107473723700N12148842WA009530104017
B2107483723696N12148835WA009510103876
B2107493723693N12148827WA009490103727
B2107503723689N12148819WA009460103735
B2107513723685N12148811WA009440103631
B2107523723681N12148802WA009450103414
B2107533723676N12148794WA009450103383
B2107543723672N12148786WA009440103175
B2107553723668N12148778WA009430103059
B2107563723664N12148770WA009400102829
B2107573723659N12148762WA009380102677
B2107583723654N12148754WA009350102594
B2107593723650N12148746WA009320102312
B2108003723645N12148738WA009300102132
B2108013723640N12148730WA009280101975
B2108023723636N12148723WA009260101812
B2108033723631N12148715WA009240101555
B2108043723627N12148708WA009210101410
B2108053723622N12148700WA009190101293
B2108063723618N12148692WA009170101057
B2108073723614N12148685WA009160100926
B2108083723609N12148678WA009140100744
B2108093723604N12148671WA009130100552
B2108103723599N12148663WA009110100325
B2108113723594N12148656WA009080100222
B2108123723589N12148649WA009070100031
B2108133723585N12148642WA009060099804
B2108143723581N12148635WA009050099706
B2108153723576N12148628WA009030099583
B2108163723572N12148620WA009010099584
B2108173723569N12148612WA009000099417
B2108183723565N12148604WA009010099327
B2108193723561N12148597WA009010099234
B2108203723557N12148590WA009010099153
B2108213723553N12148583WA009010099078
B2108223723549N12148577WA009010098966
B2108233723545N12148571WA009010098725
B2108243723540N12148565WA008990098556
B2108253723535N12148559WA008970098262
B2108263723530N12148552WA008930098176
B2108273723526N12148544WA008880098007
B2108283723521N12148535WA008840097815
B2108293723516N12148526WA008800097710
B2108303723511N12148516WA008770097514
B2108313723506N12148507WA008750097441
B2108323723501N12148498WA008750097298
B2108333723497N12148490WA008740096967
B2108343723493N12148483WA008720096741
B2108353723489N12148474WA008680096508
B2108363723484N12148466WA008640096592
B2108373723480N12148456WA008600096369
B2108383723476N12148447WA008580096242
B2108393723472N12148437WA008570096038
B2108403723468N12148428WA008570095832
B2108413723464N12148419WA008580095639
B2108423723460N12148412WA008580095521
B2108433723456N12148404WA008580095415
B2108443723452N12148397WA008580095323
B2108453723448N12148390WA008580095134
B2108463723444N12148383WA008570094967
B2108473723440N12148376WA008560094857
B2108483723436N12148369WA008540094644
B2108493723432N12148362WA008520094522
B2108503723427N12148354WA008500094397
B2108513723423N12148347WA008480094251
B2108523723418N12148339WA008460094192
B2108533723414N12148331WA008460094015
B2108543723409N12148323WA008450093839
B2108553723404N12148316WA008450093765
B2108563723400N12148309WA008450093633
B2108573723395N12148302WA008440093482
B2108583723391N12148295WA008420093251
B2108593723387N12148287WA008400093007
B2109003723382N12148279WA008360092869
B2109013723378N12148271WA008320092753
B2109023723374N12148262WA008280092650
B2109033723370N12148252WA008240092576
B2109043723366N12148242WA008230092499
B2109053723362N12148233WA008230092298
B2109063723358N12148225WA008230092184
B2109073723355N12148217WA008230092005
B2109083723351N12148209WA008210091933
B2109093723348N12148200WA008210091807
B2109103723344N12148191WA008200091797
B2109113723342N12148182WA008200091623
B2109123723340N12148172WA008190091408
B2109133723337N12148163WA008190091393
B2109143723335N12148154WA008180091270
B2109153723333N12148144WA008170091066
B2109163723331N12148135WA008160090836
B2109173723328N12148126WA008160090787
B2109183723326N12148118WA008140090600
B2109193723323N12148109WA008130090537
B2109203723320N12148101WA008120090323
B2109213723317N12148092WA008100090207
B2109223723313N12148084WA008080090173
B2109233723310N12148075WA008060089968
B2109243723307N12148067WA008040089843
B2109253723304N12148059WA008010089651
B2109263723301N12148050WA007990089468
B2109273723298N12148042WA007960089252
B2109283723295N12148033WA007930089145
B2109293723292N12148025WA007910089060
B2109303723290N12148016WA007890088806
B2109313723288N12148008WA007900088704
B2109323723286N12148000WA007890088666
B2109333723285N12147993WA007900088551
B2109343723284N12147985WA007890088436
B2109353723282N12147977WA007900088487
B2109363723281N12147969WA007890088526
B2109373723279N12147962WA007900088571
B2109383723278N12147955WA007920088510
B2109393723276N12147948WA007950088620
B2109403723273N12147942WA007980088790
B2109413723271N12147936WA008010088806
B2109423723268N12147931WA008040088816
B2109433723266N12147926WA008050088904
B2109443723265N12147922WA008060089005
B2109453723265N12147919WA008070089109
B2109463723266N12147920WA008060089335
B2109473723268N12147922WA008060089302
B2109483723267N12147924WA008090089690
B2109493723267N12147925WA008120089637
B2109503723266N12147931WA008170090093
B2109513723264N12147935WA008200090010
B2109523723260N12147944WA008220090390
B2109533723255N12147954WA008230090808
B2109543723245N12147962WA008240090989
B2109553723236N12147967WA008240090753
B2109563723227N12147970WA008250090912
B2109573723218N12147972WA008240090961
B2109583723210N12147969WA008260090957
B2109593723203N12147964WA008280090794
B2110003723200N12147956WA008320090448
B2110013723196N12147950WA008320090345
B2110023723194N12147943WA008340090209
B2110033723192N12147938WA008340090483
B2110043723192N12147934WA008340090448
B2110053723193N12147935WA008350090272
B2110063723194N12147939WA008370090550
B2110073723195N12147944WA008390090840
B2110083723193N12147952WA008420091281
B2110093723190N12147958WA008450091559
B2110103723187N12147964WA008470091909
B2110113723181N12147970WA008500092167
B2110123723174N12147976WA008490092114
B2110133723164N12147982WA008500092423
B2110143723153N12147985WA008500092556
B2110153723143N12147986WA008510092742
B2110163723132N12147984WA008520092973
B2110173723123N12147980WA008520093040
B2110183723116N12147974WA008510092926
B2110193723108N12147970WA008540093444
B2110203723102N12147965WA008550093771
B2110213723100N12147959WA008560093707
B2110223723101N12147953WA008570093780
B2110233723105N12147949WA008580093628
B2110243723110N12147949WA008590093320
B2110253723112N12147950WA008600093477
B2110263723114N12147954WA008600093444
B2110273723113N12147960WA008630093905
B2110283723108N12147967WA008660094245
B2110293723101N12147974WA008670094383
B2110303723094N12147980WA008680094338
B2110313723086N12147986WA008680094619
B2110323723077N12147991WA008700094663
B2110333723068N12147993WA008700094668
B2110343723059N12147994WA008700094630
B2110353723048N12147992WA008680094674
B2110363723038N12147988WA008690094706
B2110373723030N12147982WA008700094527
B2110383723022N12147978WA008690094234
B2110393723014N12147975WA008700094449
B2110403723008N12147973WA008700094511
B2110413723002N12147970WA008720094714
B2110423722998N12147965WA008720094988
B2110433722997N12147960WA008730095145
B2110443722999N12147954WA008730095413
B2110453723001N12147948WA008740095463
B2110463723004N12147944WA008740095177
B2110473723005N12147944WA008740094841
B2110483723006N12147945WA008720094718
B2110493723008N12147949WA008730095083
B2110503723008N12147954WA008750095015
B2110513723007N12147960WA008750095119
B2110523723002N12147966WA008790095329
B2110533722994N12147970WA008780095557
B2110543722985N12147972WA008780095611
B2110553722974N12147971WA008770095586
B2110563722964N12147969WA008770095716
B2110573722954N12147966WA008770095900
B2110583722944N12147961WA008790095996
B2110593722938N12147956WA008810095974
B2111003722933N12147950WA008790095818
B2111013722929N12147944WA008790095904
B2111023722926N12147937WA008780095900
B2111033722924N12147929WA008770095810
B2111043722922N12147921WA008770095739
B2111053722921N12147915WA008760095516
B2111063722923N12147911WA008780095815
B2111073722925N12147909WA008790096004
B2111083722925N12147907WA008800096032
B2111093722926N12147907WA008810096150
B2111103722928N12147909WA008820096383
B2111113722930N12147909WA008820096452
B2111123722932N12147909WA008820096458
B2111133722934N12147910WA008820096462
B2111143722936N12147912WA008830096482
B2111153722937N12147914WA008830096385
B2111163722938N12147918WA008830096354
B2111173722938N12147923WA008830096138
B2111183722936N12147929WA008820095837
B2111193722933N12147935WA008790095629
B2111203722928N12147943WA008790095213
B2111213722921N12147949WA008770095098
B2111223722915N12147955WA008740094943
B2111233722908N12147959WA008720094819
B2111243722900N12147962WA008710094904
B2111253722890N12147963WA008690094914
B2111263722880N12147961WA008660094999
B2111273722874N12147958WA008650095230
B2111283722870N12147951WA008650095288
B2111293722867N12147944WA008680095258
B2111303722864N12147937WA008690095158
B2111313722861N12147931WA008710095142
B2111323722858N12147925WA008730094903
B2111333722854N12147919WA008740094767
B2111343722851N12147913WA008730094738
B2111353722848N12147907WA008720094762
B2111363722846N12147900WA008730094668
B2111373722845N12147896WA008710094557
B2111383722844N12147894WA008710094591
B2111393722844N12147880WA008720095018
B2111403722845N12147881WA008710095112
B2111413722845N12147884WA008700094625
B2111423722844N12147887WA008690094429
B2111433722842N12147890WA008660094347
B2111443722836N12147895WA008630093857
B2111463722821N12147901WA008580093924
B2111473722811N12147900WA008550093533
B2111483722801N12147896WA008520093384
B2111493722795N12147890WA008520093524
B2111503722788N12147884WA008520093347
B2111513722783N12147880WA008530093692
B2111523722780N12147875WA008530093696
B2111533722778N12147870WA008530093648
B2111543722776N12147865WA008520093710
B2111553722773N12147857WA008490093601
B2111563722769N12147849WA008480093530
B2111573722765N12147841WA008480093655
B2111583722761N12147834WA008490093632
B2111593722756N12147827WA008500093710
B2112003722750N12147820WA008510093832
B2112013722744N12147813WA008530093753
B2112023722739N12147808WA008550093715
B2112033722733N12147803WA008550093765
B2112043722728N12147797WA008550093746
B2112053722723N12147791WA008520093720
B2112063722718N12147783WA008510093625
B2112073722713N12147776WA008500093775
B2112083722710N12147770WA008510093603
B2112093722706N12147764WA008510093575
B2112103722703N12147758WA008500093448
B2112113722699N12147752WA008490093497
B2112123722696N12147746WA008470093284
B2112133722693N12147739WA008450093198
B2112143722691N12147732WA008420092875
B2112153722689N12147725WA008390092755
B2112163722687N12147719WA008370092612
B2112173722684N12147713WA008370092473
B2112183722682N12147707WA008370092131
B2112193722680N12147699WA008340091859
B2112203722679N12147691WA008300091427
B2112213722678N12147683WA008260091405
B2112223722677N12147674WA008230091318
B2112233722676N12147666WA008200091132
B2112243722675N12147658WA008190091061
B2112253722675N12147650WA008180090813
B2112263722674N12147642WA008160090664
B2112273722673N12147634WA008150090587
B2112283722672N12147627WA008140090483
B2112293722671N12147620WA008140090380
B2112303722670N12147613WA008120090284
B2112313722669N12147606WA008100090296
B2112323722669N12147599WA008080090115
B2112333722668N12147591WA008030090056
B2112343722668N12147583WA007980090014
B2112353722668N12147575WA007940089910
B2112363722668N12147566WA007910089824
B2112373722668N12147557WA007890089759
B2112383722668N12147550WA007900089680
B2112393722669N12147542WA007890089520
B2112403722669N12147533WA007870089345
B2112413722669N12147524WA007840089267
B2112423722670N12147516WA007810089150
B2112433722671N12147507WA007780089090
B2112443722673N12147497WA007760088865
B2112453722675N12147487WA007730088647
B2112463722676N12147478WA007720088496
B2112473722677N12147470WA007730088174
B2112483722677N12147462WA007730087993
B2112493722677N12147454WA007730087758
B2112503722676N12147447WA007700087573
B2112513722676N12147439WA007650087305
B2112523722675N12147430WA007600087140
B2112533722674N12147420WA007560087043
B2112543722673N12147410WA007520086788
B2112553722673N12147402WA007500086401
B2112563722672N12147393WA007490086106
B2112573722671N12147385WA007470085938
B2112583722670N12147378WA007440085652
B2112593722669N12147370WA007400085484
B2113003722669N12147362WA007360085162
B2113013722670N12147354WA007310084931
B2113023722670N12147345WA007280084995
B2113033722671N12147337WA007280084713
B2113043722670N12147329WA007270084593
B2113053722670N12147321WA007270084364
B2113063722670N12147313WA007270084022
B2113073722669N12147304WA007290083737
B2113083722668N12147298WA007300083540
B2113093722667N12147292WA007330083400
B2113103722665N12147286WA007340083372
B2113113722664N12147280WA007350083240
B2113123722663N12147273WA007350083216
B2113133722661N12147267WA007350083080
B2113143722660N12147260WA007340082986
B2113153722660N12147254WA007310082719
B2113163722659N12147250WA007280082585
B2113173722660N12147248WA007230082238
B2113183722661N12147247WA007180082025
B2113193722662N12147246WA007140081988
B2113203722665N12147246WA007100081913
B2113213722668N12147245WA007070081916
B2113223722670N12147245WA007050081852
B2113233722672N12147245WA007050081741
B2113243722674N12147245WA007040081426
B2113253722675N12147246WA007000081057
B2113263722677N12147246WA006940080830
B2113273722680N12147244WA006880080645
B2113283722684N12147241WA006820080561
B2113293722689N12147236WA006770080343
B2113303722692N12147231WA006730080162
B2113313722695N12147224WA006730079888
B2113323722697N12147218WA006730079566
B2113333722698N12147212WA006710078165
B2113343722700N12147204WA006670077555
B2113353722702N12147196WA006610077028
B2113363722703N12147186WA006540076536
B2113373722705N12147177WA006460076066
B2113383722709N12147167WA006390075908
B2113393722712N12147158WA006340076069
B2113403722714N12147149WA006320075798
B2113413722715N12147138WA006330074556
B2113423722717N12147129WA006320074414
B2113433722718N12147119WA006300074259
B2113443722719N12147110WA006270074060
B2113453722721N12147099WA006230073859
B2113463722724N12147089WA006200073857
B2113473722727N12147080WA006170073655
B2113483722730N12147071WA006160073535
B2113493722731N12147062WA006160073499
B2113503722732N12147054WA006180073163
B2113513722732N12147046WA006200072878
B2113523722732N12147040WA006200072470
B2113533722732N12147033WA006200072099
B2113543722733N12147027WA006190071854
B2113553722734N12147020WA006170071632
B2113563722735N12147012WA006160071447
B2113573722736N12147004WA006140071467
B2113583722738N12146996WA006130071416
B2113593722739N12146988WA006150071469
B2114003722741N12146982WA006170071402
B2114013722742N12146975WA006190071445
B2114023722743N12146968WA006220071474
B2114033722744N12146962WA006250071433
B2114043722745N12146958WA006260071412
B2114053722745N12146956WA006270071464
B2114063722746N12146955WA006270071557
B2114073722747N12146954WA006270071573
B2114083722747N12146956WA006270071773
B2114093722747N12146957WA006260071750
B2114103722745N12146958WA006270071714
B2114113722740N12146963WA006270072053
B2114123722736N12146965WA006280072171
B2114133722730N12146966WA006290072616
B2114143722722N12146964WA006310072770
B2114153722716N12146956WA006340072517
B2114163722710N12146949WA006370072558
B2114173722707N12146943WA006390072305
B2114183722705N12146937WA006390072202
B2114193722704N12146932WA006390072430
B2114203722703N12146928WA006400072074
B2114213722704N12146926WA006390071866
B2114223722706N12146926WA006400071767
B2114233722708N12146929WA006410071544
B2114243722710N12146932WA006420071530
B2114253722710N12146936WA006440071800
B2114263722707N12146938WA006440072068
B2114273722702N12146942WA006440071894
B2114283722696N12146946WA006440071987
B2114293722689N12146951WA006450072097
B2114303722683N12146955WA006470072171
B2114313722676N12146957WA006480072342
B2114323722667N12146958WA006480072575
B2114333722658N12146957WA006480072846
B2114343722649N12146953WA006490073196
B2114353722641N12146948WA006510073352
B2114363722635N12146941WA006540073635
B2114373722629N12146933WA006570073585
B2114383722627N12146925WA006590073639
B2114393722625N12146918WA006610073610
B2114403722622N12146911WA006630073588
B2114413722621N12146907WA006640073830
B2114423722619N12146903WA006640073943
B2114433722618N12146901WA006640073993
B2114443722621N12146900WA006640074018
B2114453722623N12146902WA006650074044
B2114463722627N12146905WA006640074063
B2114473722628N12146908WA006660073855
B2114483722627N12146912WA006660073957
B2114493722625N12146916WA006660074084
B2114503722623N12146921WA006670074127
B2114513722616N12146927WA006680074133
B2114523722608N12146930WA006670074646
B2114533722600N12146930WA006700074852
B2114543722592N12146927WA006720075053
B2114553722585N12146922WA006740075400
B2114563722577N12146917WA006760076037
B2114573722571N12146912WA006770076253
B2114583722569N12146905WA006770076409
B2114593722572N12146892WA006780076014
B2115003722575N12146881WA006790075920
B2115013722577N12146875WA006810076491
B2115023722580N12146871WA006810076679
B2115033722584N12146871WA006830076701
B2115043722586N12146871WA006830076775
B2115053722588N12146873WA006840076876
B2115063722589N12146878WA006840076797
B2115073722590N12146884WA006850076907
B2115083722588N12146890WA006840076960
B2115093722585N12146895WA006850077111
B2115103722578N12146902WA006870077325
B2115113722570N12146907WA006870077348
B2115123722561N12146909WA006860077153
B2115133722550N12146908WA006880077196
B2115143722542N12146907WA006900077142
B2115153722534N12146905WA006930076960
B2115163722526N12146900WA006910077027
B2115173722519N12146896WA006910077244
B2115183722514N12146889WA006900077029
B2115193722511N12146882WA006910076700
B2115203722506N12146875WA006930076993
B2115213722503N12146868WA006940077324
B2115223722501N12146863WA006940077666
B2115233722501N12146858WA006940077750
B2115243722502N12146855WA006960077748
B2115253722503N12146854WA006970077357
B2115263722506N12146857WA006980077310
B2115273722508N12146860WA006980076734
B2115283722511N12146862WA006970076729
B2115293722511N12146867WA006970076881
B2115303722510N12146871WA006990077026
B2115313722507N12146877WA006980077340
B2115323722501N12146882WA007000077427
B2115333722493N12146887WA006990077769
B2115343722486N12146891WA007010077861
B2115353722479N12146892WA007010077841
B2115363722471N12146891WA007020077971
B2115373722465N12146887WA007000078025
B2115383722458N12146880WA007020077878
B2115393722453N12146873WA007020077708
B2115403722448N12146867WA007040077745
B2115413722442N12146861WA007050077988
B2115423722438N12146855WA007050077739
B2115433722434N12146850WA007060077672
B2115443722431N12146846WA007060077582
B2115453722432N12146842WA007050077504
B2115463722431N12146839WA007020077546
B2115473722432N12146837WA007010077710
B2115483722432N12146835WA007020078077
B2115493722433N12146831WA007040077655
B2115503722435N12146827WA007070077259
B2115513722440N12146826WA007080077049
B2115523722445N12146826WA007080077166
B2115533722449N12146826WA007080077373
B2115543722454N12146825WA007070077560
B2115553722459N12146823WA007050077554
B2115573722470N12146815WA007010077898
B2115583722473N12146809WA006990077893
B2115593722476N12146802WA006980077932
B2116003722477N12146793WA006990077999
B2116013722478N12146786WA006980077987
B2116023722479N12146779WA006960077693
B2116033722479N12146770WA006920077452
B2116043722478N12146761WA006880077560
B2116053722476N12146750WA006860077698
B2116063722474N12146741WA006870077887
B2116073722472N12146734WA006900078299
B2116083722471N12146728WA006940078409
B2116093722469N12146722WA006980078638
B2116103722467N12146716WA007010078854
B2116113722465N12146709WA007040079078
B2116123722463N12146703WA007070079286
B2116133722461N12146697WA007100079396
B2116143722458N12146691WA007100079394
B2116153722455N12146685WA007110079250
B2116163722450N12146679WA007090079270
B2116173722443N12146674WA007070079263
B2116183722433N12146672WA007040079120
B2116193722423N12146672WA007040079107
B2116203722414N12146674WA007040079157
B2116213722407N12146677WA007050079295
B2116223722401N12146680WA007060079477
B2116233722399N12146682WA007070079615
B2116243722400N12146684WA007080080040
B2116253722402N12146686WA007090080576
B2116263722408N12146689WA007110080826
B2116273722414N12146684WA007140080969
B2116283722417N12146679WA007160080842
B2116293722419N12146673WA007190080820
B2116303722419N12146666WA007180080762
B2116313722419N12146659WA007170080797
B2116323722416N12146652WA007150080687
B2116333722409N12146646WA007140080548
B2116343722400N12146642WA007150080298
B2116353722393N12146639WA007140080108
B2116363722386N12146640WA007140079987
B2116373722381N12146647WA007150079800
B2116383722377N12146653WA007160079638
B2116393722373N12146661WA007180079594
B2116403722372N12146666WA007190079599
B2116413722373N12146669WA007210079687
B2116423722379N12146669WA007210079907
B2116433722382N12146669WA007220080077
B2116443722387N12146667WA007220080029
B2116453722389N12146661WA007210080033
B2116463722389N12146653WA007200079961
B2116473722388N12146644WA007210080050
B2116483722385N12146635WA007210080280
B2116493722382N12146625WA007230080278
B2116503722377N12146618WA007230080326
B2116513722371N12146612WA007240080233
B2116523722365N12146606WA007240080222
B2116533722358N12146601WA007230080115
B2116543722350N12146598WA007210080102
B2116553722340N12146601WA007180079975
B2116563722331N12146606WA007150079942
B2116573722325N12146611WA007140080087
B2116583722322N12146616WA007150080017
B2116593722318N12146621WA007150079979
B2117003722318N12146626WA007150079797
B2117013722319N12146631WA007130079854
B2117023722323N12146632WA007110079827
B2117033722327N12146633WA007100079817
B2117043722331N12146632WA007110079836
B2117053722335N12146631WA007110080022
B2117063722338N12146629WA007130080228
B2117073722338N12146626WA007150080221
B2117083722336N12146618WA007170080271
B2117093722334N12146610WA007190080269
B2117103722332N12146603WA007220080145
B2117113722330N12146598WA007220079962
B2117123722329N12146593WA007200079741
B2117133722328N12146587WA007160079420
B2117143722326N12146579WA007100079371
B2117153722323N12146566WA007050079179
B2117163722320N12146555WA007020079182
B2117173722317N12146544WA007010079022
B2117183722313N12146534WA007020078990
B2117193722310N12146523WA007020078956
B2117203722306N12146513WA007020078989
B2117213722303N12146504WA007020078713
B2117223722299N12146494WA007010078622
B2117233722294N12146482WA006970078492
B2117243722290N12146468WA006930077993
B2117253722287N12146454WA006880077906
B2117263722283N12146440WA006840077808
B2117273722277N12146425WA006840077792
B2117283722274N12146414WA006860077812
B2117293722270N12146407WA006890077940
B2117303722266N12146399WA006920077857
B2117313722262N12146392WA006920077666
B2117323722259N12146384WA006910077429
B2117333722256N12146376WA006900077336
B2117343722253N12146367WA006880077276
B2117353722251N12146358WA006870077206
B2117363722247N12146349WA006850077398
B2117373722244N12146340WA006860077368
B2117383722241N12146331WA006860077228
B2117393722237N12146322WA006860077299
B2117403722234N12146313WA006850077179
B2117413722231N12146305WA006850077160
B2117423722228N12146296WA006840077060
B2117433722225N12146287WA006830076872
B2117443722222N12146278WA006820076797
B2117453722220N12146270WA006810076513
B2117463722217N12146261WA006790076337
B2117473722214N12146252WA006770076167
B2117483722212N12146243WA006750075925
B2117493722210N12146234WA006730075823
B2117503722208N12146225WA006720075765
B2117513722207N12146216WA006700075528
B2117523722205N12146208WA006690075491
B2117533722204N12146199WA006670075261
B2117543722203N12146189WA006650075008
B2117553722201N12146180WA006630074935
B2117563722199N12146171WA006620074853
B2117573722197N12146162WA006610074692
B2117583722196N12146153WA006600074454
B2117593722195N12146144WA006580074234
B2118003722193N12146135WA006570073993
B2118013722192N12146125WA006550073547
B2118023722190N12146116WA006520073350
B2118033722187N12146106WA006480073194
B2118043722184N12146096WA006440072959
B2118053722180N12146087WA006420072759
B2118063722176N12146079WA006390072501
B2118073722171N12146070WA006370072324
B2118083722166N12146061WA006340072157
B2118093722161N12146053WA006320072050
B2118103722156N12146044WA006310071845
B2118113722151N12146036WA006310071724
B2118123722146N12146028WA006300071533
B2118133722141N12146020WA006290071340
B2118143722136N12146011WA006270071174
B2118153722131N12146002WA006250070888
B2118163722126N12145994WA006220070771
B2118173722121N12145985WA006190070555
B2118183722116N12145977WA006170070350
B2118193722111N12145968WA006150070195
B2118203722107N12145960WA006130069931
B2118213722102N12145952WA006110069731
B2118223722096N12145944WA006100069576
B2118233722091N12145937WA006080069225
B2118243722086N12145930WA006060068903
B2118253722081N12145922WA006030068606
B2118263722075N12145914WA006000068354
B2118273722070N12145906WA005960068313
B2118283722064N12145898WA005930068202
B2118293722057N12145890WA005900068175
B2118303722051N12145883WA005900068082
B2118313722046N12145876WA005900067841
B2118323722041N12145869WA005890067800
B2118333722035N12145861WA005870067786
B2118343722030N12145853WA005840067625
B2118353722024N12145845WA005800067595
B2118363722019N12145837WA005740067543
B2118373722014N12145828WA005700067409
B2118383722008N12145820WA005690067355
B2118393722002N12145811WA005690067046
B2118403721996N12145802WA005670066727
B2118413721990N12145794WA005650066533
B2118423721984N12145786WA005630066362
B2118433721979N12145778WA005610066127
B2118443721973N12145770WA005580065756
B2118453721967N12145761WA005540065377
B2118463721962N12145752WA005500065134
B2118473721957N12145743WA005460064852
B2118483721953N12145734WA005450064744
B2118493721949N12145725WA005430064558
B2118503721945N12145717WA005440064361
B2118513721942N12145708WA005420064201
B2118523721938N12145699WA005400064033
B2118533721934N12145690WA005410063948
B2118543721930N12145682WA005410063784
B2118553721927N12145673WA005390063522
B2118563721923N12145663WA005370063487
B2118573721920N12145654WA005350063348
B2118583721917N12145646WA005340063127
B2118593721914N12145638WA005330063009
B2119003721910N12145631WA005330062980
B2119013721907N12145621WA005300062497
B2119023721904N12145611WA005270062189
B2119033721902N12145602WA005240062003
B2119043721898N12145593WA005210061871
B2119053721895N12145584WA005190061621
B2119063721891N12145575WA005160061483
B2119073721888N12145566WA005150061131
B2119083721885N12145556WA005140060906
B2119093721881N12145546WA005120060679
B2119103721878N12145537WA005100060434
B2119113721874N12145528WA005080060232
B2119123721869N12145519WA005050060045
B2119133721863N12145511WA005030059867
B2119143721856N12145505WA005000059690
B2119153721850N12145499WA004980059403
B2119163721843N12145494WA004960059326
B2119173721836N12145490WA004960059249
B2119183721829N12145487WA004960059153
B2119193721822N12145485WA004950058923
B2119203721814N12145483WA004930058786
B2119213721807N12145482WA004910058533
B2119223721800N12145481WA004900058406
B2119233721792N12145481WA004870058391
B2119243721786N12145480WA004870058215
B2119253721779N12145480WA004870058150
B2119263721772N12145479WA004860057989
B2119273721765N12145480WA004840057784
B2119283721758N12145481WA004820057542
B2119293721750N12145481WA004800057469
B2119303721742N12145482WA004780057471
B2119313721735N12145481WA004790057425
B2119323721728N12145480WA004790057428
B2119333721721N12145480WA004780057321
B2119343721714N12145480WA004790057024
B2119353721706N12145480WA004770056958
B2119363721698N12145481WA004750056983
B2119373721690N12145481WA004740057082
B2119383721683N12145480WA004740057036
B2119393721676N12145479WA004760057168
B2119403721670N12145479WA004780057396
B2119413721665N12145479WA004800057235
B2119423721660N12145480WA004810057138
B2119433721656N12145483WA004810057049
B2119443721653N12145488WA004800056822
B2119453721651N12145492WA004790056751
B2119463721651N12145494WA004790057025
B2119473721650N12145497WA004780056933
B2119483721652N12145496WA004790056933
B2119493721651N12145495WA004800057081
B2119503721652N12145490WA004820057271
B2119513721657N12145478WA004820057016
B2119523721659N12145466WA004810056780
B2119533721662N12145457WA004790056658
B2119543721665N12145450WA004780056534
B2119553721667N12145446WA004760056486
B2119563721670N12145447WA004740056385
B2119573721673N12145450WA004710056204
B2119583721675N12145453WA004690056232
B2119593721677N12145455WA004700056277
B2120003721677N12145458WA004710056151
B2120013721677N12145460WA004720056134
B2120023721676N12145462WA004710055969
B2120033721675N12145466WA004700055705
B2120043721671N12145470WA004690055474
B2120053721666N12145473WA004660055248
B2120063721659N12145475WA004640055046
B2120073721651N12145475WA004610054953
B2120083721643N12145473WA004590054983
B2120093721636N12145471WA004590054956
B2120103721629N12145471WA004600055180
B2120113721623N12145471WA004610055259
B2120123721618N12145474WA004620055314
B2120133721613N12145477WA004630055301
B2120143721609N12145481WA004640055280
B2120153721608N12145484WA004630055239
B2120163721608N12145486WA004620055179
B2120173721608N12145489WA004610055154
B2120183721609N12145490WA004610055252
B2120193721611N12145487WA004620055474
B2120203721614N12145482WA004640055279
B2120213721618N12145477WA004650055185
B2120223721623N12145472WA004670055208
B2120233721627N12145469WA004670055100
B2120243721630N12145466WA004670055210
B2120253721632N12145462WA004680055276
B2120263721635N12145459WA004680055211
B2120273721637N12145455WA004680055254
B2120283721640N12145453WA004670055197
B2120293721644N12145453WA004660055115
B2120303721647N12145453WA004640055167
B2120313721649N12145454WA004640055093
B2120323721651N12145454WA004630054949
B2120333721652N12145456WA004630054613
B2120343721651N12145459WA004620054374
B2120353721649N12145464WA004600054041
B2120363721647N12145468WA004560054106
B2120373721643N12145473WA004530054200
B2120383721636N12145475WA004510054286
B2120393721630N12145476WA004520054169
B2120403721625N12145477WA004520053702
B2120413721619N12145478WA004510053676
B2120423721614N12145481WA004480053621
B2120433721609N12145485WA004470053641
B2120443721604N12145488WA004460053772
B2120453721599N12145490WA004470053886
B2120463721595N12145492WA004480053807
B2120473721590N12145494WA004480053731
B2120483721585N12145496WA004480053705
B2120493721579N12145499WA004470053654
B2120503721574N12145502WA004470053712
B2120513721568N12145504WA004470053792
B2120523721563N12145506WA004470053690
B2120533721558N12145508WA004470053681
B2120543721553N12145510WA004470053511
B2120553721547N12145512WA004470053533
B2120563721540N12145514WA004470053674
B2120573721534N12145515WA004470053718
B2120583721527N12145517WA004470053752
B2120593721521N12145519WA004480053710
B2121003721515N12145521WA004490053706
B2121013721508N12145524WA004480053783
B2121023721503N12145528WA004480053679
B2121033721500N12145534WA004470053611
B2121043721499N12145539WA004460053623
B2121053721498N12145544WA004450053652
B2121063721499N12145546WA004440053617
B2121073721499N12145548WA004430053683
B2121083721500N12145547WA004420053765
B2121093721501N12145544WA004420053838
B2121103721502N12145542WA004430054033
B2121113721503N12145536WA004430054145
B2121123721505N12145530WA004430054148
B2121133721507N12145526WA004420054108
B2121143721511N12145520WA004410053876
B2121153721515N12145516WA004400053314
B2121163721518N12145514WA004400053210
B2121173721521N12145511WA004390053206
B2121183721524N12145508WA004390053228
B2121193721527N12145506WA004390053131
B2121203721530N12145503WA004400053268
B2121213721533N12145501WA004390053264
B2121223721536N12145499WA004390053227
B2121233721538N12145498WA004390053165
B2121243721540N12145497WA004390052987
B2121253721542N12145497WA004380052797
B2121263721544N12145499WA004370052574
B2121273721546N12145501WA004350052462
B2121283721547N12145503WA004340052389
B2121293721544N12145509WA004320052265
B2121303721540N12145514WA004300052106
B2121313721535N12145520WA004290052100
B2121323721529N12145523WA004280051933
B2121333721523N12145527WA004270051851
B2121343721518N12145531WA004260051706
B2121353721513N12145535WA004250051709
B2121363721508N12145539WA004240051639
B2121373721504N12145543WA004240051508
B2121383721499N12145547WA004240051577
B2121393721496N12145552WA004230051473
B2121403721496N12145557WA004200051326
B2121413721496N12145562WA004180051154
B2121423721501N12145562WA004150050812
B2121433721505N12145560WA004120050627
B2121443721508N12145559WA004080050594
B2121453721512N12145556WA004080050458
B2121463721516N12145552WA004050050376
B2121473721520N12145548WA004040050242
B2121483721523N12145544WA004040050317
B2121493721525N12145542WA004050050240
B2121503721527N12145540WA004050050223
B2121513721529N12145538WA003950050007
B2121523721530N12145537WA004020050081
B2121533721532N12145536WA004060049914
B2121543721532N12145536WA004070050036
B2121553721532N12145536WA004110049927
B2121563721531N12145536WA004120049995
B2121573721531N12145536WA004100049873
B2121583721531N12145536WA004050049873
B2121593721531N12145536WA004080049873
B2122003721531N12145536WA004090049773
B2122013721531N12145536WA004100049773
B2122023721531N12145536WA004080049773
B2122033721531N12145536WA004070049773
B2122043721531N12145536WA004080049773
B2122053721531N12145536WA004070049773
B2122063721531N12145536WA004070049773
B2122073721531N12145536WA004080049673
LXCTFAICIVLCOMPLIANT true
G892D4E065FB57BB4FC7FF3E50BCAD46EDDAD2EC037B5C6321ACFE24EA158CD36
G502C70877F076EF2DC4E480013D66A316478A2F49059D73C5990C022EDDB8705
G216A89699EAAB4BD584BB61D70642776E47448B85F239F720F34C3D38334AE78
G1E5FD063838B2009FB9E2FF099FA2212B173BBBB264C0780D58B246AF5EB5516
