AXCT4bb34cd15e8b5891
HFFTYFRTYPE:Google Pixel 3 9
HFRFWFIRMWAREVERSION:0.8.2
HFPLTPILOTINCHARGE:Josh Cohn
HOSITSite:Chelan Butte
HSCCLCOMPETITION CLASS:FAI-3
HFGTYGLIDERTYPE:Flow Spectra
HODTM100GPSDATUM:WGS-84
HFALPALTPRESSURE:ISA
HFALG:GEO
HFDTEDATE:090719,01
LXCTDEVICE eyJjYXBhYmlsaXRpZXMiOnsibWVtQ2xhc3MiOjE5MiwibWVtTGFyZ2VDbGFzcyI6N
LXCTDEVICE TEyLCJuYW4iOnRydWV9LCJkZXZpY2UiOnsiYW5kcm9pZElkIjoiNGJiMzRjZDE1ZT
LXCTDEVICE hiNTg5MSIsImJvYXJkIjoiYmx1ZWxpbmUiLCJidWlsZElkIjoiUFEzQS4xOTA3MDU
LXCTDEVICE uMDAzIiwiY3B1QUJJIjoiYXJtNjQtdjhhIiwiY3B1QUJJMiI6IiIsImRldmljZVN0
LXCTDEVICE cmluZyI6Ikdvb2dsZSBQaXhlbCAzIDkiLCJkaXNwbGF5Ijp7ImgiOjIwMjgsIm1tI
LXCTDEVICE joxNy4zMjI4MzQsInciOjEwODB9LCJmaW5nZXJwcmludCI6Imdvb2dsZS9ibHVlbG
LXCTDEVICE luZS9ibHVlbGluZTo5L1BRM0EuMTkwNzA1LjAwMy81NjAwODAwOnVzZXIvcmVsZWF
LXCTDEVICE zZS1rZXlzIiwiaGFyZHdhcmUiOiJibHVlbGluZSIsIm1hbnVmYWN0dXJlciI6Ikdv
LXCTDEVICE b2dsZSIsIm1vZGVsIjoiUGl4ZWwgMyIsInByb2R1Y3QiOiJibHVlbGluZSIsInNka
LXCTDEVICE yI6Mjh9LCJ4Y3RyYWNrIjp7InZlcnNpb25Db2RlIjo4MDIwMSwidmVyc2lvbk5hbW
LXCTDEVICE UiOiIwLjguMiJ9fQ==
LXCTSENSOR Sensors: SENSOR_BT, external GPS:false, external baro:true, inter
LXCTSENSOR nal baro:false, internal GPS nmea: true
I023636LAD3737LOD
LXCTEARTHMODEL WGS84
C090719182926000000000003 Competition task
C4748240N12002289WTAKEOFF Chelan Butte
C4748249N12002317WSTART LAUNCH
C4805567N11947120WTURN BREWST
C4806249N11943315WTURN BREWAP
C4855813N11925968WTURN OROVL2
C4855813N11925968WFINISH OROVL2
C0000000N00000000ELANDING
B1829264748243N12002302WA000000112113
B1829274748243N12002302WA000000112134
B1829284748243N12002302WA000000112145
B1829294748243N12002302WA000000112154
B1829304748243N12002302WA000000112154
B1829314748243N12002302WA000000112154
B1829324748243N12002302WA000000112154
B1829334748243N12002302WA000000112154
B1829344748243N12002302WA000000112154
B1829354748243N12002302WA000000112164
B1829364748243N12002302WA000000112164
B1829374748243N12002302WA000000112164
B1829384748243N12002302WA000000112164
B1829394748242N12002301WA000000112197
B1829404748242N12002301WA000000112064
B1829414748242N12002301WA000000112066
B1829424748242N12002301WA000000112062
B1829434748241N12002299WA000000112085
B1829444748240N12002297WA000000112048
B1829454748239N12002295WA000000112054
B1829464748239N12002288WA000000112068
B1829474748238N12002284WA000000112044
B1829484748236N12002279WA000000112094
B1829494748235N12002274WA000000112024
B1829504748234N12002269WA000000112007
B1829514748232N12002265WA000000112076
B1829524748230N12002261WA000000111985
B1829534748228N12002258WA000000111876
B1829544748224N12002256WA000000111713
B1829554748219N12002254WA000000111619
B1829564748214N12002255WA000000111501
B1829574748208N12002255WA000000111578
B1829584748204N12002257WA000000111631
B1829594748200N12002257WA000000111817
B1830004748196N12002258WA000000112013
B1830014748192N12002259WA000000112156
B1830024748188N12002261WA000000112139
B1830034748183N12002266WA000000112160
B1830044748179N12002271WA000000112107
B1830054748174N12002278WA000000112382
B1830064748171N12002284WA000000112541
B1830074748168N12002289WA000000112717
B1830084748164N12002294WA000000113027
B1830094748160N12002300WA000000113210
B1830104748155N12002304WA000000113355
B1830114748151N12002308WA000000113455
B1830124748147N12002309WA000000113755
B1830134748143N12002308WA000000113983
B1830144748140N12002304WA000000114042
B1830154748137N12002298WA000000113970
B1830164748136N12002290WA000000114062
B1830174748136N12002282WA000000114585
B1830184748138N12002276WA000000114654
B1830194748141N12002270WA000000114816
B1830204748144N12002266WA000000115080
B1830214748149N12002263WA000000115113
B1830224748154N12002262WA000000115158
B1830234748160N12002265WA000000115220
B1830244748166N12002269WA000000115324
B1830254748170N12002274WA000000115488
B1830264748174N12002281WA000000115773
B1830274748177N12002288WA000000115971
B1830284748180N12002296WA000000116240
B1830294748181N12002304WA000000116386
B1830304748181N12002313WA000000116518
B1830314748178N12002321WA000000116634
B1830324748173N12002326WA000000116742
B1830334748168N12002326WA000000116840
B1830344748164N12002322WA000000117001
B1830354748161N12002315WA000000117217
B1830364748160N12002308WA000000117600
B1830374748161N12002300WA000000117795
B1830384748165N12002293WA000000118025
B1830394748170N12002289WA000000118183
B1830404748178N12002287WA000000118409
B1830414748184N12002290WA000000118579
B1830424748190N12002297WA000000118628
B1830434748194N12002306WA000000118816
B1830444748195N12002318WA000000118822
B1830454748193N12002328WA000000119074
B1830464748190N12002336WA000000119305
B1830474748184N12002340WA000000119551
B1830484748179N12002339WA000000119830
B1830494748175N12002332WA000000119974
B1830504748173N12002323WA000000120127
B1830514748176N12002315WA000000120140
B1830524748180N12002308WA000000120722
B1830534748185N12002305WA000000121161
B1830544748191N12002304WA000000121496
B1830554748197N12002306WA000000121679
B1830564748202N12002312WA000000121686
B1830574748206N12002320WA000000121711
B1830584748206N12002331WA000000121885
B1830594748207N12002342WA000000122106
B1831004748203N12002350WA000000122372
B1831014748200N12002354WA000000122808
B1831024748195N12002355WA000000123148
B1831034748191N12002353WA000000123357
B1831044748187N12002349WA000000123405
B1831054748184N12002344WA000000123683
B1831064748186N12002336WA000000123814
B1831074748188N12002328WA000000124314
B1831084748191N12002322WA000000124854
B1831094748195N12002318WA000000125477
B1831104748201N12002318WA000000125626
B1831114748207N12002321WA000000125720
B1831124748212N12002327WA000000125836
B1831134748215N12002336WA000000126051
B1831144748216N12002343WA000000126599
B1831154748216N12002351WA000000126982
B1831164748215N12002357WA000000127236
B1831174748213N12002362WA000000127507
B1831184748209N12002365WA000000127782
B1831194748205N12002365WA000000127842
B1831204748201N12002362WA000000128068
B1831214748198N12002359WA000000122972
B1831224748197N12002354WA000000124901
B1831234748196N12002348WA000000126788
B1831244748198N12002343WA000000127734
B1831254748201N12002337WA000000128168
B1831264748208N12002334WA000000128785
B1831274748215N12002334WA000000129266
B1831284748221N12002338WA000000130194
B1831294748226N12002344WA000000130504
B1831304748229N12002354WA000000130532
B1831314748229N12002363WA000000130593
B1831324748230N12002371WA000000130803
B1831334748229N12002377WA000000131140
B1831344748229N12002382WA000000131238
B1831354748228N12002387WA000000131513
B1831364748223N12002389WA000000131824
B1831374748217N12002389WA000000132296
B1831384748214N12002385WA000000132202
B1831394748211N12002379WA000000132497
B1831404748213N12002375WA000000132510
B1831414748215N12002370WA000000133276
B1831424748220N12002367WA000000133642
B1831434748226N12002365WA000000133827
B1831444748233N12002367WA000000134150
B1831454748238N12002374WA000000134593
B1831464748241N12002383WA000000135298
B1831474748243N12002393WA000000135717
B1831484748239N12002399WA000000135932
B1831494748234N12002402WA000000136141
B1831504748230N12002401WA000000136507
B1831514748226N12002398WA000000136639
B1831524748228N12002391WA000000136793
B1831534748230N12002384WA000000137191
B1831544748235N12002378WA000000137335
B1831554748240N12002375WA000000137885
B1831564748246N12002375WA000000138096
B1831574748253N12002379WA000000138510
B1831584748258N12002384WA000000138858
B1831594748263N12002391WA000000139118
B1832004748265N12002400WA000000139577
B1832014748264N12002409WA000000139699
B1832024748261N12002417WA000000139897
B1832034748258N12002421WA000000140116
B1832044748254N12002420WA000000140448
B1832054748252N12002416WA000000140605
B1832064748251N12002411WA000000140811
B1832074748251N12002404WA000000140827
B1832084748252N12002397WA000000141028
B1832094748253N12002391WA000000141286
B1832104748257N12002386WA000000141429
B1832114748261N12002383WA000000141782
B1832124748268N12002380WA000000141749
B1832134748275N12002380WA000000141939
LXCTACTIVITY OTHER 83
B1832144748281N12002385WA000000142048
B1832154748286N12002392WA000000142476
B1832164748290N12002401WA000000142822
B1832174748291N12002411WA000000143045
B1832184748291N12002421WA000000143307
B1832194748289N12002429WA000000143716
B1832204748286N12002435WA000000144023
B1832214748282N12002438WA000000144222
B1832224748277N12002439WA000000144486
B1832234748274N12002437WA000000144358
B1832244748271N12002434WA000000144689
B1832254748270N12002431WA000000144697
B1832264748272N12002424WA000000144648
B1832274748274N12002418WA000000145001
B1832284748276N12002411WA000000145387
B1832294748281N12002406WA000000135996
B1832304748288N12002403WA000000140307
B1832314748294N12002402WA000000141989
B1832324748301N12002405WA000000142880
B1832334748308N12002409WA000000143729
B1832344748313N12002416WA000000144526
B1832354748315N12002426WA000000144986
B1832364748316N12002436WA000000145541
B1832374748314N12002444WA000000136276
B1832384748311N12002451WA000000139241
B1832394748307N12002456WA000000141418
B1832404748302N12002457WA000000143689
B1832414748298N12002459WA000000144599
B1832424748296N12002459WA000000145603
B1832434748294N12002457WA000000146013
B1832444748292N12002454WA000000146961
B1832454748291N12002449WA000000147698
B1832464748291N12002445WA000000148194
B1832474748293N12002440WA000000148521
B1832484748295N12002433WA000000148622
B1832494748297N12002427WA000000148693
B1832504748301N12002422WA000000148872
B1832514748307N12002418WA000000149207
B1832524748313N12002416WA000000149449
B1832534748320N12002416WA000000149578
B1832544748328N12002419WA000000149624
B1832554748335N12002424WA000000149844
B1832564748341N12002431WA000000150057
B1832574748345N12002440WA000000150461
B1832584748347N12002451WA000000150640
B1832594748347N12002460WA000000150958
B1833004748346N12002470WA000000151040
B1833014748342N12002475WA000000151104
B1833024748338N12002478WA000000151234
B1833034748334N12002478WA000000151419
B1833044748330N12002477WA000000151551
B1833054748327N12002474WA000000151752
B1833064748326N12002471WA000000151769
B1833074748326N12002469WA000000152175
B1833084748327N12002466WA000000152125
B1833094748327N12002461WA000000152068
B1833104748327N12002456WA000000151971
B1833114748327N12002450WA000000152033
B1833124748327N12002445WA000000152360
B1833134748328N12002439WA000000152442
B1833144748328N12002433WA000000152463
B1833154748328N12002427WA000000152591
B1833164748329N12002421WA000000152615
B1833174748329N12002416WA000000152775
B1833184748330N12002412WA000000152646
B1833194748331N12002408WA000000152833
B1833204748331N12002403WA000000152890
B1833214748332N12002394WA000000152849
B1833224748333N12002386WA000000153089
B1833234748336N12002377WA000000153188
B1833244748340N12002370WA000000153462
B1833254748345N12002363WA000000153787
B1833264748350N12002359WA000000153786
B1833274748356N12002355WA000000153949
B1833284748363N12002353WA000000154021
B1833294748369N12002351WA000000154126
B1833304748375N12002350WA000000154122
B1833314748381N12002352WA000000154361
B1833324748387N12002357WA000000154406
B1833334748390N12002364WA000000154657
B1833344748390N12002372WA000000154668
B1833354748387N12002378WA000000154850
B1833364748382N12002378WA000000154815
B1833374748376N12002377WA000000155051
B1833384748372N12002373WA000000155160
B1833394748370N12002370WA000000155521
B1833404748368N12002367WA000000156017
B1833414748366N12002365WA000000156568
B1833424748364N12002362WA000000156897
B1833434748363N12002356WA000000156855
B1833444748363N12002347WA000000156737
B1833454748365N12002337WA000000156687
B1833464748371N12002328WA000000156779
B1833474748380N12002324WA000000156609
B1833484748388N12002325WA000000156547
B1833494748395N12002333WA000000141454
LXCTACTIVITY STILL 67
B1833504748400N12002342WA000000147448
B1833514748404N12002352WA000000150595
B1833524748399N12002358WA000000151796
B1833534748395N12002362WA000000142483
B1833544748393N12002366WA000000148651
B1833554748391N12002368WA000000152214
B1833564748388N12002369WA000000154202
B1833574748384N12002368WA000000155468
B1833584748380N12002367WA000000155968
B1833594748376N12002366WA000000154083
B1834004748373N12002363WA000000156056
B1834014748370N12002359WA000000157066
B1834024748368N12002353WA000000157655
B1834034748367N12002344WA000000158147
B1834044748367N12002334WA000000158466
B1834054748370N12002323WA000000158507
B1834064748373N12002313WA000000158674
B1834074748378N12002306WA000000158786
B1834084748384N12002301WA000000158969
B1834094748390N12002299WA000000159269
B1834104748397N12002300WA000000159326
B1834114748402N12002303WA000000159367
B1834124748406N12002309WA000000159222
B1834134748405N12002319WA000000159290
B1834144748405N12002327WA000000159206
B1834154748402N12002334WA000000159261
B1834164748401N12002337WA000000159313
B1834174748398N12002340WA000000159717
B1834184748395N12002342WA000000160024
B1834194748391N12002342WA000000160231
B1834204748387N12002340WA000000160602
B1834214748383N12002334WA000000160958
B1834224748381N12002326WA000000161162
B1834234748383N12002316WA000000161532
B1834244748386N12002306WA000000161794
B1834254748395N12002301WA000000161700
B1834264748403N12002299WA000000162033
B1834274748410N12002300WA000000162391
B1834284748415N12002306WA000000162499
B1834294748419N12002313WA000000162508
B1834304748420N12002321WA000000162730
B1834314748420N12002327WA000000162905
B1834324748418N12002332WA000000163018
B1834334748414N12002336WA000000163169
B1834344748409N12002338WA000000163264
B1834354748404N12002337WA000000163340
B1834364748400N12002331WA000000163797
B1834374748398N12002322WA000000164096
B1834384748403N12002312WA000000164137
B1834394748407N12002302WA000000164179
B1834404748415N12002297WA000000164211
B1834414748424N12002299WA000000164305
B1834424748430N12002304WA000000164491
B1834434748435N12002310WA000000164688
B1834444748439N12002316WA000000164829
B1834454748439N12002323WA000000164802
B1834464748438N12002328WA000000165108
B1834474748436N12002335WA000000165270
B1834484748434N12002341WA000000165370
B1834494748433N12002347WA000000165476
B1834504748433N12002353WA000000165440
B1834514748432N12002358WA000000165790
B1834524748432N12002362WA000000165703
B1834534748429N12002364WA000000165887
B1834544748425N12002365WA000000165861
B1834554748420N12002364WA000000165686
B1834564748416N12002362WA000000165302
B1834574748411N12002357WA000000165239
B1834584748408N12002351WA000000165270
B1834594748405N12002344WA000000165459
B1835004748403N12002337WA000000165444
B1835014748401N12002331WA000000165302
B1835024748398N12002324WA000000165407
B1835034748395N12002317WA000000165558
B1835044748393N12002310WA000000165817
B1835054748391N12002303WA000000166167
B1835064748391N12002296WA000000166458
B1835074748391N12002289WA000000166635
B1835084748391N12002282WA000000166863
B1835094748391N12002274WA000000167084
B1835104748392N12002267WA000000167103
B1835114748392N12002259WA000000167379
B1835124748393N12002252WA000000167336
B1835134748394N12002243WA000000167318
B1835144748395N12002235WA000000167053
B1835154748394N12002225WA000000166996
B1835164748394N12002216WA000000166834
B1835174748394N12002207WA000000166776
B1835184748394N12002200WA000000166728
B1835194748394N12002193WA000000166918
B1835204748394N12002186WA000000167086
B1835214748395N12002178WA000000167045
B1835224748395N12002169WA000000166996
B1835234748396N12002161WA000000166892
B1835244748396N12002151WA000000166799
B1835254748397N12002143WA000000166703
B1835264748397N12002135WA000000166743
B1835274748397N12002127WA000000166895
B1835284748398N12002119WA000000166806
B1835294748398N12002111WA000000166833
B1835304748399N12002103WA000000166703
B1835314748399N12002094WA000000166759
B1835324748399N12002086WA000000166755
B1835334748398N12002078WA000000166764
B1835344748398N12002071WA000000166640
B1835354748398N12002063WA000000166663
B1835364748398N12002054WA000000166579
B1835374748399N12002046WA000000166515
B1835384748399N12002038WA000000166439
B1835394748399N12002031WA000000166454
B1835404748398N12002024WA000000166372
B1835414748398N12002017WA000000166243
B1835424748398N12002009WA000000166218
B1835434748398N12002002WA000000166137
B1835444748398N12001995WA000000166134
B1835454748398N12001989WA000000166041
B1835464748398N12001983WA000000165953
B1835474748398N12001977WA000000165971
B1835484748399N12001971WA000000165901
B1835494748398N12001964WA000000165894
B1835504748398N12001957WA000000165699
B1835514748398N12001950WA000000165657
B1835524748397N12001944WA000000165453
B1835534748396N12001937WA000000165348
B1835544748395N12001931WA000000165255
B1835554748394N12001924WA000000165275
B1835564748394N12001918WA000000165100
B1835574748393N12001910WA000000165105
B1835584748392N12001903WA000000164927
B1835594748391N12001896WA000000164915
B1836004748390N12001889WA000000164825
B1836014748389N12001883WA000000164771
B1836024748389N12001876WA000000164706
B1836034748388N12001869WA000000164617
B1836044748386N12001863WA000000164597
B1836054748385N12001857WA000000164496
B1836064748385N12001851WA000000164376
B1836074748385N12001845WA000000164211
B1836084748384N12001838WA000000164033
B1836094748384N12001831WA000000163806
B1836104748383N12001824WA000000163757
B1836114748383N12001817WA000000163632
B1836124748383N12001810WA000000163510
B1836134748382N12001802WA000000163585
B1836144748382N12001795WA000000163582
LXCTACTIVITY OTHER 81
B1836154748382N12001788WA000000163420
B1836164748382N12001780WA000000163427
B1836174748381N12001773WA000000163352
B1836184748381N12001765WA000000163145
B1836194748380N12001758WA000000163171
B1836204748380N12001751WA000000163141
B1836214748379N12001743WA000000163077
B1836224748378N12001736WA000000162996
B1836234748378N12001729WA000000162833
B1836244748377N12001722WA000000162823
B1836254748376N12001715WA000000162875
B1836264748375N12001708WA000000162776
B1836274748375N12001702WA000000162607
B1836284748373N12001695WA000000162798
B1836294748374N12001689WA000000162616
B1836304748373N12001683WA000000162425
B1836314748372N12001676WA000000162469
B1836324748371N12001670WA000000162394
B1836334748370N12001664WA000000162217
B1836344748369N12001658WA000000162139
B1836354748368N12001653WA000000162150
B1836364748367N12001647WA000000162290
B1836374748367N12001642WA000000162120
B1836384748366N12001635WA000000162129
B1836394748364N12001629WA000000162178
B1836404748363N12001623WA000000161989
B1836414748362N12001618WA000000161716
B1836424748361N12001612WA000000161507
B1836434748359N12001607WA000000161363
B1836444748358N12001601WA000000161148
B1836454748357N12001595WA000000161157
B1836464748356N12001590WA000000160980
B1836474748355N12001584WA000000160991
B1836484748355N12001577WA000000160727
B1836494748354N12001571WA000000160545
B1836504748353N12001565WA000000160446
B1836514748352N12001558WA000000160269
B1836524748352N12001552WA000000160216
B1836534748351N12001546WA000000160243
B1836544748350N12001540WA000000160270
B1836554748350N12001533WA000000160233
B1836564748349N12001526WA000000160083
B1836574748349N12001518WA000000159808
B1836584748347N12001511WA000000159877
B1836594748347N12001504WA000000159741
B1837004748346N12001497WA000000159372
B1837014748346N12001490WA000000159439
B1837024748345N12001484WA000000159466
B1837034748345N12001478WA000000159300
B1837044748343N12001471WA000000159298
B1837054748342N12001465WA000000159289
B1837064748341N12001459WA000000159079
B1837074748340N12001453WA000000158967
B1837084748340N12001447WA000000158803
B1837094748339N12001441WA000000158702
B1837104748338N12001434WA000000158626
B1837114748337N12001428WA000000158132
B1837124748336N12001420WA000000158038
B1837134748335N12001413WA000000157936
B1837144748334N12001406WA000000157856
B1837154748333N12001399WA000000157887
B1837164748333N12001392WA000000157748
B1837174748332N12001386WA000000157770
B1837184748332N12001379WA000000157434
B1837194748331N12001372WA000000157461
B1837204748330N12001363WA000000157258
B1837214748329N12001355WA000000157008
B1837224748328N12001348WA000000156920
B1837234748327N12001341WA000000156961
B1837244748327N12001333WA000000156908
B1837254748326N12001326WA000000156858
B1837264748326N12001320WA000000156726
B1837274748324N12001313WA000000156777
B1837284748323N12001306WA000000156542
B1837294748322N12001299WA000000156325
B1837304748319N12001293WA000000156193
B1837314748317N12001287WA000000156074
B1837324748315N12001282WA000000155984
B1837334748315N12001277WA000000155920
B1837344748314N12001271WA000000155822
B1837354748313N12001265WA000000155703
B1837364748311N12001258WA000000155577
B1837374748310N12001252WA000000155348
B1837384748309N12001246WA000000155119
B1837394748307N12001241WA000000155254
B1837404748305N12001238WA000000155314
B1837414748302N12001236WA000000155374
B1837424748298N12001237WA000000155266
B1837434748294N12001239WA000000155072
B1837444748291N12001241WA000000154901
B1837454748287N12001243WA000000154853
B1837464748284N12001246WA000000154773
B1837474748282N12001252WA000000154661
B1837484748280N12001258WA000000154531
B1837494748277N12001264WA000000154294
B1837504748275N12001271WA000000154160
B1837514748272N12001277WA000000153981
B1837524748269N12001284WA000000153743
B1837534748265N12001292WA000000153457
B1837544748261N12001302WA000000153180
B1837554748258N12001312WA000000152788
B1837564748256N12001323WA000000152647
B1837574748254N12001333WA000000152752
B1837584748252N12001342WA000000152702
B1837594748249N12001350WA000000152743
B1838004748246N12001357WA000000152728
B1838014748242N12001365WA000000152552
B1838024748239N12001373WA000000152322
B1838034748235N12001381WA000000152135
B1838044748232N12001390WA000000151945
B1838054748229N12001399WA000000151985
B1838064748227N12001407WA000000151908
B1838074748224N12001415WA000000152064
B1838084748222N12001422WA000000151916
B1838094748220N12001430WA000000151815
B1838104748218N12001438WA000000151727
B1838114748216N12001446WA000000151791
B1838124748215N12001453WA000000151730
B1838134748214N12001459WA000000151850
B1838144748213N12001466WA000000151601
B1838154748210N12001473WA000000151586
B1838164748208N12001481WA000000151472
B1838174748206N12001489WA000000151494
B1838184748205N12001497WA000000151427
B1838194748203N12001505WA000000151375
B1838204748202N12001512WA000000151403
B1838214748200N12001519WA000000151412
B1838224748198N12001526WA000000151421
B1838234748196N12001532WA000000151447
B1838244748194N12001539WA000000151382
B1838254748193N12001546WA000000151213
B1838264748191N12001552WA000000151173
B1838274748190N12001558WA000000151175
B1838284748189N12001565WA000000151010
B1838294748188N12001571WA000000151017
LXCTACTIVITY STILL 49
B1838304748187N12001579WA000000151065
B1838314748186N12001587WA000000150846
B1838324748185N12001596WA000000150785
B1838334748185N12001606WA000000150444
B1838344748184N12001616WA000000150164
B1838354748183N12001626WA000000150179
B1838364748182N12001637WA000000150191
B1838374748182N12001646WA000000150143
B1838384748181N12001655WA000000150295
B1838394748180N12001664WA000000150276
B1838404748179N12001674WA000000150283
B1838414748179N12001683WA000000150037
B1838424748178N12001693WA000000150067
B1838434748178N12001703WA000000150027
B1838444748178N12001713WA000000150031
B1838454748178N12001722WA000000150037
B1838464748178N12001731WA000000150027
B1838474748178N12001739WA000000150115
B1838484748178N12001748WA000000150021
B1838494748179N12001755WA000000150033
B1838504748180N12001763WA000000150026
B1838514748180N12001772WA000000149984
B1838524748180N12001780WA000000149876
B1838534748181N12001789WA000000149825
B1838544748181N12001797WA000000149959
B1838554748182N12001806WA000000149810
B1838564748182N12001814WA000000149923
B1838574748182N12001823WA000000149872
B1838584748183N12001831WA000000149714
B1838594748183N12001840WA000000149643
B1839004748183N12001850WA000000149663
B1839014748183N12001860WA000000149576
B1839024748183N12001870WA000000149452
B1839034748184N12001880WA000000149210
B1839044748184N12001890WA000000149237
B1839054748184N12001901WA000000149044
B1839064748184N12001911WA000000148998
B1839074748184N12001921WA000000149156
B1839084748185N12001931WA000000149034
B1839094748186N12001941WA000000148945
B1839104748187N12001950WA000000148972
B1839114748189N12001959WA000000148842
B1839124748190N12001968WA000000148744
B1839134748191N12001977WA000000148684
B1839144748192N12001985WA000000148638
B1839154748193N12001993WA000000148416
B1839164748193N12002001WA000000148470
B1839174748193N12002009WA000000148493
B1839184748194N12002018WA000000148214
B1839194748194N12002028WA000000148068
B1839204748195N12002039WA000000148008
B1839214748196N12002050WA000000148018
B1839224748194N12002061WA000000148053
B1839234748194N12002071WA000000147846
B1839244748194N12002082WA000000147880
B1839254748195N12002091WA000000147949
B1839264748195N12002101WA000000147909
B1839274748194N12002111WA000000147885
B1839284748194N12002121WA000000147586
B1839294748195N12002132WA000000147315
B1839304748195N12002144WA000000147144
B1839314748195N12002156WA000000146962
B1839324748195N12002167WA000000146786
B1839334748195N12002178WA000000146680
B1839344748196N12002188WA000000146650
B1839354748196N12002197WA000000146746
B1839364748197N12002206WA000000146537
B1839374748197N12002216WA000000146536
B1839384748198N12002226WA000000146315
B1839394748198N12002237WA000000146120
B1839404748198N12002248WA000000145896
B1839414748198N12002260WA000000145763
B1839424748198N12002271WA000000145679
B1839434748198N12002282WA000000145554
B1839444748198N12002293WA000000145450
B1839454748199N12002303WA000000145533
B1839464748200N12002313WA000000145407
B1839474748200N12002324WA000000145260
B1839484748201N12002334WA000000145125
B1839494748201N12002345WA000000145022
B1839504748202N12002355WA000000145028
B1839514748203N12002366WA000000145010
B1839524748204N12002374WA000000145035
B1839534748204N12002381WA000000145037
B1839544748204N12002388WA000000144906
B1839554748204N12002396WA000000144810
B1839564748204N12002404WA000000135091
B1839574748207N12002412WA000000138538
B1839584748212N12002420WA000000140202
B1839594748219N12002426WA000000141181
B1840004748228N12002428WA000000141668
B1840014748237N12002427WA000000142370
B1840024748245N12002422WA000000142783
B1840034748253N12002417WA000000143071
B1840044748259N12002413WA000000143396
B1840054748265N12002409WA000000143577
B1840064748271N12002405WA000000143502
B1840074748275N12002400WA000000143589
B1840084748280N12002395WA000000143574
B1840094748285N12002389WA000000143658
B1840104748289N12002384WA000000143545
B1840114748291N12002377WA000000143515
B1840124748289N12002371WA000000143280
B1840134748285N12002365WA000000142989
B1840144748281N12002363WA000000142908
B1840154748276N12002364WA000000142988
B1840164748273N12002368WA000000143133
B1840174748271N12002373WA000000143220
B1840184748268N12002377WA000000143251
B1840194748266N12002382WA000000143298
B1840204748265N12002388WA000000143210
B1840214748263N12002392WA000000143166
B1840224748261N12002398WA000000143072
B1840234748259N12002405WA000000142852
B1840244748257N12002411WA000000142563
B1840254748254N12002418WA000000142430
B1840264748251N12002424WA000000142522
B1840274748248N12002429WA000000142694
B1840284748246N12002435WA000000142856
B1840294748243N12002440WA000000143373
B1840304748240N12002444WA000000143497
B1840314748237N12002448WA000000143745
B1840324748233N12002451WA000000143828
B1840334748229N12002453WA000000144098
B1840344748226N12002453WA000000144149
B1840354748223N12002449WA000000144108
B1840364748221N12002443WA000000144265
B1840374748223N12002433WA000000144022
B1840384748228N12002422WA000000143826
B1840394748235N12002413WA000000143717
B1840404748241N12002411WA000000143749
B1840414748247N12002411WA000000143553
B1840424748254N12002415WA000000143618
B1840434748260N12002426WA000000143781
B1840444748260N12002434WA000000143735
B1840454748260N12002443WA000000144199
B1840464748260N12002452WA000000144532
B1840474748258N12002459WA000000144852
B1840484748254N12002464WA000000144992
B1840494748248N12002466WA000000144970
B1840504748244N12002464WA000000145403
B1840514748240N12002458WA000000145824
B1840524748239N12002450WA000000145885
B1840534748240N12002441WA000000146096
B1840544748244N12002433WA000000146274
B1840554748249N12002426WA000000146343
B1840564748256N12002421WA000000146340
B1840574748263N12002417WA000000146510
B1840584748269N12002418WA000000146668
B1840594748274N12002423WA000000146971
B1841004748278N12002428WA000000147377
B1841014748281N12002435WA000000147460
B1841024748282N12002441WA000000147694
B1841034748283N12002448WA000000147893
B1841044748282N12002456WA000000136180
B1841054748281N12002463WA000000140806
B1841064748279N12002469WA000000143217
B1841074748276N12002474WA000000144849
B1841084748272N12002477WA000000145710
B1841094748268N12002476WA000000146502
B1841104748263N12002472WA000000147051
B1841114748260N12002466WA000000141081
B1841124748260N12002458WA000000142832
B1841134748262N12002449WA000000143826
B1841144748264N12002441WA000000145645
B1841154748268N12002435WA000000146941
B1841164748272N12002429WA000000147858
B1841174748277N12002425WA000000148322
B1841184748282N12002421WA000000148740
B1841194748288N12002418WA000000148915
B1841204748294N12002417WA000000149168
B1841214748300N12002419WA000000149287
B1841224748306N12002423WA000000149497
B1841234748311N12002429WA000000149618
B1841244748314N12002437WA000000149800
B1841254748314N12002446WA000000150010
B1841264748313N12002454WA000000150497
B1841274748313N12002461WA000000150729
B1841284748313N12002470WA000000150970
B1841294748314N12002476WA000000151274
B1841304748313N12002482WA000000151472
B1841314748310N12002486WA000000151545
B1841324748305N12002488WA000000151415
B1841334748299N12002487WA000000151310
B1841344748294N12002482WA000000151447
B1841354748291N12002477WA000000151693
B1841364748291N12002470WA000000151699
B1841374748292N12002463WA000000151757
B1841384748293N12002455WA000000151899
B1841394748295N12002447WA000000151897
B1841404748298N12002439WA000000151820
B1841414748301N12002432WA000000152001
B1841424748304N12002424WA000000152318
B1841434748309N12002420WA000000152571
B1841444748314N12002415WA000000152558
B1841454748321N12002414WA000000152662
B1841464748328N12002415WA000000152791
B1841474748335N12002419WA000000152810
B1841484748340N12002424WA000000153087
B1841494748345N12002430WA000000153265
B1841504748347N12002438WA000000153348
B1841514748348N12002447WA000000153540
B1841524748349N12002455WA000000153700
B1841534748347N12002460WA000000153901
B1841544748343N12002463WA000000153928
B1841554748338N12002462WA000000153937
B1841564748334N12002462WA000000154221
B1841574748330N12002459WA000000154671
B1841584748328N12002453WA000000154743
B1841594748328N12002445WA000000154854
B1842004748329N12002437WA000000154902
B1842014748330N12002431WA000000155187
B1842024748335N12002426WA000000155488
B1842034748342N12002422WA000000155502
B1842044748349N12002419WA000000155565
B1842054748357N12002418WA000000155661
B1842064748365N12002419WA000000155616
B1842074748372N12002425WA000000155712
B1842084748377N12002433WA000000155815
B1842094748379N12002443WA000000155922
B1842104748379N12002453WA000000155941
B1842114748378N12002461WA000000156003
B1842124748374N12002463WA000000156259
B1842134748372N12002465WA000000156429
B1842144748369N12002465WA000000156860
B1842154748367N12002462WA000000157162
B1842164748365N12002457WA000000157241
B1842174748363N12002451WA000000157378
B1842184748362N12002446WA000000157475
B1842194748362N12002440WA000000157659
B1842204748363N12002435WA000000157739
B1842214748365N12002429WA000000157788
B1842224748369N12002423WA000000157961
B1842234748375N12002417WA000000157949
B1842244748381N12002414WA000000158041
B1842254748390N12002420WA000000158177
B1842264748397N12002429WA000000158165
B1842274748401N12002439WA000000158129
B1842284748402N12002449WA000000158302
B1842294748399N12002455WA000000158370
B1842304748397N12002458WA000000158638
B1842314748394N12002461WA000000158787
B1842324748392N12002463WA000000159063
B1842334748390N12002464WA000000159161
B1842344748387N12002464WA000000159251
B1842354748384N12002464WA000000159333
B1842364748380N12002463WA000000159396
B1842374748377N12002462WA000000159346
B1842384748374N12002460WA000000159429
B1842394748371N12002459WA000000159364
B1842404748368N12002458WA000000159560
B1842414748365N12002455WA000000159577
B1842424748361N12002453WA000000159595
B1842434748357N12002452WA000000147082
B1842444748354N12002451WA000000152256
B1842454748351N12002453WA000000154914
B1842464748347N12002456WA000000156782
B1842474748345N12002456WA000000157928
B1842484748343N12002454WA000000158709
B1842494748341N12002449WA000000159072
B1842504748342N12002441WA000000159187
B1842514748346N12002433WA000000159291
B1842524748352N12002426WA000000159265
B1842534748359N12002424WA000000159411
B1842544748364N12002423WA000000159790
B1842554748370N12002424WA000000159972
B1842564748376N12002425WA000000160086
B1842574748383N12002426WA000000160249
B1842584748390N12002428WA000000160250
B1842594748397N12002429WA000000160375
B1843004748404N12002431WA000000160471
B1843014748411N12002432WA000000160656
B1843024748417N12002435WA000000161083
B1843034748423N12002439WA000000161249
B1843044748427N12002445WA000000161474
B1843054748430N12002453WA000000161680
B1843064748431N12002462WA000000132257
B1843074748430N12002471WA000000143408
B1843084748426N12002477WA000000149695
B1843094748423N12002479WA000000153338
B1843104748419N12002479WA000000155811
B1843114748415N12002474WA000000157487
B1843124748414N12002468WA000000154907
B1843134748415N12002460WA000000157739
B1843144748418N12002453WA000000159589
B1843154748424N12002448WA000000160803
B1843164748430N12002445WA000000161695
B1843174748438N12002444WA000000162123
B1843184748445N12002445WA000000162554
B1843194748452N12002450WA000000162908
B1843204748457N12002458WA000000163242
B1843214748461N12002468WA000000163433
B1843224748461N12002478WA000000163578
B1843234748460N12002487WA000000164003
B1843244748456N12002492WA000000164269
B1843254748452N12002495WA000000164307
B1843264748447N12002492WA000000164631
B1843274748443N12002486WA000000164980
B1843284748442N12002478WA000000165136
B1843294748450N12002470WA000000165123
B1843304748457N12002465WA000000165360
B1843314748466N12002464WA000000165433
B1843324748474N12002466WA000000165749
B1843334748481N12002471WA000000159689
B1843344748487N12002477WA000000162549
B1843354748491N12002485WA000000163965
B1843364748494N12002494WA000000164684
B1843374748496N12002503WA000000165017
B1843384748493N12002511WA000000165270
B1843394748491N12002518WA000000165815
B1843404748487N12002523WA000000166228
B1843414748482N12002526WA000000166324
B1843424748477N12002525WA000000166616
B1843434748473N12002522WA000000166722
B1843444748476N12002515WA000000166810
B1843454748478N12002507WA000000166967
B1843464748482N12002501WA000000167475
B1843474748487N12002496WA000000167696
B1843484748493N12002492WA000000167895
B1843494748501N12002491WA000000167989
B1843504748510N12002495WA000000168063
B1843514748518N12002499WA000000168463
B1843524748523N12002509WA000000168618
B1843534748525N12002520WA000000168870
B1843544748524N12002530WA000000169022
B1843554748523N12002537WA000000169065
B1843564748520N12002543WA000000169086
B1843574748517N12002549WA000000169191
B1843584748514N12002552WA000000169384
B1843594748511N12002552WA000000169376
B1844004748508N12002550WA000000169358
B1844014748507N12002545WA000000169324
B1844024748505N12002540WA000000169633
B1844034748505N12002534WA000000169709
B1844044748504N12002530WA000000169951
B1844054748504N12002524WA000000169993
B1844064748505N12002518WA000000170036
B1844074748506N12002511WA000000170028
B1844084748507N12002504WA000000170196
B1844094748513N12002498WA000000170106
B1844104748518N12002492WA000000170236
B1844114748525N12002489WA000000170312
B1844124748532N12002487WA000000170532
B1844134748539N12002486WA000000170778
B1844144748547N12002488WA000000171006
B1844154748553N12002493WA000000171291
B1844164748560N12002499WA000000171352
B1844174748565N12002509WA000000171593
B1844184748569N12002520WA000000171670
B1844194748569N12002529WA000000171782
B1844204748568N12002536WA000000172135
B1844214748565N12002540WA000000172238
B1844224748562N12002541WA000000154427
B1844234748559N12002540WA000000161862
B1844244748556N12002538WA000000166390
B1844254748554N12002535WA000000168591
B1844264748554N12002530WA000000169948
B1844274748554N12002525WA000000170966
B1844284748556N12002518WA000000171409
B1844294748560N12002511WA000000171846
B1844304748565N12002505WA000000172177
B1844314748572N12002503WA000000172381
B1844324748582N12002504WA000000172542
B1844334748590N12002507WA000000173014
B1844344748596N12002512WA000000173498
B1844354748602N12002519WA000000173793
B1844364748607N12002528WA000000173908
B1844374748609N12002539WA000000174082
B1844384748609N12002549WA000000174170
B1844394748607N12002557WA000000174352
B1844404748604N12002563WA000000174454
B1844414748600N12002565WA000000174598
B1844424748597N12002566WA000000174773
B1844434748595N12002562WA000000174855
B1844444748594N12002557WA000000175082
B1844454748595N12002549WA000000175146
B1844464748597N12002541WA000000175239
B1844474748602N12002535WA000000175283
B1844484748609N12002530WA000000162265
B1844494748616N12002528WA000000168082
B1844504748624N12002528WA000000171036
B1844514748631N12002533WA000000172784
B1844524748638N12002540WA000000173874
B1844534748644N12002548WA000000174654
B1844544748647N12002558WA000000175159
B1844554748649N12002570WA000000175401
B1844564748648N12002579WA000000175665
B1844574748645N12002587WA000000175792
B1844584748642N12002591WA000000175947
B1844594748638N12002593WA000000176184
B1845004748636N12002591WA000000176337
B1845014748633N12002589WA000000176331
B1845024748631N12002585WA000000176695
B1845034748632N12002580WA000000176822
B1845044748633N12002574WA000000176842
B1845054748634N12002568WA000000176820
B1845064748634N12002562WA000000176851
B1845074748635N12002556WA000000176934
B1845084748635N12002551WA000000176953
B1845094748635N12002546WA000000176882
B1845104748635N12002541WA000000176985
B1845114748635N12002536WA000000176812
B1845124748633N12002531WA000000176968
B1845144748629N12002523WA000000176930
B1845154748627N12002518WA000000161143
B1845164748625N12002512WA000000167055
B1845174748624N12002506WA000000170340
B1845184748623N12002500WA000000172263
B1845194748623N12002494WA000000173536
B1845204748622N12002488WA000000174388
B1845214748622N12002482WA000000174837
B1845224748621N12002477WA000000175268
B1845234748620N12002472WA000000175591
B1845244748620N12002467WA000000175763
B1845254748619N12002462WA000000175981
B1845264748618N12002457WA000000176070
B1845274748616N12002452WA000000176186
B1845284748614N12002448WA000000176387
B1845294748611N12002444WA000000176379
B1845304748609N12002442WA000000162120
B1845314748607N12002438WA000000167843
B1845324748605N12002434WA000000170984
B1845334748604N12002430WA000000172745
B1845344748602N12002427WA000000173866
B1845354748600N12002424WA000000174699
B1845364748598N12002421WA000000175121
B1845374748595N12002417WA000000175456
B1845394748590N12002409WA000000175674
B1845404748589N12002406WA000000175823
B1845414748587N12002403WA000000176080
B1845424748586N12002400WA000000176057
B1845434748585N12002397WA000000176144
B1845444748582N12002394WA000000176190
B1845454748580N12002390WA000000176208
B1845464748576N12002387WA000000176159
B1845474748573N12002384WA000000176486
B1845484748571N12002380WA000000176569
B1845494748569N12002377WA000000176539
B1845504748567N12002373WA000000176537
B1845514748565N12002368WA000000176414
B1845524748563N12002364WA000000176320
B1845534748561N12002359WA000000176262
B1845544748560N12002354WA000000176225
B1845554748558N12002349WA000000176297
B1845564748557N12002345WA000000176050
B1845574748555N12002340WA000000175999
B1845584748553N12002336WA000000175887
B1845594748551N12002332WA000000175766
B1846004748549N12002329WA000000175654
B1846014748547N12002326WA000000175654
B1846024748545N12002324WA000000175540
B1846034748542N12002322WA000000175479
B1846044748539N12002322WA000000175369
B1846054748536N12002323WA000000175114
B1846064748533N12002323WA000000175016
B1846074748529N12002323WA000000174977
B1846084748526N12002324WA000000174982
B1846094748523N12002324WA000000174850
B1846104748520N12002324WA000000174851
B1846114748518N12002324WA000000174733
B1846124748515N12002325WA000000174549
B1846134748512N12002327WA000000174452
B1846144748509N12002328WA000000174335
B1846154748505N12002328WA000000174239
B1846164748501N12002328WA000000174289
B1846174748498N12002329WA000000174213
B1846184748494N12002330WA000000174035
B1846194748489N12002331WA000000173899
B1846204748485N12002332WA000000173643
B1846214748480N12002332WA000000173337
B1846224748474N12002333WA000000173282
B1846234748468N12002332WA000000173199
B1846244748463N12002333WA000000173022
B1846254748458N12002332WA000000173019
B1846264748453N12002332WA000000172929
B1846274748448N12002332WA000000173045
B1846284748443N12002331WA000000172929
B1846294748437N12002332WA000000172830
B1846304748431N12002332WA000000172725
B1846314748425N12002333WA000000172639
B1846324748419N12002334WA000000172788
B1846334748414N12002335WA000000172791
B1846344748409N12002336WA000000172790
B1846354748405N12002336WA000000172707
B1846364748399N12002337WA000000172465
B1846374748394N12002337WA000000172316
B1846384748388N12002338WA000000172350
B1846394748383N12002338WA000000172300
B1846404748378N12002337WA000000172355
B1846414748375N12002337WA000000172504
B1846424748372N12002336WA000000172629
B1846434748369N12002337WA000000172760
B1846444748366N12002336WA000000172753
B1846454748362N12002336WA000000172574
B1846464748358N12002336WA000000172481
LXCTACTIVITY OTHER 78
B1846474748355N12002335WA000000172302
B1846484748352N12002334WA000000172300
B1846494748350N12002332WA000000172308
B1846504748347N12002331WA000000172329
B1846514748344N12002331WA000000172374
B1846524748341N12002330WA000000172367
B1846534748336N12002330WA000000172176
B1846544748331N12002330WA000000171874
B1846554748326N12002331WA000000171720
B1846564748321N12002331WA000000171641
B1846574748316N12002330WA000000171495
B1846584748313N12002331WA000000171153
B1846594748309N12002331WA000000171083
B1847004748306N12002331WA000000171007
B1847014748302N12002332WA000000170935
B1847024748299N12002333WA000000170968
B1847034748297N12002335WA000000170930
B1847044748295N12002337WA000000170831
B1847054748293N12002339WA000000170843
B1847064748291N12002342WA000000170744
B1847074748289N12002345WA000000170608
B1847084748286N12002348WA000000170420
B1847094748282N12002350WA000000170491
B1847104748279N12002351WA000000170355
B1847114748276N12002352WA000000170357
B1847124748274N12002353WA000000170406
B1847134748271N12002354WA000000170592
B1847144748269N12002355WA000000170680
B1847154748267N12002355WA000000170635
B1847164748265N12002356WA000000170718
B1847174748262N12002357WA000000170778
B1847184748260N12002358WA000000170874
B1847194748258N12002358WA000000170899
B1847204748256N12002358WA000000170999
B1847214748254N12002358WA000000170857
B1847224748251N12002357WA000000170869
B1847234748247N12002357WA000000170862
B1847244748242N12002356WA000000170598
B1847254748237N12002357WA000000170373
B1847264748232N12002357WA000000170477
B1847274748229N12002358WA000000170543
B1847284748227N12002358WA000000171156
B1847294748226N12002358WA000000171787
B1847304748226N12002358WA000000172049
B1847314748226N12002356WA000000172109
B1847324748224N12002353WA000000172299
B1847334748223N12002349WA000000172250
B1847344748223N12002343WA000000172261
B1847354748226N12002337WA000000172702
B1847364748228N12002330WA000000172787
B1847374748232N12002322WA000000172749
B1847384748236N12002315WA000000172788
B1847394748244N12002311WA000000172875
B1847404748253N12002309WA000000172914
B1847414748261N12002309WA000000173056
B1847424748271N12002314WA000000173100
B1847434748279N12002319WA000000173424
B1847444748285N12002325WA000000173599
B1847454748291N12002334WA000000173722
B1847464748294N12002343WA000000173933
B1847474748294N12002351WA000000173999
LXCTACTIVITY STILL 80
B1847484748293N12002357WA000000174069
B1847494748291N12002361WA000000174153
B1847504748289N12002364WA000000174213
B1847514748287N12002368WA000000174408
B1847524748285N12002373WA000000174721
B1847534748283N12002377WA000000175070
B1847544748281N12002379WA000000175384
B1847554748279N12002381WA000000175562
B1847564748277N12002384WA000000175751
B1847574748275N12002386WA000000176163
B1847584748273N12002388WA000000176659
B1847594748271N12002390WA000000176989
B1848004748269N12002391WA000000177099
B1848014748268N12002390WA000000177109
B1848024748268N12002385WA000000177031
B1848034748270N12002374WA000000176719
B1848044748276N12002366WA000000176313
B1848054748281N12002359WA000000176937
B1848064748287N12002354WA000000177528
B1848074748291N12002353WA000000177891
B1848084748297N12002350WA000000177856
B1848094748304N12002347WA000000177935
B1848104748311N12002343WA000000177932
B1848114748320N12002339WA000000177945
B1848124748329N12002337WA000000178473
B1848134748338N12002338WA000000178850
B1848144748346N12002341WA000000179167
B1848154748353N12002347WA000000179396
B1848164748360N12002354WA000000179406
B1848174748365N12002363WA000000179571
B1848184748369N12002372WA000000179704
B1848194748370N12002382WA000000179793
B1848204748371N12002390WA000000179873
B1848214748369N12002394WA000000179932
B1848224748366N12002394WA000000180177
B1848234748365N12002393WA000000180309
B1848244748363N12002392WA000000180530
B1848254748362N12002389WA000000180848
B1848264748362N12002387WA000000181150
B1848274748362N12002381WA000000181478
B1848284748364N12002375WA000000181650
B1848294748366N12002368WA000000181822
B1848304748369N12002360WA000000182004
B1848314748373N12002353WA000000182340
B1848324748378N12002347WA000000182491
B1848334748387N12002343WA000000182499
B1848344748397N12002342WA000000182847
B1848354748406N12002345WA000000183190
B1848364748415N12002351WA000000183407
B1848374748422N12002360WA000000183728
B1848384748426N12002371WA000000183990
B1848394748429N12002380WA000000184199
B1848404748431N12002389WA000000184318
B1848414748431N12002397WA000000184562
B1848424748430N12002402WA000000184643
B1848434748428N12002404WA000000184722
B1848444748426N12002405WA000000185022
B1848454748425N12002404WA000000185204
B1848464748424N12002402WA000000185552
B1848474748424N12002397WA000000185746
B1848484748426N12002390WA000000185783
B1848494748430N12002382WA000000185813
B1848504748434N12002373WA000000186064
B1848514748440N12002366WA000000186341
B1848524748448N12002360WA000000186809
B1848534748456N12002358WA000000187152
B1848544748465N12002357WA000000187277
B1848554748475N12002361WA000000187331
B1848564748484N12002367WA000000187650
B1848574748490N12002375WA000000187863
B1848584748494N12002384WA000000188064
B1848594748497N12002393WA000000188222
B1849004748498N12002401WA000000188574
B1849014748499N12002407WA000000188726
B1849024748499N12002414WA000000188845
B1849034748499N12002419WA000000188935
B1849044748498N12002422WA000000189161
B1849054748498N12002423WA000000189425
B1849064748498N12002423WA000000189716
B1849074748498N12002422WA000000189938
LXCTACTIVITY OTHER 89
B1849084748498N12002421WA000000190033
B1849094748497N12002419WA000000190297
B1849104748497N12002418WA000000190332
B1849114748496N12002417WA000000190440
B1849124748495N12002415WA000000190557
B1849134748493N12002413WA000000190899
B1849144748491N12002411WA000000190998
B1849154748492N12002406WA000000190941
B1849164748492N12002400WA000000190985
B1849174748492N12002393WA000000191089
B1849184748493N12002387WA000000191160
B1849194748495N12002380WA000000191204
B1849204748496N12002373WA000000191381
B1849214748501N12002366WA000000191564
B1849224748507N12002360WA000000191651
B1849234748514N12002355WA000000191673
B1849244748523N12002351WA000000191695
B1849254748533N12002350WA000000191710
B1849264748542N12002352WA000000191893
B1849274748551N12002356WA000000192047
B1849284748559N12002363WA000000192100
B1849294748564N12002370WA000000192279
B1849304748569N12002379WA000000192416
B1849314748572N12002387WA000000192749
B1849324748575N12002396WA000000193017
B1849334748576N12002404WA000000193159
B1849344748577N12002412WA000000193175
B1849354748578N12002419WA000000193388
B1849364748579N12002425WA000000193437
B1849374748579N12002431WA000000193672
B1849384748579N12002435WA000000193700
B1849394748577N12002438WA000000193788
B1849404748576N12002442WA000000193753
B1849414748575N12002447WA000000193846
B1849424748575N12002453WA000000193927
B1849434748574N12002459WA000000193867
B1849444748572N12002461WA000000193998
B1849454748571N12002461WA000000194160
B1849464748570N12002459WA000000194244
B1849474748570N12002458WA000000194303
B1849484748569N12002457WA000000194446
B1849494748568N12002458WA000000194510
B1849504748566N12002457WA000000194597
B1849514748565N12002457WA000000194574
B1849524748564N12002457WA000000194673
B1849534748563N12002457WA000000194743
B1849544748562N12002455WA000000195008
B1849554748560N12002453WA000000195075
B1849564748559N12002450WA000000195276
B1849574748559N12002445WA000000195347
B1849584748560N12002440WA000000195323
B1849594748562N12002433WA000000195463
B1850004748565N12002426WA000000195634
B1850014748570N12002418WA000000195817
B1850024748576N12002411WA000000195967
B1850034748584N12002405WA000000196016
B1850044748591N12002400WA000000196167
B1850054748599N12002397WA000000196344
B1850064748607N12002395WA000000196554
B1850074748616N12002394WA000000196703
B1850084748625N12002394WA000000196735
B1850094748634N12002397WA000000196802
B1850104748643N12002402WA000000196908
B1850114748649N12002411WA000000196987
B1850124748651N12002422WA000000196988
B1850134748652N12002432WA000000197045
B1850144748651N12002439WA000000197173
B1850154748650N12002444WA000000197376
B1850164748649N12002448WA000000197551
B1850174748648N12002451WA000000197542
B1850184748644N12002452WA000000197597
B1850194748641N12002453WA000000197768
B1850204748639N12002454WA000000198128
B1850214748637N12002456WA000000198471
B1850224748636N12002457WA000000198555
B1850234748635N12002460WA000000198650
B1850244748634N12002463WA000000198605
B1850254748631N12002467WA000000198665
B1850264748629N12002471WA000000198778
B1850274748628N12002474WA000000198721
B1850284748625N12002476WA000000198964
B1850294748624N12002477WA000000199128
B1850304748622N12002479WA000000199054
B1850314748620N12002481WA000000199252
B1850324748619N12002483WA000000199500
B1850334748618N12002484WA000000199700
B1850344748616N12002484WA000000199888
B1850354748615N12002484WA000000200069
B1850364748614N12002480WA000000200153
B1850374748613N12002474WA000000200186
B1850384748616N12002466WA000000200387
B1850394748620N12002458WA000000200410
B1850404748627N12002452WA000000200616
B1850414748634N12002446WA000000200908
B1850424748645N12002450WA000000201081
B1850434748655N12002456WA000000201206
B1850444748661N12002465WA000000201364
B1850454748665N12002474WA000000201539
B1850464748667N12002483WA000000201849
B1850474748668N12002491WA000000202112
B1850484748669N12002496WA000000202408
B1850494748669N12002501WA000000202506
B1850504748668N12002506WA000000202685
B1850514748668N12002510WA000000202738
B1850524748667N12002516WA000000202721
B1850534748665N12002519WA000000202968
B1850544748664N12002523WA000000203011
B1850554748662N12002522WA000000203139
B1850564748660N12002522WA000000203460
B1850574748659N12002518WA000000203574
B1850584748659N12002512WA000000203638
B1850594748659N12002505WA000000203896
B1851004748663N12002498WA000000203879
B1851014748666N12002492WA000000204164
B1851024748673N12002487WA000000204212
B1851034748679N12002482WA000000204303
B1851044748686N12002479WA000000204619
B1851054748694N12002478WA000000204722
B1851064748702N12002479WA000000204934
B1851074748710N12002483WA000000205283
B1851084748719N12002490WA000000205305
B1851094748725N12002500WA000000205650
B1851104748730N12002509WA000000205772
B1851114748735N12002517WA000000205924
B1851124748738N12002525WA000000206243
B1851134748741N12002533WA000000206322
B1851144748742N12002540WA000000206378
B1851154748741N12002548WA000000206325
B1851164748740N12002554WA000000206401
B1851174748737N12002556WA000000206536
B1851184748735N12002557WA000000206746
B1851194748734N12002557WA000000206920
B1851204748732N12002555WA000000207198
B1851214748731N12002553WA000000182396
B1851224748730N12002550WA000000192969
B1851234748729N12002547WA000000198446
B1851244748730N12002542WA000000201312
B1851254748730N12002535WA000000203287
B1851264748732N12002528WA000000204511
B1851274748734N12002520WA000000205348
B1851284748737N12002514WA000000206060
B1851294748742N12002508WA000000206541
B1851304748748N12002502WA000000206837
B1851314748755N12002499WA000000207130
B1851324748763N12002497WA000000207370
B1851334748772N12002497WA000000207573
B1851344748781N12002499WA000000207848
B1851354748789N12002503WA000000208138
B1851364748796N12002511WA000000208676
B1851374748802N12002520WA000000208951
B1851384748807N12002528WA000000209116
B1851394748810N12002537WA000000209350
B1851404748812N12002546WA000000209676
B1851414748813N12002555WA000000209963
B1851424748813N12002561WA000000210233
B1851434748812N12002565WA000000210406
B1851444748811N12002568WA000000210509
B1851454748809N12002571WA000000210520
B1851464748808N12002572WA000000210623
B1851474748807N12002570WA000000210806
B1851484748805N12002565WA000000210892
B1851494748805N12002559WA000000210872
B1851504748806N12002552WA000000199175
B1851514748808N12002545WA000000203812
B1851524748810N12002538WA000000207997
B1851534748814N12002532WA000000209302
B1851544748817N12002525WA000000210122
B1851554748820N12002518WA000000210698
B1851564748828N12002513WA000000210919
B1851574748836N12002511WA000000211304
B1851584748844N12002513WA000000211494
B1851594748853N12002520WA000000211610
B1852004748859N12002529WA000000211933
B1852014748863N12002540WA000000212174
B1852024748864N12002549WA000000212537
B1852034748863N12002558WA000000212822
B1852044748861N12002562WA000000212953
B1852054748859N12002563WA000000213124
B1852064748857N12002561WA000000213249
B1852074748856N12002558WA000000213143
B1852084748856N12002551WA000000213056
B1852094748858N12002544WA000000213016
B1852104748861N12002536WA000000213149
B1852124748870N12002524WA000000213316
B1852134748878N12002522WA000000196704
B1852144748885N12002521WA000000202475
B1852154748893N12002521WA000000205754
B1852164748901N12002522WA000000207890
B1852174748910N12002525WA000000209351
B1852184748918N12002529WA000000210403
B1852194748925N12002537WA000000211203
B1852204748930N12002547WA000000211861
B1852214748934N12002558WA000000212280
B1852224748938N12002567WA000000212625
B1852234748940N12002575WA000000213108
B1852244748940N12002583WA000000213442
B1852254748940N12002589WA000000213707
B1852264748939N12002595WA000000213937
B1852274748938N12002602WA000000214231
B1852284748937N12002608WA000000214343
B1852294748936N12002614WA000000214548
B1852304748935N12002621WA000000214515
B1852314748933N12002628WA000000214720
B1852324748932N12002634WA000000214871
B1852334748931N12002639WA000000214987
B1852344748930N12002645WA000000215143
B1852354748929N12002650WA000000215304
B1852364748927N12002655WA000000215377
B1852374748926N12002662WA000000215530
B1852384748925N12002668WA000000215744
B1852394748924N12002675WA000000215983
B1852404748923N12002681WA000000216183
B1852414748921N12002683WA000000216174
B1852424748919N12002685WA000000216159
B1852434748916N12002683WA000000216387
B1852444748914N12002680WA000000216478
B1852454748913N12002674WA000000216433
B1852464748917N12002667WA000000216693
B1852474748922N12002660WA000000195002
B1852484748928N12002654WA000000204575
B1852494748936N12002651WA000000209101
B1852504748944N12002650WA000000211634
B1852514748952N12002651WA000000213134
B1852524748960N12002653WA000000214082
B1852534748968N12002657WA000000214739
B1852544748975N12002664WA000000215265
B1852554748981N12002673WA000000215511
B1852564748984N12002683WA000000215885
B1852574748987N12002692WA000000216208
B1852584748986N12002701WA000000216342
B1852594748985N12002709WA000000216549
B1853004748983N12002714WA000000216719
B1853014748981N12002719WA000000217100
B1853024748979N12002721WA000000217475
B1853034748978N12002724WA000000217641
B1853044748977N12002725WA000000217717
B1853054748975N12002727WA000000217874
B1853064748973N12002728WA000000217887
B1853074748971N12002729WA000000217865
B1853084748969N12002729WA000000217856
B1853094748967N12002725WA000000218044
B1853104748966N12002720WA000000218136
B1853114748966N12002713WA000000218179
B1853124748968N12002706WA000000218260
B1853134748972N12002698WA000000218283
B1853144748977N12002691WA000000218244
B1853154748983N12002685WA000000218449
B1853164748990N12002683WA000000218620
B1853174748997N12002682WA000000218798
B1853184749005N12002685WA000000218762
B1853194749013N12002691WA000000218880
B1853204749021N12002698WA000000218928
B1853214749027N12002707WA000000219101
B1853224749031N12002716WA000000205635
B1853234749034N12002725WA000000210838
B1853244749036N12002735WA000000213644
B1853254749037N12002744WA000000215311
B1853264749036N12002751WA000000216354
B1853294749032N12002768WA000000217082
B1853304749030N12002771WA000000198501
B1853314749027N12002770WA000000204759
B1853324749025N12002769WA000000208611
B1853334749023N12002765WA000000211244
B1853344749022N12002760WA000000212929
B1853354749021N12002755WA000000214145
B1853364749020N12002750WA000000215156
B1853374749019N12002746WA000000215817
B1853384749016N12002746WA000000216332
B1853394749013N12002745WA000000216683
B1853404749012N12002745WA000000216842
B1853414749008N12002752WA000000217068
B1853424749005N12002759WA000000217011
B1853434749002N12002762WA000000217003
B1853444748996N12002767WA000000216826
B1853454748990N12002769WA000000216695
B1853464748984N12002775WA000000216331
B1853474748978N12002778WA000000216122
B1853484748972N12002784WA000000216164
B1853494748967N12002788WA000000216354
B1853504748963N12002793WA000000216482
B1853514748960N12002797WA000000216559
B1853524748957N12002801WA000000216426
B1853534748953N12002806WA000000216388
B1853544748949N12002813WA000000216380
B1853554748945N12002817WA000000216131
B1853564748940N12002820WA000000216076
B1853574748937N12002830WA000000216037
B1853584748933N12002837WA000000215967
B1853594748929N12002843WA000000215922
B1854004748925N12002847WA000000216039
B1854014748921N12002852WA000000216143
B1854024748917N12002856WA000000216145
B1854034748912N12002859WA000000216197
B1854044748908N12002861WA000000216023
B1854054748903N12002862WA000000215939
B1854064748898N12002864WA000000215963
B1854074748894N12002865WA000000190546
B1854084748890N12002867WA000000200633
B1854094748887N12002868WA000000206142
B1854104748884N12002868WA000000209475
B1854114748882N12002869WA000000211530
B1854124748879N12002869WA000000212875
B1854134748875N12002868WA000000213687
B1854144748871N12002867WA000000214249
B1854154748867N12002865WA000000214602
B1854164748863N12002862WA000000214904
B1854174748859N12002860WA000000215231
B1854184748856N12002857WA000000215496
B1854194748855N12002855WA000000215500
B1854204748853N12002852WA000000215606
B1854214748850N12002850WA000000215739
B1854224748847N12002848WA000000215899
B1854234748845N12002846WA000000215601
B1854244748842N12002843WA000000215767
B1854254748840N12002841WA000000215951
B1854264748838N12002839WA000000215904
B1854274748836N12002838WA000000216073
B1854284748834N12002836WA000000215809
B1854294748831N12002834WA000000215513
B1854304748826N12002831WA000000215459
B1854314748821N12002828WA000000215184
B1854324748816N12002825WA000000214853
B1854334748811N12002821WA000000214623
B1854344748805N12002817WA000000214394
B1854354748801N12002813WA000000214225
B1854364748796N12002809WA000000214189
B1854374748792N12002806WA000000214040
B1854384748788N12002802WA000000213917
B1854394748783N12002799WA000000213749
B1854404748779N12002798WA000000213604
B1854414748773N12002796WA000000213781
B1854424748768N12002795WA000000213573
B1854434748763N12002795WA000000213464
B1854444748758N12002794WA000000213389
B1854454748753N12002794WA000000213292
B1854464748749N12002793WA000000213103
B1854474748744N12002793WA000000213112
B1854484748739N12002791WA000000213048
B1854494748734N12002790WA000000212835
B1854504748728N12002789WA000000212793
B1854514748723N12002788WA000000212462
B1854524748718N12002787WA000000212343
B1854534748714N12002787WA000000212200
B1854544748709N12002785WA000000193347
B1854554748704N12002785WA000000200570
B1854564748700N12002783WA000000204341
B1854574748696N12002782WA000000206310
B1854584748691N12002780WA000000207655
B1854594748686N12002779WA000000208450
B1855004748681N12002778WA000000208940
B1855014748676N12002776WA000000209275
B1855024748672N12002774WA000000209328
B1855034748667N12002773WA000000209554
B1855044748663N12002771WA000000209520
B1855054748658N12002768WA000000209449
B1855064748653N12002766WA000000209459
B1855074748648N12002765WA000000209498
B1855084748643N12002764WA000000209593
B1855094748639N12002761WA000000209517
B1855104748634N12002759WA000000209524
B1855114748628N12002758WA000000209480
B1855124748623N12002756WA000000209473
B1855134748618N12002754WA000000209475
B1855144748613N12002753WA000000209424
B1855154748608N12002752WA000000209421
B1855164748602N12002750WA000000209491
B1855174748597N12002748WA000000209365
B1855184748592N12002747WA000000209360
B1855194748587N12002745WA000000209348
B1855204748582N12002744WA000000209251
B1855214748577N12002743WA000000209350
B1855224748572N12002741WA000000209243
B1855234748567N12002739WA000000209139
B1855244748561N12002738WA000000209095
B1855254748556N12002737WA000000208951
B1855264748551N12002735WA000000208809
B1855274748545N12002734WA000000208677
B1855284748540N12002734WA000000184903
B1855294748534N12002733WA000000193962
B1855304748529N12002732WA000000198825
B1855314748524N12002731WA000000201647
B1855324748519N12002730WA000000203339
B1855334748514N12002729WA000000204548
B1855344748509N12002728WA000000205352
B1855354748504N12002727WA000000205870
B1855364748499N12002725WA000000206267
B1855374748494N12002722WA000000206399
B1855384748489N12002720WA000000206679
B1855394748484N12002718WA000000206759
B1855404748479N12002714WA000000206758
B1855414748474N12002710WA000000206898
B1855424748470N12002707WA000000206822
B1855434748465N12002704WA000000207024
B1855444748460N12002702WA000000206960
B1855454748455N12002699WA000000207078
B1855464748450N12002697WA000000207038
B1855474748445N12002697WA000000207011
B1855484748440N12002696WA000000207012
B1855494748434N12002695WA000000206861
B1855504748429N12002692WA000000206836
B1855514748424N12002691WA000000206605
B1855524748418N12002690WA000000206693
B1855534748413N12002689WA000000206664
B1855544748408N12002689WA000000206650
B1855554748403N12002688WA000000206696
B1855564748399N12002687WA000000206704
B1855574748394N12002686WA000000206636
B1855584748389N12002686WA000000206560
B1855594748384N12002685WA000000206468
B1856004748379N12002685WA000000206354
B1856014748374N12002685WA000000206273
B1856024748369N12002684WA000000206193
B1856034748365N12002682WA000000206066
B1856044748360N12002680WA000000205989
B1856054748356N12002679WA000000205808
B1856064748350N12002679WA000000205791
B1856074748346N12002677WA000000205612
B1856084748340N12002674WA000000188681
B1856094748335N12002672WA000000195161
B1856104748330N12002669WA000000198778
B1856114748326N12002668WA000000200745
B1856124748321N12002667WA000000202191
B1856134748318N12002665WA000000202919
B1856144748314N12002664WA000000203416
B1856154748309N12002663WA000000203851
B1856164748305N12002660WA000000204143
B1856174748300N12002657WA000000204244
B1856184748295N12002654WA000000204149
B1856194748290N12002652WA000000204394
B1856204748286N12002650WA000000204563
B1856214748282N12002648WA000000204612
B1856224748277N12002646WA000000204652
B1856234748272N12002644WA000000204680
B1856244748267N12002641WA000000204655
B1856254748262N12002639WA000000204672
B1856264748257N12002636WA000000204777
B1856274748252N12002633WA000000204785
B1856284748247N12002629WA000000204757
B1856294748242N12002627WA000000204660
B1856304748237N12002624WA000000204795
B1856314748233N12002622WA000000204758
B1856324748228N12002621WA000000204895
B1856334748224N12002620WA000000204967
B1856344748220N12002619WA000000204986
B1856354748216N12002619WA000000204879
B1856364748211N12002618WA000000204849
B1856374748207N12002618WA000000204830
B1856384748202N12002617WA000000204750
B1856394748197N12002615WA000000204658
B1856404748192N12002614WA000000204637
B1856414748187N12002613WA000000204654
B1856424748182N12002611WA000000204646
B1856434748178N12002610WA000000204513
B1856444748173N12002609WA000000204559
B1856454748169N12002608WA000000204636
B1856464748164N12002607WA000000204605
B1856474748158N12002605WA000000204469
B1856484748153N12002604WA000000204242
B1856494748148N12002602WA000000204035
B1856504748143N12002600WA000000203808
B1856514748137N12002598WA000000203787
B1856524748132N12002595WA000000203576
B1856534748128N12002594WA000000203432
B1856544748123N12002591WA000000203494
B1856554748119N12002589WA000000203284
B1856564748115N12002587WA000000179862
B1856574748111N12002584WA000000189631
B1856584748106N12002582WA000000194320
B1856594748101N12002580WA000000196812
B1857004748095N12002578WA000000198266
B1857014748090N12002576WA000000199047
B1857024748085N12002575WA000000199603
B1857034748079N12002573WA000000199962
B1857044748074N12002570WA000000200128
B1857054748069N12002569WA000000200250
B1857064748064N12002568WA000000200282
B1857074748059N12002565WA000000200422
B1857084748054N12002562WA000000200109
B1857094748048N12002561WA000000199993
B1857104748043N12002560WA000000199850
B1857114748037N12002558WA000000199791
B1857124748032N12002556WA000000199643
B1857134748026N12002554WA000000199590
B1857144748022N12002552WA000000199500
B1857154748016N12002549WA000000199356
B1857164748011N12002547WA000000199309
B1857174748005N12002545WA000000199288
B1857184748000N12002543WA000000199225
B1857194747994N12002541WA000000199047
B1857204747988N12002539WA000000198945
B1857214747982N12002536WA000000198766
B1857224747976N12002534WA000000198561
B1857234747971N12002531WA000000198369
B1857244747966N12002529WA000000198219
B1857254747961N12002527WA000000198239
B1857264747955N12002525WA000000198258
B1857274747950N12002524WA000000198031
B1857284747945N12002522WA000000197803
B1857294747939N12002520WA000000197748
B1857304747933N12002518WA000000197676
B1857314747928N12002516WA000000197425
B1857324747922N12002514WA000000197365
B1857334747916N12002511WA000000197335
B1857344747911N12002509WA000000197112
B1857354747906N12002507WA000000197013
B1857364747901N12002505WA000000197022
B1857374747896N12002503WA000000197041
B1857384747891N12002501WA000000196855
B1857394747886N12002499WA000000196738
B1857404747880N12002497WA000000196587
B1857414747875N12002495WA000000196374
B1857424747870N12002493WA000000196048
B1857434747865N12002491WA000000196016
B1857444747859N12002488WA000000195881
B1857454747855N12002486WA000000195625
B1857464747850N12002484WA000000195323
B1857474747845N12002481WA000000195224
B1857484747840N12002478WA000000194807
B1857494747834N12002476WA000000194756
B1857504747829N12002475WA000000194685
B1857514747824N12002473WA000000194311
B1857524747819N12002470WA000000194009
B1857534747814N12002468WA000000193929
B1857544747809N12002466WA000000193659
B1857554747804N12002464WA000000193429
B1857564747799N12002462WA000000193209
B1857574747793N12002461WA000000192993
B1857584747788N12002459WA000000192752
B1857594747783N12002457WA000000192404
B1858004747777N12002456WA000000192281
B1858014747771N12002455WA000000192182
B1858024747766N12002454WA000000191843
B1858034747761N12002454WA000000191810
B1858044747756N12002453WA000000191616
B1858054747750N12002453WA000000191583
B1858064747745N12002453WA000000191304
B1858074747739N12002453WA000000191061
B1858084747733N12002453WA000000190884
B1858094747727N12002453WA000000190695
B1858104747722N12002453WA000000190454
B1858114747717N12002452WA000000190309
B1858124747711N12002452WA000000190192
B1858134747706N12002452WA000000189975
B1858144747700N12002451WA000000189864
B1858154747694N12002450WA000000189706
B1858164747686N12002449WA000000189483
B1858174747680N12002449WA000000189055
B1858184747673N12002449WA000000188990
B1858194747667N12002447WA000000188876
B1858204747661N12002446WA000000188589
B1858214747655N12002446WA000000188462
B1858224747649N12002445WA000000188208
B1858234747642N12002445WA000000188070
B1858244747636N12002444WA000000187821
B1858254747629N12002442WA000000187689
B1858264747623N12002442WA000000187453
B1858274747617N12002440WA000000187416
B1858284747610N12002437WA000000187188
B1858294747605N12002434WA000000186827
B1858304747599N12002433WA000000186554
B1858314747593N12002431WA000000186323
B1858324747586N12002429WA000000186155
B1858334747579N12002428WA000000185992
B1858344747573N12002427WA000000185610
B1858354747566N12002425WA000000185244
B1858364747559N12002423WA000000184977
B1858374747553N12002422WA000000184713
B1858384747546N12002421WA000000184690
B1858394747540N12002419WA000000184228
B1858404747533N12002418WA000000183960
B1858414747527N12002415WA000000183617
B1858424747520N12002414WA000000183461
B1858434747514N12002411WA000000183334
B1858444747508N12002409WA000000183043
B1858454747501N12002408WA000000182791
B1858464747495N12002406WA000000182444
B1858474747488N12002403WA000000182009
B1858484747481N12002402WA000000181710
B1858494747474N12002399WA000000181517
B1858504747467N12002397WA000000181416
B1858514747460N12002395WA000000181375
B1858524747454N12002393WA000000181478
B1858534747449N12002392WA000000181460
B1858544747444N12002390WA000000181453
B1858554747439N12002389WA000000181350
B1858564747434N12002387WA000000181240
B1858574747429N12002385WA000000181045
B1858584747424N12002384WA000000180986
B1858594747419N12002383WA000000180968
B1859004747414N12002382WA000000180968
B1859014747409N12002381WA000000180868
B1859024747404N12002380WA000000180885
B1859034747399N12002378WA000000180968
B1859044747394N12002377WA000000180872
B1859054747390N12002375WA000000180717
B1859064747385N12002374WA000000180640
B1859074747380N12002372WA000000180632
B1859084747375N12002370WA000000180560
B1859094747370N12002368WA000000180430
B1859104747365N12002366WA000000180351
B1859114747359N12002363WA000000180399
B1859124747353N12002362WA000000180293
B1859134747347N12002360WA000000180178
B1859144747342N12002359WA000000180002
B1859154747335N12002357WA000000179956
B1859164747329N12002355WA000000179798
B1859174747324N12002354WA000000179712
B1859184747318N12002352WA000000179510
B1859194747313N12002350WA000000179302
B1859204747307N12002348WA000000179201
B1859214747301N12002346WA000000179080
B1859224747296N12002343WA000000178857
B1859234747290N12002342WA000000178743
B1859244747284N12002340WA000000178608
B1859254747278N12002338WA000000178543
B1859264747272N12002336WA000000178425
B1859274747266N12002333WA000000178338
B1859284747260N12002332WA000000178325
B1859294747254N12002330WA000000178329
B1859304747249N12002330WA000000178461
B1859314747245N12002328WA000000178562
B1859324747241N12002326WA000000178407
B1859334747236N12002324WA000000178535
B1859344747230N12002322WA000000178683
B1859354747224N12002320WA000000178372
B1859364747218N12002317WA000000177961
B1859374747212N12002314WA000000177715
B1859384747206N12002311WA000000177601
B1859394747198N12002307WA000000177690
B1859404747193N12002303WA000000177573
B1859414747187N12002299WA000000177431
B1859424747181N12002295WA000000177279
B1859434747175N12002292WA000000177101
B1859444747169N12002288WA000000176803
B1859454747163N12002285WA000000176825
B1859464747157N12002282WA000000176990
B1859474747152N12002278WA000000176958
B1859484747146N12002276WA000000177080
B1859494747140N12002273WA000000176989
B1859504747135N12002272WA000000177096
B1859514747132N12002270WA000000176927
B1859524747127N12002269WA000000177082
B1859534747123N12002267WA000000177094
B1859544747120N12002265WA000000177159
B1859554747118N12002264WA000000177326
B1859564747116N12002264WA000000177411
B1859574747114N12002263WA000000177530
B1859584747111N12002262WA000000177557
B1859594747109N12002262WA000000177637
B1900004747105N12002260WA000000177799
B1900014747102N12002259WA000000177777
B1900024747099N12002257WA000000177923
B1900034747096N12002255WA000000177956
B1900044747094N12002253WA000000178004
B1900054747091N12002252WA000000168743
B1900064747089N12002250WA000000172301
B1900074747086N12002248WA000000174445
B1900084747083N12002246WA000000175744
B1900094747080N12002244WA000000176681
B1900104747078N12002242WA000000177023
B1900114747075N12002240WA000000177328
B1900124747072N12002238WA000000177626
B1900134747070N12002237WA000000177711
B1900144747067N12002236WA000000177930
B1900154747065N12002235WA000000177903
B1900164747062N12002234WA000000177857
B1900174747059N12002234WA000000177764
B1900184747056N12002234WA000000177892
B1900194747053N12002234WA000000177850
B1900204747048N12002234WA000000177760
B1900214747043N12002233WA000000177443
B1900224747037N12002232WA000000177227
B1900234747032N12002231WA000000176904
B1900244747026N12002230WA000000180744
B1900254747021N12002229WA000000179134
B1900264747016N12002228WA000000178375
B1900274747012N12002227WA000000177738
B1900284747008N12002226WA000000177328
B1900294747003N12002225WA000000177099
B1900304746998N12002224WA000000176816
B1900314746992N12002223WA000000176479
B1900324746987N12002222WA000000176248
B1900334746981N12002219WA000000176047
B1900344746975N12002216WA000000175798
B1900354746971N12002216WA000000175402
B1900364746967N12002215WA000000175344
B1900374746962N12002214WA000000174921
B1900384746957N12002213WA000000174717
B1900394746952N12002213WA000000174514
B1900404746946N12002213WA000000174148
B1900414746940N12002213WA000000173987
B1900424746935N12002212WA000000173607
B1900434746929N12002212WA000000173226
B1900444746923N12002212WA000000172940
B1900454746917N12002211WA000000172605
B1900464746910N12002211WA000000172262
B1900474746904N12002210WA000000171914
B1900484746897N12002208WA000000171897
B1900494746892N12002207WA000000171634
B1900504746885N12002206WA000000171468
B1900514746879N12002206WA000000171210
B1900524746873N12002204WA000000171134
B1900534746867N12002203WA000000170801
B1900544746861N12002201WA000000170629
B1900554746855N12002199WA000000170456
B1900564746849N12002197WA000000170022
B1900574746843N12002194WA000000169677
B1900584746837N12002192WA000000169275
B1900594746831N12002190WA000000168957
B1901004746825N12002188WA000000168626
B1901014746818N12002186WA000000168266
B1901024746812N12002185WA000000167951
B1901034746806N12002183WA000000167687
B1901044746800N12002181WA000000167374
B1901054746794N12002180WA000000166882
B1901064746788N12002179WA000000166661
B1901074746782N12002177WA000000166387
B1901084746776N12002176WA000000166273
B1901094746769N12002174WA000000166032
B1901104746763N12002171WA000000165839
B1901114746757N12002170WA000000165495
B1901124746753N12002169WA000000165215
B1901134746747N12002167WA000000165198
B1901144746742N12002165WA000000165066
B1901154746737N12002163WA000000164834
B1901164746732N12002159WA000000164683
B1901174746726N12002156WA000000164468
B1901184746721N12002154WA000000164392
B1901194746717N12002151WA000000164217
B1901204746712N12002148WA000000164036
B1901214746706N12002145WA000000163954
B1901224746701N12002143WA000000163432
B1901234746696N12002141WA000000163102
B1901244746690N12002139WA000000162890
B1901254746685N12002136WA000000162589
B1901264746680N12002134WA000000162276
B1901274746675N12002132WA000000162027
B1901284746669N12002130WA000000161783
B1901294746664N12002128WA000000161422
B1901304746658N12002126WA000000161161
B1901314746653N12002123WA000000160723
B1901324746647N12002121WA000000160388
B1901334746642N12002119WA000000160151
B1901344746637N12002117WA000000159814
B1901354746631N12002115WA000000159682
B1901364746626N12002113WA000000159330
B1901374746621N12002111WA000000159131
B1901384746615N12002109WA000000158883
B1901394746610N12002107WA000000158633
B1901404746605N12002105WA000000158308
B1901414746600N12002103WA000000158114
B1901424746595N12002102WA000000157824
B1901434746589N12002101WA000000157690
B1901444746584N12002099WA000000157360
B1901454746578N12002098WA000000157190
B1901464746573N12002098WA000000156948
B1901474746567N12002099WA000000156763
B1901484746561N12002100WA000000156587
B1901494746555N12002101WA000000156367
B1901504746550N12002102WA000000155965
B1901514746546N12002101WA000000155537
B1901524746540N12002101WA000000154975
B1901534746534N12002100WA000000154673
B1901544746529N12002099WA000000154212
B1901554746522N12002098WA000000153785
B1901564746517N12002097WA000000153312
B1901574746510N12002096WA000000152872
B1901584746503N12002095WA000000152394
B1901594746497N12002095WA000000152002
B1902004746490N12002094WA000000151786
B1902014746485N12002092WA000000151473
B1902024746479N12002091WA000000151256
B1902034746473N12002091WA000000150824
B1902044746467N12002090WA000000150324
B1902054746460N12002089WA000000149861
B1902064746454N12002087WA000000149438
B1902074746448N12002085WA000000149018
B1902084746442N12002082WA000000148739
B1902094746436N12002080WA000000148477
B1902104746431N12002078WA000000148227
B1902114746426N12002076WA000000148020
B1902124746420N12002074WA000000147996
B1902134746415N12002073WA000000147435
B1902144746409N12002072WA000000146912
B1902154746403N12002071WA000000146482
B1902164746398N12002069WA000000145900
B1902174746391N12002068WA000000145490
B1902184746385N12002066WA000000145142
B1902194746379N12002065WA000000144742
B1902204746373N12002063WA000000144449
B1902214746367N12002062WA000000144097
B1902224746362N12002062WA000000143626
B1902234746356N12002062WA000000143215
B1902244746350N12002062WA000000142803
B1902254746344N12002061WA000000142569
B1902264746338N12002061WA000000142083
B1902274746332N12002060WA000000141668
B1902284746326N12002060WA000000141245
B1902294746321N12002059WA000000140708
B1902304746315N12002059WA000000140436
B1902314746309N12002059WA000000140099
B1902324746304N12002058WA000000139739
B1902334746299N12002061WA000000139541
B1902344746294N12002063WA000000139061
B1902354746288N12002067WA000000138653
B1902364746283N12002070WA000000138231
B1902374746277N12002072WA000000137796
B1902384746272N12002074WA000000137456
B1902394746267N12002076WA000000136995
B1902404746263N12002079WA000000136656
B1902414746259N12002081WA000000136025
B1902424746254N12002084WA000000135561
B1902434746248N12002087WA000000135152
B1902444746243N12002091WA000000135002
B1902454746237N12002094WA000000134816
B1902464746231N12002098WA000000134653
B1902474746225N12002101WA000000134596
B1902484746220N12002104WA000000134361
B1902494746214N12002105WA000000134156
B1902504746208N12002105WA000000133947
B1902514746202N12002105WA000000133748
B1902524746196N12002104WA000000133767
B1902534746190N12002103WA000000133480
B1902544746185N12002100WA000000133139
B1902554746179N12002098WA000000132968
B1902564746173N12002096WA000000132772
B1902574746168N12002095WA000000132500
B1902584746162N12002095WA000000132685
B1902594746158N12002097WA000000132727
B1903004746154N12002101WA000000133096
B1903014746152N12002104WA000000133347
B1903024746150N12002106WA000000133567
B1903034746148N12002107WA000000133565
B1903044746145N12002108WA000000133534
B1903054746141N12002108WA000000133447
B1903064746138N12002108WA000000133256
B1903074746135N12002107WA000000133265
B1903084746133N12002107WA000000133232
B1903094746132N12002106WA000000133238
B1903104746130N12002105WA000000133259
B1903114746128N12002105WA000000133234
B1903124746125N12002104WA000000133176
B1903134746123N12002103WA000000133152
B1903144746121N12002101WA000000133178
B1903154746119N12002100WA000000133276
B1903164746118N12002099WA000000133213
B1903174746116N12002098WA000000133134
B1903184746113N12002097WA000000132930
B1903194746109N12002095WA000000132734
B1903204746104N12002093WA000000132662
B1903214746100N12002087WA000000132529
B1903224746095N12002083WA000000132236
B1903234746091N12002079WA000000132047
B1903244746087N12002076WA000000132042
B1903254746083N12002073WA000000132054
B1903264746079N12002071WA000000132067
B1903274746076N12002068WA000000132008
B1903284746071N12002067WA000000131761
B1903294746066N12002065WA000000131569
B1903304746062N12002064WA000000131315
B1903314746057N12002063WA000000131213
B1903324746052N12002062WA000000131156
B1903334746047N12002061WA000000131026
B1903344746042N12002060WA000000130858
B1903354746037N12002060WA000000130753
B1903364746032N12002057WA000000130658
B1903374746028N12002056WA000000130423
B1903384746023N12002054WA000000130475
B1903394746018N12002051WA000000130464
B1903404746015N12002048WA000000130262
B1903414746012N12002048WA000000130211
B1903424746008N12002048WA000000130270
B1903434746006N12002048WA000000130205
B1903444746002N12002048WA000000130259
B1903454745999N12002049WA000000130163
B1903464745996N12002050WA000000130185
B1903474745993N12002051WA000000130150
B1903484745990N12002051WA000000130169
B1903494745987N12002051WA000000130105
LXCTACTIVITY STILL 55
B1903504745984N12002051WA000000130006
B1903514745980N12002051WA000000130052
B1903524745977N12002050WA000000130156
B1903534745973N12002050WA000000130295
B1903544745971N12002050WA000000130431
B1903554745968N12002049WA000000130483
B1903564745966N12002048WA000000130318
B1903574745962N12002049WA000000130491
B1903584745958N12002049WA000000130535
B1903594745954N12002049WA000000130647
B1904004745951N12002049WA000000130807
B1904014745948N12002048WA000000131018
B1904024745945N12002048WA000000131200
B1904034745941N12002046WA000000131287
B1904044745938N12002046WA000000131365
B1904054745935N12002046WA000000131319
B1904064745931N12002047WA000000131272
B1904074745927N12002048WA000000131272
B1904084745923N12002048WA000000131379
B1904094745920N12002050WA000000131364
B1904104745917N12002052WA000000131494
B1904114745915N12002056WA000000131404
B1904124745912N12002062WA000000131583
B1904134745911N12002069WA000000131653
B1904144745910N12002076WA000000131763
B1904154745909N12002083WA000000131903
B1904164745907N12002090WA000000131972
B1904174745906N12002096WA000000132004
B1904184745903N12002101WA000000132266
B1904194745901N12002106WA000000132361
B1904204745898N12002109WA000000132498
B1904214745895N12002113WA000000132581
B1904224745892N12002115WA000000132676
B1904234745889N12002117WA000000132752
B1904244745886N12002118WA000000133075
B1904254745884N12002119WA000000133101
B1904264745880N12002119WA000000133251
B1904274745877N12002118WA000000133216
B1904284745873N12002118WA000000133484
B1904294745870N12002117WA000000133539
B1904304745866N12002116WA000000133689
B1904314745863N12002115WA000000133839
B1904324745859N12002114WA000000134189
B1904334745856N12002113WA000000134440
B1904344745853N12002110WA000000134572
B1904354745850N12002107WA000000134864
B1904364745847N12002106WA000000134852
B1904374745844N12002105WA000000135037
B1904384745841N12002106WA000000135103
B1904394745838N12002106WA000000135205
B1904404745834N12002105WA000000135327
B1904414745830N12002104WA000000135462
B1904424745827N12002102WA000000135516
B1904434745823N12002100WA000000135872
B1904444745820N12002097WA000000135957
B1904454745816N12002096WA000000136280
B1904464745812N12002094WA000000136367
B1904474745808N12002092WA000000136549
B1904484745804N12002091WA000000136652
B1904494745801N12002090WA000000136760
B1904504745797N12002088WA000000136877
B1904514745794N12002087WA000000137151
B1904524745790N12002085WA000000137375
B1904534745786N12002083WA000000137538
B1904544745782N12002081WA000000137729
B1904554745778N12002080WA000000137944
B1904564745774N12002080WA000000138240
B1904574745770N12002080WA000000138518
B1904584745766N12002081WA000000138824
B1904594745762N12002081WA000000139126
B1905004745758N12002081WA000000139311
B1905014745755N12002081WA000000139520
B1905024745751N12002079WA000000139717
B1905034745748N12002076WA000000140178
B1905044745747N12002072WA000000140174
B1905054745747N12002064WA000000140140
B1905064745748N12002054WA000000140133
B1905074745751N12002045WA000000141634
B1905084745754N12002038WA000000141460
B1905094745760N12002033WA000000141556
B1905104745767N12002030WA000000141413
B1905114745775N12002028WA000000141304
B1905124745782N12002026WA000000141236
B1905134745790N12002025WA000000141211
B1905144745797N12002024WA000000141268
B1905154745803N12002026WA000000141393
B1905164745809N12002030WA000000141661
B1905174745813N12002036WA000000141797
B1905184745816N12002044WA000000136082
B1905194745818N12002052WA000000138421
B1905204745818N12002058WA000000139906
B1905214745817N12002064WA000000140502
B1905224745814N12002069WA000000140964
B1905234745811N12002074WA000000141141
B1905244745808N12002077WA000000141748
B1905254745805N12002081WA000000142019
B1905264745801N12002083WA000000142427
B1905274745797N12002083WA000000142678
B1905284745793N12002083WA000000142872
B1905294745790N12002082WA000000143221
B1905304745786N12002080WA000000143542
B1905314745783N12002076WA000000143879
B1905324745780N12002072WA000000144183
B1905334745779N12002065WA000000144354
B1905344745778N12002059WA000000144680
B1905354745778N12002053WA000000144940
B1905364745779N12002046WA000000145228
B1905374745782N12002040WA000000145317
B1905384745785N12002034WA000000145320
B1905394745790N12002028WA000000145231
B1905404745798N12002023WA000000145201
B1905414745805N12002018WA000000145437
B1905424745812N12002017WA000000145784
B1905434745818N12002019WA000000145390
B1905444745824N12002022WA000000145648
B1905454745830N12002028WA000000145622
B1905464745835N12002035WA000000145707
B1905474745835N12002042WA000000145979
B1905484745835N12002049WA000000145700
B1905494745830N12002052WA000000145851
B1905504745825N12002053WA000000145695
B1905514745822N12002051WA000000145579
B1905524745820N12002051WA000000145901
B1905534745817N12002049WA000000146227
B1905544745815N12002045WA000000146419
B1905554745813N12002040WA000000146762
B1905564745812N12002034WA000000146866
B1905574745815N12002027WA000000147034
LXCTACTIVITY OTHER 76
B1905584745818N12002019WA000000147094
B1905594745825N12002012WA000000147082
B1906004745833N12002006WA000000147056
B1906014745841N12002009WA000000147063
B1906024745848N12002014WA000000146914
B1906034745852N12002021WA000000146898
B1906044745855N12002029WA000000147077
B1906054745856N12002037WA000000147143
B1906064745856N12002043WA000000147459
B1906074745855N12002049WA000000147684
B1906084745854N12002053WA000000147817
B1906094745853N12002058WA000000140224
B1906104745851N12002063WA000000143298
B1906114745850N12002069WA000000144930
B1906124745848N12002073WA000000146055
B1906134745846N12002077WA000000146739
B1906144745843N12002081WA000000147365
B1906154745840N12002084WA000000147798
B1906164745838N12002087WA000000148142
B1906174745835N12002088WA000000148436
B1906184745831N12002088WA000000148682
B1906194745829N12002087WA000000148802
B1906204745826N12002083WA000000149048
B1906214745823N12002080WA000000149229
B1906224745819N12002077WA000000149114
B1906234745813N12002072WA000000149074
B1906244745807N12002066WA000000148855
B1906254745801N12002059WA000000148844
B1906264745795N12002051WA000000148967
B1906274745789N12002044WA000000148997
B1906284745784N12002038WA000000149116
B1906294745779N12002032WA000000149555
B1906304745775N12002027WA000000149767
B1906314745772N12002023WA000000149817
B1906324745767N12002019WA000000150087
B1906334745763N12002015WA000000150364
B1906344745759N12002010WA000000150501
B1906354745754N12002005WA000000150735
B1906364745750N12002001WA000000151135
B1906374745746N12001997WA000000151538
B1906384745743N12001994WA000000163892
B1906394745741N12001991WA000000159336
B1906404745738N12001988WA000000156933
B1906414745735N12001984WA000000155636
B1906424745732N12001979WA000000154905
B1906434745728N12001974WA000000154717
B1906444745723N12001972WA000000154772
B1906454745719N12001969WA000000154677
B1906464745716N12001967WA000000154706
B1906474745712N12001964WA000000154898
B1906484745709N12001962WA000000155076
B1906494745707N12001960WA000000155103
B1906504745703N12001958WA000000155137
B1906514745699N12001957WA000000155255
B1906524745696N12001954WA000000155458
B1906534745692N12001953WA000000155464
B1906544745689N12001951WA000000155830
B1906554745685N12001949WA000000156079
B1906564745682N12001948WA000000156339
B1906574745678N12001952WA000000156572
B1906584745676N12001959WA000000156510
B1906594745674N12001968WA000000156633
B1907004745674N12001977WA000000156729
B1907014745675N12001987WA000000157141
B1907024745678N12001994WA000000157589
B1907034745683N12002001WA000000157947
B1907044745689N12002008WA000000158152
B1907054745696N12002012WA000000158279
B1907064745703N12002014WA000000158746
B1907074745710N12002014WA000000158944
B1907084745715N12002010WA000000159298
B1907094745720N12002005WA000000159307
LXCTACTIVITY STILL 53
B1907104745723N12001999WA000000159557
B1907114745725N12001993WA000000159804
B1907124745725N12001987WA000000176638
B1907134745724N12001982WA000000169939
B1907144745722N12001980WA000000166743
B1907154745719N12001980WA000000165135
B1907164745716N12001979WA000000164129
B1907174745712N12001982WA000000163361
B1907184745708N12001984WA000000163059
B1907194745704N12001987WA000000165140
B1907204745700N12001993WA000000164274
B1907214745697N12001999WA000000163283
B1907224745695N12002006WA000000162814
B1907234745695N12002016WA000000162775
B1907244745696N12002026WA000000162668
B1907254745702N12002038WA000000199810
B1907264745709N12002048WA000000187761
B1907274745718N12002054WA000000177182
B1907284745727N12002056WA000000173074
B1907294745734N12002055WA000000171193
B1907304745740N12002052WA000000170372
B1907314745741N12002041WA000000169985
B1907324745742N12002033WA000000168691
B1907334745741N12002027WA000000167747
B1907344745739N12002024WA000000167314
B1907354745735N12002022WA000000167195
B1907364745732N12002022WA000000166954
B1907374745728N12002023WA000000167088
B1907384745725N12002027WA000000167234
B1907394745721N12002031WA000000167295
B1907404745718N12002035WA000000167846
B1907414745714N12002036WA000000167278
B1907424745710N12002036WA000000167099
B1907434745707N12002034WA000000166999
B1907444745705N12002032WA000000167148
B1907454745703N12002030WA000000167233
B1907464745700N12002028WA000000167573
B1907474745698N12002025WA000000167857
B1907484745696N12002024WA000000168053
B1907494745693N12002023WA000000168391
B1907504745692N12002021WA000000187553
B1907514745690N12002019WA000000180494
B1907524745690N12002017WA000000176714
B1907534745688N12002014WA000000174518
B1907544745686N12002012WA000000173413
B1907554745684N12002010WA000000172830
B1907564745681N12002007WA000000172658
B1907574745679N12002008WA000000172750
B1907584745677N12002008WA000000172550
B1907594745675N12002010WA000000172546
B1908004745673N12002015WA000000172647
B1908014745672N12002022WA000000172879
B1908024745672N12002031WA000000172942
B1908034745675N12002039WA000000173326
B1908044745682N12002048WA000000173384
B1908054745693N12002049WA000000172422
B1908064745701N12002050WA000000172792
B1908074745709N12002045WA000000172902
B1908084745715N12002039WA000000173459
B1908094745719N12002034WA000000173801
B1908104745721N12002028WA000000174250
B1908114745722N12002022WA000000174418
B1908124745721N12002017WA000000174872
B1908134745720N12002012WA000000174950
B1908144745719N12002006WA000000175229
B1908154745718N12002002WA000000175518
B1908164745717N12001998WA000000175915
B1908174745715N12001994WA000000176488
B1908184745714N12001991WA000000176871
B1908194745713N12001987WA000000177139
B1908204745711N12001983WA000000177356
B1908214745709N12001979WA000000177667
B1908224745707N12001975WA000000178058
B1908234745705N12001972WA000000178357
B1908244745702N12001970WA000000178794
B1908254745700N12001968WA000000179038
B1908264745697N12001968WA000000179313
B1908274745692N12001971WA000000179325
B1908284745688N12001977WA000000179740
B1908294745685N12001984WA000000180033
B1908304745684N12001993WA000000180325
B1908314745686N12002002WA000000180827
B1908324745690N12002011WA000000181343
B1908334745695N12002017WA000000181888
B1908344745702N12002022WA000000182223
B1908354745708N12002024WA000000177966
B1908364745715N12002024WA000000179485
B1908374745722N12002018WA000000180218
B1908384745726N12002012WA000000181453
B1908394745728N12002005WA000000182586
B1908404745729N12001999WA000000183423
B1908414745729N12001994WA000000184216
B1908424745727N12001990WA000000181328
B1908434745723N12001987WA000000183157
B1908444745720N12001986WA000000183943
B1908454745717N12001984WA000000184416
B1908464745713N12001983WA000000184896
B1908474745710N12001983WA000000185029
B1908484745706N12001984WA000000185278
B1908494745701N12001992WA000000185342
B1908504745698N12001998WA000000186230
B1908514745697N12002007WA000000180213
B1908524745697N12002016WA000000183339
B1908534745701N12002027WA000000184651
B1908544745706N12002034WA000000186898
B1908554745713N12002040WA000000188064
B1908564745720N12002042WA000000188898
B1908574745728N12002042WA000000189418
B1908584745734N12002039WA000000211671
B1908594745740N12002033WA000000205217
B1909004745743N12002027WA000000200726
B1909014745744N12002020WA000000198458
B1909024745744N12002015WA000000197146
B1909034745743N12002010WA000000193478
B1909044745740N12002007WA000000193266
B1909054745738N12002004WA000000193449
B1909064745735N12002003WA000000193486
B1909074745732N12002004WA000000193752
B1909084745728N12002006WA000000193996
B1909094745725N12002011WA000000194176
B1909104745722N12002018WA000000194696
B1909114745721N12002026WA000000188059
B1909124745723N12002036WA000000190664
B1909134745726N12002045WA000000193068
B1909144745732N12002054WA000000194213
B1909154745738N12002061WA000000195465
B1909164745745N12002066WA000000196592
B1909174745753N12002067WA000000197368
B1909184745760N12002066WA000000198038
B1909194745766N12002064WA000000216716
B1909204745772N12002060WA000000210428
B1909214745776N12002056WA000000207641
B1909224745778N12002049WA000000205877
B1909234745779N12002043WA000000204468
B1909244745778N12002038WA000000203784
B1909254745776N12002034WA000000203479
B1909264745774N12002033WA000000203204
B1909274745770N12002036WA000000203045
B1909284745766N12002044WA000000203043
B1909294745764N12002052WA000000203345
B1909304745762N12002061WA000000203375
B1909314745764N12002073WA000000203434
B1909324745767N12002083WA000000203966
B1909334745773N12002093WA000000204121
B1909344745779N12002101WA000000204300
B1909354745790N12002102WA000000204414
B1909364745798N12002102WA000000204947
B1909374745805N12002099WA000000205532
B1909384745809N12002093WA000000206158
B1909394745811N12002088WA000000206757
B1909404745812N12002083WA000000207319
B1909414745812N12002079WA000000207763
B1909424745811N12002076WA000000207942
B1909434745810N12002073WA000000208054
B1909444745808N12002071WA000000208440
B1909454745807N12002069WA000000208603
B1909464745804N12002067WA000000208827
B1909474745801N12002067WA000000209261
B1909484745798N12002069WA000000209319
B1909494745794N12002075WA000000209665
B1909504745791N12002083WA000000209983
B1909514745789N12002091WA000000210266
B1909524745792N12002103WA000000210590
B1909534745798N12002113WA000000210811
B1909544745805N12002121WA000000211045
B1909554745814N12002126WA000000211258
B1909564745823N12002128WA000000211709
B1909574745829N12002128WA000000212275
B1909584745834N12002126WA000000212683
B1909594745839N12002123WA000000213021
B1910004745843N12002119WA000000213364
B1910014745846N12002115WA000000213788
B1910024745849N12002110WA000000214096
B1910034745851N12002104WA000000214288
B1910044745851N12002099WA000000214585
B1910054745851N12002095WA000000214905
B1910064745848N12002094WA000000215163
B1910074745845N12002096WA000000215561
B1910084745842N12002101WA000000215920
B1910094745840N12002109WA000000216293
B1910104745840N12002120WA000000216565
B1910114745843N12002132WA000000216734
B1910124745846N12002143WA000000217273
B1910134745852N12002152WA000000217522
B1910144745858N12002159WA000000218004
B1910154745864N12002164WA000000218277
B1910164745872N12002168WA000000218535
B1910174745880N12002171WA000000218712
B1910184745887N12002172WA000000218978
B1910194745895N12002173WA000000219151
B1910204745902N12002173WA000000219459
B1910214745909N12002175WA000000219641
B1910224745916N12002176WA000000219816
B1910234745923N12002179WA000000219935
B1910244745930N12002181WA000000220545
B1910254745938N12002183WA000000220906
B1910264745945N12002186WA000000221668
B1910274745952N12002191WA000000222172
B1910284745959N12002196WA000000222599
B1910294745965N12002205WA000000222929
B1910304745969N12002216WA000000223323
B1910314745971N12002226WA000000223631
B1910324745972N12002235WA000000224173
B1910334745971N12002243WA000000224686
B1910344745969N12002241WA000000224585
B1910354745965N12002240WA000000225082
B1910364745965N12002235WA000000225452
B1910374745966N12002229WA000000225788
B1910384745968N12002225WA000000226313
B1910394745971N12002221WA000000227062
B1910404745976N12002217WA000000227432
B1910414745981N12002214WA000000227922
B1910424745988N12002214WA000000228490
B1910434745996N12002214WA000000228763
B1910444746004N12002216WA000000229103
B1910454746011N12002223WA000000204633
B1910464746017N12002231WA000000213888
B1910474746022N12002241WA000000221047
B1910484746023N12002252WA000000224750
B1910494746022N12002261WA000000226955
B1910504746019N12002269WA000000228364
B1910514746016N12002274WA000000210218
B1910524746013N12002279WA000000220414
B1910534746011N12002283WA000000225174
B1910544746011N12002285WA000000226115
B1910554746010N12002286WA000000228667
B1910564746010N12002286WA000000229901
B1910574746009N12002283WA000000230957
B1910584746009N12002279WA000000235592
B1910594746009N12002276WA000000235392
B1911004746009N12002275WA000000235410
B1911014746014N12002270WA000000235550
B1911024746018N12002266WA000000236036
B1911034746022N12002262WA000000236555
B1911044746026N12002258WA000000237091
B1911054746033N12002255WA000000237451
B1911064746041N12002254WA000000237824
B1911074746050N12002258WA000000238138
B1911084746058N12002267WA000000228375
B1911094746063N12002279WA000000232484
B1911104746066N12002291WA000000234852
B1911114746066N12002302WA000000236455
B1911124746061N12002308WA000000236775
B1911134746056N12002312WA000000237782
B1911144746052N12002312WA000000238785
B1911154746050N12002312WA000000239520
B1911164746048N12002312WA000000240363
B1911174746048N12002310WA000000241043
B1911184746048N12002308WA000000241665
B1911194746049N12002305WA000000242023
B1911204746051N12002300WA000000242226
B1911214746052N12002296WA000000242695
B1911224746055N12002291WA000000243199
B1911234746059N12002286WA000000243427
B1911244746065N12002282WA000000243686
B1911254746071N12002278WA000000244439
B1911264746077N12002274WA000000244849
B1911274746084N12002272WA000000245115
B1911284746090N12002268WA000000245418
B1911294746096N12002265WA000000246049
B1911304746102N12002264WA000000246482
B1911314746110N12002265WA000000246841
B1911324746119N12002271WA000000247005
B1911334746125N12002281WA000000247181
B1911344746128N12002294WA000000247241
B1911354746127N12002305WA000000247456
B1911364746123N12002311WA000000247569
B1911374746119N12002316WA000000247931
B1911384746116N12002318WA000000248549
B1911394746114N12002322WA000000249005
B1911404746112N12002326WA000000249555
B1911414746110N12002329WA000000249897
B1911424746109N12002332WA000000250361
B1911434746108N12002332WA000000250727
B1911444746107N12002332WA000000251000
B1911454746106N12002330WA000000251291
B1911464746107N12002325WA000000251481
B1911474746109N12002319WA000000251588
B1911484746112N12002315WA000000251984
B1911494746117N12002311WA000000252134
B1911504746122N12002307WA000000252365
B1911514746129N12002304WA000000252629
B1911524746136N12002304WA000000252769
B1911534746144N12002307WA000000253043
B1911544746152N12002313WA000000253221
B1911554746158N12002323WA000000253540
B1911564746161N12002335WA000000253692
B1911574746162N12002346WA000000253835
B1911584746160N12002355WA000000254093
B1911594746159N12002360WA000000254427
B1912004746157N12002364WA000000254746
B1912014746155N12002367WA000000255056
B1912024746153N12002370WA000000255317
B1912034746151N12002373WA000000255852
B1912044746150N12002375WA000000256228
B1912054746148N12002377WA000000256592
B1912064746147N12002378WA000000256978
B1912074746146N12002379WA000000257355
B1912084746145N12002380WA000000257641
B1912094746144N12002378WA000000257944
B1912104746143N12002378WA000000258283
B1912114746143N12002377WA000000258508
B1912124746142N12002375WA000000258764
B1912134746142N12002372WA000000258970
B1912144746144N12002366WA000000259124
B1912154746145N12002360WA000000259218
B1912164746146N12002355WA000000259268
B1912174746148N12002350WA000000259306
B1912184746148N12002345WA000000259413
B1912194746149N12002340WA000000259855
B1912204746150N12002335WA000000260179
B1912214746151N12002332WA000000260350
B1912224746150N12002327WA000000260688
B1912234746149N12002323WA000000260983
B1912244746148N12002318WA000000261229
B1912254746147N12002314WA000000261508
B1912264746145N12002311WA000000261710
B1912274746144N12002308WA000000261981
B1912284746145N12002303WA000000262115
B1912294746148N12002298WA000000262504
B1912304746152N12002292WA000000262463
B1912314746159N12002289WA000000262540
B1912324746167N12002287WA000000262594
B1912334746177N12002287WA000000262729
B1912344746186N12002291WA000000262878
B1912354746193N12002300WA000000262961
B1912364746199N12002310WA000000263469
B1912374746201N12002322WA000000263787
B1912384746201N12002332WA000000263826
B1912394746198N12002339WA000000264068
B1912404746194N12002343WA000000264287
B1912414746191N12002344WA000000264474
B1912424746189N12002342WA000000264824
B1912434746188N12002339WA000000265210
B1912444746188N12002333WA000000265514
B1912454746188N12002327WA000000265539
B1912464746187N12002323WA000000265794
B1912474746187N12002319WA000000265816
B1912484746186N12002316WA000000266071
B1912494746186N12002311WA000000266159
B1912504746186N12002307WA000000266185
B1912514746185N12002303WA000000266068
B1912524746183N12002297WA000000265966
B1912534746182N12002288WA000000265852
B1912544746180N12002278WA000000265464
B1912554746178N12002270WA000000265261
B1912564746177N12002262WA000000265325
B1912574746176N12002256WA000000265470
B1912584746176N12002249WA000000265551
B1912594746176N12002243WA000000265596
B1913004746177N12002236WA000000265365
B1913014746176N12002230WA000000265190
B1913024746175N12002221WA000000264865
B1913034746174N12002212WA000000264551
B1913044746174N12002199WA000000264391
B1913054746174N12002186WA000000263821
B1913064746174N12002174WA000000263423
B1913074746174N12002163WA000000263355
B1913084746175N12002153WA000000263252
B1913094746175N12002143WA000000263160
B1913104746175N12002133WA000000263072
B1913114746175N12002122WA000000262676
B1913124746175N12002112WA000000262243
B1913134746174N12002101WA000000261928
B1913144746173N12002091WA000000261711
B1913154746172N12002080WA000000261571
B1913164746172N12002070WA000000261525
B1913174746171N12002061WA000000261463
B1913184746170N12002052WA000000261387
B1913194746169N12002043WA000000261046
B1913204746167N12002034WA000000260668
B1913214746165N12002026WA000000260464
B1913224746163N12002019WA000000260102
B1913234746160N12002011WA000000259838
B1913244746156N12002005WA000000259640
B1913254746152N12001999WA000000259333
B1913264746148N12001992WA000000259188
B1913274746145N12001987WA000000258807
B1913284746141N12001981WA000000258674
B1913294746138N12001976WA000000258471
B1913304746135N12001971WA000000258254
B1913314746130N12001966WA000000258152
B1913324746124N12001961WA000000257790
B1913334746120N12001955WA000000257429
B1913344746114N12001951WA000000257195
B1913354746110N12001946WA000000256906
B1913364746105N12001941WA000000256763
B1913374746103N12001937WA000000256725
B1913384746099N12001933WA000000256676
B1913394746096N12001929WA000000256271
B1913404746092N12001924WA000000255841
B1913414746087N12001917WA000000255333
B1913424746082N12001911WA000000254829
B1913434746076N12001905WA000000254222
B1913444746069N12001898WA000000253977
B1913454746063N12001892WA000000253836
B1913464746057N12001887WA000000253894
B1913474746053N12001882WA000000253722
B1913484746048N12001877WA000000253741
B1913494746043N12001871WA000000253562
B1913504746038N12001864WA000000253265
B1913514746033N12001857WA000000252940
B1913524746028N12001848WA000000252748
B1913534746023N12001840WA000000252595
B1913544746019N12001832WA000000252446
B1913554746014N12001824WA000000252297
B1913564746010N12001816WA000000252178
B1913574746006N12001808WA000000252159
B1913584746002N12001801WA000000252052
B1913594745998N12001792WA000000251932
B1914004745994N12001782WA000000251799
B1914014745991N12001774WA000000251440
B1914024745987N12001765WA000000251144
B1914034745983N12001756WA000000250938
B1914044745979N12001748WA000000250568
B1914054745976N12001739WA000000250328
B1914064745972N12001730WA000000250299
B1914074745969N12001722WA000000249971
B1914084745967N12001712WA000000249710
B1914094745963N12001702WA000000249486
B1914104745960N12001693WA000000249071
B1914114745957N12001682WA000000248519
B1914124745954N12001671WA000000248154
B1914134745951N12001661WA000000247714
B1914144745947N12001650WA000000247366
B1914154745944N12001641WA000000247133
B1914164745941N12001632WA000000246944
B1914174745938N12001623WA000000246774
B1914184745937N12001614WA000000246517
B1914194745936N12001607WA000000246515
B1914204745934N12001601WA000000246572
B1914214745932N12001595WA000000246377
B1914224745930N12001589WA000000246069
B1914234745926N12001583WA000000245979
B1914244745923N12001577WA000000245133
B1914254745919N12001568WA000000244629
B1914264745915N12001560WA000000244163
B1914274745912N12001550WA000000243747
B1914284745909N12001541WA000000243551
B1914294745906N12001532WA000000243332
B1914304745904N12001524WA000000243204
B1914314745901N12001518WA000000243275
B1914324745900N12001512WA000000243225
B1914334745897N12001507WA000000243219
B1914344745893N12001503WA000000242885
B1914354745891N12001496WA000000242408
B1914364745887N12001488WA000000242076
B1914374745884N12001480WA000000241652
B1914384745882N12001472WA000000241543
B1914394745881N12001465WA000000241632
B1914404745879N12001461WA000000241881
B1914414745879N12001458WA000000242334
B1914424745878N12001456WA000000242744
B1914434745877N12001454WA000000243024
B1914444745876N12001451WA000000243044
B1914454745874N12001447WA000000243097
B1914464745873N12001444WA000000243091
B1914474745872N12001439WA000000243064
B1914484745872N12001435WA000000243101
B1914494745870N12001431WA000000243262
B1914504745868N12001427WA000000243364
B1914514745866N12001423WA000000243476
B1914524745865N12001420WA000000243460
B1914534745864N12001416WA000000243354
B1914544745863N12001412WA000000243275
B1914554745862N12001407WA000000243025
B1914564745860N12001401WA000000242905
B1914574745857N12001393WA000000242742
B1914584745854N12001385WA000000242458
B1914594745851N12001379WA000000242384
B1915004745849N12001373WA000000242572
B1915014745848N12001365WA000000242687
B1915024745847N12001359WA000000242498
B1915034745847N12001352WA000000242009
B1915044745846N12001344WA000000241619
B1915054745844N12001337WA000000241245
B1915064745842N12001329WA000000240964
B1915074745841N12001322WA000000240722
B1915084745840N12001315WA000000240606
B1915094745839N12001308WA000000240615
B1915104745837N12001302WA000000240386
B1915114745836N12001296WA000000240021
B1915124745834N12001288WA000000239679
B1915134745833N12001281WA000000239215
B1915144745831N12001273WA000000238875
B1915154745830N12001265WA000000238524
B1915164745828N12001257WA000000238260
B1915174745827N12001249WA000000238162
B1915184745826N12001241WA000000237945
B1915194745825N12001234WA000000237614
B1915204745824N12001227WA000000237310
B1915214745823N12001219WA000000236914
B1915224745821N12001211WA000000236683
B1915234745820N12001202WA000000236324
B1915244745818N12001194WA000000236061
B1915254745816N12001185WA000000235984
B1915264745815N12001176WA000000235829
B1915274745813N12001168WA000000235779
B1915284745812N12001160WA000000235625
B1915294745810N12001152WA000000235596
B1915304745809N12001143WA000000235455
B1915314745808N12001134WA000000235346
B1915324745807N12001125WA000000235322
B1915334745805N12001116WA000000235271
B1915344745804N12001106WA000000235357
B1915354745803N12001096WA000000235379
B1915364745802N12001087WA000000235245
B1915374745802N12001077WA000000235208
B1915384745801N12001068WA000000235015
B1915394745800N12001058WA000000234938
B1915404745798N12001049WA000000234872
B1915414745796N12001039WA000000234988
B1915424745794N12001033WA000000234924
B1915434745791N12001028WA000000235554
B1915444745789N12001024WA000000236063
B1915454745788N12001021WA000000236391
B1915464745788N12001016WA000000236589
B1915474745788N12001011WA000000236579
B1915484745788N12001005WA000000236513
B1915494745786N12001000WA000000236280
B1915504745785N12000994WA000000236261
B1915514745783N12000989WA000000236264
B1915524745781N12000985WA000000236489
B1915534745780N12000982WA000000236572
B1915544745780N12000978WA000000236634
B1915554745781N12000974WA000000236806
B1915564745781N12000969WA000000237098
B1915574745783N12000964WA000000237109
B1915584745783N12000960WA000000237140
B1915594745783N12000954WA000000237186
B1916004745783N12000949WA000000237151
B1916014745783N12000943WA000000237155
B1916024745782N12000940WA000000237140
B1916034745782N12000936WA000000237223
B1916044745782N12000932WA000000237349
B1916054745782N12000929WA000000237242
B1916064745781N12000924WA000000237164
B1916074745779N12000918WA000000236920
B1916084745777N12000909WA000000236553
B1916094745775N12000900WA000000235931
B1916104745772N12000892WA000000235774
B1916114745769N12000886WA000000235790
B1916124745767N12000879WA000000235564
B1916134745765N12000872WA000000235430
B1916144745763N12000863WA000000235259
B1916154745761N12000855WA000000234834
B1916164745759N12000845WA000000234638
B1916174745757N12000837WA000000234420
B1916184745754N12000827WA000000234259
B1916194745753N12000817WA000000234174
B1916204745751N12000808WA000000233863
B1916214745749N12000799WA000000233788
B1916224745747N12000791WA000000233482
B1916234745746N12000781WA000000233205
B1916244745743N12000772WA000000232883
B1916254745741N12000763WA000000232521
B1916264745738N12000754WA000000232481
B1916274745736N12000745WA000000232221
B1916284745734N12000736WA000000232172
B1916294745732N12000727WA000000231983
B1916304745730N12000719WA000000231270
B1916314745728N12000708WA000000231075
B1916324745726N12000699WA000000230554
B1916334745724N12000690WA000000230234
B1916344745722N12000681WA000000230088
B1916354745720N12000673WA000000229893
B1916364745719N12000665WA000000229662
B1916374745718N12000656WA000000229489
B1916384745717N12000648WA000000229168
B1916394745715N12000640WA000000228975
B1916404745714N12000631WA000000228734
B1916414745712N12000622WA000000228441
B1916424745711N12000612WA000000228203
B1916434745709N12000602WA000000228098
B1916444745708N12000593WA000000227757
B1916454745707N12000584WA000000227537
B1916464745706N12000575WA000000227234
B1916474745705N12000566WA000000226834
B1916484745704N12000555WA000000226695
B1916494745704N12000546WA000000226212
B1916504745703N12000536WA000000226149
B1916514745702N12000528WA000000225923
B1916524745701N12000519WA000000225757
B1916534745700N12000511WA000000225571
B1916544745699N12000502WA000000225399
B1916554745699N12000493WA000000225035
B1916564745697N12000485WA000000224772
B1916574745696N12000477WA000000224561
B1916584745695N12000468WA000000224339
B1916594745694N12000460WA000000224109
B1917004745692N12000452WA000000223862
B1917014745691N12000443WA000000223626
B1917024745689N12000435WA000000223470
B1917034745687N12000426WA000000223153
B1917044745685N12000417WA000000222986
B1917054745683N12000409WA000000222752
B1917064745681N12000401WA000000222441
B1917074745679N12000392WA000000222226
B1917084745677N12000384WA000000222052
B1917094745675N12000376WA000000221970
B1917104745674N12000367WA000000221504
B1917114745672N12000358WA000000221217
B1917124745670N12000349WA000000221081
B1917134745669N12000339WA000000220645
B1917144745668N12000328WA000000220106
B1917154745666N12000320WA000000219432
B1917164745664N12000312WA000000219252
B1917174745662N12000303WA000000219054
B1917184745660N12000295WA000000218986
B1917194745659N12000287WA000000218714
B1917204745657N12000280WA000000218551
B1917214745656N12000271WA000000218207
B1917224745654N12000263WA000000218058
B1917234745652N12000255WA000000217758
B1917244745650N12000247WA000000217456
B1917254745648N12000239WA000000217269
B1917264745647N12000231WA000000216905
B1917274745645N12000223WA000000216620
B1917284745643N12000213WA000000216238
B1917294745641N12000204WA000000216046
B1917304745639N12000195WA000000215612
B1917314745637N12000186WA000000215224
B1917324745635N12000177WA000000214831
B1917334745633N12000167WA000000214665
B1917344745631N12000157WA000000214368
B1917354745629N12000148WA000000214134
B1917364745627N12000139WA000000213954
B1917374745625N12000129WA000000213656
B1917384745623N12000120WA000000213396
B1917394745622N12000111WA000000213146
B1917404745621N12000102WA000000212825
B1917414745620N12000092WA000000212622
B1917424745618N12000082WA000000212299
B1917434745616N12000074WA000000211977
B1917444745615N12000065WA000000211623
B1917454745612N12000055WA000000211391
B1917464745610N12000045WA000000211025
B1917474745607N12000037WA000000210972
B1917484745605N12000027WA000000210647
B1917494745603N12000017WA000000210396
B1917504745602N12000008WA000000210128
B1917514745600N12000000WA000000210024
B1917524745599N11959992WA000000210032
B1917534745597N11959984WA000000209292
B1917544745597N11959976WA000000208910
B1917554745595N11959967WA000000208697
B1917564745594N11959958WA000000208278
B1917574745593N11959950WA000000207861
B1917584745592N11959940WA000000207516
B1917594745590N11959931WA000000207173
B1918004745589N11959921WA000000206749
B1918014745587N11959911WA000000206398
B1918024745585N11959901WA000000205985
B1918034745583N11959891WA000000205551
B1918044745581N11959881WA000000205344
B1918054745579N11959870WA000000205179
B1918064745577N11959860WA000000204892
B1918074745576N11959850WA000000204674
B1918084745574N11959841WA000000204471
B1918094745573N11959831WA000000204232
B1918104745571N11959821WA000000203886
B1918114745570N11959811WA000000203514
B1918124745568N11959800WA000000203424
B1918134745566N11959790WA000000203145
B1918144745564N11959781WA000000202782
B1918154745563N11959771WA000000202327
B1918164745561N11959763WA000000202148
B1918174745560N11959754WA000000201817
B1918184745558N11959745WA000000201495
B1918194745557N11959736WA000000201002
B1918204745555N11959726WA000000200491
B1918214745554N11959716WA000000199903
B1918224745551N11959706WA000000199587
B1918234745549N11959696WA000000199144
B1918244745546N11959687WA000000198703
B1918254745542N11959677WA000000198396
B1918264745540N11959667WA000000197918
B1918274745536N11959658WA000000197571
B1918284745533N11959649WA000000197251
B1918294745530N11959641WA000000197252
B1918304745528N11959633WA000000197244
B1918324745524N11959617WA000000197170
B1918334745522N11959608WA000000214284
B1918344745520N11959599WA000000207349
B1918354745518N11959591WA000000203304
B1918364745515N11959582WA000000200827
B1918374745512N11959574WA000000200012
B1918384745509N11959566WA000000199472
B1918394745507N11959558WA000000198590
B1918404745506N11959550WA000000197301
B1918414745503N11959543WA000000196500
B1918424745500N11959535WA000000195593
B1918434745498N11959527WA000000195052
B1918444745495N11959518WA000000194788
B1918454745493N11959509WA000000194526
B1918464745490N11959501WA000000194171
B1918474745487N11959493WA000000193867
B1918484745485N11959486WA000000193712
B1918494745482N11959478WA000000193537
B1918504745480N11959471WA000000193407
B1918514745477N11959465WA000000193495
B1918524745476N11959457WA000000193463
B1918534745475N11959450WA000000193252
B1918544745474N11959443WA000000192975
B1918554745472N11959437WA000000192796
B1918564745472N11959430WA000000192604
B1918574745471N11959423WA000000192505
B1918584745470N11959416WA000000192305
B1918594745468N11959409WA000000192154
B1919004745467N11959401WA000000191950
B1919014745466N11959392WA000000191899
B1919024745466N11959384WA000000191825
B1919034745465N11959377WA000000191767
B1919044745464N11959369WA000000191694
B1919054745464N11959361WA000000191424
B1919064745463N11959352WA000000191249
B1919074745463N11959343WA000000191148
B1919084745464N11959334WA000000191190
B1919094745467N11959324WA000000190982
B1919104745471N11959314WA000000190608
B1919114745474N11959305WA000000190652
B1919124745478N11959295WA000000190409
B1919134745481N11959286WA000000190326
B1919144745484N11959277WA000000190008
B1919154745486N11959269WA000000189714
B1919164745487N11959260WA000000189589
B1919174745488N11959252WA000000189264
B1919184745489N11959243WA000000189049
B1919194745489N11959236WA000000188634
B1919204745488N11959229WA000000188217
B1919214745486N11959223WA000000188080
B1919224745484N11959216WA000000187895
B1919234745482N11959209WA000000187856
B1919244745478N11959202WA000000187847
B1919254745476N11959195WA000000187337
B1919264745474N11959189WA000000187130
B1919274745469N11959181WA000000187074
B1919284745467N11959174WA000000186505
B1919294745464N11959166WA000000186451
B1919304745460N11959158WA000000186064
B1919314745456N11959150WA000000185669
B1919324745453N11959142WA000000185357
B1919334745450N11959136WA000000184720
B1919344745447N11959128WA000000184457
B1919354745444N11959121WA000000184037
B1919364745441N11959113WA000000183557
B1919374745438N11959105WA000000183154
B1919384745436N11959097WA000000182730
B1919394745434N11959088WA000000182446
B1919404745432N11959080WA000000182102
B1919414745429N11959072WA000000181927
B1919424745426N11959064WA000000181774
B1919434745423N11959055WA000000181494
B1919444745420N11959048WA000000181240
B1919454745415N11959042WA000000180845
B1919464745411N11959035WA000000180648
B1919474745408N11959028WA000000180622
B1919484745404N11959018WA000000180406
B1919494745400N11959009WA000000179578
B1919504745397N11959002WA000000179264
B1919514745395N11958994WA000000179244
B1919524745393N11958986WA000000179044
B1919534745391N11958978WA000000178882
B1919544745390N11958969WA000000178734
B1919554745388N11958960WA000000178318
B1919564745385N11958952WA000000177983
B1919574745383N11958943WA000000177505
B1919584745380N11958934WA000000177040
B1919594745378N11958924WA000000176709
B1920004745375N11958916WA000000176456
B1920014745373N11958908WA000000176151
B1920024745371N11958900WA000000175934
B1920034745369N11958892WA000000175831
B1920044745367N11958883WA000000175770
B1920054745366N11958874WA000000175500
B1920064745365N11958865WA000000175326
B1920074745364N11958856WA000000174895
B1920084745365N11958846WA000000174532
B1920094745366N11958836WA000000174347
B1920104745367N11958826WA000000174088
B1920114745370N11958817WA000000173937
B1920124745372N11958809WA000000173915
B1920134745374N11958799WA000000173702
B1920144745375N11958790WA000000173251
B1920154745376N11958780WA000000172917
B1920164745377N11958773WA000000172511
B1920174745377N11958765WA000000172265
B1920184745378N11958757WA000000172156
B1920194745379N11958749WA000000172066
B1920204745380N11958740WA000000171960
B1920214745382N11958730WA000000171729
B1920224745383N11958721WA000000171553
LXCTACTIVITY OTHER 88
LXCTACTIVITY STILL 100
B1920234745384N11958712WA000000171494
B1920244745386N11958703WA000000171187
B1920254745388N11958694WA000000170969
B1920264745390N11958686WA000000170850
B1920274745392N11958677WA000000170544
B1920284745395N11958668WA000000170327
B1920294745397N11958660WA000000170053
B1920304745399N11958651WA000000169804
B1920314745400N11958643WA000000169643
B1920324745402N11958634WA000000169245
B1920334745404N11958624WA000000169014
B1920344745406N11958614WA000000168719
B1920354745408N11958604WA000000168524
B1920364745409N11958594WA000000168370
B1920374745411N11958583WA000000168102
B1920384745412N11958571WA000000167516
B1920394745412N11958559WA000000167159
LXCTACTIVITY OTHER 78
B1920404745412N11958548WA000000166704
B1920414745411N11958538WA000000166560
B1920424745411N11958529WA000000166681
B1920434745412N11958522WA000000166861
B1920444745413N11958515WA000000166877
B1920454745415N11958511WA000000166905
B1920464745415N11958507WA000000166883
B1920474745416N11958501WA000000166476
B1920484745417N11958493WA000000165850
B1920494745418N11958483WA000000165005
B1920504745417N11958473WA000000164215
B1920514745416N11958463WA000000163513
B1920524745415N11958453WA000000163141
B1920534745414N11958443WA000000162967
B1920544745414N11958435WA000000162729
B1920554745413N11958427WA000000162588
B1920564745412N11958421WA000000162347
B1920574745410N11958414WA000000161881
B1920584745408N11958407WA000000161309
B1920594745403N11958403WA000000160725
B1921004745397N11958402WA000000160265
B1921014745392N11958402WA000000159811
B1921024745387N11958407WA000000159126
B1921034745382N11958411WA000000158906
B1921044745378N11958419WA000000158703
B1921054745373N11958425WA000000158220
B1921064745368N11958432WA000000158079
B1921074745363N11958439WA000000157489
B1921084745358N11958444WA000000156914
B1921094745352N11958450WA000000156530
B1921104745347N11958456WA000000156513
B1921114745341N11958461WA000000156679
B1921124745337N11958464WA000000156683
B1921134745333N11958467WA000000156476
B1921144745329N11958473WA000000156482
B1921154745325N11958478WA000000156285
B1921164745321N11958485WA000000155964
B1921174745317N11958490WA000000156042
B1921184745314N11958492WA000000156185
B1921194745312N11958494WA000000156479
B1921204745311N11958496WA000000156524
B1921214745309N11958498WA000000156515
B1921224745305N11958499WA000000156598
B1921234745302N11958500WA000000156532
B1921244745299N11958500WA000000156508
B1921254745295N11958500WA000000156661
B1921264745293N11958499WA000000156800
B1921274745290N11958499WA000000157042
B1921284745287N11958499WA000000157260
B1921294745284N11958498WA000000157386
B1921304745281N11958498WA000000157447
B1921314745277N11958496WA000000157598
B1921324745274N11958495WA000000157787
B1921334745272N11958494WA000000157866
B1921344745270N11958493WA000000157948
B1921354745268N11958491WA000000157943
B1921364745266N11958489WA000000158024
B1921374745264N11958486WA000000158140
B1921384745262N11958482WA000000158168
B1921394745261N11958480WA000000158221
B1921404745258N11958477WA000000158292
B1921414745256N11958473WA000000158459
B1921424745254N11958471WA000000158670
B1921434745253N11958467WA000000168345
B1921444745252N11958462WA000000165269
B1921454745251N11958459WA000000162719
B1921464745249N11958457WA000000161615
B1921474745247N11958455WA000000160907
B1921484745245N11958454WA000000160706
B1921494745243N11958453WA000000160629
B1921504745241N11958455WA000000160315
LXCTACTIVITY STILL 55
B1921514745238N11958460WA000000160163
B1921524745236N11958468WA000000159895
B1921534745237N11958477WA000000159759
B1921544745241N11958486WA000000159718
B1921554745246N11958494WA000000159663
B1921564745253N11958499WA000000159749
B1921574745262N11958503WA000000159716
B1921584745270N11958504WA000000159849
B1921594745278N11958503WA000000160052
B1922004745285N11958498WA000000160189
B1922014745291N11958491WA000000160157
B1922024745295N11958484WA000000160297
B1922034745298N11958477WA000000170855
B1922044745300N11958470WA000000166603
B1922054745300N11958465WA000000164909
B1922064745299N11958460WA000000163627
B1922074745297N11958455WA000000162849
B1922084745295N11958452WA000000162019
B1922094745292N11958450WA000000161548
B1922104745289N11958450WA000000161262
B1922114745286N11958449WA000000160978
B1922124745284N11958448WA000000160828
B1922134745281N11958448WA000000160714
B1922144745278N11958447WA000000160619
B1922154745275N11958447WA000000160302
B1922164745271N11958447WA000000160447
B1922174745268N11958447WA000000160216
B1922184745264N11958447WA000000160213
B1922194745260N11958445WA000000159860
B1922204745257N11958442WA000000159623
B1922214745254N11958439WA000000159514
B1922224745252N11958436WA000000159549
B1922234745250N11958435WA000000159608
B1922244745247N11958433WA000000159771
B1922254745244N11958429WA000000159666
B1922264745241N11958425WA000000159685
B1922274745239N11958422WA000000159762
B1922284745237N11958418WA000000159818
B1922294745234N11958416WA000000159952
B1922304745232N11958413WA000000159950
B1922314745230N11958410WA000000160031
B1922324745227N11958407WA000000160067
B1922334745224N11958405WA000000160095
B1922344745222N11958402WA000000160276
B1922354745220N11958398WA000000160329
B1922364745217N11958396WA000000160381
B1922374745216N11958393WA000000160206
B1922384745214N11958390WA000000160202
B1922394745211N11958387WA000000160382
B1922404745209N11958384WA000000160496
B1922414745208N11958382WA000000160547
B1922424745206N11958382WA000000160541
B1922434745204N11958383WA000000160723
B1922444745201N11958387WA000000160995
B1922454745200N11958394WA000000164349
B1922464745200N11958404WA000000162700
B1922474745201N11958415WA000000161714
B1922484745204N11958427WA000000173800
B1922494745207N11958437WA000000155844
B1922504745214N11958444WA000000157791
B1922514745222N11958449WA000000158807
B1922524745230N11958453WA000000159465
B1922534745238N11958454WA000000159934
B1922544745246N11958453WA000000160202
B1922554745252N11958449WA000000160565
B1922564745257N11958443WA000000160744
B1922574745261N11958435WA000000160829
B1922584745261N11958429WA000000160864
B1922594745261N11958425WA000000160939
B1923004745260N11958423WA000000160722
B1923014745258N11958420WA000000160892
B1923024745257N11958417WA000000160927
B1923034745255N11958415WA000000160965
B1923044745253N11958410WA000000160933
B1923054745250N11958406WA000000160545
B1923064745248N11958399WA000000159921
B1923074745244N11958390WA000000145199
B1923084745241N11958383WA000000150765
B1923094745239N11958377WA000000154210
B1923104745238N11958371WA000000155575
B1923114745237N11958368WA000000156296
B1923124745237N11958364WA000000157072
B1923134745236N11958359WA000000157254
B1923144745234N11958353WA000000157171
B1923154745232N11958346WA000000156542
B1923164745230N11958339WA000000156206
B1923174745227N11958332WA000000155973
B1923184745225N11958324WA000000156569
B1923194745223N11958317WA000000156870
B1923204745221N11958308WA000000157189
B1923214745220N11958301WA000000157657
B1923224745219N11958295WA000000158114
B1923234745217N11958289WA000000158380
B1923244745216N11958283WA000000158550
B1923254745214N11958276WA000000158480
B1923264745212N11958269WA000000158452
B1923274745210N11958262WA000000158470
B1923284745209N11958254WA000000158534
B1923294745208N11958247WA000000158604
B1923304745207N11958240WA000000158617
B1923314745207N11958233WA000000158812
B1923324745207N11958227WA000000159247
B1923334745207N11958222WA000000159643
B1923344745207N11958216WA000000159946
B1923354745207N11958209WA000000160056
B1923364745207N11958202WA000000160095
B1923374745208N11958195WA000000160179
B1923384745209N11958189WA000000160381
B1923394745210N11958183WA000000160696
B1923404745211N11958179WA000000160817
B1923414745211N11958176WA000000161204
B1923424745211N11958174WA000000161447
B1923434745212N11958171WA000000161527
B1923444745212N11958169WA000000161529
B1923454745212N11958167WA000000161482
B1923464745213N11958163WA000000161492
B1923474745214N11958158WA000000161469
B1923484745214N11958155WA000000161422
B1923494745214N11958151WA000000161446
B1923504745213N11958149WA000000161423
B1923514745211N11958146WA000000161546
B1923524745209N11958144WA000000161574
B1923534745208N11958141WA000000161538
B1923544745207N11958138WA000000161828
B1923554745206N11958135WA000000162049
B1923564745206N11958133WA000000162303
B1923574745205N11958131WA000000162408
B1923584745203N11958130WA000000162659
B1923594745200N11958135WA000000162745
B1924004745198N11958140WA000000162885
B1924014745197N11958148WA000000162871
B1924024745197N11958156WA000000163047
B1924034745198N11958165WA000000163019
B1924044745200N11958175WA000000163176
B1924054745204N11958185WA000000163241
B1924064745210N11958194WA000000163130
B1924074745218N11958200WA000000163128
B1924084745226N11958205WA000000163417
B1924094745233N11958204WA000000163823
B1924104745239N11958201WA000000163799
B1924114745243N11958194WA000000163793
B1924124745246N11958186WA000000163540
B1924134745247N11958177WA000000163541
B1924144745246N11958170WA000000163416
B1924154745244N11958166WA000000163671
B1924164745243N11958161WA000000163852
B1924174745243N11958157WA000000164032
B1924184745242N11958153WA000000175643
B1924194745242N11958148WA000000171528
B1924204745241N11958144WA000000169293
B1924214745241N11958140WA000000168225
B1924224745240N11958136WA000000167485
B1924234745240N11958132WA000000166841
B1924244745239N11958128WA000000166292
B1924254745238N11958124WA000000165871
B1924264745237N11958118WA000000165774
B1924274745236N11958114WA000000165580
B1924284745235N11958109WA000000165528
B1924294745234N11958105WA000000165748
B1924304745234N11958103WA000000165835
B1924314745233N11958101WA000000165822
B1924324745232N11958099WA000000166051
B1924334745231N11958096WA000000165917
B1924344745229N11958094WA000000165940
B1924354745226N11958091WA000000165975
B1924364745224N11958089WA000000165805
B1924374745221N11958087WA000000165972
B1924384745218N11958083WA000000165789
B1924394745214N11958080WA000000165674
B1924404745211N11958077WA000000165650
B1924414745209N11958072WA000000165659
B1924424745207N11958070WA000000165612
B1924434745204N11958067WA000000165590
B1924444745202N11958063WA000000165484
B1924454745199N11958061WA000000165525
B1924464745196N11958057WA000000165069
B1924474745192N11958055WA000000164990
B1924484745190N11958052WA000000164710
B1924494745186N11958048WA000000164710
B1924504745182N11958046WA000000164401
B1924514745178N11958043WA000000164334
B1924524745174N11958041WA000000164271
B1924534745171N11958037WA000000164156
B1924544745168N11958034WA000000164086
B1924554745166N11958031WA000000164009
B1924564745163N11958028WA000000163706
B1924574745159N11958024WA000000163127
B1924584745153N11958020WA000000162887
B1924594745148N11958016WA000000162342
B1925004745143N11958012WA000000162212
B1925014745138N11958007WA000000162190
B1925024745135N11958003WA000000162240
B1925034745132N11957998WA000000162137
B1925044745128N11957995WA000000162066
B1925054745124N11957990WA000000161918
B1925064745120N11957984WA000000161707
B1925074745114N11957978WA000000145171
B1925084745112N11957971WA000000150100
B1925094745108N11957965WA000000152872
B1925104745106N11957960WA000000153801
B1925114745102N11957955WA000000154833
B1925124745099N11957951WA000000156406
B1925134745092N11957950WA000000156694
B1925144745085N11957950WA000000157073
B1925154745078N11957951WA000000157450
B1925164745072N11957949WA000000157471
B1925174745068N11957950WA000000157139
B1925184745064N11957951WA000000157206
B1925194745060N11957952WA000000157202
B1925204745056N11957952WA000000157203
B1925214745051N11957952WA000000156932
B1925224745046N11957951WA000000156568
B1925234745041N11957951WA000000156213
B1925244745035N11957951WA000000155831
B1925254745029N11957951WA000000155300
B1925264745022N11957950WA000000154878
B1925274745015N11957950WA000000154472
B1925284745009N11957949WA000000153901
B1925294745002N11957946WA000000153629
B1925304744995N11957945WA000000153354
B1925314744988N11957943WA000000153122
B1925324744981N11957941WA000000152821
B1925334744974N11957938WA000000152859
B1925344744968N11957937WA000000152933
B1925354744963N11957935WA000000153074
B1925364744959N11957934WA000000153060
B1925374744956N11957932WA000000153188
B1925384744954N11957931WA000000153317
B1925394744951N11957930WA000000153376
B1925404744949N11957929WA000000153312
B1925414744946N11957925WA000000153479
B1925424744943N11957922WA000000153567
B1925434744940N11957920WA000000153687
B1925444744937N11957918WA000000153786
B1925454744935N11957916WA000000153887
B1925464744934N11957914WA000000154058
B1925474744933N11957913WA000000153946
B1925484744932N11957913WA000000153702
B1925494744930N11957913WA000000153700
B1925504744927N11957913WA000000153535
B1925514744924N11957914WA000000153306
B1925524744921N11957917WA000000153341
B1925534744920N11957914WA000000153456
B1925544744919N11957914WA000000153391
B1925554744918N11957915WA000000153222
B1925564744915N11957917WA000000153187
B1925574744912N11957918WA000000152894
B1925584744910N11957921WA000000152538
B1925594744908N11957924WA000000152668
B1926004744907N11957926WA000000152635
B1926014744906N11957928WA000000152721
LXCTACTIVITY OTHER 90
B1926024744904N11957929WA000000152683
B1926034744902N11957929WA000000152583
B1926044744899N11957929WA000000152346
B1926054744896N11957927WA000000152287
B1926064744894N11957926WA000000152179
B1926074744893N11957925WA000000152128
B1926084744891N11957923WA000000151989
B1926094744890N11957921WA000000152032
B1926104744889N11957918WA000000151700
B1926114744887N11957915WA000000151631
B1926124744884N11957909WA000000151434
B1926134744881N11957904WA000000151046
B1926144744878N11957900WA000000150744
B1926154744874N11957895WA000000150687
B1926164744871N11957891WA000000150346
B1926174744867N11957886WA000000150183
B1926184744864N11957881WA000000149871
B1926194744860N11957876WA000000149785
B1926204744856N11957872WA000000149415
B1926214744851N11957870WA000000149232
B1926224744846N11957867WA000000149172
B1926234744842N11957865WA000000149014
B1926244744838N11957861WA000000148812
B1926254744833N11957857WA000000148690
B1926264744829N11957851WA000000148599
B1926274744826N11957847WA000000148401
B1926284744821N11957840WA000000148283
B1926294744816N11957834WA000000148099
B1926304744812N11957829WA000000148052
B1926314744807N11957823WA000000148069
B1926324744803N11957818WA000000148002
B1926334744798N11957813WA000000148272
B1926344744795N11957809WA000000148354
B1926354744792N11957805WA000000148687
B1926364744790N11957801WA000000149163
B1926374744788N11957797WA000000149632
B1926384744788N11957794WA000000150092
B1926394744788N11957791WA000000150522
B1926404744787N11957788WA000000150722
B1926414744785N11957785WA000000150933
B1926424744782N11957783WA000000151046
B1926434744780N11957781WA000000151209
B1926444744777N11957780WA000000151457
B1926454744775N11957779WA000000151743
B1926464744774N11957779WA000000151902
B1926474744773N11957779WA000000152241
B1926484744772N11957779WA000000152505
B1926494744770N11957778WA000000152793
B1926504744769N11957774WA000000152766
B1926514744770N11957766WA000000152712
B1926524744771N11957758WA000000152698
B1926534744775N11957751WA000000152753
B1926544744779N11957745WA000000153093
B1926554744786N11957742WA000000153254
B1926564744794N11957742WA000000153396
B1926574744802N11957744WA000000160647
B1926584744810N11957748WA000000158211
B1926594744816N11957753WA000000157000
B1927004744822N11957758WA000000156353
B1927014744827N11957764WA000000155885
B1927024744831N11957771WA000000155579
B1927034744835N11957779WA000000155516
B1927044744836N11957788WA000000155410
B1927054744835N11957795WA000000155523
B1927064744832N11957800WA000000155764
B1927074744829N11957802WA000000156045
B1927084744826N11957801WA000000156424
B1927094744823N11957797WA000000156779
B1927104744822N11957792WA000000157158
B1927114744824N11957785WA000000157336
B1927124744825N11957778WA000000157451
B1927134744830N11957770WA000000157578
B1927144744837N11957764WA000000157565
B1927154744844N11957760WA000000157687
B1927164744853N11957760WA000000157636
B1927174744861N11957764WA000000157861
B1927184744868N11957770WA000000158090
B1927194744874N11957779WA000000158201
B1927204744877N11957788WA000000158537
B1927214744878N11957797WA000000158817
B1927224744877N11957804WA000000174479
B1927234744877N11957808WA000000168838
B1927244744877N11957815WA000000166032
B1927254744877N11957822WA000000163771
B1927264744877N11957828WA000000163039
B1927274744876N11957835WA000000162893
B1927284744877N11957842WA000000162900
B1927294744877N11957848WA000000163257
B1927304744877N11957855WA000000163547
B1927314744877N11957861WA000000163338
B1927324744877N11957865WA000000163032
B1927334744875N11957862WA000000162777
B1927344744874N11957857WA000000162683
B1927354744876N11957849WA000000162667
B1927364744881N11957843WA000000162732
B1927374744893N11957844WA000000162890
B1927384744904N11957844WA000000163459
B1927394744913N11957849WA000000163960
B1927404744921N11957854WA000000164477
B1927414744928N11957861WA000000165055
B1927424744934N11957867WA000000165456
LXCTACTIVITY STILL 50
B1927434744939N11957874WA000000165679
B1927444744942N11957882WA000000165861
B1927454744945N11957890WA000000165810
B1927464744946N11957897WA000000165956
B1927474744946N11957903WA000000166086
B1927484744945N11957907WA000000166192
B1927494744943N11957904WA000000166359
B1927504744942N11957900WA000000166541
B1927514744943N11957893WA000000166800
B1927524744946N11957886WA000000166902
B1927534744950N11957879WA000000167467
B1927544744957N11957873WA000000167507
B1927554744965N11957868WA000000167605
B1927564744973N11957863WA000000168069
B1927574744983N11957860WA000000168531
B1927584744993N11957860WA000000168901
B1927594745002N11957863WA000000169404
B1928004745010N11957868WA000000169640
B1928014745016N11957876WA000000169949
B1928024745021N11957886WA000000170223
B1928034745024N11957894WA000000170502
B1928044745026N11957902WA000000170816
B1928054745023N11957906WA000000171042
B1928064745021N11957908WA000000171258
B1928074745020N11957907WA000000171518
B1928084745019N11957904WA000000171742
B1928094745019N11957899WA000000172038
B1928104745020N11957893WA000000172132
B1928114745022N11957885WA000000172348
B1928124745026N11957878WA000000172842
B1928134745032N11957870WA000000173344
B1928144745039N11957865WA000000173842
LXCTACTIVITY OTHER 78
B1928154745047N11957862WA000000174255
B1928164745055N11957862WA000000174762
B1928174745063N11957863WA000000175084
B1928184745071N11957866WA000000175476
B1928194745079N11957872WA000000175605
B1928204745086N11957879WA000000175708
B1928214745091N11957887WA000000175969
B1928224745095N11957896WA000000176165
B1928234745097N11957905WA000000176533
B1928244745098N11957913WA000000176902
B1928254745095N11957914WA000000177281
B1928264745094N11957913WA000000177516
B1928274745093N11957911WA000000177719
B1928284745092N11957909WA000000177959
B1928294745091N11957905WA000000178070
B1928304745091N11957903WA000000178381
B1928314745092N11957901WA000000178588
B1928324745093N11957901WA000000178924
B1928334745092N11957891WA000000179570
B1928344745095N11957886WA000000179982
B1928354745100N11957880WA000000180224
B1928364745105N11957874WA000000180477
B1928374745115N11957873WA000000180634
B1928384745123N11957875WA000000180993
B1928394745132N11957880WA000000181264
B1928404745139N11957889WA000000181354
B1928414745145N11957900WA000000181663
B1928424745149N11957909WA000000181832
B1928434745149N11957916WA000000182181
B1928444745150N11957922WA000000182526
B1928454745148N11957926WA000000182754
B1928464745146N11957928WA000000183198
LXCTACTIVITY STILL 75
B1928474745145N11957931WA000000183422
B1928484745144N11957931WA000000183829
B1928494745143N11957931WA000000184146
B1928504745142N11957930WA000000184587
B1928514745142N11957929WA000000184924
B1928524745141N11957927WA000000185277
B1928534745141N11957925WA000000185527
B1928544745141N11957923WA000000185923
B1928554745140N11957918WA000000186331
B1928564745141N11957912WA000000186578
B1928574745145N11957905WA000000186614
B1928584745150N11957897WA000000186848
B1928594745156N11957892WA000000187124
B1929004745164N11957889WA000000187256
B1929014745173N11957895WA000000187398
B1929024745182N11957903WA000000187720
B1929034745189N11957912WA000000188007
B1929044745194N11957921WA000000188435
B1929054745195N11957932WA000000188682
B1929064745196N11957941WA000000189102
B1929074745195N11957947WA000000189406
B1929084745193N11957952WA000000189525
B1929094745191N11957955WA000000189762
B1929104745190N11957956WA000000190243
B1929114745190N11957954WA000000190615
B1929124745190N11957949WA000000190996
B1929134745193N11957943WA000000172455
B1929144745197N11957937WA000000179701
B1929154745202N11957931WA000000183881
B1929164745210N11957926WA000000185254
B1929174745218N11957924WA000000187327
B1929184745227N11957923WA000000189128
B1929194745235N11957926WA000000190454
B1929204745243N11957931WA000000191154
B1929214745250N11957939WA000000191490
B1929224745257N11957948WA000000191948
B1929234745262N11957960WA000000192210
B1929244745264N11957971WA000000192541
B1929254745263N11957979WA000000193081
B1929264745261N11957983WA000000193365
B1929274745258N11957983WA000000193677
B1929284745256N11957980WA000000193939
B1929294745255N11957976WA000000194464
B1929304745256N11957971WA000000195024
B1929314745258N11957965WA000000195576
B1929324745262N11957960WA000000196001
B1929334745266N11957955WA000000196221
B1929344745271N11957949WA000000196524
B1929354745276N11957944WA000000196921
B1929364745282N11957939WA000000196613
B1929374745288N11957935WA000000196993
B1929384745298N11957936WA000000197181
B1929394745308N11957939WA000000197228
B1929404745316N11957948WA000000197215
B1929414745322N11957958WA000000197240
B1929424745327N11957967WA000000197503
B1929434745328N11957976WA000000197881
B1929444745329N11957983WA000000198018
B1929454745328N11957990WA000000198292
B1929464745328N11957996WA000000198589
B1929474745328N11958002WA000000198953
B1929484745327N11958005WA000000199147
B1929494745325N11958008WA000000199454
B1929504745324N11958006WA000000199696
B1929514745324N11958003WA000000199809
B1929524745323N11958000WA000000176886
B1929534745323N11957997WA000000184747
B1929544745323N11957995WA000000189352
B1929554745323N11957992WA000000198578
B1929564745324N11957990WA000000199203
B1929574745324N11957987WA000000199860
B1929584745325N11957984WA000000200317
B1929594745324N11957975WA000000200623
B1930004745325N11957966WA000000200744
B1930014745327N11957960WA000000200644
B1930024745328N11957953WA000000200673
B1930034745331N11957946WA000000200946
B1930044745333N11957939WA000000201138
B1930054745335N11957932WA000000201424
B1930064745336N11957926WA000000201553
B1930074745338N11957919WA000000201768
B1930084745341N11957912WA000000201889
B1930094745345N11957906WA000000201811
B1930104745349N11957898WA000000202105
B1930114745351N11957890WA000000202446
B1930124745353N11957882WA000000202628
B1930134745354N11957875WA000000202793
B1930144745357N11957868WA000000202801
B1930154745358N11957861WA000000202991
B1930164745360N11957852WA000000203270
B1930174745361N11957846WA000000203162
B1930184745362N11957840WA000000203271
B1930194745362N11957834WA000000203491
B1930204745362N11957829WA000000203582
B1930214745363N11957822WA000000203688
B1930224745364N11957817WA000000203784
B1930234745365N11957811WA000000203784
B1930244745366N11957804WA000000203834
B1930254745366N11957798WA000000203851
B1930264745366N11957792WA000000203700
B1930274745365N11957786WA000000203941
B1930284745364N11957781WA000000204031
B1930294745363N11957775WA000000204209
B1930304745362N11957770WA000000204235
B1930314745361N11957764WA000000204155
B1930324745360N11957758WA000000203940
B1930334745359N11957751WA000000203844
B1930344745358N11957745WA000000204151
B1930354745358N11957739WA000000204289
B1930364745358N11957734WA000000204496
B1930374745359N11957730WA000000204533
B1930384745359N11957726WA000000204646
B1930394745359N11957723WA000000204624
B1930404745359N11957718WA000000204629
B1930414745358N11957712WA000000204585
B1930424745357N11957706WA000000203823
B1930434745354N11957700WA000000203555
B1930444745351N11957694WA000000203281
B1930454745348N11957687WA000000203109
B1930464745344N11957683WA000000202810
B1930474745340N11957678WA000000202763
B1930484745336N11957675WA000000202772
B1930494745333N11957670WA000000202529
B1930504745327N11957667WA000000202497
B1930514745323N11957663WA000000202485
B1930524745319N11957660WA000000202441
B1930534745314N11957657WA000000202390
LXCTACTIVITY OTHER 76
B1930544745310N11957653WA000000202268
B1930554745307N11957651WA000000202347
B1930564745304N11957649WA000000202047
B1930574745301N11957646WA000000201861
B1930584745298N11957641WA000000201494
B1930594745296N11957636WA000000200901
B1931004745293N11957629WA000000200464
B1931014745290N11957622WA000000200097
B1931024745288N11957616WA000000199525
B1931034745285N11957609WA000000199228
B1931044745282N11957603WA000000199041
B1931054745280N11957594WA000000198945
B1931064745278N11957586WA000000198333
B1931074745275N11957578WA000000197992
B1931084745274N11957569WA000000197570
B1931094745273N11957559WA000000197048
B1931104745272N11957550WA000000196559
B1931114745270N11957542WA000000196181
B1931124745268N11957533WA000000195769
B1931134745266N11957525WA000000195102
B1931144745262N11957516WA000000194583
B1931154745259N11957507WA000000193820
B1931164745255N11957497WA000000193132
B1931174745251N11957487WA000000192432
B1931184745247N11957476WA000000191625
B1931194745243N11957466WA000000190913
B1931204745239N11957455WA000000190413
B1931214745234N11957445WA000000190060
B1931224745229N11957436WA000000190182
B1931234745227N11957430WA000000190116
B1931244745223N11957426WA000000190364
B1931254745220N11957422WA000000190463
B1931264745217N11957418WA000000190566
B1931274745213N11957412WA000000190689
B1931284745210N11957407WA000000190561
B1931294745206N11957399WA000000190554
B1931304745202N11957392WA000000190593
B1931314745199N11957385WA000000190885
B1931324745196N11957380WA000000190922
B1931334745192N11957376WA000000191171
B1931344745189N11957372WA000000191220
B1931354745185N11957366WA000000191379
B1931364745181N11957361WA000000191172
B1931374745178N11957355WA000000191117
B1931384745174N11957349WA000000191259
B1931394745171N11957344WA000000191316
B1931404745169N11957339WA000000191468
B1931414745167N11957335WA000000191634
B1931424745165N11957331WA000000191873
B1931434745163N11957326WA000000192090
B1931444745162N11957322WA000000192006
B1931454745158N11957316WA000000192195
B1931464745156N11957309WA000000192358
B1931474745155N11957302WA000000192500
B1931484745153N11957295WA000000192943
B1931494745151N11957289WA000000193372
B1931504745151N11957282WA000000193519
B1931514745150N11957277WA000000193614
B1931524745148N11957272WA000000193853
B1931534745147N11957266WA000000194025
B1931544745146N11957261WA000000194108
B1931554745145N11957256WA000000194449
B1931564745144N11957252WA000000194795
B1931574745145N11957247WA000000194817
B1931584745145N11957242WA000000194817
B1931594745144N11957239WA000000194785
B1932004745145N11957236WA000000194717
B1932014745144N11957233WA000000194521
B1932024745142N11957230WA000000194541
B1932034745140N11957227WA000000194438
B1932044745138N11957226WA000000194543
B1932054745136N11957226WA000000194642
B1932064745134N11957225WA000000194799
B1932074745134N11957224WA000000194615
B1932084745133N11957221WA000000194598
B1932094745134N11957218WA000000194204
B1932104745132N11957214WA000000193912
B1932114745129N11957207WA000000193485
B1932124745127N11957201WA000000193052
B1932134745125N11957194WA000000192751
B1932144745124N11957186WA000000192629
LXCTACTIVITY STILL 55
B1932154745122N11957181WA000000192686
B1932164745121N11957176WA000000192656
B1932174745121N11957171WA000000192621
B1932184745119N11957166WA000000192691
B1932194745119N11957161WA000000192411
B1932204745117N11957154WA000000192298
B1932214745116N11957149WA000000192060
B1932224745115N11957142WA000000192037
B1932234745113N11957136WA000000191982
B1932244745113N11957129WA000000191808
B1932254745111N11957123WA000000191592
B1932264745109N11957116WA000000191334
B1932274745106N11957109WA000000191096
B1932284745102N11957104WA000000190890
B1932294745100N11957100WA000000190766
B1932304745099N11957097WA000000190701
B1932314745098N11957092WA000000190441
B1932324745098N11957086WA000000189810
B1932334745096N11957079WA000000189339
B1932344745093N11957075WA000000188878
B1932354745090N11957073WA000000188634
B1932364745087N11957072WA000000188571
B1932374745084N11957069WA000000188498
B1932384745081N11957067WA000000188593
B1932394745078N11957063WA000000187949
B1932404745073N11957059WA000000187434
B1932414745068N11957054WA000000186855
B1932424745062N11957049WA000000186384
B1932434745057N11957043WA000000186065
B1932444745052N11957037WA000000185646
B1932454745047N11957032WA000000185375
B1932464745043N11957026WA000000184971
B1932474745039N11957019WA000000184896
B1932484745035N11957013WA000000184597
B1932494745030N11957007WA000000184179
B1932504745024N11957002WA000000183864
B1932514745019N11956995WA000000183304
B1932524745013N11956988WA000000182937
B1932534745007N11956980WA000000182684
B1932544745002N11956972WA000000182180
B1932554744998N11956962WA000000181939
B1932564744993N11956953WA000000181454
B1932574744988N11956943WA000000180956
B1932584744984N11956933WA000000180418
B1932594744979N11956923WA000000180068
B1933004744975N11956914WA000000179761
B1933014744971N11956904WA000000179572
B1933024744968N11956894WA000000179308
B1933034744964N11956884WA000000179057
B1933044744961N11956874WA000000178613
B1933054744957N11956864WA000000178362
B1933064744953N11956854WA000000177840
B1933074744948N11956843WA000000177488
B1933084744944N11956833WA000000177105
B1933094744939N11956823WA000000176873
B1933104744935N11956813WA000000176639
B1933114744932N11956804WA000000176450
B1933124744929N11956794WA000000176553
B1933134744927N11956785WA000000176559
B1933144744925N11956777WA000000176461
B1933154744923N11956767WA000000176389
B1933164744922N11956758WA000000176212
B1933174744920N11956747WA000000176143
B1933184744917N11956736WA000000175894
B1933194744915N11956725WA000000175767
B1933204744913N11956714WA000000175609
B1933214744910N11956704WA000000175614
B1933224744907N11956693WA000000175559
B1933234744905N11956683WA000000175450
B1933244744903N11956672WA000000175211
B1933254744899N11956662WA000000175394
B1933264744897N11956653WA000000175452
B1933274744900N11956648WA000000175621
B1933284744902N11956643WA000000176399
B1933294744905N11956640WA000000176901
B1933304744907N11956633WA000000177435
B1933314744908N11956628WA000000177679
B1933324744908N11956622WA000000177768
B1933334744908N11956616WA000000178093
B1933344744910N11956608WA000000178106
B1933354744912N11956600WA000000178771
B1933364744916N11956592WA000000179150
B1933374744925N11956587WA000000179473
B1933384744935N11956585WA000000176512
B1933394744944N11956586WA000000177728
B1933404744953N11956590WA000000178803
B1933414744959N11956597WA000000179340
B1933424744963N11956604WA000000179897
B1933434744966N11956612WA000000180267
B1933444744966N11956620WA000000180581
B1933454744965N11956625WA000000186160
B1933464744963N11956627WA000000184780
B1933474744962N11956627WA000000184265
B1933484744961N11956626WA000000184039
B1933494744960N11956626WA000000184107
B1933504744959N11956627WA000000184323
B1933514744958N11956627WA000000184588
B1933524744958N11956628WA000000184743
B1933534744957N11956628WA000000185059
B1933544744956N11956628WA000000185325
B1933554744955N11956626WA000000185519
B1933564744954N11956621WA000000185942
B1933574744954N11956618WA000000185901
B1933584744953N11956613WA000000186188
B1933594744954N11956609WA000000186240
B1934004744954N11956603WA000000186345
B1934014744954N11956598WA000000186422
B1934024744954N11956592WA000000186715
B1934034744953N11956587WA000000186962
B1934044744953N11956582WA000000187170
B1934054744953N11956576WA000000187446
B1934064744954N11956569WA000000187715
B1934074744954N11956563WA000000188040
B1934084744955N11956556WA000000188316
B1934094744955N11956550WA000000188620
B1934104744955N11956544WA000000188942
B1934114744955N11956538WA000000189156
B1934124744955N11956534WA000000189665
B1934134744955N11956530WA000000164647
B1934144744955N11956526WA000000175148
B1934154744955N11956523WA000000180631
B1934164744955N11956518WA000000184747
B1934174744956N11956513WA000000186333
B1934184744958N11956506WA000000187159
B1934194744963N11956501WA000000187433
B1934204744969N11956496WA000000187680
B1934214744977N11956494WA000000188370
B1934224744986N11956495WA000000189197
B1934234744995N11956502WA000000189519
B1934244745001N11956510WA000000190698
B1934254745007N11956519WA000000191206
B1934264745010N11956527WA000000193479
B1934274745013N11956535WA000000193566
B1934284745016N11956543WA000000193733
B1934294745017N11956551WA000000193980
B1934304745018N11956558WA000000194075
B1934314745018N11956565WA000000194377
B1934324745017N11956572WA000000194494
B1934334745016N11956578WA000000194592
B1934344745015N11956583WA000000194881
B1934354745014N11956588WA000000195156
B1934364745013N11956592WA000000195443
B1934374745012N11956594WA000000195728
B1934384745010N11956596WA000000196063
B1934394745008N11956595WA000000196397
B1934404745007N11956593WA000000196581
B1934414745006N11956590WA000000196851
B1934424745006N11956586WA000000197033
B1934434745008N11956580WA000000197124
B1934444745011N11956574WA000000197454
B1934454745014N11956568WA000000197584
B1934464745019N11956562WA000000197627
B1934474745025N11956558WA000000176068
B1934484745032N11956555WA000000184221
B1934494745040N11956553WA000000188400
B1934504745047N11956551WA000000188399
B1934514745056N11956552WA000000191517
B1934524745065N11956555WA000000193830
B1934534745074N11956559WA000000195027
B1934544745082N11956565WA000000195934
B1934554745088N11956573WA000000196623
B1934564745092N11956582WA000000197337
B1934574745095N11956593WA000000198050
B1934584745097N11956603WA000000198930
B1934594745098N11956612WA000000199620
B1935004745098N11956620WA000000200252
B1935014745097N11956626WA000000200755
B1935024745095N11956629WA000000201169
B1935034745093N11956630WA000000201339
B1935044745090N11956630WA000000201595
B1935054745089N11956629WA000000201804
B1935064745088N11956627WA000000202159
B1935074745088N11956626WA000000202550
B1935084745089N11956624WA000000202920
B1935094745090N11956621WA000000203200
B1935104745090N11956617WA000000203381
B1935114745092N11956611WA000000203307
B1935124745093N11956606WA000000203444
B1935134745095N11956601WA000000203693
B1935144745098N11956595WA000000203669
B1935154745102N11956589WA000000203819
B1935164745107N11956585WA000000203813
B1935174745112N11956579WA000000203884
B1935184745117N11956574WA000000203960
B1935194745124N11956568WA000000204269
B1935204745132N11956564WA000000204397
B1935214745142N11956561WA000000204548
B1935224745151N11956560WA000000204789
B1935234745160N11956563WA000000205059
B1935244745168N11956568WA000000205392
B1935254745176N11956574WA000000205643
B1935264745183N11956582WA000000205805
B1935274745187N11956591WA000000206185
B1935284745191N11956600WA000000206366
B1935294745193N11956610WA000000206611
B1935304745193N11956618WA000000206829
B1935314745191N11956624WA000000206899
B1935324745190N11956630WA000000207256
B1935334745188N11956633WA000000207482
B1935344745187N11956633WA000000207649
B1935354745185N11956633WA000000207892
B1935364745184N11956630WA000000208169
B1935374745184N11956626WA000000208347
B1935384745186N11956621WA000000208506
B1935394745188N11956615WA000000208731
B1935404745191N11956607WA000000208884
B1935414745196N11956600WA000000208998
B1935424745202N11956594WA000000209345
B1935434745209N11956589WA000000209556
B1935444745217N11956586WA000000209879
B1935454745226N11956586WA000000210047
B1935464745234N11956588WA000000210283
B1935474745242N11956592WA000000210592
B1935484745250N11956598WA000000210550
B1935494745257N11956606WA000000210710
B1935504745262N11956615WA000000210860
B1935514745266N11956626WA000000211021
B1935524745268N11956635WA000000211082
B1935534745270N11956643WA000000211119
B1935544745270N11956651WA000000211320
B1935554745269N11956657WA000000211513
B1935564745267N11956661WA000000211661
B1935574745265N11956662WA000000211897
B1935584745264N11956660WA000000212019
B1935594745262N11956657WA000000212397
B1936004745263N11956652WA000000212541
B1936014745265N11956643WA000000212858
B1936024745267N11956636WA000000213081
B1936034745273N11956629WA000000213107
B1936044745279N11956623WA000000213447
B1936054745287N11956619WA000000213503
B1936064745296N11956618WA000000213547
B1936074745305N11956621WA000000213586
B1936084745314N11956627WA000000213921
B1936094745319N11956635WA000000214198
B1936104745324N11956645WA000000214232
B1936114745326N11956655WA000000214484
B1936124745327N11956664WA000000214486
B1936134745327N11956672WA000000214572
B1936144745326N11956678WA000000214840
B1936154745324N11956682WA000000215042
B1936164745322N11956684WA000000215234
B1936174745320N11956684WA000000215318
B1936184745318N11956683WA000000215629
B1936194745316N11956680WA000000215989
B1936204745316N11956675WA000000216288
B1936214745317N11956670WA000000216566
B1936224745321N11956663WA000000216826
B1936234745325N11956657WA000000217025
B1936244745330N11956650WA000000217258
B1936254745336N11956645WA000000217465
B1936264745343N11956642WA000000217658
B1936274745351N11956641WA000000217899
B1936284745360N11956643WA000000217798
B1936294745370N11956647WA000000217802
B1936304745377N11956652WA000000217988
B1936314745384N11956659WA000000218171
B1936324745389N11956668WA000000218172
B1936334745392N11956678WA000000218194
B1936344745395N11956688WA000000218116
B1936354745395N11956698WA000000218243
B1936364745394N11956706WA000000218467
B1936374745393N11956714WA000000218621
B1936384745391N11956719WA000000218717
B1936394745389N11956723WA000000218836
B1936404745387N11956724WA000000219044
B1936414745386N11956723WA000000219389
B1936424745386N11956719WA000000219682
B1936434745387N11956713WA000000219614
B1936444745387N11956706WA000000208794
B1936454745389N11956698WA000000213244
B1936464745390N11956690WA000000215186
B1936474745392N11956683WA000000216604
B1936484745393N11956677WA000000217611
B1936494745392N11956671WA000000218167
B1936504745393N11956667WA000000218515
B1936514745392N11956663WA000000219342
B1936524745391N11956657WA000000219677
B1936534745389N11956652WA000000219670
B1936544745389N11956645WA000000219654
B1936554745389N11956639WA000000219703
B1936564745389N11956632WA000000219956
B1936574745390N11956625WA000000220026
B1936584745390N11956617WA000000219977
B1936594745392N11956608WA000000219805
B1937004745393N11956599WA000000219720
B1937014745394N11956589WA000000219689
B1937024745396N11956580WA000000219501
B1937034745397N11956570WA000000219484
B1937044745399N11956559WA000000219229
B1937054745401N11956549WA000000219100
B1937064745403N11956538WA000000219015
B1937074745405N11956527WA000000219054
B1937084745408N11956516WA000000218806
B1937094745410N11956505WA000000218868
B1937104745414N11956494WA000000218820
B1937114745417N11956483WA000000218614
B1937124745419N11956472WA000000218599
B1937134745423N11956461WA000000218315
B1937144745424N11956451WA000000218170
B1937154745425N11956441WA000000218253
B1937164745426N11956431WA000000218307
B1937174745426N11956422WA000000218495
B1937184745428N11956413WA000000218643
B1937194745429N11956405WA000000218861
B1937204745431N11956397WA000000219026
B1937214745433N11956392WA000000219341
B1937224745436N11956387WA000000219719
B1937234745438N11956384WA000000219985
B1937244745441N11956379WA000000220037
B1937254745442N11956373WA000000219848
B1937264745442N11956366WA000000219744
B1937274745441N11956359WA000000219861
B1937284745440N11956353WA000000219993
B1937294745440N11956348WA000000220235
B1937304745440N11956345WA000000220740
B1937314745441N11956341WA000000221134
B1937324745441N11956337WA000000221195
B1937334745443N11956333WA000000221103
B1937344745444N11956329WA000000221431
B1937354745445N11956324WA000000221986
B1937364745447N11956319WA000000222389
B1937374745449N11956315WA000000222650
B1937384745450N11956309WA000000222967
B1937394745451N11956305WA000000223255
B1937404745452N11956301WA000000223973
B1937414745453N11956298WA000000224382
B1937424745455N11956295WA000000224867
B1937434745458N11956293WA000000225309
B1937444745459N11956291WA000000225558
B1937454745460N11956289WA000000225806
B1937464745459N11956287WA000000226149
B1937474745455N11956291WA000000226386
B1937484745452N11956295WA000000226430
B1937494745450N11956309WA000000226421
B1937504745450N11956322WA000000226612
B1937514745454N11956336WA000000226733
B1937524745459N11956348WA000000227236
B1937534745465N11956360WA000000227645
B1937554745480N11956378WA000000218323
B1937564745488N11956385WA000000214039
B1937574745499N11956388WA000000219083
B1937584745508N11956391WA000000221485
B1937594745517N11956392WA000000222852
B1938004745522N11956382WA000000223943
B1938024745530N11956369WA000000225691
B1938034745531N11956362WA000000209881
B1938044745531N11956357WA000000215994
B1938054745530N11956354WA000000220504
B1938064745526N11956356WA000000223508
B1938074745522N11956360WA000000226069
B1938084745520N11956368WA000000214394
B1938094745519N11956376WA000000221098
B1938104745523N11956389WA000000224090
B1938114745527N11956401WA000000227241
B1938124745531N11956411WA000000228698
B1938134745541N11956420WA000000229153
B1938144745549N11956427WA000000230884
B1938154745558N11956431WA000000231678
B1938164745567N11956433WA000000232466
B1938174745574N11956433WA000000233177
B1938184745581N11956431WA000000233908
B1938194745587N11956428WA000000234406
B1938204745592N11956424WA000000234675
B1938214745593N11956418WA000000216386
B1938224745596N11956412WA000000227808
B1938234745596N11956408WA000000231482
B1938244745594N11956406WA000000232846
B1938254745590N11956408WA000000233891
B1938264745587N11956412WA000000234879
B1938274745585N11956420WA000000236186
B1938284745585N11956431WA000000236960
B1938294745587N11956442WA000000237367
B1938304745592N11956453WA000000219637
B1938314745598N11956463WA000000227552
B1938324745606N11956469WA000000232049
B1938334745614N11956473WA000000234379
B1938344745623N11956476WA000000221201
B1938354745630N11956475WA000000229193
B1938364745638N11956474WA000000233260
B1938374745643N11956467WA000000234426
B1938384745647N11956462WA000000236636
B1938394745650N11956458WA000000238192
B1938404745651N11956453WA000000238197
B1938414745652N11956449WA000000239135
B1938424745651N11956446WA000000239700
B1938434745648N11956442WA000000240296
B1938444745646N11956441WA000000241014
B1938454745643N11956443WA000000241621
B1938464745640N11956447WA000000242066
B1938474745638N11956455WA000000242358
B1938484745638N11956466WA000000242726
B1938494745640N11956477WA000000243008
B1938504745643N11956489WA000000243195
B1938514745649N11956499WA000000243596
B1938524745657N11956507WA000000243814
B1938534745665N11956514WA000000243972
B1938544745674N11956516WA000000244141
LXCTACTIVITY OTHER 83
B1938554745683N11956517WA000000244444
B1938564745690N11956512WA000000244599
B1938574745696N11956508WA000000234986
B1938584745701N11956503WA000000239240
B1938594745704N11956497WA000000241423
B1939004745706N11956491WA000000242947
B1939014745708N11956486WA000000243926
B1939024745709N11956481WA000000235153
B1939034745710N11956476WA000000239541
B1939044745710N11956471WA000000242229
B1939054745707N11956471WA000000243325
B1939064745703N11956473WA000000244989
B1939074745700N11956478WA000000245954
B1939084745699N11956487WA000000246545
B1939094745698N11956495WA000000237471
B1939104745704N11956507WA000000245339
LXCTACTIVITY STILL 52
B1939114745710N11956517WA000000246697
B1939124745717N11956525WA000000247469
B1939134745727N11956528WA000000247935
B1939154745743N11956529WA000000248448
B1939164745749N11956525WA000000232297
B1939174745756N11956523WA000000238223
B1939184745760N11956518WA000000241888
B1939194745764N11956513WA000000244061
B1939204745767N11956508WA000000245920
B1939214745769N11956502WA000000247337
B1939224745769N11956499WA000000247992
B1939234745769N11956497WA000000248522
B1939244745767N11956497WA000000225836
B1939254745764N11956499WA000000237655
B1939264745762N11956501WA000000243045
B1939274745760N11956508WA000000245914
B1939284745758N11956515WA000000248536
B1939294745757N11956525WA000000249985
B1939304745758N11956535WA000000241704
B1939314745760N11956545WA000000246125
B1939324745764N11956555WA000000248649
B1939334745770N11956564WA000000250344
B1939344745777N11956571WA000000251663
B1939354745785N11956576WA000000252560
B1939364745794N11956576WA000000252893
B1939374745803N11956574WA000000253137
B1939384745809N11956568WA000000253306
B1939394745813N11956561WA000000253817
B1939404745815N11956555WA000000254327
B1939414745815N11956551WA000000254795
B1939424745815N11956548WA000000255094
B1939434745815N11956544WA000000238758
B1939444745814N11956541WA000000245389
B1939454745813N11956538WA000000249177
B1939464745812N11956535WA000000251343
B1939474745811N11956532WA000000252823
B1939484745810N11956529WA000000254037
B1939494745809N11956527WA000000254953
B1939504745808N11956525WA000000255662
B1939514745807N11956523WA000000256180
B1939524745807N11956521WA000000256403
B1939534745805N11956519WA000000256682
B1939544745804N11956516WA000000256917
B1939554745802N11956513WA000000257338
B1939564745800N11956511WA000000257650
B1939574745798N11956508WA000000257789
B1939584745797N11956507WA000000258031
B1939594745795N11956504WA000000258289
B1940004745794N11956502WA000000258421
B1940014745792N11956497WA000000258387
B1940024745790N11956494WA000000258353
B1940034745787N11956490WA000000258357
B1940044745784N11956488WA000000258359
B1940054745781N11956487WA000000258485
B1940064745779N11956486WA000000258728
B1940074745777N11956486WA000000258801
B1940084745773N11956485WA000000258945
B1940094745769N11956484WA000000258803
B1940104745764N11956482WA000000258743
B1940114745759N11956480WA000000258881
B1940124745756N11956476WA000000258701
B1940134745752N11956473WA000000259348
B1940144745748N11956472WA000000259580
LXCTACTIVITY OTHER 80
B1940154745745N11956470WA000000259540
B1940164745741N11956467WA000000259550
B1940174745737N11956463WA000000259527
B1940184745733N11956460WA000000259507
B1940194745728N11956455WA000000259555
B1940204745724N11956452WA000000259853
B1940214745721N11956449WA000000260033
B1940224745718N11956447WA000000260241
B1940234745715N11956444WA000000260329
B1940244745712N11956441WA000000260407
B1940254745708N11956439WA000000260531
B1940264745705N11956434WA000000260549
B1940274745702N11956430WA000000260667
B1940284745699N11956427WA000000260983
B1940294745697N11956424WA000000261112
B1940304745694N11956420WA000000261276
B1940314745691N11956416WA000000261385
B1940324745688N11956412WA000000261380
B1940334745685N11956407WA000000261208
B1940344745681N11956403WA000000261252
B1940354745678N11956398WA000000251924
B1940364745675N11956394WA000000255639
B1940374745672N11956390WA000000257641
B1940384745669N11956386WA000000258986
B1940394745667N11956381WA000000259719
B1940404745664N11956378WA000000260320
B1940414745661N11956373WA000000260611
B1940424745658N11956369WA000000261021
B1940434745655N11956365WA000000261164
B1940444745653N11956361WA000000261505
B1940454745650N11956357WA000000261510
B1940464745647N11956352WA000000261605
B1940474745642N11956347WA000000261782
B1940484745638N11956342WA000000261751
B1940494745634N11956337WA000000261815
B1940504745630N11956332WA000000261902
B1940514745626N11956328WA000000262131
B1940524745622N11956324WA000000262399
B1940534745618N11956321WA000000262481
B1940544745615N11956315WA000000262327
B1940554745610N11956311WA000000262271
B1940564745606N11956305WA000000262259
B1940574745602N11956300WA000000262339
B1940584745599N11956295WA000000262445
B1940594745596N11956291WA000000262489
B1941004745594N11956287WA000000262727
B1941014745591N11956282WA000000262765
B1941024745588N11956276WA000000262644
B1941034745585N11956271WA000000262631
LXCTACTIVITY STILL 48
B1941044745582N11956266WA000000262728
B1941054745578N11956262WA000000262799
B1941064745575N11956258WA000000262849
B1941074745572N11956253WA000000262704
B1941084745569N11956246WA000000262581
B1941094745568N11956237WA000000262239
B1941104745567N11956228WA000000261975
B1941114745568N11956218WA000000261709
B1941124745568N11956210WA000000261645
B1941134745569N11956202WA000000261607
B1941144745568N11956194WA000000261689
B1941154745570N11956187WA000000261500
B1941164745570N11956178WA000000261448
B1941174745570N11956169WA000000261429
B1941184745570N11956161WA000000261025
B1941194745570N11956152WA000000260839
LXCTACTIVITY OTHER 82
B1941204745571N11956144WA000000260774
B1941214745572N11956136WA000000260756
B1941224745574N11956128WA000000260729
B1941234745574N11956121WA000000260586
B1941244745575N11956113WA000000260547
B1941254745576N11956104WA000000260676
B1941264745577N11956096WA000000260495
B1941274745578N11956087WA000000260299
B1941284745580N11956079WA000000259917
B1941294745581N11956069WA000000259687
B1941304745583N11956060WA000000259463
B1941314745585N11956050WA000000259444
B1941324745586N11956043WA000000259363
B1941334745587N11956036WA000000259366
B1941344745588N11956030WA000000259261
B1941354745589N11956023WA000000259191
B1941364745591N11956016WA000000258801
B1941374745591N11956008WA000000258586
B1941384745592N11955999WA000000245149
B1941394745592N11955991WA000000250162
B1941404745593N11955982WA000000252726
B1941414745593N11955974WA000000254260
B1941424745593N11955966WA000000255180
B1941434745594N11955957WA000000255623
B1941444745594N11955948WA000000255899
B1941454745595N11955940WA000000256185
B1941464745596N11955932WA000000256177
B1941474745597N11955924WA000000256062
B1941484745598N11955915WA000000255974
B1941494745599N11955906WA000000255978
B1941504745600N11955897WA000000255769
B1941514745601N11955889WA000000255502
LXCTACTIVITY STILL 51
B1941524745602N11955880WA000000255504
B1941534745603N11955871WA000000255303
B1941544745604N11955861WA000000255347
B1941554745605N11955853WA000000255134
B1941564745606N11955844WA000000255057
B1941574745608N11955836WA000000254913
B1941584745610N11955826WA000000254818
B1941594745610N11955818WA000000254680
B1942004745612N11955808WA000000254304
B1942014745613N11955798WA000000254209
B1942024745613N11955790WA000000250565
B1942034745614N11955781WA000000252049
B1942044745614N11955773WA000000252881
B1942054745616N11955764WA000000253004
B1942064745617N11955754WA000000253174
B1942074745619N11955744WA000000253177
B1942084745622N11955736WA000000253070
B1942094745625N11955727WA000000253143
B1942104745627N11955717WA000000253086
B1942114745629N11955708WA000000253178
B1942124745631N11955700WA000000253142
B1942134745632N11955691WA000000253187
B1942144745634N11955682WA000000253017
B1942154745635N11955674WA000000252732
B1942164745637N11955665WA000000252611
B1942174745638N11955656WA000000252426
B1942184745639N11955647WA000000252336
B1942194745641N11955638WA000000252104
B1942204745642N11955629WA000000251926
B1942214745643N11955620WA000000251892
B1942224745645N11955611WA000000251820
B1942234745647N11955602WA000000251711
B1942244745648N11955593WA000000251646
B1942254745649N11955585WA000000251709
B1942264745649N11955578WA000000251662
B1942274745650N11955570WA000000251628
B1942284745649N11955563WA000000251545
B1942294745648N11955556WA000000251352
B1942304745646N11955549WA000000251081
B1942314745645N11955541WA000000250934
B1942324745643N11955534WA000000250733
B1942334745640N11955527WA000000250781
B1942344745638N11955521WA000000250645
B1942354745636N11955515WA000000250414
B1942364745633N11955509WA000000250267
B1942374745631N11955503WA000000249968
B1942384745629N11955497WA000000249785
B1942394745627N11955491WA000000249393
B1942404745624N11955484WA000000248843
B1942414745620N11955476WA000000248493
B1942424745617N11955468WA000000247955
B1942434745614N11955460WA000000247647
B1942444745611N11955452WA000000247378
B1942454745609N11955445WA000000247137
B1942464745606N11955439WA000000246956
B1942474745603N11955433WA000000246737
B1942484745600N11955427WA000000246505
B1942494745596N11955421WA000000249129
B1942504745592N11955416WA000000247876
B1942514745589N11955411WA000000247041
B1942524745585N11955405WA000000246528
B1942534745580N11955400WA000000246190
B1942544745577N11955393WA000000245929
B1942554745572N11955387WA000000245595
B1942564745569N11955380WA000000245107
B1942574745565N11955374WA000000244962
B1942584745562N11955367WA000000244706
B1942594745559N11955360WA000000244636
B1943004745555N11955354WA000000244374
B1943014745552N11955347WA000000243938
B1943024745548N11955340WA000000243316
B1943034745544N11955333WA000000242800
B1943044745540N11955324WA000000242329
B1943054745535N11955316WA000000242088
B1943064745531N11955309WA000000241770
B1943074745527N11955301WA000000241594
B1943084745526N11955294WA000000241316
B1943094745523N11955287WA000000241087
B1943104745521N11955280WA000000240994
B1943114745520N11955273WA000000240607
B1943124745518N11955267WA000000240432
B1943134745515N11955260WA000000240159
B1943144745512N11955253WA000000239778
B1943154745509N11955248WA000000239262
B1943164745506N11955242WA000000240922
B1943174745502N11955235WA000000240199
B1943184745499N11955229WA000000239091
B1943194745496N11955221WA000000238396
B1943204745493N11955214WA000000237764
B1943214745491N11955206WA000000237378
B1943224745488N11955199WA000000236773
B1943234745485N11955192WA000000236390
B1943244745482N11955185WA000000235998
B1943254745479N11955179WA000000235242
B1943264745476N11955173WA000000234912
B1943274745472N11955167WA000000234590
B1943284745469N11955161WA000000234323
B1943294745465N11955155WA000000234075
B1943304745462N11955149WA000000233802
B1943314745458N11955144WA000000233651
B1943324745455N11955138WA000000233235
B1943334745451N11955132WA000000232858
B1943344745448N11955126WA000000232326
B1943354745444N11955121WA000000231931
B1943364745440N11955114WA000000231673
B1943374745436N11955108WA000000231174
B1943384745432N11955101WA000000230768
B1943394745428N11955094WA000000239579
B1943404745424N11955088WA000000235282
B1943414745420N11955080WA000000232876
B1943424745416N11955073WA000000231584
B1943434745413N11955066WA000000230503
B1943444745409N11955058WA000000229739
B1943454745405N11955051WA000000229155
B1943464745401N11955044WA000000228701
B1943474745397N11955036WA000000228505
B1943484745394N11955033WA000000228503
B1943494745392N11955030WA000000229068
B1943504745392N11955029WA000000229661
B1943514745392N11955027WA000000229875
B1943524745391N11955026WA000000229895
B1943534745390N11955024WA000000229740
B1943544745388N11955021WA000000229401
B1943554745385N11955016WA000000229378
B1943564745384N11955012WA000000229309
B1943574745382N11955009WA000000229685
B1943584745382N11955006WA000000229935
B1943594745382N11955004WA000000230071
B1944004745382N11955002WA000000229832
B1944014745379N11955000WA000000229696
B1944024745375N11954999WA000000229305
B1944034745370N11954999WA000000228980
B1944044745365N11954999WA000000229091
B1944054745363N11955000WA000000229032
B1944064745361N11955001WA000000229468
B1944074745359N11955002WA000000229796
B1944084745357N11955004WA000000229898
B1944094745354N11955006WA000000229873
B1944104745351N11955007WA000000229950
B1944114745348N11955007WA000000230167
B1944124745345N11955007WA000000230389
B1944134745344N11955007WA000000230625
B1944144745343N11955006WA000000231009
B1944154745341N11955005WA000000231364
LXCTACTIVITY OTHER 87
B1944164745340N11955004WA000000231515
B1944174745338N11955003WA000000231975
B1944184745337N11955002WA000000232054
B1944194745336N11955001WA000000232292
B1944204745336N11954999WA000000232777
B1944214745336N11954997WA000000233175
B1944224745340N11954993WA000000233573
B1944234745345N11954989WA000000233715
B1944244745351N11954985WA000000233836
B1944254745359N11954983WA000000233939
B1944264745367N11954985WA000000234293
B1944274745375N11954990WA000000234478
B1944284745380N11955002WA000000234662
B1944294745383N11955015WA000000234694
B1944304745384N11955027WA000000234787
B1944314745383N11955038WA000000234980
B1944324745382N11955046WA000000235312
B1944334745379N11955051WA000000235533
B1944344745377N11955054WA000000235912
B1944354745375N11955054WA000000236248
B1944364745374N11955054WA000000236323
B1944374745374N11955051WA000000236466
B1944384745375N11955049WA000000236760
B1944394745377N11955046WA000000236933
B1944404745380N11955043WA000000237173
B1944414745385N11955040WA000000237330
B1944424745392N11955038WA000000237408
B1944434745399N11955038WA000000237383
B1944444745408N11955040WA000000237318
B1944454745416N11955046WA000000237461
B1944464745423N11955053WA000000237776
B1944474745428N11955063WA000000238079
B1944484745431N11955075WA000000238275
B1944494745433N11955087WA000000238413
B1944504745432N11955098WA000000238583
B1944514745431N11955106WA000000238819
B1944524745429N11955114WA000000239119
B1944534745426N11955120WA000000239466
B1944544745424N11955124WA000000239626
B1944554745422N11955126WA000000239824
B1944564745420N11955124WA000000240069
B1944574745420N11955121WA000000240236
B1944584745422N11955117WA000000240354
B1944594745425N11955113WA000000240697
B1945004745432N11955110WA000000240625
B1945014745439N11955109WA000000240843
B1945024745447N11955110WA000000240916
B1945034745455N11955115WA000000240927
B1945044745463N11955122WA000000240906
B1945054745470N11955130WA000000241098
B1945064745478N11955140WA000000241330
B1945074745483N11955150WA000000243435
B1945084745486N11955161WA000000242979
B1945094745488N11955173WA000000242714
B1945104745488N11955184WA000000242613
B1945114745488N11955194WA000000242715
B1945124745488N11955204WA000000242952
B1945134745488N11955214WA000000243122
B1945144745487N11955223WA000000243446
B1945154745486N11955232WA000000243683
B1945164745485N11955240WA000000243816
B1945174745483N11955248WA000000244274
B1945184745483N11955256WA000000244732
B1945194745482N11955263WA000000245117
B1945204745481N11955270WA000000245508
B1945214745479N11955277WA000000245936
B1945224745477N11955284WA000000246394
B1945234745476N11955290WA000000246629
B1945244745474N11955297WA000000246946
B1945254745473N11955306WA000000247356
B1945264745474N11955317WA000000247685
B1945274745478N11955329WA000000247876
B1945284745486N11955339WA000000247952
B1945294745496N11955343WA000000248126
B1945304745505N11955345WA000000248429
B1945314745514N11955345WA000000248743
B1945324745517N11955334WA000000248830
B1945334745520N11955327WA000000249143
B1945344745520N11955322WA000000249695
B1945364745518N11955318WA000000171893
B1945374745515N11955320WA000000217694
B1945384745512N11955324WA000000230582
B1945394745510N11955330WA000000237204
B1945404745508N11955339WA000000241607
B1945414745507N11955350WA000000243959
B1945424745509N11955362WA000000245662
B1945434745512N11955372WA000000247069
B1945444745519N11955382WA000000247072
B1945454745526N11955388WA000000248883
B1945464745534N11955392WA000000250060
B1945474745542N11955392WA000000250848
B1945484745549N11955391WA000000251561
B1945494745555N11955386WA000000252089
B1945504745560N11955381WA000000252555
B1945514745563N11955375WA000000252963
B1945524745565N11955369WA000000253409
B1945534745564N11955366WA000000254060
B1945544745563N11955363WA000000254406
B1945554745560N11955363WA000000254812
B1945564745557N11955365WA000000255210
B1945574745553N11955371WA000000255435
B1945584745550N11955379WA000000255575
B1945594745549N11955389WA000000255823
B1946004745549N11955400WA000000256106
B1946014745550N11955410WA000000246049
B1946024745554N11955422WA000000250317
B1946034745558N11955432WA000000252837
B1946044745562N11955442WA000000254493
B1946054745568N11955451WA000000255500
B1946064745574N11955459WA000000256480
B1946074745581N11955465WA000000257023
B1946084745588N11955469WA000000257464
B1946094745596N11955471WA000000258068
B1946104745604N11955471WA000000258764
B1946114745610N11955467WA000000259065
B1946124745614N11955460WA000000259338
B1946134745615N11955454WA000000259510
B1946144745613N11955449WA000000259859
B1946154745610N11955448WA000000260082
B1946164745608N11955447WA000000260222
B1946174745603N11955452WA000000260398
B1946184745600N11955460WA000000260746
B1946194745598N11955470WA000000260987
B1946204745598N11955481WA000000261019
B1946214745599N11955494WA000000261136
B1946224745602N11955506WA000000261228
B1946234745610N11955516WA000000261256
B1946244745619N11955524WA000000261391
B1946254745629N11955528WA000000261548
B1946264745637N11955528WA000000261889
B1946274745645N11955526WA000000262109
B1946284745650N11955523WA000000241333
B1946294745653N11955519WA000000250869
B1946304745655N11955516WA000000255776
B1946314745656N11955513WA000000258549
B1946324745655N11955510WA000000260106
B1946334745652N11955508WA000000261218
B1946344745649N11955507WA000000261938
B1946354745644N11955514WA000000262410
B1946364745641N11955523WA000000262733
B1946374745639N11955535WA000000262968
B1946384745640N11955550WA000000263111
B1946394745643N11955563WA000000263251
B1946404745649N11955574WA000000263478
B1946414745657N11955584WA000000263529
B1946424745666N11955593WA000000263630
B1946434745676N11955600WA000000263812
B1946444745685N11955606WA000000263955
B1946454745694N11955612WA000000264438
B1946464745702N11955617WA000000265136
B1946474745708N11955623WA000000265751
B1946484745715N11955626WA000000266271
B1946494745723N11955626WA000000266489
B1946504745730N11955624WA000000266676
B1946514745736N11955619WA000000266868
B1946524745738N11955614WA000000267173
B1946534745737N11955611WA000000267664
B1946544745735N11955612WA000000254835
B1946554745732N11955617WA000000260332
B1946564745729N11955625WA000000263088
B1946574745726N11955635WA000000264892
B1946584745729N11955647WA000000265423
B1946594745732N11955658WA000000266632
B1947004745737N11955668WA000000267768
B1947014745744N11955678WA000000268563
B1947024745752N11955684WA000000269106
B1947034745760N11955688WA000000269706
B1947044745768N11955689WA000000270012
B1947054745775N11955687WA000000270385
B1947064745782N11955683WA000000270636
B1947074745786N11955677WA000000270994
B1947084745788N11955670WA000000271387
B1947094745790N11955665WA000000271950
B1947104745788N11955662WA000000272250
B1947114745787N11955658WA000000272616
B1947124745787N11955654WA000000272911
B1947134745789N11955648WA000000273203
B1947144745792N11955642WA000000273453
B1947154745797N11955636WA000000273647
B1947164745803N11955632WA000000273817
B1947174745808N11955629WA000000274162
B1947184745813N11955627WA000000274571
B1947194745818N11955624WA000000274837
B1947204745822N11955621WA000000274996
B1947214745827N11955617WA000000274984
B1947224745833N11955610WA000000274832
B1947234745838N11955602WA000000274936
B1947244745843N11955595WA000000275008
B1947254745847N11955589WA000000275224
B1947264745852N11955589WA000000275363
B1947274745857N11955588WA000000275994
B1947284745863N11955588WA000000276173
B1947294745870N11955587WA000000276058
B1947304745878N11955586WA000000275887
B1947314745888N11955584WA000000275556
B1947324745899N11955582WA000000275318
B1947334745910N11955581WA000000275363
B1947344745921N11955581WA000000275611
B1947354745930N11955582WA000000275942
B1947364745939N11955583WA000000276321
B1947374745946N11955583WA000000276868
B1947384745953N11955584WA000000277108
LXCTACTIVITY STILL 77
B1947394745959N11955585WA000000277295
B1947404745968N11955585WA000000277161
B1947414745978N11955585WA000000276760
B1947424745989N11955584WA000000276113
B1947434746000N11955583WA000000275675
B1947444746013N11955583WA000000275130
B1947454746025N11955582WA000000275032
B1947464746036N11955581WA000000274934
B1947474746046N11955581WA000000274987
B1947484746056N11955581WA000000275090
B1947494746065N11955582WA000000275083
B1947504746075N11955582WA000000274923
B1947514746085N11955583WA000000274512
B1947524746095N11955584WA000000273944
B1947534746106N11955584WA000000273468
B1947544746118N11955586WA000000272950
B1947554746130N11955587WA000000272631
B1947564746141N11955589WA000000272433
B1947574746151N11955591WA000000272283
B1947584746162N11955592WA000000272058
B1947594746173N11955593WA000000271688
B1948004746185N11955594WA000000271158
B1948014746196N11955593WA000000270765
B1948024746208N11955592WA000000270485
B1948034746220N11955593WA000000270159
B1948044746231N11955592WA000000269939
B1948054746242N11955594WA000000269994
B1948064746254N11955595WA000000269810
B1948074746265N11955595WA000000269647
B1948084746276N11955595WA000000269679
B1948094746288N11955596WA000000269316
B1948104746300N11955597WA000000269025
B1948114746311N11955597WA000000268897
B1948124746323N11955598WA000000268566
B1948134746334N11955599WA000000268389
B1948144746345N11955601WA000000268277
B1948154746356N11955603WA000000268136
B1948164746366N11955605WA000000268086
B1948174746377N11955607WA000000267843
B1948184746387N11955609WA000000267784
B1948194746398N11955610WA000000267579
B1948204746409N11955612WA000000267363
B1948214746420N11955614WA000000267083
B1948224746431N11955616WA000000266862
B1948234746442N11955617WA000000266668
B1948244746453N11955619WA000000254228
B1948254746463N11955621WA000000258584
B1948264746474N11955623WA000000260802
B1948274746484N11955625WA000000262152
B1948284746495N11955626WA000000262834
B1948294746505N11955628WA000000263384
B1948304746516N11955630WA000000263527
B1948314746526N11955633WA000000263672
B1948324746537N11955636WA000000263792
B1948334746548N11955639WA000000263865
B1948344746558N11955643WA000000263799
B1948354746569N11955647WA000000263743
B1948364746579N11955651WA000000263693
B1948374746590N11955654WA000000263618
B1948384746600N11955658WA000000263455
B1948394746611N11955662WA000000263303
B1948404746621N11955666WA000000263345
B1948414746631N11955670WA000000263191
B1948424746642N11955673WA000000262970
B1948434746654N11955674WA000000262817
B1948444746664N11955675WA000000262679
B1948454746674N11955675WA000000262583
B1948464746684N11955672WA000000262459
B1948474746693N11955670WA000000262393
B1948484746703N11955666WA000000262127
B1948494746712N11955662WA000000261843
B1948504746721N11955657WA000000261576
B1948514746731N11955653WA000000261201
B1948524746740N11955647WA000000261049
B1948534746749N11955642WA000000260799
B1948544746759N11955638WA000000260402
B1948554746768N11955633WA000000260182
B1948564746778N11955629WA000000259982
B1948574746789N11955625WA000000259635
B1948584746799N11955621WA000000259476
B1948594746810N11955618WA000000259134
B1949004746820N11955613WA000000258993
B1949014746830N11955609WA000000258687
B1949024746840N11955605WA000000258451
B1949034746849N11955600WA000000258399
B1949044746859N11955595WA000000258029
B1949054746868N11955592WA000000257650
B1949064746878N11955587WA000000257266
B1949074746888N11955582WA000000256924
B1949084746898N11955575WA000000256408
B1949094746908N11955568WA000000256025
B1949104746918N11955561WA000000255805
B1949114746927N11955554WA000000255569
B1949124746937N11955549WA000000255345
B1949134746946N11955544WA000000255179
B1949144746956N11955540WA000000254833
B1949154746965N11955534WA000000254698
B1949164746975N11955528WA000000254418
B1949174746984N11955522WA000000254244
B1949184746993N11955515WA000000254035
B1949194747002N11955508WA000000253869
B1949204747011N11955501WA000000253725
B1949214747019N11955494WA000000253641
B1949224747027N11955487WA000000253561
B1949234747036N11955480WA000000253400
B1949244747044N11955473WA000000253335
B1949254747052N11955468WA000000253321
B1949264747060N11955462WA000000253039
B1949274747068N11955458WA000000252987
B1949284747077N11955453WA000000252896
B1949294747087N11955448WA000000252365
B1949304747097N11955442WA000000251902
B1949314747107N11955435WA000000251701
B1949324747117N11955428WA000000251441
B1949334747128N11955420WA000000251307
B1949344747137N11955413WA000000251071
B1949354747147N11955406WA000000251088
B1949364747157N11955401WA000000250907
B1949374747166N11955397WA000000250993
B1949384747176N11955394WA000000250905
B1949394747184N11955391WA000000250840
B1949404747192N11955387WA000000250674
B1949414747201N11955382WA000000250595
B1949424747210N11955377WA000000250491
B1949434747219N11955372WA000000250190
B1949444747229N11955365WA000000249819
B1949454747238N11955360WA000000249571
B1949464747248N11955354WA000000249297
B1949474747257N11955348WA000000249295
B1949484747267N11955342WA000000249132
B1949494747276N11955336WA000000248873
B1949504747285N11955330WA000000248823
B1949514747294N11955324WA000000248748
B1949524747304N11955318WA000000248503
B1949534747313N11955312WA000000248351
B1949544747323N11955305WA000000248327
B1949554747332N11955299WA000000248141
LXCTACTIVITY OTHER 85
B1949564747342N11955292WA000000248007
B1949574747350N11955285WA000000247992
B1949584747359N11955278WA000000247694
B1949594747369N11955271WA000000247418
B1950004747378N11955264WA000000247231
B1950014747387N11955256WA000000247003
B1950024747396N11955249WA000000246820
B1950034747405N11955241WA000000246772
B1950044747415N11955234WA000000246600
B1950054747424N11955225WA000000246406
B1950064747433N11955219WA000000246450
B1950074747442N11955211WA000000246242
B1950084747451N11955203WA000000246116
B1950094747459N11955196WA000000246097
B1950104747469N11955190WA000000245902
B1950114747477N11955183WA000000245882
B1950124747486N11955176WA000000245727
B1950134747495N11955171WA000000245536
B1950144747503N11955165WA000000245286
B1950154747512N11955159WA000000245163
B1950164747521N11955153WA000000244912
B1950174747530N11955146WA000000244811
B1950184747538N11955139WA000000244685
B1950194747546N11955134WA000000244432
B1950204747554N11955128WA000000244137
B1950214747562N11955122WA000000243728
B1950224747570N11955116WA000000243418
B1950234747577N11955109WA000000243295
B1950244747585N11955103WA000000243154
B1950254747593N11955097WA000000242817
B1950264747600N11955092WA000000242650
B1950274747608N11955085WA000000242503
B1950284747616N11955079WA000000242246
B1950294747624N11955072WA000000242078
B1950304747633N11955066WA000000241715
B1950314747640N11955060WA000000241472
B1950324747648N11955054WA000000240950
B1950334747656N11955047WA000000240565
B1950344747664N11955039WA000000240054
B1950354747672N11955030WA000000239456
B1950364747681N11955021WA000000238807
B1950374747690N11955013WA000000238200
B1950384747699N11955003WA000000237629
B1950394747708N11954994WA000000237196
B1950404747717N11954985WA000000236996
B1950414747726N11954976WA000000236797
B1950424747735N11954967WA000000236525
B1950434747743N11954958WA000000236046
B1950444747751N11954949WA000000235514
B1950454747759N11954938WA000000234987
B1950464747767N11954928WA000000234686
B1950474747775N11954919WA000000234509
B1950484747782N11954912WA000000234352
B1950494747790N11954903WA000000234209
B1950504747797N11954896WA000000234013
B1950514747804N11954888WA000000233603
B1950524747810N11954880WA000000233375
B1950534747818N11954872WA000000233121
B1950544747825N11954864WA000000232711
B1950554747832N11954855WA000000232278
B1950564747840N11954846WA000000231765
B1950574747848N11954836WA000000231260
B1950584747857N11954825WA000000230713
B1950594747865N11954815WA000000230423
B1951004747872N11954806WA000000230247
B1951014747880N11954798WA000000229910
B1951024747887N11954789WA000000229770
B1951034747895N11954780WA000000229548
B1951044747903N11954772WA000000229210
B1951054747910N11954762WA000000228983
B1951064747918N11954752WA000000228798
B1951074747927N11954744WA000000228530
B1951084747935N11954735WA000000228254
B1951094747943N11954726WA000000227807
B1951104747951N11954718WA000000227561
B1951114747960N11954709WA000000227321
B1951124747967N11954700WA000000227031
B1951134747974N11954690WA000000226783
B1951144747982N11954682WA000000226412
B1951154747989N11954673WA000000226077
B1951164747996N11954666WA000000225989
B1951174748003N11954661WA000000230782
B1951184748010N11954655WA000000228586
B1951194748017N11954649WA000000227268
B1951204748024N11954643WA000000226352
B1951214748032N11954636WA000000225605
B1951224748039N11954628WA000000225059
B1951234748047N11954622WA000000224460
B1951244748055N11954614WA000000224029
B1951254748063N11954607WA000000223529
B1951264748071N11954601WA000000223090
B1951274748080N11954592WA000000222338
B1951284748088N11954584WA000000221858
B1951294748096N11954576WA000000221251
B1951304748104N11954566WA000000220873
B1951314748112N11954557WA000000220363
B1951324748120N11954548WA000000219935
B1951334748127N11954540WA000000219553
B1951344748134N11954531WA000000219199
B1951354748142N11954522WA000000218729
B1951364748149N11954513WA000000218319
B1951374748156N11954504WA000000217808
B1951384748163N11954494WA000000217178
B1951394748171N11954484WA000000216779
B1951404748180N11954474WA000000216337
B1951414748190N11954466WA000000216013
B1951424748199N11954457WA000000216383
B1951434748208N11954450WA000000216504
B1951444748214N11954446WA000000216950
B1951454748220N11954442WA000000217472
B1951464748226N11954440WA000000217691
B1951474748233N11954437WA000000217717
B1951484748240N11954433WA000000217727
B1951494748246N11954429WA000000217962
B1951504748253N11954426WA000000218120
B1951514748259N11954422WA000000218464
B1951524748266N11954420WA000000218560
B1951534748274N11954416WA000000218533
B1951544748282N11954412WA000000218533
B1951554748290N11954408WA000000218515
B1951564748297N11954404WA000000218559
B1951574748305N11954400WA000000218575
B1951584748313N11954394WA000000218558
B1951594748321N11954388WA000000218519
B1952004748329N11954382WA000000218658
B1952014748337N11954377WA000000218749
B1952024748344N11954373WA000000219096
B1952034748351N11954370WA000000219293
B1952044748358N11954367WA000000219383
B1952054748365N11954363WA000000219492
B1952064748373N11954358WA000000219517
B1952074748380N11954354WA000000219650
B1952084748388N11954349WA000000219750
B1952094748395N11954343WA000000219975
B1952104748402N11954338WA000000220296
B1952114748409N11954334WA000000220527
B1952124748415N11954331WA000000220860
B1952134748422N11954326WA000000221108
B1952144748429N11954322WA000000221227
B1952154748435N11954318WA000000221281
B1952164748443N11954314WA000000221205
B1952174748451N11954310WA000000221311
B1952184748459N11954305WA000000221230
B1952194748467N11954300WA000000221332
B1952204748475N11954294WA000000221337
B1952214748483N11954290WA000000221489
B1952224748491N11954285WA000000221559
B1952234748499N11954281WA000000221729
B1952244748506N11954277WA000000221835
B1952254748513N11954273WA000000222172
B1952264748520N11954268WA000000222154
B1952274748527N11954263WA000000222260
B1952284748535N11954258WA000000222413
B1952294748542N11954253WA000000222523
B1952304748548N11954249WA000000222798
B1952314748555N11954245WA000000222840
B1952324748562N11954239WA000000222919
B1952334748568N11954233WA000000223066
B1952344748575N11954227WA000000223067
B1952354748582N11954222WA000000223239
B1952364748589N11954218WA000000223233
B1952374748596N11954211WA000000223206
B1952384748603N11954205WA000000223310
B1952394748610N11954199WA000000223501
B1952404748617N11954193WA000000223704
B1952414748624N11954188WA000000223825
B1952424748632N11954184WA000000223912
B1952434748640N11954179WA000000224024
B1952444748647N11954173WA000000223899
B1952454748655N11954167WA000000223585
B1952464748663N11954160WA000000223375
B1952474748671N11954153WA000000223051
B1952484748679N11954144WA000000222800
B1952494748686N11954135WA000000222681
B1952504748693N11954126WA000000222767
B1952514748700N11954117WA000000222535
B1952524748707N11954109WA000000222566
B1952534748715N11954101WA000000222508
B1952544748722N11954093WA000000222456
B1952554748730N11954085WA000000222476
B1952564748739N11954077WA000000222201
B1952574748747N11954069WA000000222238
B1952584748755N11954062WA000000222297
B1952594748763N11954054WA000000222297
B1953004748772N11954047WA000000222268
B1953014748780N11954041WA000000222637
B1953024748787N11954035WA000000223188
B1953034748794N11954029WA000000223563
B1953044748801N11954025WA000000224061
B1953054748807N11954021WA000000224290
B1953064748814N11954015WA000000224257
B1953074748821N11954010WA000000224310
B1953084748828N11954003WA000000224316
B1953094748834N11953996WA000000224748
B1953104748839N11953990WA000000225068
B1953114748843N11953983WA000000225339
B1953124748844N11953978WA000000225422
B1953134748842N11953974WA000000225542
B1953144748840N11953973WA000000225507
B1953154748838N11953976WA000000225616
B1953164748837N11953982WA000000225902
B1953174748837N11953989WA000000226100
B1953184748838N11953997WA000000226304
B1953194748839N11954006WA000000226659
B1953204748841N11954016WA000000226651
B1953214748843N11954025WA000000226896
B1953224748846N11954034WA000000227179
B1953234748851N11954044WA000000227344
B1953244748857N11954053WA000000227493
B1953254748866N11954059WA000000227626
B1953264748875N11954063WA000000232769
B1953274748885N11954064WA000000230986
B1953284748895N11954063WA000000229937
B1953294748903N11954058WA000000229441
B1953304748910N11954051WA000000229294
B1953314748917N11954044WA000000229173
B1953324748924N11954038WA000000229223
B1953334748929N11954033WA000000229294
B1953344748935N11954028WA000000229283
B1953354748941N11954022WA000000229575
B1953364748947N11954017WA000000229532
B1953374748952N11954011WA000000229735
B1953384748957N11954005WA000000229801
B1953394748960N11953998WA000000229844
B1953404748964N11953991WA000000230001
B1953414748965N11953983WA000000230055
B1953424748966N11953977WA000000230170
B1953434748967N11953970WA000000230239
B1953444748968N11953965WA000000230311
B1953454748968N11953959WA000000230558
B1953464748968N11953954WA000000230685
B1953474748968N11953950WA000000230839
B1953484748967N11953948WA000000231000
B1953494748965N11953945WA000000231237
B1953504748964N11953944WA000000231631
B1953514748963N11953944WA000000232004
B1953524748961N11953945WA000000232371
B1953534748961N11953951WA000000232537
B1953544748961N11953960WA000000232626
B1953554748963N11953971WA000000232627
B1953564748966N11953982WA000000232638
B1953574748973N11953992WA000000232768
B1953584748981N11954000WA000000233074
B1953594748991N11954006WA000000233123
B1954004749001N11954009WA000000233341
B1954014749011N11954009WA000000233511
B1954024749021N11954007WA000000233821
B1954034749030N11954003WA000000234008
B1954044749038N11953999WA000000234347
B1954054749046N11953994WA000000234528
B1954064749054N11953989WA000000234818
B1954074749061N11953985WA000000235001
B1954084749068N11953979WA000000235142
B1954094749075N11953973WA000000235375
B1954104749083N11953967WA000000235589
B1954114749091N11953963WA000000235871
B1954124749100N11953958WA000000236017
B1954134749108N11953953WA000000236247
B1954144749116N11953948WA000000236421
B1954154749123N11953942WA000000236565
B1954164749131N11953936WA000000236534
B1954174749139N11953930WA000000236486
B1954184749149N11953922WA000000236676
B1954194749159N11953916WA000000237108
B1954204749167N11953912WA000000237563
B1954214749176N11953908WA000000238133
B1954224749184N11953904WA000000238665
B1954234749192N11953899WA000000238939
B1954244749200N11953894WA000000239184
B1954254749209N11953887WA000000239115
B1954264749216N11953880WA000000239295
B1954274749223N11953874WA000000239391
B1954284749230N11953868WA000000239653
B1954294749236N11953863WA000000239891
B1954304749243N11953858WA000000240026
B1954314749248N11953853WA000000240286
B1954324749254N11953848WA000000240263
B1954334749261N11953841WA000000240110
B1954344749267N11953832WA000000239875
B1954354749275N11953823WA000000239655
B1954364749284N11953814WA000000239311
B1954374749293N11953805WA000000239114
B1954384749303N11953797WA000000238918
B1954394749312N11953789WA000000238998
B1954404749322N11953782WA000000239060
B1954414749330N11953773WA000000239048
B1954424749338N11953765WA000000239028
B1954434749346N11953757WA000000238899
B1954444749355N11953751WA000000238713
B1954454749364N11953744WA000000238416
B1954464749373N11953737WA000000238209
B1954474749380N11953731WA000000237955
B1954484749387N11953724WA000000237778
B1954494749394N11953718WA000000237543
B1954504749401N11953712WA000000237175
B1954514749410N11953705WA000000236649
B1954524749418N11953699WA000000235971
B1954534749427N11953691WA000000235343
B1954544749436N11953683WA000000234893
B1954554749445N11953674WA000000234328
B1954564749454N11953667WA000000234137
B1954574749462N11953661WA000000234083
B1954584749470N11953656WA000000233981
B1954594749478N11953649WA000000233959
B1955004749485N11953643WA000000233781
B1955014749493N11953635WA000000233228
B1955024749500N11953628WA000000232870
B1955034749508N11953619WA000000232300
B1955044749516N11953609WA000000231919
B1955054749524N11953601WA000000231843
B1955064749532N11953595WA000000231810
B1955074749538N11953590WA000000231905
B1955084749544N11953585WA000000231897
B1955094749551N11953581WA000000231661
B1955104749558N11953576WA000000231547
B1955114749565N11953571WA000000231443
B1955124749572N11953565WA000000231197
B1955134749580N11953558WA000000230818
B1955144749587N11953550WA000000230354
B1955154749594N11953540WA000000229756
B1955164749601N11953530WA000000229412
B1955174749607N11953520WA000000229192
B1955184749613N11953509WA000000228863
B1955194749620N11953499WA000000228713
B1955204749626N11953490WA000000228720
B1955214749632N11953481WA000000228513
B1955224749638N11953472WA000000228308
B1955234749644N11953464WA000000228018
B1955244749650N11953456WA000000227642
B1955254749657N11953447WA000000227345
B1955264749664N11953439WA000000227061
B1955274749672N11953431WA000000226932
B1955284749679N11953423WA000000226759
B1955294749686N11953417WA000000226641
B1955304749693N11953410WA000000226625
B1955314749699N11953404WA000000226692
B1955324749706N11953397WA000000226659
B1955334749712N11953390WA000000226653
B1955344749719N11953383WA000000226508
B1955354749725N11953377WA000000236876
B1955364749733N11953372WA000000232003
B1955374749741N11953367WA000000229459
B1955384749750N11953361WA000000228444
B1955394749759N11953356WA000000227313
B1955404749767N11953351WA000000222023
B1955414749774N11953347WA000000223573
B1955424749781N11953345WA000000224583
B1955434749787N11953344WA000000225285
B1955444749793N11953344WA000000225980
B1955454749799N11953344WA000000226405
B1955464749803N11953344WA000000226762
B1955474749808N11953343WA000000227073
B1955484749813N11953343WA000000227214
B1955494749817N11953343WA000000227281
B1955504749823N11953340WA000000227395
B1955514749829N11953337WA000000227221
B1955524749835N11953331WA000000227308
B1955534749840N11953326WA000000227638
B1955544749845N11953322WA000000227809
B1955554749849N11953319WA000000228276
B1955564749854N11953316WA000000228686
B1955574749859N11953313WA000000229098
B1955584749864N11953310WA000000229589
B1955594749869N11953308WA000000229983
B1956004749875N11953306WA000000230311
B1956014749880N11953304WA000000230735
B1956024749885N11953302WA000000231151
B1956034749890N11953299WA000000231459
B1956044749896N11953297WA000000231554
B1956054749902N11953295WA000000232031
B1956064749907N11953291WA000000232457
B1956074749911N11953287WA000000232847
B1956084749912N11953282WA000000233251
B1956094749910N11953277WA000000233399
B1956104749908N11953274WA000000212239
B1956114749903N11953278WA000000220727
B1956124749900N11953287WA000000224460
B1956134749899N11953298WA000000226953
B1956144749901N11953311WA000000229576
B1956154749906N11953324WA000000231531
B1956164749911N11953334WA000000226488
B1956174749917N11953343WA000000229940
B1956184749923N11953349WA000000232208
B1956194749928N11953354WA000000233756
B1956204749934N11953358WA000000234750
B1956214749940N11953359WA000000235479
B1956224749947N11953360WA000000235940
B1956234749953N11953358WA000000236450
B1956244749958N11953354WA000000236933
B1956254749961N11953349WA000000237326
B1956264749961N11953344WA000000237864
LXCTACTIVITY STILL 100
B1956274749960N11953340WA000000238231
B1956284749956N11953337WA000000238489
B1956294749952N11953341WA000000217830
B1956304749948N11953347WA000000226877
B1956314749947N11953357WA000000231603
B1956324749947N11953367WA000000234447
B1956334749949N11953378WA000000236343
B1956344749952N11953387WA000000237659
B1956354749956N11953397WA000000238600
B1956364749960N11953406WA000000239401
B1956374749965N11953414WA000000229013
B1956384749971N11953421WA000000234118
B1956394749977N11953428WA000000237050
B1956404749984N11953432WA000000238848
B1956414749991N11953436WA000000240112
B1956424749997N11953437WA000000241191
B1956434750004N11953437WA000000241839
B1956444750010N11953433WA000000242384
B1956454750016N11953429WA000000242978
B1956464750019N11953423WA000000243398
B1956474750021N11953417WA000000243729
B1956484750019N11953413WA000000244267
B1956494750016N11953412WA000000244502
B1956504750013N11953411WA000000226627
B1956514750007N11953419WA000000233997
B1956524750004N11953428WA000000238291
B1956534750002N11953437WA000000240971
B1956544750001N11953445WA000000242812
B1956554750000N11953454WA000000227231
B1956564749999N11953463WA000000235283
B1956574749999N11953473WA000000239552
B1956584750000N11953483WA000000242154
B1956594750002N11953493WA000000243936
B1957004750004N11953503WA000000245235
B1957014750006N11953513WA000000246270
B1957024750009N11953522WA000000247008
B1957034750011N11953532WA000000247616
B1957044750013N11953542WA000000248273
B1957054750016N11953552WA000000248821
B1957064750018N11953561WA000000249297
B1957074750021N11953571WA000000249630
B1957084750023N11953581WA000000249910
B1957094750025N11953591WA000000250246
B1957104750027N11953601WA000000250613
B1957114750028N11953611WA000000251167
B1957124750029N11953622WA000000251570
B1957134750030N11953631WA000000252035
B1957144750031N11953640WA000000252534
B1957154750032N11953649WA000000252832
B1957164750034N11953658WA000000253249
B1957174750037N11953668WA000000253538
B1957184750041N11953679WA000000253933
B1957194750047N11953686WA000000254077
B1957204750054N11953691WA000000254597
B1957214750062N11953692WA000000254808
B1957224750068N11953690WA000000255030
B1957234750072N11953683WA000000255038
B1957244750073N11953676WA000000255102
B1957254750071N11953669WA000000233911
B1957264750066N11953663WA000000242489
B1957274750062N11953660WA000000247206
B1957284750057N11953659WA000000250136
B1957294750053N11953661WA000000252203
B1957304750049N11953666WA000000253720
B1957314750047N11953673WA000000254704
B1957324750046N11953683WA000000255510
B1957334750047N11953694WA000000256117
B1957344750050N11953705WA000000256751
B1957354750055N11953712WA000000235695
B1957364750062N11953716WA000000244844
B1957374750068N11953715WA000000249958
B1957384750073N11953713WA000000252960
B1957394750076N11953708WA000000254991
B1957404750078N11953702WA000000256575
B1957414750079N11953697WA000000257736
B1957424750080N11953692WA000000258555
B1957434750082N11953687WA000000259217
B1957444750084N11953681WA000000259847
B1957454750087N11953676WA000000260332
B1957464750090N11953670WA000000260888
B1957474750094N11953665WA000000261347
B1957484750098N11953660WA000000261846
B1957494750102N11953655WA000000262124
B1957504750106N11953648WA000000262422
B1957514750110N11953641WA000000262644
B1957524750114N11953633WA000000262859
B1957544750123N11953621WA000000262902
B1957554750126N11953615WA000000238185
B1957564750130N11953609WA000000246743
B1957574750134N11953602WA000000253343
B1957584750138N11953595WA000000257234
B1957594750142N11953587WA000000259603
B1958004750145N11953579WA000000261583
B1958014750149N11953572WA000000262660
B1958024750152N11953564WA000000263073
B1958034750155N11953558WA000000263730
B1958044750157N11953551WA000000264491
B1958054750159N11953544WA000000264894
B1958064750162N11953537WA000000265301
B1958074750164N11953529WA000000265715
B1958084750166N11953522WA000000266065
B1958094750169N11953515WA000000266363
B1958104750172N11953508WA000000266561
B1958114750176N11953500WA000000266738
B1958124750180N11953492WA000000266862
B1958134750184N11953484WA000000266979
B1958144750188N11953477WA000000267109
B1958154750191N11953470WA000000267336
B1958164750195N11953462WA000000267707
B1958174750198N11953454WA000000267878
B1958184750202N11953447WA000000268085
B1958194750207N11953440WA000000268268
B1958204750213N11953435WA000000268203
B1958214750219N11953428WA000000268190
B1958224750226N11953420WA000000268056
B1958234750233N11953412WA000000267852
B1958244750240N11953403WA000000267757
B1958254750247N11953396WA000000267782
B1958264750254N11953388WA000000267787
B1958274750261N11953381WA000000267837
B1958284750267N11953375WA000000267721
B1958294750273N11953367WA000000267423
B1958304750279N11953359WA000000267050
B1958314750286N11953350WA000000266661
B1958324750294N11953341WA000000266166
B1958334750302N11953334WA000000265830
B1958344750309N11953326WA000000265688
B1958354750316N11953319WA000000265497
B1958364750323N11953312WA000000265197
B1958374750331N11953304WA000000265014
B1958384750337N11953295WA000000264898
B1958394750344N11953286WA000000264599
B1958404750352N11953278WA000000264180
B1958414750360N11953268WA000000263873
B1958424750369N11953260WA000000263540
B1958434750378N11953251WA000000263034
B1958444750387N11953243WA000000262773
B1958454750397N11953234WA000000262236
B1958464750407N11953226WA000000262114
B1958474750416N11953218WA000000262215
B1958484750425N11953211WA000000262319
B1958494750434N11953206WA000000262361
B1958504750444N11953202WA000000262272
B1958514750454N11953196WA000000262046
B1958524750464N11953190WA000000261724
B1958534750474N11953184WA000000261501
B1958544750484N11953177WA000000261518
B1958554750493N11953171WA000000261613
B1958564750500N11953166WA000000261790
B1958574750508N11953159WA000000261998
B1958584750516N11953154WA000000261961
B1958594750524N11953148WA000000262030
B1959004750531N11953142WA000000262079
B1959014750538N11953136WA000000262082
B1959024750545N11953130WA000000262074
B1959034750553N11953123WA000000261902
B1959044750560N11953117WA000000262028
B1959054750568N11953112WA000000262136
B1959064750575N11953107WA000000262286
B1959074750582N11953103WA000000262362
B1959084750589N11953099WA000000262522
B1959094750595N11953094WA000000262774
B1959104750601N11953090WA000000263167
B1959114750607N11953087WA000000263181
B1959124750614N11953083WA000000263216
B1959134750621N11953078WA000000263365
B1959144750628N11953074WA000000263375
B1959154750634N11953071WA000000263431
B1959164750639N11953067WA000000263488
B1959174750645N11953064WA000000263573
B1959184750652N11953060WA000000263584
LXCTACTIVITY OTHER 87
B1959194750659N11953055WA000000263350
B1959204750665N11953049WA000000263292
B1959214750672N11953044WA000000263215
B1959224750677N11953040WA000000263463
B1959234750683N11953037WA000000263661
B1959244750689N11953033WA000000263638
B1959254750695N11953029WA000000263554
B1959264750702N11953024WA000000263342
B1959274750709N11953018WA000000262921
B1959284750715N11953011WA000000262793
B1959294750722N11953005WA000000262734
B1959304750728N11952999WA000000262738
B1959314750734N11952995WA000000262600
B1959324750739N11952990WA000000262620
B1959334750744N11952984WA000000262469
B1959344750750N11952978WA000000262126
B1959354750756N11952971WA000000261664
B1959364750763N11952962WA000000261208
B1959374750769N11952954WA000000260961
B1959384750776N11952945WA000000260632
B1959394750782N11952936WA000000260440
B1959404750788N11952927WA000000260229
B1959414750794N11952919WA000000259844
B1959424750800N11952910WA000000259448
B1959434750805N11952901WA000000258954
B1959444750810N11952891WA000000258698
B1959454750816N11952882WA000000258350
B1959464750822N11952871WA000000257957
B1959474750829N11952861WA000000257538
B1959484750837N11952851WA000000257114
B1959494750844N11952841WA000000256805
B1959504750851N11952831WA000000256410
B1959514750858N11952820WA000000256232
B1959524750864N11952809WA000000255879
B1959534750871N11952799WA000000255622
B1959544750878N11952787WA000000255119
B1959554750884N11952775WA000000254939
B1959564750891N11952765WA000000254681
B1959574750899N11952754WA000000254244
B1959584750906N11952744WA000000253968
B1959594750913N11952734WA000000253799
B2000004750921N11952725WA000000253715
B2000014750927N11952716WA000000253582
B2000024750934N11952707WA000000253574
B2000034750941N11952699WA000000253197
B2000044750949N11952690WA000000252616
B2000054750958N11952681WA000000251900
B2000064750967N11952671WA000000251184
B2000074750977N11952660WA000000250476
B2000084750987N11952649WA000000249856
B2000094750996N11952639WA000000249464
B2000104751004N11952630WA000000249540
B2000114751011N11952621WA000000249583
B2000124751019N11952613WA000000249401
B2000134751027N11952604WA000000249217
B2000144751035N11952595WA000000249008
B2000154751042N11952585WA000000248965
B2000164751049N11952574WA000000248892
B2000174751057N11952563WA000000248625
B2000184751064N11952553WA000000248562
B2000194751072N11952543WA000000248561
B2000204751080N11952534WA000000248564
B2000214751088N11952525WA000000248551
B2000224751094N11952517WA000000248692
B2000234751100N11952509WA000000248646
B2000244751106N11952501WA000000248511
B2000254751111N11952492WA000000248380
B2000264751117N11952482WA000000248176
B2000274751124N11952472WA000000247940
B2000284751131N11952461WA000000247733
B2000294751138N11952451WA000000247634
B2000304751144N11952440WA000000247656
B2000314751151N11952431WA000000247610
B2000324751156N11952422WA000000247686
B2000334751163N11952414WA000000247598
B2000344751171N11952405WA000000247467
B2000354751179N11952397WA000000247552
B2000364751187N11952389WA000000247555
B2000374751193N11952383WA000000247957
B2000384751200N11952379WA000000248078
B2000394751207N11952376WA000000248304
B2000404751212N11952373WA000000248492
B2000414751218N11952369WA000000248372
B2000424751225N11952364WA000000248095
B2000434751233N11952358WA000000247887
B2000444751241N11952352WA000000247765
B2000454751249N11952345WA000000247664
B2000464751257N11952339WA000000247730
B2000474751263N11952332WA000000247743
B2000484751269N11952325WA000000247955
B2000494751275N11952318WA000000247984
B2000504751282N11952311WA000000247976
B2000514751290N11952304WA000000247904
B2000524751297N11952298WA000000247893
B2000534751305N11952292WA000000247867
B2000544751313N11952287WA000000247907
B2000554751320N11952284WA000000248107
B2000564751326N11952281WA000000248052
B2000574751333N11952276WA000000247944
B2000584751340N11952271WA000000247818
B2000594751347N11952266WA000000247633
B2001004751354N11952259WA000000247425
B2001014751363N11952252WA000000247215
B2001024751371N11952245WA000000246733
B2001034751380N11952238WA000000246462
B2001044751390N11952231WA000000246105
B2001054751399N11952223WA000000246025
B2001064751407N11952216WA000000245937
B2001074751415N11952210WA000000245922
LXCTACTIVITY STILL 52
B2001084751422N11952203WA000000245784
B2001094751430N11952197WA000000245630
B2001104751438N11952190WA000000245450
B2001114751447N11952181WA000000245008
B2001124751456N11952174WA000000244806
B2001134751464N11952167WA000000244661
B2001144751472N11952159WA000000244749
B2001154751479N11952153WA000000244850
B2001164751486N11952146WA000000245043
B2001174751492N11952140WA000000245175
B2001184751499N11952133WA000000245129
B2001194751505N11952126WA000000245145
B2001204751512N11952120WA000000245410
B2001214751516N11952116WA000000245770
B2001224751521N11952112WA000000245904
B2001234751525N11952108WA000000246086
B2001244751530N11952104WA000000246062
B2001254751535N11952100WA000000246180
B2001264751541N11952094WA000000246128
B2001274751546N11952089WA000000246138
B2001284751551N11952085WA000000246163
B2001294751557N11952079WA000000221427
B2001304751563N11952073WA000000229823
B2001314751569N11952064WA000000233449
B2001324751575N11952056WA000000237041
B2001334751581N11952046WA000000238937
B2001344751587N11952037WA000000240544
B2001354751594N11952028WA000000241335
B2001364751600N11952020WA000000241750
B2001374751606N11952011WA000000242590
B2001384751612N11952002WA000000242888
B2001394751618N11951994WA000000243268
B2001404751624N11951986WA000000243047
B2001414751630N11951977WA000000243138
B2001424751636N11951969WA000000243256
B2001434751642N11951961WA000000243251
B2001444751649N11951953WA000000243001
B2001454751655N11951945WA000000242991
B2001464751662N11951936WA000000242844
B2001474751669N11951927WA000000242707
B2001484751676N11951919WA000000242604
B2001494751683N11951910WA000000242425
B2001504751690N11951902WA000000242302
B2001514751696N11951894WA000000242271
B2001524751703N11951885WA000000242101
B2001534751709N11951876WA000000242065
B2001544751715N11951868WA000000241851
B2001554751722N11951859WA000000241551
B2001564751729N11951850WA000000241441
B2001574751736N11951840WA000000241207
B2001584751742N11951832WA000000241171
B2001594751749N11951822WA000000240819
B2002004751755N11951813WA000000240733
B2002014751761N11951804WA000000240566
B2002024751768N11951795WA000000240422
B2002034751774N11951786WA000000240279
B2002044751781N11951779WA000000239920
B2002054751787N11951770WA000000239790
B2002064751794N11951761WA000000239264
B2002074751801N11951752WA000000238882
B2002084751808N11951742WA000000238488
B2002094751815N11951733WA000000238292
B2002104751823N11951723WA000000237922
B2002114751830N11951713WA000000237612
LXCTACTIVITY OTHER 87
B2002124751837N11951703WA000000237404
B2002134751843N11951694WA000000237251
B2002144751849N11951684WA000000236979
B2002154751855N11951676WA000000236853
B2002164751861N11951666WA000000236545
B2002174751867N11951656WA000000236125
B2002184751872N11951645WA000000235869
B2002194751878N11951636WA000000235551
B2002204751883N11951625WA000000235278
B2002214751888N11951615WA000000234973
B2002224751893N11951604WA000000234698
B2002234751899N11951594WA000000234354
B2002244751905N11951584WA000000234120
B2002254751910N11951573WA000000233895
B2002264751915N11951564WA000000233671
B2002274751921N11951554WA000000233216
B2002284751927N11951544WA000000232803
B2002294751932N11951534WA000000232447
B2002304751938N11951524WA000000232137
B2002314751944N11951513WA000000231819
B2002324751950N11951504WA000000231502
B2002334751955N11951494WA000000231378
B2002344751961N11951485WA000000231031
B2002354751966N11951475WA000000230785
B2002364751971N11951465WA000000230477
B2002374751976N11951456WA000000229961
B2002384751981N11951446WA000000229587
B2002394751987N11951437WA000000229141
B2002404751993N11951428WA000000228830
B2002414751999N11951419WA000000228462
B2002424752005N11951410WA000000228176
B2002434752012N11951402WA000000228024
B2002444752019N11951393WA000000227528
B2002454752026N11951386WA000000226831
B2002464752033N11951377WA000000226315
B2002474752039N11951369WA000000220895
B2002484752046N11951361WA000000222535
B2002494752053N11951351WA000000223018
B2002504752059N11951342WA000000223263
B2002514752066N11951334WA000000223293
B2002524752074N11951326WA000000223203
B2002534752081N11951318WA000000223146
B2002544752088N11951310WA000000222979
B2002554752096N11951303WA000000222653
B2002564752104N11951296WA000000222257
B2002574752113N11951289WA000000221808
B2002584752121N11951283WA000000221665
B2002594752131N11951278WA000000221486
B2003004752140N11951275WA000000221291
B2003014752150N11951271WA000000220939
B2003024752160N11951269WA000000220640
B2003034752170N11951266WA000000220463
B2003044752181N11951262WA000000220125
B2003054752191N11951258WA000000219869
B2003064752201N11951255WA000000219542
B2003074752211N11951252WA000000219200
B2003084752220N11951248WA000000219043
B2003094752229N11951244WA000000218895
B2003104752239N11951240WA000000218502
B2003114752247N11951235WA000000218181
B2003124752256N11951229WA000000217779
B2003134752266N11951224WA000000217073
B2003144752277N11951218WA000000216551
B2003154752288N11951211WA000000215991
B2003164752300N11951204WA000000215214
B2003174752311N11951197WA000000214748
B2003184752322N11951191WA000000214332
B2003194752333N11951184WA000000213924
B2003204752343N11951177WA000000213487
B2003214752354N11951171WA000000213003
B2003224752364N11951164WA000000212715
B2003234752374N11951157WA000000212287
B2003244752385N11951150WA000000211876
B2003254752396N11951143WA000000211547
B2003264752407N11951136WA000000211224
B2003274752417N11951129WA000000211013
B2003284752428N11951122WA000000210957
B2003294752439N11951116WA000000210639
B2003304752450N11951112WA000000210491
B2003314752462N11951106WA000000210366
B2003324752474N11951102WA000000209938
B2003334752486N11951099WA000000209734
B2003344752498N11951096WA000000209410
B2003354752510N11951092WA000000209203
B2003364752521N11951087WA000000209067
B2003374752533N11951083WA000000209023
B2003384752544N11951077WA000000208654
B2003394752555N11951071WA000000208474
B2003404752565N11951066WA000000208196
B2003414752576N11951061WA000000207899
B2003424752587N11951057WA000000207681
B2003434752599N11951053WA000000207204
B2003444752610N11951048WA000000207061
B2003454752622N11951041WA000000206617
B2003464752633N11951036WA000000206186
B2003474752645N11951031WA000000205735
B2003484752657N11951026WA000000205402
B2003494752668N11951021WA000000205241
B2003504752679N11951016WA000000205163
B2003514752690N11951011WA000000204979
B2003524752702N11951007WA000000204836
B2003534752714N11951003WA000000204727
B2003544752725N11950999WA000000204608
B2003554752735N11950996WA000000204613
B2003564752744N11950993WA000000204688
B2003574752754N11950991WA000000204836
B2003584752763N11950990WA000000204891
B2003594752771N11950988WA000000204999
B2004004752780N11950987WA000000204938
B2004014752789N11950986WA000000204924
B2004024752798N11950985WA000000204874
B2004034752808N11950983WA000000204780
B2004044752819N11950980WA000000204648
B2004054752829N11950979WA000000204714
B2004064752837N11950979WA000000204950
B2004074752844N11950979WA000000205073
B2004084752852N11950979WA000000205045
B2004094752859N11950979WA000000205072
B2004104752867N11950978WA000000204952
B2004114752876N11950977WA000000204781
B2004124752887N11950974WA000000204504
B2004134752896N11950972WA000000204531
B2004144752905N11950967WA000000204687
B2004154752914N11950965WA000000205350
B2004164752921N11950963WA000000205994
B2004174752928N11950962WA000000206788
B2004184752935N11950962WA000000207263
B2004194752942N11950961WA000000207677
B2004204752950N11950960WA000000208048
B2004214752958N11950960WA000000208348
B2004224752966N11950963WA000000208820
B2004234752973N11950967WA000000209423
B2004244752977N11950974WA000000210185
B2004254752980N11950983WA000000210710
B2004264752980N11950989WA000000211229
B2004274752976N11950994WA000000211792
B2004284752972N11950993WA000000212167
B2004294752970N11950987WA000000212608
B2004304752971N11950979WA000000213041
B2004314752976N11950971WA000000213644
B2004324752984N11950966WA000000214139
B2004334752993N11950965WA000000214665
B2004344753002N11950967WA000000215261
B2004354753009N11950971WA000000215992
B2004364753016N11950975WA000000216658
B2004374753022N11950979WA000000217518
B2004384753027N11950984WA000000218253
B2004394753033N11950987WA000000218848
B2004404753040N11950989WA000000219372
B2004414753047N11950989WA000000219787
B2004424753055N11950993WA000000220255
B2004434753062N11950997WA000000220720
B2004444753060N11951010WA000000221387
B2004454753057N11951019WA000000221541
B2004464753052N11951020WA000000222018
B2004474753048N11951015WA000000222768
B2004484753047N11951007WA000000223342
B2004494753048N11950998WA000000224049
B2004504753051N11950991WA000000224622
B2004514753055N11950984WA000000225304
B2004524753060N11950977WA000000225923
B2004534753065N11950971WA000000226684
B2004544753072N11950966WA000000227209
B2004554753081N11950967WA000000227615
B2004564753089N11950969WA000000227872
B2004574753097N11950975WA000000228137
B2004584753101N11950985WA000000228585
B2004594753102N11950995WA000000228993
B2005004753100N11951002WA000000229597
B2005014753097N11951005WA000000230353
B2005024753094N11951003WA000000231052
B2005034753093N11950997WA000000231809
B2005044753092N11950991WA000000232686
B2005054753093N11950984WA000000233197
B2005064753096N11950976WA000000233718
B2005074753099N11950969WA000000234111
B2005084753104N11950961WA000000234623
B2005094753111N11950954WA000000235208
B2005104753119N11950950WA000000235686
B2005114753128N11950950WA000000236262
B2005124753137N11950953WA000000236667
B2005134753145N11950960WA000000237050
B2005144753151N11950969WA000000237436
B2005154753154N11950979WA000000237913
B2005164753153N11950987WA000000238572
B2005174753150N11950991WA000000238992
B2005184753147N11950990WA000000239439
B2005194753143N11950987WA000000239874
B2005204753141N11950980WA000000240384
B2005214753141N11950971WA000000240988
B2005224753144N11950962WA000000241469
B2005234753149N11950954WA000000241908
B2005244753155N11950947WA000000242708
B2005254753162N11950943WA000000243446
B2005264753170N11950941WA000000243931
B2005274753179N11950940WA000000244255
B2005284753188N11950941WA000000244664
B2005294753196N11950944WA000000245360
B2005304753202N11950949WA000000245941
B2005314753205N11950956WA000000246488
B2005324753206N11950965WA000000246754
B2005334753205N11950972WA000000247170
B2005344753202N11950975WA000000247777
B2005354753199N11950977WA000000248254
B2005364753195N11950970WA000000248799
B2005374753193N11950962WA000000249058
B2005384753195N11950951WA000000249368
B2005394753200N11950941WA000000250108
B2005404753206N11950935WA000000250447
B2005414753216N11950934WA000000250761
B2005424753226N11950935WA000000251180
B2005434753235N11950936WA000000251678
B2005444753243N11950940WA000000252201
B2005454753249N11950942WA000000252803
B2005464753258N11950940WA000000253262
B2005474753265N11950940WA000000253799
B2005484753273N11950941WA000000254115
B2005494753281N11950943WA000000254541
B2005504753288N11950945WA000000255076
B2005514753297N11950946WA000000255560
B2005524753304N11950947WA000000256389
B2005534753312N11950950WA000000256842
B2005544753320N11950954WA000000257506
B2005554753328N11950956WA000000258049
B2005564753335N11950961WA000000258540
B2005574753341N11950967WA000000259197
B2005584753346N11950976WA000000259752
B2005594753348N11950985WA000000260166
B2006004753347N11950993WA000000260488
B2006014753343N11950998WA000000261076
B2006024753339N11950998WA000000261400
B2006034753335N11950992WA000000262086
B2006044753334N11950984WA000000262431
B2006054753337N11950974WA000000262739
B2006064753341N11950966WA000000263496
B2006074753347N11950960WA000000263963
B2006084753355N11950956WA000000264256
B2006094753364N11950953WA000000264708
B2006104753373N11950954WA000000265232
B2006114753381N11950956WA000000265874
B2006124753388N11950962WA000000266480
B2006134753394N11950970WA000000267034
B2006144753396N11950980WA000000267571
B2006154753396N11950988WA000000267952
B2006164753394N11950995WA000000268311
B2006174753390N11950998WA000000268804
B2006184753386N11950998WA000000269592
B2006194753384N11950994WA000000270383
B2006204753384N11950987WA000000270782
B2006214753385N11950978WA000000271059
B2006224753387N11950969WA000000271499
B2006234753392N11950960WA000000271869
B2006244753399N11950954WA000000250243
B2006254753408N11950952WA000000258714
B2006264753416N11950955WA000000263570
B2006274753424N11950961WA000000266631
B2006284753430N11950968WA000000269035
B2006294753435N11950975WA000000270928
B2006304753435N11950984WA000000272049
B2006314753433N11950992WA000000272983
B2006324753429N11950997WA000000273773
B2006334753425N11950997WA000000274309
B2006344753420N11950995WA000000275181
B2006354753417N11950988WA000000275896
B2006364753417N11950980WA000000276526
B2006374753418N11950970WA000000277189
B2006394753428N11950952WA000000277413
B2006404753436N11950946WA000000261490
B2006414753445N11950940WA000000251820
B2006424753453N11950939WA000000259317
B2006434753460N11950940WA000000265562
B2006444753467N11950943WA000000270624
B2006454753473N11950946WA000000274273
B2006464753480N11950950WA000000277038
B2006474753486N11950955WA000000278882
B2006484753493N11950958WA000000279823
LXCTACTIVITY STILL 82
B2006494753499N11950960WA000000280785
B2006504753506N11950962WA000000281294
B2006514753514N11950964WA000000281588
B2006524753523N11950966WA000000281916
B2006534753531N11950968WA000000282411
B2006544753538N11950968WA000000282776
B2006554753547N11950968WA000000282926
B2006564753556N11950968WA000000283076
B2006574753567N11950968WA000000283148
B2006584753579N11950969WA000000283340
B2006594753591N11950969WA000000283398
B2007004753603N11950972WA000000283584
B2007014753615N11950974WA000000283754
B2007024753626N11950976WA000000284015
B2007034753635N11950977WA000000284147
B2007044753644N11950978WA000000284371
B2007054753653N11950978WA000000284776
B2007064753662N11950979WA000000285156
B2007074753671N11950980WA000000285392
B2007084753681N11950981WA000000285465
B2007094753691N11950982WA000000285576
B2007104753701N11950982WA000000285596
B2007114753711N11950982WA000000285765
B2007124753720N11950981WA000000286090
B2007134753730N11950980WA000000286211
B2007144753738N11950978WA000000286395
B2007154753747N11950976WA000000286489
B2007164753756N11950976WA000000286666
B2007174753767N11950975WA000000286628
B2007184753778N11950974WA000000286392
B2007194753790N11950972WA000000286035
B2007204753802N11950971WA000000285470
B2007214753815N11950968WA000000284877
B2007224753829N11950968WA000000284517
B2007234753841N11950968WA000000284328
B2007244753851N11950967WA000000284256
B2007254753862N11950966WA000000284325
B2007264753872N11950966WA000000284292
B2007274753883N11950964WA000000284162
B2007284753894N11950963WA000000283852
B2007294753908N11950960WA000000283818
B2007304753921N11950959WA000000283435
B2007314753933N11950959WA000000283390
B2007324753945N11950958WA000000283439
B2007334753955N11950959WA000000283540
B2007344753964N11950959WA000000283722
B2007354753972N11950958WA000000283870
B2007364753980N11950956WA000000283788
B2007374753989N11950956WA000000283392
B2007384753999N11950955WA000000282644
B2007394754011N11950955WA000000281975
B2007404754023N11950955WA000000281765
B2007414754034N11950954WA000000281904
B2007424754042N11950952WA000000282138
B2007434754049N11950951WA000000282294
B2007444754056N11950949WA000000282201
B2007454754062N11950947WA000000281944
B2007464754070N11950945WA000000281636
B2007474754079N11950944WA000000281062
B2007484754089N11950942WA000000280569
B2007494754100N11950942WA000000280082
B2007504754111N11950941WA000000279787
B2007514754123N11950941WA000000279416
B2007524754134N11950939WA000000279265
B2007534754145N11950938WA000000279122
B2007544754154N11950936WA000000279177
B2007554754164N11950936WA000000279125
B2007564754174N11950936WA000000278923
B2007574754184N11950936WA000000278770
B2007584754195N11950935WA000000278606
B2007594754204N11950935WA000000278582
B2008004754215N11950935WA000000278538
B2008014754225N11950937WA000000278381
B2008024754235N11950938WA000000278236
B2008034754245N11950937WA000000277854
B2008044754255N11950934WA000000277406
B2008054754264N11950930WA000000277180
B2008064754274N11950924WA000000276857
B2008074754284N11950919WA000000276609
B2008084754293N11950914WA000000276476
B2008094754303N11950910WA000000276224
B2008104754312N11950905WA000000276166
B2008114754322N11950900WA000000275834
B2008124754331N11950895WA000000275670
B2008134754341N11950890WA000000275652
B2008144754351N11950885WA000000275516
B2008154754360N11950880WA000000275545
B2008164754370N11950876WA000000275402
B2008174754379N11950871WA000000275334
B2008184754388N11950866WA000000275195
B2008194754398N11950861WA000000275187
B2008204754409N11950856WA000000275050
B2008214754419N11950850WA000000274985
B2008224754430N11950846WA000000274923
B2008234754440N11950841WA000000274842
B2008244754450N11950835WA000000274859
B2008254754460N11950830WA000000274694
B2008264754471N11950824WA000000274517
B2008274754482N11950819WA000000274503
B2008284754492N11950813WA000000274564
B2008294754503N11950808WA000000274541
B2008304754514N11950800WA000000274557
B2008314754525N11950793WA000000274332
B2008324754535N11950786WA000000274194
B2008334754546N11950779WA000000274051
B2008344754556N11950772WA000000273880
B2008354754566N11950765WA000000273772
B2008364754576N11950758WA000000273634
B2008374754586N11950751WA000000273519
B2008384754595N11950744WA000000273455
B2008394754605N11950737WA000000273121
B2008404754615N11950729WA000000272844
B2008414754625N11950721WA000000272562
B2008424754635N11950713WA000000272336
B2008434754644N11950705WA000000272170
B2008444754654N11950698WA000000272012
B2008454754663N11950690WA000000271714
B2008464754671N11950682WA000000271689
B2008474754680N11950674WA000000271687
B2008484754689N11950667WA000000271460
B2008494754698N11950660WA000000271446
B2008504754707N11950653WA000000271222
B2008514754716N11950646WA000000270950
B2008524754725N11950639WA000000270690
B2008534754735N11950630WA000000270488
B2008544754745N11950622WA000000270249
B2008554754755N11950614WA000000270108
B2008574754772N11950598WA000000270132
B2008584754781N11950589WA000000246808
B2008594754789N11950581WA000000254895
B2009004754799N11950572WA000000259819
B2009014754808N11950564WA000000262762
B2009024754818N11950555WA000000263538
B2009044754837N11950540WA000000264041
B2009054754847N11950531WA000000249857
B2009064754857N11950524WA000000254942
B2009074754867N11950516WA000000257911
B2009084754876N11950507WA000000259678
B2009094754886N11950499WA000000261081
B2009104754896N11950489WA000000262060
B2009114754906N11950480WA000000262457
B2009124754915N11950471WA000000262593
B2009134754925N11950462WA000000263009
B2009144754934N11950454WA000000263587
B2009154754944N11950446WA000000263545
B2009174754963N11950428WA000000264044
B2009184754972N11950419WA000000246797
B2009194754982N11950411WA000000237945
B2009204754991N11950402WA000000249498
B2009214755001N11950395WA000000254230
B2009224755010N11950386WA000000256642
B2009234755019N11950377WA000000258887
B2009244755029N11950368WA000000259809
B2009254755039N11950360WA000000260203
B2009264755049N11950351WA000000260548
B2009274755059N11950343WA000000260734
B2009284755069N11950335WA000000260805
B2009294755079N11950327WA000000260903
B2009304755088N11950319WA000000260895
B2009314755098N11950310WA000000260667
B2009324755108N11950301WA000000260462
B2009334755118N11950290WA000000260156
B2009344755127N11950280WA000000259994
B2009354755137N11950270WA000000259843
B2009364755146N11950261WA000000259848
B2009374755155N11950254WA000000259826
B2009384755164N11950246WA000000237609
B2009394755172N11950239WA000000246188
B2009404755182N11950232WA000000250615
B2009414755191N11950224WA000000252894
B2009424755201N11950216WA000000253985
B2009434755211N11950208WA000000254645
B2009444755221N11950200WA000000255235
B2009454755230N11950193WA000000255899
B2009464755240N11950187WA000000255900
B2009474755249N11950180WA000000256201
B2009484755258N11950174WA000000256521
B2009494755267N11950167WA000000256677
LXCTACTIVITY OTHER 82
B2009504755277N11950161WA000000256532
B2009514755286N11950153WA000000256549
B2009524755295N11950146WA000000256468
B2009534755304N11950139WA000000256251
B2009544755313N11950131WA000000256295
B2009554755323N11950124WA000000256102
B2009564755332N11950117WA000000255955
B2009574755341N11950108WA000000256089
B2009584755351N11950101WA000000255756
B2009594755361N11950093WA000000255618
B2010004755371N11950085WA000000255412
B2010014755380N11950077WA000000255254
B2010024755390N11950069WA000000255004
B2010034755399N11950061WA000000255053
B2010044755408N11950053WA000000254857
B2010054755416N11950045WA000000254697
B2010064755425N11950037WA000000226554
B2010074755433N11950028WA000000236269
B2010084755442N11950020WA000000241047
B2010094755450N11950013WA000000243645
B2010104755459N11950004WA000000246827
B2010114755468N11949997WA000000249032
B2010124755477N11949989WA000000215375
B2010134755486N11949981WA000000228678
B2010144755495N11949973WA000000234857
B2010154755504N11949965WA000000240282
B2010164755514N11949956WA000000243654
B2010174755523N11949948WA000000245587
B2010184755532N11949940WA000000247894
B2010194755542N11949932WA000000249265
B2010204755551N11949925WA000000249892
B2010214755560N11949917WA000000250376
B2010224755569N11949910WA000000250730
B2010234755577N11949902WA000000250870
B2010244755585N11949894WA000000250860
B2010254755594N11949885WA000000250726
B2010264755603N11949876WA000000250576
B2010274755612N11949867WA000000250389
B2010284755622N11949858WA000000250249
B2010294755632N11949849WA000000249923
B2010304755641N11949841WA000000249651
B2010314755650N11949831WA000000249349
B2010324755659N11949824WA000000249207
B2010334755667N11949817WA000000249228
B2010344755675N11949811WA000000249226
B2010354755683N11949805WA000000249025
B2010364755691N11949798WA000000248478
B2010374755701N11949791WA000000247923
B2010384755711N11949782WA000000247311
B2010394755720N11949773WA000000246786
B2010404755730N11949765WA000000246414
B2010414755739N11949756WA000000246157
B2010424755748N11949749WA000000245850
B2010434755757N11949742WA000000245712
B2010444755765N11949735WA000000245648
B2010454755773N11949729WA000000245393
B2010464755782N11949721WA000000244958
B2010474755791N11949715WA000000244451
B2010484755800N11949708WA000000244046
B2010494755810N11949701WA000000243803
B2010504755818N11949695WA000000243465
B2010514755827N11949689WA000000243244
B2010524755836N11949682WA000000242929
B2010534755844N11949676WA000000242757
B2010544755852N11949669WA000000242568
B2010554755860N11949662WA000000242396
B2010564755869N11949655WA000000242022
B2010574755877N11949648WA000000241842
B2010584755885N11949641WA000000241654
B2010594755893N11949633WA000000241179
B2011004755902N11949626WA000000240839
B2011014755910N11949619WA000000240494
B2011024755919N11949611WA000000240007
B2011034755927N11949603WA000000239626
B2011044755935N11949595WA000000239161
B2011054755943N11949586WA000000238792
B2011064755952N11949578WA000000238342
B2011074755961N11949570WA000000237944
B2011084755970N11949562WA000000237525
B2011094755979N11949554WA000000237331
B2011104755988N11949546WA000000237010
B2011114755996N11949538WA000000236969
B2011124756005N11949530WA000000236659
B2011134756013N11949524WA000000236661
B2011144756021N11949517WA000000236562
B2011154756029N11949509WA000000236438
B2011164756037N11949503WA000000236210
B2011174756044N11949495WA000000235885
B2011184756052N11949489WA000000235500
B2011194756059N11949481WA000000235183
B2011204756068N11949473WA000000234718
B2011214756076N11949466WA000000234201
B2011224756084N11949458WA000000234086
B2011234756093N11949451WA000000234053
B2011244756101N11949443WA000000234057
B2011254756108N11949436WA000000234098
B2011264756115N11949430WA000000233899
B2011274756123N11949424WA000000233636
B2011284756130N11949418WA000000233395
B2011294756138N11949412WA000000232940
B2011304756146N11949405WA000000232537
B2011314756154N11949398WA000000232147
B2011324756162N11949391WA000000231754
B2011334756170N11949383WA000000231367
B2011344756179N11949375WA000000231049
B2011354756187N11949368WA000000230752
B2011364756195N11949360WA000000230676
B2011374756203N11949353WA000000230465
B2011384756211N11949346WA000000216485
B2011394756220N11949340WA000000221540
B2011404756228N11949334WA000000223501
B2011414756236N11949327WA000000226034
B2011424756244N11949321WA000000226659
B2011434756252N11949315WA000000227230
B2011444756260N11949309WA000000227813
B2011454756267N11949303WA000000228153
B2011464756275N11949297WA000000228225
B2011474756282N11949291WA000000228289
B2011484756290N11949285WA000000228174
B2011494756298N11949279WA000000227864
B2011504756307N11949272WA000000227538
B2011514756316N11949266WA000000227439
B2011524756324N11949259WA000000227065
B2011534756332N11949252WA000000226762
B2011544756340N11949244WA000000203365
B2011554756348N11949237WA000000212245
B2011564756356N11949230WA000000216204
B2011574756363N11949222WA000000219699
B2011584756371N11949215WA000000221653
B2011594756379N11949207WA000000223026
B2012004756386N11949199WA000000223568
B2012014756394N11949192WA000000205173
B2012024756402N11949184WA000000212288
B2012034756410N11949178WA000000215680
B2012044756418N11949170WA000000218072
B2012054756426N11949162WA000000220125
B2012064756434N11949153WA000000220815
B2012074756442N11949144WA000000220516
B2012084756449N11949134WA000000220697
B2012094756457N11949124WA000000220761
B2012104756464N11949113WA000000220883
B2012114756471N11949103WA000000220689
B2012124756478N11949094WA000000220818
B2012134756484N11949087WA000000221050
B2012144756490N11949081WA000000221191
B2012154756497N11949075WA000000221338
LXCTACTIVITY STILL 100
B2012164756504N11949070WA000000221418
B2012174756510N11949065WA000000221320
B2012184756516N11949059WA000000221225
B2012194756523N11949051WA000000220920
B2012204756530N11949043WA000000220590
B2012214756538N11949033WA000000220209
B2012224756545N11949025WA000000220204
B2012234756551N11949017WA000000220667
B2012244756557N11949013WA000000221242
B2012254756563N11949011WA000000221817
B2012264756568N11949009WA000000222059
B2012274756575N11949007WA000000222101
B2012284756580N11949003WA000000222275
B2012294756586N11948999WA000000222367
B2012304756592N11948994WA000000222348
B2012314756597N11948990WA000000222595
B2012324756602N11948986WA000000222744
B2012334756607N11948982WA000000222852
B2012344756613N11948978WA000000223105
B2012354756619N11948974WA000000223409
B2012364756625N11948971WA000000223523
B2012374756631N11948967WA000000223656
B2012384756637N11948964WA000000223614
B2012394756642N11948961WA000000223787
B2012404756648N11948958WA000000223834
B2012414756653N11948955WA000000223936
B2012424756658N11948952WA000000223938
B2012434756662N11948949WA000000223974
B2012444756665N11948945WA000000223984
B2012454756667N11948941WA000000223962
B2012464756668N11948937WA000000223919
B2012474756666N11948935WA000000223939
LXCTACTIVITY OTHER 80
B2012484756663N11948937WA000000223836
B2012494756659N11948941WA000000223748
B2012504756656N11948949WA000000223639
B2012514756654N11948959WA000000223799
B2012524756653N11948970WA000000223896
B2012534756654N11948980WA000000223919
B2012544756654N11948991WA000000224022
B2012554756654N11949001WA000000224178
B2012564756655N11949012WA000000224131
B2012574756655N11949022WA000000224165
B2012584756655N11949032WA000000224170
B2012594756655N11949041WA000000224021
B2013004756654N11949050WA000000223836
B2013014756653N11949060WA000000223852
B2013024756653N11949069WA000000223863
B2013034756654N11949079WA000000223897
B2013044756659N11949090WA000000223933
B2013054756666N11949098WA000000223865
B2013064756674N11949103WA000000223772
B2013074756683N11949103WA000000223519
B2013084756690N11949102WA000000223665
B2013094756696N11949098WA000000223754
B2013104756701N11949093WA000000223868
B2013114756706N11949088WA000000223816
B2013124756711N11949083WA000000223885
B2013134756718N11949077WA000000208711
B2013144756725N11949070WA000000214929
B2013154756733N11949064WA000000218167
B2013164756741N11949059WA000000219671
B2013174756749N11949054WA000000220645
B2013184756756N11949051WA000000221372
B2013194756763N11949048WA000000221973
B2013204756770N11949044WA000000210946
B2013214756778N11949040WA000000215622
B2013224756786N11949035WA000000218033
B2013234756794N11949030WA000000219330
B2013244756802N11949025WA000000220251
B2013254756810N11949020WA000000220680
B2013264756818N11949014WA000000221376
B2013274756826N11949009WA000000221752
B2013284756833N11949003WA000000222095
B2013294756841N11948998WA000000222142
B2013304756848N11948991WA000000222234
B2013314756854N11948984WA000000222367
B2013324756861N11948979WA000000222275
B2013334756867N11948975WA000000222300
B2013344756872N11948970WA000000222879
B2013354756878N11948967WA000000223055
B2013364756884N11948963WA000000223146
B2013374756889N11948959WA000000223230
B2013384756894N11948954WA000000223429
B2013394756898N11948950WA000000223666
B2013404756902N11948945WA000000206299
B2013414756906N11948940WA000000220017
B2013424756908N11948935WA000000221686
B2013434756911N11948930WA000000223221
B2013444756914N11948924WA000000224326
B2013454756917N11948919WA000000224748
B2013464756920N11948915WA000000225250
B2013474756922N11948909WA000000225686
B2013484756924N11948904WA000000225809
B2013494756923N11948901WA000000226163
B2013504756921N11948899WA000000226363
B2013514756917N11948900WA000000212683
B2013524756914N11948903WA000000218759
B2013534756911N11948912WA000000221850
B2013544756910N11948921WA000000223669
B2013554756911N11948931WA000000225079
B2013564756913N11948942WA000000220647
B2013574756915N11948952WA000000224083
B2013584756917N11948961WA000000225763
B2013594756919N11948971WA000000226450
B2014004756920N11948981WA000000226793
B2014014756923N11948991WA000000227119
B2014024756926N11949003WA000000227310
B2014034756930N11949013WA000000227581
B2014044756937N11949021WA000000227709
B2014054756944N11949028WA000000227847
B2014064756952N11949031WA000000227994
B2014074756961N11949031WA000000228007
B2014084756968N11949029WA000000228147
B2014094756975N11949026WA000000228410
B2014104756980N11949021WA000000228646
B2014114756983N11949017WA000000229080
B2014124756986N11949012WA000000229403
B2014134756987N11949007WA000000229159
B2014144756986N11949003WA000000229648
B2014154756985N11949001WA000000229815
B2014164756983N11949001WA000000230081
B2014174756980N11949006WA000000230157
B2014184756979N11949013WA000000221033
B2014194756979N11949022WA000000224868
B2014204756980N11949034WA000000226980
B2014214756984N11949044WA000000219962
B2014224756990N11949053WA000000224166
B2014234756998N11949061WA000000226410
B2014244757006N11949065WA000000227827
B2014254757014N11949067WA000000228559
B2014264757022N11949068WA000000229534
B2014274757029N11949068WA000000229924
B2014284757035N11949066WA000000230294
B2014294757040N11949062WA000000230618
B2014304757043N11949058WA000000231037
B2014314757044N11949053WA000000231311
B2014324757044N11949047WA000000231509
B2014334757043N11949042WA000000231885
B2014344757042N11949040WA000000232214
B2014354757039N11949040WA000000232692
B2014364757037N11949042WA000000221364
B2014374757035N11949048WA000000226131
B2014384757033N11949056WA000000228757
B2014394757034N11949066WA000000230216
B2014404757037N11949078WA000000231463
B2014414757044N11949089WA000000230238
B2014424757052N11949098WA000000231774
B2014434757062N11949102WA000000232702
B2014444757071N11949102WA000000233304
B2014454757078N11949100WA000000207760
B2014464757084N11949095WA000000217267
B2014474757088N11949091WA000000224370
B2014484757091N11949086WA000000227995
B2014494757094N11949080WA000000229469
B2014504757097N11949076WA000000231123
B2014514757099N11949071WA000000231782
B2014524757102N11949066WA000000233222
B2014534757107N11949059WA000000233839
B2014544757113N11949054WA000000233905
B2014554757119N11949050WA000000234450
LXCTACTIVITY STILL 54
B2014564757126N11949047WA000000234896
B2014574757134N11949045WA000000234840
B2014584757142N11949042WA000000235106
B2014594757150N11949041WA000000235502
B2015004757158N11949040WA000000235834
B2015014757166N11949040WA000000236091
B2015024757174N11949040WA000000236235
B2015034757181N11949041WA000000236330
B2015044757188N11949041WA000000226935
B2015054757194N11949041WA000000231195
B2015064757201N11949040WA000000233788
B2015074757208N11949039WA000000234932
B2015084757214N11949036WA000000235655
B2015094757220N11949033WA000000236418
B2015104757225N11949030WA000000236989
B2015114757232N11949028WA000000237212
B2015124757238N11949025WA000000237538
B2015134757245N11949023WA000000237819
B2015144757251N11949021WA000000238158
B2015154757258N11949021WA000000238344
B2015164757264N11949018WA000000238309
B2015174757270N11949018WA000000238721
B2015184757276N11949017WA000000239086
B2015194757284N11949017WA000000239203
B2015204757291N11949016WA000000239345
B2015214757299N11949016WA000000226204
B2015224757306N11949017WA000000231972
B2015234757314N11949019WA000000235376
B2015244757322N11949025WA000000237020
B2015254757329N11949031WA000000238358
B2015264757335N11949039WA000000238877
B2015274757341N11949048WA000000239507
B2015284757345N11949058WA000000239829
B2015294757347N11949069WA000000240360
B2015304757348N11949080WA000000240711
B2015314757347N11949090WA000000241270
B2015324757346N11949098WA000000235242
B2015334757344N11949105WA000000238730
B2015344757342N11949110WA000000240406
B2015354757339N11949113WA000000241365
B2015364757337N11949113WA000000242030
B2015374757336N11949112WA000000242251
B2015384757336N11949109WA000000242843
B2015394757336N11949105WA000000243473
B2015404757337N11949101WA000000243850
B2015414757339N11949097WA000000244020
B2015424757341N11949092WA000000244337
B2015434757344N11949089WA000000244613
B2015444757348N11949085WA000000244864
LXCTACTIVITY OTHER 83
B2015454757355N11949082WA000000245103
B2015464757361N11949079WA000000245371
B2015474757369N11949077WA000000245544
B2015484757377N11949076WA000000245948
B2015494757385N11949079WA000000246275
B2015504757393N11949084WA000000246536
B2015514757399N11949093WA000000246794
B2015524757405N11949103WA000000246829
B2015534757409N11949114WA000000247019
B2015544757410N11949126WA000000247270
B2015554757410N11949136WA000000247486
B2015564757409N11949147WA000000247683
B2015574757408N11949156WA000000247819
B2015584757405N11949164WA000000248084
B2015594757402N11949168WA000000248468
B2016004757400N11949171WA000000248518
B2016014757397N11949172WA000000248757
B2016024757395N11949170WA000000249099
B2016034757395N11949166WA000000249289
B2016044757397N11949161WA000000249558
B2016054757401N11949157WA000000249810
B2016064757407N11949152WA000000249935
B2016074757414N11949150WA000000250070
B2016084757422N11949149WA000000250399
B2016094757431N11949151WA000000250621
B2016104757438N11949157WA000000250920
B2016114757444N11949164WA000000251241
B2016124757449N11949173WA000000251395
B2016134757455N11949183WA000000251559
B2016144757462N11949192WA000000251608
B2016154757470N11949199WA000000251700
B2016164757478N11949203WA000000251852
B2016174757487N11949206WA000000252002
B2016184757495N11949209WA000000252155
B2016194757503N11949213WA000000252568
B2016204757511N11949218WA000000252935
B2016214757518N11949224WA000000253317
B2016224757523N11949232WA000000253641
B2016234757528N11949240WA000000253919
B2016244757530N11949251WA000000254058
B2016254757530N11949263WA000000253964
B2016264757529N11949272WA000000254106
B2016274757524N11949279WA000000254292
B2016284757520N11949281WA000000254598
B2016294757516N11949281WA000000254887
B2016304757515N11949279WA000000255213
B2016314757515N11949274WA000000255661
B2016324757518N11949268WA000000256028
B2016334757522N11949262WA000000256288
B2016344757528N11949257WA000000256363
B2016354757534N11949253WA000000256691
B2016364757542N11949251WA000000256924
B2016374757550N11949253WA000000257120
B2016384757558N11949257WA000000257232
B2016394757565N11949262WA000000257618
B2016404757571N11949270WA000000257827
B2016414757575N11949279WA000000258199
B2016424757579N11949290WA000000258184
B2016434757582N11949301WA000000258347
LXCTACTIVITY STILL 52
B2016444757583N11949312WA000000258561
B2016454757582N11949321WA000000253793
B2016464757580N11949328WA000000256159
B2016474757576N11949333WA000000257322
B2016484757571N11949334WA000000257754
B2016494757568N11949331WA000000258319
B2016504757566N11949327WA000000258894
B2016514757566N11949322WA000000259463
B2016524757568N11949317WA000000259727
B2016534757568N11949313WA000000260297
B2016544757571N11949309WA000000260580
B2016554757574N11949305WA000000260940
B2016564757577N11949300WA000000261266
B2016574757581N11949297WA000000261470
B2016584757586N11949293WA000000261768
B2016594757592N11949291WA000000261969
B2017004757600N11949291WA000000262022
B2017014757608N11949292WA000000252090
B2017024757616N11949298WA000000255590
B2017034757623N11949305WA000000257987
B2017044757629N11949315WA000000259495
B2017054757633N11949326WA000000258669
B2017064757635N11949338WA000000260543
B2017074757635N11949348WA000000261547
B2017084757633N11949358WA000000262253
B2017094757631N11949365WA000000262629
B2017104757628N11949371WA000000263040
B2017114757625N11949372WA000000263427
B2017124757622N11949373WA000000263437
B2017134757620N11949371WA000000263775
B2017144757620N11949368WA000000264002
B2017154757621N11949363WA000000264273
B2017164757625N11949357WA000000264406
B2017174757632N11949355WA000000264580
B2017184757640N11949353WA000000264753
B2017194757648N11949352WA000000264901
B2017204757655N11949350WA000000265105
B2017214757661N11949348WA000000265332
B2017224757667N11949346WA000000265474
B2017234757674N11949344WA000000265605
B2017244757681N11949342WA000000265626
B2017254757688N11949341WA000000265682
B2017264757696N11949339WA000000265656
B2017274757703N11949339WA000000265883
B2017284757711N11949338WA000000266061
B2017294757719N11949337WA000000266147
B2017304757727N11949337WA000000266317
B2017314757734N11949337WA000000266531
B2017324757740N11949335WA000000266696
B2017334757747N11949333WA000000266715
B2017344757753N11949331WA000000266920
B2017354757759N11949329WA000000267008
B2017364757765N11949328WA000000267163
B2017374757773N11949327WA000000267218
B2017384757781N11949327WA000000267124
B2017394757789N11949326WA000000267147
B2017404757798N11949326WA000000255630
B2017414757807N11949325WA000000260112
B2017424757816N11949323WA000000262408
B2017434757824N11949321WA000000263929
B2017444757831N11949320WA000000264875
B2017454757839N11949318WA000000265312
B2017464757846N11949316WA000000265605
B2017474757853N11949313WA000000266059
B2017484757861N11949311WA000000266428
B2017494757868N11949309WA000000266879
B2017504757876N11949308WA000000267014
B2017514757883N11949306WA000000267345
B2017524757890N11949304WA000000267639
B2017534757896N11949303WA000000267952
B2017544757903N11949302WA000000268121
B2017554757909N11949301WA000000268582
B2017564757916N11949299WA000000264765
B2017574757923N11949296WA000000266689
B2017584757931N11949294WA000000267513
B2017594757938N11949291WA000000267783
B2018004757947N11949289WA000000267820
B2018014757955N11949285WA000000268237
B2018024757962N11949282WA000000268697
B2018034757969N11949280WA000000268873
B2018044757976N11949278WA000000268940
B2018054757983N11949275WA000000268979
B2018064757991N11949273WA000000268907
B2018074757998N11949271WA000000268972
B2018084758007N11949268WA000000268917
B2018094758015N11949265WA000000268937
B2018104758022N11949262WA000000268984
B2018114758030N11949258WA000000268986
B2018124758038N11949255WA000000268832
B2018134758046N11949251WA000000268713
B2018144758054N11949247WA000000268549
B2018154758064N11949244WA000000268303
B2018164758073N11949240WA000000268184
B2018174758084N11949236WA000000267909
B2018184758094N11949231WA000000267816
B2018194758103N11949226WA000000267984
B2018204758113N11949221WA000000267909
B2018214758121N11949217WA000000267993
B2018224758131N11949211WA000000267919
B2018234758140N11949207WA000000267930
B2018244758150N11949202WA000000267734
B2018254758159N11949197WA000000267667
B2018264758169N11949192WA000000267543
B2018274758178N11949187WA000000267443
B2018284758187N11949182WA000000267451
B2018294758196N11949176WA000000267358
B2018304758205N11949171WA000000267258
B2018314758214N11949166WA000000267045
B2018324758223N11949161WA000000266683
B2018334758233N11949155WA000000266426
B2018344758242N11949149WA000000266284
B2018354758252N11949144WA000000265902
B2018364758260N11949139WA000000265881
B2018374758269N11949134WA000000265871
B2018384758277N11949129WA000000265797
B2018394758287N11949124WA000000265647
B2018404758296N11949119WA000000265218
B2018414758304N11949114WA000000264994
B2018424758314N11949108WA000000264606
B2018434758323N11949103WA000000264426
B2018444758332N11949098WA000000264143
B2018454758341N11949093WA000000264093
B2018464758350N11949088WA000000263996
B2018474758360N11949082WA000000263676
B2018484758370N11949077WA000000263513
B2018494758379N11949071WA000000263364
B2018504758389N11949065WA000000263178
B2018514758398N11949061WA000000263474
B2018524758407N11949057WA000000263719
B2018534758415N11949054WA000000264117
B2018544758423N11949050WA000000264378
B2018554758431N11949047WA000000264377
B2018564758441N11949044WA000000260303
B2018574758450N11949040WA000000261843
B2018584758459N11949036WA000000262817
B2018594758467N11949032WA000000263899
B2019004758475N11949030WA000000264560
B2019014758483N11949027WA000000265118
B2019024758490N11949024WA000000265598
B2019034758498N11949021WA000000265768
B2019044758507N11949017WA000000265809
B2019054758515N11949013WA000000265921
B2019064758522N11949007WA000000266182
B2019074758528N11949001WA000000266309
B2019084758530N11948995WA000000266514
B2019094758530N11948988WA000000258537
B2019104758528N11948984WA000000260928
B2019114758525N11948983WA000000263099
B2019124758523N11948983WA000000264594
B2019134758523N11948987WA000000265201
B2019144758521N11948989WA000000266170
B2019154758520N11948989WA000000262937
B2019164758518N11948989WA000000264740
B2019174758516N11948987WA000000266145
B2019184758514N11948985WA000000266689
B2019194758512N11948985WA000000267195
B2019204758510N11948986WA000000267555
B2019214758508N11948992WA000000267778
B2019224758508N11949000WA000000267835
B2019234758509N11949009WA000000268222
B2019244758516N11949018WA000000268327
B2019254758524N11949025WA000000268529
B2019264758534N11949029WA000000268665
B2019274758545N11949029WA000000268906
B2019284758554N11949027WA000000269073
B2019294758563N11949023WA000000269406
B2019304758571N11949020WA000000269818
B2019314758579N11949018WA000000270110
B2019324758586N11949015WA000000270499
B2019334758594N11949013WA000000270692
B2019344758603N11949010WA000000270917
B2019354758611N11949008WA000000271176
B2019364758620N11949006WA000000271244
B2019374758629N11949003WA000000271462
B2019384758638N11949001WA000000271532
B2019394758647N11948998WA000000271605
B2019404758655N11948995WA000000271730
B2019414758664N11948991WA000000271871
B2019424758673N11948987WA000000271986
B2019434758682N11948984WA000000272265
B2019444758690N11948983WA000000272461
B2019454758698N11948981WA000000272581
B2019464758707N11948978WA000000272745
B2019474758716N11948975WA000000272808
B2019484758724N11948973WA000000272770
B2019494758733N11948969WA000000272687
B2019504758743N11948965WA000000272556
B2019514758753N11948961WA000000272461
B2019524758763N11948956WA000000272274
B2019534758774N11948950WA000000272219
B2019544758783N11948945WA000000272177
B2019554758793N11948939WA000000272058
B2019564758803N11948933WA000000272019
B2019574758812N11948928WA000000271951
B2019584758822N11948921WA000000271845
B2019594758832N11948915WA000000271704
B2020004758841N11948909WA000000271679
B2020014758851N11948904WA000000271441
B2020024758860N11948898WA000000271487
B2020034758870N11948893WA000000271436
B2020044758878N11948888WA000000271493
B2020054758887N11948883WA000000271440
B2020064758896N11948878WA000000271210
B2020074758905N11948873WA000000271161
B2020084758915N11948867WA000000271006
B2020094758924N11948861WA000000270724
B2020104758933N11948855WA000000270444
B2020114758942N11948849WA000000267677
B2020124758952N11948843WA000000268629
B2020134758961N11948838WA000000269092
B2020144758971N11948831WA000000269199
B2020154758981N11948826WA000000268980
B2020164758991N11948820WA000000268892
B2020174759002N11948813WA000000268658
B2020184759013N11948807WA000000268407
B2020194759023N11948801WA000000268124
B2020204759033N11948795WA000000268042
B2020214759043N11948788WA000000267955
B2020224759053N11948782WA000000267825
B2020234759062N11948776WA000000267675
B2020244759072N11948770WA000000267542
B2020254759082N11948763WA000000267315
B2020264759091N11948756WA000000267163
B2020274759101N11948749WA000000266810
B2020284759110N11948742WA000000266774
B2020294759120N11948735WA000000266549
B2020304759129N11948730WA000000266581
B2020314759139N11948724WA000000266306
B2020324759149N11948718WA000000266003
B2020334759158N11948711WA000000265877
B2020344759168N11948706WA000000265641
B2020354759177N11948699WA000000265597
B2020364759188N11948693WA000000265301
B2020374759198N11948686WA000000265005
B2020384759207N11948679WA000000264755
B2020394759217N11948672WA000000264631
B2020404759226N11948665WA000000264573
B2020414759235N11948659WA000000264481
B2020424759245N11948652WA000000264249
B2020434759255N11948646WA000000264119
B2020444759265N11948640WA000000263905
B2020454759275N11948634WA000000263613
B2020464759285N11948628WA000000263411
B2020474759295N11948623WA000000263205
B2020484759304N11948618WA000000263043
B2020494759313N11948613WA000000262894
B2020504759323N11948607WA000000262629
B2020514759332N11948602WA000000262528
B2020524759341N11948598WA000000262323
B2020534759350N11948591WA000000262078
B2020544759359N11948586WA000000261873
B2020554759369N11948581WA000000261500
B2020564759378N11948575WA000000261226
B2020574759388N11948569WA000000261038
B2020584759398N11948563WA000000260857
B2020594759408N11948558WA000000260666
B2021004759418N11948553WA000000260560
B2021014759428N11948547WA000000260260
B2021024759438N11948540WA000000260068
B2021034759448N11948534WA000000259739
B2021044759457N11948529WA000000259575
B2021054759467N11948524WA000000259360
B2021064759477N11948518WA000000259035
B2021074759487N11948513WA000000258701
B2021084759497N11948507WA000000258408
B2021094759506N11948502WA000000258174
B2021104759516N11948497WA000000258054
B2021114759525N11948492WA000000257792
B2021124759535N11948487WA000000257542
B2021134759545N11948482WA000000257203
B2021144759554N11948476WA000000257099
B2021154759564N11948471WA000000256789
B2021164759574N11948465WA000000256366
B2021174759584N11948458WA000000256016
B2021184759593N11948451WA000000255822
B2021194759602N11948444WA000000255640
B2021204759611N11948436WA000000255605
B2021214759619N11948429WA000000255391
B2021224759628N11948422WA000000254991
B2021234759637N11948415WA000000254694
B2021244759646N11948407WA000000254398
B2021254759656N11948399WA000000254038
B2021264759665N11948392WA000000253701
B2021274759674N11948384WA000000253413
B2021284759683N11948375WA000000253207
B2021294759692N11948368WA000000253000
B2021304759701N11948360WA000000252803
B2021314759709N11948352WA000000252773
B2021324759718N11948344WA000000252669
B2021334759727N11948338WA000000252373
B2021344759736N11948332WA000000252252
B2021354759746N11948325WA000000252123
B2021364759755N11948318WA000000251984
B2021374759764N11948311WA000000251797
B2021384759774N11948304WA000000251541
B2021394759783N11948297WA000000251177
B2021404759793N11948291WA000000250942
B2021414759802N11948284WA000000250772
B2021424759812N11948277WA000000250631
B2021434759822N11948270WA000000250429
B2021444759831N11948264WA000000250184
B2021454759841N11948258WA000000249952
B2021464759852N11948251WA000000249713
B2021474759862N11948244WA000000249534
B2021484759872N11948237WA000000249288
B2021494759883N11948231WA000000248907
B2021504759893N11948225WA000000248664
B2021514759904N11948219WA000000248332
B2021524759914N11948213WA000000248187
B2021534759925N11948207WA000000248027
B2021544759935N11948202WA000000247961
B2021554759946N11948195WA000000247738
B2021564759956N11948189WA000000247566
B2021574759966N11948183WA000000247283
B2021584759976N11948176WA000000247096
B2021594759986N11948169WA000000246695
B2022004759996N11948163WA000000246270
B2022014800006N11948156WA000000245952
B2022024800016N11948149WA000000245447
B2022034800026N11948143WA000000245176
B2022044800036N11948137WA000000244892
B2022054800046N11948131WA000000244690
B2022064800057N11948125WA000000244304
B2022074800067N11948118WA000000244119
B2022084800076N11948113WA000000243892
B2022094800087N11948106WA000000243638
B2022104800097N11948100WA000000243301
B2022114800106N11948093WA000000243092
B2022124800116N11948086WA000000242675
B2022134800126N11948079WA000000242202
LXCTACTIVITY OTHER 89
B2022144800135N11948071WA000000241963
B2022154800145N11948062WA000000241378
B2022164800155N11948053WA000000240843
B2022174800165N11948043WA000000240441
B2022184800175N11948033WA000000240020
B2022194800184N11948023WA000000239787
B2022204800194N11948013WA000000239568
B2022214800204N11948004WA000000239462
B2022224800213N11947996WA000000239292
B2022234800223N11947987WA000000238820
B2022244800231N11947978WA000000238873
B2022254800240N11947970WA000000238551
B2022264800249N11947961WA000000238220
B2022274800258N11947951WA000000237916
B2022284800267N11947942WA000000237705
B2022294800275N11947933WA000000237092
B2022304800285N11947923WA000000236639
B2022314800295N11947915WA000000236101
B2022324800304N11947906WA000000235721
B2022334800313N11947897WA000000235652
B2022344800322N11947888WA000000235344
B2022354800331N11947880WA000000235055
B2022364800341N11947872WA000000234740
B2022374800351N11947864WA000000234508
B2022384800361N11947859WA000000234363
B2022394800372N11947855WA000000234162
B2022404800383N11947852WA000000233960
B2022414800394N11947849WA000000233844
B2022424800405N11947846WA000000233707
B2022434800415N11947843WA000000233519
B2022444800426N11947840WA000000233324
B2022454800436N11947838WA000000233124
B2022464800446N11947836WA000000232944
B2022474800457N11947834WA000000232533
B2022484800468N11947831WA000000232221
B2022494800480N11947829WA000000231900
B2022504800491N11947826WA000000231687
B2022514800503N11947825WA000000232417
B2022524800514N11947823WA000000232029
B2022534800524N11947821WA000000231668
B2022544800535N11947819WA000000231306
B2022554800546N11947816WA000000230806
B2022564800557N11947812WA000000230349
B2022574800569N11947809WA000000229701
B2022584800580N11947805WA000000229328
B2022594800592N11947805WA000000229003
B2023004800603N11947805WA000000229212
B2023014800613N11947805WA000000229193
B2023024800624N11947806WA000000228983
B2023034800636N11947805WA000000228649
B2023044800648N11947805WA000000228340
B2023054800660N11947803WA000000227989
B2023064800673N11947803WA000000227738
B2023074800686N11947804WA000000227602
B2023084800697N11947804WA000000227396
B2023094800709N11947804WA000000227365
B2023104800720N11947804WA000000227194
B2023114800731N11947803WA000000227158
B2023124800742N11947801WA000000226847
B2023134800753N11947799WA000000226359
B2023144800765N11947796WA000000225886
B2023154800778N11947792WA000000225375
B2023164800791N11947789WA000000224900
B2023174800802N11947786WA000000224811
B2023184800813N11947783WA000000224807
B2023194800821N11947781WA000000225152
B2023204800828N11947779WA000000225437
B2023214800834N11947778WA000000225565
B2023224800841N11947777WA000000225621
B2023234800849N11947775WA000000225401
B2023244800856N11947772WA000000225272
B2023254800865N11947768WA000000224864
B2023264800874N11947763WA000000224690
B2023274800884N11947757WA000000224247
B2023284800893N11947752WA000000224223
B2023294800902N11947746WA000000224227
B2023304800911N11947742WA000000224308
B2023314800920N11947739WA000000224351
B2023324800930N11947736WA000000224135
B2023334800941N11947734WA000000223902
B2023344800951N11947731WA000000223892
B2023354800962N11947727WA000000223820
B2023364800972N11947723WA000000223916
B2023374800983N11947719WA000000223922
B2023384800992N11947714WA000000223949
B2023394801000N11947711WA000000224198
B2023404801009N11947708WA000000224519
B2023414801016N11947706WA000000224896
B2023424801024N11947702WA000000225059
B2023434801031N11947698WA000000225185
B2023444801038N11947693WA000000225458
B2023454801045N11947689WA000000225712
B2023464801051N11947684WA000000226026
B2023474801057N11947679WA000000226149
B2023484801065N11947676WA000000226237
B2023494801073N11947675WA000000226498
B2023504801082N11947682WA000000226401
B2023514801087N11947690WA000000226582
B2023524801089N11947700WA000000226690
B2023534801089N11947708WA000000226714
B2023544801085N11947711WA000000226806
B2023554801081N11947710WA000000227178
B2023564801079N11947707WA000000227422
B2023574801078N11947703WA000000227615
B2023584801078N11947698WA000000227936
B2023594801079N11947693WA000000228150
B2024004801082N11947685WA000000228307
B2024014801086N11947677WA000000228443
B2024024801093N11947669WA000000228309
B2024034801101N11947663WA000000228479
B2024044801111N11947660WA000000228535
B2024054801120N11947659WA000000228646
B2024064801129N11947659WA000000240204
B2024074801136N11947660WA000000236561
B2024084801142N11947663WA000000234564
B2024094801147N11947669WA000000233098
B2024104801152N11947678WA000000231994
B2024114801153N11947688WA000000231291
B2024124801152N11947695WA000000230939
B2024134801148N11947700WA000000230888
B2024144801144N11947700WA000000230750
B2024154801141N11947695WA000000230612
B2024164801140N11947687WA000000230821
B2024174801142N11947677WA000000231149
B2024184801146N11947669WA000000238825
B2024194801151N11947661WA000000236176
B2024204801158N11947655WA000000234521
B2024214801165N11947649WA000000233869
B2024224801173N11947646WA000000233280
B2024234801182N11947642WA000000232804
B2024244801190N11947640WA000000232600
B2024254801197N11947637WA000000232799
B2024264801205N11947637WA000000232861
B2024274801213N11947636WA000000232951
B2024284801221N11947636WA000000233102
B2024294801228N11947636WA000000233235
B2024304801235N11947636WA000000233435
B2024314801243N11947636WA000000233502
B2024324801249N11947635WA000000233689
B2024334801256N11947635WA000000233961
B2024344801263N11947634WA000000233952
B2024354801271N11947632WA000000234126
B2024364801279N11947631WA000000234271
B2024374801287N11947630WA000000234664
B2024384801295N11947629WA000000235093
B2024394801304N11947628WA000000235515
B2024404801312N11947627WA000000236011
B2024414801318N11947622WA000000242059
B2024424801324N11947617WA000000239801
B2024434801327N11947609WA000000244656
B2024444801327N11947602WA000000242164
B2024454801325N11947597WA000000240244
B2024464801322N11947596WA000000238924
B2024474801319N11947600WA000000238541
B2024484801318N11947606WA000000238396
B2024494801319N11947615WA000000238493
B2024504801319N11947622WA000000238696
B2024514801323N11947632WA000000239121
B2024524801325N11947639WA000000239559
B2024534801331N11947648WA000000239950
B2024544801337N11947654WA000000240030
B2024554801349N11947655WA000000240106
B2024564801359N11947655WA000000240620
B2024574801368N11947652WA000000241056
B2024584801374N11947644WA000000241429
B2024594801379N11947636WA000000249829
B2025004801381N11947629WA000000247570
B2025014801382N11947621WA000000247939
B2025024801380N11947618WA000000246470
B2025034801378N11947617WA000000239191
B2025044801376N11947619WA000000241170
B2025054801375N11947623WA000000242105
B2025064801374N11947630WA000000242774
B2025074801377N11947639WA000000243209
B2025084801381N11947649WA000000243835
B2025094801387N11947657WA000000244196
B2025104801397N11947662WA000000244603
B2025114801406N11947663WA000000245191
B2025124801415N11947659WA000000245561
B2025134801422N11947650WA000000245819
B2025144801425N11947642WA000000246185
B2025154801426N11947635WA000000246464
B2025164801425N11947630WA000000246846
B2025174801424N11947628WA000000247209
B2025184801421N11947632WA000000247750
B2025194801420N11947637WA000000247940
B2025204801421N11947645WA000000248304
B2025214801423N11947655WA000000248496
B2025224801429N11947666WA000000248541
B2025234801436N11947674WA000000248870
B2025244801446N11947678WA000000249215
B2025254801454N11947678WA000000249948
B2025264801462N11947674WA000000250239
B2025274801468N11947668WA000000250587
B2025284801474N11947661WA000000250722
B2025294801477N11947653WA000000250924
B2025304801477N11947646WA000000251258
B2025314801476N11947643WA000000251475
B2025324801475N11947643WA000000251815
B2025334801474N11947645WA000000252306
B2025344801473N11947648WA000000252779
B2025354801473N11947655WA000000253158
B2025364801475N11947664WA000000253246
B2025374801481N11947674WA000000253143
B2025384801491N11947682WA000000252862
B2025394801502N11947686WA000000252889
B2025404801513N11947683WA000000252934
B2025414801521N11947679WA000000253724
B2025424801528N11947673WA000000254304
B2025434801531N11947667WA000000254996
B2025444801535N11947661WA000000255256
B2025454801538N11947655WA000000255436
B2025464801539N11947651WA000000255731
B2025474801538N11947648WA000000255987
B2025484801537N11947650WA000000256104
B2025494801535N11947655WA000000256030
B2025504801534N11947661WA000000256225
B2025514801534N11947671WA000000256380
B2025524801538N11947681WA000000256700
B2025534801542N11947689WA000000257235
B2025544801552N11947692WA000000257528
B2025554801560N11947693WA000000257871
B2025564801569N11947690WA000000258083
B2025574801576N11947684WA000000258332
B2025584801581N11947676WA000000258448
B2025594801582N11947669WA000000258552
B2026004801581N11947663WA000000258865
B2026014801579N11947661WA000000258956
B2026024801576N11947663WA000000259061
B2026034801573N11947667WA000000259178
B2026044801572N11947675WA000000259334
B2026054801573N11947685WA000000259351
B2026064801577N11947694WA000000259456
B2026074801584N11947702WA000000259520
B2026084801593N11947707WA000000259501
B2026094801603N11947707WA000000259549
B2026104801612N11947704WA000000259769
B2026114801619N11947698WA000000260243
B2026124801623N11947689WA000000260609
B2026134801623N11947682WA000000260820
B2026144801620N11947675WA000000260946
B2026154801616N11947674WA000000261143
B2026164801612N11947677WA000000261393
B2026174801610N11947681WA000000261555
B2026184801612N11947694WA000000261600
B2026194801616N11947704WA000000261415
B2026204801623N11947713WA000000261241
B2026214801633N11947718WA000000261257
B2026224801644N11947719WA000000261325
B2026234801653N11947716WA000000261597
B2026244801662N11947710WA000000261799
B2026254801670N11947703WA000000262056
B2026264801678N11947697WA000000262202
B2026274801684N11947690WA000000262788
B2026284801691N11947686WA000000263127
B2026294801698N11947681WA000000263333
B2026304801704N11947676WA000000263691
B2026314801711N11947671WA000000263927
B2026324801718N11947666WA000000264208
B2026334801725N11947662WA000000264446
B2026344801732N11947658WA000000264592
B2026354801740N11947653WA000000264797
B2026364801749N11947649WA000000264677
B2026374801758N11947647WA000000264728
B2026384801767N11947643WA000000264631
B2026394801777N11947638WA000000264614
B2026404801787N11947633WA000000264403
B2026414801796N11947628WA000000264461
B2026424801805N11947624WA000000264410
B2026434801813N11947620WA000000264524
B2026444801821N11947617WA000000264674
B2026454801829N11947615WA000000264793
B2026464801838N11947611WA000000264869
B2026474801847N11947608WA000000264885
B2026484801856N11947604WA000000264856
B2026494801865N11947600WA000000264804
B2026504801873N11947596WA000000264806
B2026514801880N11947592WA000000264887
B2026524801888N11947587WA000000264819
B2026534801896N11947582WA000000264504
B2026544801903N11947577WA000000264392
B2026554801912N11947571WA000000264091
B2026564801923N11947563WA000000263728
B2026574801933N11947556WA000000263509
B2026584801942N11947550WA000000263444
B2026594801951N11947543WA000000263594
B2027004801960N11947536WA000000263575
B2027014801970N11947530WA000000263713
B2027024801979N11947524WA000000263712
B2027034801988N11947518WA000000263612
B2027044801998N11947511WA000000263635
B2027054802008N11947505WA000000263510
B2027064802017N11947499WA000000263430
B2027074802026N11947493WA000000263330
B2027084802035N11947485WA000000263386
B2027094802044N11947478WA000000263377
B2027104802053N11947472WA000000263200
B2027114802062N11947464WA000000263244
B2027124802071N11947457WA000000263016
B2027134802079N11947450WA000000262930
B2027144802088N11947442WA000000262714
B2027154802096N11947433WA000000262376
B2027164802105N11947425WA000000262032
B2027174802113N11947417WA000000261716
B2027184802121N11947409WA000000261645
B2027194802129N11947402WA000000261393
B2027204802138N11947394WA000000261378
B2027214802148N11947387WA000000260826
B2027224802158N11947381WA000000260341
B2027234802168N11947376WA000000259860
B2027244802179N11947370WA000000259329
B2027254802191N11947367WA000000258930
B2027264802202N11947363WA000000258578
B2027274802213N11947361WA000000258370
B2027284802224N11947357WA000000258199
B2027294802236N11947354WA000000257921
B2027304802247N11947350WA000000257634
B2027314802257N11947345WA000000257578
B2027324802267N11947341WA000000257294
B2027334802278N11947336WA000000257054
B2027344802289N11947331WA000000256736
B2027354802300N11947326WA000000256517
B2027364802310N11947322WA000000256296
B2027374802321N11947317WA000000255986
B2027384802332N11947312WA000000255591
B2027394802343N11947307WA000000255355
B2027404802354N11947302WA000000255105
B2027414802364N11947298WA000000254847
B2027424802374N11947294WA000000254491
B2027434802385N11947289WA000000253976
B2027444802396N11947285WA000000253465
B2027454802406N11947280WA000000253065
B2027464802416N11947276WA000000252997
B2027474802427N11947273WA000000252872
B2027484802437N11947270WA000000252596
B2027494802448N11947267WA000000252358
B2027504802459N11947265WA000000252032
B2027514802470N11947261WA000000251439
B2027524802481N11947258WA000000250956
B2027534802492N11947255WA000000250432
B2027544802503N11947252WA000000250077
B2027554802515N11947249WA000000249624
B2027564802526N11947245WA000000249374
B2027574802539N11947240WA000000248809
B2027584802551N11947236WA000000248449
B2027594802563N11947232WA000000248177
B2028004802575N11947228WA000000247863
B2028014802587N11947224WA000000247524
B2028024802598N11947220WA000000247445
B2028034802609N11947217WA000000247232
B2028044802620N11947213WA000000247118
B2028054802631N11947209WA000000246909
B2028064802642N11947205WA000000246518
B2028074802652N11947202WA000000246191
B2028084802664N11947198WA000000245930
B2028094802675N11947194WA000000245573
B2028104802687N11947192WA000000245442
B2028114802699N11947188WA000000245288
B2028124802711N11947185WA000000244835
B2028134802722N11947181WA000000244665
B2028144802733N11947177WA000000244386
B2028154802745N11947173WA000000244129
B2028164802757N11947169WA000000243713
B2028174802769N11947164WA000000243335
B2028184802781N11947160WA000000242925
B2028194802793N11947156WA000000242651
B2028204802806N11947151WA000000242353
B2028214802818N11947147WA000000242180
B2028224802831N11947143WA000000242011
B2028234802843N11947138WA000000241838
B2028244802855N11947134WA000000241627
B2028254802867N11947130WA000000241612
B2028264802879N11947125WA000000241429
B2028274802891N11947122WA000000241233
B2028284802904N11947118WA000000240907
B2028294802916N11947114WA000000240828
B2028304802928N11947111WA000000240782
B2028314802941N11947106WA000000240409
B2028324802953N11947102WA000000240205
B2028334802965N11947098WA000000240162
B2028344802977N11947093WA000000239999
B2028354802990N11947088WA000000239558
B2028364803003N11947083WA000000239223
B2028374803015N11947078WA000000238981
B2028384803028N11947073WA000000238661
B2028394803041N11947067WA000000238383
B2028404803054N11947062WA000000238041
B2028414803066N11947056WA000000237895
B2028424803079N11947050WA000000237617
B2028434803091N11947044WA000000237458
B2028444803103N11947038WA000000237353
B2028454803115N11947031WA000000237086
B2028464803128N11947024WA000000236818
B2028474803140N11947017WA000000236479
B2028484803153N11947010WA000000236140
B2028494803165N11947002WA000000235691
B2028504803178N11946994WA000000235321
B2028514803190N11946986WA000000235114
B2028524803202N11946978WA000000235017
B2028534803213N11946971WA000000234994
B2028544803225N11946964WA000000234564
B2028554803237N11946957WA000000234033
B2028564803249N11946950WA000000233551
B2028574803261N11946942WA000000233183
B2028584803274N11946934WA000000232835
B2028594803287N11946926WA000000232403
B2029004803299N11946918WA000000232058
B2029014803311N11946911WA000000231683
B2029024803323N11946903WA000000231498
B2029034803335N11946896WA000000231276
B2029044803347N11946889WA000000230846
B2029054803359N11946882WA000000230430
B2029064803371N11946874WA000000230035
B2029074803383N11946867WA000000229702
B2029084803394N11946860WA000000237754
B2029094803406N11946853WA000000235117
B2029104803416N11946847WA000000232765
B2029114803426N11946840WA000000231394
B2029124803436N11946832WA000000230475
B2029134803446N11946824WA000000229535
B2029144803456N11946816WA000000229106
B2029154803466N11946808WA000000228814
B2029164803476N11946800WA000000228464
B2029174803487N11946793WA000000228113
B2029184803497N11946785WA000000227996
B2029194803508N11946778WA000000227790
B2029204803520N11946769WA000000227408
B2029214803530N11946760WA000000227467
B2029224803540N11946753WA000000227375
B2029234803550N11946746WA000000227225
B2029244803559N11946739WA000000227276
B2029254803569N11946733WA000000227262
B2029264803579N11946726WA000000227130
B2029274803588N11946720WA000000227158
B2029284803598N11946715WA000000227030
B2029294803608N11946709WA000000226932
B2029304803618N11946704WA000000226814
B2029314803628N11946698WA000000226818
B2029324803638N11946692WA000000226515
B2029334803648N11946686WA000000226413
B2029344803657N11946679WA000000226298
B2029354803668N11946673WA000000226126
B2029364803678N11946667WA000000226050
B2029374803688N11946660WA000000225985
B2029384803699N11946653WA000000225846
B2029394803709N11946646WA000000225897
B2029404803720N11946640WA000000225903
B2029414803729N11946633WA000000225962
B2029424803739N11946626WA000000225914
B2029434803748N11946619WA000000226005
B2029444803757N11946612WA000000226012
B2029454803765N11946605WA000000226264
B2029464803773N11946599WA000000226385
B2029474803781N11946592WA000000226326
B2029484803788N11946586WA000000226707
B2029494803794N11946581WA000000226850
B2029504803800N11946575WA000000230362
B2029514803806N11946570WA000000229061
B2029524803812N11946564WA000000234361
B2029534803818N11946557WA000000232204
B2029544803822N11946549WA000000230743
B2029554803825N11946541WA000000229808
B2029564803827N11946534WA000000228741
B2029574803829N11946525WA000000228689
B2029584803831N11946517WA000000228798
B2029594803835N11946509WA000000228706
B2030004803838N11946502WA000000228953
B2030014803842N11946494WA000000229038
B2030024803847N11946487WA000000229013
B2030034803853N11946479WA000000229159
B2030044803860N11946473WA000000229389
B2030054803869N11946469WA000000229459
B2030064803878N11946467WA000000229647
B2030074803887N11946467WA000000229912
B2030084803895N11946468WA000000230129
B2030094803902N11946471WA000000230559
B2030104803908N11946476WA000000230875
B2030114803913N11946482WA000000231198
B2030124803918N11946489WA000000231420
B2030134803921N11946495WA000000231654
B2030144803923N11946502WA000000232082
B2030154803924N11946508WA000000232375
B2030164803924N11946514WA000000232617
B2030174803922N11946519WA000000232797
B2030184803921N11946523WA000000232910
B2030194803918N11946525WA000000233272
B2030204803916N11946524WA000000233627
B2030214803914N11946521WA000000233844
B2030224803913N11946516WA000000234018
B2030234803912N11946511WA000000234374
B2030244803913N11946504WA000000234628
B2030254803914N11946497WA000000235047
B2030264803916N11946489WA000000235386
B2030274803920N11946481WA000000235650
B2030284803925N11946473WA000000235983
B2030294803933N11946466WA000000236208
B2030304803941N11946462WA000000236625
B2030314803949N11946461WA000000237055
B2030324803957N11946461WA000000237349
B2030334803964N11946466WA000000237591
B2030344803972N11946471WA000000237825
B2030354803977N11946478WA000000238043
B2030364803980N11946486WA000000244956
B2030374803982N11946494WA000000242807
B2030384803982N11946502WA000000241541
B2030394803981N11946509WA000000241391
B2030404803980N11946514WA000000242433
B2030414803978N11946517WA000000241620
B2030424803975N11946517WA000000241374
B2030434803973N11946514WA000000241286
B2030444803972N11946510WA000000241226
B2030454803971N11946504WA000000241379
B2030464803972N11946497WA000000241575
B2030474803974N11946490WA000000241760
B2030484803980N11946482WA000000241945
B2030494803986N11946476WA000000242054
B2030504803994N11946471WA000000242149
B2030514804003N11946470WA000000242613
B2030524804011N11946471WA000000242953
B2030534804019N11946473WA000000243264
B2030544804027N11946476WA000000243448
B2030554804034N11946483WA000000243294
B2030564804040N11946492WA000000243519
B2030574804043N11946503WA000000243813
B2030584804042N11946512WA000000244199
B2030594804040N11946519WA000000244552
B2031004804037N11946522WA000000245095
B2031014804035N11946522WA000000245436
B2031024804033N11946519WA000000245664
B2031034804032N11946514WA000000246069
B2031044804032N11946510WA000000246346
B2031054804033N11946504WA000000245729
B2031064804035N11946497WA000000246449
B2031074804039N11946490WA000000246819
B2031084804046N11946484WA000000246969
B2031094804055N11946481WA000000247226
B2031104804064N11946482WA000000247538
B2031114804073N11946487WA000000247913
B2031124804080N11946495WA000000248230
B2031134804085N11946505WA000000248590
B2031144804089N11946515WA000000248943
B2031154804090N11946525WA000000249391
B2031164804090N11946533WA000000248069
B2031174804089N11946540WA000000248938
B2031184804087N11946544WA000000249537
B2031194804085N11946546WA000000250012
B2031204804083N11946545WA000000250314
B2031214804081N11946541WA000000249990
B2031224804082N11946534WA000000250419
B2031234804083N11946528WA000000250837
B2031244804087N11946521WA000000251025
B2031254804091N11946515WA000000251387
B2031264804099N11946511WA000000251407
B2031274804107N11946510WA000000251733
B2031284804116N11946509WA000000252066
B2031294804126N11946509WA000000252333
B2031304804133N11946513WA000000252688
B2031314804141N11946520WA000000253131
B2031324804146N11946529WA000000253374
B2031334804151N11946539WA000000253542
B2031344804155N11946548WA000000253706
LXCTACTIVITY STILL 55
B2031354804156N11946556WA000000254089
B2031364804156N11946563WA000000254257
B2031374804155N11946568WA000000254463
B2031384804153N11946571WA000000252455
B2031394804151N11946573WA000000253331
B2031404804149N11946572WA000000253645
B2031414804147N11946569WA000000254188
B2031424804146N11946564WA000000251194
B2031434804147N11946558WA000000252904
B2031444804146N11946553WA000000253864
B2031454804146N11946548WA000000254415
B2031464804146N11946543WA000000254966
B2031474804149N11946537WA000000255339
B2031484804153N11946531WA000000255624
B2031494804159N11946524WA000000255638
B2031504804166N11946519WA000000255695
B2031514804175N11946515WA000000255959
B2031524804184N11946515WA000000256225
B2031534804192N11946518WA000000256689
B2031544804200N11946525WA000000253419
B2031554804205N11946534WA000000255177
B2031564804208N11946544WA000000256181
B2031574804209N11946553WA000000256845
B2031584804208N11946561WA000000257341
B2031594804205N11946566WA000000248371
B2032004804202N11946568WA000000252120
B2032014804199N11946565WA000000253995
B2032024804198N11946560WA000000255645
B2032034804199N11946553WA000000256536
B2032044804202N11946546WA000000257221
B2032054804207N11946538WA000000257709
B2032064804213N11946533WA000000258141
B2032074804220N11946529WA000000258495
B2032084804229N11946528WA000000258877
B2032094804239N11946531WA000000259141
B2032104804248N11946534WA000000259488
B2032114804256N11946543WA000000259591
B2032124804265N11946550WA000000260042
B2032134804273N11946557WA000000260251
B2032144804281N11946564WA000000260853
B2032154804289N11946570WA000000261256
B2032164804297N11946576WA000000261558
B2032174804305N11946582WA000000261757
B2032184804313N11946588WA000000261981
B2032194804321N11946593WA000000262074
B2032204804330N11946598WA000000262118
B2032214804338N11946604WA000000262262
B2032224804346N11946611WA000000262156
B2032234804355N11946618WA000000262192
B2032244804364N11946623WA000000262418
B2032254804371N11946630WA000000262636
B2032264804379N11946635WA000000262656
B2032274804387N11946641WA000000262867
B2032284804395N11946646WA000000263096
B2032294804404N11946651WA000000263178
B2032304804412N11946657WA000000263397
B2032314804421N11946662WA000000263565
B2032324804429N11946668WA000000263625
B2032334804436N11946673WA000000263888
B2032344804443N11946678WA000000264194
B2032354804451N11946682WA000000264379
B2032364804460N11946686WA000000264339
B2032374804469N11946692WA000000264306
B2032384804479N11946698WA000000264336
B2032394804488N11946704WA000000264595
B2032404804497N11946710WA000000264793
B2032414804505N11946715WA000000253996
B2032424804513N11946720WA000000258969
B2032434804520N11946726WA000000261293
B2032444804528N11946731WA000000263081
B2032454804537N11946736WA000000264007
B2032464804545N11946742WA000000264658
B2032474804553N11946750WA000000265490
B2032484804562N11946756WA000000266107
B2032494804569N11946763WA000000266676
B2032504804577N11946770WA000000266910
B2032514804585N11946777WA000000267332
B2032524804593N11946784WA000000267771
B2032534804601N11946790WA000000267857
B2032544804609N11946798WA000000267972
B2032554804617N11946804WA000000268185
B2032564804625N11946811WA000000268436
B2032574804632N11946818WA000000268877
B2032584804640N11946826WA000000269272
B2032594804648N11946834WA000000269655
B2033004804656N11946841WA000000269856
B2033014804664N11946849WA000000270222
B2033024804672N11946856WA000000270364
B2033034804680N11946864WA000000270600
B2033044804687N11946871WA000000270866
B2033054804695N11946879WA000000270975
B2033064804703N11946887WA000000271151
B2033074804711N11946895WA000000271370
B2033084804719N11946903WA000000271522
B2033094804726N11946911WA000000271897
B2033104804734N11946920WA000000272048
B2033114804742N11946929WA000000272116
B2033124804750N11946937WA000000272307
B2033134804757N11946945WA000000272676
B2033144804765N11946952WA000000272897
B2033154804774N11946959WA000000273025
B2033164804782N11946966WA000000273250
B2033174804790N11946972WA000000273386
B2033184804798N11946979WA000000273490
B2033194804808N11946985WA000000273621
B2033204804817N11946990WA000000273997
B2033214804827N11946995WA000000273929
B2033224804836N11947001WA000000274133
B2033234804845N11947006WA000000274310
B2033244804854N11947010WA000000274518
B2033254804863N11947015WA000000274521
B2033264804873N11947019WA000000274514
B2033274804883N11947023WA000000274530
B2033284804893N11947025WA000000274694
B2033294804904N11947027WA000000274828
B2033304804913N11947030WA000000275097
B2033314804923N11947033WA000000275043
B2033324804933N11947035WA000000275135
B2033334804942N11947037WA000000275289
B2033344804952N11947040WA000000275261
B2033354804962N11947041WA000000275369
B2033364804972N11947043WA000000275547
B2033374804981N11947045WA000000275765
B2033384804990N11947047WA000000275943
B2033394805000N11947049WA000000276200
B2033404805009N11947050WA000000276509
B2033414805018N11947052WA000000276718
B2033424805026N11947055WA000000276896
B2033434805036N11947059WA000000276943
B2033444805045N11947062WA000000277189
B2033454805055N11947065WA000000277266
B2033464805064N11947068WA000000277457
B2033474805074N11947071WA000000277603
B2033484805083N11947074WA000000278044
B2033494805093N11947077WA000000278102
B2033504805103N11947080WA000000278303
B2033514805113N11947083WA000000278537
B2033524805123N11947088WA000000278694
B2033534805134N11947092WA000000278879
B2033544805144N11947097WA000000247574
B2033554805154N11947100WA000000262369
B2033564805163N11947104WA000000269063
B2033574805172N11947107WA000000273183
B2033584805181N11947110WA000000275343
B2033594805190N11947114WA000000276723
B2034004805199N11947118WA000000277684
B2034014805209N11947122WA000000278284
B2034024805220N11947125WA000000278725
B2034034805231N11947128WA000000279229
B2034044805241N11947131WA000000279674
B2034054805251N11947134WA000000280087
B2034064805261N11947137WA000000271087
B2034074805271N11947140WA000000271752
B2034084805281N11947143WA000000275412
B2034094805291N11947145WA000000277331
B2034104805301N11947148WA000000278821
B2034114805311N11947151WA000000253701
B2034124805320N11947154WA000000266291
B2034134805330N11947157WA000000271632
B2034144805339N11947160WA000000274751
B2034154805349N11947162WA000000276739
B2034164805359N11947165WA000000277931
B2034174805369N11947167WA000000278075
B2034184805378N11947169WA000000278597
B2034194805389N11947171WA000000279308
B2034204805398N11947174WA000000279651
B2034214805408N11947175WA000000280358
B2034224805417N11947178WA000000280821
B2034234805425N11947179WA000000281364
B2034244805434N11947180WA000000282110
B2034254805442N11947180WA000000282213
B2034264805449N11947180WA000000282490
B2034274805458N11947179WA000000282225
B2034284805467N11947177WA000000282046
B2034294805476N11947174WA000000281788
B2034304805486N11947170WA000000281561
B2034314805497N11947165WA000000281229
B2034324805507N11947161WA000000281363
B2034334805518N11947157WA000000281502
B2034344805527N11947155WA000000281990
B2034354805537N11947153WA000000282308
B2034364805545N11947153WA000000282818
B2034374805552N11947153WA000000283047
B2034384805560N11947153WA000000282869
B2034394805569N11947151WA000000282609
B2034404805577N11947149WA000000282444
B2034414805586N11947145WA000000282386
B2034424805596N11947141WA000000282148
B2034434805606N11947138WA000000281837
B2034444805616N11947136WA000000281750
B2034454805626N11947133WA000000281827
B2034464805636N11947131WA000000281936
B2034474805645N11947130WA000000281850
B2034484805654N11947129WA000000281960
B2034494805663N11947128WA000000281983
B2034504805672N11947127WA000000282095
B2034514805682N11947126WA000000281927
B2034524805691N11947124WA000000281947
B2034534805700N11947122WA000000281732
B2034544805709N11947120WA000000281563
B2034554805719N11947117WA000000281268
B2034564805729N11947114WA000000281177
B2034574805740N11947111WA000000281129
B2034584805750N11947109WA000000281009
B2034594805759N11947108WA000000281164
B2035004805768N11947107WA000000281194
B2035014805778N11947105WA000000281089
B2035024805788N11947104WA000000280872
B2035034805798N11947100WA000000280745
B2035044805808N11947096WA000000280538
B2035054805817N11947092WA000000280568
B2035064805826N11947088WA000000280596
B2035074805836N11947085WA000000280423
B2035084805845N11947081WA000000280176
B2035094805855N11947077WA000000279938
B2035104805865N11947073WA000000279699
B2035114805876N11947068WA000000279335
B2035124805887N11947065WA000000279242
B2035134805898N11947060WA000000278931
B2035144805909N11947056WA000000278843
B2035154805920N11947051WA000000278846
B2035164805931N11947047WA000000278927
B2035174805942N11947043WA000000278932
B2035184805953N11947038WA000000278939
B2035194805963N11947033WA000000278897
B2035204805974N11947029WA000000260482
B2035214805986N11947024WA000000268233
B2035224805997N11947020WA000000271687
B2035234806008N11947017WA000000274285
B2035244806019N11947014WA000000274982
B2035254806030N11947011WA000000275556
B2035264806041N11947007WA000000275598
B2035274806052N11947004WA000000275870
B2035284806063N11946999WA000000276041
B2035294806074N11946993WA000000275612
B2035304806084N11946986WA000000275465
B2035314806095N11946979WA000000275206
B2035324806105N11946973WA000000275229
B2035334806115N11946968WA000000275275
B2035344806127N11946962WA000000274902
B2035354806138N11946956WA000000274534
B2035364806149N11946951WA000000274221
B2035374806160N11946945WA000000274231
B2035384806171N11946940WA000000274181
B2035394806182N11946934WA000000274186
B2035404806193N11946930WA000000274185
B2035414806204N11946926WA000000274272
B2035424806215N11946921WA000000274044
B2035434806226N11946915WA000000273949
B2035444806237N11946910WA000000273761
B2035454806249N11946905WA000000273539
B2035464806261N11946901WA000000273362
B2035474806273N11946896WA000000273243
B2035484806285N11946891WA000000273060
B2035494806297N11946886WA000000273080
B2035504806310N11946881WA000000272818
B2035514806322N11946876WA000000272785
B2035524806335N11946871WA000000272747
B2035534806347N11946867WA000000272971
B2035544806358N11946862WA000000273015
B2035554806367N11946858WA000000273258
B2035564806376N11946856WA000000273328
B2035574806384N11946854WA000000254396
B2035584806394N11946851WA000000260334
B2035594806404N11946847WA000000264796
B2036004806416N11946842WA000000263620
B2036014806427N11946836WA000000266284
B2036024806440N11946830WA000000267600
B2036034806451N11946823WA000000268572
B2036044806463N11946815WA000000269228
B2036054806474N11946810WA000000269534
B2036064806485N11946804WA000000270004
B2036074806494N11946799WA000000270198
B2036084806503N11946795WA000000270281
B2036094806513N11946788WA000000269943
B2036104806522N11946780WA000000269578
B2036114806531N11946771WA000000269488
B2036124806541N11946763WA000000269276
B2036134806551N11946755WA000000269381
B2036144806562N11946747WA000000269330
B2036154806573N11946739WA000000269400
B2036164806583N11946731WA000000269565
B2036174806593N11946725WA000000269590
B2036184806604N11946718WA000000269650
B2036194806614N11946712WA000000269795
B2036204806625N11946706WA000000269722
B2036214806636N11946700WA000000269571
B2036224806647N11946693WA000000269392
B2036234806660N11946686WA000000269118
B2036244806672N11946680WA000000269111
B2036254806684N11946673WA000000269159
B2036264806697N11946668WA000000269111
B2036274806709N11946663WA000000269134
B2036284806720N11946657WA000000269174
B2036294806731N11946652WA000000269443
B2036304806741N11946647WA000000269666
B2036314806751N11946643WA000000269888
B2036324806761N11946639WA000000269992
B2036334806772N11946633WA000000269856
B2036344806783N11946628WA000000269707
B2036354806793N11946622WA000000269793
B2036364806804N11946616WA000000269553
B2036374806815N11946609WA000000269459
B2036384806825N11946603WA000000269463
B2036394806836N11946596WA000000269415
B2036404806846N11946590WA000000269543
B2036414806856N11946584WA000000269745
B2036424806866N11946579WA000000269843
B2036434806876N11946574WA000000269862
B2036444806886N11946569WA000000269747
B2036454806896N11946566WA000000269692
B2036464806907N11946562WA000000269495
B2036474806919N11946557WA000000269219
B2036484806930N11946553WA000000268968
B2036494806941N11946548WA000000268898
B2036504806953N11946542WA000000268735
B2036514806964N11946537WA000000268832
B2036524806974N11946532WA000000268831
B2036534806984N11946527WA000000269033
B2036544806993N11946522WA000000269279
B2036554807003N11946519WA000000269500
B2036564807012N11946515WA000000269705
B2036574807021N11946511WA000000269749
B2036584807031N11946508WA000000269743
B2036594807042N11946504WA000000269768
B2037004807053N11946500WA000000269617
B2037014807063N11946496WA000000269659
B2037024807073N11946492WA000000269703
B2037034807082N11946487WA000000269849
B2037044807092N11946484WA000000269903
B2037054807102N11946480WA000000269804
B2037064807112N11946476WA000000269396
B2037074807124N11946472WA000000268864
B2037084807136N11946468WA000000268481
B2037094807149N11946463WA000000268133
B2037104807161N11946457WA000000267754
B2037114807173N11946452WA000000267607
B2037124807185N11946447WA000000266321
B2037134807197N11946442WA000000266653
B2037144807209N11946437WA000000266775
B2037154807222N11946433WA000000266641
B2037164807234N11946429WA000000266494
B2037174807248N11946425WA000000266407
B2037184807260N11946422WA000000266316
B2037194807271N11946418WA000000266188
B2037204807283N11946415WA000000265994
B2037214807295N11946411WA000000265576
B2037224807307N11946407WA000000259980
B2037234807320N11946403WA000000261973
B2037244807333N11946398WA000000262769
B2037254807345N11946396WA000000263394
B2037264807357N11946394WA000000263450
B2037274807369N11946391WA000000263822
B2037284807380N11946389WA000000263888
B2037294807393N11946386WA000000263708
B2037304807405N11946383WA000000263569
B2037314807418N11946381WA000000263262
B2037324807431N11946378WA000000263085
B2037334807444N11946375WA000000262876
B2037344807457N11946373WA000000262751
B2037354807470N11946370WA000000262628
B2037364807482N11946368WA000000262583
B2037374807495N11946365WA000000262475
B2037384807508N11946363WA000000262314
B2037394807520N11946361WA000000262347
B2037404807532N11946360WA000000262181
B2037414807545N11946357WA000000261849
B2037424807557N11946355WA000000261469
B2037434807570N11946352WA000000261129
B2037444807582N11946349WA000000260997
B2037454807595N11946347WA000000260891
B2037464807608N11946344WA000000260651
B2037474807620N11946340WA000000260488
B2037484807633N11946336WA000000260186
B2037494807647N11946332WA000000259919
B2037504807660N11946330WA000000259800
B2037514807672N11946326WA000000259665
B2037524807686N11946323WA000000259502
B2037534807698N11946319WA000000259060
B2037544807711N11946315WA000000258712
B2037554807723N11946310WA000000258486
B2037564807736N11946306WA000000258259
B2037574807748N11946302WA000000257978
B2037584807761N11946298WA000000257593
B2037594807774N11946293WA000000257168
B2038004807787N11946289WA000000256959
B2038014807800N11946286WA000000256539
B2038024807813N11946282WA000000256132
B2038034807826N11946278WA000000256066
B2038044807839N11946275WA000000255784
B2038054807852N11946274WA000000255740
B2038064807865N11946271WA000000255541
B2038074807878N11946268WA000000255205
B2038084807890N11946266WA000000255013
B2038094807903N11946263WA000000254800
B2038104807916N11946259WA000000254537
B2038114807930N11946255WA000000254006
B2038124807944N11946251WA000000235900
B2038134807957N11946247WA000000240151
B2038144807970N11946244WA000000245163
B2038154807983N11946241WA000000244361
B2038164807996N11946237WA000000248006
B2038174808008N11946235WA000000249910
B2038184808020N11946231WA000000250643
B2038194808032N11946229WA000000251240
B2038204808045N11946226WA000000251403
B2038214808057N11946223WA000000251560
B2038224808069N11946220WA000000251594
LXCTACTIVITY OTHER 84
B2038234808082N11946217WA000000251476
B2038244808095N11946213WA000000251149
B2038254808107N11946209WA000000251045
B2038264808119N11946204WA000000250808
B2038274808130N11946199WA000000250845
B2038284808141N11946194WA000000250655
B2038294808152N11946189WA000000250655
B2038304808164N11946184WA000000250400
B2038314808175N11946178WA000000250348
B2038324808187N11946174WA000000250244
B2038334808199N11946169WA000000250130
B2038344808211N11946164WA000000250043
B2038354808223N11946158WA000000249957
B2038364808235N11946153WA000000249835
B2038374808247N11946148WA000000249708
B2038384808259N11946143WA000000249620
B2038394808271N11946138WA000000249607
B2038404808283N11946133WA000000249705
B2038414808294N11946128WA000000249877
B2038424808305N11946125WA000000250142
B2038434808315N11946121WA000000250288
B2038444808326N11946118WA000000250316
B2038454808336N11946114WA000000250338
B2038464808346N11946111WA000000250343
B2038474808356N11946107WA000000250444
B2038484808366N11946103WA000000250529
B2038494808375N11946100WA000000250544
B2038504808384N11946097WA000000250721
B2038514808392N11946094WA000000250852
B2038524808400N11946092WA000000250874
B2038534808410N11946089WA000000250937
B2038544808420N11946087WA000000250803
B2038554808429N11946085WA000000250783
B2038564808440N11946082WA000000250619
B2038574808450N11946080WA000000250567
B2038584808461N11946078WA000000250566
B2038594808472N11946077WA000000250440
B2039004808483N11946075WA000000250180
B2039014808495N11946072WA000000250000
B2039024808506N11946069WA000000249925
B2039034808517N11946066WA000000249708
B2039044808528N11946064WA000000249712
B2039054808539N11946061WA000000249506
B2039064808549N11946059WA000000249577
B2039074808559N11946057WA000000249475
B2039084808570N11946055WA000000249404
B2039094808580N11946052WA000000249303
B2039104808590N11946048WA000000249228
LXCTACTIVITY STILL 52
B2039114808600N11946044WA000000249218
B2039124808610N11946041WA000000249226
B2039134808620N11946039WA000000249300
B2039144808629N11946036WA000000249362
B2039154808639N11946033WA000000249329
B2039164808648N11946031WA000000249455
B2039174808658N11946029WA000000249455
B2039184808668N11946028WA000000249450
B2039194808679N11946025WA000000249408
B2039204808689N11946023WA000000249254
B2039214808699N11946020WA000000249096
B2039224808710N11946017WA000000248910
B2039234808720N11946013WA000000248802
B2039244808728N11946011WA000000248983
B2039254808737N11946010WA000000249123
B2039264808745N11946009WA000000249650
B2039274808754N11946008WA000000249444
B2039284808764N11946007WA000000249201
B2039294808773N11946004WA000000249047
B2039304808784N11946001WA000000248822
B2039314808794N11945998WA000000248618
B2039324808804N11945996WA000000248504
B2039334808813N11945994WA000000248541
B2039344808822N11945992WA000000248561
B2039354808832N11945990WA000000248400
B2039364808842N11945986WA000000248303
B2039374808852N11945983WA000000248206
B2039384808861N11945981WA000000247992
B2039394808871N11945978WA000000247877
B2039404808881N11945975WA000000247692
B2039414808892N11945972WA000000247441
B2039424808902N11945969WA000000247172
B2039434808913N11945966WA000000246802
B2039444808924N11945962WA000000246500
B2039454808934N11945958WA000000246394
B2039464808945N11945955WA000000246231
B2039474808955N11945951WA000000246153
B2039484808965N11945947WA000000245994
B2039494808975N11945943WA000000245686
B2039504808986N11945939WA000000245414
B2039514808996N11945934WA000000245222
B2039524809006N11945929WA000000245155
B2039534809017N11945924WA000000244827
B2039544809028N11945920WA000000244521
B2039554809038N11945915WA000000244476
B2039564809048N11945911WA000000244389
B2039574809059N11945907WA000000244119
B2039584809069N11945904WA000000244044
B2039594809079N11945901WA000000244051
B2040004809090N11945897WA000000243630
B2040014809100N11945893WA000000243581
B2040024809111N11945889WA000000243249
B2040034809122N11945885WA000000242830
B2040044809133N11945880WA000000242528
B2040054809144N11945876WA000000242234
B2040064809155N11945873WA000000241939
B2040074809166N11945872WA000000241693
B2040084809178N11945871WA000000241310
B2040094809190N11945869WA000000241033
B2040104809202N11945868WA000000240920
B2040114809214N11945866WA000000240870
B2040124809226N11945864WA000000240662
B2040134809238N11945862WA000000240240
B2040144809249N11945860WA000000240192
B2040154809261N11945858WA000000239969
B2040164809273N11945857WA000000239863
B2040174809285N11945856WA000000239847
B2040184809296N11945855WA000000239766
B2040194809308N11945854WA000000239500
B2040204809319N11945852WA000000239460
B2040214809331N11945851WA000000239132
B2040224809343N11945849WA000000239066
B2040234809355N11945848WA000000238921
B2040244809366N11945847WA000000238983
B2040254809378N11945845WA000000238924
B2040264809389N11945843WA000000239059
B2040274809400N11945842WA000000238939
B2040284809412N11945842WA000000238710
B2040294809423N11945841WA000000238467
B2040304809435N11945840WA000000238299
B2040314809447N11945840WA000000238193
B2040324809460N11945840WA000000238042
B2040334809472N11945840WA000000237738
B2040344809484N11945841WA000000237603
B2040354809495N11945841WA000000237576
B2040364809507N11945841WA000000237456
B2040374809519N11945841WA000000237233
B2040384809530N11945840WA000000237194
B2040394809542N11945839WA000000237076
B2040404809554N11945839WA000000236920
B2040414809565N11945837WA000000236947
B2040424809576N11945838WA000000237022
B2040434809586N11945836WA000000236895
B2040444809598N11945833WA000000236609
B2040454809608N11945831WA000000236360
B2040464809619N11945826WA000000236188
B2040474809631N11945823WA000000235911
B2040484809642N11945818WA000000235707
B2040494809652N11945814WA000000235533
B2040504809662N11945810WA000000235523
B2040514809672N11945806WA000000235435
B2040524809682N11945802WA000000235363
B2040534809692N11945798WA000000235252
B2040544809703N11945794WA000000226921
B2040554809713N11945789WA000000229858
B2040564809724N11945784WA000000231318
B2040574809734N11945779WA000000232076
B2040584809745N11945773WA000000238278
B2040594809756N11945768WA000000236299
B2041004809767N11945763WA000000235266
B2041014809778N11945758WA000000234623
B2041024809788N11945752WA000000234298
B2041034809799N11945748WA000000233641
B2041044809810N11945743WA000000233331
B2041054809821N11945737WA000000232937
B2041064809832N11945732WA000000232640
B2041074809843N11945726WA000000232332
B2041084809854N11945721WA000000232120
B2041094809864N11945715WA000000231998
B2041104809875N11945711WA000000231756
B2041114809886N11945707WA000000231561
B2041124809897N11945701WA000000231314
B2041134809908N11945694WA000000231126
B2041144809919N11945688WA000000230907
B2041154809929N11945682WA000000230778
B2041164809940N11945676WA000000230441
B2041174809951N11945670WA000000230125
B2041184809962N11945664WA000000230006
B2041194809972N11945658WA000000229865
B2041204809982N11945652WA000000229878
B2041214809992N11945647WA000000229662
B2041224810003N11945640WA000000229413
B2041234810013N11945635WA000000229342
B2041244810023N11945629WA000000229073
B2041254810034N11945624WA000000228950
B2041264810045N11945618WA000000228709
B2041274810055N11945613WA000000228747
B2041284810065N11945608WA000000228767
B2041294810076N11945604WA000000228512
B2041304810086N11945599WA000000228322
B2041314810096N11945593WA000000228056
B2041324810107N11945588WA000000227815
B2041334810117N11945582WA000000227690
B2041344810128N11945576WA000000227458
B2041354810138N11945571WA000000227244
B2041364810148N11945566WA000000227155
B2041374810158N11945561WA000000226939
B2041384810168N11945557WA000000226706
B2041394810178N11945553WA000000226630
B2041404810188N11945547WA000000226399
B2041414810200N11945543WA000000226003
B2041424810210N11945537WA000000225879
B2041434810221N11945531WA000000225659
B2041444810232N11945526WA000000225536
B2041454810243N11945521WA000000225343
B2041464810253N11945516WA000000225281
B2041474810264N11945511WA000000225142
B2041484810275N11945507WA000000225132
LXCTACTIVITY OTHER 76
B2041494810285N11945502WA000000224982
B2041504810296N11945498WA000000224983
B2041514810307N11945492WA000000224896
B2041524810318N11945488WA000000224860
B2041534810329N11945482WA000000224732
B2041544810340N11945477WA000000224726
B2041554810351N11945472WA000000224527
B2041564810362N11945467WA000000224443
B2041574810373N11945461WA000000224323
B2041584810383N11945457WA000000224481
B2041594810394N11945452WA000000224352
B2042004810404N11945447WA000000224257
B2042014810415N11945443WA000000224113
B2042024810425N11945439WA000000224090
B2042034810437N11945435WA000000223901
B2042044810447N11945430WA000000223842
B2042054810458N11945425WA000000223723
B2042064810468N11945420WA000000223784
B2042074810479N11945415WA000000223546
B2042084810490N11945410WA000000223445
B2042094810501N11945405WA000000223227
B2042104810511N11945400WA000000223190
B2042114810522N11945394WA000000223166
B2042124810533N11945389WA000000223011
B2042134810543N11945384WA000000222871
B2042144810554N11945378WA000000222774
B2042154810565N11945373WA000000222474
B2042164810576N11945367WA000000222184
B2042174810588N11945361WA000000221869
B2042184810600N11945356WA000000221551
B2042194810612N11945350WA000000221236
B2042204810624N11945345WA000000221120
B2042214810636N11945340WA000000220932
B2042224810647N11945336WA000000220890
B2042234810659N11945331WA000000220834
B2042244810671N11945326WA000000220627
B2042254810682N11945321WA000000220392
B2042264810694N11945316WA000000220090
B2042274810706N11945310WA000000219984
B2042284810718N11945304WA000000219666
B2042294810730N11945298WA000000219421
B2042304810741N11945291WA000000219331
B2042314810751N11945284WA000000219248
B2042324810761N11945279WA000000219092
B2042334810772N11945273WA000000218817
B2042344810783N11945267WA000000218506
B2042354810794N11945262WA000000218065
B2042364810806N11945256WA000000217534
B2042374810818N11945250WA000000217236
B2042384810830N11945244WA000000216956
B2042394810842N11945238WA000000216729
B2042404810853N11945232WA000000216545
B2042414810864N11945227WA000000216483
B2042424810875N11945222WA000000216095
B2042434810886N11945217WA000000216077
B2042444810897N11945212WA000000215986
B2042454810909N11945207WA000000215400
B2042464810920N11945201WA000000215269
B2042474810931N11945196WA000000214864
B2042484810943N11945191WA000000214417
B2042494810954N11945184WA000000213915
B2042504810965N11945178WA000000213523
B2042514810975N11945171WA000000213069
B2042524810986N11945165WA000000212816
B2042534810996N11945160WA000000212700
B2042544811006N11945154WA000000212677
B2042554811017N11945149WA000000212336
B2042564811027N11945143WA000000212185
B2042574811038N11945138WA000000211574
B2042584811050N11945131WA000000211053
B2042594811061N11945124WA000000210557
B2043004811072N11945117WA000000210052
B2043014811083N11945109WA000000209708
B2043024811093N11945102WA000000209660
B2043034811103N11945092WA000000209389
B2043044811113N11945085WA000000209264
B2043054811123N11945077WA000000209163
B2043064811132N11945070WA000000209099
B2043074811141N11945063WA000000208948
B2043084811149N11945056WA000000208782
B2043094811158N11945048WA000000208408
B2043104811166N11945039WA000000207800
B2043114811175N11945029WA000000207412
B2043124811183N11945018WA000000207068
B2043134811192N11945008WA000000207014
B2043144811200N11944998WA000000207136
B2043154811208N11944989WA000000207311
B2043164811216N11944980WA000000207326
B2043174811224N11944972WA000000207449
B2043184811232N11944965WA000000207421
B2043194811240N11944957WA000000207443
B2043204811248N11944950WA000000207432
B2043214811255N11944944WA000000207660
B2043224811261N11944938WA000000207689
B2043234811267N11944934WA000000207689
B2043244811274N11944929WA000000207507
B2043254811280N11944923WA000000207299
B2043264811289N11944917WA000000207041
B2043274811297N11944908WA000000206489
B2043284811307N11944899WA000000206148
B2043294811316N11944889WA000000205889
B2043304811326N11944880WA000000205734
B2043314811335N11944869WA000000205612
B2043324811342N11944858WA000000205688
B2043334811350N11944849WA000000205851
B2043344811356N11944839WA000000205969
B2043354811363N11944831WA000000206128
B2043364811369N11944825WA000000206363
B2043374811375N11944818WA000000206481
B2043384811382N11944810WA000000206522
B2043394811389N11944803WA000000206351
B2043404811397N11944793WA000000206116
B2043414811404N11944784WA000000205934
B2043424811412N11944774WA000000205452
B2043434811421N11944763WA000000205011
B2043444811430N11944751WA000000204349
B2043454811440N11944739WA000000203608
B2043464811449N11944728WA000000203280
B2043474811458N11944717WA000000203183
B2043484811468N11944708WA000000202906
B2043494811476N11944699WA000000202855
B2043504811485N11944690WA000000202714
B2043514811493N11944681WA000000202436
B2043524811501N11944672WA000000201934
B2043534811510N11944662WA000000201535
B2043544811519N11944652WA000000201062
B2043554811528N11944642WA000000200680
B2043564811537N11944631WA000000200242
B2043574811546N11944621WA000000199907
B2043584811554N11944612WA000000199837
B2043594811562N11944605WA000000199685
B2044004811571N11944599WA000000199310
B2044014811580N11944592WA000000198914
B2044024811589N11944586WA000000198650
B2044034811599N11944580WA000000198170
B2044044811610N11944573WA000000197645
B2044054811621N11944567WA000000197116
B2044064811631N11944561WA000000196897
B2044074811642N11944554WA000000196519
B2044084811652N11944548WA000000196123
B2044094811662N11944542WA000000195716
B2044104811671N11944536WA000000195569
B2044114811681N11944530WA000000195248
B2044124811691N11944524WA000000195054
B2044134811701N11944517WA000000194626
B2044144811710N11944510WA000000194397
B2044154811720N11944503WA000000194052
B2044164811729N11944495WA000000193799
B2044174811739N11944488WA000000193415
B2044184811748N11944480WA000000193051
B2044194811758N11944472WA000000192536
B2044204811768N11944464WA000000192005
B2044214811777N11944456WA000000191758
B2044224811787N11944449WA000000191335
B2044234811796N11944441WA000000191067
B2044244811806N11944435WA000000190780
B2044254811815N11944427WA000000190392
B2044264811825N11944419WA000000190044
B2044274811834N11944411WA000000189753
B2044284811843N11944403WA000000189453
B2044294811852N11944394WA000000189167
B2044304811861N11944387WA000000188971
B2044314811871N11944378WA000000188539
B2044324811880N11944371WA000000188163
B2044334811890N11944364WA000000187830
B2044344811899N11944355WA000000187537
B2044354811908N11944347WA000000187223
B2044364811917N11944338WA000000186945
B2044374811925N11944329WA000000186692
B2044384811934N11944320WA000000186394
B2044394811944N11944311WA000000186037
B2044404811953N11944303WA000000185630
B2044414811962N11944293WA000000185188
B2044424811972N11944284WA000000184767
B2044434811982N11944276WA000000184267
B2044444811992N11944267WA000000183735
B2044454812001N11944258WA000000183574
B2044464812011N11944249WA000000183327
B2044474812020N11944241WA000000183182
B2044484812030N11944232WA000000182953
B2044494812039N11944223WA000000182575
B2044504812049N11944215WA000000182230
B2044514812059N11944207WA000000181910
B2044524812068N11944198WA000000181597
B2044534812078N11944190WA000000181340
B2044544812088N11944180WA000000180907
B2044554812097N11944171WA000000180659
B2044564812106N11944163WA000000180485
B2044574812116N11944154WA000000180103
B2044584812124N11944144WA000000179858
B2044594812133N11944135WA000000179524
B2045004812141N11944125WA000000179296
B2045014812150N11944115WA000000178816
B2045024812158N11944105WA000000178525
B2045034812166N11944094WA000000178039
B2045044812174N11944084WA000000177824
B2045054812181N11944073WA000000177587
B2045064812189N11944062WA000000177139
B2045074812196N11944052WA000000176865
B2045084812204N11944042WA000000176624
B2045094812212N11944032WA000000176223
B2045104812219N11944021WA000000175900
B2045114812226N11944010WA000000175527
B2045124812233N11943998WA000000175208
B2045134812239N11943987WA000000175085
B2045144812246N11943975WA000000174769
B2045154812253N11943964WA000000174457
B2045164812260N11943953WA000000174298
B2045174812268N11943943WA000000173921
B2045184812275N11943932WA000000173510
B2045194812281N11943920WA000000173177
B2045204812288N11943909WA000000172764
B2045214812295N11943897WA000000172564
B2045224812302N11943886WA000000172388
B2045234812309N11943875WA000000172067
B2045244812316N11943865WA000000171842
B2045254812322N11943854WA000000171684
B2045264812329N11943843WA000000171448
B2045274812336N11943833WA000000171425
B2045284812343N11943823WA000000171206
B2045294812349N11943813WA000000171177
B2045304812356N11943803WA000000170845
B2045314812362N11943794WA000000170674
B2045324812368N11943783WA000000170359
B2045334812374N11943774WA000000170132
B2045344812380N11943763WA000000170066
B2045354812387N11943754WA000000169965
B2045364812394N11943744WA000000169528
B2045374812400N11943734WA000000169379
B2045384812407N11943726WA000000168950
B2045394812414N11943715WA000000168638
B2045404812421N11943706WA000000168342
B2045414812428N11943696WA000000168142
B2045424812435N11943685WA000000167869
B2045434812442N11943675WA000000167689
B2045444812450N11943665WA000000167606
B2045454812457N11943656WA000000167597
B2045464812465N11943647WA000000166901
B2045474812471N11943638WA000000166774
B2045484812478N11943629WA000000166431
B2045494812484N11943620WA000000166290
B2045504812491N11943610WA000000166069
B2045514812498N11943601WA000000165827
B2045524812504N11943591WA000000165588
B2045534812511N11943582WA000000165113
B2045544812517N11943572WA000000164841
B2045554812523N11943561WA000000164407
B2045564812528N11943551WA000000164121
B2045574812533N11943541WA000000163845
B2045584812538N11943531WA000000163590
B2045594812544N11943521WA000000163272
B2046004812550N11943510WA000000162948
B2046014812556N11943501WA000000162711
B2046024812561N11943491WA000000162573
B2046034812567N11943481WA000000162122
B2046044812572N11943471WA000000161750
B2046054812578N11943460WA000000161212
B2046064812583N11943449WA000000160935
B2046074812588N11943439WA000000160682
B2046084812594N11943428WA000000160349
B2046094812599N11943418WA000000160095
B2046104812605N11943408WA000000159825
B2046114812610N11943398WA000000159693
B2046124812616N11943388WA000000159247
B2046134812621N11943379WA000000158870
B2046144812627N11943369WA000000158313
B2046154812632N11943359WA000000158096
B2046164812638N11943349WA000000157638
B2046174812643N11943339WA000000157367
B2046184812648N11943330WA000000156940
B2046194812652N11943319WA000000156579
B2046204812656N11943309WA000000156196
B2046214812660N11943299WA000000155642
B2046224812664N11943288WA000000155184
B2046234812668N11943278WA000000154694
B2046244812673N11943266WA000000154156
B2046254812677N11943254WA000000153578
B2046264812681N11943242WA000000153096
B2046274812686N11943229WA000000152468
B2046284812692N11943217WA000000152005
B2046294812697N11943205WA000000151711
B2046304812702N11943193WA000000151433
B2046314812707N11943182WA000000151164
B2046324812712N11943170WA000000150766
B2046334812718N11943159WA000000150524
B2046344812723N11943148WA000000150241
B2046354812727N11943136WA000000149895
B2046364812733N11943125WA000000149423
B2046374812738N11943113WA000000149059
B2046384812743N11943102WA000000148640
B2046394812749N11943089WA000000148119
B2046404812754N11943077WA000000147774
B2046414812760N11943064WA000000147408
B2046424812765N11943052WA000000146931
B2046434812770N11943039WA000000146688
B2046444812776N11943027WA000000146419
B2046454812781N11943015WA000000146269
B2046464812787N11943003WA000000145744
B2046474812793N11942991WA000000145411
B2046484812798N11942978WA000000144987
B2046494812805N11942966WA000000144651
B2046504812811N11942953WA000000144165
B2046514812817N11942941WA000000143795
B2046524812823N11942930WA000000143490
B2046534812829N11942918WA000000143052
B2046544812835N11942906WA000000142674
B2046554812841N11942894WA000000142350
B2046564812847N11942881WA000000141937
B2046574812853N11942869WA000000141404
B2046584812858N11942856WA000000141099
B2046594812865N11942845WA000000140513
B2047004812870N11942833WA000000140271
B2047014812877N11942821WA000000139731
B2047024812883N11942808WA000000139358
B2047034812889N11942796WA000000138849
B2047044812895N11942785WA000000138571
B2047054812901N11942773WA000000138189
B2047064812907N11942762WA000000137933
B2047074812912N11942750WA000000137578
B2047084812917N11942739WA000000137297
B2047094812922N11942729WA000000137093
B2047104812928N11942719WA000000136816
B2047114812933N11942710WA000000136711
B2047124812937N11942701WA000000136682
B2047134812942N11942692WA000000136555
B2047144812946N11942683WA000000136452
B2047154812950N11942672WA000000136387
B2047164812954N11942661WA000000136389
B2047174812958N11942650WA000000136168
B2047184812961N11942639WA000000135893
B2047194812965N11942627WA000000135596
B2047204812970N11942616WA000000135300
B2047214812974N11942606WA000000135295
B2047224812979N11942595WA000000135109
B2047234812983N11942585WA000000135107
B2047244812986N11942575WA000000135084
B2047254812992N11942564WA000000134856
B2047264812997N11942554WA000000134300
B2047274813000N11942542WA000000134298
B2047284813005N11942531WA000000134015
B2047294813009N11942521WA000000133948
B2047304813013N11942511WA000000133768
B2047314813017N11942503WA000000133660
B2047324813022N11942493WA000000133346
B2047334813027N11942483WA000000133228
B2047344813031N11942474WA000000133184
B2047354813037N11942464WA000000133008
B2047364813042N11942454WA000000132804
B2047374813046N11942443WA000000132779
B2047384813051N11942434WA000000132654
B2047394813056N11942425WA000000132410
B2047404813060N11942416WA000000132170
B2047414813065N11942406WA000000132048
B2047424813070N11942398WA000000131919
B2047434813075N11942390WA000000131804
B2047444813079N11942381WA000000131795
B2047454813084N11942372WA000000131557
B2047464813089N11942363WA000000131336
B2047474813094N11942354WA000000131369
B2047484813100N11942346WA000000131433
B2047494813105N11942338WA000000131240
B2047504813110N11942330WA000000131092
B2047514813116N11942322WA000000130797
B2047524813122N11942315WA000000130440
B2047534813128N11942306WA000000130247
B2047544813134N11942298WA000000130107
B2047554813139N11942290WA000000130086
B2047564813145N11942282WA000000129878
B2047574813151N11942273WA000000129688
B2047584813158N11942265WA000000129404
B2047594813164N11942256WA000000129044
B2048004813171N11942249WA000000128885
B2048014813179N11942241WA000000128510
B2048024813186N11942232WA000000128452
B2048034813192N11942224WA000000128297
B2048044813199N11942217WA000000128060
B2048054813206N11942208WA000000127807
B2048064813212N11942200WA000000127763
B2048074813219N11942192WA000000127615
B2048084813225N11942184WA000000127373
B2048094813231N11942175WA000000127278
B2048104813237N11942167WA000000127184
B2048114813243N11942159WA000000127080
B2048124813249N11942150WA000000127094
B2048134813256N11942142WA000000126940
B2048144813262N11942133WA000000126751
B2048154813268N11942125WA000000126765
B2048164813274N11942118WA000000126849
B2048174813279N11942112WA000000126886
B2048184813286N11942107WA000000126903
B2048194813290N11942102WA000000126784
B2048204813296N11942096WA000000126501
B2048214813301N11942088WA000000126050
B2048224813307N11942079WA000000125597
B2048234813314N11942070WA000000125182
B2048244813321N11942060WA000000124752
B2048254813327N11942049WA000000124359
B2048264813334N11942041WA000000124203
B2048274813340N11942033WA000000124005
B2048284813345N11942025WA000000123893
B2048294813351N11942017WA000000123895
B2048304813357N11942010WA000000123597
B2048314813364N11942003WA000000123005
B2048324813370N11941994WA000000122549
B2048334813377N11941986WA000000122112
B2048344813383N11941976WA000000121560
B2048354813390N11941965WA000000121291
B2048364813397N11941955WA000000121067
B2048374813404N11941947WA000000120846
B2048384813411N11941939WA000000120707
B2048394813417N11941932WA000000120643
B2048404813424N11941925WA000000120507
B2048414813430N11941918WA000000120536
B2048424813436N11941912WA000000120353
B2048434813442N11941905WA000000120201
B2048444813446N11941896WA000000119967
B2048454813451N11941888WA000000119710
B2048464813455N11941879WA000000119488
B2048474813460N11941870WA000000119060
B2048484813465N11941860WA000000118565
B2048494813470N11941851WA000000118356
B2048504813475N11941842WA000000118072
B2048514813480N11941833WA000000117700
B2048524813484N11941823WA000000117492
B2048534813489N11941813WA000000117055
B2048544813494N11941803WA000000116662
B2048554813499N11941793WA000000116375
B2048564813504N11941782WA000000116068
B2048574813510N11941772WA000000115812
B2048584813515N11941762WA000000115709
B2048594813519N11941753WA000000115482
B2049004813525N11941743WA000000115414
B2049014813531N11941735WA000000115204
B2049024813536N11941725WA000000114841
B2049034813541N11941715WA000000114620
B2049044813544N11941704WA000000114380
B2049054813548N11941694WA000000114194
B2049064813552N11941684WA000000114018
B2049074813555N11941675WA000000113850
B2049084813559N11941665WA000000113504
B2049094813562N11941655WA000000113388
B2049104813566N11941645WA000000113037
B2049114813569N11941635WA000000112768
B2049124813573N11941625WA000000112413
B2049134813576N11941614WA000000112328
B2049144813579N11941604WA000000112049
B2049154813582N11941593WA000000111713
B2049164813584N11941583WA000000111690
B2049174813587N11941572WA000000111370
B2049184813590N11941561WA000000111125
B2049194813592N11941551WA000000111094
B2049204813596N11941540WA000000110540
B2049214813599N11941529WA000000110276
B2049224813602N11941518WA000000110099
B2049234813606N11941508WA000000109801
B2049244813609N11941497WA000000109561
B2049254813612N11941486WA000000109353
B2049264813615N11941474WA000000109126
B2049274813618N11941463WA000000108924
B2049284813621N11941452WA000000108817
B2049294813624N11941442WA000000108648
B2049304813627N11941433WA000000108550
B2049314813629N11941423WA000000108365
B2049324813632N11941414WA000000108124
B2049334813634N11941404WA000000107907
B2049344813636N11941395WA000000107700
B2049354813639N11941385WA000000107317
B2049364813641N11941375WA000000107097
B2049374813645N11941365WA000000106811
B2049384813649N11941354WA000000106639
B2049394813652N11941344WA000000106352
B2049404813655N11941333WA000000106273
B2049414813659N11941324WA000000106020
B2049424813662N11941313WA000000105747
B2049434813665N11941304WA000000105502
B2049444813667N11941294WA000000105211
B2049454813669N11941283WA000000104908
B2049464813670N11941273WA000000104848
B2049474813671N11941264WA000000104748
B2049484813672N11941257WA000000104538
B2049494813672N11941250WA000000104473
B2049504813673N11941242WA000000104129
B2049514813673N11941234WA000000103931
B2049524813673N11941224WA000000103673
B2049534813674N11941214WA000000103459
B2049544813675N11941206WA000000103363
B2049554813677N11941197WA000000103126
B2049564813679N11941189WA000000102914
LXCTACTIVITY STILL 100
B2049574813681N11941181WA000000102644
B2049584813683N11941172WA000000102467
B2049594813686N11941162WA000000101959
B2050004813689N11941152WA000000101652
B2050014813692N11941142WA000000100962
B2050024813695N11941131WA000000100522
B2050034813697N11941120WA000000100256
B2050044813699N11941110WA000000099923
B2050054813701N11941100WA000000099725
B2050064813703N11941090WA000000099353
B2050074813706N11941080WA000000099113
B2050084813709N11941070WA000000098820
B2050094813712N11941059WA000000098488
B2050104813717N11941049WA000000098003
B2050114813722N11941038WA000000097607
B2050124813726N11941028WA000000097383
B2050134813731N11941016WA000000096974
B2050144813737N11941003WA000000096613
B2050154813742N11940991WA000000096467
B2050164813747N11940979WA000000096175
B2050174813752N11940967WA000000096068
B2050184813756N11940958WA000000095860
B2050194813759N11940947WA000000095599
B2050204813763N11940937WA000000095326
B2050214813767N11940926WA000000095105
B2050224813771N11940915WA000000094978
B2050234813777N11940905WA000000094751
B2050244813783N11940895WA000000094504
B2050254813788N11940885WA000000094451
B2050264813793N11940874WA000000094483
B2050274813798N11940864WA000000094554
B2050284813803N11940854WA000000094609
LXCTACTIVITY OTHER 76
B2050294813807N11940845WA000000094717
B2050304813811N11940836WA000000094586
B2050314813816N11940826WA000000094419
B2050324813820N11940816WA000000094346
B2050334813825N11940806WA000000094244
B2050344813830N11940796WA000000094165
B2050354813835N11940787WA000000094188
B2050364813841N11940779WA000000094200
B2050374813846N11940770WA000000094233
B2050384813851N11940762WA000000094371
B2050394813857N11940753WA000000094413
B2050404813862N11940745WA000000094493
B2050414813868N11940737WA000000094561
B2050424813874N11940728WA000000094748
B2050434813879N11940721WA000000094787
B2050444813885N11940715WA000000094859
B2050454813891N11940709WA000000094887
B2050464813898N11940703WA000000094898
B2050474813905N11940697WA000000094849
B2050484813912N11940693WA000000094895
B2050494813920N11940686WA000000094702
B2050504813927N11940682WA000000094760
B2050514813935N11940675WA000000094711
B2050524813942N11940668WA000000094493
B2050534813950N11940661WA000000094327
B2050544813957N11940656WA000000094366
B2050554813965N11940652WA000000094405
B2050564813972N11940648WA000000094623
B2050574813979N11940643WA000000094711
B2050584813985N11940637WA000000094795
B2050594813993N11940631WA000000094824
B2051004814000N11940624WA000000095029
B2051014814006N11940618WA000000095065
B2051024814012N11940610WA000000095026
B2051034814016N11940600WA000000095327
B2051044814017N11940591WA000000095200
B2051064814012N11940579WA000000095390
B2051094814010N11940595WA000000161298
B2051104814015N11940604WA000000118887
B2051114814023N11940609WA000000112045
B2051124814031N11940609WA000000110785
B2051134814039N11940606WA000000107676
B2051144814046N11940600WA000000104763
B2051154814051N11940591WA000000103166
B2051164814054N11940581WA000000102268
B2051174814055N11940572WA000000101766
B2051184814054N11940565WA000000101085
B2051194814052N11940561WA000000100543
B2051204814050N11940559WA000000100246
B2051214814047N11940564WA000000099961
B2051224814046N11940569WA000000100168
B2051234814047N11940577WA000000099996
B2051244814052N11940585WA000000099922
B2051254814058N11940591WA000000099903
B2051264814067N11940593WA000000099969
B2051274814075N11940593WA000000100271
B2051284814083N11940587WA000000100263
B2051294814089N11940579WA000000100431
B2051304814091N11940569WA000000100592
B2051314814092N11940558WA000000100738
B2051324814090N11940551WA000000101093
B2051334814089N11940546WA000000101308
B2051344814086N11940545WA000000101684
B2051354814084N11940549WA000000101764
B2051364814084N11940556WA000000101943
B2051374814086N11940564WA000000102007
B2051384814088N11940572WA000000102297
B2051394814098N11940578WA000000102352
B2051404814107N11940579WA000000102665
B2051414814116N11940575WA000000102869
B2051424814123N11940569WA000000103223
B2051434814127N11940561WA000000103604
B2051444814127N11940553WA000000104019
B2051454814125N11940547WA000000104225
B2051464814122N11940543WA000000104301
B2051474814119N11940541WA000000104701
B2051484814117N11940540WA000000104912
B2051494814115N11940543WA000000105188
B2051504814114N11940547WA000000105529
B2051514814115N11940555WA000000105882
B2051524814117N11940563WA000000105843
B2051534814123N11940570WA000000105717
B2051544814130N11940576WA000000137742
B2051554814139N11940578WA000000126004
B2051564814147N11940576WA000000120292
B2051574814154N11940570WA000000116155
B2051584814160N11940562WA000000112909
B2051594814161N11940552WA000000111729
B2052004814160N11940543WA000000111159
B2052014814158N11940537WA000000110490
B2052024814155N11940533WA000000110541
B2052034814152N11940531WA000000110236
B2052044814149N11940535WA000000110684
B2052054814148N11940541WA000000110651
B2052064814149N11940549WA000000110285
B2052074814154N11940557WA000000109959
B2052084814161N11940563WA000000109537
B2052094814169N11940565WA000000109497
B2052104814178N11940562WA000000109336
B2052114814185N11940554WA000000109699
B2052124814189N11940545WA000000109976
B2052134814191N11940535WA000000110063
B2052144814192N11940526WA000000110302
B2052154814190N11940518WA000000110880
B2052164814188N11940513WA000000111052
B2052174814186N11940509WA000000111502
B2052184814183N11940507WA000000111867
B2052194814181N11940512WA000000112016
B2052204814180N11940521WA000000111960
B2052214814184N11940532WA000000111850
B2052224814190N11940540WA000000111830
B2052234814196N11940548WA000000111833
B2052244814206N11940541WA000000111929
B2052254814213N11940537WA000000112433
B2052264814219N11940529WA000000112632
B2052274814223N11940520WA000000112843
B2052284814226N11940510WA000000113131
B2052294814227N11940501WA000000113306
B2052304814226N11940494WA000000113348
B2052314814225N11940488WA000000113438
B2052324814222N11940485WA000000113399
B2052334814221N11940484WA000000113348
B2052344814220N11940492WA000000113353
B2052354814219N11940496WA000000113453
B2052364814218N11940500WA000000113509
B2052374814217N11940506WA000000113641
B2052384814218N11940514WA000000113610
B2052404814225N11940529WA000000113633
B2052414814236N11940533WA000000138564
B2052424814246N11940534WA000000130442
B2052434814254N11940532WA000000123757
B2052444814260N11940527WA000000122698
B2052454814266N11940521WA000000120676
B2052464814271N11940513WA000000119158
B2052474814276N11940505WA000000118128
B2052484814279N11940497WA000000117414
B2052494814279N11940489WA000000117122
B2052504814278N11940485WA000000116600
B2052514814275N11940485WA000000116270
B2052524814273N11940485WA000000115737
B2052534814275N11940499WA000000115466
B2052544814278N11940509WA000000115355
B2052554814282N11940516WA000000115388
LXCTACTIVITY STILL 91
B2052564814287N11940521WA000000115736
B2052574814291N11940525WA000000116056
B2052584814295N11940530WA000000116272
B2052594814300N11940534WA000000116169
B2053004814305N11940540WA000000116135
B2053014814309N11940546WA000000116279
B2053024814312N11940553WA000000116431
B2053034814314N11940560WA000000133242
B2053044814315N11940565WA000000127489
B2053054814318N11940573WA000000125658
B2053064814320N11940581WA000000123782
B2053074814324N11940589WA000000122900
B2053084814327N11940596WA000000121353
B2053094814331N11940602WA000000120543
B2053104814336N11940607WA000000120559
B2053114814341N11940613WA000000120320
B2053124814347N11940619WA000000119733
B2053134814353N11940626WA000000119434
B2053144814358N11940633WA000000119387
B2053154814363N11940640WA000000119478
B2053164814367N11940647WA000000119660
B2053174814371N11940652WA000000119844
B2053184814375N11940657WA000000120017
B2053194814378N11940664WA000000120598
B2053204814383N11940671WA000000120638
B2053214814387N11940679WA000000120992
B2053224814392N11940686WA000000121003
B2053234814396N11940692WA000000121416
B2053244814399N11940699WA000000121990
B2053254814403N11940705WA000000122237
B2053264814406N11940711WA000000122638
B2053274814410N11940719WA000000122702
B2053284814413N11940727WA000000122950
B2053294814416N11940735WA000000123211
B2053304814417N11940739WA000000123356
B2053314814413N11940740WA000000123340
B2053324814410N11940739WA000000123232
B2053334814407N11940733WA000000123444
B2053344814406N11940725WA000000124133
B2053354814407N11940718WA000000124882
B2053364814411N11940713WA000000140927
B2053374814415N11940710WA000000134704
B2053384814420N11940710WA000000132457
B2053394814425N11940711WA000000131183
B2053404814431N11940714WA000000130867
B2053414814438N11940718WA000000130025
B2053424814444N11940724WA000000129700
B2053434814450N11940729WA000000129432
B2053444814455N11940734WA000000129488
B2053454814461N11940740WA000000129606
B2053464814465N11940747WA000000129746
B2053474814468N11940754WA000000130086
B2053484814467N11940761WA000000130275
B2053494814464N11940765WA000000130599
B2053504814462N11940767WA000000130834
B2053514814460N11940766WA000000131103
B2053524814458N11940765WA000000131521
B2053534814456N11940761WA000000131995
B2053544814456N11940758WA000000132337
B2053554814456N11940754WA000000132829
B2053564814457N11940750WA000000158052
B2053574814460N11940744WA000000147066
B2053584814465N11940738WA000000142469
B2053594814472N11940736WA000000139701
B2054004814478N11940736WA000000138440
B2054014814484N11940738WA000000138038
B2054024814489N11940742WA000000137886
B2054034814495N11940745WA000000137669
B2054044814501N11940748WA000000137520
B2054054814506N11940749WA000000137486
B2054064814512N11940750WA000000137297
B2054074814520N11940752WA000000137331
B2054084814527N11940753WA000000137195
B2054094814535N11940755WA000000137297
B2054104814543N11940756WA000000137345
B2054114814551N11940757WA000000137310
B2054124814559N11940756WA000000137538
B2054134814568N11940755WA000000137722
B2054144814577N11940753WA000000137918
B2054154814585N11940754WA000000138179
B2054164814594N11940758WA000000138472
B2054174814602N11940762WA000000138667
B2054184814607N11940771WA000000138691
B2054194814612N11940778WA000000138824
B2054204814614N11940785WA000000139010
B2054214814613N11940789WA000000139047
B2054224814610N11940789WA000000138956
B2054234814608N11940785WA000000139111
B2054244814606N11940779WA000000160099
B2054254814608N11940773WA000000153132
B2054264814610N11940767WA000000149171
B2054274814612N11940760WA000000146738
B2054284814614N11940752WA000000145209
B2054294814615N11940745WA000000145170
B2054304814617N11940737WA000000145210
B2054314814619N11940729WA000000145804
B2054324814621N11940723WA000000146760
B2054334814624N11940717WA000000145855
B2054344814628N11940711WA000000145495
B2054354814635N11940705WA000000145607
B2054364814641N11940702WA000000145871
B2054374814648N11940700WA000000146143
B2054384814653N11940700WA000000146599
B2054394814659N11940702WA000000146696
B2054404814666N11940704WA000000146798
B2054414814674N11940708WA000000146777
B2054424814682N11940713WA000000146959
B2054434814689N11940719WA000000147393
B2054444814696N11940725WA000000147923
B2054454814702N11940731WA000000148411
B2054464814707N11940736WA000000149177
B2054474814714N11940741WA000000149319
B2054484814722N11940746WA000000149325
B2054494814731N11940749WA000000149588
B2054504814740N11940752WA000000149876
B2054514814748N11940755WA000000150280
B2054524814755N11940757WA000000150971
B2054534814762N11940758WA000000151458
B2054544814769N11940760WA000000151913
B2054554814775N11940760WA000000152450
B2054564814782N11940757WA000000152876
B2054574814789N11940752WA000000153245
B2054584814793N11940743WA000000153564
B2054594814794N11940733WA000000153874
B2055004814793N11940725WA000000154326
B2055014814790N11940721WA000000154861
B2055024814787N11940721WA000000155341
B2055034814784N11940724WA000000155672
B2055044814784N11940730WA000000156193
B2055054814787N11940736WA000000156677
B2055064814792N11940742WA000000157144
B2055074814798N11940747WA000000157618
B2055084814804N11940754WA000000157926
B2055094814810N11940762WA000000158220
B2055104814816N11940769WA000000158612
B2055114814821N11940775WA000000159178
B2055124814827N11940780WA000000159681
B2055134814835N11940783WA000000171229
B2055144814843N11940788WA000000166553
B2055154814850N11940794WA000000164529
B2055164814855N11940803WA000000163845
B2055174814859N11940811WA000000163620
B2055184814861N11940818WA000000163658
B2055194814863N11940826WA000000164174
B2055204814866N11940833WA000000164554
B2055214814869N11940840WA000000164740
B2055224814871N11940847WA000000164971
B2055234814873N11940853WA000000165159
B2055244814875N11940861WA000000165619
B2055254814877N11940868WA000000165925
B2055264814878N11940874WA000000166456
B2055274814880N11940880WA000000166709
B2055284814881N11940887WA000000166961
B2055294814883N11940894WA000000167355
B2055304814886N11940903WA000000167524
B2055314814888N11940911WA000000167707
B2055324814889N11940919WA000000167921
B2055334814890N11940927WA000000168277
B2055344814892N11940934WA000000168527
B2055354814894N11940943WA000000168716
B2055364814895N11940953WA000000168990
B2055374814896N11940962WA000000169291
B2055384814897N11940971WA000000169477
B2055394814899N11940980WA000000169688
B2055404814903N11940990WA000000170035
B2055414814907N11940999WA000000170436
B2055424814912N11941008WA000000170666
B2055434814918N11941015WA000000170793
B2055444814927N11941021WA000000176211
B2055454814935N11941022WA000000174229
B2055464814942N11941021WA000000173264
B2055474814948N11941017WA000000172724
B2055484814951N11941010WA000000172278
B2055494814954N11941003WA000000172047
B2055504814956N11940997WA000000171959
B2055514814958N11940991WA000000172354
B2055524814960N11940986WA000000172561
B2055534814961N11940981WA000000172880
B2055544814961N11940976WA000000173082
B2055554814962N11940970WA000000173329
B2055564814963N11940965WA000000173627
B2055574814964N11940960WA000000173869
B2055584814966N11940956WA000000174322
B2055594814967N11940951WA000000174565
B2056004814969N11940946WA000000174935
B2056014814969N11940941WA000000175246
B2056024814968N11940937WA000000175468
B2056034814966N11940935WA000000175649
B2056044814964N11940937WA000000175773
B2056054814962N11940944WA000000175766
B2056064814962N11940954WA000000175748
B2056074814964N11940965WA000000175995
B2056084814970N11940974WA000000176008
B2056094814976N11940982WA000000179290
B2056104814983N11940986WA000000178198
B2056114814991N11940989WA000000177598
B2056124814999N11940992WA000000177283
B2056134815008N11940991WA000000177021
B2056144815015N11940989WA000000177153
B2056154815023N11940987WA000000177506
B2056164815030N11940986WA000000178070
B2056174815037N11940983WA000000178557
B2056184815043N11940980WA000000179151
B2056194815048N11940972WA000000179507
B2056204815050N11940963WA000000179841
B2056214815050N11940954WA000000180120
B2056224815047N11940948WA000000180345
B2056234815043N11940944WA000000180795
B2056244815041N11940948WA000000181024
B2056254815040N11940954WA000000181624
B2056264815041N11940962WA000000182044
B2056274815044N11940970WA000000182492
B2056284815049N11940977WA000000182980
B2056294815056N11940981WA000000183531
B2056304815063N11940982WA000000183982
B2056314815071N11940979WA000000184276
B2056324815079N11940973WA000000184601
B2056334815084N11940964WA000000185060
B2056344815087N11940953WA000000185478
B2056354815087N11940945WA000000186191
B2056364815086N11940939WA000000186552
B2056374815084N11940935WA000000187083
B2056384815083N11940934WA000000187434
B2056394815080N11940941WA000000187655
B2056404815080N11940948WA000000188218
B2056414815081N11940957WA000000188675
B2056424815084N11940966WA000000189182
B2056434815091N11940973WA000000189603
B2056444815098N11940978WA000000190315
B2056454815106N11940980WA000000190818
B2056464815115N11940979WA000000191215
B2056474815123N11940975WA000000191743
B2056484815129N11940968WA000000192190
B2056494815135N11940960WA000000192401
B2056504815137N11940951WA000000191354
B2056514815137N11940944WA000000192362
B2056524815136N11940939WA000000192951
B2056534815134N11940936WA000000193455
B2056544815132N11940936WA000000194040
B2056554815130N11940937WA000000194682
B2056564815130N11940941WA000000195242
B2056574815131N11940947WA000000195615
B2056584815133N11940955WA000000196008
B2056594815136N11940964WA000000201663
B2057004815142N11940971WA000000200655
B2057014815150N11940976WA000000199915
B2057024815158N11940977WA000000199769
B2057034815166N11940975WA000000199866
B2057044815173N11940970WA000000200128
B2057054815178N11940965WA000000200341
B2057064815182N11940957WA000000200537
B2057074815185N11940950WA000000200877
B2057084815188N11940943WA000000201376
B2057094815189N11940937WA000000201635
B2057104815188N11940932WA000000207462
B2057114815186N11940929WA000000205327
B2057124815184N11940929WA000000204617
B2057134815183N11940933WA000000204403
B2057144815183N11940939WA000000204655
B2057154815186N11940948WA000000212624
B2057164815189N11940957WA000000209750
B2057174815194N11940964WA000000208249
B2057184815200N11940971WA000000207767
B2057194815208N11940976WA000000207696
B2057204815217N11940978WA000000207757
B2057214815225N11940976WA000000207865
B2057224815232N11940971WA000000199395
B2057234815238N11940963WA000000202938
B2057244815242N11940954WA000000204919
B2057254815242N11940946WA000000206037
B2057264815241N11940939WA000000206618
B2057274815238N11940938WA000000207027
B2057284815235N11940939WA000000207849
B2057294815234N11940944WA000000208409
B2057304815234N11940951WA000000208941
B2057314815236N11940959WA000000209213
B2057324815238N11940967WA000000209596
B2057334815243N11940976WA000000209666
B2057344815251N11940986WA000000209960
B2057354815259N11940994WA000000210483
B2057364815266N11941000WA000000211168
B2057374815273N11941005WA000000211937
B2057384815280N11941007WA000000212622
B2057394815287N11941006WA000000212988
B2057404815296N11941004WA000000213139
B2057414815303N11941000WA000000213256
B2057424815309N11940994WA000000213439
B2057434815312N11940987WA000000213796
B2057444815315N11940980WA000000213920
B2057454815316N11940972WA000000214380
B2057464815317N11940965WA000000214734
B2057474815317N11940961WA000000214921
B2057484815315N11940960WA000000215095
B2057494815314N11940966WA000000215265
B2057504815316N11940976WA000000215303
B2057514815322N11940988WA000000215203
B2057524815330N11940998WA000000215439
B2057534815338N11941004WA000000216058
B2057544815345N11941008WA000000216783
B2057554815353N11941009WA000000217203
B2057564815359N11941010WA000000217560
B2057574815367N11941009WA000000217615
B2057584815375N11941008WA000000217523
B2057594815383N11941003WA000000217531
B2058004815389N11940995WA000000217694
B2058014815393N11940987WA000000217770
B2058024815394N11940979WA000000217872
B2058034815394N11940973WA000000217901
B2058044815392N11940969WA000000218279
B2058054815392N11940968WA000000218519
B2058064815392N11940968WA000000218977
B2058074815393N11940970WA000000218284
B2058084815394N11940973WA000000218774
B2058094815395N11940979WA000000218987
B2058104815397N11940986WA000000219048
B2058114815399N11940993WA000000219328
B2058124815400N11941000WA000000219467
B2058134815401N11941008WA000000219565
B2058144815402N11941015WA000000219767
B2058154815402N11941022WA000000229050
B2058164815402N11941029WA000000225800
B2058174815401N11941034WA000000224335
B2058184815399N11941039WA000000223282
B2058194815398N11941043WA000000222511
B2058204815395N11941045WA000000222288
B2058214815394N11941048WA000000222005
B2058224815392N11941051WA000000221848
B2058234815390N11941053WA000000222058
B2058244815389N11941058WA000000222036
B2058254815387N11941062WA000000222197
B2058264815386N11941067WA000000222348
B2058274815385N11941072WA000000222611
B2058284815383N11941077WA000000222921
B2058294815382N11941082WA000000223222
B2058304815381N11941088WA000000223593
B2058314815384N11941098WA000000224022
B2058324815386N11941105WA000000224274
B2058334815393N11941113WA000000224317
B2058344815400N11941119WA000000224667
B2058354815409N11941122WA000000205852
B2058364815417N11941120WA000000213392
B2058374815425N11941114WA000000218343
B2058384815431N11941106WA000000220717
B2058394815434N11941098WA000000222692
B2058404815435N11941090WA000000223493
B2058414815435N11941085WA000000224130
B2058424815433N11941082WA000000224738
B2058434815430N11941083WA000000225094
B2058444815429N11941086WA000000225542
B2058454815428N11941090WA000000226108
B2058464815427N11941096WA000000226615
B2058474815427N11941103WA000000227040
B2058484815428N11941110WA000000224289
B2058494815432N11941120WA000000225940
B2058504815437N11941128WA000000226944
B2058514815443N11941136WA000000227606
B2058524815449N11941143WA000000234597
B2058534815457N11941149WA000000232461
B2058544815466N11941153WA000000231730
B2058554815474N11941154WA000000231497
B2058564815483N11941153WA000000231269
B2058574815491N11941150WA000000231187
B2058584815499N11941144WA000000231119
B2058594815505N11941139WA000000231304
LXCTACTIVITY OTHER 78
B2059004815509N11941133WA000000231554
B2059014815512N11941127WA000000231937
B2059024815514N11941121WA000000231934
B2059034815515N11941115WA000000232074
B2059044815516N11941108WA000000232153
B2059054815516N11941103WA000000232304
B2059064815515N11941100WA000000232405
B2059074815512N11941101WA000000232444
B2059084815510N11941104WA000000232414
B2059094815508N11941110WA000000232541
B2059104815507N11941117WA000000232746
B2059114815507N11941124WA000000233087
B2059124815508N11941133WA000000233241
B2059134815509N11941141WA000000233582
B2059144815512N11941149WA000000233749
B2059154815516N11941158WA000000234026
B2059164815521N11941167WA000000234354
B2059174815528N11941175WA000000234426
B2059184815536N11941181WA000000234577
B2059194815546N11941185WA000000221745
B2059204815556N11941184WA000000226895
B2059214815566N11941181WA000000229689
B2059224815576N11941178WA000000231343
B2059234815585N11941174WA000000232569
B2059244815595N11941171WA000000232800
B2059254815604N11941166WA000000233747
B2059264815613N11941162WA000000234495
B2059274815622N11941157WA000000234768
B2059284815630N11941153WA000000235361
B2059294815638N11941149WA000000235526
B2059304815646N11941146WA000000235801
B2059314815653N11941142WA000000235871
B2059324815661N11941137WA000000235891
B2059334815670N11941130WA000000235528
B2059344815679N11941122WA000000235128
B2059354815689N11941113WA000000234513
B2059364815699N11941105WA000000234052
B2059374815709N11941097WA000000233735
B2059384815718N11941089WA000000233643
B2059394815727N11941081WA000000233489
B2059404815737N11941075WA000000233141
B2059414815747N11941068WA000000232684
B2059424815758N11941061WA000000232190
B2059434815770N11941052WA000000231615
B2059444815782N11941045WA000000231105
B2059454815794N11941038WA000000231015
B2059464815806N11941031WA000000230922
B2059474815818N11941025WA000000230994
B2059484815830N11941019WA000000231256
B2059494815840N11941015WA000000231321
B2059504815846N11941013WA000000231377
B2059514815851N11941013WA000000232374
B2059524815856N11941013WA000000232867
B2059534815861N11941012WA000000233027
B2059544815866N11941008WA000000232854
B2059554815873N11941002WA000000232611
B2059564815879N11940994WA000000232662
B2059574815888N11940988WA000000232598
B2059584815898N11940986WA000000232887
B2059594815906N11940987WA000000233023
B2100004815913N11940987WA000000233337
B2100014815920N11940985WA000000233516
B2100024815929N11940983WA000000233503
B2100034815938N11940980WA000000233592
B2100044815949N11940976WA000000233496
B2100054815960N11940972WA000000233580
B2100064815970N11940966WA000000233974
B2100074815979N11940962WA000000234538
B2100084815987N11940959WA000000235010
B2100094815994N11940955WA000000235747
B2100104816001N11940953WA000000236280
B2100114816009N11940950WA000000236676
B2100124816017N11940948WA000000236943
B2100134816025N11940945WA000000237166
B2100144816035N11940942WA000000237257
B2100154816044N11940937WA000000237482
B2100164816052N11940934WA000000237952
B2100174816060N11940931WA000000238514
B2100184816068N11940929WA000000239215
B2100194816076N11940927WA000000239798
B2100204816085N11940925WA000000240220
B2100214816094N11940920WA000000240609
B2100224816102N11940917WA000000241157
B2100234816110N11940913WA000000241642
B2100244816118N11940910WA000000241971
B2100254816127N11940907WA000000242314
B2100264816135N11940904WA000000242799
B2100274816144N11940903WA000000243091
B2100284816153N11940901WA000000243562
B2100294816161N11940899WA000000243896
B2100304816170N11940896WA000000244315
B2100314816178N11940893WA000000244623
B2100324816185N11940890WA000000245195
B2100334816193N11940887WA000000245555
B2100344816201N11940884WA000000245846
B2100354816208N11940882WA000000246282
B2100364816216N11940879WA000000246535
B2100374816223N11940877WA000000246872
B2100384816231N11940874WA000000247096
B2100394816239N11940871WA000000247469
B2100404816247N11940869WA000000241224
B2100414816254N11940867WA000000244376
B2100424816262N11940866WA000000246140
B2100434816270N11940863WA000000247214
B2100444816277N11940860WA000000247940
B2100454816283N11940853WA000000248666
B2100464816287N11940845WA000000249254
B2100474816288N11940837WA000000249683
B2100484816288N11940831WA000000250150
B2100494816287N11940827WA000000250608
B2100504816285N11940827WA000000251152
B2100514816283N11940830WA000000251692
B2100524816283N11940834WA000000252017
B2100534816282N11940839WA000000252465
B2100544816282N11940844WA000000252748
B2100554816282N11940849WA000000252907
B2100564816281N11940855WA000000253211
LXCTACTIVITY STILL 51
B2100574816279N11940859WA000000253487
B2100584816278N11940864WA000000253883
B2100594816277N11940869WA000000254041
B2101004816275N11940872WA000000254368
B2101014816273N11940876WA000000254546
B2101024816271N11940879WA000000254836
B2101034816269N11940883WA000000255273
B2101044816268N11940887WA000000252643
B2101054816266N11940891WA000000254258
B2101064816265N11940896WA000000255326
B2101074816263N11940901WA000000256148
B2101084816262N11940906WA000000256708
B2101094816260N11940911WA000000257265
B2101104816260N11940915WA000000257659
B2101114816261N11940919WA000000258164
B2101124816261N11940923WA000000258121
B2101134816259N11940926WA000000258395
B2101144816257N11940929WA000000258435
B2101154816254N11940932WA000000254170
B2101164816251N11940934WA000000256088
B2101174816249N11940938WA000000257336
B2101184816247N11940942WA000000258399
B2101194816247N11940947WA000000259165
B2101204816247N11940952WA000000259794
B2101214816247N11940957WA000000260191
B2101224816247N11940962WA000000260454
B2101234816246N11940968WA000000260771
B2101244816246N11940974WA000000260903
B2101254816245N11940981WA000000261250
B2101264816245N11940987WA000000261568
B2101274816246N11940994WA000000261906
B2101284816246N11941001WA000000262165
B2101294816247N11941009WA000000262304
B2101304816248N11941016WA000000262745
B2101314816251N11941025WA000000262857
B2101324816255N11941034WA000000263137
B2101334816261N11941042WA000000243204
B2101344816268N11941049WA000000251204
B2101354816275N11941054WA000000255658
B2101364816282N11941059WA000000258579
B2101374816289N11941065WA000000260483
B2101384816296N11941069WA000000261994
B2101394816305N11941072WA000000262427
B2101404816313N11941074WA000000263233
B2101414816321N11941073WA000000263491
B2101424816330N11941069WA000000245803
B2101434816336N11941062WA000000255135
B2101444816339N11941055WA000000260644
B2101454816339N11941048WA000000263166
B2101464816337N11941045WA000000264934
B2101474816333N11941045WA000000266186
B2101484816330N11941048WA000000267071
B2101494816328N11941051WA000000267816
B2101504816326N11941057WA000000268498
B2101514816325N11941064WA000000269083
B2101524816327N11941073WA000000269430
B2101534816329N11941083WA000000269811
B2101544816331N11941093WA000000270245
B2101554816334N11941104WA000000270613
B2101564816340N11941113WA000000270196
B2101574816347N11941121WA000000271102
B2101584816354N11941127WA000000271715
B2101594816361N11941132WA000000272306
B2102004816369N11941136WA000000272808
B2102014816376N11941140WA000000273467
B2102024816384N11941143WA000000273793
B2102034816393N11941144WA000000274187
B2102044816402N11941145WA000000274447
B2102054816411N11941145WA000000274731
B2102064816420N11941144WA000000274889
B2102074816430N11941144WA000000275324
B2102084816439N11941143WA000000275553
B2102094816449N11941141WA000000275754
B2102104816459N11941139WA000000276127
B2102114816468N11941137WA000000276542
B2102124816477N11941135WA000000276923
B2102134816485N11941133WA000000277308
B2102144816493N11941132WA000000277728
B2102154816501N11941131WA000000278049
B2102164816511N11941130WA000000278118
B2102174816520N11941130WA000000278272
B2102184816532N11941128WA000000278217
B2102194816542N11941128WA000000278563
B2102204816551N11941128WA000000278954
B2102214816560N11941128WA000000279334
B2102224816569N11941129WA000000279664
B2102234816579N11941130WA000000279778
B2102244816591N11941133WA000000279833
B2102254816602N11941135WA000000279951
B2102264816613N11941136WA000000280122
B2102274816623N11941136WA000000280499
B2102284816634N11941137WA000000280745
B2102294816644N11941138WA000000281044
B2102304816654N11941138WA000000281249
B2102314816664N11941139WA000000281474
B2102324816674N11941139WA000000281875
B2102334816685N11941138WA000000281906
B2102344816694N11941137WA000000282386
B2102354816704N11941135WA000000282629
B2102364816713N11941134WA000000282896
B2102374816723N11941133WA000000283083
B2102384816734N11941132WA000000283235
B2102394816744N11941131WA000000283625
B2102404816754N11941130WA000000283782
B2102414816765N11941127WA000000284006
B2102424816775N11941124WA000000284039
B2102434816785N11941122WA000000284134
B2102444816795N11941121WA000000284227
B2102454816806N11941120WA000000284403
B2102464816816N11941119WA000000284828
B2102474816826N11941119WA000000285162
B2102484816837N11941117WA000000285177
B2102494816848N11941115WA000000285232
B2102504816858N11941112WA000000285286
B2102514816869N11941110WA000000285317
B2102524816879N11941109WA000000285394
B2102534816890N11941108WA000000285508
B2102544816900N11941104WA000000285659
B2102554816911N11941103WA000000283525
B2102564816922N11941102WA000000284201
B2102574816934N11941100WA000000284600
B2102584816946N11941097WA000000284735
B2102594816958N11941093WA000000275216
B2103004816969N11941090WA000000278685
B2103014816981N11941087WA000000281140
B2103024816991N11941083WA000000282397
B2103034817001N11941080WA000000283078
B2103044817011N11941078WA000000283431
B2103054817021N11941074WA000000283287
B2103064817033N11941070WA000000282808
B2103074817045N11941066WA000000282324
B2103084817056N11941061WA000000281994
B2103094817068N11941057WA000000281645
B2103104817080N11941052WA000000281617
B2103114817091N11941049WA000000281416
B2103124817101N11941046WA000000281196
B2103134817113N11941043WA000000280622
B2103144817124N11941038WA000000280265
B2103154817136N11941032WA000000279818
B2103164817146N11941026WA000000279397
B2103174817156N11941020WA000000279090
B2103184817166N11941013WA000000278889
B2103194817176N11941007WA000000278479
B2103204817187N11941002WA000000278003
B2103214817197N11940996WA000000277588
B2103224817208N11940991WA000000277074
B2103234817219N11940985WA000000276683
B2103244817231N11940978WA000000276205
B2103254817241N11940972WA000000275991
B2103264817251N11940966WA000000275851
B2103274817262N11940960WA000000275503
B2103284817271N11940954WA000000275484
B2103294817281N11940949WA000000275283
B2103304817292N11940944WA000000275210
B2103314817302N11940938WA000000274971
B2103324817313N11940931WA000000274652
B2103334817324N11940925WA000000274251
B2103344817336N11940919WA000000274008
B2103354817347N11940914WA000000273921
B2103364817357N11940908WA000000273882
B2103374817368N11940902WA000000273679
B2103384817379N11940898WA000000273674
B2103394817390N11940892WA000000273519
B2103404817400N11940887WA000000273229
B2103414817410N11940882WA000000272967
B2103424817421N11940877WA000000272541
B2103434817431N11940869WA000000259298
B2103444817442N11940863WA000000263751
B2103454817453N11940856WA000000266154
B2103464817464N11940849WA000000266849
B2103474817475N11940843WA000000267331
B2103484817486N11940835WA000000268123
B2103494817496N11940828WA000000268372
B2103504817506N11940820WA000000268290
B2103514817517N11940812WA000000268640
B2103524817528N11940803WA000000268437
B2103534817537N11940794WA000000268199
B2103544817548N11940786WA000000268014
B2103554817557N11940778WA000000268291
B2103564817567N11940770WA000000268369
B2103574817577N11940762WA000000268409
B2103584817586N11940755WA000000268324
B2103594817595N11940747WA000000268106
B2104004817604N11940739WA000000267819
B2104014817613N11940731WA000000267576
B2104024817623N11940722WA000000267204
B2104044817641N11940706WA000000267124
B2104054817649N11940698WA000000250369
B2104064817658N11940690WA000000257026
B2104074817667N11940682WA000000259839
B2104084817676N11940676WA000000261030
B2104094817685N11940668WA000000262286
B2104104817695N11940660WA000000263021
B2104114817704N11940652WA000000263505
B2104124817713N11940645WA000000263781
B2104134817723N11940637WA000000263718
B2104144817732N11940629WA000000263637
B2104154817741N11940621WA000000263804
B2104164817749N11940612WA000000263858
B2104174817758N11940604WA000000263826
B2104184817767N11940595WA000000263608
B2104194817775N11940586WA000000263558
B2104204817784N11940577WA000000263229
B2104214817792N11940568WA000000263079
B2104224817800N11940559WA000000262774
B2104234817809N11940550WA000000262520
B2104244817817N11940541WA000000262371
B2104254817826N11940532WA000000262122
B2104264817834N11940523WA000000261987
B2104274817843N11940514WA000000261749
B2104284817852N11940506WA000000261524
B2104294817861N11940497WA000000261301
B2104304817869N11940487WA000000261010
B2104314817877N11940477WA000000260860
B2104324817885N11940467WA000000260553
B2104334817893N11940457WA000000260472
B2104344817900N11940447WA000000260355
B2104354817907N11940438WA000000260086
B2104364817915N11940429WA000000259845
B2104374817922N11940419WA000000259575
B2104384817930N11940409WA000000259153
B2104394817939N11940398WA000000258606
B2104404817947N11940387WA000000258353
B2104414817955N11940376WA000000258165
B2104424817963N11940366WA000000257990
B2104434817972N11940356WA000000257860
B2104444817981N11940345WA000000257748
B2104454817989N11940335WA000000257589
B2104464817998N11940325WA000000257325
B2104474818006N11940315WA000000257256
B2104484818015N11940305WA000000257048
B2104494818024N11940296WA000000256821
B2104504818033N11940287WA000000256624
B2104514818042N11940279WA000000256470
B2104524818052N11940269WA000000256349
B2104534818062N11940261WA000000256216
B2104544818071N11940253WA000000256233
B2104554818080N11940245WA000000256107
B2104564818088N11940237WA000000256122
B2104574818096N11940229WA000000256174
B2104584818105N11940222WA000000256102
B2104594818112N11940214WA000000256267
B2105004818120N11940208WA000000256151
B2105014818128N11940201WA000000256124
B2105024818136N11940193WA000000255912
B2105034818144N11940184WA000000255429
B2105044818153N11940176WA000000255107
B2105054818162N11940167WA000000254839
B2105064818171N11940159WA000000254549
B2105074818180N11940152WA000000254410
B2105084818188N11940145WA000000254351
B2105094818196N11940137WA000000254193
B2105104818205N11940129WA000000253955
B2105114818214N11940121WA000000253715
B2105124818222N11940114WA000000253461
B2105134818231N11940106WA000000253143
B2105144818240N11940099WA000000252831
B2105154818249N11940091WA000000252517
B2105164818258N11940085WA000000252221
B2105174818266N11940077WA000000251874
B2105184818275N11940069WA000000251386
B2105194818285N11940062WA000000250952
B2105204818295N11940054WA000000250611
B2105214818304N11940046WA000000250380
B2105224818314N11940039WA000000250084
B2105234818324N11940031WA000000249948
B2105244818333N11940024WA000000249633
B2105254818342N11940017WA000000249383
B2105264818352N11940010WA000000249242
B2105274818360N11940002WA000000249190
B2105284818369N11939994WA000000248863
B2105294818378N11939986WA000000248515
B2105304818386N11939977WA000000248358
B2105314818395N11939968WA000000248119
B2105324818403N11939960WA000000247864
B2105334818411N11939951WA000000247534
B2105344818419N11939942WA000000247259
B2105354818427N11939935WA000000246974
B2105364818436N11939927WA000000246712
B2105374818444N11939918WA000000246478
B2105384818453N11939910WA000000246113
B2105394818461N11939901WA000000245779
B2105404818470N11939893WA000000245542
B2105414818478N11939885WA000000245456
B2105424818486N11939878WA000000245172
B2105434818494N11939870WA000000245085
B2105444818502N11939862WA000000244792
B2105454818511N11939854WA000000244302
B2105464818519N11939845WA000000243913
B2105474818527N11939836WA000000243634
B2105484818534N11939827WA000000243292
B2105494818541N11939816WA000000242888
B2105504818547N11939805WA000000242476
B2105514818552N11939792WA000000242065
B2105524818556N11939778WA000000241696
B2105534818560N11939764WA000000241285
B2105544818565N11939750WA000000240979
B2105554818570N11939738WA000000240625
B2105564818574N11939726WA000000240432
B2105574818578N11939714WA000000240093
B2105584818583N11939701WA000000239859
B2105594818588N11939689WA000000239405
B2106004818592N11939675WA000000238959
B2106014818597N11939662WA000000238605
B2106024818601N11939649WA000000238275
B2106034818606N11939636WA000000237939
B2106044818611N11939625WA000000237620
B2106054818616N11939613WA000000237418
B2106064818621N11939602WA000000237133
B2106074818626N11939590WA000000236934
B2106084818631N11939578WA000000236822
B2106094818636N11939565WA000000236231
B2106104818641N11939551WA000000235887
B2106114818647N11939538WA000000239077
B2106124818653N11939525WA000000237464
B2106134818659N11939513WA000000236401
B2106144818664N11939500WA000000235829
B2106154818669N11939488WA000000235436
B2106164818674N11939476WA000000234963
B2106174818679N11939464WA000000234323
B2106184818684N11939451WA000000233844
B2106194818688N11939437WA000000233694
B2106204818694N11939424WA000000232906
B2106214818698N11939410WA000000232493
B2106224818704N11939397WA000000231912
B2106234818709N11939383WA000000231466
B2106244818715N11939370WA000000230933
B2106254818720N11939356WA000000230584
B2106264818725N11939344WA000000230211
B2106274818729N11939332WA000000230097
B2106284818734N11939320WA000000229728
B2106294818738N11939308WA000000229586
B2106304818743N11939296WA000000229379
B2106314818749N11939285WA000000229207
B2106324818754N11939275WA000000229207
B2106334818759N11939265WA000000229229
B2106344818764N11939256WA000000229265
B2106354818769N11939245WA000000229277
B2106364818774N11939235WA000000236015
B2106374818777N11939223WA000000232879
B2106384818781N11939211WA000000231303
B2106394818783N11939198WA000000230443
B2106404818785N11939184WA000000230043
B2106414818787N11939172WA000000229422
B2106424818789N11939159WA000000229259
B2106434818791N11939148WA000000229073
B2106444818794N11939135WA000000228849
B2106454818796N11939124WA000000228775
B2106464818799N11939113WA000000228702
B2106474818801N11939101WA000000228527
B2106484818803N11939090WA000000228429
B2106494818804N11939079WA000000228296
B2106504818806N11939068WA000000228056
B2106514818808N11939057WA000000219702
B2106524818809N11939044WA000000222384
B2106534818811N11939031WA000000223770
B2106544818813N11939017WA000000224327
B2106554818815N11939004WA000000224649
B2106564818817N11938992WA000000225045
B2106574818819N11938980WA000000225012
B2106584818820N11938968WA000000225170
B2106594818822N11938955WA000000225117
B2107004818823N11938942WA000000224982
B2107014818825N11938929WA000000224550
B2107024818826N11938915WA000000224295
B2107034818828N11938902WA000000224045
B2107044818829N11938888WA000000223957
B2107054818830N11938875WA000000223981
B2107064818832N11938861WA000000223935
B2107074818834N11938847WA000000223509
B2107084818836N11938834WA000000223409
B2107094818837N11938822WA000000223788
B2107104818841N11938812WA000000224107
B2107114818844N11938804WA000000224432
LXCTACTIVITY OTHER 84
B2107124818847N11938795WA000000224588
B2107134818851N11938785WA000000224342
B2107144818855N11938774WA000000224270
B2107154818861N11938761WA000000223997
B2107164818868N11938750WA000000223895
B2107174818876N11938740WA000000222500
B2107184818883N11938731WA000000223253
B2107194818891N11938723WA000000223837
B2107204818899N11938718WA000000224265
B2107214818907N11938713WA000000224495
B2107224818916N11938709WA000000224350
B2107234818924N11938702WA000000224376
B2107244818933N11938695WA000000224038
B2107254818942N11938689WA000000223843
B2107264818952N11938682WA000000223556
B2107274818963N11938677WA000000223437
B2107284818973N11938672WA000000223488
B2107294818983N11938667WA000000223497
B2107304818993N11938662WA000000223228
B2107314819003N11938657WA000000223038
B2107324819013N11938651WA000000222860
B2107334819024N11938645WA000000222402
B2107344819034N11938638WA000000222236
B2107354819044N11938632WA000000221962
B2107364819054N11938627WA000000221640
B2107374819064N11938621WA000000221544
B2107384819073N11938615WA000000221397
B2107394819083N11938609WA000000221152
B2107404819092N11938602WA000000221095
B2107414819102N11938595WA000000220790
B2107424819112N11938586WA000000220585
B2107434819122N11938577WA000000220459
B2107444819131N11938568WA000000220377
B2107454819141N11938560WA000000219304
B2107464819150N11938551WA000000219628
B2107474819159N11938543WA000000219634
B2107484819168N11938534WA000000219659
B2107494819177N11938525WA000000219537
B2107504819186N11938515WA000000219271
B2107514819196N11938504WA000000219018
B2107524819205N11938494WA000000218935
B2107534819214N11938484WA000000218889
B2107544819224N11938475WA000000218919
B2107554819233N11938468WA000000218975
B2107564819242N11938461WA000000218992
B2107574819252N11938453WA000000218872
B2107584819262N11938444WA000000218831
B2107594819272N11938435WA000000218625
B2108004819282N11938427WA000000218521
B2108014819292N11938418WA000000218312
B2108024819301N11938409WA000000218128
B2108034819310N11938402WA000000218061
B2108044819319N11938393WA000000218030
B2108054819328N11938385WA000000217741
B2108064819337N11938376WA000000217590
B2108074819348N11938367WA000000217418
B2108084819358N11938360WA000000217340
B2108094819368N11938351WA000000217152
B2108104819378N11938343WA000000216752
B2108114819388N11938335WA000000216478
B2108124819398N11938327WA000000216287
B2108134819408N11938319WA000000215885
B2108144819418N11938309WA000000215458
B2108154819428N11938298WA000000215167
B2108164819438N11938287WA000000214762
B2108174819448N11938275WA000000214466
B2108184819458N11938264WA000000214412
B2108194819467N11938255WA000000214594
B2108204819476N11938248WA000000214792
B2108214819485N11938240WA000000215027
B2108224819492N11938233WA000000215193
B2108234819500N11938225WA000000215193
B2108244819509N11938216WA000000214929
B2108254819518N11938208WA000000214601
B2108264819527N11938199WA000000214315
B2108274819536N11938190WA000000214056
B2108284819546N11938181WA000000213654
B2108294819556N11938171WA000000213403
B2108304819565N11938162WA000000213253
B2108314819574N11938153WA000000213072
B2108324819584N11938144WA000000212895
B2108334819594N11938135WA000000212700
B2108344819602N11938125WA000000212779
B2108354819610N11938117WA000000213053
B2108364819616N11938108WA000000213471
B2108374819621N11938101WA000000213931
B2108384819625N11938094WA000000214397
B2108394819631N11938088WA000000214503
B2108404819635N11938082WA000000214593
B2108414819644N11938074WA000000214608
B2108424819650N11938069WA000000214404
B2108434819657N11938062WA000000214609
B2108444819663N11938056WA000000214852
B2108454819670N11938050WA000000215128
B2108464819676N11938045WA000000215474
B2108474819683N11938040WA000000215730
B2108484819690N11938033WA000000215718
LXCTACTIVITY STILL 51
B2108494819697N11938027WA000000215907
B2108504819704N11938021WA000000216103
B2108514819710N11938014WA000000216496
B2108524819717N11938007WA000000216633
B2108534819723N11938000WA000000216948
B2108544819729N11937994WA000000217206
B2108554819734N11937988WA000000217498
B2108564819741N11937982WA000000217527
B2108574819747N11937976WA000000217686
B2108584819754N11937969WA000000217659
B2108594819760N11937963WA000000217695
B2109004819766N11937957WA000000217782
B2109014819772N11937951WA000000212308
B2109024819776N11937947WA000000214795
B2109034819781N11937943WA000000216062
B2109044819787N11937938WA000000216826
B2109054819793N11937933WA000000216907
B2109064819799N11937928WA000000217072
B2109074819808N11937921WA000000216629
B2109084819818N11937915WA000000216402
B2109094819828N11937907WA000000216208
B2109104819837N11937900WA000000216328
B2109114819845N11937894WA000000216660
B2109124819852N11937888WA000000217062
B2109134819858N11937882WA000000217487
B2109144819864N11937877WA000000217782
B2109154819870N11937871WA000000217826
B2109164819876N11937866WA000000218004
B2109174819881N11937860WA000000218182
B2109184819888N11937854WA000000218125
B2109194819894N11937848WA000000218329
B2109204819899N11937842WA000000218399
B2109214819905N11937837WA000000218426
B2109224819910N11937832WA000000218654
B2109234819915N11937827WA000000218690
B2109244819921N11937821WA000000218540
B2109254819927N11937814WA000000218460
B2109264819933N11937805WA000000218477
B2109274819939N11937797WA000000218430
B2109284819944N11937788WA000000218669
B2109294819949N11937782WA000000218930
B2109304819954N11937776WA000000219004
B2109314819959N11937769WA000000219136
B2109324819964N11937762WA000000219158
B2109334819970N11937754WA000000219094
B2109344819976N11937745WA000000218894
B2109354819982N11937737WA000000218861
B2109364819988N11937730WA000000218931
B2109374819995N11937723WA000000218903
B2109384820001N11937714WA000000218927
B2109394820006N11937707WA000000218832
B2109404820011N11937699WA000000218676
B2109414820016N11937690WA000000218380
B2109424820022N11937680WA000000217803
B2109434820026N11937668WA000000217469
B2109444820031N11937657WA000000217126
B2109454820036N11937645WA000000216725
B2109464820040N11937635WA000000216562
B2109474820045N11937625WA000000216461
B2109484820051N11937616WA000000216303
B2109494820055N11937606WA000000215986
B2109504820061N11937596WA000000215602
B2109514820067N11937585WA000000215048
B2109524820074N11937573WA000000214417
B2109534820081N11937560WA000000214018
B2109544820086N11937549WA000000213790
B2109554820092N11937537WA000000213493
B2109564820098N11937526WA000000213273
B2109574820104N11937515WA000000213054
B2109584820110N11937504WA000000212787
B2109594820117N11937494WA000000212342
B2110004820124N11937482WA000000211927
B2110014820131N11937471WA000000211634
B2110024820138N11937460WA000000211335
B2110034820145N11937449WA000000211029
B2110044820152N11937439WA000000210701
B2110054820158N11937428WA000000210584
B2110064820165N11937418WA000000210290
B2110074820174N11937407WA000000210088
B2110084820183N11937395WA000000209995
B2110094820191N11937383WA000000209156
B2110104820200N11937372WA000000208386
B2110114820209N11937360WA000000207788
B2110124820219N11937350WA000000207206
B2110134820228N11937339WA000000206833
B2110144820237N11937329WA000000206688
B2110154820247N11937318WA000000206359
B2110164820256N11937307WA000000206095
B2110174820266N11937296WA000000205633
B2110184820275N11937284WA000000205253
B2110194820283N11937272WA000000204858
B2110204820293N11937261WA000000204117
B2110214820302N11937250WA000000203913
B2110224820311N11937239WA000000203437
B2110234820319N11937229WA000000203295
B2110244820327N11937218WA000000203077
B2110254820335N11937207WA000000202725
B2110264820343N11937197WA000000202510
B2110274820350N11937185WA000000202295
B2110284820358N11937173WA000000202178
B2110294820364N11937162WA000000201961
B2110304820371N11937151WA000000201634
B2110314820377N11937141WA000000201466
B2110324820384N11937131WA000000200983
B2110334820392N11937120WA000000200634
B2110344820399N11937109WA000000200171
B2110354820407N11937096WA000000199749
B2110364820415N11937084WA000000199465
B2110374820423N11937074WA000000199371
B2110384820430N11937063WA000000199398
B2110394820437N11937053WA000000199377
B2110404820444N11937043WA000000199249
B2110414820451N11937033WA000000199011
B2110424820457N11937021WA000000198695
B2110434820465N11937010WA000000198280
B2110444820474N11936998WA000000197925
B2110454820481N11936986WA000000197677
B2110464820488N11936975WA000000197394
B2110474820496N11936964WA000000197255
B2110484820504N11936954WA000000197216
B2110494820511N11936944WA000000197238
B2110504820519N11936936WA000000197049
B2110514820528N11936927WA000000196999
B2110524820539N11936922WA000000196893
B2110534820551N11936916WA000000196648
B2110544820562N11936910WA000000196302
B2110554820572N11936903WA000000196058
B2110564820583N11936897WA000000195769
B2110574820594N11936892WA000000195574
B2110584820605N11936887WA000000195578
B2110594820616N11936883WA000000195548
B2111004820627N11936879WA000000195405
B2111014820636N11936874WA000000195494
B2111024820646N11936869WA000000195286
B2111034820657N11936864WA000000194927
B2111044820667N11936859WA000000194575
B2111054820677N11936854WA000000194375
B2111064820689N11936849WA000000193844
B2111074820701N11936845WA000000193643
B2111084820713N11936840WA000000193321
B2111094820725N11936834WA000000193129
B2111104820736N11936830WA000000193122
B2111114820747N11936826WA000000192932
B2111124820758N11936821WA000000192939
B2111134820769N11936819WA000000192841
B2111144820780N11936816WA000000192623
B2111154820791N11936813WA000000192570
B2111164820803N11936809WA000000192411
B2111174820814N11936804WA000000192260
B2111184820825N11936799WA000000191973
B2111194820836N11936794WA000000191706
B2111204820846N11936789WA000000191549
B2111214820856N11936784WA000000191379
B2111224820867N11936780WA000000191122
B2111234820877N11936774WA000000190905
B2111244820887N11936768WA000000190655
B2111254820898N11936762WA000000190217
B2111264820908N11936755WA000000189837
B2111274820919N11936749WA000000189264
B2111284820929N11936742WA000000188967
B2111294820939N11936737WA000000188454
B2111304820950N11936730WA000000187956
B2111314820961N11936724WA000000187632
B2111324820971N11936717WA000000187277
B2111334820982N11936711WA000000186721
B2111344820992N11936703WA000000186273
B2111354821002N11936695WA000000185873
B2111364821012N11936687WA000000185439
B2111374821022N11936681WA000000185146
B2111384821032N11936674WA000000184958
B2111394821041N11936667WA000000184679
B2111404821050N11936659WA000000184226
B2111414821056N11936649WA000000183984
B2111424821063N11936639WA000000183275
B2111434821069N11936629WA000000183082
B2111444821075N11936618WA000000182839
B2111454821080N11936608WA000000182557
B2111464821085N11936597WA000000182258
B2111474821090N11936587WA000000182071
B2111484821096N11936577WA000000181809
B2111494821101N11936567WA000000181706
B2111504821106N11936557WA000000181505
B2111514821110N11936546WA000000181482
B2111524821115N11936535WA000000181280
B2111534821119N11936525WA000000181173
B2111544821124N11936514WA000000180938
B2111554821129N11936504WA000000180411
B2111564821133N11936493WA000000180146
B2111574821137N11936481WA000000179768
B2111584821141N11936470WA000000179279
B2111594821145N11936459WA000000178990
B2112004821150N11936448WA000000178780
B2112014821155N11936438WA000000178660
B2112024821160N11936427WA000000178466
B2112034821165N11936418WA000000178250
B2112044821170N11936409WA000000177942
B2112054821175N11936398WA000000177715
B2112064821179N11936388WA000000177483
B2112074821184N11936378WA000000177265
B2112084821189N11936369WA000000176832
B2112094821194N11936358WA000000176558
B2112104821199N11936348WA000000176043
B2112114821204N11936337WA000000175725
B2112124821208N11936326WA000000175679
B2112134821212N11936316WA000000175688
B2112144821217N11936307WA000000175400
B2112154821221N11936298WA000000175160
B2112164821226N11936288WA000000175037
B2112174821231N11936278WA000000174808
B2112184821236N11936269WA000000174543
B2112194821241N11936259WA000000174380
B2112204821246N11936248WA000000174068
B2112214821251N11936238WA000000173687
B2112224821257N11936228WA000000173470
B2112234821263N11936217WA000000173287
B2112244821270N11936208WA000000173100
B2112254821276N11936198WA000000173138
B2112264821282N11936189WA000000173228
B2112274821287N11936182WA000000173293
B2112284821293N11936174WA000000173302
B2112294821298N11936167WA000000173564
B2112304821303N11936160WA000000173756
B2112314821308N11936154WA000000173814
B2112324821312N11936151WA000000173951
B2112334821317N11936148WA000000174034
B2112344821321N11936145WA000000173976
B2112354821326N11936140WA000000173746
B2112364821331N11936135WA000000201251
B2112374821336N11936127WA000000192202
B2112384821341N11936118WA000000183919
B2112394821346N11936110WA000000180757
B2112404821351N11936103WA000000179282
B2112414821357N11936095WA000000177720
B2112424821362N11936087WA000000177038
B2112434821367N11936080WA000000176744
B2112444821373N11936073WA000000176208
B2112454821378N11936067WA000000175749
B2112464821384N11936063WA000000175337
B2112474821390N11936060WA000000175330
B2112484821396N11936056WA000000175200
B2112494821401N11936051WA000000175049
B2112504821407N11936046WA000000174912
B2112514821412N11936040WA000000174844
B2112524821418N11936035WA000000174823
B2112534821423N11936030WA000000174794
B2112544821429N11936026WA000000174904
B2112554821433N11936021WA000000174955
B2112564821438N11936016WA000000175036
B2112574821443N11936010WA000000175086
B2112584821448N11936005WA000000174890
B2112594821454N11935999WA000000174726
B2113004821459N11935993WA000000174703
B2113014821463N11935987WA000000174733
B2113024821467N11935980WA000000174795
B2113034821473N11935974WA000000174745
B2113044821479N11935968WA000000174807
B2113054821484N11935963WA000000174744
B2113064821489N11935957WA000000174657
B2113074821494N11935952WA000000174592
B2113084821500N11935946WA000000174512
B2113094821505N11935939WA000000174474
B2113104821511N11935931WA000000174405
B2113114821516N11935925WA000000174430
B2113124821521N11935918WA000000174350
B2113134821526N11935911WA000000174473
B2113144821531N11935905WA000000174453
B2113154821537N11935899WA000000174504
B2113164821542N11935892WA000000174445
B2113174821548N11935884WA000000174231
B2113184821553N11935875WA000000174150
B2113194821558N11935868WA000000174080
B2113204821564N11935861WA000000174205
B2113214821569N11935856WA000000174266
B2113224821576N11935851WA000000174304
B2113234821583N11935845WA000000174145
B2113244821590N11935839WA000000174173
B2113254821600N11935834WA000000173831
B2113264821609N11935830WA000000173862
B2113274821618N11935828WA000000173810
B2113284821626N11935826WA000000173977
B2113294821635N11935825WA000000174127
B2113304821643N11935824WA000000174212
B2113314821652N11935822WA000000174218
B2113324821661N11935820WA000000174244
B2113334821671N11935818WA000000174203
B2113344821680N11935816WA000000174184
B2113354821690N11935815WA000000174290
B2113364821700N11935814WA000000174354
B2113374821709N11935813WA000000174598
B2113384821718N11935813WA000000174685
B2113394821727N11935812WA000000174859
B2113404821735N11935813WA000000174891
B2113414821744N11935813WA000000174710
B2113424821752N11935813WA000000174864
B2113434821762N11935813WA000000174914
B2113444821771N11935812WA000000175050
B2113454821781N11935810WA000000175027
B2113464821790N11935809WA000000175041
B2113474821799N11935807WA000000175042
B2113484821808N11935805WA000000175017
B2113494821816N11935804WA000000174948
B2113504821825N11935804WA000000174714
B2113514821833N11935802WA000000174787
B2113524821842N11935801WA000000174840
B2113534821850N11935799WA000000174877
B2113544821859N11935798WA000000174859
B2113554821868N11935798WA000000174843
B2113564821877N11935796WA000000174706
B2113574821885N11935795WA000000174756
B2113584821894N11935794WA000000174733
B2113594821902N11935793WA000000174793
B2114004821911N11935791WA000000174734
B2114014821919N11935789WA000000174743
B2114024821927N11935786WA000000174897
B2114034821936N11935784WA000000174932
B2114044821944N11935781WA000000174964
B2114054821952N11935779WA000000175064
B2114064821959N11935778WA000000175193
B2114074821966N11935776WA000000175254
B2114084821973N11935775WA000000175081
B2114094821981N11935772WA000000174839
B2114104821989N11935770WA000000174609
B2114114821997N11935768WA000000174511
B2114124822004N11935766WA000000174405
B2114134822012N11935764WA000000174318
B2114144822020N11935763WA000000174305
B2114154822028N11935764WA000000174490
B2114164822037N11935762WA000000174327
B2114174822045N11935762WA000000174292
B2114184822054N11935760WA000000174229
B2114194822062N11935759WA000000174233
B2114204822071N11935757WA000000174139
B2114214822080N11935755WA000000174142
B2114224822088N11935753WA000000174142
B2114234822096N11935750WA000000173997
B2114244822105N11935749WA000000173958
B2114254822114N11935747WA000000173809
B2114264822122N11935745WA000000173759
B2114274822131N11935744WA000000173721
B2114284822139N11935741WA000000173662
B2114294822147N11935738WA000000173692
B2114304822156N11935735WA000000173604
B2114314822164N11935732WA000000173507
B2114324822171N11935730WA000000173592
B2114334822179N11935727WA000000173558
B2114344822187N11935725WA000000173511
B2114354822194N11935722WA000000173573
B2114364822202N11935719WA000000173427
B2114374822209N11935716WA000000173469
B2114384822217N11935714WA000000173303
B2114394822224N11935711WA000000173309
B2114404822230N11935709WA000000173375
B2114414822238N11935705WA000000173236
B2114424822245N11935702WA000000173092
B2114434822254N11935698WA000000172902
B2114444822262N11935694WA000000172787
B2114454822271N11935690WA000000172747
B2114464822280N11935687WA000000172701
B2114474822288N11935685WA000000172743
B2114484822297N11935683WA000000172759
B2114494822306N11935683WA000000172617
B2114504822315N11935683WA000000172403
B2114514822324N11935681WA000000172353
B2114524822333N11935679WA000000172278
B2114534822343N11935678WA000000172105
B2114544822352N11935676WA000000172168
B2114554822361N11935675WA000000172033
B2114564822369N11935673WA000000172157
B2114574822377N11935671WA000000171999
B2114584822386N11935670WA000000171873
B2114594822395N11935668WA000000171851
B2115004822404N11935664WA000000171734
B2115014822412N11935660WA000000171696
B2115024822421N11935657WA000000171691
B2115034822430N11935654WA000000171577
B2115044822439N11935651WA000000171646
B2115054822447N11935648WA000000171781
B2115064822456N11935644WA000000171836
B2115074822464N11935642WA000000172080
B2115084822473N11935638WA000000172003
B2115094822480N11935636WA000000172290
B2115104822488N11935633WA000000172371
B2115114822496N11935630WA000000172339
B2115124822504N11935628WA000000172262
B2115134822512N11935626WA000000172171
B2115144822521N11935624WA000000172261
B2115154822530N11935621WA000000172148
B2115164822539N11935619WA000000172215
B2115174822547N11935616WA000000172271
B2115184822556N11935612WA000000172382
B2115194822565N11935607WA000000172528
B2115204822572N11935604WA000000172545
B2115214822580N11935600WA000000172716
B2115224822588N11935595WA000000172846
B2115234822596N11935591WA000000172949
B2115244822605N11935588WA000000172915
B2115254822614N11935585WA000000173000
B2115264822623N11935581WA000000173003
B2115274822631N11935578WA000000173157
B2115284822639N11935575WA000000173448
B2115294822647N11935573WA000000173604
B2115304822654N11935571WA000000173887
B2115314822662N11935569WA000000174094
B2115324822670N11935566WA000000174136
B2115334822678N11935564WA000000174079
B2115344822686N11935563WA000000174256
B2115354822695N11935562WA000000174320
B2115364822702N11935559WA000000174584
B2115374822709N11935553WA000000174678
B2115384822714N11935546WA000000174887
B2115394822718N11935537WA000000174908
B2115404822719N11935528WA000000174988
B2115414822719N11935519WA000000175097
B2115424822716N11935516WA000000175063
B2115434822714N11935514WA000000175309
B2115444822710N11935518WA000000175498
B2115454822709N11935524WA000000175686
B2115464822710N11935532WA000000175774
B2115474822714N11935539WA000000175931
B2115484822720N11935545WA000000176113
B2115494822727N11935549WA000000176332
B2115504822735N11935550WA000000176475
B2115514822743N11935548WA000000176748
B2115524822751N11935543WA000000176806
B2115534822756N11935536WA000000176994
B2115544822761N11935527WA000000177079
B2115554822767N11935520WA000000177055
B2115564822774N11935513WA000000177218
B2115574822781N11935507WA000000177585
B2115584822789N11935503WA000000177657
B2115594822797N11935500WA000000177872
B2116004822805N11935496WA000000177928
B2116014822812N11935494WA000000178076
B2116024822820N11935492WA000000178317
B2116034822827N11935489WA000000178679
B2116044822834N11935488WA000000178794
B2116054822841N11935486WA000000178955
B2116064822849N11935484WA000000179065
B2116074822857N11935483WA000000179271
B2116084822865N11935481WA000000179387
B2116094822873N11935479WA000000179684
B2116104822881N11935477WA000000179855
B2116114822889N11935474WA000000180058
B2116124822897N11935473WA000000180290
B2116134822906N11935471WA000000180452
B2116144822915N11935469WA000000180611
B2116154822922N11935467WA000000180989
B2116164822930N11935465WA000000181208
B2116174822937N11935466WA000000181430
B2116184822944N11935464WA000000181488
B2116194822952N11935462WA000000181370
B2116204822961N11935459WA000000181240
B2116214822971N11935456WA000000181211
B2116224822983N11935454WA000000181122
B2116234822994N11935452WA000000180682
B2116244823006N11935450WA000000180468
B2116254823018N11935448WA000000180358
B2116264823029N11935447WA000000180243
B2116274823040N11935445WA000000180254
B2116284823051N11935443WA000000185923
B2116294823062N11935441WA000000183683
B2116304823073N11935438WA000000182468
B2116314823084N11935437WA000000181582
B2116324823096N11935434WA000000181056
B2116334823108N11935432WA000000180770
B2116344823120N11935429WA000000180467
B2116354823132N11935428WA000000180283
B2116364823144N11935426WA000000180118
B2116374823155N11935426WA000000180041
B2116384823166N11935424WA000000179907
B2116394823177N11935423WA000000179648
B2116404823188N11935422WA000000179587
B2116414823199N11935421WA000000179693
B2116424823211N11935419WA000000179613
LXCTACTIVITY OTHER 76
B2116434823221N11935417WA000000179822
B2116444823231N11935415WA000000179807
B2116454823241N11935414WA000000179907
B2116464823251N11935413WA000000180017
B2116474823260N11935412WA000000180095
B2116484823271N11935411WA000000179941
B2116494823281N11935408WA000000179985
B2116504823292N11935406WA000000179932
B2116514823303N11935403WA000000179907
B2116524823314N11935400WA000000180014
B2116534823325N11935398WA000000180050
B2116544823336N11935395WA000000180188
B2116554823347N11935393WA000000180335
B2116564823356N11935390WA000000180677
B2116574823365N11935388WA000000180970
B2116584823374N11935386WA000000181122
B2116594823382N11935384WA000000181368
B2117004823390N11935383WA000000181474
B2117014823399N11935381WA000000181478
B2117024823408N11935380WA000000181444
B2117034823417N11935378WA000000181438
B2117044823425N11935376WA000000181479
B2117054823435N11935376WA000000181203
B2117064823443N11935375WA000000181280
B2117074823453N11935373WA000000180912
B2117084823463N11935370WA000000180817
B2117094823473N11935368WA000000180723
B2117104823482N11935366WA000000180683
B2117114823491N11935363WA000000180635
B2117124823500N11935361WA000000180329
B2117134823509N11935360WA000000180377
B2117144823520N11935359WA000000180319
B2117154823531N11935359WA000000180212
B2117164823542N11935358WA000000180095
B2117174823554N11935358WA000000179985
B2117184823565N11935359WA000000179860
B2117194823576N11935360WA000000179830
B2117204823586N11935362WA000000179951
B2117214823597N11935364WA000000179821
B2117224823607N11935365WA000000179878
B2117234823619N11935368WA000000179706
B2117244823630N11935371WA000000179724
B2117254823641N11935374WA000000179643
B2117264823652N11935377WA000000179662
B2117274823663N11935380WA000000179678
B2117284823674N11935383WA000000179547
B2117294823684N11935386WA000000179569
B2117304823694N11935390WA000000179460
B2117314823704N11935393WA000000179470
B2117324823715N11935394WA000000179428
B2117334823725N11935396WA000000179430
B2117344823735N11935398WA000000179248
B2117354823745N11935401WA000000179151
B2117364823755N11935403WA000000179017
B2117374823764N11935405WA000000178795
B2117384823774N11935407WA000000178865
B2117394823784N11935409WA000000178851
B2117404823794N11935410WA000000178778
B2117414823805N11935412WA000000178507
B2117424823815N11935415WA000000178426
B2117434823825N11935418WA000000178334
B2117444823836N11935420WA000000178207
B2117454823846N11935423WA000000178152
B2117464823857N11935424WA000000178136
B2117474823867N11935426WA000000178186
B2117484823878N11935428WA000000178053
B2117494823889N11935429WA000000178059
B2117504823900N11935431WA000000177934
B2117514823911N11935432WA000000177829
B2117524823922N11935434WA000000177821
B2117534823932N11935434WA000000177892
B2117544823943N11935434WA000000177689
B2117554823955N11935434WA000000177676
B2117564823967N11935434WA000000177594
B2117574823979N11935434WA000000177581
B2117584823991N11935434WA000000177572
B2117594824003N11935433WA000000177508
B2118004824014N11935434WA000000177632
B2118014824024N11935435WA000000177784
B2118024824035N11935437WA000000177803
B2118034824045N11935440WA000000177845
B2118044824056N11935444WA000000177752
B2118054824067N11935447WA000000177668
B2118064824079N11935452WA000000177510
B2118074824090N11935456WA000000177441
B2118084824101N11935459WA000000177489
B2118094824112N11935463WA000000177491
B2118104824124N11935465WA000000177527
B2118114824134N11935467WA000000177474
B2118124824144N11935469WA000000177395
B2118134824154N11935471WA000000177279
B2118144824164N11935473WA000000177187
B2118154824174N11935476WA000000176754
B2118164824185N11935479WA000000176658
B2118174824197N11935483WA000000176015
B2118184824209N11935487WA000000175700
B2118194824220N11935490WA000000175581
B2118204824232N11935492WA000000175349
B2118214824242N11935494WA000000175330
B2118224824252N11935496WA000000174954
B2118234824263N11935498WA000000174619
B2118244824274N11935501WA000000174318
B2118254824285N11935506WA000000174052
B2118264824296N11935509WA000000173872
B2118274824308N11935513WA000000173532
B2118284824319N11935517WA000000173552
B2118294824330N11935522WA000000173512
B2118304824340N11935526WA000000173533
B2118314824350N11935530WA000000173533
B2118324824360N11935534WA000000173435
B2118334824370N11935538WA000000173282
B2118344824381N11935542WA000000173120
B2118354824391N11935545WA000000173128
LXCTACTIVITY STILL 60
B2118364824401N11935549WA000000173037
B2118374824410N11935553WA000000172982
B2118384824420N11935557WA000000172787
B2118394824430N11935562WA000000172682
B2118404824440N11935566WA000000172494
B2118414824450N11935570WA000000172499
B2118424824461N11935575WA000000172201
B2118434824471N11935580WA000000172245
B2118444824481N11935585WA000000172191
B2118454824492N11935589WA000000171708
B2118464824502N11935593WA000000171598
B2118474824513N11935598WA000000171381
B2118484824525N11935602WA000000171105
B2118494824535N11935605WA000000170961
B2118504824546N11935609WA000000170360
B2118514824558N11935612WA000000170177
B2118524824570N11935616WA000000169668
B2118534824582N11935620WA000000169449
B2118544824594N11935624WA000000169349
B2118554824606N11935629WA000000169202
B2118564824617N11935632WA000000169166
B2118574824629N11935636WA000000169026
B2118584824639N11935640WA000000169165
B2118594824648N11935645WA000000169192
B2119004824658N11935649WA000000169175
B2119014824668N11935654WA000000169133
B2119024824678N11935658WA000000168953
B2119034824689N11935663WA000000168522
B2119044824700N11935668WA000000168352
B2119054824712N11935674WA000000168009
B2119064824723N11935681WA000000167778
B2119074824735N11935688WA000000167519
B2119084824746N11935695WA000000167620
B2119094824757N11935700WA000000167646
B2119104824767N11935705WA000000167773
B2119114824777N11935710WA000000167864
B2119124824787N11935714WA000000167909
B2119134824796N11935720WA000000168010
B2119144824805N11935724WA000000168109
B2119154824814N11935730WA000000167961
B2119164824825N11935735WA000000167733
B2119174824836N11935740WA000000167457
B2119184824848N11935746WA000000167110
B2119194824859N11935752WA000000166942
B2119204824870N11935757WA000000166849
B2119214824881N11935763WA000000166823
B2119224824890N11935768WA000000166991
B2119234824901N11935771WA000000166776
LXCTACTIVITY OTHER 76
B2119244824912N11935775WA000000166774
B2119254824924N11935778WA000000166705
B2119264824935N11935782WA000000166510
B2119274824946N11935786WA000000166354
B2119284824958N11935791WA000000166228
B2119294824969N11935798WA000000165951
B2119304824980N11935805WA000000165691
B2119314824992N11935813WA000000165261
B2119324825004N11935819WA000000164944
B2119334825016N11935826WA000000164538
B2119344825028N11935834WA000000164303
B2119354825039N11935841WA000000164328
B2119364825049N11935849WA000000164273
B2119374825060N11935856WA000000164146
B2119384825070N11935864WA000000164065
B2119394825080N11935872WA000000163883
B2119404825091N11935879WA000000163721
B2119414825102N11935886WA000000163555
B2119424825114N11935893WA000000163156
B2119434825126N11935900WA000000162739
B2119444825138N11935908WA000000162474
B2119454825149N11935914WA000000162208
B2119464825160N11935922WA000000161914
B2119474825171N11935929WA000000161704
B2119484825181N11935937WA000000161571
B2119494825192N11935944WA000000161289
B2119504825204N11935952WA000000160722
B2119514825215N11935959WA000000160367
B2119524825226N11935966WA000000160065
B2119534825237N11935974WA000000159502
B2119544825247N11935981WA000000159218
B2119554825257N11935988WA000000158894
B2119564825267N11935994WA000000158670
B2119574825275N11935999WA000000159089
B2119584825281N11936004WA000000159459
B2119594825285N11936009WA000000159774
B2120004825288N11936014WA000000159963
B2120014825293N11936018WA000000159925
B2120024825298N11936022WA000000159864
B2120034825307N11936021WA000000159507
B2120044825314N11936015WA000000159344
B2120054825319N11936006WA000000159203
B2120064825319N11935998WA000000159190
B2120074825319N11935990WA000000159117
B2120084825316N11935987WA000000159072
B2120094825314N11935984WA000000159047
B2120104825311N11935983WA000000159058
B2120114825308N11935984WA000000159098
B2120124825306N11935986WA000000159008
B2120134825303N11935989WA000000158874
B2120144825302N11935991WA000000158835
B2120154825301N11935992WA000000158929
B2120164825299N11935995WA000000158665
B2120184825298N11936010WA000000158261
B2120194825299N11936019WA000000182993
B2120204825302N11936026WA000000173666
B2120214825304N11936032WA000000169232
B2120224825307N11936038WA000000166667
B2120234825314N11936047WA000000166111
B2120244825320N11936054WA000000164622
B2120254825325N11936060WA000000163293
B2120264825331N11936067WA000000162121
B2120274825335N11936073WA000000161471
B2120284825340N11936079WA000000160844
B2120294825345N11936086WA000000160445
B2120304825350N11936094WA000000160292
B2120314825355N11936101WA000000159847
B2120324825361N11936109WA000000159693
B2120334825369N11936116WA000000159418
B2120344825377N11936122WA000000159230
B2120354825386N11936126WA000000159311
B2120364825394N11936130WA000000159442
B2120374825402N11936135WA000000159612
B2120384825408N11936141WA000000159755
B2120394825414N11936150WA000000159753
B2120404825417N11936160WA000000159801
B2120414825417N11936169WA000000159834
B2120424825416N11936175WA000000159807
B2120434825413N11936177WA000000159957
B2120444825411N11936175WA000000160050
B2120454825411N11936169WA000000160230
B2120464825413N11936161WA000000160395
B2120474825419N11936154WA000000160518
B2120484825425N11936149WA000000160798
B2120494825433N11936146WA000000160874
B2120504825442N11936145WA000000160937
B2120514825450N11936146WA000000161088
B2120524825459N11936149WA000000161125
B2120534825467N11936154WA000000161264
B2120544825474N11936161WA000000161453
B2120554825480N11936169WA000000161537
B2120564825483N11936179WA000000161627
B2120574825485N11936189WA000000161846
B2120584825485N11936197WA000000176740
B2120594825484N11936201WA000000171169
B2121004825482N11936204WA000000168269
B2121014825481N11936204WA000000166613
B2121024825480N11936200WA000000180467
B2121034825481N11936195WA000000169511
B2121044825483N11936188WA000000167042
B2121054825487N11936180WA000000165814
B2121064825492N11936174WA000000165255
B2121074825499N11936169WA000000164929
B2121084825506N11936166WA000000164782
B2121094825515N11936164WA000000164749
B2121104825524N11936166WA000000164632
B2121114825533N11936168WA000000164617
B2121124825540N11936173WA000000164885
B2121134825547N11936180WA000000165120
B2121144825551N11936188WA000000165354
B2121154825553N11936197WA000000165651
B2121164825554N11936204WA000000165629
B2121174825553N11936211WA000000165864
B2121184825553N11936216WA000000165909
B2121194825552N11936219WA000000166235
B2121204825551N11936221WA000000166512
B2121214825550N11936220WA000000166653
B2121224825549N11936218WA000000166766
B2121234825549N11936214WA000000166946
B2121244825550N11936207WA000000167097
B2121254825554N11936200WA000000167171
B2121264825560N11936193WA000000167240
B2121274825568N11936188WA000000167426
B2121284825576N11936186WA000000167699
B2121294825586N11936187WA000000167809
B2121304825595N11936190WA000000168007
B2121314825603N11936195WA000000168326
B2121324825610N11936202WA000000168670
B2121334825616N11936209WA000000168971
B2121344825620N11936218WA000000169061
B2121354825622N11936228WA000000169120
B2121364825623N11936237WA000000169331
B2121374825622N11936243WA000000169595
B2121384825622N11936247WA000000169801
B2121394825620N11936245WA000000170096
B2121404825620N11936240WA000000170169
B2121414825621N11936234WA000000170221
B2121424825622N11936227WA000000170302
B2121434825628N11936219WA000000170348
B2121444825634N11936214WA000000170521
B2121454825641N11936209WA000000170678
B2121464825649N11936207WA000000170956
B2121474825658N11936207WA000000171218
B2121484825666N11936210WA000000171610
B2121494825674N11936215WA000000171743
B2121504825681N11936222WA000000171950
B2121514825687N11936230WA000000172131
B2121524825692N11936238WA000000172349
B2121534825695N11936248WA000000172564
B2121544825697N11936258WA000000172725
B2121554825697N11936267WA000000172922
B2121564825695N11936272WA000000172992
B2121574825694N11936274WA000000173161
B2121584825693N11936273WA000000173426
B2121594825692N11936269WA000000173547
B2122004825694N11936263WA000000173505
B2122014825697N11936257WA000000173742
B2122024825703N11936251WA000000173841
B2122034825711N11936247WA000000173970
B2122044825721N11936245WA000000173947
B2122054825731N11936248WA000000173951
B2122064825741N11936252WA000000174008
B2122074825749N11936260WA000000174132
B2122084825755N11936270WA000000174252
B2122094825759N11936281WA000000174420
B2122104825760N11936291WA000000174637
B2122114825759N11936299WA000000174735
B2122124825758N11936305WA000000174930
B2122134825757N11936308WA000000175114
B2122144825756N11936310WA000000175319
B2122154825754N11936313WA000000186243
B2122164825752N11936315WA000000182156
B2122174825750N11936316WA000000179923
B2122184825747N11936317WA000000178843
B2122194825745N11936316WA000000178433
B2122204825744N11936312WA000000178235
B2122214825745N11936305WA000000178173
B2122224825749N11936296WA000000177999
B2122234825755N11936288WA000000177883
B2122244825763N11936282WA000000177756
B2122254825772N11936279WA000000178139
B2122264825780N11936282WA000000181361
B2122274825787N11936290WA000000180170
B2122284825793N11936299WA000000179472
B2122294825797N11936309WA000000179089
B2122304825799N11936321WA000000178990
B2122314825800N11936330WA000000179055
B2122324825799N11936339WA000000179024
B2122334825797N11936346WA000000179111
B2122344825794N11936351WA000000179220
B2122354825791N11936351WA000000179338
B2122364825788N11936350WA000000179570
B2122374825787N11936345WA000000179721
B2122384825787N11936338WA000000179855
B2122394825789N11936331WA000000179835
B2122404825792N11936324WA000000179974
B2122414825798N11936316WA000000180094
B2122424825805N11936309WA000000180195
B2122434825815N11936304WA000000180104
B2122444825824N11936302WA000000180342
B2122454825833N11936303WA000000180670
B2122464825842N11936306WA000000180977
B2122474825850N11936312WA000000181381
B2122484825857N11936320WA000000181632
B2122494825861N11936329WA000000181937
B2122504825863N11936339WA000000182178
B2122514825863N11936350WA000000182187
B2122524825862N11936360WA000000182195
B2122534825860N11936366WA000000182375
B2122544825858N11936368WA000000182454
B2122554825855N11936365WA000000182472
B2122564825854N11936357WA000000182216
B2122574825854N11936348WA000000182135
B2122584825858N11936340WA000000182310
B2122594825863N11936332WA000000182609
B2123004825869N11936326WA000000182781
B2123014825877N11936321WA000000182735
B2123024825885N11936317WA000000189071
B2123034825894N11936314WA000000187036
B2123044825902N11936312WA000000186122
B2123054825910N11936312WA000000185654
B2123064825918N11936315WA000000185462
B2123074825927N11936321WA000000191303
B2123084825933N11936329WA000000188467
B2123094825938N11936339WA000000187138
B2123104825939N11936350WA000000186326
B2123114825937N11936359WA000000192857
B2123124825933N11936365WA000000189589
B2123134825931N11936368WA000000188108
B2123144825929N11936369WA000000187547
B2123154825929N11936367WA000000197241
B2123164825930N11936361WA000000188812
B2123174825931N11936353WA000000187609
B2123184825932N11936346WA000000187012
B2123194825935N11936339WA000000186709
B2123204825939N11936333WA000000186811
B2123214825945N11936326WA000000186861
B2123224825953N11936321WA000000186775
B2123234825962N11936319WA000000186872
B2123244825972N11936319WA000000187048
B2123254825981N11936323WA000000187289
B2123264825989N11936330WA000000187499
B2123274825995N11936340WA000000187678
B2123284825998N11936351WA000000187830
B2123294825997N11936360WA000000187945
B2123304825994N11936366WA000000188152
B2123314825991N11936368WA000000188222
B2123324825989N11936368WA000000188510
B2123334825987N11936366WA000000205162
B2123344825988N11936362WA000000198923
B2123354825989N11936357WA000000195583
B2123364825991N11936352WA000000193606
B2123374825996N11936343WA000000192478
B2123384826002N11936337WA000000188884
B2123394826010N11936333WA000000189214
B2123404826017N11936330WA000000189677
B2123414826024N11936329WA000000189994
B2123424826034N11936336WA000000190083
B2123434826042N11936343WA000000190037
B2123444826049N11936353WA000000190303
B2123454826054N11936363WA000000190705
B2123464826056N11936374WA000000190991
B2123474826058N11936382WA000000191309
B2123484826057N11936390WA000000191662
B2123494826056N11936394WA000000191849
B2123504826054N11936396WA000000191948
B2123514826052N11936395WA000000192083
B2123524826052N11936390WA000000192051
B2123534826052N11936383WA000000192069
B2123544826056N11936376WA000000192018
B2123554826061N11936370WA000000192123
B2123564826068N11936366WA000000192400
B2123574826076N11936363WA000000192712
LXCTACTIVITY STILL 53
B2123584826084N11936363WA000000192990
B2123594826094N11936365WA000000193227
B2124004826101N11936373WA000000193390
B2124014826109N11936380WA000000193355
B2124024826117N11936388WA000000199395
B2124034826126N11936395WA000000197276
B2124044826136N11936399WA000000196178
B2124054826147N11936401WA000000195705
B2124064826156N11936403WA000000192454
B2124074826165N11936404WA000000193210
B2124084826173N11936405WA000000194047
B2124094826182N11936408WA000000194300
B2124104826190N11936411WA000000194648
B2124114826199N11936415WA000000194782
B2124124826209N11936416WA000000194647
B2124134826220N11936418WA000000194652
B2124144826232N11936419WA000000194561
B2124154826244N11936419WA000000194283
B2124164826255N11936420WA000000194280
B2124174826265N11936419WA000000194594
B2124184826275N11936419WA000000194716
B2124194826284N11936418WA000000194932
B2124204826293N11936417WA000000194860
B2124214826303N11936416WA000000194603
B2124224826313N11936416WA000000194343
B2124234826325N11936416WA000000194310
B2124244826336N11936416WA000000194284
B2124254826347N11936416WA000000194392
B2124264826358N11936415WA000000194459
B2124274826369N11936415WA000000194702
B2124284826378N11936413WA000000194759
B2124294826387N11936413WA000000195075
B2124304826397N11936412WA000000195028
B2124314826406N11936412WA000000195098
B2124324826417N11936412WA000000195057
B2124334826428N11936410WA000000195079
B2124344826440N11936408WA000000194904
B2124354826450N11936408WA000000195090
B2124364826461N11936408WA000000195224
B2124374826471N11936409WA000000195219
B2124384826480N11936411WA000000195318
B2124394826489N11936413WA000000195538
B2124404826498N11936415WA000000195648
B2124414826508N11936419WA000000195603
B2124424826518N11936421WA000000195559
B2124434826529N11936424WA000000195411
B2124444826539N11936426WA000000195563
B2124454826549N11936428WA000000195726
B2124464826558N11936430WA000000195935
B2124474826567N11936432WA000000196067
B2124484826577N11936434WA000000196010
B2124494826587N11936435WA000000196009
B2124504826598N11936437WA000000196015
B2124514826609N11936438WA000000196037
B2124524826619N11936439WA000000196267
B2124534826629N11936440WA000000196564
B2124544826638N11936442WA000000196881
B2124554826647N11936442WA000000197089
B2124564826657N11936443WA000000197223
B2124574826667N11936443WA000000197228
B2124584826677N11936442WA000000197298
B2124594826688N11936441WA000000197314
B2125004826697N11936441WA000000197282
B2125014826706N11936440WA000000197487
B2125024826715N11936439WA000000197562
B2125034826724N11936434WA000000197507
B2125044826733N11936431WA000000197513
B2125054826741N11936427WA000000197697
B2125064826750N11936424WA000000197688
B2125074826760N11936422WA000000197702
B2125084826769N11936418WA000000197994
B2125094826778N11936416WA000000197990
B2125104826788N11936413WA000000198008
B2125114826797N11936410WA000000198088
B2125124826807N11936408WA000000198184
B2125134826817N11936405WA000000198298
B2125144826827N11936403WA000000198436
B2125154826836N11936400WA000000198634
B2125164826845N11936397WA000000198711
B2125174826854N11936394WA000000198803
B2125184826863N11936391WA000000198962
B2125194826873N11936387WA000000199034
B2125204826883N11936384WA000000199126
B2125214826892N11936381WA000000199292
B2125224826902N11936379WA000000199441
B2125234826911N11936377WA000000199565
B2125244826920N11936376WA000000199782
B2125254826930N11936374WA000000199733
B2125264826940N11936373WA000000199831
B2125274826950N11936371WA000000199823
B2125284826960N11936369WA000000199957
B2125294826970N11936368WA000000200061
B2125304826980N11936367WA000000200050
B2125314826990N11936364WA000000200146
B2125324827000N11936363WA000000200252
B2125334827010N11936361WA000000200298
B2125344827021N11936360WA000000200321
B2125354827031N11936359WA000000200353
B2125364827041N11936358WA000000200489
B2125374827051N11936358WA000000200584
B2125384827061N11936357WA000000200674
B2125394827071N11936355WA000000200897
B2125404827082N11936353WA000000200931
B2125414827092N11936352WA000000200760
B2125424827102N11936351WA000000200871
B2125434827112N11936349WA000000200956
B2125444827122N11936348WA000000201000
B2125454827132N11936347WA000000201143
B2125464827142N11936346WA000000201104
B2125474827152N11936344WA000000201086
B2125484827163N11936342WA000000201156
B2125494827174N11936340WA000000201175
B2125504827185N11936338WA000000201229
B2125514827195N11936337WA000000201520
B2125524827204N11936335WA000000201564
B2125534827213N11936333WA000000201684
B2125544827222N11936333WA000000201710
B2125554827231N11936332WA000000201965
B2125564827241N11936332WA000000201955
B2125574827251N11936332WA000000201961
B2125584827261N11936331WA000000201947
B2125594827271N11936331WA000000202065
B2126004827282N11936331WA000000202137
B2126014827293N11936332WA000000202301
B2126024827302N11936332WA000000202443
B2126034827311N11936334WA000000202482
B2126044827320N11936336WA000000202430
B2126054827328N11936338WA000000202495
B2126064827338N11936340WA000000202311
B2126074827347N11936341WA000000202130
B2126084827358N11936341WA000000201921
B2126094827368N11936343WA000000201800
B2126104827378N11936344WA000000201841
B2126114827389N11936345WA000000201511
B2126124827399N11936345WA000000201547
B2126134827409N11936347WA000000201493
B2126144827421N11936345WA000000201436
B2126154827432N11936345WA000000201381
B2126164827443N11936344WA000000201396
B2126174827454N11936343WA000000201347
B2126184827464N11936342WA000000201479
B2126194827473N11936341WA000000201587
B2126204827482N11936341WA000000201559
B2126214827491N11936342WA000000201647
B2126224827500N11936343WA000000201749
B2126234827509N11936344WA000000201777
B2126244827519N11936343WA000000201619
B2126254827528N11936343WA000000201762
B2126264827538N11936343WA000000201655
B2126274827547N11936343WA000000201785
B2126284827557N11936343WA000000201818
B2126294827566N11936344WA000000201776
B2126304827576N11936345WA000000201664
B2126314827587N11936346WA000000201610
B2126324827597N11936346WA000000201546
B2126334827606N11936347WA000000201590
B2126344827616N11936347WA000000201513
B2126354827625N11936348WA000000201441
B2126364827634N11936349WA000000201480
B2126374827643N11936349WA000000201499
B2126384827653N11936351WA000000201391
B2126394827663N11936351WA000000201195
B2126404827673N11936351WA000000201079
B2126414827683N11936351WA000000201077
B2126424827693N11936351WA000000200983
B2126434827703N11936351WA000000200896
B2126444827713N11936351WA000000200837
B2126454827722N11936351WA000000200796
B2126464827733N11936350WA000000200684
B2126474827744N11936350WA000000200463
B2126484827755N11936350WA000000200346
B2126494827766N11936350WA000000200228
B2126504827776N11936351WA000000200188
B2126514827787N11936352WA000000200141
B2126524827797N11936351WA000000200057
B2126534827808N11936351WA000000199851
B2126544827819N11936350WA000000199655
B2126554827829N11936350WA000000199675
B2126564827838N11936350WA000000199670
B2126574827848N11936349WA000000199712
B2126584827857N11936347WA000000199717
B2126594827865N11936344WA000000199788
B2127004827874N11936340WA000000199819
B2127014827881N11936334WA000000199779
B2127024827887N11936327WA000000199683
B2127034827891N11936319WA000000199566
B2127044827893N11936313WA000000199530
B2127054827893N11936309WA000000199471
B2127064827894N11936305WA000000199506
B2127074827893N11936303WA000000199479
B2127084827892N11936303WA000000199471
B2127094827891N11936302WA000000199355
B2127104827889N11936303WA000000199344
B2127114827886N11936303WA000000199350
B2127124827883N11936302WA000000199298
B2127134827879N11936302WA000000199177
B2127144827876N11936302WA000000199026
B2127154827873N11936302WA000000199050
B2127164827871N11936301WA000000199141
B2127174827869N11936299WA000000199255
B2127184827868N11936298WA000000213406
B2127194827866N11936298WA000000208071
B2127204827864N11936296WA000000204976
B2127214827861N11936295WA000000203147
B2127224827858N11936293WA000000201807
B2127234827853N11936290WA000000201077
B2127244827850N11936287WA000000200432
B2127254827846N11936284WA000000200094
B2127264827843N11936282WA000000199881
B2127274827841N11936279WA000000199606
B2127284827837N11936277WA000000199461
B2127294827834N11936274WA000000199167
B2127304827830N11936272WA000000198992
B2127314827827N11936270WA000000198711
B2127324827823N11936268WA000000198510
B2127334827819N11936265WA000000198356
B2127344827816N11936263WA000000198128
B2127354827813N11936263WA000000198040
B2127364827810N11936261WA000000197965
B2127374827806N11936261WA000000197784
B2127384827803N11936260WA000000197540
B2127394827800N11936259WA000000197415
B2127404827796N11936258WA000000197423
B2127414827791N11936256WA000000197475
B2127424827787N11936254WA000000197359
B2127434827783N11936253WA000000197499
B2127444827780N11936252WA000000197315
B2127454827777N11936251WA000000197201
B2127464827773N11936248WA000000197068
B2127474827769N11936244WA000000196999
B2127484827765N11936241WA000000196853
B2127494827761N11936237WA000000196748
B2127504827759N11936234WA000000196700
B2127514827756N11936231WA000000197270
B2127524827756N11936228WA000000197700
B2127534827755N11936225WA000000198193
B2127544827756N11936222WA000000198223
B2127554827756N11936219WA000000198205
B2127564827755N11936215WA000000198329
B2127574827753N11936211WA000000198477
B2127584827752N11936207WA000000198439
B2127594827750N11936203WA000000198666
B2128004827748N11936199WA000000198985
B2128014827747N11936196WA000000199112
B2128024827745N11936190WA000000199268
B2128034827745N11936186WA000000199550
B2128044827744N11936180WA000000200049
B2128054827743N11936176WA000000200372
B2128064827742N11936171WA000000200886
B2128074827742N11936167WA000000201352
B2128084827742N11936162WA000000201978
B2128094827743N11936159WA000000202434
B2128104827743N11936157WA000000203085
B2128114827744N11936156WA000000203418
B2128124827742N11936158WA000000203864
B2128134827740N11936163WA000000204013
B2128144827738N11936171WA000000204298
B2128154827740N11936182WA000000204584
B2128164827746N11936192WA000000205023
B2128174827754N11936199WA000000205642
B2128184827763N11936202WA000000206154
B2128194827772N11936201WA000000206731
B2128204827780N11936197WA000000207172
B2128214827788N11936191WA000000207307
B2128224827793N11936183WA000000207785
B2128234827797N11936175WA000000208374
B2128244827800N11936168WA000000208810
B2128254827800N11936162WA000000209339
B2128264827799N11936157WA000000209893
B2128274827799N11936154WA000000210216
B2128284827796N11936155WA000000210590
B2128294827795N11936157WA000000211012
B2128304827793N11936162WA000000211489
B2128314827793N11936171WA000000211890
B2128324827796N11936180WA000000212243
B2128334827801N11936190WA000000212576
B2128344827808N11936198WA000000213173
B2128354827817N11936201WA000000213768
B2128364827826N11936202WA000000214168
B2128374827835N11936199WA000000214789
B2128384827844N11936194WA000000215004
B2128394827851N11936187WA000000215539
B2128404827855N11936180WA000000215996
B2128414827857N11936171WA000000216598
B2128424827858N11936165WA000000216855
B2128434827858N11936161WA000000217422
B2128444827857N11936159WA000000217909
B2128454827855N11936160WA000000218457
B2128464827854N11936166WA000000218834
B2128474827854N11936172WA000000219216
B2128484827854N11936180WA000000218541
B2128494827855N11936188WA000000219187
B2128504827857N11936196WA000000219826
B2128514827861N11936204WA000000220344
B2128524827866N11936211WA000000220896
B2128534827873N11936217WA000000221339
B2128544827882N11936223WA000000221622
B2128554827891N11936225WA000000222021
B2128564827900N11936223WA000000222453
B2128574827909N11936219WA000000222800
B2128584827915N11936211WA000000223147
B2128594827919N11936202WA000000223535
B2129004827921N11936194WA000000223945
B2129014827921N11936188WA000000224558
B2129024827920N11936186WA000000225096
B2129034827919N11936185WA000000225597
B2129044827918N11936188WA000000225818
B2129054827916N11936195WA000000226151
B2129064827915N11936202WA000000226597
B2129074827916N11936211WA000000226981
B2129084827919N11936220WA000000227431
B2129094827923N11936229WA000000227924
B2129104827930N11936236WA000000228467
B2129114827939N11936243WA000000228451
B2129124827949N11936246WA000000228727
B2129134827959N11936247WA000000229109
B2129144827968N11936245WA000000229515
B2129154827975N11936239WA000000229810
B2129164827979N11936230WA000000230164
B2129174827982N11936221WA000000230376
B2129184827981N11936216WA000000230495
B2129194827980N11936213WA000000230984
B2129204827979N11936213WA000000231466
B2129214827978N11936215WA000000231875
B2129224827977N11936219WA000000232275
B2129234827977N11936224WA000000232713
B2129244827976N11936231WA000000233162
B2129254827977N11936240WA000000233499
B2129264827981N11936253WA000000233572
B2129274827986N11936264WA000000234060
B2129284827992N11936271WA000000234299
B2129294828005N11936273WA000000234294
B2129304828017N11936271WA000000234535
B2129314828026N11936268WA000000234756
B2129324828033N11936261WA000000234954
B2129334828038N11936254WA000000235363
B2129344828040N11936246WA000000235694
B2129354828041N11936240WA000000235920
B2129364828041N11936233WA000000230023
B2129374828040N11936229WA000000232083
B2129384828040N11936226WA000000233765
B2129394828039N11936224WA000000235270
B2129404828039N11936223WA000000236026
B2129414828037N11936226WA000000243487
B2129424828036N11936231WA000000240945
B2129434828035N11936241WA000000239966
B2129444828037N11936253WA000000239642
B2129454828042N11936265WA000000239701
B2129464828048N11936275WA000000222325
B2129474828058N11936280WA000000229428
B2129484828068N11936283WA000000233828
B2129494828078N11936282WA000000236148
B2129504828087N11936279WA000000237400
B2129514828093N11936273WA000000238395
B2129524828099N11936266WA000000239016
B2129534828101N11936259WA000000239541
B2129544828102N11936251WA000000239986
B2129554828102N11936247WA000000240263
B2129564828101N11936245WA000000240620
B2129574828099N11936246WA000000241043
B2129584828098N11936252WA000000241302
B2129594828097N11936259WA000000234310
B2130004828101N11936271WA000000237461
B2130014828106N11936282WA000000239143
B2130024828113N11936292WA000000240030
B2130034828122N11936299WA000000240480
B2130044828133N11936299WA000000241125
B2130054828143N11936298WA000000241987
B2130064828153N11936296WA000000242526
B2130074828161N11936292WA000000242888
B2130084828169N11936287WA000000243234
B2130094828174N11936280WA000000243563
B2130104828178N11936272WA000000244054
B2130114828181N11936264WA000000244329
B2130124828183N11936257WA000000244722
B2130134828183N11936250WA000000244979
B2130144828183N11936246WA000000245201
B2130154828180N11936243WA000000245539
B2130164828177N11936244WA000000245944
B2130174828175N11936248WA000000246307
B2130184828174N11936256WA000000246740
B2130194828176N11936263WA000000247008
B2130204828178N11936273WA000000247067
B2130214828182N11936284WA000000247220
B2130224828189N11936293WA000000247441
B2130234828198N11936299WA000000247624
B2130244828207N11936301WA000000253156
B2130254828218N11936301WA000000251314
B2130264828227N11936299WA000000250466
B2130274828235N11936295WA000000250272
B2130284828242N11936289WA000000250022
B2130294828246N11936282WA000000250096
B2130304828250N11936275WA000000250085
B2130314828253N11936267WA000000250254
B2130324828255N11936259WA000000250241
B2130334828255N11936251WA000000250496
B2130344828255N11936245WA000000250972
B2130354828254N11936239WA000000251489
B2130364828252N11936236WA000000251996
B2130374828250N11936236WA000000252269
B2130384828248N11936239WA000000252606
B2130394828245N11936244WA000000253084
B2130404828245N11936250WA000000245709
B2130414828245N11936259WA000000248567
B2130424828249N11936270WA000000249913
B2130434828253N11936280WA000000251274
B2130444828263N11936288WA000000252077
B2130454828273N11936293WA000000252836
B2130464828282N11936293WA000000257980
B2130474828291N11936289WA000000256884
B2130484828298N11936280WA000000256301
B2130494828302N11936270WA000000256295
B2130504828306N11936261WA000000256325
B2130514828307N11936252WA000000256544
B2130524828307N11936245WA000000256960
B2130534828306N11936239WA000000257462
B2130544828304N11936239WA000000257449
B2130554828302N11936242WA000000257965
B2130564828301N11936248WA000000258072
B2130574828303N11936256WA000000258208
B2130584828306N11936266WA000000258550
B2130594828311N11936275WA000000258787
B2131004828320N11936283WA000000259043
B2131014828330N11936287WA000000259228
B2131024828340N11936288WA000000259404
B2131034828349N11936284WA000000259709
B2131044828356N11936278WA000000260024
B2131054828361N11936269WA000000260433
B2131064828363N11936260WA000000251974
B2131074828364N11936252WA000000255331
B2131084828362N11936248WA000000257313
B2131094828360N11936246WA000000258965
B2131104828359N11936248WA000000259968
B2131114828358N11936252WA000000260411
B2131124828358N11936260WA000000257657
B2131134828359N11936269WA000000259899
B2131144828362N11936280WA000000261272
B2131154828367N11936289WA000000262047
B2131164828374N11936297WA000000237216
B2131174828382N11936304WA000000247040
B2131184828391N11936307WA000000253148
B2131194828401N11936307WA000000257120
B2131204828409N11936302WA000000259290
B2131214828417N11936294WA000000261066
B2131224828424N11936286WA000000262248
B2131234828431N11936280WA000000262378
B2131244828439N11936275WA000000262999
B2131254828449N11936272WA000000263714
B2131264828458N11936269WA000000264558
B2131274828468N11936266WA000000265328
B2131284828478N11936263WA000000265904
B2131294828488N11936258WA000000266229
B2131304828498N11936254WA000000266421
B2131314828507N11936248WA000000266646
B2131324828516N11936245WA000000266842
B2131334828525N11936242WA000000267043
B2131344828534N11936239WA000000267370
B2131354828544N11936234WA000000267302
B2131364828554N11936228WA000000267248
B2131374828565N11936224WA000000267201
B2131384828575N11936219WA000000267304
B2131394828585N11936215WA000000267700
B2131404828594N11936211WA000000268019
B2131414828603N11936208WA000000264956
B2131424828612N11936205WA000000266382
B2131434828622N11936201WA000000267140
B2131444828631N11936195WA000000267673
B2131454828641N11936189WA000000268027
B2131464828650N11936184WA000000268541
B2131474828659N11936179WA000000268897
B2131484828670N11936174WA000000268916
B2131494828680N11936169WA000000269096
B2131504828692N11936164WA000000268943
B2131514828703N11936159WA000000269145
B2131524828713N11936154WA000000269452
B2131534828723N11936148WA000000269705
B2131544828732N11936142WA000000270157
B2131554828742N11936136WA000000270331
B2131564828752N11936129WA000000270400
B2131574828762N11936121WA000000270426
B2131584828772N11936113WA000000270369
B2131594828783N11936105WA000000270188
B2132004828795N11936097WA000000270032
B2132014828806N11936089WA000000270022
B2132024828816N11936080WA000000270146
B2132034828826N11936073WA000000270306
B2132044828835N11936067WA000000270701
B2132054828844N11936061WA000000270820
B2132064828853N11936054WA000000270755
B2132074828863N11936047WA000000270760
B2132084828874N11936040WA000000270541
B2132094828885N11936031WA000000270439
B2132104828895N11936023WA000000270354
B2132114828905N11936016WA000000270376
B2132124828914N11936010WA000000270291
B2132134828925N11936002WA000000270204
B2132144828934N11935994WA000000270179
B2132154828944N11935986WA000000269978
B2132164828954N11935978WA000000269471
B2132174828965N11935969WA000000268919
B2132184828975N11935959WA000000268340
B2132194828986N11935947WA000000268367
B2132204828997N11935937WA000000267801
B2132214829006N11935926WA000000267781
B2132224829016N11935915WA000000267682
B2132234829026N11935905WA000000267652
B2132244829036N11935896WA000000267623
B2132254829045N11935886WA000000267242
B2132264829055N11935877WA000000266871
B2132274829066N11935866WA000000266445
B2132284829076N11935855WA000000265988
B2132294829087N11935844WA000000265250
B2132304829098N11935832WA000000264871
B2132314829109N11935819WA000000264407
B2132324829119N11935808WA000000264191
B2132334829129N11935795WA000000263978
B2132344829139N11935784WA000000263773
B2132354829150N11935772WA000000263539
B2132364829160N11935762WA000000263445
B2132374829170N11935753WA000000263472
B2132384829180N11935744WA000000263587
B2132394829190N11935735WA000000263655
B2132404829199N11935726WA000000263696
B2132414829209N11935717WA000000263896
B2132424829219N11935708WA000000263743
B2132434829228N11935699WA000000263841
B2132444829237N11935690WA000000263859
B2132454829246N11935682WA000000263786
B2132464829256N11935673WA000000263638
B2132474829266N11935663WA000000263418
B2132484829276N11935652WA000000263104
B2132494829286N11935640WA000000262803
B2132504829295N11935628WA000000262874
B2132514829305N11935616WA000000262708
B2132524829314N11935605WA000000262768
B2132534829324N11935595WA000000262865
B2132544829335N11935586WA000000262806
B2132554829346N11935577WA000000262702
B2132564829357N11935568WA000000262532
B2132574829368N11935559WA000000262458
B2132584829380N11935550WA000000262308
B2132594829391N11935540WA000000262298
B2133004829402N11935530WA000000262190
B2133014829413N11935519WA000000262269
B2133024829424N11935510WA000000262411
B2133034829434N11935501WA000000262740
B2133044829444N11935491WA000000263009
B2133054829453N11935484WA000000263328
B2133064829462N11935478WA000000263850
B2133074829471N11935471WA000000264297
B2133084829481N11935465WA000000264440
B2133094829491N11935457WA000000264620
B2133104829501N11935448WA000000264878
B2133114829512N11935440WA000000265152
B2133124829523N11935432WA000000265201
B2133134829533N11935424WA000000265621
B2133144829543N11935416WA000000265990
B2133154829554N11935408WA000000266235
B2133164829564N11935400WA000000266342
B2133174829574N11935391WA000000266564
B2133184829584N11935381WA000000266688
B2133194829595N11935372WA000000266679
B2133204829606N11935362WA000000266742
B2133214829617N11935351WA000000266701
B2133224829627N11935339WA000000266789
B2133234829638N11935328WA000000266735
B2133244829649N11935317WA000000266744
B2133254829659N11935307WA000000266981
B2133264829669N11935297WA000000267271
B2133274829679N11935287WA000000267514
B2133284829688N11935277WA000000267736
B2133294829697N11935267WA000000267769
B2133304829707N11935258WA000000267745
B2133314829717N11935247WA000000267637
B2133324829726N11935235WA000000267599
B2133334829736N11935224WA000000267290
B2133344829747N11935212WA000000267043
B2133354829757N11935200WA000000266962
B2133364829767N11935189WA000000266890
B2133374829778N11935177WA000000266926
B2133384829787N11935165WA000000266989
B2133394829797N11935153WA000000266969
B2133404829807N11935141WA000000267016
B2133414829816N11935129WA000000267194
B2133424829826N11935116WA000000266957
B2133434829835N11935103WA000000266998
B2133444829845N11935091WA000000266854
B2133454829854N11935078WA000000266980
B2133464829863N11935066WA000000266774
B2133474829872N11935055WA000000266761
B2133484829881N11935043WA000000266734
B2133494829890N11935031WA000000266629
B2133504829899N11935020WA000000266323
B2133514829908N11935007WA000000266134
B2133524829917N11934995WA000000266022
B2133534829925N11934982WA000000266087
B2133544829934N11934970WA000000266064
B2133554829943N11934958WA000000265933
B2133564829952N11934946WA000000265941
B2133574829960N11934934WA000000265872
B2133584829970N11934922WA000000265852
B2133594829979N11934909WA000000265394
B2134004829989N11934896WA000000265080
B2134014829999N11934883WA000000264890
B2134024830010N11934869WA000000264534
B2134034830020N11934855WA000000264472
B2134044830031N11934842WA000000264340
B2134054830041N11934828WA000000264179
B2134064830051N11934816WA000000264051
B2134074830061N11934802WA000000263927
B2134084830071N11934789WA000000263822
B2134094830081N11934776WA000000263574
B2134104830091N11934763WA000000263297
B2134114830102N11934750WA000000263105
B2134124830112N11934736WA000000262958
B2134134830123N11934723WA000000262817
B2134144830133N11934710WA000000262747
B2134154830143N11934697WA000000262681
B2134164830153N11934683WA000000262589
B2134174830164N11934670WA000000262341
B2134184830174N11934656WA000000262046
B2134194830184N11934642WA000000261642
B2134204830193N11934627WA000000261487
B2134214830203N11934613WA000000261131
B2134224830212N11934598WA000000260872
B2134234830222N11934583WA000000260573
B2134244830232N11934567WA000000260159
B2134254830242N11934552WA000000259649
B2134264830252N11934538WA000000259371
B2134274830262N11934523WA000000259160
B2134284830272N11934509WA000000259040
B2134294830281N11934494WA000000258759
B2134304830291N11934481WA000000258651
B2134314830300N11934468WA000000258298
B2134324830310N11934456WA000000258195
B2134334830320N11934443WA000000257932
B2134344830329N11934430WA000000257691
B2134354830339N11934416WA000000257290
B2134364830350N11934402WA000000256863
B2134374830360N11934389WA000000256441
B2134384830370N11934377WA000000256041
B2134394830379N11934363WA000000255746
B2134404830388N11934350WA000000255340
B2134414830396N11934335WA000000255186
B2134424830405N11934320WA000000254898
B2134434830415N11934306WA000000254568
B2134444830425N11934293WA000000254160
B2134454830436N11934280WA000000253906
B2134464830446N11934269WA000000253781
B2134474830457N11934256WA000000253763
B2134484830467N11934244WA000000253725
B2134494830476N11934232WA000000253567
B2134504830486N11934222WA000000253361
B2134514830496N11934212WA000000253282
B2134524830507N11934201WA000000253192
B2134534830518N11934189WA000000253065
B2134544830529N11934178WA000000252725
B2134554830540N11934168WA000000252510
B2134564830550N11934156WA000000252357
B2134574830560N11934146WA000000252290
B2134584830571N11934134WA000000252042
B2134594830581N11934123WA000000251891
B2135004830592N11934112WA000000251775
B2135014830603N11934102WA000000251694
B2135024830615N11934092WA000000251535
B2135034830626N11934082WA000000251171
B2135044830638N11934070WA000000250837
B2135054830649N11934060WA000000250447
B2135064830661N11934049WA000000250217
B2135074830672N11934038WA000000249766
B2135084830684N11934027WA000000249645
B2135094830696N11934016WA000000249323
B2135104830708N11934006WA000000249151
B2135114830720N11933997WA000000249039
B2135124830732N11933989WA000000248865
B2135134830744N11933980WA000000248561
B2135144830757N11933971WA000000248264
B2135154830770N11933961WA000000247829
B2135164830782N11933950WA000000247539
B2135174830794N11933941WA000000247230
B2135184830806N11933930WA000000247026
B2135194830817N11933919WA000000247066
B2135204830829N11933909WA000000246806
B2135214830840N11933900WA000000246742
B2135224830852N11933891WA000000246506
B2135234830863N11933882WA000000246347
B2135244830876N11933873WA000000246102
B2135254830888N11933865WA000000246067
B2135264830900N11933857WA000000246040
B2135274830913N11933847WA000000245904
B2135284830924N11933837WA000000245786
B2135294830937N11933828WA000000245421
B2135304830949N11933818WA000000245126
B2135314830960N11933809WA000000245099
B2135324830972N11933799WA000000244875
B2135334830984N11933789WA000000244689
B2135344830997N11933780WA000000244118
B2135354831009N11933772WA000000243901
B2135364831020N11933763WA000000243888
B2135374831032N11933754WA000000243689
B2135384831044N11933746WA000000243473
B2135394831056N11933736WA000000243174
B2135404831068N11933726WA000000242864
B2135414831081N11933718WA000000242422
B2135424831093N11933708WA000000241998
B2135434831106N11933700WA000000241786
LXCTACTIVITY OTHER 88
LXCTACTIVITY STILL 100
B2135444831119N11933693WA000000241762
B2135454831132N11933686WA000000241563
B2135464831145N11933678WA000000241238
B2135474831158N11933672WA000000241012
B2135484831170N11933665WA000000240784
B2135494831183N11933658WA000000240497
B2135504831197N11933653WA000000240227
B2135514831210N11933647WA000000240095
B2135524831224N11933641WA000000239767
B2135534831238N11933634WA000000239536
B2135544831252N11933628WA000000239329
B2135554831266N11933623WA000000238903
B2135564831279N11933618WA000000238596
B2135574831293N11933613WA000000238284
B2135584831307N11933607WA000000238034
B2135594831320N11933601WA000000237798
LXCTACTIVITY OTHER 85
B2136004831334N11933595WA000000237541
B2136014831347N11933587WA000000237173
B2136024831360N11933580WA000000236894
B2136034831373N11933573WA000000236697
B2136044831386N11933566WA000000236545
B2136054831399N11933559WA000000236221
B2136064831412N11933552WA000000235911
B2136074831425N11933545WA000000235713
B2136084831437N11933538WA000000235585
B2136094831450N11933532WA000000235464
B2136104831463N11933526WA000000235478
B2136114831476N11933520WA000000235462
B2136124831488N11933514WA000000235364
B2136134831501N11933508WA000000235123
B2136144831513N11933502WA000000234849
B2136154831526N11933496WA000000234624
B2136164831539N11933489WA000000234315
B2136174831551N11933482WA000000234090
B2136184831565N11933474WA000000233634
B2136194831579N11933467WA000000233252
B2136204831593N11933459WA000000233089
B2136214831607N11933452WA000000232838
B2136224831620N11933445WA000000232588
B2136234831633N11933438WA000000232267
B2136244831646N11933432WA000000232185
B2136254831660N11933426WA000000231900
B2136264831672N11933419WA000000231794
B2136274831686N11933412WA000000231316
B2136284831699N11933405WA000000231029
B2136294831712N11933398WA000000230685
B2136304831726N11933390WA000000230369
B2136314831740N11933383WA000000230045
B2136324831753N11933377WA000000229825
B2136334831765N11933370WA000000229675
B2136344831779N11933362WA000000229520
B2136354831791N11933355WA000000229385
B2136364831803N11933347WA000000229196
B2136374831816N11933340WA000000228741
B2136384831829N11933332WA000000228414
B2136394831841N11933324WA000000228185
B2136404831854N11933317WA000000227854
B2136414831866N11933310WA000000227694
B2136424831879N11933303WA000000227525
B2136434831891N11933296WA000000227437
B2136444831902N11933291WA000000227374
B2136454831914N11933284WA000000227057
B2136464831926N11933277WA000000226728
B2136474831938N11933271WA000000226462
B2136484831949N11933263WA000000226088
B2136494831962N11933257WA000000225601
B2136504831974N11933249WA000000225319
B2136514831985N11933243WA000000225263
B2136524831997N11933236WA000000225035
B2136534832009N11933229WA000000224900
B2136544832020N11933221WA000000224778
B2136554832032N11933215WA000000224472
B2136564832044N11933207WA000000224259
B2136574832056N11933201WA000000224171
B2136584832068N11933194WA000000224027
B2136594832080N11933188WA000000223931
B2137004832091N11933181WA000000223875
B2137014832103N11933175WA000000223670
B2137024832115N11933167WA000000223646
B2137034832126N11933161WA000000223585
B2137044832138N11933155WA000000223403
B2137054832149N11933149WA000000223332
B2137064832160N11933142WA000000223185
B2137074832173N11933135WA000000222805
B2137084832184N11933129WA000000222671
B2137094832196N11933122WA000000222500
B2137104832207N11933115WA000000222414
B2137114832217N11933107WA000000222487
B2137124832228N11933100WA000000222495
B2137134832239N11933094WA000000222250
B2137144832250N11933088WA000000222122
B2137154832260N11933081WA000000222098
B2137164832271N11933074WA000000221914
B2137174832282N11933067WA000000221531
B2137184832293N11933060WA000000221111
B2137194832304N11933053WA000000220860
B2137204832315N11933045WA000000220696
B2137214832327N11933039WA000000220452
B2137224832338N11933032WA000000220272
B2137234832349N11933025WA000000220192
B2137244832361N11933019WA000000220071
B2137254832373N11933013WA000000219954
B2137264832385N11933008WA000000219834
B2137274832396N11933003WA000000219746
B2137284832408N11932997WA000000219340
B2137294832420N11932992WA000000218949
B2137304832432N11932988WA000000218546
B2137314832444N11932984WA000000218263
B2137324832456N11932980WA000000218013
B2137334832467N11932975WA000000217772
B2137344832479N11932972WA000000217411
B2137354832490N11932968WA000000217321
B2137364832501N11932963WA000000217046
B2137374832513N11932961WA000000216722
B2137384832524N11932957WA000000216459
B2137394832536N11932954WA000000216150
B2137404832548N11932950WA000000215856
B2137414832560N11932947WA000000215704
B2137424832571N11932944WA000000215535
B2137434832582N11932941WA000000215344
B2137444832593N11932938WA000000215221
B2137454832604N11932935WA000000215003
B2137464832614N11932933WA000000214786
B2137474832626N11932930WA000000214518
B2137484832637N11932926WA000000214199
B2137494832649N11932923WA000000213695
B2137504832662N11932920WA000000213220
B2137514832674N11932916WA000000212823
B2137524832685N11932912WA000000212460
B2137534832696N11932907WA000000212351
B2137544832707N11932902WA000000212231
B2137554832718N11932897WA000000212133
B2137564832728N11932891WA000000211935
B2137574832738N11932884WA000000211857
B2137584832748N11932878WA000000211414
B2137594832758N11932871WA000000211188
B2138004832769N11932864WA000000210889
B2138014832780N11932859WA000000210590
B2138024832791N11932852WA000000210283
B2138034832802N11932846WA000000210150
B2138044832813N11932839WA000000210007
B2138054832823N11932833WA000000209872
B2138064832835N11932826WA000000209737
B2138074832845N11932820WA000000209282
B2138084832856N11932813WA000000208982
B2138094832868N11932806WA000000208526
B2138104832879N11932799WA000000208146
B2138114832891N11932793WA000000208041
B2138124832903N11932787WA000000207705
B2138134832914N11932781WA000000207549
B2138144832925N11932776WA000000207597
B2138154832937N11932771WA000000207439
B2138164832948N11932766WA000000207348
B2138174832959N11932760WA000000207227
B2138184832970N11932754WA000000206848
B2138194832981N11932748WA000000206666
B2138204832993N11932741WA000000206425
B2138214833004N11932735WA000000206154
B2138224833016N11932729WA000000205936
B2138234833027N11932722WA000000205677
B2138244833039N11932716WA000000205465
B2138254833051N11932711WA000000205151
B2138264833063N11932705WA000000204736
B2138274833075N11932698WA000000204441
B2138284833087N11932691WA000000203901
B2138294833098N11932684WA000000203668
B2138304833110N11932677WA000000203328
B2138314833121N11932671WA000000202992
B2138324833133N11932664WA000000202646
B2138334833145N11932658WA000000202503
B2138344833155N11932650WA000000202398
B2138354833167N11932643WA000000202036
B2138364833179N11932636WA000000201716
B2138374833190N11932630WA000000201581
B2138384833202N11932623WA000000201271
B2138394833214N11932616WA000000201077
B2138404833226N11932611WA000000200731
B2138414833238N11932605WA000000200407
B2138424833249N11932600WA000000200177
B2138434833261N11932595WA000000199986
B2138444833273N11932591WA000000199674
B2138454833285N11932587WA000000199361
B2138464833297N11932582WA000000199047
B2138474833309N11932577WA000000198717
B2138484833320N11932572WA000000198597
B2138494833332N11932567WA000000198262
B2138504833344N11932562WA000000197911
B2138514833355N11932555WA000000197877
B2138524833367N11932549WA000000197451
B2138534833379N11932542WA000000197229
B2138544833390N11932535WA000000197094
B2138554833402N11932528WA000000196812
B2138564833412N11932520WA000000196768
B2138574833422N11932513WA000000196690
B2138584833433N11932506WA000000196451
B2138594833445N11932499WA000000196103
B2139004833457N11932492WA000000195601
B2139014833468N11932483WA000000195396
B2139024833480N11932476WA000000195167
B2139034833492N11932468WA000000194884
B2139044833504N11932461WA000000194832
B2139054833515N11932454WA000000194850
B2139064833526N11932448WA000000194944
B2139074833537N11932442WA000000194907
B2139084833548N11932436WA000000194856
B2139094833559N11932431WA000000194524
B2139104833570N11932425WA000000194431
B2139114833581N11932417WA000000194219
B2139124833591N11932409WA000000194062
B2139134833602N11932400WA000000193454
B2139144833614N11932392WA000000192901
B2139154833625N11932382WA000000192649
B2139164833636N11932374WA000000192433
B2139174833646N11932366WA000000192464
B2139184833656N11932358WA000000192268
B2139194833666N11932351WA000000192176
B2139204833676N11932345WA000000191921
B2139214833686N11932338WA000000191643
B2139224833696N11932331WA000000191283
B2139234833707N11932323WA000000190814
B2139244833718N11932315WA000000190327
B2139254833729N11932308WA000000189854
B2139264833740N11932300WA000000189630
B2139274833750N11932291WA000000189397
B2139284833761N11932283WA000000189249
B2139294833771N11932275WA000000189065
B2139304833782N11932267WA000000188885
B2139314833793N11932260WA000000188414
B2139324833803N11932253WA000000188141
B2139334833813N11932246WA000000187882
B2139344833824N11932239WA000000187442
B2139354833834N11932232WA000000186970
B2139364833845N11932223WA000000186757
B2139374833855N11932216WA000000186244
B2139384833865N11932209WA000000185950
B2139394833875N11932201WA000000185564
B2139404833885N11932193WA000000185297
B2139414833896N11932186WA000000185037
B2139424833906N11932178WA000000184749
B2139434833916N11932170WA000000184569
B2139444833926N11932163WA000000184286
B2139454833936N11932155WA000000183984
B2139464833946N11932147WA000000183798
B2139474833957N11932139WA000000183437
B2139484833968N11932131WA000000183133
B2139494833979N11932125WA000000182800
B2139504833990N11932119WA000000182301
B2139514834001N11932113WA000000181925
B2139524834012N11932109WA000000181577
B2139534834024N11932106WA000000181156
B2139544834036N11932104WA000000180753
B2139554834048N11932102WA000000180345
B2139564834060N11932100WA000000179974
B2139574834072N11932098WA000000179561
B2139584834084N11932096WA000000179077
B2139594834096N11932095WA000000178577
B2140004834108N11932094WA000000178162
B2140014834120N11932092WA000000177643
B2140024834132N11932091WA000000177318
B2140034834144N11932091WA000000176808
B2140044834155N11932090WA000000176383
B2140054834167N11932087WA000000175967
B2140064834180N11932083WA000000175308
B2140074834192N11932079WA000000174814
B2140084834204N11932074WA000000174257
B2140094834216N11932070WA000000174240
B2140104834227N11932064WA000000174139
B2140114834237N11932060WA000000174067
B2140124834247N11932055WA000000173967
B2140134834257N11932050WA000000173949
B2140144834267N11932046WA000000173738
B2140154834277N11932042WA000000173632
B2140164834287N11932038WA000000173464
B2140174834298N11932034WA000000173222
B2140184834308N11932030WA000000173044
B2140194834319N11932025WA000000172727
B2140204834330N11932021WA000000172416
B2140214834340N11932017WA000000172278
B2140224834351N11932014WA000000172043
B2140234834361N11932011WA000000171891
B2140244834372N11932007WA000000171845
B2140254834382N11932002WA000000171588
B2140264834393N11931998WA000000171122
B2140274834404N11931994WA000000170708
B2140284834415N11931990WA000000170402
B2140294834425N11931985WA000000170213
B2140304834434N11931980WA000000170199
B2140314834443N11931976WA000000170088
B2140324834452N11931973WA000000169959
B2140334834461N11931971WA000000169704
B2140344834469N11931968WA000000169573
B2140354834478N11931965WA000000169379
B2140364834487N11931962WA000000169264
B2140374834496N11931958WA000000168954
B2140384834504N11931954WA000000168989
B2140394834512N11931951WA000000168934
B2140404834519N11931947WA000000168889
B2140414834528N11931944WA000000168718
B2140424834536N11931942WA000000168444
B2140434834545N11931939WA000000168072
B2140444834555N11931935WA000000167661
B2140454834565N11931930WA000000167266
B2140464834575N11931926WA000000167041
B2140474834584N11931921WA000000166867
B2140484834593N11931916WA000000166635
B2140494834602N11931911WA000000166314
B2140504834611N11931906WA000000166133
B2140514834620N11931901WA000000166071
B2140524834630N11931895WA000000165609
B2140534834639N11931889WA000000187117
B2140544834647N11931884WA000000178844
B2140554834655N11931880WA000000174216
B2140564834661N11931878WA000000171990
B2140574834669N11931876WA000000170302
B2140584834676N11931874WA000000169176
B2140594834684N11931873WA000000168263
B2141004834694N11931871WA000000167542
B2141014834705N11931870WA000000166420
B2141024834716N11931868WA000000165719
B2141034834726N11931869WA000000165290
B2141044834737N11931869WA000000173258
B2141054834748N11931870WA000000169037
B2141064834758N11931872WA000000166881
B2141074834768N11931874WA000000165717
B2141084834777N11931876WA000000165139
B2141094834785N11931880WA000000164716
B2141104834793N11931886WA000000164120
B2141114834801N11931892WA000000163624
B2141124834809N11931899WA000000163293
B2141134834818N11931906WA000000162638
B2141144834827N11931914WA000000162162
B2141154834837N11931921WA000000161567
B2141164834848N11931928WA000000161868
B2141174834858N11931936WA000000161190
B2141184834869N11931942WA000000160638
B2141194834879N11931949WA000000160402
B2141204834888N11931955WA000000160296
B2141214834898N11931961WA000000160001
B2141224834907N11931967WA000000159641
B2141234834917N11931972WA000000159308
B2141244834927N11931979WA000000158911
B2141254834937N11931984WA000000158527
B2141264834947N11931991WA000000158133
B2141274834957N11931997WA000000157789
B2141284834968N11932004WA000000157405
B2141294834978N11932011WA000000157220
B2141304834988N11932017WA000000156862
B2141314834998N11932023WA000000156665
B2141324835009N11932029WA000000156357
B2141334835019N11932035WA000000156246
B2141344835029N11932041WA000000156191
B2141354835040N11932046WA000000156009
B2141364835049N11932052WA000000155963
B2141374835060N11932058WA000000155611
B2141384835070N11932064WA000000155259
B2141394835080N11932071WA000000155060
B2141404835090N11932077WA000000154805
B2141414835100N11932083WA000000154528
B2141424835110N11932089WA000000154338
B2141434835120N11932095WA000000154066
B2141444835130N11932101WA000000153846
B2141454835140N11932107WA000000153445
B2141464835151N11932113WA000000153134
B2141474835162N11932117WA000000152806
B2141484835172N11932122WA000000152675
B2141494835182N11932125WA000000152376
B2141504835192N11932130WA000000152220
B2141514835202N11932134WA000000151860
B2141524835213N11932139WA000000151401
B2141534835224N11932143WA000000151319
B2141544835234N11932148WA000000151151
B2141554835244N11932152WA000000150748
B2141564835253N11932156WA000000150599
B2141574835263N11932160WA000000150428
B2141584835271N11932165WA000000150195
B2141594835281N11932170WA000000149850
B2142004835292N11932174WA000000149387
B2142014835304N11932180WA000000148944
B2142024835316N11932185WA000000148679
B2142034835327N11932190WA000000148586
B2142044835337N11932194WA000000148928
B2142054835343N11932198WA000000149361
B2142064835349N11932200WA000000149622
B2142074835354N11932201WA000000149771
B2142084835360N11932203WA000000149585
B2142094835368N11932205WA000000149049
B2142104835378N11932208WA000000148588
B2142114835389N11932211WA000000148015
B2142124835401N11932214WA000000147532
B2142134835411N11932216WA000000147488
B2142144835421N11932219WA000000147414
B2142154835429N11932221WA000000147579
B2142164835437N11932224WA000000147684
B2142174835445N11932226WA000000147532
B2142184835454N11932227WA000000147019
B2142194835463N11932230WA000000146386
B2142204835474N11932233WA000000145866
B2142214835486N11932236WA000000145208
B2142224835497N11932240WA000000144922
B2142234835508N11932243WA000000144716
B2142244835518N11932247WA000000144760
B2142254835528N11932250WA000000144739
B2142264835537N11932254WA000000144698
B2142274835547N11932257WA000000144636
B2142284835556N11932260WA000000144588
B2142294835566N11932264WA000000144333
B2142304835575N11932268WA000000144251
B2142314835586N11932271WA000000144124
B2142324835596N11932274WA000000143819
B2142334835606N11932278WA000000143678
B2142344835617N11932281WA000000143409
B2142354835626N11932284WA000000143287
LXCTACTIVITY STILL 100
B2142364835636N11932287WA000000143075
B2142374835646N11932290WA000000142816
B2142384835655N11932292WA000000142878
B2142394835665N11932294WA000000142581
B2142404835675N11932296WA000000142398
B2142414835686N11932298WA000000142119
B2142424835696N11932300WA000000141997
B2142434835707N11932303WA000000141792
B2142444835718N11932305WA000000141685
B2142454835729N11932307WA000000141435
B2142464835739N11932309WA000000141378
B2142474835750N11932310WA000000141328
B2142484835759N11932312WA000000141344
B2142494835770N11932312WA000000141217
B2142504835780N11932312WA000000141021
B2142514835789N11932312WA000000140994
LXCTACTIVITY OTHER 78
B2142524835799N11932311WA000000140759
B2142534835809N11932310WA000000150397
B2142544835820N11932310WA000000146242
B2142554835831N11932309WA000000144124
B2142564835841N11932308WA000000142874
B2142574835851N11932308WA000000146972
B2142584835861N11932307WA000000144385
B2142594835871N11932306WA000000142468
B2143004835881N11932306WA000000141447
B2143014835891N11932306WA000000140635
B2143024835901N11932306WA000000140026
B2143034835910N11932307WA000000139690
B2143044835920N11932307WA000000166388
B2143054835931N11932308WA000000155623
B2143064835941N11932307WA000000149659
B2143074835951N11932308WA000000146184
B2143084835961N11932308WA000000143886
B2143094835972N11932308WA000000142107
B2143104835981N11932308WA000000141085
B2143114835992N11932308WA000000140045
B2143124836002N11932309WA000000139360
B2143134836012N11932308WA000000138759
B2143144836022N11932308WA000000138315
B2143154836032N11932308WA000000137839
B2143164836042N11932309WA000000137526
B2143174836052N11932309WA000000137101
B2143184836062N11932308WA000000143806
B2143194836071N11932308WA000000140896
B2143204836082N11932307WA000000138621
B2143214836092N11932307WA000000137609
B2143224836101N11932309WA000000136773
B2143234836111N11932310WA000000136127
B2143244836120N11932312WA000000135572
B2143254836130N11932313WA000000134822
B2143264836140N11932315WA000000134201
B2143274836150N11932317WA000000133921
B2143284836159N11932318WA000000133885
B2143294836170N11932321WA000000133030
B2143304836180N11932322WA000000132476
B2143314836191N11932324WA000000132013
B2143324836201N11932325WA000000131523
B2143334836212N11932325WA000000130906
B2143344836222N11932325WA000000130795
B2143354836233N11932324WA000000130696
B2143364836245N11932323WA000000130428
B2143374836255N11932323WA000000129872
B2143384836266N11932321WA000000129526
B2143394836276N11932319WA000000129089
B2143404836287N11932317WA000000128882
B2143414836298N11932312WA000000128476
B2143424836309N11932307WA000000128115
B2143434836318N11932301WA000000127957
B2143444836328N11932293WA000000127806
B2143454836336N11932285WA000000127342
B2143464836344N11932275WA000000126975
B2143474836352N11932265WA000000126444
B2143484836360N11932256WA000000126251
B2143494836369N11932246WA000000154515
B2143504836377N11932236WA000000142530
B2143514836385N11932225WA000000134977
B2143524836393N11932214WA000000131078
B2143534836401N11932203WA000000128986
B2143544836409N11932192WA000000126959
B2143554836417N11932180WA000000126039
B2143564836424N11932169WA000000124992
B2143574836432N11932157WA000000124214
B2143584836439N11932145WA000000123899
B2143594836447N11932135WA000000123374
B2144004836455N11932125WA000000123049
B2144014836463N11932116WA000000122722
B2144024836471N11932106WA000000122423
B2144034836479N11932095WA000000122029
B2144044836486N11932084WA000000121794
B2144054836494N11932073WA000000121291
B2144064836502N11932062WA000000121061
B2144074836510N11932051WA000000120739
B2144084836518N11932041WA000000120439
B2144094836526N11932031WA000000120166
B2144104836534N11932021WA000000119779
B2144114836542N11932012WA000000119384
B2144124836551N11932002WA000000119018
B2144134836559N11931994WA000000118830
B2144144836567N11931985WA000000118423
B2144154836575N11931977WA000000118050
B2144164836583N11931967WA000000117788
B2144174836591N11931959WA000000117279
B2144184836599N11931951WA000000116752
B2144194836607N11931943WA000000116350
B2144204836615N11931933WA000000116069
B2144214836623N11931925WA000000115591
B2144224836632N11931916WA000000115268
B2144234836641N11931908WA000000114604
B2144244836649N11931899WA000000114122
B2144254836657N11931889WA000000113732
B2144264836665N11931880WA000000113040
B2144274836672N11931869WA000000112690
B2144284836680N11931857WA000000112066
B2144294836688N11931846WA000000111561
B2144304836695N11931835WA000000111230
B2144314836701N11931825WA000000111276
B2144324836707N11931817WA000000111276
B2144334836713N11931810WA000000111232
B2144344836719N11931803WA000000111049
B2144354836725N11931796WA000000110997
B2144364836732N11931788WA000000110858
B2144374836740N11931779WA000000110954
B2144384836748N11931771WA000000111001
B2144394836754N11931763WA000000111388
B2144404836760N11931757WA000000111794
B2144414836766N11931751WA000000111832
B2144424836771N11931744WA000000111976
B2144434836776N11931736WA000000111839
B2144444836782N11931729WA000000111715
B2144454836788N11931721WA000000111714
B2144464836794N11931714WA000000111831
B2144474836800N11931707WA000000111800
B2144484836806N11931700WA000000111800
B2144494836811N11931692WA000000111978
B2144504836816N11931685WA000000112035
B2144514836821N11931678WA000000112121
B2144524836826N11931670WA000000112247
B2144534836831N11931663WA000000112300
B2144544836834N11931654WA000000112402
B2144554836835N11931644WA000000112457
B2144564836834N11931635WA000000112394
B2144574836832N11931628WA000000112226
B2144584836829N11931625WA000000112116
B2144594836826N11931627WA000000112191
B2145004836825N11931629WA000000112258
B2145014836825N11931633WA000000112269
B2145024836827N11931638WA000000112401
B2145034836828N11931642WA000000112586
B2145044836831N11931647WA000000112622
B2145054836833N11931652WA000000112942
B2145064836836N11931656WA000000113063
B2145074836840N11931660WA000000113114
B2145084836845N11931664WA000000113111
B2145094836851N11931666WA000000113165
B2145104836858N11931668WA000000113150
B2145114836867N11931664WA000000113045
B2145124836874N11931658WA000000113170
B2145134836880N11931649WA000000113251
B2145144836884N11931638WA000000113231
B2145154836885N11931627WA000000113144
B2145164836885N11931617WA000000113318
B2145174836884N11931609WA000000113548
B2145184836882N11931607WA000000113660
B2145194836880N11931606WA000000113837
B2145204836879N11931609WA000000113915
B2145214836879N11931614WA000000113868
LXCTACTIVITY STILL 54
B2145224836881N11931620WA000000114046
B2145234836887N11931625WA000000114062
B2145244836895N11931627WA000000114160
B2145254836904N11931625WA000000114115
B2145264836912N11931618WA000000114287
B2145274836920N11931611WA000000114240
B2145284836924N11931597WA000000114249
B2145294836926N11931586WA000000114494
B2145304836927N11931576WA000000114604
B2145314836925N11931568WA000000114875
B2145324836923N11931564WA000000114949
B2145334836920N11931564WA000000115164
B2145344836919N11931565WA000000115246
B2145354836920N11931569WA000000115255
B2145364836923N11931575WA000000115376
B2145374836929N11931580WA000000115544
B2145384836936N11931583WA000000115560
B2145394836944N11931582WA000000115645
B2145404836953N11931579WA000000115720
B2145414836960N11931570WA000000115978
B2145424836967N11931560WA000000115959
B2145434836971N11931549WA000000116094
B2145444836973N11931538WA000000116163
B2145454836973N11931528WA000000116248
B2145464836970N11931524WA000000116203
B2145474836966N11931523WA000000116492
B2145484836965N11931526WA000000116515
B2145494836964N11931532WA000000116691
B2145504836966N11931538WA000000116702
B2145514836967N11931544WA000000116931
B2145524836969N11931548WA000000117037
B2145534836972N11931553WA000000116917
B2145544836975N11931558WA000000117162
B2145554836979N11931562WA000000117262
B2145564836986N11931564WA000000117396
B2145574836995N11931565WA000000117372
B2145584837004N11931561WA000000117436
B2145594837011N11931555WA000000117459
B2146004837017N11931547WA000000117550
B2146014837022N11931536WA000000117868
B2146024837025N11931527WA000000117783
B2146034837025N11931518WA000000117866
B2146044837025N11931512WA000000117841
B2146054837022N11931507WA000000117970
B2146064837020N11931506WA000000118033
B2146074837019N11931508WA000000118109
B2146084837018N11931514WA000000118103
B2146094837020N11931521WA000000118128
B2146104837024N11931527WA000000118107
B2146114837029N11931533WA000000118097
B2146124837037N11931536WA000000118245
B2146134837045N11931536WA000000118337
B2146144837053N11931531WA000000118564
B2146154837060N11931523WA000000118733
B2146164837064N11931513WA000000118885
B2146174837068N11931503WA000000118934
B2146184837067N11931494WA000000119170
B2146194837066N11931485WA000000119297
B2146204837063N11931482WA000000119183
B2146214837060N11931480WA000000119291
B2146224837058N11931481WA000000119185
B2146234837057N11931485WA000000119036
B2146244837057N11931491WA000000118977
B2146254837060N11931498WA000000118809
B2146264837064N11931505WA000000118812
B2146274837070N11931510WA000000118915
B2146284837075N11931513WA000000119392
B2146294837081N11931515WA000000119781
B2146304837087N11931516WA000000120084
B2146314837093N11931517WA000000120234
B2146324837099N11931519WA000000120410
B2146334837105N11931520WA000000120564
B2146344837112N11931520WA000000120674
B2146354837120N11931518WA000000120603
B2146364837126N11931512WA000000120669
B2146374837132N11931503WA000000120624
B2146384837135N11931491WA000000120719
B2146394837134N11931480WA000000120841
B2146404837131N11931471WA000000120857
B2146414837127N11931468WA000000120887
B2146424837124N11931469WA000000120859
B2146434837123N11931474WA000000121004
B2146444837123N11931479WA000000121056
B2146454837124N11931484WA000000121275
B2146464837126N11931488WA000000121536
B2146474837129N11931490WA000000121909
B2146484837132N11931492WA000000122115
B2146494837135N11931495WA000000122266
B2146504837139N11931499WA000000122226
B2146514837143N11931504WA000000122258
B2146524837147N11931509WA000000122149
B2146534837154N11931512WA000000122267
B2146544837162N11931512WA000000122316
B2146554837169N11931507WA000000122277
B2146564837175N11931497WA000000122184
B2146574837180N11931485WA000000122024
B2146584837182N11931474WA000000122230
B2146594837182N11931465WA000000122670
B2147004837180N11931458WA000000122992
B2147014837178N11931454WA000000123232
B2147024837174N11931454WA000000123374
B2147034837171N11931456WA000000123436
B2147044837169N11931461WA000000123575
B2147054837170N11931468WA000000123607
B2147064837172N11931475WA000000123746
B2147074837176N11931481WA000000123844
B2147084837182N11931484WA000000123928
B2147094837189N11931486WA000000124031
B2147104837197N11931484WA000000124043
B2147114837204N11931479WA000000124048
B2147124837210N11931472WA000000124033
B2147134837215N11931462WA000000123901
B2147144837217N11931451WA000000124011
B2147154837216N11931441WA000000124293
B2147164837214N11931434WA000000124495
B2147174837212N11931430WA000000124932
B2147184837209N11931427WA000000125085
B2147194837206N11931427WA000000125233
B2147204837203N11931428WA000000125494
B2147214837202N11931430WA000000125653
B2147224837201N11931435WA000000125615
B2147234837201N11931441WA000000125625
B2147244837201N11931448WA000000125883
B2147254837205N11931455WA000000125950
B2147264837210N11931461WA000000126073
B2147274837217N11931464WA000000126464
B2147284837225N11931463WA000000126549
B2147294837232N11931457WA000000126576
B2147304837239N11931449WA000000126417
B2147314837242N11931439WA000000126579
LXCTACTIVITY OTHER 78
B2147324837244N11931430WA000000126906
B2147334837243N11931422WA000000127009
B2147344837240N11931417WA000000127151
B2147354837237N11931413WA000000127392
B2147364837234N11931411WA000000127565
B2147374837231N11931412WA000000127674
B2147384837229N11931414WA000000127632
B2147394837228N11931421WA000000127523
B2147404837228N11931429WA000000127797
B2147414837229N11931437WA000000127885
B2147424837237N11931442WA000000127969
B2147434837244N11931446WA000000128085
B2147444837253N11931445WA000000128226
B2147454837260N11931441WA000000128340
B2147464837265N11931434WA000000128576
B2147474837269N11931426WA000000128605
B2147484837271N11931416WA000000128817
B2147494837271N11931408WA000000128865
B2147504837271N11931401WA000000129019
B2147514837270N11931396WA000000129139
B2147524837269N11931392WA000000129223
B2147534837267N11931389WA000000129100
B2147544837263N11931388WA000000129161
B2147554837260N11931390WA000000129143
B2147564837257N11931395WA000000129046
B2147574837256N11931402WA000000129118
B2147584837257N11931410WA000000129316
B2147594837260N11931418WA000000129456
B2148004837266N11931424WA000000129614
B2148014837273N11931427WA000000129643
B2148024837281N11931427WA000000129850
B2148034837288N11931423WA000000129987
B2148044837294N11931417WA000000130027
B2148054837299N11931411WA000000130220
B2148064837303N11931404WA000000130462
B2148074837307N11931397WA000000130670
B2148084837311N11931389WA000000130854
B2148094837315N11931380WA000000130856
B2148104837317N11931372WA000000131077
B2148114837319N11931364WA000000131216
B2148124837318N11931356WA000000131309
B2148134837315N11931351WA000000131363
B2148144837312N11931346WA000000131339
B2148154837308N11931347WA000000131419
B2148164837304N11931350WA000000131478
B2148174837301N11931354WA000000131564
B2148184837300N11931360WA000000131480
B2148194837300N11931365WA000000131416
B2148204837301N11931370WA000000131489
B2148214837305N11931379WA000000131177
B2148224837311N11931386WA000000131274
B2148234837318N11931389WA000000131362
B2148244837326N11931388WA000000131333
B2148254837333N11931384WA000000131236
B2148264837339N11931379WA000000131254
B2148274837345N11931372WA000000131336
B2148284837351N11931365WA000000131407
B2148294837357N11931359WA000000131501
B2148304837362N11931353WA000000131661
B2148314837367N11931345WA000000131846
B2148324837371N11931337WA000000132087
B2148334837374N11931328WA000000132179
B2148344837376N11931318WA000000132216
B2148354837376N11931308WA000000132438
B2148364837373N11931300WA000000132569
B2148374837370N11931295WA000000132739
B2148384837366N11931294WA000000132818
B2148394837362N11931298WA000000133081
B2148404837361N11931304WA000000133289
B2148414837361N11931311WA000000133518
B2148424837364N11931317WA000000133755
B2148434837372N11931321WA000000133765
B2148444837379N11931322WA000000133891
B2148454837387N11931320WA000000133979
B2148464837394N11931317WA000000134268
B2148474837401N11931313WA000000134464
B2148484837407N11931308WA000000134611
B2148494837412N11931300WA000000134796
B2148504837417N11931290WA000000134929
B2148514837418N11931279WA000000135176
B2148524837416N11931270WA000000135042
B2148534837412N11931263WA000000135290
B2148544837408N11931258WA000000135468
B2148554837404N11931258WA000000135658
B2148564837403N11931265WA000000135783
B2148574837403N11931271WA000000136177
B2148584837405N11931277WA000000136438
B2148594837406N11931282WA000000144687
B2149004837412N11931286WA000000142185
B2149014837419N11931289WA000000141025
B2149024837427N11931289WA000000139600
B2149034837434N11931283WA000000139039
B2149044837440N11931275WA000000138867
B2149054837444N11931265WA000000138726
B2149064837445N11931255WA000000138992
B2149074837446N11931245WA000000139017
B2149084837442N11931237WA000000139197
B2149094837439N11931230WA000000139293
B2149104837435N11931227WA000000139381
B2149114837432N11931227WA000000139213
B2149124837429N11931232WA000000139162
B2149134837428N11931238WA000000139028
B2149144837432N11931246WA000000138944
B2149154837436N11931253WA000000139162
B2149164837441N11931256WA000000139302
B2149174837446N11931257WA000000139636
B2149184837451N11931257WA000000139766
B2149194837458N11931252WA000000139908
B2149204837463N11931247WA000000140081
B2149214837469N11931238WA000000140006
B2149224837472N11931228WA000000140125
B2149234837472N11931219WA000000140291
LXCTACTIVITY STILL 56
B2149244837470N11931210WA000000140394
B2149254837467N11931204WA000000140306
B2149264837462N11931202WA000000140501
B2149274837458N11931203WA000000140408
B2149284837455N11931208WA000000140479
B2149294837454N11931213WA000000140635
B2149304837453N11931217WA000000140884
B2149314837453N11931222WA000000140886
B2149324837456N11931227WA000000141080
B2149334837460N11931231WA000000141117
B2149344837465N11931235WA000000141027
B2149354837470N11931238WA000000141238
B2149364837476N11931240WA000000141386
B2149374837483N11931240WA000000141543
B2149384837490N11931235WA000000141627
B2149394837496N11931228WA000000141672
B2149404837501N11931218WA000000141734
B2149414837504N11931207WA000000141833
B2149424837504N11931196WA000000141929
B2149434837502N11931189WA000000141921
B2149444837497N11931185WA000000141984
B2149454837493N11931185WA000000141745
B2149464837489N11931191WA000000141558
B2149474837487N11931199WA000000141585
B2149484837488N11931206WA000000141745
B2149494837490N11931212WA000000141829
B2149504837492N11931219WA000000141822
B2149514837496N11931224WA000000141968
B2149524837500N11931230WA000000142152
B2149534837505N11931234WA000000142138
B2149544837511N11931238WA000000142421
B2149554837517N11931238WA000000142573
B2149564837524N11931235WA000000142478
B2149574837531N11931230WA000000148597
B2149584837538N11931221WA000000146105
B2149594837542N11931210WA000000144890
B2150004837544N11931199WA000000144297
B2150014837544N11931191WA000000147954
B2150024837542N11931187WA000000146207
B2150034837539N11931186WA000000145111
B2150044837534N11931190WA000000144677
B2150054837531N11931196WA000000144278
B2150064837531N11931204WA000000144035
B2150074837533N11931210WA000000144227
B2150084837536N11931216WA000000144363
B2150094837544N11931219WA000000144422
B2150104837552N11931219WA000000144301
B2150114837559N11931217WA000000144191
B2150124837567N11931213WA000000144035
B2150134837574N11931206WA000000144067
B2150144837581N11931199WA000000144153
B2150154837586N11931191WA000000144160
B2150164837589N11931182WA000000144268
B2150174837590N11931173WA000000144267
B2150184837590N11931164WA000000144284
B2150194837588N11931154WA000000144176
B2150204837585N11931145WA000000144239
B2150214837580N11931139WA000000144387
B2150224837578N11931135WA000000145873
B2150234837577N11931131WA000000145312
B2150244837577N11931126WA000000145332
B2150254837576N11931120WA000000145185
B2150264837576N11931114WA000000144920
B2150274837574N11931107WA000000144813
B2150284837572N11931100WA000000144770
B2150294837571N11931090WA000000144789
B2150304837570N11931083WA000000144597
B2150314837572N11931076WA000000144565
B2150324837573N11931067WA000000144508
B2150334837573N11931059WA000000144441
B2150344837574N11931050WA000000144512
B2150354837575N11931041WA000000144419
B2150364837575N11931032WA000000144366
B2150374837576N11931023WA000000144235
B2150384837576N11931014WA000000144147
B2150394837576N11931006WA000000144020
B2150404837576N11930995WA000000143974
LXCTACTIVITY OTHER 77
B2150414837577N11930983WA000000143778
B2150424837578N11930973WA000000143570
B2150434837579N11930963WA000000143342
B2150444837580N11930954WA000000143210
B2150454837580N11930944WA000000143189
B2150464837579N11930935WA000000142992
B2150474837579N11930925WA000000142652
B2150484837579N11930915WA000000142427
B2150494837579N11930904WA000000142268
B2150504837579N11930894WA000000141988
B2150514837579N11930886WA000000141643
B2150524837578N11930878WA000000141364
B2150534837576N11930871WA000000141024
B2150544837573N11930867WA000000140715
B2150554837569N11930866WA000000140341
B2150564837566N11930868WA000000140012
B2150574837564N11930874WA000000139630
B2150584837564N11930880WA000000139426
B2150594837564N11930887WA000000139059
B2151004837568N11930895WA000000138802
B2151014837571N11930902WA000000138760
B2151024837574N11930909WA000000138491
B2151034837577N11930916WA000000138115
B2151044837580N11930923WA000000138077
B2151054837584N11930930WA000000137668
B2151064837588N11930938WA000000137504
B2151074837593N11930945WA000000137324
B2151084837598N11930951WA000000137086
B2151094837605N11930956WA000000136917
B2151104837612N11930961WA000000136721
B2151114837618N11930965WA000000136368
B2151124837625N11930969WA000000136058
B2151134837632N11930972WA000000135761
B2151144837640N11930973WA000000135350
B2151154837648N11930972WA000000135166
B2151164837656N11930970WA000000134866
B2151174837665N11930969WA000000134422
B2151184837673N11930967WA000000134093
B2151194837683N11930965WA000000133633
B2151204837692N11930963WA000000133487
B2151214837702N11930962WA000000133273
B2151224837711N11930961WA000000133157
B2151234837719N11930960WA000000133254
B2151244837726N11930959WA000000133163
B2151254837735N11930957WA000000133122
B2151264837743N11930956WA000000132979
B2151274837754N11930957WA000000132512
B2151284837764N11930957WA000000132042
B2151294837776N11930955WA000000131605
B2151304837787N11930953WA000000131518
B2151314837797N11930951WA000000131378
B2151324837807N11930951WA000000131525
B2151334837816N11930952WA000000131632
B2151344837825N11930953WA000000131602
B2151354837832N11930952WA000000131779
B2151364837840N11930952WA000000131764
B2151374837848N11930950WA000000131779
B2151384837856N11930949WA000000131604
B2151394837862N11930947WA000000131580
B2151404837869N11930944WA000000131362
B2151414837875N11930941WA000000131393
B2151424837882N11930938WA000000131371
B2151434837889N11930933WA000000131369
B2151444837896N11930929WA000000131265
B2151454837902N11930924WA000000131283
B2151464837909N11930920WA000000131324
B2151474837915N11930915WA000000131359
B2151484837922N11930912WA000000131300
B2151494837928N11930907WA000000131397
B2151504837935N11930905WA000000131355
B2151514837942N11930902WA000000131581
B2151524837948N11930899WA000000131683
B2151534837955N11930896WA000000132243
B2151544837960N11930894WA000000132474
B2151554837965N11930891WA000000132799
B2151564837972N11930888WA000000132847
B2151574837978N11930885WA000000132784
B2151584837986N11930881WA000000132643
B2151594837993N11930874WA000000132799
B2152004837999N11930866WA000000132779
B2152014838004N11930856WA000000132726
B2152024838006N11930845WA000000132780
B2152034838008N11930833WA000000132808
B2152044838007N11930822WA000000145487
B2152054838007N11930812WA000000139938
B2152064838005N11930807WA000000137523
B2152074838002N11930803WA000000136208
B2152084838000N11930803WA000000135500
B2152094837998N11930808WA000000134906
B2152104837999N11930814WA000000134508
B2152114837999N11930820WA000000134250
B2152124838001N11930823WA000000134177
B2152134838011N11930825WA000000134091
B2152144838019N11930825WA000000134223
B2152154838025N11930824WA000000142073
B2152164838031N11930824WA000000139387
B2152174838037N11930826WA000000137931
B2152184838043N11930827WA000000137147
B2152194838049N11930829WA000000136415
B2152204838056N11930830WA000000136170
B2152214838064N11930827WA000000136037
B2152224838071N11930823WA000000135953
B2152234838078N11930818WA000000135798
B2152244838085N11930812WA000000135647
B2152254838091N11930804WA000000142568
B2152264838097N11930796WA000000139806
B2152274838101N11930786WA000000138397
B2152284838105N11930775WA000000137412
B2152294838107N11930762WA000000137024
B2152304838104N11930751WA000000136677
B2152314838101N11930744WA000000136787
B2152324838098N11930743WA000000136976
B2152334838097N11930746WA000000137050
B2152344838098N11930751WA000000138140
B2152354838099N11930755WA000000137799
B2152364838108N11930756WA000000137597
B2152374838117N11930756WA000000137504
B2152384838124N11930755WA000000137593
B2152394838133N11930753WA000000137856
B2152404838141N11930749WA000000138044
B2152414838148N11930742WA000000138156
B2152424838154N11930731WA000000138122
B2152434838157N11930718WA000000138051
B2152444838158N11930706WA000000138221
B2152454838156N11930697WA000000138675
B2152464838153N11930692WA000000138987
B2152474838150N11930691WA000000139199
B2152484838148N11930692WA000000139490
B2152494838147N11930692WA000000139776
B2152504838146N11930693WA000000140069
B2152514838147N11930695WA000000140406
B2152524838148N11930698WA000000140516
B2152534838150N11930702WA000000140666
B2152544838157N11930706WA000000146945
B2152554838164N11930709WA000000144703
B2152564838171N11930708WA000000143995
B2152574838179N11930706WA000000143453
B2152584838187N11930701WA000000143237
B2152594838194N11930694WA000000142959
B2153004838201N11930688WA000000142927
B2153014838208N11930681WA000000143029
B2153024838214N11930676WA000000143283
B2153034838221N11930668WA000000143307
B2153044838226N11930661WA000000148447
B2153054838233N11930653WA000000146712
B2153064838238N11930643WA000000145566
B2153074838242N11930633WA000000145051
B2153084838243N11930622WA000000144983
B2153094838242N11930613WA000000144897
B2153104838241N11930607WA000000144746
B2153114838239N11930604WA000000144513
B2153124838236N11930602WA000000144485
B2153134838235N11930602WA000000144359
B2153144838235N11930605WA000000144237
B2153154838235N11930610WA000000144142
B2153164838236N11930615WA000000144069
B2153174838238N11930621WA000000152530
B2153184838240N11930626WA000000148911
B2153194838242N11930630WA000000147234
B2153204838245N11930635WA000000146214
B2153214838248N11930639WA000000145849
B2153224838253N11930644WA000000145671
B2153234838259N11930646WA000000145569
B2153244838267N11930647WA000000145561
B2153254838275N11930644WA000000145695
B2153264838283N11930638WA000000157409
B2153274838289N11930631WA000000153198
B2153284838297N11930623WA000000150909
B2153294838304N11930616WA000000149809
B2153304838310N11930610WA000000149452
B2153314838315N11930602WA000000149336
B2153324838318N11930593WA000000149290
B2153334838320N11930581WA000000149245
B2153344838318N11930570WA000000149019
B2153354838314N11930567WA000000148936
B2153364838312N11930570WA000000148907
B2153374838312N11930576WA000000148969
B2153384838318N11930584WA000000148820
B2153394838324N11930588WA000000149353
B2153404838330N11930589WA000000150089
B2153414838335N11930590WA000000150743
B2153424838340N11930589WA000000151375
B2153434838346N11930588WA000000151689
B2153444838354N11930588WA000000151873
B2153454838364N11930584WA000000152043
B2153464838371N11930576WA000000152333
B2153474838375N11930564WA000000152649
B2153484838375N11930553WA000000155272
B2153494838372N11930543WA000000154499
B2153504838369N11930537WA000000154347
B2153514838367N11930543WA000000154343
B2153524838367N11930548WA000000154655
B2153534838369N11930555WA000000154966
B2153544838374N11930560WA000000159749
B2153554838380N11930563WA000000158505
B2153564838386N11930564WA000000157953
B2153574838394N11930561WA000000157614
B2153584838402N11930555WA000000157501
B2153594838408N11930546WA000000157660
B2154004838412N11930535WA000000157974
B2154014838413N11930524WA000000158382
B2154024838412N11930516WA000000158630
B2154034838409N11930512WA000000159071
B2154044838406N11930509WA000000159362
B2154054838406N11930518WA000000159707
B2154064838407N11930525WA000000159940
B2154074838410N11930530WA000000160248
B2154084838415N11930535WA000000160835
B2154094838421N11930538WA000000162096
B2154104838430N11930539WA000000161832
B2154114838438N11930537WA000000161859
B2154124838447N11930534WA000000161808
B2154134838452N11930529WA000000161996
B2154144838459N11930524WA000000162317
B2154154838465N11930518WA000000162519
B2154164838471N11930513WA000000162913
B2154174838476N11930507WA000000163398
B2154184838481N11930500WA000000163576
LXCTACTIVITY STILL 55
B2154194838484N11930491WA000000163675
B2154204838484N11930481WA000000163553
B2154214838481N11930473WA000000163400
B2154224838477N11930467WA000000163461
B2154234838475N11930468WA000000163558
B2154244838473N11930470WA000000164298
B2154254838473N11930472WA000000164876
B2154264838473N11930474WA000000165233
B2154274838472N11930475WA000000165587
B2154284838472N11930477WA000000165906
B2154294838472N11930482WA000000166174
B2154304838474N11930488WA000000166378
B2154314838480N11930495WA000000166359
B2154324838489N11930500WA000000166228
B2154334838498N11930500WA000000166542
B2154344838507N11930496WA000000166850
B2154354838514N11930488WA000000166855
B2154364838520N11930478WA000000166927
B2154374838524N11930467WA000000167025
B2154384838525N11930456WA000000167283
B2154394838525N11930446WA000000167461
B2154404838523N11930439WA000000167620
B2154414838520N11930436WA000000167930
B2154424838517N11930436WA000000168148
B2154434838516N11930441WA000000168343
B2154444838518N11930447WA000000168622
B2154454838523N11930453WA000000168800
B2154464838530N11930457WA000000168118
B2154474838538N11930458WA000000168545
B2154484838548N11930454WA000000168856
B2154494838557N11930446WA000000169225
B2154504838562N11930435WA000000166594
B2154514838567N11930423WA000000168031
B2154524838569N11930410WA000000168986
B2154534838570N11930399WA000000169529
B2154544838569N11930393WA000000170201
B2154554838567N11930389WA000000170734
B2154564838565N11930389WA000000170914
B2154574838563N11930392WA000000171038
B2154584838562N11930397WA000000171256
B2154594838563N11930403WA000000171681
B2155004838566N11930407WA000000172030
B2155014838573N11930410WA000000172207
B2155024838582N11930411WA000000172211
B2155034838591N11930408WA000000172384
B2155044838600N11930401WA000000172696
B2155054838608N11930391WA000000172908
B2155064838612N11930380WA000000173385
B2155074838615N11930369WA000000170973
B2155084838617N11930359WA000000172020
B2155094838615N11930351WA000000172705
B2155104838612N11930346WA000000173370
B2155114838609N11930343WA000000173669
B2155124838606N11930343WA000000173893
B2155134838605N11930347WA000000173954
B2155144838605N11930351WA000000174177
B2155154838607N11930355WA000000174563
B2155164838610N11930358WA000000175006
B2155174838611N11930360WA000000175397
B2155184838614N11930363WA000000175522
B2155194838618N11930366WA000000175507
B2155204838622N11930370WA000000175690
B2155214838632N11930372WA000000175622
B2155224838641N11930371WA000000175890
B2155234838650N11930365WA000000175860
B2155244838657N11930356WA000000176382
B2155254838663N11930345WA000000176411
B2155264838666N11930333WA000000176604
B2155274838668N11930321WA000000176917
B2155284838666N11930312WA000000177125
B2155294838663N11930304WA000000177348
B2155304838660N11930299WA000000177489
B2155314838658N11930297WA000000177512
B2155324838655N11930295WA000000177846
B2155334838653N11930298WA000000177921
B2155344838651N11930300WA000000178043
B2155354838650N11930303WA000000178248
B2155364838652N11930308WA000000178322
B2155374838654N11930313WA000000178694
B2155384838658N11930317WA000000178860
B2155394838666N11930319WA000000178836
B2155404838673N11930322WA000000179130
B2155414838678N11930324WA000000179391
B2155424838686N11930325WA000000179605
B2155434838692N11930326WA000000175241
B2155444838699N11930327WA000000176936
B2155454838706N11930328WA000000177975
B2155464838715N11930327WA000000178697
B2155474838723N11930323WA000000179464
B2155484838731N11930315WA000000180065
B2155494838738N11930304WA000000180489
B2155504838744N11930293WA000000172650
B2155514838748N11930281WA000000176131
B2155524838747N11930270WA000000178301
B2155534838744N11930261WA000000179692
B2155544838741N11930256WA000000180355
B2155554838738N11930255WA000000180768
B2155564838736N11930256WA000000181299
B2155574838736N11930258WA000000181608
B2155584838736N11930261WA000000181908
B2155594838737N11930265WA000000182254
B2156004838739N11930269WA000000182513
B2156014838741N11930274WA000000182683
B2156024838744N11930279WA000000182972
B2156034838750N11930283WA000000182992
B2156044838758N11930286WA000000183101
B2156054838765N11930285WA000000183298
B2156064838774N11930280WA000000183261
B2156074838781N11930269WA000000183385
B2156084838786N11930257WA000000183241
B2156094838789N11930244WA000000183346
B2156104838790N11930232WA000000183424
B2156114838790N11930220WA000000183545
B2156124838789N11930212WA000000183554
B2156134838787N11930206WA000000183642
B2156144838784N11930202WA000000183739
B2156154838782N11930202WA000000184033
B2156164838779N11930203WA000000184065
B2156174838780N11930208WA000000184174
B2156184838782N11930213WA000000184228
B2156194838786N11930219WA000000184221
B2156204838791N11930222WA000000184483
B2156214838800N11930223WA000000184540
B2156224838807N11930221WA000000185092
B2156234838814N11930218WA000000185423
B2156244838821N11930214WA000000185638
B2156254838828N11930209WA000000185843
B2156264838835N11930201WA000000185985
B2156274838842N11930190WA000000185646
B2156284838847N11930177WA000000185470
B2156294838849N11930164WA000000185400
B2156304838847N11930154WA000000185782
B2156314838844N11930149WA000000185881
B2156324838842N11930147WA000000185734
B2156334838840N11930149WA000000185614
B2156344838839N11930151WA000000185831
B2156354838838N11930153WA000000185881
B2156364838839N11930154WA000000185924
B2156374838838N11930156WA000000186075
B2156384838838N11930159WA000000186121
B2156394838838N11930162WA000000186220
B2156404838838N11930164WA000000186585
B2156414838837N11930170WA000000186700
B2156424838841N11930175WA000000186903
B2156434838845N11930179WA000000186999
B2156444838853N11930181WA000000187056
B2156454838861N11930180WA000000187060
B2156464838870N11930174WA000000187165
B2156474838878N11930167WA000000186976
B2156484838886N11930160WA000000187094
B2156494838894N11930154WA000000187171
B2156504838902N11930149WA000000187514
B2156514838909N11930146WA000000187712
B2156524838916N11930143WA000000187856
B2156534838924N11930141WA000000187935
B2156544838933N11930139WA000000188029
B2156554838941N11930140WA000000188121
B2156564838949N11930141WA000000188540
B2156574838956N11930141WA000000179554
B2156584838964N11930140WA000000183605
B2156594838970N11930140WA000000185831
B2157004838976N11930139WA000000186889
B2157014838984N11930139WA000000187499
B2157024838991N11930140WA000000188130
B2157034838998N11930140WA000000188351
B2157044839006N11930140WA000000188404
B2157054839013N11930142WA000000181057
B2157064839020N11930147WA000000183523
B2157074839026N11930152WA000000185360
B2157084839032N11930156WA000000186676
B2157094839038N11930159WA000000187235
B2157104839044N11930161WA000000187435
B2157114839050N11930164WA000000187858
B2157124839055N11930168WA000000188039
B2157134839059N11930176WA000000188090
B2157144839062N11930183WA000000187558
B2157154839063N11930191WA000000187176
B2157164839059N11930193WA000000186810
B2157174839055N11930194WA000000186961
B2157184839052N11930190WA000000185428
B2157194839050N11930186WA000000186108
B2157204839047N11930184WA000000186482
B2157214839046N11930182WA000000186604
B2157224839043N11930181WA000000186859
B2157234839041N11930179WA000000186926
B2157244839038N11930177WA000000186940
B2157254839035N11930173WA000000187194
B2157264839034N11930169WA000000187217
B2157274839033N11930164WA000000187399
B2157284839032N11930159WA000000187442
B2157294839032N11930152WA000000187303
B2157304839030N11930142WA000000187295
B2157314839031N11930131WA000000187267
B2157324839033N11930120WA000000187221
B2157334839037N11930108WA000000187365
B2157344839043N11930098WA000000187341
B2157354839049N11930088WA000000187268
B2157364839057N11930080WA000000187271
B2157374839064N11930071WA000000187485
B2157384839073N11930068WA000000187301
B2157394839080N11930066WA000000187536
B2157404839088N11930065WA000000187609
B2157414839095N11930067WA000000187750
B2157424839103N11930067WA000000187850
B2157434839111N11930068WA000000188012
B2157444839118N11930069WA000000188056
B2157454839126N11930070WA000000179106
B2157464839133N11930072WA000000183030
B2157474839139N11930073WA000000185287
B2157484839145N11930076WA000000186173
B2157494839151N11930079WA000000187016
B2157504839158N11930082WA000000187256
B2157514839166N11930085WA000000187411
B2157524839175N11930087WA000000187402
B2157534839182N11930087WA000000187592
B2157544839191N11930087WA000000187417
B2157554839199N11930087WA000000187314
B2157564839207N11930086WA000000187221
B2157574839215N11930082WA000000187194
B2157584839225N11930073WA000000187042
B2157594839232N11930063WA000000186587
B2158004839239N11930052WA000000184636
B2158014839246N11930042WA000000185535
B2158024839252N11930033WA000000186069
B2158034839259N11930026WA000000186230
B2158044839266N11930016WA000000186289
B2158054839275N11930007WA000000186010
B2158064839284N11929996WA000000185815
B2158074839293N11929985WA000000185725
B2158084839301N11929974WA000000185798
B2158094839310N11929964WA000000185904
B2158104839318N11929955WA000000186107
B2158114839325N11929947WA000000186259
B2158124839333N11929939WA000000186102
B2158134839341N11929930WA000000185943
B2158144839349N11929920WA000000185696
B2158154839358N11929909WA000000185357
B2158164839366N11929897WA000000185075
B2158174839373N11929885WA000000184670
B2158184839380N11929872WA000000184558
B2158194839385N11929860WA000000184558
B2158204839390N11929849WA000000184721
B2158214839393N11929838WA000000184940
B2158224839397N11929829WA000000185220
B2158234839401N11929820WA000000185496
B2158244839407N11929812WA000000185553
B2158254839413N11929803WA000000185583
B2158264839419N11929794WA000000185461
B2158274839426N11929784WA000000185430
B2158284839432N11929774WA000000185473
B2158294839439N11929765WA000000185512
B2158304839445N11929756WA000000185747
B2158314839452N11929748WA000000186017
B2158324839458N11929741WA000000186272
B2158334839465N11929733WA000000186271
B2158344839472N11929724WA000000186259
B2158354839479N11929716WA000000186352
B2158364839486N11929707WA000000186463
B2158374839493N11929699WA000000186660
B2158384839500N11929691WA000000186762
B2158394839508N11929683WA000000186823
B2158404839514N11929675WA000000186758
B2158414839520N11929667WA000000186896
B2158424839528N11929659WA000000186812
B2158434839535N11929651WA000000186834
B2158444839542N11929644WA000000186961
B2158454839549N11929636WA000000187044
B2158464839556N11929628WA000000187135
B2158474839563N11929620WA000000187208
B2158484839569N11929613WA000000187375
B2158494839576N11929606WA000000187370
B2158504839584N11929598WA000000187317
B2158514839592N11929592WA000000187334
B2158524839600N11929586WA000000187371
B2158534839609N11929577WA000000187348
B2158544839618N11929569WA000000187236
B2158554839627N11929562WA000000187214
B2158564839635N11929555WA000000187364
B2158574839643N11929549WA000000187479
B2158584839650N11929544WA000000187488
B2158594839657N11929539WA000000187621
B2159004839664N11929533WA000000187543
B2159014839672N11929527WA000000187440
B2159024839681N11929520WA000000187215
B2159034839689N11929512WA000000187095
B2159044839698N11929503WA000000186998
B2159054839707N11929495WA000000186840
B2159064839715N11929486WA000000186931
B2159074839722N11929477WA000000187181
B2159084839730N11929468WA000000187158
B2159094839738N11929460WA000000187136
B2159104839746N11929451WA000000186978
B2159114839756N11929442WA000000186612
B2159124839766N11929433WA000000186303
B2159134839775N11929425WA000000186355
B2159144839784N11929418WA000000186380
B2159154839794N11929410WA000000186405
B2159164839802N11929402WA000000186345
B2159174839810N11929395WA000000186387
B2159184839819N11929388WA000000186065
B2159194839828N11929381WA000000186070
B2159204839837N11929373WA000000185853
B2159214839845N11929363WA000000185844
B2159224839853N11929354WA000000185929
B2159234839860N11929347WA000000186141
B2159244839866N11929340WA000000186498
B2159254839873N11929334WA000000180239
B2159264839879N11929327WA000000183079
B2159274839886N11929320WA000000184269
B2159284839893N11929312WA000000184994
B2159294839901N11929303WA000000185104
B2159304839908N11929295WA000000185343
B2159314839915N11929288WA000000185463
B2159324839923N11929281WA000000185524
B2159334839931N11929274WA000000185412
B2159344839939N11929266WA000000185491
B2159354839949N11929257WA000000185115
B2159364839958N11929249WA000000185050
B2159374839967N11929240WA000000184948
B2159384839976N11929233WA000000184913
B2159394839984N11929226WA000000184870
B2159404839993N11929219WA000000184591
B2159414840003N11929211WA000000184326
B2159424840012N11929204WA000000184091
B2159434840023N11929197WA000000183826
B2159444840034N11929191WA000000183733
B2159454840045N11929185WA000000183744
B2159464840056N11929181WA000000183522
B2159474840066N11929176WA000000183473
B2159484840076N11929171WA000000183203
B2159494840085N11929167WA000000182991
B2159504840095N11929163WA000000182874
B2159514840105N11929159WA000000182655
B2159524840115N11929155WA000000182454
B2159534840125N11929151WA000000182111
B2159544840134N11929145WA000000181698
B2159554840144N11929139WA000000181213
B2159564840153N11929132WA000000180877
B2159574840163N11929125WA000000180378
B2159584840174N11929118WA000000180006
B2159594840184N11929112WA000000179752
B2200004840195N11929106WA000000179431
B2200014840206N11929100WA000000179101
B2200024840216N11929095WA000000178962
B2200034840227N11929090WA000000178602
B2200044840237N11929085WA000000178443
B2200054840248N11929080WA000000178102
B2200064840259N11929073WA000000177949
B2200074840271N11929068WA000000177511
B2200084840282N11929061WA000000177302
B2200094840292N11929053WA000000177249
B2200104840301N11929046WA000000177234
B2200114840310N11929039WA000000177129
B2200124840318N11929033WA000000177097
B2200134840327N11929026WA000000176759
B2200144840336N11929020WA000000176375
B2200154840346N11929013WA000000175822
B2200164840356N11929004WA000000175337
B2200174840366N11928996WA000000174927
B2200184840376N11928989WA000000174567
LXCTACTIVITY OTHER 77
B2200194840386N11928981WA000000174265
B2200204840397N11928974WA000000174012
B2200214840407N11928966WA000000173938
B2200224840417N11928960WA000000173620
B2200234840426N11928952WA000000173448
B2200244840436N11928945WA000000173135
B2200254840445N11928938WA000000172851
B2200264840455N11928929WA000000172447
B2200274840465N11928921WA000000172129
B2200284840475N11928913WA000000171815
B2200294840484N11928904WA000000171578
B2200304840494N11928896WA000000171220
B2200314840503N11928887WA000000171195
B2200324840513N11928878WA000000170909
B2200334840521N11928870WA000000170773
B2200344840530N11928861WA000000170555
B2200354840540N11928852WA000000170319
B2200364840549N11928844WA000000170064
B2200374840559N11928836WA000000169811
B2200384840568N11928827WA000000169569
B2200394840578N11928819WA000000169322
B2200404840587N11928809WA000000169199
B2200414840597N11928801WA000000168754
B2200424840607N11928793WA000000168446
B2200434840618N11928786WA000000168237
B2200444840629N11928780WA000000168034
B2200454840640N11928774WA000000167760
B2200464840651N11928766WA000000167509
B2200474840661N11928760WA000000167132
B2200484840671N11928752WA000000166963
B2200494840681N11928744WA000000166684
B2200504840691N11928736WA000000166441
B2200514840701N11928727WA000000166218
B2200524840710N11928719WA000000166146
B2200534840719N11928712WA000000165972
B2200544840729N11928704WA000000165717
B2200554840738N11928697WA000000165624
B2200564840747N11928690WA000000165520
B2200574840756N11928682WA000000165371
B2200584840765N11928672WA000000165157
B2200594840774N11928663WA000000165080
B2201004840783N11928653WA000000165047
B2201014840791N11928644WA000000165196
B2201024840800N11928636WA000000165122
B2201034840808N11928627WA000000165232
B2201044840816N11928618WA000000165250
B2201054840824N11928609WA000000165257
B2201064840832N11928602WA000000165201
B2201074840839N11928594WA000000165409
B2201084840845N11928588WA000000165566
B2201094840851N11928582WA000000165597
B2201104840858N11928576WA000000165663
B2201114840865N11928569WA000000165527
B2201124840872N11928562WA000000165358
B2201134840879N11928555WA000000165160
B2201144840886N11928547WA000000165134
B2201154840892N11928541WA000000165147
B2201164840898N11928535WA000000165247
B2201174840904N11928531WA000000165210
B2201184840910N11928524WA000000165161
B2201194840918N11928516WA000000164633
B2201204840926N11928507WA000000164337
B2201214840934N11928499WA000000164074
B2201224840942N11928490WA000000163876
B2201234840950N11928482WA000000163728
B2201244840957N11928474WA000000163629
B2201254840964N11928468WA000000163450
B2201264840972N11928460WA000000163450
B2201274840981N11928451WA000000163107
B2201284840989N11928443WA000000162862
B2201294840998N11928433WA000000162448
B2201304841007N11928424WA000000162256
B2201314841016N11928415WA000000162000
B2201324841023N11928405WA000000162064
B2201334841030N11928394WA000000161994
B2201344841038N11928384WA000000161809
B2201354841045N11928375WA000000161851
B2201364841052N11928365WA000000161777
B2201374841060N11928355WA000000161665
B2201384841069N11928345WA000000161526
B2201394841077N11928336WA000000161584
B2201404841087N11928328WA000000161526
B2201414841096N11928323WA000000161502
B2201424841103N11928318WA000000161697
B2201434841111N11928314WA000000161766
B2201444841119N11928310WA000000161500
B2201454841126N11928303WA000000161487
B2201464841135N11928297WA000000161003
B2201474841143N11928288WA000000160759
B2201484841153N11928280WA000000160226
B2201494841163N11928272WA000000159902
B2201504841172N11928263WA000000159772
B2201514841182N11928255WA000000159802
B2201524841190N11928248WA000000159990
B2201534841199N11928240WA000000160099
B2201544841208N11928233WA000000159989
B2201554841217N11928226WA000000159982
B2201564841227N11928218WA000000159697
B2201574841238N11928210WA000000159581
B2201584841247N11928203WA000000159492
B2201594841256N11928195WA000000159696
B2202004841265N11928188WA000000159600
B2202014841272N11928180WA000000159847
B2202024841279N11928173WA000000159930
B2202034841286N11928166WA000000159952
B2202044841293N11928159WA000000159991
B2202054841301N11928151WA000000159839
B2202064841308N11928144WA000000159642
B2202074841315N11928135WA000000159593
B2202084841322N11928127WA000000159491
B2202094841329N11928119WA000000159499
B2202104841336N11928113WA000000159363
B2202114841344N11928108WA000000159014
B2202124841352N11928104WA000000158821
B2202134841362N11928102WA000000158692
B2202144841373N11928102WA000000158333
B2202154841383N11928103WA000000158231
B2202164841391N11928104WA000000158196
B2202174841399N11928107WA000000158194
B2202184841407N11928110WA000000158143
B2202194841413N11928115WA000000157998
B2202204841419N11928123WA000000157445
B2202214841422N11928132WA000000157260
B2202224841423N11928139WA000000157258
B2202234841423N11928146WA000000157121
B2202244841422N11928149WA000000157136
B2202254841421N11928153WA000000157172
B2202264841420N11928155WA000000157166
B2202274841419N11928157WA000000157180
B2202284841419N11928158WA000000161912
B2202294841418N11928159WA000000160345
B2202304841417N11928160WA000000159488
B2202314841417N11928162WA000000158924
B2202324841416N11928165WA000000158668
B2202334841416N11928169WA000000158559
B2202344841421N11928178WA000000158412
B2202354841424N11928184WA000000158206
B2202364841428N11928191WA000000158289
B2202374841436N11928198WA000000158261
B2202384841445N11928202WA000000158073
B2202394841456N11928203WA000000158005
B2202404841466N11928202WA000000157927
B2202414841476N11928202WA000000158032
B2202424841485N11928203WA000000158293
B2202434841494N11928205WA000000158433
B2202444841501N11928208WA000000158680
B2202454841509N11928211WA000000158843
B2202464841516N11928214WA000000158975
B2202474841524N11928216WA000000159038
B2202484841532N11928219WA000000159002
B2202494841540N11928221WA000000159051
B2202504841549N11928219WA000000159053
B2202514841558N11928214WA000000158907
B2202524841564N11928207WA000000158884
B2202534841568N11928198WA000000158885
B2202544841571N11928190WA000000158943
B2202554841572N11928184WA000000159160
B2202564841573N11928179WA000000159216
B2202574841572N11928177WA000000163588
B2202584841571N11928177WA000000162167
B2202594841570N11928179WA000000161289
B2203004841570N11928184WA000000160612
B2203014841570N11928192WA000000160272
B2203024841572N11928201WA000000160080
B2203034841576N11928209WA000000160012
B2203044841580N11928216WA000000160115
B2203054841584N11928223WA000000160282
B2203064841588N11928229WA000000160182
B2203074841591N11928234WA000000160124
B2203084841595N11928240WA000000159709
B2203094841597N11928248WA000000159636
B2203104841600N11928255WA000000159666
B2203114841605N11928262WA000000159636
B2203124841611N11928269WA000000159720
B2203134841620N11928273WA000000159842
B2203144841629N11928274WA000000159767
B2203154841638N11928271WA000000159792
B2203164841646N11928264WA000000159580
B2203174841651N11928254WA000000159497
B2203184841654N11928245WA000000159484
B2203194841653N11928239WA000000159422
B2203204841650N11928235WA000000159463
B2203214841647N11928232WA000000159374
B2203224841645N11928229WA000000159404
B2203234841642N11928226WA000000159465
B2203244841640N11928223WA000000159337
B2203254841638N11928220WA000000159479
B2203264841636N11928217WA000000159583
B2203274841635N11928213WA000000159746
B2203284841633N11928210WA000000159994
B2203294841633N11928207WA000000160105
B2203304841632N11928205WA000000160364
B2203314841632N11928202WA000000160457
B2203324841632N11928200WA000000160577
B2203334841632N11928199WA000000160742
B2203344841631N11928198WA000000160863
B2203354841630N11928197WA000000161089
B2203364841629N11928206WA000000161218
B2203374841631N11928214WA000000161469
B2203384841637N11928223WA000000161484
B2203394841646N11928229WA000000161564
B2203404841656N11928232WA000000161731
B2203414841666N11928231WA000000162042
B2203424841675N11928226WA000000168941
B2203434841683N11928217WA000000166603
B2203444841687N11928207WA000000165486
B2203454841689N11928198WA000000164842
B2203464841688N11928192WA000000164599
B2203474841687N11928189WA000000166546
B2203484841685N11928190WA000000165426
B2203494841684N11928193WA000000165105
B2203504841684N11928198WA000000165111
B2203514841686N11928204WA000000165131
B2203524841689N11928210WA000000165134
B2203534841692N11928217WA000000165013
B2203544841695N11928225WA000000165215
B2203554841698N11928232WA000000165304
B2203564841701N11928240WA000000165446
B2203574841705N11928248WA000000165575
B2203584841710N11928257WA000000165830
B2203594841716N11928264WA000000166177
B2204004841724N11928270WA000000166025
B2204014841733N11928269WA000000166092
B2204024841743N11928265WA000000165902
B2204034841749N11928257WA000000165960
B2204044841753N11928248WA000000166183
B2204054841754N11928239WA000000166257
B2204064841753N11928233WA000000166529
B2204074841751N11928230WA000000166722
B2204084841748N11928230WA000000166858
B2204094841746N11928233WA000000167164
B2204104841746N11928237WA000000167406
B2204114841745N11928243WA000000167691
B2204124841746N11928248WA000000167848
B2204134841745N11928254WA000000167899
B2204144841745N11928260WA000000168042
B2204154841746N11928267WA000000168240
B2204164841748N11928272WA000000168590
B2204174841752N11928277WA000000168789
B2204184841758N11928284WA000000168876
B2204194841766N11928291WA000000168792
B2204204841774N11928296WA000000169076
B2204214841782N11928300WA000000169267
B2204224841790N11928303WA000000169525
B2204234841797N11928304WA000000169867
B2204244841805N11928303WA000000169968
B2204254841813N11928301WA000000170174
B2204264841821N11928297WA000000170388
B2204274841829N11928293WA000000170618
B2204284841835N11928287WA000000170984
B2204294841840N11928279WA000000170908
B2204304841841N11928271WA000000170960
B2204314841840N11928262WA000000170804
B2204324841836N11928257WA000000170979
B2204334841832N11928258WA000000170976
B2204344841829N11928260WA000000171181
B2204354841827N11928262WA000000171266
B2204364841825N11928264WA000000171548
B2204374841823N11928266WA000000171756
B2204384841821N11928268WA000000171963
B2204394841820N11928270WA000000172006
B2204404841819N11928275WA000000172139
B2204414841820N11928282WA000000172148
B2204424841825N11928293WA000000172180
B2204434841834N11928301WA000000171959
B2204444841845N11928306WA000000171841
B2204454841854N11928306WA000000172155
B2204464841862N11928305WA000000172535
B2204474841869N11928303WA000000172832
B2204484841876N11928300WA000000176794
B2204494841886N11928296WA000000175124
B2204504841897N11928293WA000000174102
B2204514841907N11928291WA000000173710
LXCTACTIVITY STILL 48
B2204524841916N11928289WA000000173645
B2204534841925N11928288WA000000173646
B2204544841933N11928288WA000000173810
B2204554841940N11928286WA000000173898
B2204564841948N11928285WA000000173918
B2204574841956N11928283WA000000173938
B2204584841964N11928281WA000000174126
B2204594841972N11928280WA000000174272
B2205004841980N11928278WA000000174340
B2205014841988N11928275WA000000174455
B2205024841996N11928273WA000000174517
B2205034842003N11928271WA000000174756
B2205044842011N11928269WA000000174804
B2205054842018N11928267WA000000174916
B2205064842025N11928264WA000000174990
B2205074842033N11928260WA000000175098
B2205084842041N11928257WA000000175197
B2205094842050N11928256WA000000175247
B2205104842058N11928255WA000000175333
B2205114842065N11928253WA000000175495
B2205124842072N11928249WA000000175590
B2205134842078N11928241WA000000175351
B2205144842082N11928231WA000000175357
B2205154842085N11928222WA000000175317
B2205164842086N11928215WA000000175532
B2205174842086N11928210WA000000175736
B2205184842085N11928207WA000000175726
B2205194842083N11928211WA000000175707
B2205204842080N11928215WA000000175781
B2205214842079N11928219WA000000175847
B2205224842078N11928223WA000000176017
B2205234842077N11928228WA000000176261
B2205244842078N11928233WA000000176413
B2205254842079N11928237WA000000176653
B2205264842079N11928243WA000000176890
B2205274842080N11928248WA000000177084
B2205284842081N11928253WA000000177242
B2205294842083N11928260WA000000177263
B2205304842087N11928267WA000000177324
B2205314842094N11928273WA000000177343
B2205324842103N11928279WA000000177372
B2205334842116N11928281WA000000177211
B2205344842126N11928280WA000000177274
B2205354842135N11928278WA000000177691
B2205364842143N11928274WA000000177951
B2205374842150N11928267WA000000178014
B2205384842155N11928259WA000000180844
B2205394842158N11928251WA000000179451
B2205404842161N11928243WA000000178964
B2205414842163N11928236WA000000178723
B2205424842165N11928230WA000000178741
B2205434842167N11928223WA000000178693
B2205444842171N11928216WA000000178735
B2205454842175N11928208WA000000178747
B2205464842178N11928200WA000000178678
B2205474842182N11928192WA000000178638
B2205484842185N11928185WA000000178634
B2205494842187N11928177WA000000178675
B2205504842190N11928168WA000000178659
B2205514842193N11928160WA000000178730
B2205524842196N11928151WA000000178742
B2205534842199N11928142WA000000178921
B2205544842202N11928133WA000000179205
B2205554842204N11928124WA000000179334
B2205564842206N11928116WA000000179414
B2205574842207N11928108WA000000179758
B2205584842208N11928101WA000000180090
B2205594842211N11928093WA000000180207
B2206004842213N11928085WA000000180425
B2206014842216N11928076WA000000180777
B2206024842220N11928068WA000000180910
B2206034842222N11928059WA000000181339
B2206044842223N11928052WA000000181623
B2206054842223N11928045WA000000181942
B2206064842222N11928039WA000000182155
B2206074842220N11928035WA000000182334
B2206084842217N11928032WA000000182471
B2206094842213N11928040WA000000182391
B2206104842212N11928047WA000000182514
B2206114842212N11928055WA000000182743
B2206124842214N11928062WA000000182916
B2206134842216N11928068WA000000183128
B2206144842219N11928074WA000000183339
B2206154842222N11928081WA000000183459
B2206164842227N11928089WA000000183553
B2206174842232N11928096WA000000183987
B2206184842240N11928101WA000000184104
B2206194842248N11928103WA000000184437
B2206204842257N11928102WA000000184595
B2206214842267N11928097WA000000184640
B2206224842275N11928090WA000000184973
B2206234842279N11928081WA000000185017
B2206244842281N11928073WA000000185503
B2206254842280N11928066WA000000186026
B2206264842278N11928061WA000000186116
B2206274842276N11928059WA000000186319
B2206284842274N11928058WA000000186306
B2206294842271N11928063WA000000186356
B2206304842269N11928067WA000000186467
B2206314842268N11928073WA000000186738
B2206324842267N11928080WA000000187062
B2206334842267N11928086WA000000187321
B2206344842268N11928092WA000000187649
B2206354842270N11928100WA000000188066
B2206364842275N11928108WA000000188232
B2206374842281N11928115WA000000188484
B2206384842290N11928120WA000000188513
B2206394842299N11928122WA000000188637
B2206404842309N11928121WA000000188813
LXCTACTIVITY OTHER 78
B2206414842317N11928116WA000000189031
B2206424842324N11928108WA000000189116
B2206434842328N11928099WA000000189339
B2206444842330N11928091WA000000189425
B2206454842329N11928085WA000000189670
B2206464842328N11928080WA000000189706
B2206474842326N11928080WA000000189907
B2206484842324N11928084WA000000190262
B2206494842324N11928089WA000000190538
B2206504842325N11928097WA000000190739
B2206514842327N11928105WA000000189997
B2206524842332N11928113WA000000190502
B2206534842338N11928120WA000000190903
B2206544842347N11928125WA000000190934
B2206554842356N11928127WA000000191271
B2206564842366N11928125WA000000191542
B2206574842374N11928119WA000000191689
B2206584842381N11928112WA000000191831
B2206594842385N11928103WA000000192081
B2207004842388N11928094WA000000192200
B2207014842388N11928086WA000000192358
B2207024842387N11928081WA000000189317
B2207034842385N11928078WA000000190612
B2207044842384N11928076WA000000191408
B2207054842382N11928080WA000000191902
B2207064842381N11928083WA000000192422
B2207074842381N11928091WA000000192880
B2207084842383N11928097WA000000193078
B2207094842386N11928107WA000000193290
B2207104842390N11928116WA000000193426
B2207114842399N11928123WA000000193604
B2207124842409N11928127WA000000193815
B2207134842419N11928126WA000000192352
B2207144842428N11928121WA000000193262
B2207154842435N11928113WA000000193694
B2207164842440N11928104WA000000194073
B2207174842443N11928095WA000000194362
B2207184842444N11928086WA000000194476
B2207194842444N11928080WA000000194570
B2207204842444N11928073WA000000194606
B2207214842442N11928070WA000000194724
B2207224842440N11928067WA000000195048
B2207234842437N11928067WA000000195296
B2207244842436N11928069WA000000195509
B2207254842434N11928076WA000000195767
B2207264842435N11928087WA000000195865
B2207274842437N11928097WA000000196055
B2207284842445N11928105WA000000196111
B2207294842452N11928110WA000000196493
B2207304842461N11928112WA000000196572
B2207314842470N11928113WA000000196790
B2207324842480N11928109WA000000196714
B2207334842488N11928105WA000000196869
B2207344842496N11928099WA000000196913
B2207354842501N11928091WA000000197198
B2207364842506N11928082WA000000197264
B2207374842509N11928072WA000000197447
B2207384842511N11928063WA000000197509
B2207394842509N11928057WA000000197671
LXCTACTIVITY STILL 65
B2207404842507N11928053WA000000197971
B2207414842505N11928053WA000000198005
B2207424842502N11928057WA000000198136
B2207434842500N11928064WA000000193794
B2207444842502N11928073WA000000195623
B2207454842504N11928082WA000000196870
B2207464842510N11928089WA000000197577
B2207474842516N11928096WA000000198095
B2207484842525N11928100WA000000198435
B2207494842534N11928102WA000000198712
B2207504842543N11928100WA000000199054
B2207514842552N11928096WA000000199221
B2207524842560N11928090WA000000199444
B2207534842566N11928082WA000000199679
B2207544842571N11928074WA000000199960
B2207554842575N11928065WA000000200124
B2207564842577N11928057WA000000200414
B2207574842576N11928051WA000000200530
B2207584842574N11928047WA000000200650
B2207594842572N11928046WA000000200703
B2208004842569N11928049WA000000200750
B2208014842567N11928054WA000000200868
B2208024842567N11928062WA000000201098
B2208034842571N11928072WA000000201105
B2208044842577N11928080WA000000201207
B2208054842583N11928088WA000000201473
B2208064842592N11928091WA000000201575
B2208074842600N11928094WA000000197979
B2208084842608N11928096WA000000199882
B2208094842617N11928095WA000000200821
B2208104842625N11928091WA000000201438
B2208114842632N11928084WA000000201674
B2208124842639N11928075WA000000201858
B2208134842643N11928065WA000000201964
B2208144842646N11928057WA000000202300
B2208154842646N11928049WA000000202699
B2208164842646N11928045WA000000202842
B2208174842645N11928040WA000000194827
B2208184842643N11928039WA000000198376
B2208194842641N11928042WA000000200160
B2208204842639N11928049WA000000200996
B2208214842639N11928057WA000000201558
B2208224842641N11928067WA000000202280
B2208234842646N11928076WA000000202644
B2208244842652N11928084WA000000202942
B2208254842659N11928090WA000000203235
B2208264842667N11928094WA000000203399
B2208274842676N11928096WA000000193109
B2208284842684N11928096WA000000197969
B2208294842693N11928094WA000000200198
B2208304842702N11928089WA000000201539
B2208314842708N11928080WA000000202266
B2208324842714N11928071WA000000202804
B2208334842716N11928062WA000000203215
B2208344842716N11928055WA000000203753
B2208354842715N11928049WA000000198574
B2208364842714N11928046WA000000201053
B2208374842711N11928044WA000000202399
B2208384842709N11928045WA000000203182
B2208394842707N11928047WA000000203792
B2208404842706N11928050WA000000204135
B2208414842707N11928057WA000000204503
B2208424842708N11928065WA000000204773
B2208434842714N11928073WA000000204815
B2208444842719N11928081WA000000204881
B2208454842729N11928085WA000000204903
B2208464842737N11928086WA000000189394
B2208474842746N11928086WA000000196372
B2208484842755N11928085WA000000199984
B2208494842764N11928084WA000000201956
B2208504842773N11928083WA000000203119
B2208514842781N11928081WA000000203978
B2208524842790N11928080WA000000204423
B2208534842800N11928078WA000000204739
B2208544842811N11928077WA000000204620
B2208554842822N11928073WA000000204689
B2208564842833N11928071WA000000204581
B2208574842844N11928070WA000000204740
B2208584842854N11928069WA000000204832
B2208594842863N11928068WA000000205060
B2209004842872N11928067WA000000205149
B2209014842882N11928068WA000000205103
B2209024842892N11928070WA000000204861
B2209034842903N11928071WA000000204459
B2209044842915N11928074WA000000204219
B2209054842926N11928077WA000000204047
B2209064842937N11928079WA000000204047
B2209074842948N11928081WA000000204032
B2209084842959N11928082WA000000204107
B2209094842969N11928083WA000000204289
B2209104842980N11928083WA000000204279
B2209114842991N11928083WA000000204085
B2209124843003N11928083WA000000204083
B2209134843015N11928082WA000000204149
B2209144843026N11928082WA000000204214
B2209154843036N11928081WA000000204406
B2209164843046N11928080WA000000204607
B2209174843056N11928078WA000000204809
B2209184843066N11928077WA000000204802
B2209194843077N11928074WA000000204726
B2209204843088N11928072WA000000204670
B2209214843100N11928068WA000000204645
B2209224843111N11928064WA000000204759
B2209234843122N11928061WA000000204953
B2209244843132N11928058WA000000205183
B2209254843143N11928055WA000000205255
B2209264843153N11928052WA000000205297
B2209274843164N11928049WA000000205152
B2209284843175N11928046WA000000205061
B2209294843187N11928042WA000000204908
B2209304843198N11928039WA000000204951
B2209314843210N11928035WA000000204914
B2209324843221N11928032WA000000205010
B2209334843231N11928029WA000000205187
B2209344843242N11928027WA000000205241
B2209354843253N11928025WA000000205157
B2209364843265N11928024WA000000204901
B2209374843276N11928022WA000000204681
B2209384843289N11928019WA000000204349
B2209394843302N11928017WA000000204120
B2209404843314N11928013WA000000204115
B2209414843325N11928009WA000000204172
B2209424843336N11928006WA000000204250
B2209434843347N11928003WA000000204293
B2209444843359N11928000WA000000204200
B2209454843369N11927996WA000000203995
B2209464843381N11927992WA000000203639
B2209474843392N11927988WA000000203287
B2209484843404N11927984WA000000202966
B2209494843416N11927979WA000000202719
B2209504843427N11927975WA000000202573
B2209514843439N11927971WA000000202426
B2209524843450N11927968WA000000202361
B2209534843462N11927964WA000000202145
B2209544843474N11927960WA000000201816
B2209554843486N11927955WA000000201509
B2209564843497N11927950WA000000201455
B2209574843508N11927945WA000000201372
B2209584843518N11927940WA000000201395
B2209594843528N11927936WA000000201272
B2210004843538N11927932WA000000201158
B2210014843549N11927929WA000000200907
B2210024843560N11927927WA000000200651
B2210034843572N11927924WA000000200365
B2210044843584N11927920WA000000200139
B2210054843595N11927916WA000000199998
B2210064843606N11927912WA000000199967
B2210074843617N11927909WA000000199822
B2210084843628N11927906WA000000199711
B2210094843639N11927903WA000000199523
B2210104843650N11927901WA000000199294
B2210114843663N11927899WA000000198904
B2210124843675N11927897WA000000198662
B2210134843687N11927895WA000000198487
B2210144843699N11927893WA000000198367
B2210154843711N11927892WA000000198113
B2210164843723N11927890WA000000197804
B2210174843735N11927888WA000000197552
B2210184843747N11927886WA000000197175
B2210194843760N11927883WA000000187488
B2210204843773N11927881WA000000190747
B2210214843785N11927879WA000000192390
LXCTACTIVITY OTHER 86
B2210224843798N11927876WA000000193204
B2210234843810N11927873WA000000193717
B2210244843822N11927870WA000000193918
B2210254843834N11927868WA000000193992
B2210264843847N11927866WA000000193862
B2210274843860N11927864WA000000193559
B2210284843873N11927864WA000000193431
B2210294843886N11927863WA000000193314
B2210304843899N11927862WA000000193138
B2210314843911N11927861WA000000193086
B2210324843924N11927860WA000000192851
B2210334843937N11927858WA000000192606
B2210344843949N11927857WA000000192479
B2210354843962N11927857WA000000192134
B2210364843974N11927856WA000000191887
B2210374843987N11927856WA000000191655
B2210384844000N11927856WA000000191360
B2210394844014N11927854WA000000191147
B2210404844028N11927852WA000000190929
B2210414844041N11927851WA000000190750
B2210424844054N11927849WA000000190542
B2210434844067N11927847WA000000190440
B2210444844080N11927845WA000000190360
B2210454844093N11927843WA000000190014
B2210464844105N11927842WA000000189840
B2210474844118N11927841WA000000189511
B2210484844130N11927839WA000000189298
B2210494844144N11927838WA000000188935
B2210504844157N11927837WA000000188784
B2210514844171N11927834WA000000188345
B2210524844185N11927831WA000000188045
B2210534844200N11927828WA000000187703
B2210544844214N11927825WA000000187427
B2210554844227N11927823WA000000188393
B2210564844241N11927820WA000000187824
B2210574844253N11927817WA000000187576
B2210584844266N11927814WA000000187234
B2210594844279N11927811WA000000186808
B2211004844292N11927809WA000000186321
B2211014844305N11927805WA000000185894
B2211024844319N11927801WA000000185291
B2211034844333N11927796WA000000184884
B2211044844347N11927792WA000000184581
B2211054844361N11927788WA000000184360
B2211064844375N11927784WA000000184112
B2211074844388N11927780WA000000183945
B2211084844401N11927776WA000000183776
B2211094844414N11927774WA000000183580
B2211104844428N11927771WA000000183144
B2211114844442N11927768WA000000182813
B2211124844455N11927765WA000000182586
B2211134844469N11927762WA000000182349
B2211144844482N11927760WA000000182198
B2211154844496N11927759WA000000182117
B2211164844509N11927759WA000000181900
B2211174844521N11927758WA000000181956
B2211184844532N11927758WA000000181888
B2211194844545N11927758WA000000181717
B2211204844557N11927758WA000000181610
B2211214844569N11927756WA000000181306
B2211224844581N11927755WA000000181030
B2211234844593N11927752WA000000180792
B2211244844606N11927749WA000000180453
B2211254844619N11927746WA000000180142
B2211264844632N11927742WA000000180066
B2211274844645N11927738WA000000180078
B2211284844657N11927735WA000000180095
B2211294844669N11927732WA000000180191
B2211304844681N11927729WA000000180264
B2211314844693N11927726WA000000180219
B2211324844704N11927724WA000000180128
B2211334844715N11927722WA000000180151
B2211344844728N11927719WA000000180009
B2211354844740N11927717WA000000179825
B2211364844752N11927714WA000000179688
B2211374844765N11927712WA000000179528
B2211384844777N11927710WA000000179339
B2211394844788N11927708WA000000179291
B2211404844800N11927705WA000000179231
B2211414844812N11927701WA000000179149
B2211424844824N11927699WA000000179124
B2211434844835N11927696WA000000179193
B2211444844847N11927694WA000000179083
B2211454844859N11927692WA000000178952
B2211464844871N11927690WA000000178781
B2211474844883N11927687WA000000178576
B2211484844896N11927685WA000000178247
B2211494844909N11927683WA000000177912
B2211504844921N11927680WA000000177854
B2211514844933N11927677WA000000177776
B2211524844945N11927674WA000000177676
B2211534844957N11927671WA000000177558
B2211544844969N11927668WA000000177338
B2211554844981N11927666WA000000177212
B2211564844992N11927663WA000000177196
B2211574845004N11927660WA000000176995
B2211584845017N11927658WA000000176800
B2211594845029N11927655WA000000176646
B2212004845041N11927652WA000000176569
B2212014845053N11927649WA000000176487
B2212024845066N11927646WA000000176205
B2212034845078N11927643WA000000176044
B2212044845091N11927640WA000000175706
B2212054845103N11927637WA000000175582
B2212064845117N11927634WA000000175312
B2212074845130N11927631WA000000175131
B2212084845143N11927627WA000000174855
B2212094845156N11927624WA000000174653
B2212104845169N11927620WA000000174447
B2212114845182N11927616WA000000174231
B2212124845195N11927610WA000000174017
B2212134845207N11927605WA000000173886
B2212144845220N11927600WA000000173656
B2212154845233N11927595WA000000173449
B2212164845246N11927591WA000000173282
B2212174845259N11927587WA000000172950
B2212184845272N11927583WA000000172652
B2212194845285N11927579WA000000172386
B2212204845299N11927575WA000000172116
B2212214845312N11927571WA000000172027
B2212224845325N11927568WA000000171804
B2212234845337N11927564WA000000171663
B2212244845350N11927560WA000000171440
B2212254845362N11927556WA000000171264
B2212264845375N11927552WA000000171017
B2212274845387N11927549WA000000170848
B2212284845399N11927547WA000000170682
B2212294845412N11927544WA000000170443
B2212304845425N11927541WA000000170130
B2212314845437N11927537WA000000169894
B2212324845450N11927534WA000000169590
B2212334845464N11927529WA000000169377
B2212344845477N11927525WA000000169196
B2212354845490N11927520WA000000168979
B2212364845503N11927517WA000000168900
B2212374845515N11927513WA000000168934
B2212384845527N11927510WA000000168730
B2212394845539N11927505WA000000168665
B2212404845552N11927501WA000000168407
B2212414845564N11927497WA000000168231
B2212424845576N11927493WA000000167961
B2212434845588N11927488WA000000167774
B2212444845600N11927484WA000000167792
B2212454845612N11927479WA000000167695
B2212464845624N11927475WA000000167478
B2212474845636N11927471WA000000167359
B2212484845648N11927468WA000000167295
B2212494845661N11927464WA000000166975
B2212504845674N11927461WA000000166711
B2212514845686N11927457WA000000166572
B2212524845699N11927453WA000000166320
B2212534845711N11927448WA000000166186
B2212544845724N11927444WA000000165919
B2212554845736N11927440WA000000165749
B2212564845748N11927436WA000000165698
B2212574845761N11927432WA000000165547
B2212584845773N11927427WA000000165479
B2212594845785N11927423WA000000165298
B2213004845798N11927419WA000000165027
B2213014845810N11927415WA000000164823
B2213024845822N11927411WA000000164563
B2213034845834N11927407WA000000164366
B2213044845847N11927403WA000000164029
B2213054845859N11927400WA000000163692
B2213064845872N11927396WA000000163393
B2213074845886N11927391WA000000162918
B2213084845899N11927388WA000000162542
B2213094845912N11927384WA000000162367
B2213104845925N11927381WA000000162055
B2213114845938N11927378WA000000161874
B2213124845951N11927374WA000000161548
B2213134845963N11927370WA000000161186
B2213144845976N11927365WA000000160728
B2213154845988N11927361WA000000160349
B2213164846001N11927357WA000000159940
B2213174846014N11927352WA000000159592
B2213184846027N11927347WA000000159250
B2213194846040N11927341WA000000159104
B2213204846052N11927335WA000000159049
B2213214846064N11927330WA000000158973
B2213224846076N11927325WA000000158789
B2213234846088N11927319WA000000158788
B2213244846100N11927314WA000000158570
B2213254846112N11927308WA000000158357
B2213264846123N11927303WA000000158276
B2213274846134N11927299WA000000157911
B2213284846144N11927294WA000000157934
B2213294846154N11927290WA000000157790
B2213304846166N11927286WA000000157330
B2213314846177N11927281WA000000156956
B2213324846189N11927277WA000000156633
B2213334846201N11927272WA000000156226
B2213344846212N11927268WA000000155893
B2213354846224N11927263WA000000155463
B2213364846236N11927258WA000000155030
B2213374846248N11927253WA000000154630
B2213384846260N11927248WA000000154378
B2213394846272N11927243WA000000153924
B2213404846283N11927238WA000000153790
B2213414846294N11927232WA000000153555
B2213424846305N11927226WA000000153447
B2213434846315N11927222WA000000153270
B2213444846326N11927216WA000000153099
B2213454846337N11927211WA000000152640
B2213464846348N11927204WA000000152404
B2213474846359N11927197WA000000152002
B2213484846369N11927189WA000000151784
B2213494846381N11927182WA000000151312
B2213504846392N11927175WA000000151043
B2213514846404N11927168WA000000150747
B2213524846416N11927162WA000000150352
B2213534846428N11927155WA000000150024
B2213544846440N11927148WA000000149705
B2213554846452N11927141WA000000149411
B2213564846463N11927135WA000000149220
B2213574846474N11927128WA000000149077
B2213584846486N11927123WA000000148805
B2213594846496N11927117WA000000148796
B2214004846508N11927111WA000000148518
B2214014846519N11927106WA000000148151
B2214024846530N11927099WA000000147897
B2214034846542N11927093WA000000147482
B2214044846554N11927087WA000000147080
B2214054846567N11927081WA000000146715
B2214064846579N11927075WA000000146438
B2214074846591N11927070WA000000146137
B2214084846603N11927065WA000000145843
B2214094846615N11927060WA000000145556
B2214104846627N11927055WA000000145237
B2214114846639N11927051WA000000144938
B2214124846651N11927048WA000000144669
B2214134846664N11927046WA000000144327
B2214144846677N11927045WA000000144015
B2214154846690N11927045WA000000143712
B2214164846703N11927045WA000000143507
B2214174846715N11927046WA000000143350
B2214184846727N11927045WA000000143274
B2214194846739N11927045WA000000143075
B2214204846751N11927045WA000000142965
B2214214846763N11927044WA000000142679
B2214224846776N11927044WA000000142433
B2214234846788N11927043WA000000142383
B2214244846800N11927041WA000000142196
B2214254846813N11927038WA000000141931
B2214264846825N11927033WA000000141719
B2214274846837N11927030WA000000141501
B2214284846848N11927026WA000000141393
B2214294846861N11927022WA000000141223
B2214304846873N11927018WA000000140933
B2214314846885N11927014WA000000140752
B2214324846898N11927009WA000000140505
B2214334846910N11927004WA000000140250
B2214344846922N11926998WA000000140185
B2214354846935N11926993WA000000140020
B2214364846947N11926987WA000000139833
B2214374846959N11926981WA000000139718
B2214384846970N11926976WA000000139592
B2214394846983N11926970WA000000139205
B2214404846995N11926964WA000000138913
B2214414847007N11926958WA000000138654
B2214424847019N11926952WA000000138373
B2214434847032N11926946WA000000138013
B2214444847044N11926940WA000000137761
B2214454847056N11926933WA000000137599
B2214464847069N11926927WA000000137303
B2214474847081N11926921WA000000137041
B2214484847093N11926914WA000000136889
B2214494847106N11926908WA000000136608
B2214504847118N11926902WA000000136522
B2214514847130N11926896WA000000136323
B2214524847141N11926890WA000000136085
B2214534847153N11926884WA000000135737
B2214544847164N11926879WA000000135392
B2214554847176N11926873WA000000134957
B2214564847188N11926868WA000000134555
B2214574847200N11926862WA000000134187
B2214584847212N11926857WA000000133952
B2214594847223N11926851WA000000133832
B2215004847233N11926845WA000000133777
B2215014847243N11926840WA000000133756
B2215024847253N11926835WA000000133634
B2215034847262N11926830WA000000133582
B2215044847272N11926825WA000000133472
B2215054847282N11926820WA000000133204
B2215064847291N11926815WA000000133135
B2215074847300N11926810WA000000133083
B2215084847310N11926805WA000000132902
B2215094847319N11926800WA000000132739
B2215104847328N11926796WA000000132592
B2215114847339N11926791WA000000132236
B2215124847349N11926786WA000000131976
B2215134847360N11926781WA000000131550
B2215144847371N11926775WA000000131317
B2215154847381N11926770WA000000131183
B2215164847392N11926765WA000000141630
B2215174847403N11926759WA000000137505
B2215184847413N11926754WA000000135271
B2215194847424N11926748WA000000133773
B2215204847435N11926743WA000000132777
B2215214847446N11926739WA000000132053
B2215224847457N11926735WA000000131543
B2215234847468N11926732WA000000131155
B2215244847479N11926729WA000000130710
B2215254847489N11926725WA000000130476
LXCTACTIVITY STILL 53
B2215264847500N11926722WA000000130134
B2215274847511N11926719WA000000129743
B2215284847522N11926716WA000000129530
B2215294847533N11926712WA000000129369
B2215304847545N11926708WA000000129096
B2215314847557N11926705WA000000128715
B2215324847568N11926701WA000000131751
B2215334847579N11926697WA000000130335
B2215344847589N11926693WA000000129495
B2215354847600N11926689WA000000128979
B2215364847611N11926686WA000000128656
B2215374847622N11926684WA000000128130
B2215384847633N11926681WA000000127811
B2215394847644N11926678WA000000127562
B2215404847656N11926675WA000000127116
B2215414847668N11926672WA000000126915
B2215424847679N11926669WA000000126752
B2215434847689N11926666WA000000126693
B2215444847699N11926663WA000000126788
B2215454847709N11926662WA000000126915
B2215464847717N11926659WA000000127029
B2215474847725N11926657WA000000127175
B2215484847735N11926654WA000000127030
B2215494847744N11926650WA000000126977
B2215504847754N11926647WA000000126823
B2215514847762N11926642WA000000126777
B2215524847771N11926639WA000000126549
B2215534847780N11926637WA000000126442
B2215544847789N11926634WA000000126244
B2215554847799N11926630WA000000126019
B2215564847809N11926626WA000000125739
B2215574847819N11926623WA000000125460
B2215584847830N11926618WA000000125228
B2215594847840N11926615WA000000125197
B2216004847851N11926612WA000000125105
B2216014847861N11926609WA000000125020
B2216024847871N11926606WA000000124912
B2216034847880N11926603WA000000124774
B2216044847890N11926600WA000000124663
B2216054847900N11926596WA000000124369
B2216064847911N11926593WA000000124116
B2216074847921N11926589WA000000123949
B2216084847931N11926586WA000000123651
B2216094847941N11926582WA000000123574
B2216104847951N11926579WA000000123476
B2216114847961N11926576WA000000123253
B2216124847971N11926573WA000000123125
B2216134847980N11926571WA000000123091
B2216144847990N11926568WA000000122847
B2216154848000N11926566WA000000122623
B2216164848009N11926564WA000000122350
B2216174848019N11926562WA000000122160
B2216184848029N11926559WA000000121985
B2216194848040N11926557WA000000121836
B2216204848050N11926556WA000000121843
B2216214848060N11926555WA000000121750
B2216224848070N11926553WA000000121707
B2216234848079N11926552WA000000121833
B2216244848088N11926549WA000000121819
B2216254848097N11926549WA000000121715
B2216264848106N11926546WA000000121559
B2216274848116N11926544WA000000121206
B2216284848126N11926542WA000000121035
B2216294848136N11926541WA000000120880
B2216304848146N11926539WA000000120759
B2216314848155N11926537WA000000120597
B2216324848164N11926534WA000000120352
B2216334848171N11926527WA000000120231
B2216344848176N11926518WA000000119971
B2216354848180N11926507WA000000119661
B2216364848183N11926495WA000000119482
B2216374848187N11926483WA000000119486
B2216384848192N11926473WA000000119255
B2216394848196N11926465WA000000119261
B2216404848200N11926457WA000000119323
B2216414848203N11926449WA000000119473
B2216424848207N11926440WA000000119381
B2216434848211N11926429WA000000119180
B2216444848216N11926417WA000000119046
B2216454848221N11926405WA000000118987
B2216464848227N11926396WA000000119083
B2216474848233N11926387WA000000119250
B2216484848239N11926378WA000000119353
B2216494848245N11926368WA000000119375
B2216504848251N11926358WA000000119449
B2216514848256N11926349WA000000119431
B2216524848261N11926340WA000000119641
B2216534848265N11926331WA000000119862
B2216544848268N11926322WA000000120030
B2216554848268N11926312WA000000126197
B2216564848268N11926305WA000000123803
B2216574848265N11926301WA000000122623
B2216584848262N11926302WA000000122086
B2216594848262N11926308WA000000121757
B2217004848265N11926316WA000000121376
B2217014848270N11926324WA000000120904
B2217024848277N11926332WA000000120565
B2217034848287N11926336WA000000144971
B2217044848296N11926339WA000000134492
B2217054848305N11926340WA000000129347
B2217064848315N11926340WA000000126502
B2217074848324N11926337WA000000124859
B2217084848334N11926332WA000000123757
B2217094848343N11926324WA000000123009
B2217104848349N11926314WA000000122686
B2217114848353N11926303WA000000122479
B2217124848354N11926294WA000000122375
B2217134848354N11926286WA000000122159
B2217144848352N11926287WA000000122121
B2217154848350N11926289WA000000122099
B2217164848352N11926296WA000000122131
B2217174848355N11926302WA000000122176
B2217184848360N11926308WA000000122206
B2217194848366N11926314WA000000122153
B2217204848372N11926320WA000000121930
B2217214848378N11926325WA000000121960
B2217224848386N11926328WA000000121868
B2217234848395N11926332WA000000121971
B2217244848407N11926327WA000000121816
B2217254848416N11926321WA000000121684
B2217264848425N11926311WA000000121713
B2217274848430N11926301WA000000121702
B2217284848432N11926290WA000000121707
B2217294848432N11926281WA000000121707
B2217304848431N11926273WA000000121759
B2217314848429N11926268WA000000121760
B2217324848428N11926263WA000000121712
B2217334848426N11926260WA000000121764
B2217344848425N11926258WA000000121922
B2217354848424N11926257WA000000122162
B2217364848425N11926261WA000000121921
B2217374848426N11926268WA000000121791
B2217384848430N11926276WA000000121488
B2217394848436N11926285WA000000121325
B2217404848443N11926293WA000000121350
B2217414848452N11926296WA000000121497
B2217424848462N11926297WA000000121596
B2217434848473N11926296WA000000121381
B2217444848483N11926292WA000000121280
B2217454848492N11926284WA000000121259
B2217464848500N11926277WA000000121244
B2217474848506N11926268WA000000121170
B2217484848511N11926257WA000000121090
B2217494848515N11926245WA000000120858
B2217504848518N11926235WA000000120911
B2217514848519N11926224WA000000121038
B2217524848520N11926214WA000000121050
B2217534848521N11926204WA000000120970
B2217544848522N11926194WA000000120824
B2217554848523N11926185WA000000120806
B2217564848523N11926177WA000000120861
B2217574848524N11926169WA000000120765
B2217584848526N11926161WA000000120771
B2217594848528N11926152WA000000120511
B2218004848528N11926143WA000000120579
B2218014848530N11926136WA000000120607
B2218024848532N11926130WA000000120732
B2218034848534N11926123WA000000120998
B2218044848538N11926117WA000000121007
B2218054848541N11926110WA000000120918
B2218064848544N11926103WA000000120937
LXCTACTIVITY OTHER 77
B2218074848546N11926096WA000000120637
B2218084848546N11926090WA000000120488
B2218094848546N11926086WA000000120094
B2218104848545N11926088WA000000119600
B2218114848544N11926091WA000000119307
B2218124848545N11926097WA000000119247
B2218134848548N11926104WA000000119134
B2218144848552N11926110WA000000119176
B2218154848557N11926116WA000000119171
B2218164848562N11926121WA000000119260
B2218174848567N11926125WA000000119278
B2218184848572N11926131WA000000119182
B2218194848578N11926136WA000000119115
B2218204848585N11926141WA000000119087
B2218214848594N11926147WA000000118833
B2218224848603N11926150WA000000118636
B2218234848612N11926152WA000000118571
B2218244848624N11926151WA000000118512
B2218254848635N11926150WA000000118333
B2218264848646N11926151WA000000118073
B2218274848658N11926152WA000000117922
B2218284848668N11926152WA000000117887
B2218294848680N11926153WA000000117723
B2218304848691N11926154WA000000117745
B2218314848703N11926155WA000000117792
B2218324848715N11926157WA000000117883
B2218334848726N11926159WA000000117913
B2218344848735N11926161WA000000118248
B2218354848744N11926163WA000000118372
B2218364848754N11926163WA000000118363
B2218374848765N11926158WA000000118205
B2218384848773N11926147WA000000117916
LXCTACTIVITY STILL 53
B2218394848776N11926135WA000000117580
B2218404848776N11926123WA000000117345
B2218414848775N11926117WA000000117664
B2218424848775N11926117WA000000118013
B2218434848775N11926120WA000000118293
B2218444848778N11926125WA000000118442
B2218454848783N11926130WA000000118749
B2218464848789N11926136WA000000118906
B2218474848797N11926141WA000000119036
B2218484848806N11926145WA000000118719
B2218494848818N11926143WA000000118604
B2218504848828N11926135WA000000118350
B2218514848838N11926125WA000000118327
B2218524848845N11926117WA000000118337
B2218534848851N11926108WA000000118486
B2218544848858N11926099WA000000118654
B2218554848864N11926089WA000000118554
B2218564848867N11926078WA000000118771
B2218574848869N11926068WA000000118653
B2218584848868N11926063WA000000118560
B2218594848867N11926063WA000000131994
B2219004848868N11926068WA000000126997
B2219014848874N11926076WA000000124223
B2219024848883N11926082WA000000122766
B2219034848895N11926083WA000000121818
B2219044848907N11926081WA000000121350
B2219054848918N11926075WA000000135896
B2219064848928N11926069WA000000129786
B2219074848937N11926062WA000000126764
B2219084848945N11926053WA000000124926
B2219094848952N11926042WA000000139128
B2219104848957N11926030WA000000131742
B2219114848960N11926019WA000000127614
B2219124848960N11926011WA000000125691
B2219134848960N11926008WA000000123331
B2219144848960N11926009WA000000122016
B2219154848961N11926014WA000000121302
B2219164848963N11926019WA000000120737
B2219174848966N11926024WA000000120696
B2219184848972N11926029WA000000120713
B2219194848979N11926034WA000000120720
B2219204848988N11926038WA000000120514
B2219214848997N11926041WA000000120596
B2219224849008N11926043WA000000120609
B2219234849018N11926043WA000000120746
B2219244849027N11926041WA000000120735
B2219254849036N11926038WA000000120552
B2219264849046N11926034WA000000120456
B2219274849057N11926031WA000000120067
B2219284849069N11926029WA000000119786
B2219294849081N11926028WA000000119540
B2219304849091N11926026WA000000119451
B2219314849100N11926024WA000000119341
B2219324849110N11926021WA000000119309
B2219334849119N11926020WA000000119226
B2219344849129N11926020WA000000119147
B2219354849141N11926019WA000000119034
B2219364849153N11926018WA000000118752
B2219374849165N11926014WA000000118678
B2219384849177N11926011WA000000118510
B2219394849187N11926006WA000000118705
B2219404849194N11926002WA000000119176
B2219414849201N11925998WA000000119427
B2219424849207N11925995WA000000119442
B2219434849214N11925991WA000000119464
B2219444849223N11925988WA000000119204
B2219454849232N11925986WA000000118757
B2219464849241N11925987WA000000118334
B2219474849249N11925987WA000000118143
B2219484849256N11925985WA000000118169
B2219494849263N11925985WA000000118060
B2219504849271N11925983WA000000117935
B2219514849279N11925982WA000000117793
B2219524849288N11925982WA000000117536
B2219534849296N11925981WA000000117383
B2219544849305N11925981WA000000117071
B2219554849314N11925980WA000000116801
B2219564849321N11925978WA000000116777
B2219574849329N11925977WA000000116416
B2219584849338N11925975WA000000116270
B2219594849349N11925971WA000000115459
B2220004849361N11925966WA000000114723
B2220014849372N11925958WA000000132168
B2220024849382N11925949WA000000125088
B2220034849392N11925940WA000000121338
B2220044849400N11925932WA000000119295
B2220054849408N11925925WA000000117940
B2220064849416N11925918WA000000116811
B2220074849425N11925910WA000000115825
B2220084849435N11925902WA000000114903
B2220094849444N11925894WA000000117763
B2220104849454N11925885WA000000115476
B2220114849465N11925877WA000000114115
B2220124849474N11925870WA000000113266
B2220134849484N11925864WA000000132790
B2220144849495N11925857WA000000124216
B2220154849505N11925851WA000000119420
B2220164849516N11925844WA000000116416
B2220174849527N11925837WA000000114461
B2220184849539N11925828WA000000112829
B2220194849550N11925820WA000000111747
B2220204849561N11925812WA000000111013
B2220214849571N11925804WA000000110540
B2220224849581N11925795WA000000110239
B2220234849590N11925788WA000000109790
B2220244849601N11925780WA000000109213
B2220254849611N11925772WA000000108568
B2220264849622N11925764WA000000107973
B2220274849634N11925754WA000000107419
B2220284849645N11925746WA000000107142
B2220294849656N11925736WA000000106836
B2220304849667N11925727WA000000106623
B2220314849677N11925718WA000000106569
B2220324849687N11925710WA000000106479
B2220334849697N11925702WA000000106331
B2220344849707N11925693WA000000106025
B2220354849717N11925684WA000000105702
B2220364849726N11925674WA000000105591
B2220374849737N11925662WA000000105239
B2220384849747N11925652WA000000104958
B2220394849758N11925643WA000000104600
B2220404849767N11925633WA000000104585
B2220414849777N11925623WA000000104372
B2220424849787N11925612WA000000104350
B2220434849797N11925603WA000000104200
B2220444849807N11925593WA000000104205
B2220454849816N11925585WA000000104132
B2220464849825N11925577WA000000104033
B2220474849834N11925568WA000000104077
B2220484849843N11925559WA000000103907
B2220494849851N11925551WA000000103739
B2220504849859N11925542WA000000103680
B2220514849868N11925532WA000000103709
B2220524849876N11925523WA000000103709
B2220534849884N11925515WA000000103523
B2220544849892N11925505WA000000103579
B2220554849899N11925497WA000000103580
B2220564849907N11925487WA000000103749
B2220574849915N11925478WA000000103704
B2220584849922N11925468WA000000103677
B2220594849930N11925459WA000000103596
B2221004849940N11925449WA000000103532
B2221014849948N11925439WA000000103455
B2221024849956N11925429WA000000103287
B2221034849965N11925420WA000000103116
B2221044849973N11925411WA000000103042
B2221054849982N11925402WA000000102903
B2221064849990N11925393WA000000102865
B2221074849998N11925385WA000000102981
B2221084850006N11925376WA000000102853
B2221094850013N11925367WA000000102757
B2221104850021N11925359WA000000102532
B2221114850030N11925350WA000000102437
B2221124850040N11925341WA000000101851
B2221134850050N11925331WA000000101453
B2221144850061N11925319WA000000101138
B2221154850071N11925309WA000000100800
B2221164850081N11925297WA000000100518
B2221174850091N11925287WA000000100354
B2221184850102N11925277WA000000099901
B2221194850112N11925266WA000000099727
B2221204850122N11925255WA000000099529
B2221214850132N11925245WA000000099136
B2221224850142N11925235WA000000098843
B2221234850152N11925223WA000000098536
B2221244850162N11925211WA000000098053
B2221254850173N11925198WA000000097719
B2221264850183N11925186WA000000097471
B2221274850194N11925175WA000000097235
B2221284850204N11925163WA000000097229
B2221294850214N11925153WA000000097108
B2221304850224N11925144WA000000097136
B2221314850234N11925134WA000000096952
B2221324850245N11925124WA000000096566
B2221334850256N11925113WA000000096129
B2221344850266N11925103WA000000096052
B2221354850276N11925092WA000000096029
B2221364850285N11925083WA000000096071
B2221374850295N11925073WA000000096000
B2221384850304N11925064WA000000095933
B2221394850314N11925055WA000000095803
B2221404850323N11925045WA000000095536
B2221414850334N11925036WA000000095406
B2221424850343N11925026WA000000095291
B2221434850353N11925016WA000000095082
B2221444850363N11925005WA000000094956
B2221454850373N11924994WA000000094919
B2221464850383N11924984WA000000094707
B2221474850392N11924974WA000000094668
B2221484850402N11924964WA000000094434
B2221494850412N11924954WA000000094334
B2221504850422N11924944WA000000094215
B2221514850432N11924933WA000000094288
B2221524850442N11924923WA000000094042
B2221534850452N11924912WA000000093907
B2221544850461N11924903WA000000093972
B2221554850471N11924893WA000000093822
B2221564850480N11924882WA000000093744
B2221574850489N11924872WA000000093546
B2221584850498N11924862WA000000093491
B2221594850508N11924852WA000000093330
B2222004850517N11924839WA000000093388
B2222014850527N11924829WA000000093227
B2222024850536N11924818WA000000093106
B2222034850545N11924807WA000000093118
B2222044850554N11924797WA000000093113
B2222054850563N11924786WA000000093248
B2222064850572N11924776WA000000093249
B2222074850581N11924766WA000000093255
B2222084850590N11924754WA000000093219
B2222094850599N11924743WA000000093033
B2222104850608N11924732WA000000092930
B2222114850618N11924721WA000000092937
B2222124850628N11924711WA000000092912
B2222134850637N11924700WA000000092827
B2222144850646N11924690WA000000092858
B2222154850655N11924679WA000000092779
B2222164850665N11924669WA000000092721
B2222174850674N11924658WA000000092775
B2222184850683N11924648WA000000092835
B2222194850691N11924639WA000000093148
B2222204850699N11924631WA000000093315
B2222214850706N11924623WA000000093385
B2222224850714N11924614WA000000093279
B2222234850722N11924605WA000000093166
B2222244850730N11924596WA000000092984
B2222254850738N11924588WA000000092799
B2222264850747N11924581WA000000092715
B2222274850755N11924574WA000000092658
B2222284850763N11924567WA000000092499
B2222294850772N11924561WA000000092380
B2222304850782N11924553WA000000092127
B2222314850792N11924546WA000000092000
B2222324850801N11924539WA000000092020
B2222334850809N11924531WA000000092035
B2222344850817N11924524WA000000092082
B2222354850826N11924516WA000000091912
B2222364850835N11924507WA000000091847
B2222374850844N11924499WA000000091797
B2222384850854N11924492WA000000091670
B2222394850864N11924485WA000000091600
B2222404850872N11924478WA000000091853
B2222414850881N11924471WA000000091948
B2222424850889N11924465WA000000092063
B2222434850898N11924458WA000000091937
B2222444850907N11924451WA000000091718
B2222454850917N11924444WA000000091522
B2222464850926N11924435WA000000091292
B2222474850936N11924427WA000000091231
B2222484850945N11924418WA000000091255
B2222494850954N11924409WA000000091246
B2222504850963N11924400WA000000091425
B2222514850970N11924393WA000000091786
B2222524850977N11924388WA000000092094
B2222534850985N11924383WA000000092225
B2222544850992N11924377WA000000092364
B2222554850999N11924371WA000000092291
B2222564851008N11924362WA000000092222
B2222574851015N11924352WA000000092279
B2222584851023N11924344WA000000092232
B2222594851031N11924336WA000000092518
B2223004851038N11924330WA000000092755
B2223014851046N11924323WA000000092835
B2223024851054N11924315WA000000093025
B2223034851062N11924307WA000000093133
B2223044851070N11924297WA000000093176
B2223054851079N11924288WA000000093335
B2223064851087N11924279WA000000093476
B2223074851096N11924270WA000000093604
B2223084851103N11924261WA000000093882
B2223094851111N11924252WA000000093959
B2223104851119N11924244WA000000094020
B2223114851127N11924235WA000000094061
B2223124851136N11924226WA000000093982
B2223134851145N11924218WA000000094050
B2223144851154N11924209WA000000094210
B2223154851161N11924201WA000000094336
B2223164851168N11924193WA000000094515
B2223174851175N11924185WA000000094748
B2223184851182N11924179WA000000094730
B2223194851190N11924171WA000000094503
B2223204851198N11924163WA000000094320
B2223214851207N11924154WA000000094083
B2223224851217N11924145WA000000093643
B2223234851227N11924136WA000000093460
B2223244851237N11924126WA000000093455
B2223254851247N11924117WA000000093406
B2223264851255N11924111WA000000093631
B2223274851263N11924104WA000000093695
B2223284851273N11924096WA000000093604
B2223294851282N11924087WA000000093612
B2223304851290N11924077WA000000093580
B2223314851300N11924068WA000000093558
B2223324851309N11924060WA000000093573
B2223334851318N11924051WA000000093549
B2223344851327N11924044WA000000093532
B2223354851335N11924035WA000000093414
B2223364851343N11924027WA000000093338
B2223374851351N11924019WA000000093106
B2223384851359N11924011WA000000093131
B2223394851367N11924002WA000000093189
B2223404851375N11923994WA000000093166
B2223414851384N11923986WA000000093220
B2223424851392N11923977WA000000093284
B2223434851400N11923968WA000000093359
B2223444851408N11923960WA000000093463
B2223454851416N11923953WA000000093344
B2223464851425N11923946WA000000093321
B2223474851434N11923939WA000000093244
B2223484851446N11923933WA000000093228
B2223494851456N11923928WA000000093386
B2223504851467N11923923WA000000093332
B2223514851476N11923919WA000000093590
B2223524851486N11923915WA000000093861
B2223534851496N11923911WA000000093884
B2223544851507N11923907WA000000093918
B2223554851517N11923904WA000000094044
B2223564851527N11923900WA000000094327
B2223574851537N11923897WA000000094601
B2223584851547N11923892WA000000094828
B2223594851558N11923889WA000000095000
B2224004851569N11923885WA000000095004
B2224014851580N11923881WA000000095097
B2224024851593N11923877WA000000095135
B2224034851605N11923874WA000000095309
B2224044851616N11923872WA000000095652
B2224054851627N11923869WA000000095881
B2224064851638N11923865WA000000096079
B2224074851649N11923862WA000000096267
B2224084851661N11923858WA000000096269
B2224094851673N11923856WA000000096040
B2224104851685N11923852WA000000095940
B2224114851696N11923848WA000000095992
B2224124851708N11923844WA000000096021
B2224134851719N11923840WA000000096182
B2224144851730N11923837WA000000096180
B2224154851742N11923834WA000000096251
B2224164851754N11923831WA000000096103
B2224174851766N11923828WA000000096105
B2224184851777N11923826WA000000096055
B2224194851789N11923824WA000000096097
B2224204851802N11923823WA000000096116
B2224214851813N11923822WA000000096286
B2224224851825N11923821WA000000096263
B2224234851837N11923818WA000000096228
B2224244851848N11923816WA000000096260
B2224254851860N11923813WA000000096151
B2224264851872N11923810WA000000096099
B2224274851885N11923808WA000000095881
B2224284851898N11923805WA000000095584
B2224294851911N11923802WA000000095376
B2224304851923N11923800WA000000095193
B2224314851936N11923796WA000000095175
B2224324851949N11923792WA000000094922
B2224334851962N11923787WA000000094907
B2224344851974N11923783WA000000094850
B2224354851987N11923778WA000000094704
B2224364851999N11923773WA000000094675
B2224374852011N11923768WA000000094467
B2224384852024N11923764WA000000094302
B2224394852035N11923759WA000000094278
B2224404852048N11923755WA000000094163
B2224414852060N11923751WA000000094137
B2224424852072N11923748WA000000093978
B2224434852085N11923746WA000000093913
B2224444852097N11923743WA000000093857
B2224454852109N11923741WA000000093728
B2224464852121N11923740WA000000093528
B2224474852133N11923739WA000000093427
B2224484852144N11923739WA000000093335
B2224494852156N11923739WA000000093213
B2224504852167N11923739WA000000093279
B2224514852179N11923740WA000000093031
B2224524852191N11923740WA000000092835
B2224534852202N11923741WA000000092761
B2224544852213N11923742WA000000092785
B2224554852224N11923744WA000000092848
B2224564852234N11923747WA000000092847
B2224574852244N11923750WA000000092874
B2224584852254N11923754WA000000092684
B2224594852265N11923758WA000000092515
B2225004852275N11923762WA000000092347
B2225014852285N11923767WA000000092344
B2225024852295N11923772WA000000092397
B2225034852306N11923776WA000000092234
B2225044852316N11923779WA000000092259
B2225054852326N11923783WA000000092195
LXCTACTIVITY OTHER 79
B2225064852337N11923787WA000000092166
B2225074852348N11923791WA000000092035
B2225084852360N11923794WA000000092009
B2225094852370N11923798WA000000092036
B2225104852380N11923802WA000000092013
B2225114852389N11923805WA000000092086
B2225124852398N11923810WA000000091974
B2225134852408N11923813WA000000091957
B2225144852418N11923817WA000000091967
B2225154852428N11923822WA000000092202
B2225164852437N11923824WA000000092239
B2225174852445N11923827WA000000092306
B2225184852452N11923830WA000000092694
B2225194852462N11923832WA000000092769
B2225204852470N11923837WA000000092942
B2225214852479N11923842WA000000093001
B2225224852487N11923846WA000000093269
B2225234852496N11923851WA000000093218
B2225244852504N11923856WA000000093395
B2225254852514N11923862WA000000093472
B2225264852524N11923867WA000000093476
B2225274852534N11923873WA000000093415
B2225284852543N11923876WA000000093593
B2225294852552N11923880WA000000093692
B2225304852561N11923885WA000000093751
B2225314852570N11923889WA000000093673
B2225324852580N11923893WA000000093526
B2225334852589N11923899WA000000093536
B2225344852598N11923904WA000000093397
B2225354852608N11923909WA000000093208
B2225364852617N11923914WA000000093228
B2225374852626N11923920WA000000093124
B2225384852635N11923926WA000000093212
B2225394852643N11923932WA000000093246
B2225404852652N11923939WA000000093313
B2225414852660N11923946WA000000093356
B2225424852668N11923952WA000000093539
B2225434852676N11923959WA000000093761
B2225444852685N11923964WA000000093705
B2225454852693N11923970WA000000093853
B2225464852702N11923976WA000000093832
B2225474852711N11923982WA000000093720
B2225484852719N11923990WA000000093861
B2225494852728N11923998WA000000093841
B2225504852737N11924006WA000000093885
B2225514852746N11924014WA000000093871
B2225524852754N11924022WA000000093963
B2225534852762N11924029WA000000093982
B2225544852770N11924037WA000000093951
B2225554852778N11924044WA000000094071
B2225564852787N11924050WA000000094076
B2225574852796N11924056WA000000094099
B2225584852806N11924062WA000000093936
B2225594852815N11924067WA000000094069
B2226004852825N11924073WA000000093914
B2226014852834N11924079WA000000094056
B2226024852844N11924086WA000000094001
B2226034852853N11924093WA000000094110
B2226044852862N11924100WA000000094314
B2226054852870N11924108WA000000094562
B2226064852878N11924115WA000000094761
B2226074852885N11924122WA000000094981
B2226084852893N11924127WA000000095169
B2226094852903N11924134WA000000095117
B2226104852912N11924141WA000000095102
B2226114852921N11924149WA000000095114
B2226124852931N11924156WA000000095082
B2226134852941N11924162WA000000095469
B2226144852951N11924168WA000000095645
B2226154852960N11924174WA000000096090
B2226164852971N11924179WA000000096211
B2226174852981N11924184WA000000096446
B2226184852991N11924190WA000000096378
B2226194853002N11924197WA000000096243
B2226204853013N11924203WA000000096126
B2226214853024N11924210WA000000096117
B2226224853034N11924217WA000000096365
B2226234853045N11924224WA000000096418
B2226244853055N11924230WA000000096604
B2226254853064N11924235WA000000096768
B2226264853074N11924240WA000000096786
B2226274853085N11924246WA000000096864
B2226284853096N11924251WA000000096746
B2226294853107N11924256WA000000096781
B2226304853119N11924261WA000000096610
B2226314853131N11924266WA000000096615
B2226324853142N11924272WA000000096892
B2226334853153N11924277WA000000096971
B2226344853164N11924282WA000000097125
B2226354853174N11924287WA000000097302
B2226364853184N11924291WA000000097439
B2226374853194N11924297WA000000097570
B2226384853204N11924302WA000000097651
B2226394853215N11924307WA000000097555
B2226404853226N11924312WA000000097587
B2226414853238N11924318WA000000097527
B2226424853249N11924325WA000000097610
B2226434853259N11924331WA000000097761
B2226444853270N11924336WA000000097837
B2226454853281N11924341WA000000097823
B2226464853291N11924344WA000000097723
B2226474853302N11924347WA000000097717
B2226484853312N11924351WA000000097593
B2226494853323N11924355WA000000097448
B2226504853334N11924360WA000000097270
B2226514853345N11924366WA000000097130
B2226524853356N11924371WA000000096914
B2226534853366N11924375WA000000096996
B2226544853378N11924379WA000000097043
B2226554853388N11924382WA000000097099
B2226564853400N11924387WA000000097200
B2226574853411N11924391WA000000097243
B2226584853423N11924396WA000000096944
B2226594853435N11924401WA000000096843
B2227004853447N11924407WA000000096645
B2227014853459N11924413WA000000096440
B2227024853471N11924417WA000000096239
B2227034853483N11924424WA000000096211
B2227044853495N11924430WA000000096230
B2227054853507N11924435WA000000096102
B2227064853519N11924440WA000000096027
B2227074853531N11924446WA000000095902
B2227084853542N11924452WA000000095837
B2227094853553N11924458WA000000095778
B2227104853565N11924464WA000000095505
B2227114853577N11924470WA000000095405
B2227124853588N11924476WA000000095318
B2227134853599N11924482WA000000095076
B2227144853611N11924488WA000000094789
B2227154853624N11924496WA000000094502
B2227164853636N11924502WA000000094311
B2227174853648N11924507WA000000094109
B2227184853659N11924514WA000000094065
B2227194853672N11924519WA000000094006
B2227204853684N11924525WA000000093819
B2227214853694N11924532WA000000093668
B2227224853705N11924539WA000000093589
B2227234853717N11924546WA000000093520
B2227244853730N11924552WA000000093401
B2227254853741N11924558WA000000093432
B2227264853752N11924564WA000000093526
B2227274853763N11924570WA000000093575
B2227284853774N11924575WA000000093678
B2227294853785N11924580WA000000093655
B2227304853796N11924584WA000000093792
B2227314853807N11924587WA000000093675
B2227324853818N11924591WA000000093773
B2227334853829N11924596WA000000093562
B2227344853840N11924601WA000000093388
B2227354853853N11924607WA000000093109
B2227364853865N11924613WA000000092832
B2227374853877N11924618WA000000092785
B2227384853889N11924623WA000000092772
B2227394853901N11924628WA000000092692
B2227404853914N11924633WA000000092524
B2227414853926N11924638WA000000092376
B2227424853938N11924644WA000000092234
B2227434853950N11924649WA000000092144
B2227444853962N11924654WA000000092164
B2227454853974N11924659WA000000092036
B2227464853986N11924664WA000000091813
B2227474853998N11924668WA000000091714
B2227484854010N11924673WA000000091762
B2227494854023N11924677WA000000091464
B2227504854036N11924682WA000000091303
B2227514854048N11924687WA000000091171
B2227524854061N11924692WA000000090865
B2227534854074N11924698WA000000090603
B2227544854087N11924703WA000000090306
B2227554854099N11924709WA000000090174
B2227564854112N11924713WA000000089929
B2227574854125N11924719WA000000089750
B2227584854138N11924723WA000000089414
B2227594854151N11924728WA000000089205
B2228004854163N11924733WA000000088991
B2228014854176N11924737WA000000088784
B2228024854189N11924742WA000000088577
B2228034854203N11924748WA000000088206
B2228044854215N11924754WA000000088166
B2228054854229N11924759WA000000087909
B2228064854242N11924766WA000000087860
B2228074854254N11924771WA000000087699
B2228084854268N11924777WA000000087587
B2228094854282N11924783WA000000087205
B2228104854294N11924789WA000000087106
B2228114854307N11924794WA000000087122
B2228124854319N11924797WA000000086958
B2228134854331N11924802WA000000086939
B2228144854344N11924807WA000000086797
B2228154854357N11924813WA000000086574
B2228164854370N11924819WA000000086264
B2228174854382N11924826WA000000086085
B2228184854395N11924833WA000000085838
B2228194854408N11924841WA000000085441
B2228204854420N11924848WA000000085269
B2228214854433N11924856WA000000084866
B2228224854446N11924864WA000000084481
B2228234854460N11924871WA000000084226
B2228244854473N11924879WA000000084152
B2228254854487N11924886WA000000083906
B2228264854499N11924894WA000000083774
B2228274854512N11924902WA000000083564
B2228284854525N11924909WA000000083297
B2228294854539N11924917WA000000083050
B2228304854553N11924924WA000000082765
B2228314854567N11924932WA000000082491
B2228324854582N11924939WA000000082201
B2228334854596N11924945WA000000082109
B2228344854610N11924952WA000000082005
B2228354854624N11924959WA000000081821
B2228364854637N11924965WA000000081644
B2228374854651N11924971WA000000081326
B2228384854665N11924978WA000000081004
B2228394854679N11924985WA000000080830
B2228404854693N11924992WA000000080586
B2228414854708N11924999WA000000080104
B2228424854722N11925006WA000000079927
B2228434854735N11925014WA000000079642
B2228444854749N11925021WA000000079611
B2228454854762N11925027WA000000079493
B2228464854776N11925033WA000000079269
B2228474854790N11925040WA000000078936
B2228484854804N11925047WA000000078655
B2228494854818N11925053WA000000078595
B2228504854833N11925059WA000000078511
B2228514854846N11925065WA000000078474
B2228524854860N11925071WA000000078316
B2228534854873N11925077WA000000078257
B2228544854886N11925083WA000000077895
B2228554854901N11925089WA000000077503
B2228564854914N11925094WA000000077394
B2228574854929N11925099WA000000077185
B2228584854944N11925104WA000000076716
B2228594854958N11925110WA000000076453
B2229004854972N11925115WA000000076528
B2229014854985N11925120WA000000076509
B2229024854996N11925125WA000000076672
B2229034855006N11925128WA000000076664
B2229044855016N11925130WA000000076716
B2229054855025N11925133WA000000076901
B2229064855034N11925136WA000000076882
B2229074855045N11925140WA000000076311
B2229084855056N11925144WA000000076075
B2229094855067N11925149WA000000075997
B2229104855079N11925154WA000000075705
B2229114855089N11925158WA000000075698
B2229124855099N11925164WA000000075562
B2229134855109N11925170WA000000075460
B2229144855119N11925176WA000000075313
B2229154855129N11925182WA000000075021
B2229164855139N11925188WA000000075091
B2229174855150N11925194WA000000075051
B2229184855159N11925199WA000000075062
B2229194855169N11925205WA000000074813
B2229204855178N11925211WA000000074745
B2229214855187N11925218WA000000074656
B2229224855195N11925226WA000000074676
B2229234855203N11925235WA000000074572
B2229244855211N11925243WA000000074485
B2229254855218N11925250WA000000074387
B2229264855226N11925257WA000000074219
B2229274855232N11925264WA000000074043
B2229284855239N11925271WA000000073875
B2229294855246N11925278WA000000073784
B2229304855255N11925285WA000000073648
B2229314855263N11925292WA000000073338
B2229324855270N11925301WA000000073298
B2229334855278N11925310WA000000073072
B2229344855286N11925317WA000000072974
B2229354855294N11925324WA000000072876
B2229364855302N11925331WA000000072940
B2229374855310N11925337WA000000072704
B2229384855317N11925344WA000000072565
B2229394855325N11925352WA000000072450
B2229404855333N11925359WA000000072418
B2229414855340N11925367WA000000072553
B2229424855348N11925373WA000000072617
B2229434855355N11925379WA000000072847
B2229444855362N11925385WA000000072854
B2229454855370N11925391WA000000072700
B2229464855377N11925398WA000000072730
B2229474855385N11925402WA000000072576
B2229484855393N11925408WA000000072574
B2229494855401N11925415WA000000072443
LXCTACTIVITY STILL 50
B2229504855407N11925423WA000000072382
B2229514855412N11925431WA000000072371
B2229524855416N11925437WA000000072343
B2229534855420N11925443WA000000072535
B2229544855424N11925449WA000000072782
B2229554855429N11925454WA000000093658
B2229564855434N11925461WA000000086440
B2229574855440N11925468WA000000083156
B2229584855446N11925475WA000000079963
B2229594855452N11925482WA000000078362
B2230004855458N11925488WA000000078034
B2230014855463N11925496WA000000077790
B2230024855470N11925501WA000000077146
B2230034855476N11925506WA000000076149
B2230044855482N11925513WA000000075221
B2230054855488N11925519WA000000074825
LXCTACTIVITY OTHER 77
B2230064855493N11925526WA000000074750
B2230074855498N11925533WA000000074470
B2230084855503N11925540WA000000074377
B2230114855518N11925560WA000000074306
B2230124855522N11925566WA000000100227
B2230134855526N11925572WA000000092288
B2230144855532N11925578WA000000088400
B2230154855536N11925583WA000000085167
B2230164855542N11925590WA000000082625
B2230174855547N11925597WA000000080505
B2230184855552N11925605WA000000079711
B2230194855556N11925612WA000000078661
B2230204855561N11925618WA000000077546
B2230214855566N11925624WA000000077503
B2230224855571N11925629WA000000077317
B2230234855576N11925635WA000000076639
B2230244855580N11925642WA000000076492
B2230254855586N11925650WA000000075704
B2230264855590N11925659WA000000075283
B2230274855595N11925667WA000000075045
B2230284855600N11925674WA000000074843
B2230294855605N11925680WA000000074760
B2230304855611N11925685WA000000074706
B2230314855616N11925691WA000000074645
B2230324855623N11925697WA000000074705
B2230334855629N11925703WA000000074439
B2230344855635N11925710WA000000074353
B2230354855641N11925716WA000000074257
B2230364855647N11925722WA000000074099
B2230374855653N11925728WA000000073987
B2230384855660N11925735WA000000073944
B2230394855665N11925741WA000000073989
B2230404855670N11925746WA000000073888
B2230414855675N11925752WA000000073926
B2230424855680N11925758WA000000073825
B2230434855685N11925765WA000000073731
B2230444855690N11925772WA000000073631
B2230454855695N11925779WA000000073374
B2230464855701N11925786WA000000073229
B2230474855706N11925794WA000000073169
B2230484855712N11925802WA000000073117
B2230494855717N11925807WA000000073120
B2230504855721N11925812WA000000073202
B2230514855726N11925816WA000000073420
B2230524855731N11925820WA000000073332
B2230534855736N11925824WA000000073322
LXCTACTIVITY STILL 51
B2230544855741N11925828WA000000073103
B2230554855745N11925833WA000000072942
B2230564855749N11925838WA000000072789
B2230574855755N11925844WA000000072748
B2230584855760N11925850WA000000072595
B2230594855767N11925856WA000000072402
B2231004855772N11925861WA000000072504
B2231014855778N11925865WA000000072468
B2231024855783N11925870WA000000072093
B2231034855789N11925875WA000000071996
B2231044855795N11925880WA000000071958
B2231054855802N11925886WA000000071815
B2231064855808N11925891WA000000071663
B2231074855814N11925895WA000000071609
B2231084855818N11925900WA000000071590
B2231094855823N11925905WA000000071361
B2231104855829N11925910WA000000071208
B2231114855835N11925916WA000000071048
B2231124855841N11925922WA000000071060
B2231134855845N11925926WA000000071090
B2231144855848N11925930WA000000071172
B2231154855849N11925934WA000000070995
B2231164855849N11925938WA000000070762
B2231174855848N11925939WA000000070774
B2231184855847N11925938WA000000070603
B2231194855845N11925935WA000000070535
B2231204855844N11925932WA000000070507
B2231214855842N11925930WA000000070643
B2231224855841N11925927WA000000070664
B2231234855840N11925923WA000000070790
B2231244855840N11925917WA000000070526
B2231254855838N11925913WA000000070584
B2231264855837N11925910WA000000070361
B2231274855835N11925908WA000000070266
B2231284855833N11925908WA000000070101
B2231294855830N11925907WA000000070088
LXCTACTIVITY OTHER 79
B2231304855829N11925907WA000000069854
B2231314855828N11925907WA000000069685
B2231324855827N11925907WA000000069365
B2231334855825N11925907WA000000069291
B2231344855824N11925906WA000000069128
B2231354855822N11925905WA000000069183
B2231364855821N11925903WA000000069068
B2231374855820N11925902WA000000069090
B2231384855820N11925900WA000000069133
B2231394855819N11925898WA000000069151
B2231404855819N11925896WA000000068915
B2231414855819N11925895WA000000068713
B2231424855819N11925894WA000000068519
B2231434855818N11925895WA000000068692
B2231444855818N11925895WA000000068758
B2231454855817N11925897WA000000068690
B2231464855816N11925898WA000000068781
B2231474855815N11925899WA000000068792
B2231484855815N11925900WA000000068832
B2231494855815N11925901WA000000068941
B2231504855815N11925903WA000000068903
B2231514855814N11925906WA000000068697
B2231524855814N11925912WA000000068437
B2231534855814N11925917WA000000068302
B2231544855814N11925921WA000000068400
B2231554855815N11925924WA000000068505
B2231564855816N11925926WA000000068585
B2231574855817N11925926WA000000068736
B2231584855819N11925925WA000000068527
B2231594855819N11925922WA000000068421
B2232004855819N11925918WA000000068378
B2232014855820N11925917WA000000068307
B2232024855821N11925919WA000000068611
B2232034855823N11925927WA000000068474
B2232044855824N11925931WA000000068288
B2232054855824N11925932WA000000068302
B2232064855822N11925926WA000000068235
B2232074855820N11925914WA000000067756
B2232084855818N11925907WA000000067655
B2232094855816N11925906WA000000067669
B2232104855817N11925913WA000000067393
B2232114855820N11925922WA000000066648
B2232124855823N11925932WA000000065883
B2232134855824N11925937WA000000066514
B2232144855823N11925940WA000000066486
B2232154855820N11925930WA000000066433
B2232164855818N11925923WA000000066241
B2232174855816N11925927WA000000066061
B2232184855818N11925933WA000000066072
LXCTACTIVITY STILL 86
B2232194855825N11925944WA000000065511
B2232204855830N11925953WA000000065491
B2232214855834N11925959WA000000065851
B2232224855833N11925962WA000000065778
B2232234855831N11925961WA000000065403
B2232244855828N11925957WA000000065128
B2232254855826N11925957WA000000065102
B2232264855825N11925957WA000000065374
B2232274855827N11925966WA000000065283
B2232284855830N11925974WA000000065030
B2232294855830N11925976WA000000064937
B2232304855829N11925977WA000000065102
B2232314855826N11925971WA000000065026
B2232324855823N11925966WA000000064795
B2232334855820N11925962WA000000064548
B2232344855819N11925967WA000000064537
B2232354855820N11925973WA000000064501
B2232364855821N11925977WA000000064614
B2232374855821N11925979WA000000064857
B2232384855821N11925978WA000000064683
B2232394855821N11925974WA000000064608
B2232404855819N11925972WA000000064785
B2232414855820N11925972WA000000064845
B2232424855821N11925973WA000000064966
B2232434855823N11925975WA000000065198
B2232444855825N11925978WA000000064924
B2232454855825N11925981WA000000065169
B2232464855825N11925985WA000000065195
B2232474855827N11925989WA000000065258
B2232484855829N11925997WA000000065183
B2232494855833N11926004WA000000064965
B2232504855840N11926011WA000000064827
B2232514855847N11926017WA000000064698
B2232524855858N11926021WA000000064641
B2232534855869N11926017WA000000064345
B2232544855877N11926008WA000000064186
B2232554855885N11925998WA000000063712
B2232564855876N11925993WA000000063280
B2232574855872N11925988WA000000063114
B2232584855872N11925993WA000000062624
B2232594855873N11925994WA000000063549
B2233004855875N11925995WA000000064072
B2233014855876N11925994WA000000064097
B2233024855878N11925994WA000000063831
B2233034855877N11925996WA000000063351
B2233044855876N11925999WA000000062807
B2233054855874N11926003WA000000062693
B2233064855873N11926005WA000000062697
B2233074855874N11926007WA000000062511
B2233084855874N11926008WA000000062583
B2233094855875N11926009WA000000062327
B2233104855875N11926011WA000000062282
B2233114855875N11926012WA000000062228
B2233124855874N11926014WA000000062166
B2233134855873N11926016WA000000062187
B2233144855873N11926019WA000000062021
B2233154855872N11926021WA000000062183
B2233164855872N11926022WA000000062166
B2233174855872N11926023WA000000062041
B2233184855872N11926023WA000000061902
B2233194855870N11926023WA000000061786
B2233204855869N11926023WA000000061521
B2233214855866N11926019WA000000061559
B2233224855864N11926018WA000000061480
B2233234855864N11926017WA000000061413
B2233244855863N11926016WA000000061487
B2233254855863N11926017WA000000061374
B2233264855863N11926018WA000000061236
B2233274855862N11926020WA000000061265
B2233284855861N11926023WA000000061253
B2233294855860N11926025WA000000061268
B2233304855860N11926027WA000000061252
B2233314855860N11926027WA000000061459
B2233324855860N11926028WA000000061485
B2233334855860N11926029WA000000061485
B2233344855859N11926030WA000000061496
B2233354855858N11926031WA000000061168
B2233364855857N11926032WA000000060985
B2233374855857N11926033WA000000060943
B2233384855857N11926034WA000000061059
B2233394855857N11926036WA000000061085
B2233404855858N11926036WA000000061169
B2233414855858N11926037WA000000061144
B2233424855858N11926030WA000000061108
B2233434855857N11926026WA000000061152
B2233444855856N11926024WA000000061091
B2233454855857N11926026WA000000061000
B2233464855857N11926030WA000000060936
B2233474855857N11926034WA000000060768
B2233484855856N11926035WA000000060782
B2233494855856N11926031WA000000060704
B2233504855855N11926027WA000000060674
B2233514855855N11926026WA000000060777
B2233524855856N11926030WA000000060504
B2233534855856N11926037WA000000060194
B2233544855857N11926043WA000000060116
B2233554855856N11926044WA000000060105
B2233564855855N11926040WA000000060121
B2233574855854N11926034WA000000060051
B2233584855853N11926031WA000000060074
B2233594855853N11926030WA000000060052
B2234004855853N11926029WA000000060073
B2234014855853N11926030WA000000059936
B2234024855852N11926038WA000000059992
B2234034855851N11926040WA000000060175
B2234044855849N11926035WA000000060171
B2234054855849N11926029WA000000059836
B2234064855847N11926030WA000000059801
B2234074855846N11926035WA000000059459
B2234084855846N11926042WA000000058956
B2234094855845N11926048WA000000058790
B2234104855843N11926046WA000000058552
B2234114855841N11926040WA000000058174
B2234124855840N11926037WA000000058130
B2234134855838N11926038WA000000058096
B2234144855838N11926041WA000000057842
B2234154855840N11926050WA000000057540
B2234164855839N11926054WA000000057493
B2234174855838N11926056WA000000057370
B2234184855836N11926046WA000000057266
B2234194855834N11926040WA000000056850
B2234204855833N11926038WA000000056645
B2234214855834N11926053WA000000056662
B2234224855834N11926061WA000000056150
B2234234855833N11926063WA000000056003
B2234244855830N11926064WA000000055591
B2234254855828N11926053WA000000054883
B2234264855825N11926048WA000000054609
B2234274855822N11926045WA000000054476
B2234284855826N11926056WA000000054270
B2234294855829N11926066WA000000053539
B2234304855829N11926072WA000000053463
B2234314855828N11926073WA000000053500
B2234324855825N11926069WA000000053073
B2234334855822N11926062WA000000052569
B2234344855822N11926060WA000000052317
B2234354855821N11926061WA000000052165
B2234364855820N11926061WA000000052386
B2234374855819N11926060WA000000052495
B2234384855818N11926059WA000000052223
B2234394855817N11926057WA000000051858
B2234404855815N11926058WA000000051590
B2234414855815N11926058WA000000051316
B2234424855814N11926058WA000000051044
B2234434855814N11926057WA000000050806
B2234444855813N11926057WA000000050898
B2234454855813N11926057WA000000050697
B2234464855814N11926054WA000000050455
B2234474855814N11926049WA000000050109
B2234484855812N11926046WA000000049983
B2234494855811N11926043WA000000049828
B2234504855810N11926042WA000000049721
B2234514855809N11926040WA000000049506
B2234524855809N11926032WA000000049422
B2234534855808N11926027WA000000049416
B2234544855807N11926023WA000000049382
B2234554855806N11926020WA000000049160
B2234564855805N11926019WA000000049076
B2234574855804N11926019WA000000048880
B2234584855804N11926018WA000000048612
B2234594855803N11926017WA000000048426
B2235004855801N11926015WA000000048279
B2235014855800N11926014WA000000047953
B2235024855798N11926012WA000000047679
B2235034855797N11926011WA000000047411
B2235044855796N11926005WA000000047092
B2235054855796N11925999WA000000047070
B2235064855796N11925994WA000000046850
B2235074855796N11925988WA000000046504
B2235084855796N11925983WA000000046327
B2235094855796N11925980WA000000046360
B2235104855796N11925976WA000000046205
B2235114855794N11925973WA000000046094
B2235124855794N11925970WA000000045720
B2235134855793N11925967WA000000045334
B2235144855792N11925964WA000000045022
B2235154855791N11925961WA000000044673
B2235164855790N11925958WA000000044494
B2235174855790N11925956WA000000044112
B2235184855789N11925954WA000000043717
B2235194855788N11925954WA000000043716
B2235204855787N11925957WA000000043502
B2235214855786N11925961WA000000043343
B2235224855786N11925964WA000000043255
B2235234855786N11925965WA000000043366
B2235244855785N11925965WA000000043185
B2235254855784N11925961WA000000042971
B2235264855784N11925961WA000000042901
B2235274855783N11925965WA000000042692
B2235284855784N11925970WA000000042325
B2235294855784N11925974WA000000041975
B2235304855783N11925976WA000000041992
B2235314855782N11925973WA000000041996
B2235324855781N11925969WA000000041758
B2235334855778N11925970WA000000041320
B2235344855776N11925972WA000000041084
B2235354855778N11925980WA000000040847
B2235364855778N11925985WA000000040939
B2235374855776N11925984WA000000040910
B2235384855774N11925982WA000000040641
B2235394855771N11925978WA000000040282
B2235404855770N11925978WA000000040388
B2235414855770N11925981WA000000040191
B2235424855775N11925991WA000000039850
B2235434855778N11925996WA000000039306
B2235444855779N11926001WA000000039658
B2235454855776N11925997WA000000039791
B2235464855775N11925994WA000000039127
B2235474855773N11925995WA000000038862
B2235484855774N11925998WA000000038562
B2235494855777N11926001WA000000038428
B2235504855779N11926004WA000000038399
B2235514855781N11926006WA000000038394
B2235524855783N11926006WA000000038078
B2235534855785N11926008WA000000037630
B2235544855787N11926010WA000000037201
B2235554855789N11926013WA000000036900
B2235564855790N11926017WA000000036565
B2235574855793N11926021WA000000036371
B2235584855798N11926025WA000000036210
B2235594855802N11926028WA000000036078
B2236004855807N11926034WA000000036006
B2236014855811N11926038WA000000036297
B2236024855815N11926042WA000000036125
B2236034855816N11926046WA000000036068
B2236044855815N11926050WA000000035965
B2236054855815N11926053WA000000035815
B2236064855814N11926052WA000000035898
B2236074855815N11926050WA000000035933
B2236084855816N11926045WA000000035707
B2236094855816N11926039WA000000035705
B2236104855816N11926032WA000000035618
B2236114855817N11926026WA000000035751
B2236124855818N11926019WA000000035708
B2236134855818N11926013WA000000035778
B2236144855819N11926007WA000000035618
B2236154855819N11926002WA000000035471
B2236164855819N11925996WA000000035353
B2236174855819N11925990WA000000035154
B2236184855820N11925983WA000000035026
B2236194855819N11925977WA000000034880
B2236204855819N11925971WA000000034562
B2236214855820N11925965WA000000034437
B2236224855821N11925959WA000000034326
B2236234855821N11925954WA000000034223
B2236244855821N11925949WA000000034072
B2236254855821N11925945WA000000033846
B2236264855821N11925942WA000000033699
B2236274855822N11925940WA000000033335
B2236284855822N11925940WA000000033396
B2236294855823N11925941WA000000033278
B2236304855823N11925942WA000000033153
B2236314855822N11925942WA000000032954
B2236324855821N11925943WA000000032743
B2236334855820N11925944WA000000032634
B2236344855819N11925945WA000000032593
B2236354855819N11925946WA000000032551
B2236364855818N11925946WA000000032083
B2236374855817N11925946WA000000031768
B2236384855817N11925945WA000000031202
B2236394855816N11925945WA000000031125
B2236404855816N11925946WA000000031171
B2236414855818N11925946WA000000031224
B2236424855819N11925946WA000000031127
B2236434855819N11925947WA000000031148
B2236444855820N11925949WA000000030735
B2236454855820N11925955WA000000030460
B2236464855823N11925960WA000000030275
B2236474855829N11925964WA000000030205
B2236484855832N11925969WA000000030123
B2236494855833N11925975WA000000030010
B2236504855833N11925978WA000000029927
B2236514855830N11925981WA000000029196
B2236524855828N11925983WA000000028982
B2236534855827N11925984WA000000028853
B2236544855827N11925985WA000000028811
B2236554855825N11925985WA000000028872
B2236564855824N11925984WA000000028736
B2236574855820N11925982WA000000028519
B2236584855815N11925981WA000000028399
B2236594855812N11925981WA000000028194
B2237004855810N11925981WA000000028220
B2237014855808N11925983WA000000028374
B2237024855807N11925984WA000000028361
B2237034855806N11925985WA000000028304
B2237044855804N11925986WA000000028484
B2237054855803N11925987WA000000028458
B2237064855802N11925989WA000000028353
B2237074855801N11925990WA000000028245
B2237084855800N11925991WA000000028222
B2237094855799N11925991WA000000028237
B2237104855798N11925992WA000000028232
B2237114855797N11925992WA000000028356
B2237124855797N11925992WA000000028317
B2237134855797N11925992WA000000028215
B2237144855797N11925992WA000000028226
B2237154855797N11925992WA000000028186
B2237164855798N11925992WA000000028106
B2237174855798N11925992WA000000028017
B2237184855798N11925992WA000000028128
B2237194855798N11925992WA000000028135
B2237204855798N11925992WA000000028136
B2237214855798N11925992WA000000028117
B2237224855798N11925992WA000000028104
B2237234855797N11925992WA000000028392
B2237244855797N11925992WA000000028283
B2237254855797N11925992WA000000028383
B2237264855797N11925992WA000000028294
LXCTSTATS eyJzdGF0cyI6eyJ0ZXJyYWluQm1wQ2FjaGUiOnsiYWxsb2MiOjEzMywiYWxsb2NGYW
LXCTSTATS lsIjowLCJtYXhzaXplIjoxMjgsIm1heHNpemVJbml0IjoxMjgsInJldXNlIjowfSwi
LXCTSTATS R1BTIjp7ImFsdEZpeEdlb2lkRGlmZiI6MTkuNjQyNzQyNjUwMzA0NTg3LCJhbHRGaX
LXCTSTATS hNZXRob2QiOnsiZGlmZkFwaUdlb2lkIjoxLCJkaWZmQXBpTm9Db3JyZWN0aW9uIjow
LXCTSTATS fSwiYXBpQ250IjoxLCJiZWFyaW5nQ29tcHV0ZWQiOjAsIm5tZWFDbnQiOjMwOTU4NS
LXCTSTATS wic3BlZWRDb21wdXRlZCI6MH19fQ==
LXCTFAICIVLCOMPLIANT false
G284A60CE6F17B489829375B37EF1B1888332631D57F6CCB9A4FD1ABAAA0ACC50
G00E52669E1D3348D7A64BC4AF3DA3974DD8B663987D1B9185279ADEF4D3F649F
G7129BDB77A3DF0BE329060EDCAE8F80C36FDAA38EAF17578CA436D389E4638E5
G8B8D18D927C72FC2AC41106CD086F431FE09167BEE98838A5067087F6B0BBFEF
