AXCT4bb34cd15e8b5891
HFFTYFRTYPE:Google Pixel 3 9
HFRFWFIRMWAREVERSION:0.8.2
HFPLTPILOTINCHARGE:Josh Cohn
HOSITSite:Chelan Butte
HSCCLCOMPETITION CLASS:FAI-3
HFGTYGLIDERTYPE:Flow Spectra
HODTM100GPSDATUM:WGS-84
HFALPALTPRESSURE:ISA
HFALG:GEO
HFDTEDATE:120719,03
LXCTDEVICE eyJjYXBhYmlsaXRpZXMiOnsibWVtQ2xhc3MiOjE5MiwibWVtTGFyZ2VDbGFzcyI6N
LXCTDEVICE TEyLCJuYW4iOnRydWV9LCJkZXZpY2UiOnsiYW5kcm9pZElkIjoiNGJiMzRjZDE1ZT
LXCTDEVICE hiNTg5MSIsImJvYXJkIjoiYmx1ZWxpbmUiLCJidWlsZElkIjoiUFEzQS4xOTA3MDU
LXCTDEVICE uMDAzIiwiY3B1QUJJIjoiYXJtNjQtdjhhIiwiY3B1QUJJMiI6IiIsImRldmljZVN0
LXCTDEVICE cmluZyI6Ikdvb2dsZSBQaXhlbCAzIDkiLCJkaXNwbGF5Ijp7ImgiOjIwMjgsIm1tI
LXCTDEVICE joxNy4zMjI4MzQsInciOjEwODB9LCJmaW5nZXJwcmludCI6Imdvb2dsZS9ibHVlbG
LXCTDEVICE luZS9ibHVlbGluZTo5L1BRM0EuMTkwNzA1LjAwMy81NjAwODAwOnVzZXIvcmVsZWF
LXCTDEVICE zZS1rZXlzIiwiaGFyZHdhcmUiOiJibHVlbGluZSIsIm1hbnVmYWN0dXJlciI6Ikdv
LXCTDEVICE b2dsZSIsIm1vZGVsIjoiUGl4ZWwgMyIsInByb2R1Y3QiOiJibHVlbGluZSIsInNka
LXCTDEVICE yI6Mjh9LCJ4Y3RyYWNrIjp7InZlcnNpb25Db2RlIjo4MDIwMSwidmVyc2lvbk5hbW
LXCTDEVICE UiOiIwLjguMiJ9fQ==
LXCTSENSOR Sensors: SENSOR_BT, external GPS:false, external baro:true, inter
LXCTSENSOR nal baro:false, internal GPS nmea: true
I023636LAD3737LOD
LXCTEARTHMODEL WGS84
C120719230513000000000002 Competition task
C4748230N12002336WTAKEOFF Chelan Butte
C4748249N12002317WSTART LAUNCH
C4748416N12002058WTURN BUTTE
C4806249N11943315WTURN BREWAP
C4806249N11943315WFINISH BREWAP
C0000000N00000000ELANDING
B2305134748239N12002331WA000000112604
B2305144748238N12002331WA000000112786
B2305154748238N12002331WA000000112687
B2305164748238N12002331WA000000112679
B2305174748238N12002331WA000000112679
B2305184748238N12002331WA000000112789
B2305194748238N12002331WA000000112689
B2305204748238N12002332WA000000112772
B2305214748238N12002332WA000000112771
B2305224748238N12002332WA000000112771
B2305234748238N12002332WA000000112734
B2305244748237N12002332WA000000112678
B2305254748237N12002332WA000000112719
B2305264748236N12002332WA000000112788
B2305274748236N12002332WA000000112856
B2305284748236N12002332WA000000112709
B2305294748235N12002333WA000000112647
B2305304748234N12002335WA000000112542
B2305314748233N12002337WA000000112441
B2305324748232N12002338WA000000112444
B2305334748229N12002335WA000000112359
B2305344748226N12002336WA000000112283
B2305354748223N12002335WA000000112169
B2305364748220N12002335WA000000112019
B2305374748216N12002336WA000000111963
B2305384748214N12002335WA000000111710
B2305394748210N12002335WA000000111503
B2305404748207N12002334WA000000111403
B2305414748203N12002333WA000000111518
B2305424748199N12002333WA000000111542
B2305434748195N12002332WA000000111447
B2305444748191N12002333WA000000111310
B2305454748187N12002334WA000000111220
B2305464748183N12002335WA000000111102
B2305474748179N12002337WA000000111120
B2305484748175N12002338WA000000111047
B2305494748171N12002341WA000000111041
B2305504748167N12002343WA000000110984
B2305514748164N12002346WA000000110853
B2305524748161N12002349WA000000110809
B2305534748158N12002353WA000000110739
B2305544748155N12002358WA000000110504
B2305554748152N12002363WA000000110334
B2305564748150N12002369WA000000110102
B2305574748148N12002374WA000000110108
B2305584748148N12002380WA000000110017
B2305594748147N12002385WA000000110182
B2306004748148N12002390WA000000110152
B2306014748147N12002394WA000000110194
B2306024748146N12002399WA000000110280
B2306034748145N12002404WA000000110150
B2306044748144N12002408WA000000110069
B2306054748143N12002414WA000000110054
B2306064748142N12002419WA000000110090
B2306074748142N12002424WA000000110126
B2306084748142N12002429WA000000109961
B2306094748144N12002433WA000000109918
B2306104748145N12002438WA000000109980
B2306114748147N12002442WA000000109824
B2306124748147N12002447WA000000109888
B2306134748147N12002453WA000000109693
B2306144748148N12002458WA000000109406
B2306154748147N12002465WA000000109454
B2306164748147N12002471WA000000109193
B2306174748148N12002477WA000000109233
B2306184748148N12002480WA000000109239
B2306194748148N12002484WA000000109586
B2306204748148N12002488WA000000109645
B2306214748148N12002492WA000000109535
B2306224748148N12002496WA000000109534
B2306234748148N12002500WA000000109680
B2306244748148N12002504WA000000109754
B2306254748148N12002509WA000000109651
B2306264748147N12002514WA000000109647
B2306274748147N12002519WA000000109399
B2306284748145N12002523WA000000109344
B2306294748142N12002526WA000000109441
B2306304748138N12002527WA000000109496
B2306314748136N12002529WA000000109405
B2306324748133N12002531WA000000109348
B2306334748132N12002535WA000000109346
B2306344748130N12002540WA000000109381
B2306354748129N12002544WA000000109188
B2306364748127N12002550WA000000109173
B2306374748126N12002556WA000000109009
B2306384748124N12002562WA000000109045
B2306394748122N12002567WA000000109243
B2306404748120N12002571WA000000109451
B2306414748118N12002573WA000000109665
B2306424748117N12002575WA000000109958
B2306434748117N12002579WA000000109963
B2306444748119N12002583WA000000109949
B2306454748122N12002587WA000000109866
B2306464748126N12002590WA000000109898
B2306474748131N12002591WA000000122466
B2306484748136N12002589WA000000117429
B2306494748140N12002587WA000000114882
B2306504748145N12002584WA000000113221
B2306514748149N12002581WA000000112135
B2306524748153N12002579WA000000111684
B2306534748158N12002575WA000000111207
B2306544748161N12002569WA000000110953
B2306554748164N12002559WA000000110563
B2306564748165N12002546WA000000110159
B2306574748164N12002534WA000000109858
B2306584748161N12002525WA000000109843
B2306594748156N12002519WA000000109790
B2307004748152N12002515WA000000109633
B2307014748148N12002513WA000000109522
B2307024748144N12002512WA000000109307
B2307034748139N12002514WA000000109291
B2307044748136N12002517WA000000109000
B2307054748132N12002519WA000000108837
B2307064748129N12002522WA000000108719
B2307074748126N12002525WA000000093724
B2307084748123N12002528WA000000098941
B2307094748121N12002531WA000000100826
B2307104748119N12002535WA000000101409
B2307114748115N12002540WA000000101852
B2307124748112N12002544WA000000103798
B2307134748110N12002549WA000000104747
B2307144748108N12002555WA000000105214
B2307154748106N12002562WA000000105161
B2307164748105N12002568WA000000105541
B2307174748103N12002573WA000000105924
B2307184748101N12002578WA000000106372
B2307194748100N12002582WA000000106678
B2307204748099N12002587WA000000106744
B2307214748098N12002591WA000000106975
B2307224748098N12002596WA000000107170
B2307234748099N12002600WA000000107107
B2307244748099N12002605WA000000107421
B2307254748098N12002609WA000000107786
B2307264748098N12002613WA000000107810
B2307274748097N12002616WA000000108050
B2307284748097N12002618WA000000108446
B2307294748098N12002621WA000000108635
B2307304748100N12002626WA000000108812
B2307314748101N12002629WA000000109174
B2307324748102N12002633WA000000109473
B2307334748103N12002635WA000000109685
B2307344748106N12002637WA000000109815
B2307354748110N12002639WA000000125447
B2307364748116N12002640WA000000120563
B2307374748123N12002637WA000000116256
B2307384748129N12002631WA000000114233
B2307394748133N12002622WA000000114190
B2307404748136N12002612WA000000113245
B2307414748137N12002603WA000000113033
B2307424748137N12002593WA000000112827
B2307434748136N12002583WA000000112657
B2307444748135N12002574WA000000112470
B2307454748134N12002563WA000000112269
B2307464748133N12002554WA000000112221
B2307474748129N12002547WA000000112193
B2307484748126N12002542WA000000111902
B2307494748121N12002538WA000000111876
B2307504748117N12002534WA000000112054
B2307514748113N12002529WA000000112195
B2307524748110N12002526WA000000112393
B2307534748107N12002523WA000000112357
B2307544748103N12002522WA000000112326
B2307554748099N12002522WA000000112352
B2307564748096N12002524WA000000112479
B2307574748095N12002528WA000000112542
B2307584748096N12002532WA000000112629
B2307594748099N12002537WA000000112870
B2308004748105N12002540WA000000112913
B2308014748112N12002541WA000000112962
B2308024748118N12002538WA000000113199
B2308034748124N12002534WA000000113498
B2308044748130N12002528WA000000113717
B2308054748135N12002520WA000000113867
B2308064748140N12002511WA000000113923
B2308074748143N12002500WA000000114030
B2308084748143N12002488WA000000114377
B2308094748142N12002478WA000000114300
B2308104748138N12002469WA000000153553
B2308114748134N12002462WA000000137637
B2308124748129N12002457WA000000128885
B2308134748125N12002455WA000000124890
B2308144748121N12002452WA000000122671
B2308154748118N12002455WA000000121627
B2308164748114N12002455WA000000120074
B2308174748111N12002456WA000000118967
B2308184748109N12002458WA000000118476
B2308194748109N12002463WA000000118275
B2308204748109N12002469WA000000117750
B2308214748109N12002473WA000000117468
B2308224748112N12002477WA000000117241
B2308234748115N12002480WA000000093695
B2308244748122N12002482WA000000101807
B2308254748128N12002482WA000000106561
B2308264748135N12002477WA000000109313
B2308274748140N12002468WA000000111193
B2308284748144N12002457WA000000112952
B2308294748145N12002445WA000000113885
B2308304748145N12002434WA000000114446
B2308314748143N12002425WA000000115330
B2308324748140N12002417WA000000116124
B2308334748136N12002411WA000000116965
B2308344748132N12002406WA000000117369
B2308354748127N12002403WA000000117571
B2308364748122N12002402WA000000117435
B2308374748118N12002403WA000000117634
B2308384748116N12002405WA000000118100
B2308394748114N12002407WA000000118598
B2308404748114N12002411WA000000118886
B2308414748115N12002415WA000000118760
B2308424748117N12002419WA000000118844
B2308434748119N12002423WA000000118956
B2308444748122N12002427WA000000118988
B2308454748126N12002431WA000000118891
B2308464748132N12002433WA000000119136
B2308474748139N12002434WA000000119200
B2308484748146N12002430WA000000119303
B2308494748152N12002423WA000000119571
B2308504748157N12002413WA000000119730
B2308514748159N12002402WA000000120050
B2308524748160N12002391WA000000120220
B2308534748159N12002380WA000000120684
B2308544748157N12002370WA000000120875
B2308554748154N12002361WA000000121055
B2308564748149N12002354WA000000121393
B2308574748145N12002347WA000000121334
B2308584748140N12002343WA000000121431
B2308594748136N12002340WA000000121615
B2309004748132N12002342WA000000121653
B2309014748129N12002346WA000000121731
B2309024748126N12002351WA000000121961
B2309034748125N12002356WA000000122124
B2309044748124N12002360WA000000122406
B2309054748125N12002366WA000000122732
B2309064748128N12002371WA000000122882
B2309074748133N12002376WA000000122881
B2309084748139N12002377WA000000122839
B2309094748145N12002377WA000000122947
B2309104748151N12002375WA000000123233
B2309114748157N12002371WA000000123321
B2309124748161N12002364WA000000123466
B2309134748165N12002355WA000000123482
B2309144748169N12002344WA000000123418
B2309154748172N12002334WA000000123427
B2309164748174N12002324WA000000123544
B2309174748174N12002313WA000000123684
B2309184748173N12002303WA000000123780
B2309194748171N12002293WA000000123996
B2309204748169N12002285WA000000124133
B2309214748166N12002278WA000000124574
B2309224748164N12002272WA000000124722
B2309234748161N12002267WA000000124918
B2309244748156N12002266WA000000125067
B2309254748152N12002268WA000000125141
B2309264748149N12002271WA000000125243
B2309274748147N12002276WA000000123270
B2309284748148N12002280WA000000123908
B2309294748149N12002284WA000000124489
B2309304748153N12002289WA000000124942
B2309314748157N12002292WA000000125285
B2309324748162N12002293WA000000125426
B2309334748167N12002294WA000000125662
B2309344748172N12002292WA000000125847
B2309354748177N12002288WA000000126084
B2309364748182N12002284WA000000126390
B2309374748187N12002277WA000000126295
B2309384748193N12002269WA000000126111
B2309394748198N12002260WA000000126228
B2309404748202N12002251WA000000126534
B2309414748204N12002241WA000000126851
B2309424748205N12002230WA000000127062
B2309434748205N12002220WA000000127051
B2309444748203N12002210WA000000127285
B2309454748200N12002202WA000000127355
B2309464748196N12002197WA000000127441
B2309474748191N12002194WA000000127583
B2309484748187N12002193WA000000127794
B2309494748185N12002194WA000000128018
B2309504748183N12002198WA000000145940
B2309514748181N12002201WA000000139049
B2309524748179N12002205WA000000135457
B2309534748179N12002210WA000000133400
B2309544748180N12002214WA000000132802
B2309554748182N12002218WA000000132314
B2309564748185N12002223WA000000131322
B2309574748189N12002227WA000000130504
B2309584748193N12002230WA000000130271
B2309594748199N12002232WA000000130202
B2310004748204N12002232WA000000130392
B2310014748211N12002230WA000000130402
B2310024748216N12002227WA000000130173
B2310034748222N12002223WA000000129870
B2310044748228N12002216WA000000150480
B2310054748233N12002206WA000000142373
B2310064748237N12002194WA000000138247
B2310074748239N12002182WA000000135668
B2310084748240N12002172WA000000134510
B2310094748239N12002161WA000000133364
B2310104748238N12002151WA000000132506
B2310114748234N12002142WA000000131727
B2310124748230N12002134WA000000131478
B2310134748226N12002129WA000000131340
B2310144748221N12002128WA000000131698
B2310154748218N12002130WA000000131176
B2310164748218N12002135WA000000130921
B2310174748218N12002141WA000000131050
B2310184748220N12002146WA000000131032
B2310194748222N12002150WA000000131188
B2310204748225N12002154WA000000131426
B2310214748228N12002157WA000000131614
B2310224748231N12002159WA000000131628
B2310234748233N12002161WA000000131575
B2310244748237N12002166WA000000131578
B2310254748241N12002169WA000000131586
B2310264748245N12002174WA000000131592
B2310274748250N12002177WA000000131850
B2310284748255N12002178WA000000132130
B2310294748260N12002178WA000000132221
B2310304748265N12002178WA000000132382
LXCTACTIVITY OTHER 82
LXCTACTIVITY STILL 100
B2310314748272N12002176WA000000132229
B2310324748277N12002174WA000000132254
B2310334748282N12002171WA000000132433
B2310344748286N12002166WA000000132562
B2310354748291N12002159WA000000132707
B2310364748294N12002151WA000000132859
B2310374748297N12002143WA000000132841
B2310384748298N12002132WA000000132843
B2310394748297N12002122WA000000132706
B2310404748292N12002114WA000000132777
B2310414748288N12002109WA000000132841
B2310424748284N12002105WA000000132918
B2310434748280N12002104WA000000133170
B2310444748277N12002102WA000000133319
B2310454748274N12002103WA000000133460
B2310464748272N12002103WA000000133418
LXCTACTIVITY OTHER 81
B2310474748269N12002105WA000000133473
B2310484748267N12002109WA000000133483
B2310494748266N12002114WA000000133557
B2310504748267N12002118WA000000133797
B2310514748270N12002122WA000000133783
B2310524748275N12002125WA000000133718
B2310534748279N12002127WA000000133877
B2310544748283N12002130WA000000134085
B2310554748288N12002132WA000000134135
B2310564748293N12002134WA000000134330
B2310574748297N12002133WA000000134488
B2310584748303N12002135WA000000134554
B2310594748308N12002135WA000000134794
B2311004748314N12002134WA000000134843
B2311014748319N12002134WA000000135054
B2311024748325N12002132WA000000135117
B2311034748330N12002130WA000000135362
B2311044748336N12002125WA000000135509
B2311054748340N12002119WA000000135680
B2311064748344N12002110WA000000135861
B2311074748347N12002099WA000000136026
B2311084748348N12002088WA000000136189
B2311094748348N12002078WA000000136368
B2311104748346N12002069WA000000136676
B2311114748343N12002062WA000000136631
B2311124748339N12002056WA000000136815
B2311134748335N12002054WA000000136934
B2311144748331N12002052WA000000137161
B2311154748328N12002050WA000000137395
B2311164748326N12002050WA000000137355
B2311174748324N12002052WA000000137359
B2311184748322N12002057WA000000137495
B2311194748323N12002063WA000000137557
B2311204748325N12002068WA000000137647
B2311214748328N12002072WA000000137927
B2311224748332N12002075WA000000138017
B2311234748337N12002077WA000000138074
B2311244748344N12002077WA000000137964
B2311254748352N12002075WA000000137836
B2311264748360N12002070WA000000137802
B2311274748366N12002063WA000000137903
B2311284748371N12002054WA000000138118
B2311294748375N12002044WA000000138308
B2311304748376N12002033WA000000138539
B2311314748374N12002023WA000000138587
B2311324748371N12002015WA000000138546
B2311334748367N12002009WA000000138457
B2311344748363N12002008WA000000138525
B2311354748360N12002009WA000000138811
B2311364748358N12002011WA000000139035
B2311374748358N12002015WA000000139209
B2311384748357N12002020WA000000139396
B2311394748359N12002025WA000000139437
B2311404748361N12002029WA000000139596
B2311414748366N12002032WA000000139639
B2311424748372N12002035WA000000139651
B2311434748379N12002035WA000000139725
B2311444748386N12002034WA000000139854
B2311454748393N12002030WA000000139989
B2311464748401N12002025WA000000140018
B2311474748408N12002019WA000000140030
B2311484748414N12002011WA000000140263
B2311494748419N12002002WA000000140420
B2311504748421N12001991WA000000140649
B2311514748422N12001980WA000000140618
B2311524748420N12001971WA000000140794
B2311534748418N12001964WA000000140854
B2311544748415N12001957WA000000140845
B2311554748411N12001953WA000000140997
B2311564748408N12001950WA000000141198
B2311574748406N12001950WA000000141212
B2311584748404N12001950WA000000141200
B2311594748402N12001950WA000000141328
B2312004748401N12001953WA000000141368
B2312014748400N12001957WA000000141372
B2312024748400N12001960WA000000141251
B2312034748401N12001963WA000000141256
B2312044748403N12001966WA000000141289
B2312054748405N12001969WA000000141394
B2312064748407N12001972WA000000141595
B2312074748410N12001976WA000000141611
B2312084748411N12001979WA000000141985
B2312094748414N12001982WA000000142247
B2312104748418N12001986WA000000142520
B2312114748422N12001988WA000000142723
B2312124748427N12001989WA000000142827
B2312134748435N12001990WA000000142903
B2312144748442N12001987WA000000142987
B2312154748449N12001981WA000000143236
B2312164748454N12001972WA000000143507
B2312174748456N12001961WA000000143663
B2312184748456N12001949WA000000143741
B2312194748453N12001938WA000000143657
B2312204748450N12001931WA000000143535
B2312214748446N12001926WA000000143317
B2312224748442N12001923WA000000143566
B2312234748439N12001922WA000000143758
B2312244748437N12001924WA000000143976
B2312254748436N12001927WA000000144084
B2312264748436N12001931WA000000144198
B2312274748436N12001935WA000000144296
B2312284748437N12001938WA000000144415
B2312294748437N12001941WA000000144676
B2312304748438N12001945WA000000144845
B2312314748440N12001949WA000000144992
B2312324748444N12001953WA000000144921
B2312334748447N12001957WA000000145091
B2312344748452N12001959WA000000145189
B2312354748458N12001962WA000000145260
B2312364748465N12001962WA000000145405
B2312374748472N12001961WA000000145501
B2312384748478N12001958WA000000145690
B2312394748484N12001953WA000000145896
B2312404748490N12001946WA000000145997
B2312414748496N12001937WA000000146029
B2312424748499N12001927WA000000146188
B2312434748501N12001915WA000000146117
B2312444748500N12001905WA000000146010
B2312454748497N12001895WA000000146063
B2312464748493N12001888WA000000146184
B2312474748490N12001883WA000000146237
B2312484748486N12001881WA000000146291
B2312494748483N12001880WA000000146360
B2312504748480N12001880WA000000146488
B2312514748478N12001881WA000000146579
B2312524748476N12001883WA000000146698
B2312534748476N12001886WA000000146813
B2312544748476N12001890WA000000147023
B2312554748476N12001894WA000000147198
B2312564748479N12001899WA000000147146
B2312574748483N12001904WA000000147223
B2312584748488N12001908WA000000147301
B2312594748493N12001911WA000000147555
B2313004748499N12001913WA000000147735
B2313014748505N12001913WA000000147847
B2313024748511N12001911WA000000147866
B2313034748517N12001907WA000000147997
B2313044748524N12001901WA000000147928
B2313054748530N12001894WA000000147813
B2313064748534N12001885WA000000147764
B2313074748538N12001875WA000000147765
B2313084748541N12001865WA000000140354
B2313094748543N12001854WA000000143225
B2313104748543N12001844WA000000144740
B2313114748542N12001834WA000000145635
B2313124748540N12001826WA000000146237
B2313134748537N12001820WA000000146649
B2313144748534N12001817WA000000146911
B2313154748530N12001814WA000000147275
B2313164748528N12001812WA000000147506
B2313174748524N12001813WA000000147692
B2313184748521N12001814WA000000147994
B2313194748521N12001816WA000000148026
B2313204748520N12001819WA000000148068
B2313214748520N12001823WA000000148059
B2313224748522N12001829WA000000148028
B2313234748525N12001835WA000000148113
B2313244748529N12001839WA000000148295
B2313254748536N12001841WA000000148268
B2313264748544N12001841WA000000148317
B2313274748552N12001839WA000000148207
LXCTACTIVITY STILL 51
B2313284748557N12001834WA000000148288
B2313294748562N12001828WA000000148176
B2313304748567N12001820WA000000148258
B2313314748570N12001811WA000000148239
B2313324748572N12001801WA000000148194
B2313334748573N12001791WA000000120620
B2313344748572N12001780WA000000130696
B2313354748571N12001771WA000000137270
B2313364748570N12001763WA000000140344
B2313374748567N12001757WA000000142480
B2313384748564N12001753WA000000143885
B2313394748562N12001752WA000000144265
B2313404748560N12001753WA000000144952
B2313414748559N12001754WA000000145745
B2313424748558N12001756WA000000146236
B2313434748557N12001758WA000000146754
B2313444748556N12001760WA000000146884
B2313454748556N12001762WA000000146504
B2313464748555N12001765WA000000146614
B2313474748554N12001768WA000000147248
B2313484748554N12001773WA000000147544
B2313494748556N12001778WA000000147728
B2313504748559N12001783WA000000147982
B2313514748565N12001785WA000000148048
B2313524748572N12001784WA000000148130
B2313534748578N12001781WA000000148336
B2313544748585N12001776WA000000148311
B2313554748590N12001768WA000000148416
B2313564748594N12001760WA000000148426
B2313574748598N12001751WA000000148471
B2313584748602N12001742WA000000148501
B2313594748604N12001732WA000000148699
B2314004748607N12001723WA000000148747
B2314014748607N12001713WA000000148797
B2314024748610N12001702WA000000148709
B2314034748610N12001692WA000000148646
B2314044748608N12001681WA000000148518
B2314054748605N12001671WA000000148424
B2314064748602N12001665WA000000148406
B2314074748598N12001660WA000000148665
B2314084748596N12001657WA000000148728
B2314094748594N12001657WA000000148722
B2314104748592N12001657WA000000148762
B2314114748591N12001658WA000000148529
B2314124748589N12001662WA000000148175
B2314134748587N12001666WA000000147967
B2314144748586N12001671WA000000147845
B2314154748584N12001676WA000000147782
B2314164748583N12001680WA000000147722
B2314174748581N12001684WA000000147757
B2314184748579N12001689WA000000147794
B2314194748579N12001694WA000000147780
B2314204748580N12001700WA000000147795
B2314214748583N12001707WA000000147772
B2314224748587N12001712WA000000147796
B2314234748593N12001715WA000000148084
B2314244748600N12001714WA000000148354
B2314254748606N12001709WA000000148572
B2314264748612N12001700WA000000148607
B2314274748616N12001690WA000000148700
B2314284748617N12001678WA000000148760
B2314294748616N12001667WA000000148840
B2314304748611N12001661WA000000148846
B2314314748606N12001661WA000000148940
B2314324748603N12001665WA000000149083
B2314334748603N12001672WA000000148867
B2314344748604N12001679WA000000148971
B2314354748605N12001683WA000000149228
B2314364748604N12001687WA000000149528
B2314374748602N12001690WA000000149770
B2314384748601N12001693WA000000149854
B2314394748602N12001698WA000000149703
B2314404748605N12001703WA000000149582
B2314414748613N12001706WA000000149122
B2314424748622N12001704WA000000148825
B2314434748630N12001698WA000000148706
B2314444748635N12001688WA000000148602
B2314454748637N12001676WA000000148651
B2314464748637N12001664WA000000148547
B2314474748635N12001655WA000000148650
B2314484748633N12001647WA000000148806
B2314494748630N12001643WA000000149157
B2314504748627N12001641WA000000149272
B2314514748624N12001640WA000000149324
B2314524748620N12001639WA000000149465
B2314534748617N12001641WA000000149443
B2314544748616N12001645WA000000149479
B2314554748618N12001653WA000000149444
B2314564748622N12001659WA000000149203
B2314574748628N12001662WA000000149239
B2314584748635N12001662WA000000149291
B2314594748643N12001658WA000000149373
B2315004748649N12001650WA000000149369
B2315014748654N12001641WA000000149217
B2315024748657N12001631WA000000149332
B2315034748659N12001620WA000000149438
B2315044748660N12001610WA000000149444
B2315054748660N12001600WA000000149336
B2315064748659N12001591WA000000149352
B2315074748657N12001582WA000000149140
B2315084748654N12001575WA000000149211
B2315094748650N12001570WA000000149115
B2315104748646N12001568WA000000149142
B2315114748642N12001568WA000000149010
B2315124748639N12001568WA000000149127
B2315134748636N12001570WA000000149130
B2315144748634N12001572WA000000149221
B2315154748632N12001575WA000000149204
B2315164748630N12001579WA000000149266
B2315174748630N12001585WA000000149351
B2315184748631N12001590WA000000149482
B2315194748635N12001594WA000000149338
B2315204748641N12001598WA000000149107
B2315214748649N12001600WA000000148702
B2315224748657N12001598WA000000148564
B2315234748665N12001592WA000000148496
B2315244748672N12001585WA000000148572
B2315254748678N12001575WA000000148639
B2315264748681N12001565WA000000148684
B2315274748683N12001555WA000000148772
B2315284748683N12001544WA000000148766
B2315294748681N12001536WA000000148740
B2315304748678N12001529WA000000148806
B2315314748674N12001527WA000000148821
B2315324748670N12001528WA000000148986
B2315334748668N12001532WA000000149035
B2315344748666N12001537WA000000149057
B2315354748665N12001542WA000000149153
B2315364748667N12001547WA000000149227
B2315374748670N12001551WA000000149358
B2315384748674N12001555WA000000149374
B2315394748681N12001557WA000000149155
B2315404748688N12001559WA000000148975
B2315414748696N12001558WA000000148785
B2315424748704N12001554WA000000148723
B2315434748711N12001547WA000000148722
B2315444748716N12001537WA000000148893
B2315454748720N12001525WA000000148757
B2315464748722N12001514WA000000148749
B2315474748722N12001504WA000000148976
B2315484748721N12001495WA000000148946
B2315494748718N12001488WA000000148944
B2315504748715N12001481WA000000148905
B2315514748712N12001476WA000000148979
B2315524748710N12001475WA000000149051
B2315534748707N12001474WA000000149184
B2315544748704N12001474WA000000148963
B2315554748702N12001474WA000000148900
B2315564748699N12001476WA000000148856
B2315574748698N12001481WA000000148600
B2315584748698N12001488WA000000148503
B2315594748701N12001495WA000000148320
B2316004748707N12001501WA000000148320
B2316014748714N12001504WA000000148180
B2316024748723N12001502WA000000147978
B2316034748732N12001499WA000000147853
B2316044748740N12001493WA000000147711
B2316054748747N12001486WA000000147560
B2316064748754N12001478WA000000147580
B2316074748761N12001470WA000000147553
B2316084748767N12001462WA000000147441
B2316094748773N12001454WA000000147370
B2316104748778N12001444WA000000147392
B2316114748783N12001433WA000000147226
B2316124748788N12001423WA000000147140
B2316134748793N12001413WA000000147310
B2316144748798N12001404WA000000147456
B2316154748803N12001395WA000000147577
B2316164748809N12001386WA000000147548
B2316174748815N12001378WA000000147402
B2316184748820N12001369WA000000147360
B2316194748826N12001359WA000000147131
B2316204748831N12001349WA000000146894
B2316214748837N12001340WA000000146710
B2316224748842N12001331WA000000146622
B2316234748847N12001322WA000000146441
B2316244748852N12001312WA000000146255
B2316254748857N12001302WA000000146052
B2316264748862N12001291WA000000145753
B2316274748866N12001280WA000000145464
B2316284748870N12001270WA000000145369
B2316294748874N12001260WA000000145308
B2316304748877N12001251WA000000145120
B2316314748880N12001239WA000000144857
B2316324748884N12001227WA000000144411
B2316334748888N12001213WA000000144059
B2316344748893N12001200WA000000143600
B2316354748897N12001186WA000000143306
B2316364748900N12001174WA000000143291
B2316374748904N12001162WA000000143216
B2316384748907N12001151WA000000143129
B2316394748910N12001141WA000000143061
B2316404748914N12001130WA000000142876
B2316414748918N12001119WA000000142583
B2316424748923N12001108WA000000142350
B2316434748928N12001097WA000000142164
B2316444748933N12001087WA000000142072
B2316454748938N12001077WA000000142085
B2316464748943N12001068WA000000141979
B2316474748948N12001060WA000000141854
B2316484748953N12001051WA000000141641
B2316494748958N12001040WA000000141338
B2316504748963N12001029WA000000141018
B2316514748968N12001018WA000000140807
B2316524748972N12001008WA000000140683
B2316534748978N12000997WA000000140502
B2316544748982N12000986WA000000140464
B2316554748987N12000975WA000000140326
B2316564748991N12000964WA000000140282
B2316574748996N12000953WA000000140222
B2316584749000N12000942WA000000140007
B2316594749003N12000932WA000000140088
B2317004749007N12000922WA000000140091
B2317014749010N12000912WA000000139968
B2317024749013N12000903WA000000139972
B2317034749017N12000894WA000000139902
B2317044749020N12000885WA000000139840
B2317054749024N12000875WA000000139712
B2317064749028N12000864WA000000139525
B2317074749032N12000852WA000000139409
B2317084749035N12000842WA000000139321
B2317094749038N12000832WA000000139427
B2317104749040N12000824WA000000139595
B2317114749043N12000816WA000000139582
B2317124749046N12000807WA000000139493
B2317134749050N12000798WA000000139320
B2317144749053N12000787WA000000139274
B2317154749057N12000776WA000000139059
B2317164749061N12000767WA000000139014
B2317174749064N12000758WA000000139042
B2317184749067N12000749WA000000139074
B2317194749071N12000740WA000000139025
B2317204749074N12000730WA000000138989
B2317214749078N12000721WA000000138871
B2317224749082N12000710WA000000138758
B2317234749086N12000700WA000000138605
B2317244749089N12000690WA000000138565
B2317254749093N12000681WA000000138541
B2317264749096N12000671WA000000138598
B2317274749100N12000662WA000000138531
B2317284749103N12000652WA000000138465
B2317294749106N12000642WA000000138396
B2317304749110N12000632WA000000138222
B2317314749113N12000622WA000000138190
B2317324749117N12000612WA000000138163
B2317334749121N12000602WA000000138177
B2317344749125N12000592WA000000138087
B2317354749129N12000582WA000000137999
B2317364749133N12000572WA000000137978
B2317374749137N12000562WA000000137868
B2317384749141N12000552WA000000137877
B2317394749145N12000542WA000000137767
B2317404749149N12000532WA000000137675
B2317414749153N12000522WA000000137671
B2317424749158N12000511WA000000137417
B2317434749162N12000501WA000000137442
B2317444749166N12000490WA000000137498
B2317454749171N12000480WA000000137325
B2317464749175N12000470WA000000137334
B2317474749179N12000460WA000000137230
B2317484749183N12000449WA000000137146
B2317494749187N12000438WA000000137157
B2317504749191N12000428WA000000137050
B2317514749195N12000417WA000000136961
B2317524749199N12000406WA000000136875
B2317534749203N12000396WA000000136870
B2317544749207N12000385WA000000136798
B2317554749212N12000375WA000000136623
B2317564749216N12000364WA000000136598
B2317574749221N12000354WA000000136422
B2317584749225N12000343WA000000136466
B2317594749229N12000333WA000000149294
B2318004749234N12000322WA000000144529
B2318014749238N12000313WA000000141880
B2318024749243N12000303WA000000140142
B2318034749247N12000293WA000000139076
B2318044749252N12000284WA000000138232
B2318054749257N12000274WA000000137707
B2318064749261N12000264WA000000137247
B2318074749265N12000254WA000000136857
B2318084749269N12000244WA000000153678
B2318094749273N12000234WA000000146968
B2318104749277N12000225WA000000143273
B2318114749281N12000215WA000000141015
B2318124749284N12000205WA000000139588
B2318134749288N12000195WA000000138448
B2318144749291N12000185WA000000137698
B2318154749295N12000176WA000000137051
B2318164749298N12000166WA000000136761
B2318174749302N12000156WA000000136315
B2318184749305N12000146WA000000136159
B2318194749308N12000137WA000000135971
B2318204749312N12000127WA000000135710
B2318214749315N12000117WA000000135573
B2318224749319N12000107WA000000135428
B2318234749322N12000098WA000000135376
B2318244749326N12000089WA000000135314
B2318254749328N12000080WA000000135291
B2318264749331N12000071WA000000135144
B2318274749333N12000062WA000000135176
B2318284749336N12000054WA000000135153
B2318294749340N12000046WA000000135116
B2318304749344N12000039WA000000134971
B2318314749350N12000031WA000000134821
B2318324749356N12000023WA000000134553
B2318334749363N12000016WA000000134415
B2318344749368N12000009WA000000134493
B2318354749374N12000002WA000000134451
B2318364749380N11959996WA000000134474
B2318374749387N11959990WA000000133812
B2318384749393N11959986WA000000134051
B2318394749399N11959983WA000000134296
B2318404749406N11959982WA000000134476
B2318414749413N11959984WA000000134631
B2318424749419N11959987WA000000134642
B2318434749425N11959992WA000000134621
B2318444749429N11959998WA000000134696
B2318454749432N12000004WA000000134726
B2318464749431N12000010WA000000135380
B2318474749430N12000014WA000000135366
B2318484749428N12000017WA000000135224
B2318494749425N12000019WA000000135232
B2318504749422N12000019WA000000135101
B2318514749418N12000017WA000000135160
B2318524749415N12000011WA000000134964
B2318534749413N12000004WA000000134833
B2318544749411N11959997WA000000134860
B2318554749410N11959988WA000000134458
B2318564749412N11959980WA000000134442
B2318574749414N11959972WA000000134452
B2318584749418N11959963WA000000134407
B2318594749420N11959954WA000000134495
B2319004749423N11959946WA000000134595
B2319014749426N11959938WA000000134688
B2319024749429N11959931WA000000134849
B2319034749432N11959925WA000000135041
B2319044749434N11959916WA000000134999
B2319054749436N11959908WA000000134901
B2319064749435N11959899WA000000134961
B2319074749433N11959891WA000000135016
B2319084749429N11959886WA000000135192
B2319094749426N11959883WA000000135107
B2319104749422N11959883WA000000135355
B2319114749419N11959883WA000000135549
B2319124749417N11959888WA000000135577
B2319134749416N11959894WA000000135642
B2319144749416N11959899WA000000135647
B2319154749417N11959905WA000000135648
B2319164749418N11959910WA000000135688
B2319174749421N11959916WA000000135632
B2319184749423N11959922WA000000135661
B2319194749429N11959926WA000000135719
B2319204749434N11959931WA000000135840
B2319214749440N11959932WA000000135789
B2319224749447N11959932WA000000135797
B2319234749455N11959930WA000000135674
B2319244749462N11959924WA000000135599
B2319254749469N11959918WA000000135602
B2319264749474N11959911WA000000135663
B2319274749479N11959904WA000000135773
B2319284749483N11959896WA000000135863
B2319294749486N11959888WA000000135825
B2319304749489N11959879WA000000135727
B2319314749489N11959870WA000000135563
B2319324749488N11959862WA000000135565
B2319334749487N11959855WA000000135500
B2319344749484N11959849WA000000135680
B2319354749482N11959844WA000000135730
B2319364749479N11959840WA000000135810
B2319374749475N11959836WA000000135869
B2319384749471N11959834WA000000136028
B2319394749466N11959834WA000000136193
B2319404749462N11959835WA000000136139
B2319414749459N11959839WA000000136137
B2319424749457N11959844WA000000136239
B2319434749456N11959851WA000000136293
B2319444749457N11959858WA000000136254
B2319454749458N11959865WA000000136145
B2319464749462N11959872WA000000136213
B2319474749466N11959878WA000000136122
B2319484749471N11959882WA000000136068
B2319494749478N11959885WA000000136003
B2319504749484N11959885WA000000136037
B2319514749491N11959883WA000000136012
B2319524749497N11959877WA000000136012
LXCTACTIVITY OTHER 81
B2319534749501N11959868WA000000135957
LXCTACTIVITY STILL 100
B2319544749504N11959858WA000000135736
B2319554749504N11959849WA000000135674
B2319564749503N11959841WA000000135570
B2319574749501N11959832WA000000135498
B2319584749500N11959825WA000000135502
B2319594749498N11959818WA000000135620
B2320004749496N11959810WA000000135758
B2320014749495N11959802WA000000135776
B2320024749495N11959795WA000000135834
B2320034749495N11959786WA000000135945
B2320044749494N11959779WA000000136182
B2320054749493N11959771WA000000136114
B2320064749490N11959764WA000000136081
B2320074749487N11959759WA000000136000
B2320084749482N11959757WA000000135841
B2320094749477N11959757WA000000135859
B2320104749473N11959761WA000000135971
LXCTACTIVITY OTHER 80
B2320114749471N11959764WA000000135915
B2320124749469N11959769WA000000135824
B2320134749468N11959774WA000000135719
B2320144749467N11959781WA000000135766
B2320154749468N11959788WA000000135636
B2320164749470N11959795WA000000135641
B2320174749473N11959801WA000000135627
B2320184749478N11959806WA000000135615
B2320194749483N11959809WA000000135661
B2320204749489N11959810WA000000135600
B2320214749495N11959807WA000000135556
B2320224749501N11959803WA000000135444
B2320234749505N11959797WA000000135483
B2320244749509N11959790WA000000135422
B2320254749512N11959782WA000000135383
B2320264749515N11959773WA000000135561
B2320274749517N11959764WA000000135572
B2320284749519N11959755WA000000135797
B2320294749521N11959746WA000000135878
B2320304749524N11959738WA000000135836
B2320314749526N11959730WA000000135860
B2320324749528N11959721WA000000135891
B2320334749532N11959712WA000000135715
B2320344749534N11959703WA000000135670
B2320354749538N11959694WA000000135729
B2320364749541N11959686WA000000135823
B2320374749544N11959678WA000000135846
B2320384749547N11959669WA000000136068
B2320394749551N11959661WA000000135925
B2320404749553N11959652WA000000135991
B2320414749556N11959642WA000000135985
B2320424749559N11959633WA000000135893
B2320434749562N11959623WA000000135975
B2320444749566N11959614WA000000135940
B2320454749569N11959604WA000000136014
B2320464749571N11959595WA000000136085
B2320474749574N11959587WA000000136150
B2320484749577N11959578WA000000136100
B2320494749580N11959568WA000000136019
B2320504749582N11959558WA000000135998
B2320514749585N11959548WA000000135959
B2320524749587N11959539WA000000135972
B2320534749589N11959529WA000000135932
B2320544749589N11959519WA000000135982
B2320554749589N11959509WA000000135972
B2320564749589N11959499WA000000136129
B2320574749589N11959489WA000000136025
B2320584749589N11959479WA000000136191
B2320594749590N11959469WA000000136171
B2321004749592N11959459WA000000136131
B2321014749594N11959449WA000000151728
B2321024749596N11959440WA000000145620
B2321034749598N11959429WA000000142396
B2321044749601N11959418WA000000140370
B2321054749604N11959406WA000000139152
B2321064749607N11959394WA000000138343
B2321074749609N11959383WA000000137776
B2321084749612N11959373WA000000137542
B2321094749615N11959363WA000000137303
B2321104749617N11959353WA000000137085
B2321114749620N11959343WA000000136875
B2321124749624N11959332WA000000136627
B2321134749627N11959321WA000000136367
B2321144749631N11959309WA000000136158
B2321154749634N11959299WA000000136083
B2321164749638N11959289WA000000136116
B2321174749641N11959281WA000000136220
B2321184749644N11959271WA000000136109
B2321194749646N11959262WA000000136085
B2321204749649N11959251WA000000135856
B2321214749652N11959240WA000000135666
B2321224749655N11959229WA000000135586
B2321234749658N11959219WA000000135599
B2321244749662N11959210WA000000135604
B2321254749665N11959201WA000000135703
B2321264749667N11959191WA000000135758
B2321274749670N11959182WA000000135619
B2321284749672N11959172WA000000135453
B2321294749674N11959162WA000000135393
B2321304749677N11959152WA000000135350
B2321314749679N11959141WA000000135378
LXCTACTIVITY STILL 62
B2321324749682N11959131WA000000135377
B2321334749684N11959121WA000000135297
B2321344749687N11959111WA000000135227
B2321354749689N11959101WA000000135154
B2321364749692N11959091WA000000134812
B2321374749694N11959080WA000000134962
B2321384749697N11959069WA000000134714
B2321394749699N11959058WA000000134726
B2321404749701N11959048WA000000134655
B2321414749704N11959038WA000000134425
B2321424749706N11959029WA000000134392
B2321434749710N11959020WA000000134214
B2321444749712N11959011WA000000134195
B2321454749715N11959001WA000000134069
B2321464749718N11958990WA000000133911
B2321474749721N11958978WA000000133843
B2321484749723N11958966WA000000133596
B2321494749727N11958955WA000000133509
B2321504749729N11958945WA000000133599
B2321514749732N11958936WA000000133412
B2321524749735N11958926WA000000133305
B2321534749737N11958916WA000000133184
B2321544749741N11958906WA000000133000
B2321554749744N11958895WA000000133115
B2321564749747N11958885WA000000133010
B2321574749750N11958874WA000000132869
B2321584749754N11958865WA000000132620
B2321594749757N11958854WA000000132562
B2322004749761N11958844WA000000132412
B2322014749764N11958833WA000000132334
B2322024749767N11958822WA000000132346
B2322034749771N11958812WA000000132220
B2322044749774N11958800WA000000132169
B2322054749778N11958789WA000000132028
B2322064749781N11958778WA000000131828
B2322074749784N11958767WA000000131738
B2322084749787N11958757WA000000131620
B2322094749790N11958745WA000000131437
B2322104749793N11958734WA000000131271
B2322114749797N11958722WA000000131232
B2322124749801N11958711WA000000131167
B2322134749804N11958701WA000000131261
B2322144749807N11958690WA000000131245
B2322154749810N11958679WA000000131030
B2322164749813N11958667WA000000130877
B2322174749816N11958656WA000000130691
B2322184749820N11958643WA000000130636
B2322194749823N11958632WA000000130479
B2322204749826N11958622WA000000130269
B2322214749829N11958612WA000000130246
B2322224749832N11958601WA000000130118
B2322234749834N11958590WA000000129987
B2322244749838N11958579WA000000129728
B2322254749841N11958568WA000000129615
B2322264749844N11958557WA000000129553
B2322274749848N11958546WA000000129536
B2322284749851N11958535WA000000129662
B2322294749854N11958523WA000000129474
B2322304749857N11958511WA000000129335
B2322314749860N11958500WA000000129217
B2322324749863N11958489WA000000129028
B2322334749866N11958478WA000000128872
B2322344749870N11958466WA000000147408
B2322354749872N11958455WA000000141495
B2322364749876N11958444WA000000136126
B2322374749879N11958434WA000000133725
B2322384749882N11958424WA000000131963
B2322394749886N11958412WA000000130929
B2322404749889N11958402WA000000130281
B2322414749893N11958391WA000000129720
B2322424749896N11958380WA000000129471
B2322434749899N11958368WA000000129295
B2322444749903N11958357WA000000129001
B2322454749906N11958345WA000000128869
B2322464749909N11958334WA000000128574
B2322474749913N11958323WA000000128301
B2322484749916N11958312WA000000128137
B2322494749919N11958301WA000000127975
B2322504749923N11958289WA000000127826
B2322514749926N11958277WA000000127586
B2322524749930N11958266WA000000127451
B2322534749933N11958254WA000000127364
B2322544749936N11958243WA000000127182
B2322554749940N11958231WA000000126916
B2322564749943N11958219WA000000126767
B2322574749947N11958207WA000000126446
B2322584749950N11958194WA000000126289
B2322594749954N11958182WA000000125953
B2323004749957N11958170WA000000125895
B2323014749961N11958158WA000000125746
B2323024749964N11958146WA000000125668
B2323034749967N11958135WA000000125280
B2323044749970N11958122WA000000124998
B2323054749974N11958109WA000000124649
B2323064749977N11958094WA000000124489
B2323074749980N11958080WA000000123914
B2323084749982N11958066WA000000123685
B2323094749985N11958053WA000000123551
B2323104749988N11958040WA000000123318
B2323114749990N11958028WA000000123122
B2323124749992N11958015WA000000122903
B2323134749994N11958002WA000000122814
B2323144749997N11957989WA000000122634
B2323154749999N11957976WA000000122255
B2323164750001N11957964WA000000122199
B2323174750003N11957953WA000000122055
B2323184750005N11957942WA000000121811
B2323194750006N11957930WA000000121662
B2323204750008N11957918WA000000121310
B2323214750009N11957905WA000000121134
B2323224750010N11957892WA000000120879
B2323234750011N11957880WA000000120789
B2323244750012N11957868WA000000120557
B2323254750013N11957856WA000000120415
B2323264750013N11957844WA000000120256
B2323274750013N11957832WA000000120185
B2323284750014N11957820WA000000119838
B2323294750014N11957808WA000000119686
B2323304750015N11957797WA000000119440
B2323314750015N11957785WA000000119395
B2323324750017N11957774WA000000119001
B2323334750017N11957763WA000000118561
B2323344750017N11957751WA000000118263
B2323354750017N11957739WA000000118141
B2323364750016N11957726WA000000117979
B2323374750015N11957714WA000000117563
B2323384750014N11957702WA000000117364
B2323394750013N11957690WA000000117297
B2323404750012N11957678WA000000143588
B2323414750012N11957666WA000000133809
B2323424750011N11957654WA000000127938
B2323434750011N11957642WA000000124924
B2323444750011N11957629WA000000122558
B2323454750012N11957619WA000000120751
B2323464750013N11957606WA000000119343
B2323474750014N11957594WA000000118370
B2323484750017N11957582WA000000117503
B2323494750019N11957570WA000000117120
B2323504750021N11957557WA000000116834
B2323514750024N11957544WA000000116304
B2323524750026N11957531WA000000115679
B2323534750030N11957519WA000000115118
B2323544750033N11957507WA000000114884
B2323564750041N11957482WA000000114393
B2323574750046N11957469WA000000132608
B2323584750050N11957458WA000000126500
B2323594750052N11957445WA000000122094
B2324004750056N11957433WA000000118154
B2324014750060N11957421WA000000115805
B2324024750063N11957408WA000000114683
B2324034750067N11957395WA000000113847
B2324044750071N11957383WA000000113121
B2324054750074N11957369WA000000112598
B2324064750077N11957356WA000000112197
B2324074750081N11957344WA000000111622
B2324084750084N11957331WA000000111202
B2324094750086N11957317WA000000111089
B2324104750089N11957305WA000000110834
B2324114750091N11957293WA000000110652
B2324124750093N11957281WA000000110408
B2324134750095N11957270WA000000110228
B2324144750096N11957260WA000000109990
B2324154750098N11957248WA000000109819
B2324164750099N11957237WA000000109861
B2324174750101N11957224WA000000109624
B2324184750102N11957211WA000000109315
B2324194750104N11957197WA000000109114
B2324204750107N11957186WA000000108917
B2324214750108N11957176WA000000108620
B2324224750109N11957165WA000000108644
B2324234750110N11957154WA000000108434
B2324244750111N11957142WA000000108208
B2324254750111N11957130WA000000108242
B2324264750111N11957116WA000000108268
B2324274750112N11957103WA000000108153
B2324284750113N11957091WA000000108124
B2324294750114N11957081WA000000108148
B2324304750115N11957073WA000000108216
B2324314750115N11957064WA000000108272
B2324324750116N11957054WA000000108001
B2324334750116N11957042WA000000107825
B2324344750116N11957030WA000000107504
B2324354750116N11957018WA000000107571
B2324364750116N11957007WA000000107449
B2324374750116N11956998WA000000107331
B2324384750116N11956987WA000000107347
B2324394750115N11956976WA000000107274
B2324404750114N11956964WA000000107228
B2324414750112N11956953WA000000107022
B2324424750110N11956942WA000000107062
B2324434750109N11956931WA000000106916
B2324444750107N11956921WA000000106977
B2324454750106N11956910WA000000106819
B2324464750104N11956899WA000000106749
B2324474750102N11956888WA000000106682
B2324484750101N11956876WA000000106463
B2324494750100N11956865WA000000106330
B2324504750099N11956854WA000000106208
B2324514750098N11956843WA000000106116
B2324524750097N11956832WA000000106206
B2324534750095N11956821WA000000106182
B2324544750094N11956809WA000000106126
B2324554750092N11956798WA000000106056
B2324564750090N11956789WA000000105934
B2324574750088N11956779WA000000105643
B2324584750086N11956769WA000000105596
B2324594750085N11956759WA000000105511
B2325004750083N11956748WA000000105442
B2325014750082N11956736WA000000105219
B2325024750080N11956725WA000000104982
B2325034750079N11956713WA000000104733
B2325044750077N11956700WA000000104599
B2325054750076N11956688WA000000104402
B2325064750074N11956676WA000000104220
B2325074750072N11956664WA000000104126
B2325084750070N11956653WA000000103923
B2325094750068N11956642WA000000103857
B2325104750066N11956630WA000000103578
B2325114750064N11956619WA000000103473
B2325124750062N11956607WA000000103241
B2325134750060N11956595WA000000102988
B2325144750059N11956584WA000000102662
B2325154750058N11956572WA000000102422
B2325164750056N11956560WA000000102251
B2325174750055N11956547WA000000101912
B2325184750054N11956533WA000000101719
B2325194750054N11956520WA000000101522
B2325214750054N11956494WA000000101439
B2325224750054N11956483WA000000123741
B2325234750054N11956471WA000000117586
B2325244750055N11956460WA000000112933
B2325254750055N11956448WA000000110648
B2325264750056N11956436WA000000107338
B2325274750057N11956425WA000000105931
B2325284750058N11956413WA000000105225
B2325294750059N11956401WA000000104819
B2325304750060N11956389WA000000104309
B2325314750061N11956377WA000000103259
B2325324750063N11956365WA000000102534
B2325334750065N11956353WA000000102116
B2325344750066N11956342WA000000101919
B2325354750067N11956332WA000000101705
B2325364750067N11956321WA000000101577
B2325374750068N11956311WA000000101101
B2325384750068N11956300WA000000101194
B2325394750070N11956289WA000000100943
B2325404750072N11956278WA000000100846
B2325414750074N11956267WA000000100816
B2325424750075N11956257WA000000100780
B2325434750077N11956247WA000000100660
B2325444750079N11956236WA000000100579
B2325454750081N11956226WA000000100465
B2325464750083N11956215WA000000100437
B2325474750085N11956204WA000000100213
B2325484750087N11956192WA000000100019
B2325494750089N11956182WA000000099960
B2325504750091N11956170WA000000099889
B2325514750094N11956159WA000000099878
B2325524750097N11956148WA000000099565
B2325534750099N11956136WA000000099388
B2325544750102N11956124WA000000104322
B2325554750104N11956112WA000000101972
B2325564750108N11956100WA000000100704
B2325574750110N11956088WA000000099987
B2325584750113N11956076WA000000099569
B2325594750115N11956064WA000000099289
B2326004750117N11956053WA000000099085
B2326014750120N11956041WA000000098924
B2326024750122N11956029WA000000098642
B2326034750124N11956017WA000000098451
B2326044750126N11956005WA000000098584
B2326054750129N11955994WA000000098414
B2326064750131N11955983WA000000098396
B2326074750134N11955972WA000000098454
B2326084750136N11955960WA000000098359
B2326094750138N11955949WA000000098275
B2326104750141N11955937WA000000098167
B2326114750143N11955927WA000000098092
B2326124750145N11955916WA000000098076
B2326134750148N11955905WA000000097808
B2326144750150N11955894WA000000097741
B2326154750152N11955882WA000000097552
B2326164750154N11955870WA000000097374
B2326174750156N11955858WA000000097185
B2326184750159N11955847WA000000097041
B2326194750161N11955835WA000000096984
B2326204750164N11955823WA000000096977
B2326214750168N11955812WA000000096803
B2326224750170N11955800WA000000096896
B2326234750173N11955788WA000000096773
B2326244750177N11955775WA000000096676
B2326254750180N11955764WA000000096323
B2326264750182N11955753WA000000096274
B2326274750185N11955742WA000000096244
B2326284750188N11955730WA000000096028
B2326294750191N11955719WA000000096010
B2326304750193N11955706WA000000095988
B2326314750196N11955695WA000000095920
B2326324750198N11955683WA000000095877
B2326334750201N11955672WA000000095747
B2326344750204N11955661WA000000095612
B2326354750206N11955650WA000000095530
B2326364750209N11955638WA000000095433
B2326374750212N11955626WA000000095313
B2326384750215N11955615WA000000095300
B2326394750217N11955603WA000000095368
B2326404750219N11955593WA000000095282
B2326414750222N11955581WA000000095365
B2326424750225N11955570WA000000095335
B2326434750228N11955559WA000000095215
B2326444750230N11955548WA000000095164
B2326454750233N11955537WA000000095026
B2326464750235N11955526WA000000095074
B2326474750238N11955515WA000000095090
B2326484750242N11955503WA000000094904
B2326494750245N11955492WA000000094800
B2326504750248N11955480WA000000094804
B2326514750250N11955469WA000000094785
B2326524750253N11955458WA000000094858
B2326534750256N11955448WA000000094861
B2326544750259N11955437WA000000094770
B2326554750264N11955426WA000000094822
B2326564750267N11955415WA000000094784
B2326574750271N11955405WA000000095031
B2326584750274N11955395WA000000094992
B2326594750279N11955385WA000000094905
B2327004750283N11955375WA000000094947
B2327014750287N11955366WA000000094961
B2327024750291N11955355WA000000094878
B2327034750295N11955345WA000000094861
B2327044750300N11955334WA000000094838
B2327054750304N11955324WA000000094869
B2327064750308N11955315WA000000095067
B2327074750312N11955307WA000000095150
B2327104750327N11955288WA000000095225
B2327114750332N11955285WA000000117399
B2327124750338N11955285WA000000109355
B2327134750343N11955286WA000000105725
B2327144750347N11955289WA000000104004
B2327154750349N11955293WA000000102391
B2327164750351N11955297WA000000101138
B2327174750352N11955302WA000000099537
B2327184750351N11955306WA000000098744
B2327194750349N11955309WA000000098634
B2327204750346N11955310WA000000097935
B2327214750343N11955309WA000000097718
B2327224750339N11955307WA000000097674
B2327234750336N11955303WA000000097613
B2327244750332N11955297WA000000097032
B2327254750329N11955289WA000000096585
B2327264750328N11955280WA000000096334
B2327274750328N11955270WA000000096017
B2327284750328N11955260WA000000095791
B2327294750330N11955249WA000000095793
B2327304750334N11955239WA000000095518
B2327314750337N11955231WA000000095472
B2327324750342N11955223WA000000095442
B2327334750347N11955216WA000000095557
B2327344750353N11955210WA000000095407
B2327354750358N11955206WA000000095462
B2327364750364N11955203WA000000095522
B2327374750370N11955202WA000000095620
B2327384750376N11955203WA000000095621
B2327394750382N11955204WA000000095516
B2327404750387N11955206WA000000095610
B2327414750392N11955205WA000000095698
B2327424750398N11955204WA000000095675
B2327434750404N11955202WA000000095695
B2327444750410N11955200WA000000095714
B2327454750415N11955198WA000000095630
B2327464750420N11955195WA000000095779
B2327474750426N11955194WA000000095822
B2327484750431N11955193WA000000095875
B2327494750437N11955192WA000000095884
B2327504750442N11955194WA000000095824
B2327514750445N11955197WA000000095986
B2327524750447N11955201WA000000095938
B2327534750446N11955206WA000000096060
B2327544750444N11955209WA000000096088
B2327554750441N11955211WA000000095970
B2327564750437N11955210WA000000096044
B2327574750434N11955207WA000000096219
B2327584750431N11955203WA000000096318
B2327594750428N11955198WA000000096404
B2328004750425N11955191WA000000096468
B2328014750423N11955183WA000000096461
B2328024750422N11955173WA000000096426
B2328034750421N11955163WA000000096484
B2328044750423N11955151WA000000096418
B2328054750425N11955139WA000000096627
B2328064750430N11955129WA000000096737
B2328074750434N11955120WA000000097048
B2328084750440N11955113WA000000097386
B2328094750446N11955108WA000000097252
B2328104750452N11955105WA000000097383
B2328114750458N11955104WA000000097240
B2328124750463N11955104WA000000097378
B2328134750468N11955108WA000000097432
B2328144750471N11955111WA000000097389
B2328154750473N11955116WA000000097461
B2328164750474N11955120WA000000097431
B2328174750472N11955123WA000000097793
B2328184750470N11955124WA000000097878
B2328194750468N11955125WA000000098062
B2328204750466N11955125WA000000098224
B2328214750463N11955124WA000000098493
B2328224750461N11955122WA000000098534
B2328234750458N11955119WA000000098715
B2328244750454N11955115WA000000098757
B2328254750451N11955111WA000000098813
B2328264750448N11955103WA000000098923
B2328274750446N11955094WA000000098950
B2328284750445N11955083WA000000099068
B2328294750445N11955073WA000000099241
B2328304750445N11955062WA000000099485
B2328314750449N11955051WA000000099407
B2328324750453N11955041WA000000099457
B2328334750459N11955032WA000000099410
B2328344750465N11955024WA000000099743
B2328354750472N11955019WA000000099830
B2328364750479N11955017WA000000100000
B2328374750484N11955018WA000000100190
B2328384750489N11955020WA000000100157
B2328394750492N11955024WA000000100288
B2328404750495N11955028WA000000100268
B2328414750497N11955033WA000000100400
B2328424750497N11955036WA000000100715
B2328434750496N11955039WA000000100900
B2328444750494N11955041WA000000101153
B2328454750491N11955042WA000000101393
B2328464750488N11955041WA000000101485
B2328474750486N11955038WA000000101503
B2328484750483N11955033WA000000101602
B2328494750480N11955026WA000000101600
B2328504750477N11955017WA000000101552
B2328514750475N11955006WA000000101595
B2328524750476N11954994WA000000101706
B2328534750477N11954983WA000000101850
B2328544750482N11954971WA000000101908
B2328554750488N11954963WA000000102114
B2328564750495N11954957WA000000102205
B2328574750501N11954954WA000000102475
B2328584750507N11954954WA000000102664
B2328594750512N11954956WA000000102646
B2329004750516N11954960WA000000102750
B2329014750518N11954964WA000000102723
B2329024750519N11954968WA000000102844
B2329034750518N11954971WA000000103063
B2329044750517N11954972WA000000103128
B2329054750514N11954973WA000000103162
B2329064750511N11954970WA000000103129
B2329074750507N11954966WA000000103187
B2329084750504N11954960WA000000103120
B2329094750501N11954951WA000000103277
B2329104750499N11954942WA000000103294
B2329114750500N11954929WA000000103241
B2329124750501N11954917WA000000103434
B2329134750503N11954906WA000000103693
B2329144750508N11954896WA000000103755
B2329154750514N11954888WA000000103634
B2329164750521N11954883WA000000103633
B2329174750528N11954879WA000000103519
B2329184750534N11954879WA000000103880
B2329194750540N11954880WA000000103916
B2329204750543N11954884WA000000104082
B2329214750546N11954887WA000000104136
B2329224750546N11954892WA000000104280
B2329234750546N11954894WA000000104526
B2329244750545N11954896WA000000104731
B2329254750541N11954894WA000000104843
B2329264750538N11954890WA000000104707
B2329274750533N11954885WA000000104850
B2329284750530N11954876WA000000104883
B2329294750529N11954866WA000000104816
B2329304750529N11954854WA000000104718
B2329314750530N11954843WA000000109554
B2329324750533N11954832WA000000107976
B2329334750538N11954822WA000000106887
B2329344750545N11954815WA000000106555
B2329354750552N11954810WA000000106252
B2329364750558N11954807WA000000106167
B2329374750564N11954808WA000000106024
B2329384750569N11954810WA000000105916
B2329394750572N11954814WA000000105853
B2329404750574N11954818WA000000105786
B2329414750574N11954822WA000000105888
B2329424750573N11954826WA000000105853
B2329434750570N11954827WA000000132692
B2329444750567N11954826WA000000122320
B2329454750563N11954822WA000000117044
B2329464750559N11954816WA000000114670
B2329474750556N11954807WA000000113080
B2329484750555N11954795WA000000111875
B2329494750556N11954782WA000000111053
B2329504750558N11954769WA000000109688
B2329514750561N11954757WA000000108553
B2329524750565N11954747WA000000108184
B2329534750570N11954737WA000000109625
B2329544750573N11954728WA000000108599
B2329554750578N11954721WA000000107820
B2329564750582N11954712WA000000107461
B2329574750587N11954702WA000000107118
B2329584750591N11954692WA000000107098
B2329594750597N11954681WA000000106827
B2330004750601N11954670WA000000106782
B2330014750606N11954659WA000000106535
B2330024750611N11954648WA000000106426
B2330034750615N11954638WA000000106482
B2330044750620N11954627WA000000106453
B2330054750624N11954617WA000000106589
B2330064750628N11954609WA000000129981
B2330074750632N11954600WA000000120950
B2330084750636N11954590WA000000116183
B2330094750640N11954579WA000000113344
B2330104750646N11954569WA000000112075
B2330114750652N11954559WA000000110505
B2330124750657N11954549WA000000109609
B2330134750661N11954540WA000000109166
B2330144750666N11954531WA000000108630
B2330154750671N11954521WA000000108221
B2330164750676N11954510WA000000107804
B2330174750680N11954499WA000000107582
B2330184750685N11954487WA000000107238
B2330194750690N11954476WA000000107028
B2330204750694N11954466WA000000106879
B2330214750699N11954457WA000000106731
B2330224750703N11954446WA000000106582
B2330234750708N11954435WA000000106361
B2330244750713N11954423WA000000106123
B2330254750717N11954411WA000000106029
B2330264750721N11954400WA000000105966
B2330274750725N11954390WA000000105790
B2330284750730N11954379WA000000105749
B2330294750734N11954370WA000000105780
B2330304750739N11954359WA000000105667
B2330314750744N11954349WA000000105598
B2330324750750N11954339WA000000105509
B2330334750754N11954330WA000000105625
B2330344750759N11954320WA000000105639
B2330354750763N11954311WA000000105717
B2330364750767N11954302WA000000105815
B2330374750772N11954293WA000000105759
B2330384750777N11954284WA000000105543
B2330394750783N11954274WA000000105267
B2330404750788N11954264WA000000105277
B2330414750793N11954255WA000000105353
B2330424750797N11954246WA000000105498
B2330434750802N11954238WA000000105503
B2330444750806N11954229WA000000105348
B2330454750811N11954220WA000000105197
B2330464750818N11954211WA000000104865
B2330474750825N11954201WA000000104599
B2330484750833N11954192WA000000104271
B2330494750841N11954182WA000000104259
B2330504750848N11954173WA000000104182
B2330514750855N11954163WA000000104285
B2330524750862N11954154WA000000104186
B2330544750875N11954139WA000000104132
B2330554750881N11954132WA000000123565
B2330564750888N11954125WA000000118009
B2330574750894N11954119WA000000115336
B2330584750900N11954112WA000000113679
B2330594750907N11954105WA000000111479
B2331004750914N11954099WA000000110399
B2331014750921N11954093WA000000109299
B2331024750929N11954087WA000000108139
B2331034750936N11954082WA000000107992
B2331044750943N11954078WA000000107478
B2331054750950N11954077WA000000106625
B2331064750955N11954077WA000000106348
B2331074750959N11954080WA000000106082
B2331084750963N11954083WA000000105880
B2331094750965N11954087WA000000105874
B2331104750966N11954090WA000000105938
B2331114750965N11954092WA000000106078
B2331124750963N11954093WA000000105986
B2331134750961N11954093WA000000105972
B2331144750958N11954091WA000000106082
B2331154750956N11954087WA000000106018
B2331164750953N11954082WA000000106006
B2331174750950N11954075WA000000106075
B2331184750948N11954066WA000000106264
B2331194750948N11954054WA000000106237
B2331204750949N11954042WA000000106337
B2331214750952N11954031WA000000106423
B2331224750956N11954021WA000000106592
B2331234750962N11954013WA000000106555
B2331244750969N11954007WA000000106712
B2331254750976N11954003WA000000106711
B2331264750983N11954001WA000000106753
B2331274750989N11954000WA000000106599
B2331284750995N11954002WA000000106525
B2331294750999N11954005WA000000106660
B2331304751003N11954008WA000000106579
B2331314751004N11954013WA000000106491
B2331324751005N11954016WA000000106439
B2331334751004N11954019WA000000106444
B2331344751002N11954020WA000000106634
B2331354750999N11954019WA000000106789
B2331364750997N11954017WA000000106816
B2331374750994N11954013WA000000106949
B2331384750991N11954008WA000000106983
B2331394750989N11953999WA000000106947
B2331404750987N11953989WA000000106991
B2331414750987N11953977WA000000106963
B2331424750990N11953964WA000000106940
B2331434750994N11953952WA000000107104
B2331444750999N11953942WA000000107210
B2331454751005N11953933WA000000107216
B2331464751011N11953926WA000000109779
B2331474751018N11953922WA000000108955
B2331484751025N11953920WA000000108450
B2331494751032N11953920WA000000108102
B2331504751037N11953922WA000000107953
B2331514751042N11953925WA000000107817
B2331524751044N11953929WA000000107751
B2331534751045N11953932WA000000107743
B2331544751046N11953934WA000000107702
B2331554751046N11953935WA000000107726
B2331564751046N11953936WA000000107802
B2331574751045N11953936WA000000107845
B2331584751044N11953936WA000000107878
B2331594751043N11953937WA000000107968
B2332004751041N11953938WA000000108077
LXCTACTIVITY OTHER 76
B2332014751036N11953931WA000000108261
B2332024751034N11953926WA000000108402
B2332034751031N11953919WA000000108662
B2332044751029N11953910WA000000108791
B2332054751028N11953899WA000000108896
B2332064751029N11953887WA000000109052
B2332074751032N11953874WA000000109125
B2332084751037N11953862WA000000109289
B2332094751045N11953853WA000000109228
B2332104751053N11953847WA000000109089
B2332114751061N11953845WA000000109185
B2332124751068N11953846WA000000109202
B2332134751072N11953848WA000000109287
B2332144751076N11953851WA000000109148
B2332154751078N11953855WA000000109180
B2332164751080N11953858WA000000109225
B2332174751080N11953861WA000000109374
B2332184751081N11953862WA000000109525
B2332194751080N11953863WA000000109795
B2332204751080N11953864WA000000109895
B2332214751081N11953865WA000000109904
B2332224751079N11953864WA000000109838
B2332234751075N11953862WA000000109884
B2332244751072N11953858WA000000109851
B2332254751069N11953851WA000000109974
B2332264751067N11953842WA000000109937
B2332274751066N11953832WA000000110021
B2332284751066N11953820WA000000110072
B2332294751068N11953807WA000000110144
B2332304751071N11953794WA000000110257
B2332314751076N11953783WA000000110367
B2332324751083N11953775WA000000110400
B2332334751090N11953769WA000000110565
B2332344751097N11953766WA000000110887
B2332354751103N11953767WA000000110988
B2332364751108N11953771WA000000110934
B2332374751110N11953777WA000000110911
B2332384751110N11953781WA000000110947
B2332394751109N11953785WA000000111261
B2332404751109N11953785WA000000111649
B2332414751108N11953785WA000000111919
B2332424751106N11953782WA000000112228
B2332434751104N11953779WA000000112013
B2332444751100N11953773WA000000111836
B2332454751096N11953765WA000000111784
B2332464751094N11953754WA000000111853
B2332474751094N11953742WA000000111820
B2332484751096N11953729WA000000111884
B2332494751101N11953717WA000000111824
B2332504751107N11953707WA000000111858
B2332514751114N11953701WA000000112144
B2332524751121N11953700WA000000112336
B2332534751126N11953703WA000000112461
B2332544751130N11953708WA000000112532
B2332554751130N11953713WA000000112371
B2332564751129N11953717WA000000112402
B2332574751126N11953720WA000000112520
B2332584751123N11953719WA000000112865
B2332594751120N11953715WA000000113098
B2333004751118N11953709WA000000113005
B2333014751115N11953701WA000000113001
B2333024751112N11953690WA000000112996
B2333034751112N11953679WA000000113150
B2333044751113N11953667WA000000113290
B2333054751116N11953654WA000000113178
B2333064751120N11953644WA000000113383
B2333074751125N11953634WA000000113457
B2333084751131N11953626WA000000113607
B2333094751137N11953621WA000000113766
B2333104751144N11953619WA000000113810
B2333114751149N11953619WA000000114054
B2333124751153N11953621WA000000114176
B2333134751157N11953623WA000000114328
B2333144751160N11953626WA000000114627
B2333154751161N11953628WA000000114879
B2333164751161N11953631WA000000115095
B2333174751160N11953633WA000000115038
B2333184751156N11953633WA000000114879
B2333194751152N11953629WA000000114726
B2333204751148N11953622WA000000114614
B2333214751146N11953612WA000000114652
B2333224751145N11953600WA000000114574
B2333234751148N11953587WA000000114658
B2333244751152N11953576WA000000114690
B2333254751158N11953565WA000000114748
B2333264751165N11953559WA000000114611
B2333274751172N11953555WA000000114910
B2333284751179N11953551WA000000115147
B2333294751183N11953554WA000000115398
B2333304751188N11953557WA000000115504
B2333314751190N11953561WA000000115700
B2333324751190N11953564WA000000115890
B2333334751189N11953565WA000000116077
B2333344751186N11953564WA000000116069
B2333354751183N11953561WA000000115905
B2333364751179N11953554WA000000115909
B2333374751176N11953545WA000000115871
B2333384751175N11953533WA000000115939
B2333394751176N11953520WA000000115903
B2333404751177N11953506WA000000115952
B2333414751180N11953492WA000000116068
B2333424751185N11953481WA000000116287
B2333434751192N11953473WA000000116352
B2333444751199N11953468WA000000116620
B2333454751206N11953465WA000000116917
B2333464751211N11953466WA000000117193
B2333474751216N11953468WA000000117349
B2333484751219N11953473WA000000117557
B2333494751219N11953478WA000000117770
B2333504751218N11953481WA000000117900
B2333514751215N11953482WA000000118012
B2333524751210N11953474WA000000118121
B2333534751206N11953463WA000000118065
B2333544751203N11953451WA000000118399
B2333554751203N11953440WA000000118782
B2333564751204N11953428WA000000118981
B2333574751208N11953415WA000000119134
B2333584751213N11953403WA000000119069
B2333594751220N11953394WA000000118857
B2334004751228N11953389WA000000119040
B2334014751235N11953388WA000000119134
B2334024751241N11953391WA000000119100
B2334034751244N11953395WA000000119141
B2334044751245N11953400WA000000150860
B2334054751245N11953404WA000000142770
B2334064751246N11953407WA000000138323
B2334074751245N11953410WA000000134294
B2334084751246N11953412WA000000132141
B2334094751246N11953415WA000000129243
LXCTACTIVITY STILL 51
B2334104751245N11953418WA000000126895
B2334114751245N11953422WA000000125233
B2334124751244N11953426WA000000124467
B2334134751243N11953429WA000000124254
B2334144751241N11953432WA000000123075
B2334154751240N11953435WA000000122509
B2334164751238N11953439WA000000122233
B2334174751235N11953441WA000000121873
B2334184751234N11953443WA000000121712
B2334194751232N11953445WA000000121813
B2334204751230N11953448WA000000121972
B2334214751228N11953451WA000000121786
B2334224751226N11953455WA000000121585
B2334234751225N11953458WA000000121326
B2334244751223N11953462WA000000121224
B2334254751221N11953466WA000000121492
B2334264751221N11953469WA000000121344
B2334274751219N11953472WA000000121282
B2334284751218N11953474WA000000121239
B2334294751216N11953477WA000000121164
B2334304751216N11953481WA000000121162
B2334314751215N11953484WA000000120830
B2334324751214N11953488WA000000120987
B2334334751212N11953491WA000000120558
B2334344751210N11953495WA000000120404
B2334354751207N11953499WA000000120262
B2334364751206N11953502WA000000120324
B2334374751204N11953505WA000000120451
B2334384751203N11953507WA000000120478
B2334394751202N11953511WA000000120478
B2334404751201N11953515WA000000120451
B2334414751200N11953518WA000000120447
B2334424751199N11953522WA000000120497
B2334434751198N11953527WA000000120380
B2334444751197N11953532WA000000120090
B2334454751196N11953536WA000000119895
B2334464751195N11953540WA000000119668
B2334474751193N11953544WA000000119593
B2334484751192N11953548WA000000119370
B2334494751191N11953551WA000000119312
B2334504751190N11953554WA000000119341
B2334514751189N11953556WA000000119357
B2334524751188N11953560WA000000119111
B2334534751186N11953564WA000000118952
B2334544751184N11953569WA000000118930
B2334554751182N11953572WA000000118816
B2334564751179N11953577WA000000118860
B2334574751177N11953581WA000000118703
B2334584751175N11953585WA000000118716
B2334594751173N11953590WA000000118794
B2335004751173N11953596WA000000118697
B2335014751174N11953601WA000000118725
B2335024751174N11953603WA000000118709
B2335034751174N11953606WA000000118807
B2335044751173N11953609WA000000119074
B2335054751172N11953612WA000000118759
B2335064751171N11953618WA000000118556
B2335074751170N11953624WA000000118387
B2335084751170N11953630WA000000118178
B2335094751170N11953636WA000000118081
B2335104751171N11953640WA000000118026
B2335114751171N11953645WA000000117833
B2335124751171N11953649WA000000117819
B2335134751170N11953656WA000000117899
B2335144751170N11953663WA000000117439
B2335154751170N11953670WA000000117483
B2335164751172N11953676WA000000117305
B2335174751172N11953682WA000000117075
B2335184751173N11953688WA000000117014
B2335194751173N11953695WA000000116799
B2335204751174N11953703WA000000116494
B2335214751175N11953711WA000000116492
B2335224751176N11953717WA000000116486
B2335234751177N11953723WA000000116643
B2335244751178N11953727WA000000116525
B2335254751178N11953732WA000000116690
B2335264751178N11953736WA000000116698
B2335274751178N11953742WA000000116781
B2335284751178N11953746WA000000116889
B2335294751178N11953751WA000000117070
B2335304751178N11953754WA000000117245
B2335314751177N11953758WA000000117367
B2335324751177N11953763WA000000117249
B2335334751174N11953766WA000000117198
B2335344751171N11953769WA000000117146
B2335354751168N11953772WA000000117271
B2335364751166N11953772WA000000117305
B2335374751163N11953772WA000000117769
B2335384751160N11953773WA000000117892
B2335394751158N11953773WA000000117905
B2335404751154N11953774WA000000117963
B2335414751149N11953775WA000000117985
B2335424751145N11953777WA000000117840
B2335434751141N11953778WA000000117960
B2335444751137N11953778WA000000117954
B2335454751133N11953779WA000000118090
B2335464751130N11953778WA000000117948
B2335474751126N11953778WA000000117967
B2335484751122N11953778WA000000117748
B2335494751118N11953779WA000000117779
B2335504751114N11953780WA000000117329
B2335514751109N11953783WA000000116822
B2335524751103N11953786WA000000116348
B2335534751096N11953792WA000000115790
B2335544751091N11953798WA000000115422
B2335554751087N11953805WA000000115101
B2335564751083N11953812WA000000115064
B2335574751081N11953819WA000000114947
B2335584751079N11953826WA000000114962
B2335594751077N11953832WA000000114886
B2336004751075N11953838WA000000114695
B2336014751074N11953844WA000000114412
B2336024751072N11953850WA000000114029
B2336034751071N11953858WA000000113801
B2336044751069N11953865WA000000113850
B2336054751068N11953870WA000000113805
B2336064751067N11953874WA000000113808
B2336074751065N11953875WA000000113819
B2336084751061N11953876WA000000113966
B2336094751058N11953878WA000000113831
B2336104751054N11953879WA000000113558
B2336114751049N11953880WA000000113499
B2336124751044N11953881WA000000113268
B2336134751039N11953881WA000000113033
B2336144751033N11953880WA000000113064
B2336154751028N11953878WA000000112988
B2336164751023N11953876WA000000112866
B2336174751018N11953873WA000000112815
B2336184751013N11953869WA000000112826
B2336194751008N11953864WA000000112849
B2336204751002N11953860WA000000112985
B2336214750998N11953855WA000000113118
B2336224750993N11953850WA000000113174
B2336234750991N11953844WA000000113425
B2336244750988N11953838WA000000113538
B2336254750985N11953832WA000000113732
B2336264750981N11953826WA000000113876
B2336274750977N11953820WA000000113899
B2336284750973N11953814WA000000113999
B2336294750970N11953809WA000000113902
B2336304750965N11953803WA000000113866
B2336314750961N11953798WA000000113865
B2336324750957N11953793WA000000113883
B2336334750954N11953787WA000000113922
B2336344750950N11953781WA000000113903
B2336354750944N11953776WA000000114024
B2336364750939N11953772WA000000114126
B2336374750934N11953771WA000000114295
B2336384750931N11953771WA000000114545
B2336394750928N11953773WA000000114662
B2336404750927N11953775WA000000114844
B2336414750927N11953777WA000000115115
B2336424750928N11953779WA000000115386
B2336434750930N11953782WA000000115500
B2336444750931N11953785WA000000115579
B2336454750934N11953790WA000000115793
B2336464750937N11953794WA000000115991
B2336474750940N11953795WA000000116068
B2336484750943N11953796WA000000116285
B2336494750947N11953797WA000000116346
B2336504750951N11953798WA000000116305
B2336514750956N11953798WA000000116109
B2336524750961N11953798WA000000116202
B2336534750965N11953797WA000000116288
B2336544750970N11953797WA000000116148
B2336554750975N11953798WA000000116200
B2336564750979N11953797WA000000116300
B2336574750983N11953795WA000000116309
B2336584750987N11953794WA000000116411
B2336594750992N11953791WA000000116409
B2337004750997N11953788WA000000116052
B2337014751003N11953782WA000000115967
B2337024751010N11953775WA000000115879
B2337034751017N11953767WA000000116003
B2337044751022N11953756WA000000116125
B2337064751028N11953731WA000000116344
B2337074751029N11953718WA000000095487
B2337084751029N11953708WA000000100330
B2337094751027N11953697WA000000102679
B2337104751024N11953688WA000000105199
B2337114751021N11953681WA000000108797
B2337124751018N11953675WA000000111098
B2337134751016N11953670WA000000113814
B2337144751012N11953665WA000000114942
B2337154751009N11953658WA000000115418
B2337164751005N11953651WA000000116319
B2337174751001N11953645WA000000116600
B2337184750997N11953637WA000000116790
B2337194750995N11953629WA000000117472
B2337204750993N11953621WA000000117768
B2337214750991N11953615WA000000118123
B2337224750988N11953609WA000000118471
B2337234750984N11953604WA000000118961
B2337244750981N11953599WA000000119207
B2337254750977N11953595WA000000119538
B2337264750974N11953593WA000000119763
B2337274750972N11953595WA000000119817
B2337284750970N11953600WA000000119992
B2337294750969N11953603WA000000120025
B2337304750976N11953608WA000000120020
B2337314750982N11953610WA000000120643
B2337324750987N11953610WA000000120792
B2337344751000N11953606WA000000121019
B2337354751006N11953604WA000000096532
B2337364751012N11953602WA000000105114
B2337374751018N11953601WA000000108701
B2337384751022N11953601WA000000111810
B2337394751027N11953599WA000000113852
B2337404751032N11953596WA000000116696
B2337414751038N11953593WA000000118432
B2337424751043N11953588WA000000119882
B2337434751049N11953583WA000000120921
B2337444751054N11953576WA000000155967
B2337454751059N11953570WA000000145632
B2337464751064N11953562WA000000137232
LXCTACTIVITY OTHER 87
B2337474751069N11953554WA000000133827
B2337484751073N11953546WA000000130876
B2337494751078N11953537WA000000129428
B2337504751081N11953527WA000000128198
B2337514751084N11953515WA000000128006
B2337524751084N11953503WA000000127451
B2337534751083N11953491WA000000126858
B2337544751080N11953482WA000000126886
B2337554751076N11953476WA000000126993
B2337564751072N11953471WA000000126996
B2337574751068N11953468WA000000127280
B2337584751064N11953466WA000000127380
B2337594751061N11953462WA000000127315
B2338004751057N11953462WA000000127600
B2338014751052N11953462WA000000127892
B2338024751049N11953461WA000000128210
B2338034751045N11953458WA000000128653
B2338044751042N11953455WA000000129077
B2338054751041N11953456WA000000129110
B2338064751041N11953459WA000000129141
B2338074751045N11953464WA000000128814
B2338084751051N11953467WA000000128818
B2338094751057N11953467WA000000152893
B2338104751064N11953462WA000000143741
B2338114751069N11953454WA000000139661
B2338124751073N11953444WA000000137472
B2338134751076N11953432WA000000135875
B2338144751078N11953420WA000000134762
B2338154751077N11953409WA000000134964
B2338164751075N11953400WA000000135163
B2338174751071N11953392WA000000134372
B2338204751059N11953380WA000000133810
B2338214751055N11953380WA000000158998
B2338224751054N11953382WA000000152929
LXCTACTIVITY STILL 70
B2338234751056N11953387WA000000147206
B2338244751059N11953391WA000000143001
B2338254751063N11953393WA000000139878
B2338264751069N11953393WA000000137350
B2338274751075N11953389WA000000136186
B2338284751082N11953384WA000000135331
B2338294751088N11953376WA000000135117
B2338304751092N11953368WA000000137270
B2338314751096N11953358WA000000135605
B2338324751098N11953347WA000000134659
B2338334751099N11953337WA000000134117
B2338344751098N11953327WA000000133727
B2338354751095N11953318WA000000133623
B2338364751090N11953310WA000000133698
B2338374751085N11953305WA000000133560
B2338384751080N11953301WA000000149647
B2338394751076N11953301WA000000143406
B2338404751073N11953303WA000000140103
B2338414751072N11953307WA000000138506
B2338424751073N11953311WA000000137690
B2338434751077N11953314WA000000136803
B2338444751082N11953315WA000000136590
B2338454751089N11953313WA000000136322
B2338464751095N11953310WA000000135926
B2338474751102N11953303WA000000135810
B2338484751108N11953295WA000000135810
B2338494751113N11953285WA000000135768
B2338504751117N11953276WA000000135874
B2338514751120N11953266WA000000135921
B2338524751120N11953254WA000000135981
B2338534751119N11953242WA000000135847
B2338544751115N11953234WA000000135844
B2338554751110N11953229WA000000135875
B2338564751106N11953228WA000000135917
B2338574751103N11953231WA000000135903
B2338584751101N11953235WA000000135932
B2338594751102N11953239WA000000136183
B2339004751106N11953242WA000000136106
B2339014751110N11953244WA000000136181
B2339024751116N11953243WA000000136290
B2339034751124N11953239WA000000136112
B2339044751131N11953231WA000000136009
B2339054751136N11953222WA000000136000
B2339064751139N11953210WA000000136205
B2339074751139N11953198WA000000136415
B2339084751137N11953187WA000000136585
B2339094751136N11953177WA000000136614
B2339104751133N11953168WA000000136877
B2339114751130N11953161WA000000136790
B2339124751127N11953156WA000000136725
B2339134751123N11953156WA000000136514
B2339144751120N11953158WA000000136425
B2339154751117N11953161WA000000164992
B2339164751116N11953163WA000000153281
B2339174751117N11953165WA000000148351
B2339184751119N11953167WA000000130570
B2339194751124N11953170WA000000132835
B2339204751129N11953173WA000000133460
B2339214751136N11953174WA000000134320
B2339224751142N11953172WA000000135166
B2339234751149N11953168WA000000135501
B2339244751154N11953162WA000000136081
B2339254751160N11953154WA000000136477
B2339264751165N11953144WA000000136677
B2339274751168N11953131WA000000139769
B2339284751168N11953118WA000000138857
B2339294751166N11953107WA000000138460
B2339304751163N11953098WA000000138112
B2339314751159N11953092WA000000138009
B2339324751154N11953089WA000000138089
B2339334751152N11953088WA000000137915
B2339344751150N11953088WA000000137987
B2339354751151N11953090WA000000137900
B2339364751152N11953092WA000000137829
B2339374751153N11953098WA000000137629
B2339384751154N11953104WA000000137789
B2339394751156N11953110WA000000137833
B2339404751159N11953114WA000000138005
B2339414751163N11953117WA000000138012
B2339424751168N11953118WA000000138006
B2339434751174N11953116WA000000137910
B2339444751180N11953113WA000000138170
B2339454751187N11953108WA000000138235
B2339464751193N11953104WA000000138463
B2339474751199N11953099WA000000138502
B2339484751204N11953092WA000000138677
B2339494751209N11953084WA000000138596
B2339504751215N11953074WA000000138518
B2339514751217N11953061WA000000138431
B2339524751217N11953048WA000000138433
B2339534751215N11953037WA000000138554
B2339544751212N11953029WA000000138624
B2339554751208N11953025WA000000138832
B2339564751204N11953023WA000000138868
B2339574751201N11953024WA000000138732
B2339584751198N11953025WA000000138894
B2339594751198N11953030WA000000138912
B2340014751205N11953038WA000000138825
B2340024751210N11953041WA000000160557
B2340034751216N11953042WA000000154499
B2340044751224N11953040WA000000149500
B2340054751231N11953033WA000000146626
B2340064751237N11953025WA000000144902
B2340074751241N11953015WA000000143786
B2340084751245N11953004WA000000142892
B2340094751248N11952991WA000000142129
B2340104751248N11952979WA000000141764
B2340114751247N11952967WA000000141245
B2340124751244N11952956WA000000141088
B2340134751241N11952951WA000000140912
B2340144751236N11952947WA000000140868
B2340154751232N11952946WA000000140688
B2340164751229N11952948WA000000140589
B2340174751228N11952953WA000000140221
B2340184751228N11952958WA000000140167
B2340194751229N11952962WA000000140059
B2340204751237N11952968WA000000140130
B2340214751243N11952971WA000000140326
B2340224751249N11952971WA000000140431
B2340234751255N11952969WA000000140423
B2340244751262N11952965WA000000140323
B2340254751268N11952959WA000000140398
B2340264751275N11952953WA000000140377
B2340274751281N11952945WA000000140376
B2340284751286N11952936WA000000140387
B2340294751289N11952922WA000000140355
B2340304751290N11952909WA000000140352
B2340314751290N11952896WA000000140226
B2340324751288N11952886WA000000140293
B2340334751286N11952877WA000000140329
B2340344751282N11952871WA000000140448
B2340354751278N11952867WA000000140371
B2340364751274N11952864WA000000140268
B2340374751271N11952863WA000000140206
B2340384751268N11952864WA000000140241
B2340394751267N11952866WA000000140120
B2340404751267N11952868WA000000140003
B2340414751269N11952873WA000000139959
B2340424751273N11952877WA000000139910
B2340434751277N11952879WA000000139868
B2340444751283N11952881WA000000153820
B2340454751289N11952881WA000000150128
B2340464751295N11952881WA000000147365
B2340474751301N11952880WA000000145496
B2340484751308N11952879WA000000144074
B2340494751314N11952875WA000000143380
B2340504751321N11952869WA000000142886
B2340514751327N11952862WA000000141870
B2340524751333N11952852WA000000141355
B2340534751337N11952841WA000000140952
B2340544751339N11952828WA000000140645
B2340554751339N11952815WA000000140559
B2340564751338N11952803WA000000140106
B2340574751335N11952793WA000000139836
B2340584751331N11952787WA000000139860
B2340594751328N11952784WA000000139707
B2341004751325N11952785WA000000139617
B2341014751323N11952787WA000000150262
B2341024751322N11952790WA000000145693
B2341034751323N11952795WA000000143230
B2341044751327N11952798WA000000142305
B2341054751331N11952801WA000000141723
B2341064751336N11952803WA000000141495
B2341074751342N11952804WA000000141094
B2341084751348N11952804WA000000140832
B2341094751354N11952804WA000000140601
B2341104751359N11952805WA000000140718
B2341114751364N11952808WA000000140811
B2341124751367N11952811WA000000140987
B2341134751371N11952814WA000000141031
B2341144751376N11952815WA000000141308
B2341154751382N11952815WA000000140910
B2341164751388N11952811WA000000140482
B2341174751395N11952804WA000000140348
B2341184751399N11952791WA000000140244
B2341194751401N11952777WA000000140079
B2341204751401N11952765WA000000140093
B2341214751399N11952755WA000000140193
B2341224751397N11952748WA000000140345
B2341234751394N11952744WA000000140312
B2341244751390N11952741WA000000140223
B2341254751387N11952740WA000000140204
B2341264751384N11952741WA000000140265
B2341274751382N11952743WA000000140083
B2341284751381N11952747WA000000139961
B2341294751381N11952750WA000000139848
B2341304751382N11952754WA000000139738
B2341314751383N11952757WA000000139869
B2341324751384N11952760WA000000139868
B2341334751385N11952763WA000000139849
B2341344751386N11952767WA000000139704
B2341354751387N11952772WA000000139542
B2341364751389N11952776WA000000139362
B2341374751391N11952780WA000000139245
B2341384751394N11952785WA000000139230
B2341394751396N11952788WA000000139175
B2341404751399N11952792WA000000139226
B2341414751401N11952795WA000000139293
B2341424751403N11952799WA000000139285
B2341434751404N11952803WA000000139093
B2341444751405N11952807WA000000139075
B2341454751405N11952811WA000000138968
B2341464751405N11952816WA000000138944
B2341474751404N11952821WA000000138983
B2341484751405N11952826WA000000138925
B2341494751405N11952831WA000000138994
B2341504751408N11952836WA000000138829
B2341514751410N11952841WA000000138699
B2341524751414N11952847WA000000138506
B2341534751416N11952853WA000000138477
B2341544751418N11952859WA000000138461
B2341554751420N11952863WA000000138501
B2341564751420N11952867WA000000138531
B2341574751421N11952870WA000000138518
B2341584751423N11952874WA000000138439
B2341594751426N11952878WA000000138366
B2342004751431N11952881WA000000138075
B2342014751438N11952883WA000000137925
B2342024751445N11952881WA000000137838
B2342034751452N11952878WA000000137841
B2342044751458N11952871WA000000137637
B2342054751463N11952863WA000000137659
B2342064751467N11952854WA000000137597
B2342074751472N11952844WA000000137447
B2342084751476N11952834WA000000137451
B2342094751480N11952822WA000000112217
B2342104751484N11952811WA000000119941
B2342114751488N11952800WA000000123952
B2342124751491N11952789WA000000126797
B2342134751496N11952780WA000000128620
B2342144751501N11952770WA000000130513
B2342154751506N11952760WA000000131486
B2342164751512N11952752WA000000131825
B2342174751518N11952744WA000000133118
B2342184751523N11952738WA000000133846
B2342194751528N11952733WA000000134180
B2342204751533N11952728WA000000134764
B2342214751540N11952724WA000000134924
B2342224751545N11952721WA000000134789
B2342234751551N11952720WA000000135072
B2342244751558N11952719WA000000135348
B2342254751564N11952719WA000000135314
B2342264751569N11952719WA000000135551
B2342274751575N11952720WA000000135458
B2342284751580N11952721WA000000135454
B2342294751584N11952724WA000000135920
B2342304751586N11952727WA000000136039
B2342314751586N11952731WA000000136288
B2342324751587N11952735WA000000136732
B2342334751587N11952738WA000000137317
B2342344751586N11952741WA000000137588
B2342354751585N11952744WA000000137437
B2342364751581N11952743WA000000137438
B2342374751577N11952741WA000000137409
B2342384751572N11952737WA000000137677
B2342394751568N11952730WA000000137642
B2342404751565N11952720WA000000137739
B2342414751564N11952708WA000000171878
B2342424751566N11952696WA000000158620
B2342434751569N11952684WA000000151275
B2342444751574N11952674WA000000147978
B2342454751580N11952668WA000000145616
B2342464751586N11952665WA000000144523
B2342474751591N11952664WA000000143488
B2342484751596N11952666WA000000142789
B2342494751600N11952670WA000000142027
B2342504751602N11952675WA000000141761
B2342514751602N11952679WA000000141565
B2342524751601N11952683WA000000141281
B2342534751600N11952685WA000000140861
B2342544751597N11952686WA000000140841
B2342554751592N11952684WA000000140746
B2342564751587N11952680WA000000140766
B2342574751583N11952672WA000000140642
B2342584751579N11952663WA000000140765
B2342594751577N11952651WA000000140858
B2343004751579N11952639WA000000140978
B2343014751582N11952629WA000000140958
B2343024751586N11952620WA000000140925
B2343034751591N11952612WA000000140986
B2343044751598N11952607WA000000140750
B2343054751604N11952604WA000000140549
B2343064751610N11952605WA000000140526
B2343074751614N11952608WA000000140563
B2343084751617N11952612WA000000140648
B2343094751619N11952618WA000000140650
B2343104751620N11952623WA000000140701
B2343114751618N11952628WA000000140922
B2343124751615N11952630WA000000141085
B2343134751612N11952632WA000000141190
B2343144751608N11952625WA000000141218
B2343154751604N11952619WA000000141122
B2343164751600N11952610WA000000141090
B2343174751599N11952599WA000000141108
B2343184751599N11952589WA000000141201
B2343194751601N11952578WA000000141319
B2343204751604N11952568WA000000141379
B2343214751609N11952561WA000000141367
B2343224751614N11952556WA000000141290
B2343234751620N11952553WA000000141324
B2343244751625N11952553WA000000141300
B2343254751630N11952553WA000000141357
B2343264751634N11952557WA000000141114
B2343274751636N11952561WA000000141575
B2343284751637N11952566WA000000141314
B2343294751635N11952569WA000000141398
B2343304751633N11952571WA000000141108
B2343314751628N11952570WA000000141074
B2343334751620N11952558WA000000140968
B2343344751617N11952550WA000000165607
B2343354751615N11952540WA000000157953
B2343364751614N11952529WA000000152238
B2343374751613N11952519WA000000148191
B2343384751614N11952508WA000000146107
B2343394751616N11952498WA000000145111
B2343404751619N11952487WA000000144698
B2343414751625N11952479WA000000167718
B2343424751630N11952473WA000000157574
B2343434751636N11952469WA000000152985
B2343444751642N11952467WA000000149452
B2343454751648N11952464WA000000147713
B2343464751654N11952461WA000000146408
B2343474751659N11952459WA000000145300
B2343484751664N11952455WA000000144419
B2343494751670N11952453WA000000143443
B2343504751676N11952450WA000000143013
B2343514751681N11952447WA000000142687
B2343524751687N11952445WA000000142677
B2343534751693N11952442WA000000142657
B2343544751699N11952439WA000000142601
B2343554751704N11952435WA000000142328
B2343564751709N11952433WA000000142250
B2343574751715N11952429WA000000142266
B2343584751721N11952426WA000000142178
B2343594751726N11952424WA000000142351
B2344004751731N11952421WA000000142366
B2344014751737N11952419WA000000142333
B2344024751743N11952417WA000000142324
B2344034751749N11952414WA000000142445
B2344044751755N11952411WA000000142448
B2344054751761N11952408WA000000142548
B2344064751767N11952405WA000000142735
B2344074751772N11952402WA000000142793
B2344084751778N11952400WA000000142735
B2344094751784N11952398WA000000142510
B2344104751790N11952395WA000000142471
B2344114751797N11952391WA000000142291
B2344124751805N11952387WA000000142006
B2344134751812N11952384WA000000141956
B2344144751819N11952381WA000000141868
B2344154751826N11952378WA000000141936
B2344164751833N11952375WA000000141930
B2344174751840N11952372WA000000141920
B2344184751847N11952368WA000000141846
B2344194751854N11952366WA000000141873
B2344204751861N11952363WA000000141996
B2344214751868N11952361WA000000141921
B2344224751874N11952358WA000000141984
B2344234751881N11952356WA000000141960
B2344244751888N11952353WA000000141937
B2344254751895N11952352WA000000141900
B2344264751901N11952349WA000000141995
B2344274751909N11952346WA000000141889
B2344284751918N11952343WA000000141708
B2344294751925N11952341WA000000141653
B2344304751933N11952338WA000000141604
B2344314751938N11952333WA000000141682
B2344324751944N11952328WA000000141644
B2344334751950N11952323WA000000141697
B2344344751958N11952318WA000000141467
B2344354751967N11952314WA000000141002
B2344364751975N11952309WA000000140878
B2344374751983N11952306WA000000140730
B2344384751990N11952301WA000000140549
B2344394751997N11952298WA000000140597
B2344404752005N11952294WA000000140335
B2344414752013N11952289WA000000140318
B2344424752020N11952284WA000000140194
B2344434752028N11952278WA000000140122
B2344444752035N11952271WA000000140113
B2344454752041N11952266WA000000139857
LXCTACTIVITY OTHER 82
B2344464752048N11952261WA000000139957
B2344474752055N11952256WA000000139635
B2344484752062N11952251WA000000139585
B2344494752070N11952246WA000000139414
B2344504752077N11952242WA000000139333
B2344514752084N11952238WA000000139240
B2344524752091N11952234WA000000139270
B2344534752099N11952230WA000000139205
B2344544752106N11952226WA000000139134
B2344554752113N11952221WA000000139051
B2344564752119N11952216WA000000139059
B2344574752126N11952212WA000000139155
B2344584752133N11952208WA000000139093
B2344594752141N11952203WA000000139109
B2345004752148N11952200WA000000139061
B2345014752155N11952195WA000000138873
B2345024752163N11952190WA000000138701
B2345034752169N11952185WA000000138667
B2345044752175N11952182WA000000138770
B2345054752182N11952177WA000000138981
B2345064752190N11952172WA000000138882
B2345074752198N11952167WA000000138792
B2345084752207N11952162WA000000138703
B2345094752214N11952157WA000000138883
B2345104752222N11952151WA000000138943
B2345114752229N11952146WA000000139042
B2345124752236N11952141WA000000139040
B2345134752244N11952136WA000000139014
B2345144752252N11952131WA000000139008
B2345154752260N11952128WA000000139005
B2345164752268N11952125WA000000138770
B2345174752277N11952120WA000000138606
B2345184752284N11952116WA000000138583
B2345194752293N11952111WA000000138606
B2345204752301N11952107WA000000138558
B2345214752310N11952104WA000000138331
B2345224752318N11952099WA000000138197
B2345234752327N11952095WA000000138043
B2345244752335N11952091WA000000138090
B2345254752343N11952086WA000000137996
B2345264752351N11952082WA000000137933
B2345274752358N11952077WA000000137937
B2345284752365N11952073WA000000137886
B2345294752374N11952069WA000000137892
B2345304752382N11952064WA000000137816
B2345314752390N11952059WA000000137780
B2345324752398N11952054WA000000137470
B2345334752406N11952049WA000000137341
B2345344752413N11952043WA000000137347
B2345354752420N11952038WA000000137376
B2345364752427N11952033WA000000137385
B2345374752435N11952028WA000000137155
B2345384752443N11952023WA000000136969
B2345394752451N11952019WA000000136680
B2345404752460N11952014WA000000136606
B2345414752468N11952010WA000000136606
B2345424752475N11952005WA000000136616
B2345434752482N11952000WA000000136569
B2345444752490N11951996WA000000136347
B2345454752498N11951991WA000000136078
B2345464752506N11951986WA000000135864
B2345474752515N11951980WA000000135749
B2345484752523N11951975WA000000135599
B2345494752532N11951971WA000000135364
B2345504752541N11951966WA000000135217
B2345514752549N11951962WA000000135176
B2345524752558N11951959WA000000135140
B2345534752567N11951956WA000000134964
B2345544752576N11951953WA000000134778
B2345554752585N11951951WA000000134713
B2345564752593N11951949WA000000134633
B2345574752600N11951946WA000000134597
B2345584752608N11951944WA000000134448
B2345594752616N11951942WA000000134172
B2346004752625N11951939WA000000133985
B2346014752634N11951936WA000000133780
B2346024752643N11951932WA000000133609
B2346034752651N11951929WA000000133636
B2346044752658N11951927WA000000133577
B2346054752665N11951925WA000000133398
B2346064752673N11951925WA000000133043
B2346074752681N11951924WA000000132957
B2346084752690N11951924WA000000132835
B2346094752698N11951924WA000000132754
B2346104752706N11951923WA000000132897
B2346114752715N11951922WA000000132546
B2346124752725N11951920WA000000132409
B2346134752734N11951918WA000000132228
B2346144752742N11951916WA000000132367
LXCTACTIVITY STILL 66
B2346154752750N11951913WA000000132296
B2346164752759N11951911WA000000132012
B2346174752767N11951908WA000000131787
B2346184752776N11951907WA000000131640
B2346194752784N11951904WA000000131576
B2346204752793N11951901WA000000131408
B2346214752801N11951898WA000000131378
B2346224752810N11951896WA000000131150
B2346234752819N11951893WA000000131023
B2346244752827N11951890WA000000130868
B2346254752836N11951888WA000000130722
B2346264752844N11951885WA000000130692
B2346274752853N11951882WA000000130447
B2346284752862N11951880WA000000130327
B2346294752871N11951879WA000000130210
B2346304752880N11951876WA000000129936
B2346314752889N11951874WA000000129751
B2346324752897N11951871WA000000129671
B2346334752906N11951868WA000000129431
B2346344752914N11951864WA000000129368
B2346354752922N11951861WA000000129261
B2346364752930N11951857WA000000128978
B2346374752940N11951853WA000000128714
B2346384752949N11951849WA000000128637
B2346394752957N11951845WA000000128489
B2346404752966N11951841WA000000128205
B2346414752974N11951837WA000000128135
B2346424752982N11951832WA000000128067
B2346434752990N11951828WA000000127879
B2346444752999N11951824WA000000127644
B2346454753007N11951819WA000000127488
B2346464753017N11951814WA000000127319
B2346474753025N11951810WA000000127136
B2346484753033N11951806WA000000126921
B2346494753041N11951801WA000000126961
B2346504753049N11951797WA000000126733
B2346514753058N11951793WA000000126528
B2346524753067N11951789WA000000126277
B2346534753077N11951784WA000000125932
B2346544753087N11951780WA000000125708
B2346554753097N11951776WA000000125516
B2346564753106N11951772WA000000125508
B2346574753115N11951768WA000000125408
B2346584753123N11951763WA000000125416
B2346594753131N11951759WA000000125461
B2347004753139N11951754WA000000125447
B2347014753147N11951750WA000000125203
B2347024753155N11951745WA000000125239
B2347034753163N11951742WA000000125130
B2347044753171N11951738WA000000125172
B2347054753180N11951733WA000000124918
B2347064753188N11951729WA000000125020
B2347074753195N11951724WA000000125174
B2347084753203N11951719WA000000125161
B2347094753211N11951713WA000000125148
B2347104753219N11951708WA000000125101
B2347114753227N11951703WA000000125121
B2347124753234N11951697WA000000125078
B2347134753242N11951692WA000000124954
B2347144753250N11951686WA000000124929
B2347154753258N11951681WA000000124844
B2347164753266N11951676WA000000124853
B2347174753275N11951670WA000000124812
B2347184753283N11951664WA000000124836
B2347194753291N11951660WA000000124663
B2347204753299N11951655WA000000124591
B2347214753307N11951651WA000000124591
B2347224753316N11951646WA000000124432
B2347234753325N11951641WA000000124321
B2347244753333N11951636WA000000124494
B2347254753341N11951631WA000000124497
B2347264753349N11951626WA000000124454
B2347274753357N11951621WA000000124432
B2347284753365N11951616WA000000124663
B2347294753373N11951611WA000000124657
B2347304753381N11951607WA000000124610
B2347314753388N11951602WA000000124746
B2347324753396N11951598WA000000124741
B2347334753403N11951593WA000000124889
B2347344753410N11951589WA000000124932
B2347354753417N11951583WA000000124859
B2347364753425N11951578WA000000124838
B2347374753433N11951572WA000000124800
B2347384753440N11951566WA000000124864
B2347394753447N11951560WA000000124955
B2347404753454N11951554WA000000124936
B2347414753461N11951549WA000000124811
B2347424753467N11951542WA000000124789
B2347434753476N11951537WA000000124410
B2347444753484N11951530WA000000124329
B2347454753493N11951524WA000000124329
B2347464753500N11951520WA000000124161
B2347474753508N11951515WA000000124234
B2347484753515N11951509WA000000124369
B2347494753523N11951503WA000000124318
B2347504753530N11951498WA000000124432
B2347514753537N11951492WA000000124549
B2347524753544N11951487WA000000124477
B2347534753552N11951481WA000000124404
B2347544753559N11951475WA000000124355
B2347554753567N11951469WA000000124292
B2347564753576N11951463WA000000124033
B2347574753584N11951457WA000000123984
B2347584753593N11951452WA000000123851
B2347594753601N11951446WA000000123881
B2348004753610N11951439WA000000123847
B2348014753617N11951434WA000000123465
B2348024753624N11951429WA000000123576
B2348034753632N11951424WA000000123646
B2348044753640N11951419WA000000123536
B2348054753648N11951413WA000000123589
B2348064753656N11951409WA000000123373
B2348074753664N11951403WA000000123257
B2348084753672N11951397WA000000123049
B2348094753680N11951392WA000000122820
B2348104753688N11951386WA000000122801
B2348114753696N11951379WA000000122808
B2348124753704N11951374WA000000122637
B2348134753712N11951370WA000000122520
B2348144753720N11951364WA000000122314
B2348154753728N11951358WA000000122104
B2348164753736N11951352WA000000122006
B2348174753744N11951347WA000000121820
B2348184753752N11951341WA000000121807
B2348194753760N11951337WA000000121710
B2348204753768N11951333WA000000121782
B2348214753777N11951329WA000000121423
B2348224753784N11951325WA000000121396
B2348234753792N11951322WA000000121365
B2348244753799N11951319WA000000121273
B2348254753807N11951316WA000000121253
B2348264753814N11951313WA000000121370
B2348274753821N11951309WA000000121297
B2348284753829N11951305WA000000121059
B2348294753837N11951302WA000000121094
B2348304753846N11951298WA000000120807
B2348314753853N11951295WA000000120784
B2348324753861N11951292WA000000120623
B2348334753868N11951289WA000000120553
B2348344753876N11951286WA000000120423
B2348354753884N11951283WA000000120533
B2348364753892N11951281WA000000120450
B2348374753900N11951279WA000000120362
B2348384753908N11951277WA000000120294
B2348394753916N11951275WA000000120089
B2348404753924N11951273WA000000119956
B2348414753932N11951271WA000000119824
B2348424753939N11951269WA000000119754
B2348434753947N11951266WA000000119666
B2348444753956N11951265WA000000119631
B2348454753964N11951263WA000000119441
B2348464753972N11951259WA000000119309
B2348474753979N11951255WA000000119178
B2348484753986N11951252WA000000119086
B2348494753995N11951249WA000000118905
B2348504754002N11951248WA000000118984
B2348514754010N11951246WA000000118790
B2348524754018N11951243WA000000118582
B2348534754025N11951239WA000000118588
B2348544754033N11951236WA000000118525
B2348554754040N11951233WA000000118776
B2348564754047N11951231WA000000118791
B2348574754055N11951229WA000000118690
B2348584754064N11951227WA000000118676
B2348594754074N11951225WA000000118405
B2349004754082N11951223WA000000118595
B2349014754090N11951221WA000000118573
B2349024754098N11951219WA000000118623
B2349034754105N11951216WA000000118647
B2349044754113N11951214WA000000118679
B2349054754122N11951213WA000000118442
B2349064754132N11951210WA000000118212
B2349074754142N11951206WA000000118118
B2349084754151N11951202WA000000118046
B2349094754159N11951197WA000000118299
B2349104754167N11951192WA000000118258
B2349114754175N11951187WA000000118325
B2349124754182N11951183WA000000118356
B2349134754189N11951180WA000000118373
B2349144754195N11951177WA000000118096
B2349154754203N11951174WA000000117931
B2349164754210N11951171WA000000117856
B2349174754218N11951167WA000000117808
B2349184754225N11951164WA000000117773
B2349194754233N11951160WA000000117558
B2349204754241N11951157WA000000117435
B2349214754249N11951154WA000000117423
B2349224754256N11951150WA000000117496
B2349234754265N11951147WA000000117311
B2349244754272N11951143WA000000117392
B2349254754281N11951139WA000000117112
B2349264754289N11951135WA000000117041
B2349274754297N11951131WA000000116990
B2349284754305N11951126WA000000116839
B2349294754312N11951121WA000000116608
B2349304754320N11951115WA000000116478
B2349314754329N11951109WA000000116229
B2349324754337N11951103WA000000116075
B2349334754345N11951098WA000000116123
B2349344754352N11951093WA000000116063
B2349354754360N11951087WA000000115905
B2349364754367N11951080WA000000115808
B2349374754374N11951074WA000000115556
B2349384754381N11951067WA000000115498
B2349394754388N11951061WA000000115294
B2349404754396N11951054WA000000115169
B2349414754404N11951048WA000000114946
B2349424754412N11951041WA000000114937
B2349434754420N11951034WA000000114809
B2349444754427N11951027WA000000114818
B2349454754434N11951021WA000000114551
B2349464754442N11951013WA000000114559
B2349474754450N11951006WA000000114389
B2349484754458N11950999WA000000114397
B2349494754466N11950993WA000000114282
B2349504754475N11950986WA000000114204
B2349514754481N11950980WA000000113995
B2349524754488N11950973WA000000113847
B2349534754495N11950967WA000000113612
B2349544754502N11950960WA000000113468
B2349554754510N11950953WA000000113395
B2349564754519N11950945WA000000113006
B2349574754528N11950936WA000000112709
B2349584754536N11950929WA000000112350
B2349594754545N11950919WA000000112219
B2350004754553N11950912WA000000112272
B2350014754561N11950905WA000000112221
B2350024754568N11950898WA000000112202
B2350034754574N11950891WA000000112152
B2350044754581N11950884WA000000112035
B2350054754587N11950876WA000000112095
B2350064754594N11950868WA000000111770
B2350074754601N11950860WA000000111640
B2350084754608N11950851WA000000111471
B2350094754616N11950842WA000000111427
B2350104754623N11950834WA000000111337
B2350114754630N11950826WA000000111135
B2350124754636N11950817WA000000111054
B2350134754643N11950808WA000000110875
B2350144754650N11950798WA000000110697
B2350154754657N11950789WA000000110493
B2350164754665N11950779WA000000110246
B2350174754672N11950770WA000000110066
B2350184754679N11950761WA000000109987
B2350194754687N11950753WA000000109814
B2350204754693N11950744WA000000109698
B2350214754700N11950736WA000000109393
B2350224754708N11950726WA000000109129
B2350234754715N11950717WA000000108845
B2350244754722N11950708WA000000108779
B2350254754730N11950699WA000000108457
B2350264754738N11950690WA000000108259
B2350274754746N11950682WA000000108184
B2350284754754N11950674WA000000107890
B2350294754763N11950666WA000000107826
B2350304754771N11950659WA000000107774
B2350314754780N11950652WA000000107414
B2350324754789N11950646WA000000107302
B2350334754797N11950640WA000000107192
B2350344754806N11950634WA000000107046
B2350354754814N11950628WA000000106731
B2350364754822N11950622WA000000106654
B2350374754830N11950616WA000000106496
B2350384754839N11950611WA000000106323
B2350394754847N11950605WA000000106032
B2350404754855N11950599WA000000106076
B2350414754864N11950594WA000000105991
B2350424754873N11950588WA000000105617
B2350434754881N11950583WA000000105581
B2350444754890N11950577WA000000105418
B2350454754898N11950572WA000000105347
B2350464754907N11950567WA000000105301
B2350474754915N11950561WA000000105249
B2350484754923N11950557WA000000105191
B2350494754932N11950551WA000000105007
B2350504754940N11950545WA000000104971
B2350514754949N11950538WA000000104766
B2350524754957N11950532WA000000104660
B2350534754965N11950526WA000000104592
B2350544754973N11950519WA000000104389
B2350554754981N11950513WA000000104276
B2350564754990N11950507WA000000104244
B2350574754998N11950500WA000000104068
B2350584755006N11950495WA000000104016
B2350594755014N11950489WA000000103837
B2351004755022N11950483WA000000103813
B2351014755029N11950477WA000000103920
B2351024755036N11950471WA000000103949
B2351034755043N11950465WA000000103878
B2351044755050N11950460WA000000103796
B2351054755057N11950455WA000000103793
B2351064755066N11950449WA000000103627
B2351074755073N11950444WA000000103471
B2351084755080N11950438WA000000103497
B2351094755088N11950433WA000000103353
B2351104755095N11950428WA000000103272
B2351114755103N11950423WA000000103121
B2351124755110N11950418WA000000102992
B2351134755118N11950412WA000000102788
B2351144755127N11950407WA000000102536
B2351154755136N11950402WA000000102328
B2351164755144N11950396WA000000102049
B2351174755153N11950391WA000000101816
B2351184755161N11950385WA000000101624
B2351194755169N11950379WA000000101536
B2351204755177N11950373WA000000101424
B2351214755185N11950367WA000000101394
B2351224755194N11950361WA000000101385
B2351234755203N11950355WA000000101154
B2351244755212N11950350WA000000101032
B2351254755220N11950344WA000000100858
B2351264755228N11950340WA000000100735
B2351274755237N11950334WA000000100468
B2351284755245N11950330WA000000100022
B2351294755253N11950325WA000000099861
B2351304755262N11950321WA000000099635
B2351314755270N11950318WA000000099390
B2351324755278N11950313WA000000099172
B2351334755287N11950310WA000000099083
B2351344755295N11950305WA000000098805
B2351354755302N11950300WA000000098815
B2351364755308N11950295WA000000098754
B2351374755315N11950290WA000000098712
B2351384755321N11950286WA000000098714
B2351394755328N11950283WA000000098630
B2351404755335N11950280WA000000098714
B2351414755341N11950276WA000000098768
B2351424755347N11950272WA000000098883
B2351434755354N11950268WA000000098860
B2351444755361N11950263WA000000098897
B2351454755368N11950261WA000000098740
B2351464755374N11950257WA000000098589
B2351474755382N11950254WA000000098505
B2351484755389N11950250WA000000098557
B2351494755396N11950246WA000000098347
B2351504755403N11950242WA000000098266
B2351514755411N11950239WA000000098113
B2351524755418N11950236WA000000097930
B2351534755425N11950232WA000000097683
B2351544755434N11950228WA000000097333
B2351554755443N11950224WA000000097162
B2351564755453N11950220WA000000096919
B2351574755462N11950216WA000000096731
B2351584755470N11950212WA000000096981
B2351594755478N11950207WA000000096752
B2352004755486N11950203WA000000096722
B2352014755493N11950200WA000000096600
B2352024755500N11950196WA000000096608
B2352034755507N11950193WA000000096617
B2352044755513N11950191WA000000096582
B2352054755521N11950188WA000000096318
B2352064755528N11950186WA000000096274
B2352074755536N11950183WA000000096106
B2352084755543N11950181WA000000096025
B2352094755549N11950179WA000000095980
B2352104755556N11950176WA000000095912
B2352114755562N11950174WA000000095792
B2352124755570N11950171WA000000095303
B2352134755578N11950168WA000000095138
B2352144755587N11950166WA000000095035
B2352154755595N11950163WA000000094789
B2352164755604N11950162WA000000094754
B2352174755612N11950160WA000000094502
B2352184755620N11950158WA000000094511
B2352194755627N11950155WA000000094573
B2352204755635N11950152WA000000094518
B2352214755643N11950149WA000000094550
B2352224755651N11950145WA000000094486
B2352234755660N11950141WA000000094437
B2352244755668N11950137WA000000094223
B2352254755676N11950136WA000000094300
B2352264755683N11950131WA000000093713
B2352274755690N11950127WA000000093976
B2352284755698N11950126WA000000093888
B2352294755703N11950123WA000000093679
B2352304755710N11950121WA000000093740
B2352314755716N11950118WA000000093785
B2352324755724N11950115WA000000093608
B2352334755730N11950113WA000000093584
B2352344755738N11950110WA000000093337
B2352354755746N11950108WA000000093150
B2352364755754N11950104WA000000092882
B2352374755762N11950100WA000000092789
B2352384755770N11950097WA000000092818
B2352394755776N11950095WA000000093080
B2352404755783N11950092WA000000093248
B2352414755789N11950091WA000000093442
B2352424755795N11950091WA000000093420
B2352434755800N11950092WA000000093529
B2352444755805N11950095WA000000093524
B2352454755809N11950099WA000000093308
B2352464755811N11950105WA000000093393
B2352474755813N11950109WA000000093006
B2352484755812N11950112WA000000093096
B2352494755811N11950115WA000000093080
B2352504755810N11950117WA000000093020
B2352514755807N11950117WA000000092626
B2352524755803N11950113WA000000092404
B2352534755799N11950107WA000000092442
B2352564755794N11950076WA000000092465
B2352574755795N11950066WA000000117213
B2352584755796N11950056WA000000111301
B2352594755797N11950045WA000000107193
B2353004755800N11950033WA000000103521
B2353014755803N11950022WA000000101381
B2353024755808N11950011WA000000099948
B2353034755813N11950002WA000000098528
B2353044755818N11949995WA000000096992
B2353054755826N11949989WA000000096308
B2353064755834N11949986WA000000096090
B2353074755842N11949983WA000000095180
B2353084755850N11949979WA000000094577
B2353094755859N11949976WA000000094326
B2353104755867N11949974WA000000093921
B2353114755877N11949970WA000000094138
B2353124755884N11949967WA000000094132
B2353134755891N11949964WA000000093872
B2353144755900N11949962WA000000093411
B2353154755908N11949959WA000000093405
B2353164755915N11949956WA000000093454
B2353174755923N11949954WA000000093462
B2353184755931N11949951WA000000093628
B2353194755938N11949948WA000000093365
B2353204755945N11949945WA000000093158
B2353214755953N11949942WA000000092910
B2353224755960N11949938WA000000092755
B2353234755967N11949935WA000000092656
B2353244755974N11949932WA000000092599
B2353254755981N11949930WA000000092392
B2353264755990N11949927WA000000092014
B2353274755997N11949923WA000000092066
B2353284756005N11949919WA000000091929
B2353294756013N11949916WA000000091786
B2353304756021N11949912WA000000091686
B2353314756030N11949908WA000000091425
B2353324756038N11949905WA000000091120
B2353334756045N11949902WA000000090973
B2353344756053N11949899WA000000091051
B2353354756061N11949895WA000000090572
B2353364756071N11949891WA000000090405
B2353374756080N11949888WA000000090382
LXCTACTIVITY OTHER 83
B2353384756090N11949890WA000000090397
B2353394756099N11949892WA000000089870
B2353404756108N11949892WA000000089524
B2353414756116N11949892WA000000089523
B2353424756124N11949892WA000000089436
B2353434756132N11949892WA000000089262
B2353444756142N11949891WA000000089110
B2353454756151N11949892WA000000089039
B2353464756161N11949893WA000000088707
B2353474756169N11949894WA000000088662
B2353484756178N11949893WA000000088425
B2353494756186N11949893WA000000088244
B2353504756194N11949893WA000000087975
B2353514756202N11949894WA000000087772
B2353524756211N11949895WA000000087545
B2353534756219N11949897WA000000087252
B2353544756227N11949899WA000000087074
B2353554756235N11949902WA000000087003
B2353564756242N11949905WA000000086951
B2353574756249N11949907WA000000086895
B2353584756256N11949910WA000000086781
B2353594756263N11949912WA000000086742
B2354004756270N11949915WA000000086244
B2354014756277N11949918WA000000086169
B2354024756284N11949923WA000000085982
B2354034756291N11949926WA000000085741
B2354044756297N11949927WA000000085738
B2354054756303N11949930WA000000085612
B2354064756309N11949932WA000000085740
B2354074756315N11949934WA000000085551
B2354084756321N11949935WA000000085286
B2354094756328N11949938WA000000085060
B2354104756335N11949940WA000000084955
B2354114756341N11949941WA000000084888
B2354124756348N11949944WA000000084812
B2354134756354N11949946WA000000084404
B2354144756360N11949950WA000000084250
B2354154756366N11949956WA000000084151
B2354164756373N11949961WA000000083733
B2354174756379N11949967WA000000083638
B2354184756385N11949972WA000000083465
B2354194756390N11949976WA000000083489
B2354204756395N11949981WA000000083377
B2354214756400N11949985WA000000083245
B2354224756405N11949990WA000000083123
B2354234756410N11949995WA000000083290
B2354244756416N11950000WA000000083227
B2354254756422N11950005WA000000083107
B2354264756427N11950008WA000000083369
B2354274756432N11950012WA000000083313
B2354284756437N11950015WA000000083269
B2354294756441N11950019WA000000083113
B2354304756444N11950023WA000000083036
B2354314756446N11950026WA000000083169
B2354324756447N11950031WA000000083351
B2354334756447N11950033WA000000083433
B2354344756446N11950034WA000000083657
B2354354756445N11950035WA000000083684
B2354364756444N11950036WA000000083865
B2354374756443N11950038WA000000083984
B2354384756443N11950040WA000000084001
B2354394756442N11950042WA000000084232
B2354404756441N11950044WA000000084355
B2354414756441N11950046WA000000084418
B2354424756439N11950049WA000000084405
B2354434756438N11950052WA000000084423
B2354444756437N11950055WA000000084740
B2354454756436N11950057WA000000084909
B2354464756433N11950060WA000000085194
B2354474756431N11950062WA000000085377
B2354484756429N11950064WA000000085556
B2354494756424N11950062WA000000085777
B2354504756421N11950061WA000000085882
B2354514756418N11950057WA000000086113
B2354524756415N11950050WA000000086478
B2354534756414N11950041WA000000086546
B2354544756414N11950031WA000000086782
B2354554756419N11950019WA000000086709
B2354564756425N11950009WA000000086839
B2354574756433N11950004WA000000086951
B2354584756441N11950003WA000000087021
B2354594756449N11950005WA000000087233
B2355004756452N11950010WA000000087252
B2355014756455N11950014WA000000087577
B2355024756455N11950018WA000000087667
B2355034756454N11950021WA000000087720
B2355044756453N11950023WA000000088020
B2355054756451N11950022WA000000088229
B2355064756449N11950022WA000000088433
B2355074756447N11950019WA000000088614
B2355084756444N11950014WA000000088997
B2355094756442N11950007WA000000089078
B2355104756442N11949999WA000000091802
B2355114756442N11949989WA000000091072
B2355124756446N11949978WA000000090610
B2355134756451N11949968WA000000090391
B2355144756459N11949962WA000000090231
B2355154756467N11949959WA000000090241
B2355164756475N11949959WA000000090102
B2355174756480N11949961WA000000090385
B2355184756485N11949964WA000000090495
B2355194756488N11949968WA000000090526
B2355204756489N11949972WA000000090639
B2355214756489N11949976WA000000090637
B2355224756488N11949979WA000000090831
B2355234756487N11949980WA000000091011
B2355244756486N11949979WA000000091330
B2355254756484N11949974WA000000091385
B2355264756483N11949965WA000000091398
B2355274756484N11949954WA000000091219
B2355284756486N11949942WA000000091359
B2355294756489N11949931WA000000091685
B2355304756496N11949923WA000000091999
B2355314756504N11949918WA000000091968
B2355324756511N11949917WA000000091991
B2355334756518N11949918WA000000092258
B2355344756523N11949921WA000000092245
B2355354756525N11949926WA000000092490
B2355364756527N11949930WA000000092426
B2355374756527N11949934WA000000092509
B2355384756526N11949936WA000000092419
B2355394756524N11949937WA000000092573
B2355404756523N11949936WA000000092759
B2355414756522N11949934WA000000092847
B2355424756520N11949929WA000000092973
B2355434756519N11949920WA000000092736
B2355444756519N11949909WA000000092505
B2355454756520N11949896WA000000092288
B2355464756525N11949884WA000000092141
LXCTACTIVITY STILL 57
B2355474756531N11949872WA000000092192
B2355484756539N11949863WA000000092213
B2355494756546N11949856WA000000092537
B2355504756553N11949853WA000000092932
B2355514756559N11949852WA000000093184
B2355524756565N11949853WA000000093286
B2355534756571N11949856WA000000093234
B2355544756575N11949860WA000000093208
B2355554756578N11949865WA000000093217
B2355564756579N11949870WA000000093261
B2355574756579N11949872WA000000093209
B2355584756577N11949873WA000000093209
B2355594756574N11949873WA000000093384
B2356004756572N11949871WA000000093271
B2356014756571N11949869WA000000093275
B2356024756568N11949868WA000000092893
B2356034756566N11949867WA000000092934
B2356044756563N11949866WA000000092998
B2356054756561N11949866WA000000092930
B2356064756558N11949865WA000000092959
B2356074756555N11949864WA000000092958
B2356084756552N11949865WA000000092822
B2356094756550N11949865WA000000093018
B2356104756547N11949866WA000000092994
B2356114756545N11949867WA000000092884
B2356124756544N11949868WA000000092704
B2356134756541N11949870WA000000092590
B2356144756539N11949871WA000000092496
B2356154756537N11949872WA000000092349
B2356164756535N11949873WA000000092139
B2356174756533N11949874WA000000092076
B2356184756532N11949875WA000000091833
B2356194756531N11949876WA000000091705
B2356204756529N11949878WA000000091571
B2356214756528N11949880WA000000091480
B2356224756527N11949882WA000000091231
B2356234756525N11949884WA000000091293
B2356244756524N11949885WA000000091258
B2356254756523N11949886WA000000091108
B2356264756521N11949888WA000000091040
B2356274756519N11949889WA000000090872
B2356284756517N11949890WA000000090586
B2356294756515N11949892WA000000090352
B2356304756513N11949893WA000000090256
B2356314756511N11949895WA000000089950
B2356324756509N11949896WA000000089881
B2356334756508N11949897WA000000089721
B2356344756506N11949898WA000000089422
B2356354756503N11949897WA000000089124
B2356364756500N11949899WA000000088811
B2356374756497N11949902WA000000088537
B2356384756494N11949907WA000000088192
B2356394756492N11949911WA000000087870
B2356404756491N11949915WA000000087730
B2356414756489N11949917WA000000087694
B2356424756488N11949920WA000000087650
B2356434756486N11949923WA000000087681
B2356444756484N11949927WA000000087165
B2356454756480N11949933WA000000086598
B2356464756477N11949941WA000000086171
B2356474756474N11949948WA000000086070
B2356484756472N11949953WA000000086115
B2356494756470N11949958WA000000086400
B2356504756467N11949960WA000000086588
B2356514756466N11949963WA000000086800
B2356524756464N11949964WA000000087105
B2356534756462N11949967WA000000087341
B2356544756461N11949970WA000000087450
B2356554756460N11949971WA000000087657
B2356564756458N11949972WA000000087898
B2356574756455N11949970WA000000088099
B2356584756452N11949969WA000000088069
B2356594756448N11949970WA000000088070
B2357004756445N11949970WA000000088061
B2357014756443N11949972WA000000088042
B2357024756441N11949975WA000000087910
B2357034756439N11949977WA000000088163
B2357044756438N11949980WA000000088222
B2357054756436N11949983WA000000088171
B2357064756435N11949986WA000000088195
B2357074756434N11949990WA000000088244
B2357084756432N11949994WA000000088170
B2357094756431N11949997WA000000088026
B2357104756429N11950001WA000000087865
B2357114756428N11950005WA000000087802
B2357124756425N11950009WA000000087850
B2357134756424N11950013WA000000087703
B2357144756422N11950017WA000000087768
B2357154756420N11950022WA000000087757
B2357164756419N11950027WA000000087811
B2357174756417N11950031WA000000088053
B2357184756416N11950034WA000000088119
B2357194756414N11950038WA000000088122
B2357204756412N11950041WA000000088230
B2357214756411N11950044WA000000088259
B2357224756409N11950050WA000000088291
B2357234756407N11950055WA000000088271
B2357244756406N11950060WA000000088238
B2357254756405N11950064WA000000088126
B2357264756404N11950067WA000000088226
B2357274756402N11950070WA000000088294
B2357284756401N11950073WA000000088246
B2357294756400N11950078WA000000088240
B2357304756398N11950082WA000000087961
B2357314756397N11950087WA000000087891
B2357324756397N11950092WA000000087865
B2357334756399N11950098WA000000087832
B2357344756400N11950103WA000000087899
B2357354756402N11950109WA000000087748
B2357364756404N11950115WA000000087702
B2357374756405N11950121WA000000087552
B2357384756406N11950127WA000000087292
B2357394756408N11950134WA000000087191
B2357404756410N11950139WA000000086829
B2357414756411N11950144WA000000086854
B2357424756412N11950148WA000000086833
B2357434756412N11950152WA000000086670
B2357444756413N11950155WA000000086407
B2357454756412N11950159WA000000086293
B2357464756412N11950163WA000000086025
B2357474756411N11950167WA000000085817
B2357484756409N11950171WA000000085573
B2357494756408N11950174WA000000085320
B2357504756406N11950176WA000000085155
B2357514756403N11950178WA000000085083
B2357524756399N11950178WA000000084788
B2357534756395N11950179WA000000084553
B2357544756390N11950178WA000000084327
B2357554756384N11950177WA000000083979
B2357564756379N11950176WA000000083839
B2357574756375N11950176WA000000083820
B2357584756371N11950175WA000000083825
B2357594756367N11950175WA000000083939
B2358004756364N11950176WA000000083916
B2358014756360N11950177WA000000084011
B2358024756356N11950177WA000000084095
B2358034756353N11950179WA000000083811
B2358044756349N11950178WA000000083832
B2358054756346N11950177WA000000084054
B2358064756344N11950175WA000000084343
B2358074756341N11950172WA000000084593
B2358084756339N11950169WA000000084568
B2358094756336N11950167WA000000084424
B2358104756333N11950166WA000000084404
B2358114756330N11950165WA000000084407
B2358124756327N11950165WA000000084572
B2358134756326N11950164WA000000084520
B2358144756324N11950163WA000000084545
B2358154756321N11950163WA000000084454
B2358164756318N11950163WA000000084330
B2358174756315N11950163WA000000084295
B2358184756314N11950164WA000000084405
B2358194756312N11950165WA000000084717
B2358204756310N11950166WA000000084789
B2358214756310N11950168WA000000084712
B2358224756309N11950171WA000000084762
B2358234756308N11950173WA000000084744
B2358244756307N11950175WA000000084717
B2358254756305N11950178WA000000084661
B2358264756303N11950179WA000000084748
B2358274756301N11950181WA000000084767
B2358284756298N11950179WA000000084796
B2358294756297N11950175WA000000084828
B2358304756295N11950170WA000000084950
B2358314756293N11950163WA000000084982
B2358324756293N11950155WA000000085125
B2358334756293N11950147WA000000085051
B2358344756294N11950136WA000000085176
B2358354756297N11950127WA000000085291
B2358364756303N11950118WA000000085366
B2358374756310N11950113WA000000085493
B2358384756318N11950111WA000000085487
B2358394756325N11950112WA000000085799
B2358404756331N11950116WA000000085838
B2358414756334N11950123WA000000085851
B2358424756335N11950129WA000000085839
B2358434756335N11950136WA000000085914
B2358444756332N11950140WA000000086156
B2358454756330N11950142WA000000086200
B2358464756327N11950141WA000000086300
B2358474756325N11950138WA000000086616
B2358484756323N11950134WA000000086710
B2358494756321N11950127WA000000086858
B2358504756321N11950119WA000000086912
B2358514756320N11950108WA000000086897
B2358524756323N11950098WA000000086796
B2358534756328N11950088WA000000086879
B2358544756336N11950081WA000000086947
B2358554756344N11950079WA000000086983
B2358564756353N11950080WA000000087014
B2358574756359N11950085WA000000087014
B2358584756362N11950091WA000000087155
B2358594756363N11950097WA000000111538
B2359004756363N11950102WA000000104001
B2359014756361N11950104WA000000100286
B2359024756360N11950104WA000000097117
B2359034756358N11950105WA000000095284
B2359044756356N11950102WA000000093574
B2359054756354N11950097WA000000092164
B2359064756353N11950091WA000000091136
B2359074756352N11950083WA000000090189
B2359084756353N11950074WA000000089473
B2359094756356N11950063WA000000088743
B2359104756360N11950052WA000000088239
B2359114756365N11950044WA000000088055
B2359124756372N11950038WA000000088074
B2359134756380N11950035WA000000088045
B2359144756388N11950034WA000000088009
B2359154756395N11950036WA000000088048
B2359164756401N11950040WA000000088074
B2359174756405N11950044WA000000088079
B2359184756409N11950050WA000000088003
B2359194756411N11950055WA000000087821
B2359204756411N11950059WA000000087893
B2359214756411N11950062WA000000087735
B2359224756410N11950064WA000000087958
B2359234756409N11950064WA000000087907
B2359244756406N11950064WA000000088065
B2359254756404N11950064WA000000088020
B2359264756402N11950063WA000000088091
B2359274756398N11950062WA000000087902
B2359284756395N11950060WA000000087967
B2359294756392N11950060WA000000087973
B2359304756390N11950060WA000000087915
B2359314756387N11950060WA000000088111
B2359324756383N11950059WA000000088345
B2359334756381N11950057WA000000088301
B2359344756378N11950053WA000000088382
B2359354756378N11950045WA000000088333
B2359364756377N11950036WA000000088391
B2359374756380N11950022WA000000088380
B2359384756385N11950010WA000000088379
B2359394756392N11950002WA000000088434
B2359404756399N11949996WA000000088524
B2359414756406N11949993WA000000088687
B2359424756414N11949994WA000000088640
B2359434756421N11949996WA000000088640
B2359444756426N11949999WA000000088767
B2359454756430N11950005WA000000088733
B2359464756431N11950010WA000000088974
B2359474756431N11950014WA000000089041
B2359484756430N11950016WA000000089110
B2359494756427N11950014WA000000089197
B2359504756425N11950010WA000000089224
B2359514756425N11949999WA000000057848
B2359524756425N11949988WA000000069487
B2359534756428N11949977WA000000075880
B2359544756433N11949964WA000000080828
B2359554756439N11949954WA000000083389
B2359564756446N11949947WA000000084682
B2359574756455N11949943WA000000085929
B2359584756462N11949943WA000000086585
B2359594756469N11949946WA000000086987
HFDTEDATE:130719,03
B0000004756475N11949950WA000000087006
B0000014756478N11949954WA000000087589
B0000024756481N11949960WA000000087891
B0000034756483N11949964WA000000087765
B0000044756485N11949969WA000000087915
B0000054756485N11949974WA000000088098
B0000064756485N11949979WA000000088033
B0000074756485N11949984WA000000087829
B0000084756486N11949990WA000000087985
B0000094756487N11949995WA000000087986
B0000104756488N11950000WA000000088195
B0000114756489N11950005WA000000088293
B0000124756490N11950008WA000000088307
B0000134756488N11950010WA000000088334
B0000144756485N11950010WA000000088362
B0000154756481N11950006WA000000088297
B0000164756478N11950000WA000000088319
B0000174756475N11949993WA000000088397
B0000184756475N11949983WA000000088235
B0000194756476N11949971WA000000088357
B0000204756478N11949960WA000000088317
B0000214756482N11949949WA000000088342
B0000224756486N11949937WA000000088415
B0000234756490N11949926WA000000088309
B0000244756490N11949916WA000000088256
B0000254756489N11949907WA000000087927
B0000264756487N11949901WA000000087811
B0000274756485N11949897WA000000087833
B0000284756482N11949895WA000000087771
B0000294756480N11949895WA000000087738
B0000304756477N11949897WA000000087592
B0000314756475N11949899WA000000087331
B0000324756473N11949902WA000000087243
B0000334756472N11949907WA000000087003
B0000344756470N11949913WA000000086897
B0000354756470N11949921WA000000086520
B0000364756468N11949928WA000000086299
B0000374756469N11949936WA000000086123
B0000384756469N11949942WA000000085954
B0000394756470N11949949WA000000085747
B0000404756471N11949956WA000000085517
B0000414756471N11949963WA000000085256
B0000424756471N11949970WA000000084802
B0000434756470N11949976WA000000084523
B0000444756469N11949983WA000000084460
B0000454756469N11949988WA000000084305
B0000464756469N11949995WA000000084155
B0000474756470N11950002WA000000083965
B0000484756471N11950009WA000000083784
B0000494756474N11950016WA000000083453
B0000504756478N11950023WA000000083269
B0000514756483N11950031WA000000082805
B0000524756487N11950038WA000000082559
B0000534756491N11950046WA000000082496
B0000544756495N11950053WA000000082297
B0000554756499N11950060WA000000082213
B0000564756501N11950065WA000000082148
B0000574756503N11950071WA000000082122
B0000584756504N11950075WA000000081849
B0000594756506N11950080WA000000081707
B0001004756507N11950085WA000000081729
B0001014756508N11950091WA000000081522
B0001024756510N11950097WA000000081443
B0001034756513N11950101WA000000081408
B0001044756516N11950106WA000000081429
B0001054756519N11950110WA000000081365
B0001064756522N11950114WA000000081267
B0001074756524N11950118WA000000081198
B0001084756527N11950123WA000000081024
B0001094756529N11950128WA000000081019
B0001104756531N11950133WA000000080791
B0001114756535N11950137WA000000080502
B0001124756538N11950141WA000000080553
B0001134756541N11950145WA000000080468
B0001144756543N11950150WA000000080274
B0001154756546N11950154WA000000080010
B0001164756548N11950158WA000000079925
B0001174756549N11950163WA000000079944
B0001184756549N11950168WA000000079852
B0001194756550N11950172WA000000079903
B0001204756550N11950175WA000000080009
B0001214756549N11950178WA000000080116
B0001224756547N11950181WA000000080261
B0001234756546N11950183WA000000080378
B0001244756546N11950187WA000000080330
B0001254756546N11950189WA000000080328
B0001264756546N11950192WA000000080320
B0001274756545N11950194WA000000080372
B0001284756544N11950196WA000000080476
B0001294756543N11950198WA000000080848
B0001304756541N11950200WA000000080855
B0001314756539N11950202WA000000080721
B0001324756536N11950202WA000000080777
B0001334756531N11950195WA000000080749
B0001344756528N11950191WA000000080708
B0001354756525N11950185WA000000080851
B0001364756524N11950176WA000000080725
B0001374756524N11950165WA000000080849
B0001384756526N11950155WA000000080914
B0001394756529N11950145WA000000081167
B0001404756534N11950137WA000000081346
B0001414756540N11950131WA000000081337
B0001424756547N11950127WA000000081473
B0001434756555N11950125WA000000081475
B0001444756562N11950124WA000000081383
B0001454756569N11950124WA000000081417
B0001464756574N11950126WA000000081691
B0001474756579N11950128WA000000081799
B0001484756583N11950133WA000000081870
B0001494756587N11950137WA000000081814
B0001504756589N11950142WA000000081976
B0001514756591N11950147WA000000081849
B0001524756592N11950152WA000000081861
B0001534756593N11950156WA000000081848
B0001544756592N11950160WA000000081861
B0001554756590N11950161WA000000081898
B0001564756588N11950163WA000000081681
B0001574756586N11950164WA000000081586
B0001584756585N11950167WA000000081434
B0001594756584N11950171WA000000081466
B0002004756583N11950176WA000000081286
B0002014756583N11950180WA000000081486
B0002024756584N11950184WA000000081251
B0002034756583N11950187WA000000081290
B0002044756580N11950189WA000000081158
B0002054756578N11950192WA000000080567
B0002064756576N11950196WA000000080591
B0002074756576N11950199WA000000080311
B0002084756574N11950201WA000000080394
B0002094756574N11950203WA000000080405
B0002104756572N11950205WA000000080485
B0002114756570N11950207WA000000080369
B0002124756568N11950209WA000000080163
B0002134756565N11950210WA000000080253
B0002144756562N11950211WA000000080158
B0002154756559N11950212WA000000080100
B0002164756555N11950211WA000000080124
B0002174756552N11950210WA000000080224
B0002184756550N11950209WA000000080301
B0002194756548N11950209WA000000080301
B0002204756547N11950211WA000000080433
B0002214756545N11950214WA000000080312
B0002224756544N11950216WA000000080249
B0002234756543N11950219WA000000080270
B0002244756542N11950220WA000000080385
B0002254756542N11950221WA000000080409
B0002264756541N11950223WA000000080633
B0002274756540N11950224WA000000080798
B0002284756540N11950226WA000000080618
B0002294756538N11950229WA000000080690
B0002304756536N11950230WA000000080696
B0002314756534N11950231WA000000080653
B0002324756531N11950229WA000000080754
B0002334756527N11950223WA000000080890
B0002344756526N11950214WA000000080704
B0002354756525N11950203WA000000080772
B0002364756528N11950191WA000000080959
B0002374756534N11950181WA000000081056
B0002384756541N11950174WA000000081249
B0002394756548N11950171WA000000081458
B0002404756555N11950171WA000000081615
B0002414756560N11950173WA000000081876
B0002424756564N11950178WA000000081920
B0002434756565N11950182WA000000082096
B0002444756566N11950186WA000000082157
B0002454756567N11950191WA000000082200
B0002464756566N11950194WA000000082541
B0002474756566N11950196WA000000082836
B0002484756564N11950197WA000000083178
B0002494756562N11950197WA000000083047
B0002504756559N11950195WA000000083163
B0002514756557N11950190WA000000083106
B0002524756554N11950182WA000000083193
B0002534756554N11950172WA000000083160
B0002544756556N11950160WA000000083154
B0002554756560N11950150WA000000083381
B0002564756567N11950142WA000000083352
B0002574756574N11950137WA000000083497
B0002584756581N11950138WA000000083561
B0002594756588N11950141WA000000083610
B0003004756592N11950145WA000000083807
B0003014756593N11950150WA000000084036
B0003024756594N11950155WA000000084204
B0003034756592N11950158WA000000084381
B0003044756591N11950160WA000000084451
B0003054756589N11950160WA000000084696
B0003064756587N11950159WA000000084684
B0003074756585N11950156WA000000084617
B0003084756581N11950153WA000000084480
B0003094756578N11950149WA000000084541
B0003104756575N11950144WA000000084414
B0003114756572N11950140WA000000084431
B0003124756568N11950133WA000000084397
B0003134756566N11950127WA000000084335
B0003144756563N11950121WA000000084456
B0003154756561N11950117WA000000084544
B0003164756558N11950115WA000000084373
B0003174756555N11950115WA000000084233
B0003184756553N11950117WA000000084195
B0003194756552N11950121WA000000084130
B0003204756553N11950124WA000000084119
B0003214756555N11950130WA000000084110
B0003224756558N11950132WA000000084149
B0003234756560N11950135WA000000108886
B0003244756563N11950139WA000000101573
B0003254756564N11950143WA000000096296
B0003264756565N11950147WA000000091985
B0003274756565N11950151WA000000090049
B0003284756564N11950155WA000000088392
B0003294756563N11950157WA000000087181
B0003304756562N11950158WA000000086234
B0003314756559N11950159WA000000085580
B0003324756557N11950158WA000000085066
B0003334756554N11950154WA000000084829
B0003344756550N11950151WA000000084574
B0003354756547N11950148WA000000084203
B0003364756543N11950145WA000000083865
B0003374756541N11950143WA000000083710
B0003384756538N11950140WA000000083727
B0003394756534N11950138WA000000083683
B0003404756531N11950134WA000000083574
B0003414756528N11950131WA000000083691
B0003424756526N11950128WA000000083522
B0003434756523N11950124WA000000083742
B0003444756519N11950121WA000000083883
B0003454756516N11950118WA000000083996
B0003464756514N11950117WA000000083944
B0003474756512N11950117WA000000083718
B0003484756510N11950119WA000000083686
B0003494756510N11950121WA000000083738
B0003504756510N11950123WA000000083947
B0003514756511N11950125WA000000083912
B0003524756512N11950127WA000000083922
B0003534756513N11950129WA000000084164
B0003544756514N11950131WA000000084084
B0003554756515N11950132WA000000084048
B0003564756515N11950134WA000000083951
B0003574756515N11950135WA000000083847
B0003584756514N11950137WA000000083890
B0003594756514N11950137WA000000083617
B0004004756512N11950138WA000000083591
B0004014756511N11950138WA000000109961
B0004024756510N11950138WA000000099422
B0004034756507N11950140WA000000096208
B0004044756504N11950143WA000000092619
B0004054756502N11950147WA000000091152
B0004064756502N11950150WA000000089413
B0004074756502N11950153WA000000087703
B0004084756502N11950156WA000000085628
B0004094756500N11950162WA000000085188
B0004104756500N11950170WA000000083793
B0004114756500N11950176WA000000082997
B0004124756500N11950183WA000000082522
B0004134756500N11950188WA000000082115
B0004144756500N11950193WA000000081779
B0004154756501N11950199WA000000081793
B0004164756504N11950204WA000000081632
B0004174756504N11950208WA000000081678
B0004184756504N11950213WA000000081440
B0004194756504N11950217WA000000081163
B0004204756505N11950222WA000000081051
B0004214756505N11950224WA000000081055
B0004224756504N11950227WA000000081288
B0004234756504N11950231WA000000081081
B0004244756505N11950235WA000000080830
B0004254756506N11950238WA000000080613
B0004264756506N11950241WA000000080497
B0004274756507N11950245WA000000080223
B0004284756507N11950248WA000000080219
B0004294756506N11950252WA000000080164
B0004304756505N11950255WA000000079853
B0004314756504N11950258WA000000079824
B0004324756497N11950261WA000000079804
B0004334756494N11950262WA000000079600
B0004344756490N11950262WA000000079471
B0004354756487N11950262WA000000079033
B0004364756484N11950262WA000000078970
B0004374756482N11950262WA000000078630
B0004384756479N11950261WA000000078484
B0004394756477N11950260WA000000078347
B0004404756474N11950259WA000000078129
B0004414756470N11950258WA000000077972
B0004424756467N11950256WA000000077930
B0004434756464N11950254WA000000077944
B0004444756462N11950252WA000000078103
B0004454756459N11950249WA000000078111
B0004464756456N11950246WA000000078164
B0004474756454N11950244WA000000078006
B0004484756451N11950243WA000000077912
B0004494756448N11950241WA000000077713
B0004504756445N11950238WA000000077629
B0004514756442N11950237WA000000077550
B0004524756438N11950235WA000000077484
B0004534756435N11950234WA000000077312
B0004544756431N11950233WA000000077352
B0004554756428N11950232WA000000077362
B0004564756426N11950230WA000000077027
B0004574756423N11950228WA000000077098
B0004584756421N11950227WA000000076829
B0004594756418N11950229WA000000076764
B0005004756415N11950233WA000000076497
B0005014756413N11950239WA000000076396
B0005024756413N11950245WA000000076388
B0005034756414N11950251WA000000076437
B0005044756416N11950256WA000000076451
B0005054756419N11950260WA000000076484
B0005064756423N11950265WA000000076247
B0005074756427N11950273WA000000075975
B0005084756430N11950282WA000000075623
B0005094756433N11950293WA000000075260
B0005104756436N11950303WA000000075191
B0005114756439N11950311WA000000075181
B0005124756442N11950317WA000000075352
B0005134756445N11950322WA000000075582
B0005144756448N11950328WA000000075650
B0005154756451N11950334WA000000075459
B0005174756456N11950351WA000000075079
B0005184756459N11950360WA000000098963
B0005194756462N11950367WA000000088748
B0005204756465N11950374WA000000083857
B0005214756468N11950380WA000000081116
B0005224756471N11950385WA000000079695
B0005234756475N11950390WA000000078723
B0005244756478N11950395WA000000078183
B0005254756482N11950399WA000000077510
B0005264756484N11950402WA000000077229
B0005274756487N11950406WA000000077039
B0005284756490N11950411WA000000076930
B0005294756493N11950415WA000000077186
B0005304756498N11950420WA000000077044
B0005314756501N11950425WA000000076876
B0005324756504N11950429WA000000076669
B0005334756507N11950434WA000000076563
B0005344756510N11950438WA000000076543
B0005354756513N11950441WA000000076318
B0005364756515N11950446WA000000076114
B0005374756516N11950451WA000000076250
B0005384756516N11950454WA000000076237
B0005394756514N11950457WA000000076288
B0005404756513N11950458WA000000076489
B0005414756511N11950458WA000000076593
B0005424756508N11950453WA000000076479
B0005434756507N11950447WA000000076416
B0005444756506N11950438WA000000076463
B0005454756507N11950427WA000000076466
B0005464756510N11950416WA000000076536
B0005474756514N11950407WA000000076660
B0005484756520N11950398WA000000076815
B0005494756527N11950393WA000000076901
B0005504756534N11950390WA000000077043
B0005514756541N11950388WA000000077178
B0005524756548N11950388WA000000077209
B0005534756552N11950391WA000000077388
B0005544756556N11950395WA000000077573
B0005554756558N11950399WA000000077446
B0005564756559N11950404WA000000077362
B0005574756560N11950408WA000000077500
B0005584756560N11950411WA000000077516
B0005594756559N11950414WA000000077645
B0006004756558N11950417WA000000077684
B0006014756558N11950421WA000000077667
B0006024756558N11950425WA000000077895
B0006034756559N11950429WA000000078031
B0006044756559N11950432WA000000078293
B0006054756560N11950434WA000000078327
B0006064756560N11950436WA000000078515
B0006074756559N11950438WA000000078582
B0006084756555N11950432WA000000078648
B0006094756552N11950428WA000000078877
B0006104756551N11950421WA000000078917
B0006114756550N11950412WA000000078940
B0006124756551N11950400WA000000078952
B0006134756554N11950388WA000000079076
B0006144756559N11950378WA000000079175
B0006154756566N11950370WA000000079156
B0006164756574N11950364WA000000079419
B0006174756581N11950362WA000000079698
B0006184756589N11950363WA000000079843
B0006194756595N11950366WA000000080070
B0006204756600N11950370WA000000080235
B0006214756602N11950374WA000000080448
B0006224756602N11950378WA000000080566
B0006234756601N11950380WA000000080639
B0006244756599N11950381WA000000080836
B0006254756597N11950379WA000000081122
B0006264756595N11950373WA000000081343
B0006274756594N11950364WA000000081331
B0006284756595N11950352WA000000081311
B0006294756599N11950339WA000000081403
B0006304756604N11950328WA000000081545
B0006314756612N11950321WA000000081654
B0006324756620N11950316WA000000081886
B0006334756628N11950315WA000000082162
B0006344756635N11950316WA000000082336
B0006354756640N11950319WA000000082496
B0006364756645N11950323WA000000082506
B0006374756647N11950327WA000000082501
B0006384756646N11950330WA000000082563
B0006394756645N11950332WA000000082743
B0006404756642N11950329WA000000082793
B0006414756641N11950326WA000000082961
B0006424756640N11950320WA000000083139
B0006434756641N11950309WA000000083190
B0006444756643N11950297WA000000083359
B0006454756646N11950286WA000000083513
B0006464756651N11950275WA000000083512
B0006474756657N11950266WA000000083645
B0006484756663N11950261WA000000083971
B0006494756671N11950259WA000000083824
B0006504756678N11950261WA000000083872
B0006514756684N11950264WA000000083701
B0006524756687N11950268WA000000083615
B0006534756690N11950273WA000000083512
B0006544756689N11950278WA000000083653
B0006554756689N11950282WA000000083655
B0006564756689N11950286WA000000083860
B0006574756690N11950289WA000000083936
B0006584756692N11950292WA000000084239
B0006594756693N11950295WA000000084412
B0007004756693N11950296WA000000084368
B0007014756693N11950299WA000000084370
B0007024756692N11950299WA000000084314
B0007034756688N11950297WA000000084366
B0007044756686N11950292WA000000084323
B0007054756684N11950283WA000000084374
B0007064756685N11950272WA000000084447
B0007074756687N11950261WA000000084490
B0007084756692N11950249WA000000084342
B0007094756698N11950239WA000000084392
B0007104756707N11950233WA000000084372
B0007114756717N11950231WA000000084411
B0007124756724N11950231WA000000084546
B0007134756729N11950234WA000000084667
B0007144756733N11950239WA000000084802
B0007154756735N11950243WA000000084809
B0007164756736N11950248WA000000084945
B0007174756739N11950252WA000000085017
B0007184756741N11950257WA000000085175
B0007194756744N11950262WA000000085143
B0007204756748N11950266WA000000085225
B0007214756751N11950270WA000000085239
B0007224756754N11950275WA000000085365
B0007234756757N11950279WA000000085321
B0007244756760N11950283WA000000085322
B0007254756763N11950288WA000000085194
B0007264756767N11950294WA000000085094
B0007274756772N11950300WA000000084848
B0007284756776N11950306WA000000084621
B0007294756779N11950310WA000000084618
B0007304756781N11950314WA000000084599
B0007314756785N11950319WA000000084570
B0007324756789N11950322WA000000084364
B0007334756793N11950327WA000000083926
B0007344756796N11950333WA000000083683
B0007354756801N11950338WA000000083342
B0007364756805N11950343WA000000083168
B0007374756810N11950349WA000000083162
B0007384756814N11950354WA000000082900
B0007394756817N11950359WA000000082627
B0007404756821N11950365WA000000082448
B0007414756825N11950372WA000000082199
B0007424756830N11950380WA000000081906
B0007434756833N11950388WA000000081893
B0007444756838N11950395WA000000081821
B0007454756842N11950401WA000000081815
B0007464756844N11950408WA000000081763
B0007474756847N11950414WA000000081094
B0007484756851N11950420WA000000080759
B0007494756854N11950427WA000000080659
B0007504756857N11950434WA000000080569
B0007514756861N11950441WA000000080336
B0007524756863N11950449WA000000080480
B0007534756867N11950454WA000000080229
B0007544756869N11950460WA000000080088
B0007554756872N11950466WA000000079996
B0007564756876N11950471WA000000079696
B0007574756880N11950477WA000000079444
B0007584756885N11950481WA000000079208
B0007594756888N11950486WA000000079239
B0008004756893N11950491WA000000079019
B0008014756899N11950496WA000000079004
B0008024756903N11950500WA000000078799
B0008034756908N11950505WA000000078682
B0008044756915N11950509WA000000078600
B0008054756920N11950512WA000000078414
B0008064756925N11950516WA000000078043
B0008074756931N11950520WA000000077988
B0008084756937N11950525WA000000077732
B0008094756944N11950530WA000000077521
B0008104756951N11950534WA000000077587
B0008114756958N11950538WA000000077666
B0008124756964N11950542WA000000077562
B0008134756970N11950545WA000000077502
B0008144756975N11950548WA000000077586
B0008154756981N11950552WA000000077673
B0008164756988N11950556WA000000077502
B0008174756996N11950561WA000000077422
B0008184757003N11950565WA000000077375
B0008194757011N11950569WA000000077411
B0008204757017N11950572WA000000077441
B0008214757023N11950575WA000000077350
B0008224757029N11950578WA000000077543
B0008234757034N11950581WA000000077584
B0008244757039N11950584WA000000077577
B0008254757043N11950587WA000000077578
B0008264757047N11950591WA000000077635
B0008274757049N11950595WA000000077673
B0008284757051N11950600WA000000077632
B0008294757051N11950603WA000000077689
B0008304757050N11950606WA000000077778
B0008314757048N11950608WA000000077734
B0008324757046N11950608WA000000077661
B0008334757044N11950605WA000000077709
B0008344757040N11950602WA000000077680
B0008354757038N11950596WA000000077593
B0008364757037N11950589WA000000077550
B0008374757037N11950580WA000000077729
B0008384757038N11950571WA000000077706
B0008394757039N11950561WA000000077826
B0008404757042N11950551WA000000077718
B0008414757046N11950543WA000000077783
B0008424757052N11950535WA000000077747
B0008434757057N11950529WA000000077862
B0008444757064N11950523WA000000077733
B0008454757071N11950519WA000000077671
B0008464757079N11950517WA000000077652
B0008474757087N11950517WA000000077624
B0008484757093N11950519WA000000077687
B0008494757098N11950523WA000000077619
B0008504757100N11950529WA000000077494
B0008514757102N11950535WA000000077436
B0008524757100N11950539WA000000077392
B0008534757100N11950543WA000000077462
B0008544757099N11950545WA000000077568
B0008554757099N11950548WA000000077524
B0008564757098N11950552WA000000077565
B0008574757096N11950553WA000000077489
B0008584757096N11950556WA000000077222
B0008594757095N11950558WA000000077279
B0009004757094N11950561WA000000077388
B0009014757091N11950566WA000000077172
B0009024757090N11950570WA000000077194
B0009034757091N11950575WA000000077112
B0009044757089N11950580WA000000077090
B0009054757090N11950584WA000000076914
B0009064757087N11950588WA000000076942
B0009074757086N11950592WA000000076835
B0009084757084N11950596WA000000076751
B0009094757083N11950599WA000000076719
B0009104757081N11950603WA000000076729
B0009114757079N11950608WA000000076702
B0009124757078N11950612WA000000076666
B0009134757078N11950616WA000000076715
B0009144757077N11950620WA000000076986
B0009154757076N11950624WA000000077099
B0009164757076N11950628WA000000077080
B0009174757076N11950632WA000000077180
B0009184757077N11950635WA000000077115
B0009194757076N11950639WA000000077159
B0009204757075N11950644WA000000076959
B0009214757074N11950651WA000000076761
B0009224757072N11950657WA000000076583
B0009234757070N11950663WA000000076593
B0009244757069N11950668WA000000076676
B0009254757069N11950672WA000000076719
B0009264757068N11950678WA000000076853
B0009274757066N11950682WA000000076683
B0009284757065N11950687WA000000076385
B0009294757064N11950693WA000000076085
B0009304757062N11950699WA000000076172
B0009314757060N11950704WA000000076283
B0009324757058N11950709WA000000076383
B0009334757057N11950714WA000000076542
B0009344757056N11950718WA000000076748
B0009354757055N11950723WA000000076882
B0009364757055N11950728WA000000076901
B0009374757054N11950732WA000000076962
B0009384757053N11950737WA000000077090
B0009394757053N11950741WA000000077174
B0009404757053N11950745WA000000077376
B0009414757053N11950749WA000000077544
B0009424757053N11950752WA000000077664
B0009434757053N11950756WA000000077734
B0009444757053N11950759WA000000077749
B0009454757053N11950764WA000000077811
B0009464757052N11950767WA000000077898
B0009474757052N11950770WA000000078178
B0009484757052N11950773WA000000078255
B0009494757052N11950776WA000000078122
B0009504757051N11950779WA000000078194
B0009514757051N11950783WA000000078231
B0009524757050N11950786WA000000078487
B0009534757050N11950790WA000000078593
B0009544757051N11950794WA000000078620
B0009554757051N11950797WA000000078766
B0009564757052N11950801WA000000078721
B0009574757052N11950806WA000000078891
B0009584757053N11950810WA000000079015
B0009594757052N11950815WA000000079026
B0010004757052N11950818WA000000079059
B0010014757051N11950823WA000000079188
B0010024757050N11950826WA000000079337
B0010034757048N11950828WA000000079505
B0010044757045N11950825WA000000079617
B0010054757043N11950820WA000000079921
B0010064757042N11950811WA000000080125
B0010074757043N11950801WA000000080397
B0010084757047N11950792WA000000080672
B0010094757054N11950784WA000000080803
B0010104757061N11950779WA000000080930
B0010114757069N11950776WA000000080912
B0010124757076N11950776WA000000081093
B0010134757084N11950777WA000000081110
B0010144757090N11950781WA000000081143
B0010154757096N11950785WA000000081409
B0010164757100N11950791WA000000081444
B0010174757103N11950797WA000000081763
B0010184757106N11950803WA000000081805
B0010194757106N11950808WA000000081947
B0010204757105N11950812WA000000081988
B0010214757104N11950814WA000000082039
B0010224757101N11950814WA000000082098
B0010234757099N11950813WA000000082064
B0010244757096N11950809WA000000082184
B0010254757094N11950803WA000000082049
B0010264757092N11950796WA000000082065
B0010274757091N11950787WA000000082164
B0010284757091N11950777WA000000082151
B0010294757094N11950767WA000000082331
B0010304757099N11950758WA000000082511
B0010314757105N11950751WA000000082772
B0010324757112N11950746WA000000082876
B0010334757121N11950745WA000000082843
B0010344757129N11950748WA000000082942
B0010354757136N11950752WA000000082927
B0010364757139N11950757WA000000083068
B0010374757142N11950763WA000000083171
B0010384757144N11950767WA000000083338
B0010394757144N11950772WA000000083382
B0010404757144N11950775WA000000083328
B0010414757142N11950778WA000000083346
B0010424757140N11950780WA000000083243
B0010434757138N11950782WA000000083146
B0010444757136N11950784WA000000082906
B0010454757132N11950786WA000000083093
B0010464757129N11950788WA000000082732
B0010474757126N11950789WA000000082659
B0010484757124N11950793WA000000082752
B0010494757123N11950796WA000000082838
B0010504757121N11950800WA000000082897
B0010514757120N11950805WA000000082852
B0010524757118N11950811WA000000082882
B0010534757116N11950816WA000000082766
B0010544757115N11950821WA000000082932
B0010554757115N11950826WA000000083014
B0010564757114N11950830WA000000083216
B0010574757113N11950834WA000000083622
B0010584757112N11950837WA000000083674
B0010594757111N11950841WA000000083551
B0011004757111N11950844WA000000083415
B0011014757110N11950847WA000000083480
B0011024757110N11950850WA000000083304
B0011034757109N11950853WA000000083398
B0011044757110N11950857WA000000083201
B0011054757110N11950860WA000000083216
B0011064757110N11950864WA000000083200
B0011074757111N11950868WA000000083253
B0011084757111N11950872WA000000083296
B0011094757112N11950876WA000000083224
B0011104757112N11950881WA000000083141
B0011114757112N11950884WA000000083278
B0011124757113N11950888WA000000083219
B0011134757113N11950894WA000000083231
B0011144757113N11950898WA000000083146
B0011154757113N11950903WA000000083152
B0011164757113N11950908WA000000083142
B0011174757113N11950913WA000000083166
B0011184757114N11950919WA000000083211
B0011194757114N11950923WA000000083204
B0011204757114N11950927WA000000083229
B0011214757114N11950932WA000000083222
B0011224757113N11950937WA000000083390
B0011234757113N11950940WA000000083288
B0011244757113N11950945WA000000083343
B0011254757112N11950949WA000000083576
B0011264757112N11950954WA000000083450
B0011274757113N11950959WA000000083602
B0011284757113N11950964WA000000083630
B0011294757113N11950968WA000000083789
B0011304757113N11950972WA000000083967
B0011314757113N11950976WA000000084063
B0011324757112N11950979WA000000084037
B0011334757110N11950982WA000000084296
B0011344757108N11950981WA000000084287
B0011354757106N11950979WA000000084312
B0011364757103N11950974WA000000084398
B0011374757102N11950970WA000000084430
B0011384757101N11950960WA000000084578
B0011394757103N11950950WA000000084433
B0011404757105N11950940WA000000084574
B0011414757109N11950930WA000000084695
B0011424757117N11950923WA000000084667
B0011434757126N11950918WA000000084802
B0011444757134N11950917WA000000084721
B0011454757142N11950917WA000000084720
B0011464757148N11950919WA000000084782
B0011474757155N11950922WA000000084717
B0011484757159N11950927WA000000084936
B0011494757163N11950933WA000000084923
B0011504757166N11950939WA000000085000
B0011514757167N11950944WA000000085133
B0011524757168N11950949WA000000085118
B0011534757167N11950954WA000000085372
B0011544757166N11950958WA000000085371
B0011554757164N11950959WA000000085447
B0011564757162N11950961WA000000085468
B0011574757159N11950956WA000000085421
B0011584757157N11950951WA000000085531
B0011594757155N11950944WA000000085595
B0012004757156N11950935WA000000085544
B0012014757157N11950925WA000000085498
B0012024757161N11950916WA000000085420
B0012034757165N11950906WA000000085425
B0012044757170N11950897WA000000085695
B0012054757177N11950890WA000000085798
B0012064757185N11950887WA000000085962
B0012074757193N11950886WA000000085953
B0012084757201N11950887WA000000085907
B0012094757207N11950890WA000000085987
B0012104757213N11950895WA000000085955
B0012114757217N11950902WA000000085881
B0012124757220N11950908WA000000085932
B0012134757220N11950914WA000000085883
B0012144757220N11950919WA000000085821
B0012154757218N11950921WA000000085924
B0012164757215N11950920WA000000085818
B0012174757212N11950918WA000000085843
B0012184757210N11950912WA000000085858
B0012194757209N11950905WA000000085963
B0012204757209N11950896WA000000086038
B0012214757211N11950887WA000000086014
B0012224757214N11950877WA000000086000
B0012234757218N11950867WA000000086093
B0012244757225N11950860WA000000085955
B0012254757232N11950855WA000000085882
B0012264757240N11950852WA000000085860
B0012274757248N11950851WA000000085841
B0012284757255N11950852WA000000085950
B0012294757262N11950853WA000000085918
B0012304757268N11950856WA000000085938
B0012314757274N11950860WA000000085837
B0012324757279N11950864WA000000085886
B0012334757286N11950868WA000000085902
B0012344757293N11950870WA000000085938
B0012354757300N11950872WA000000085943
B0012364757307N11950873WA000000085867
B0012374757314N11950874WA000000085941
B0012384757321N11950874WA000000085869
B0012394757328N11950876WA000000085845
B0012404757336N11950877WA000000085934
B0012414757345N11950878WA000000085624
B0012424757353N11950879WA000000085652
B0012434757361N11950879WA000000085584
B0012444757369N11950880WA000000085620
B0012454757376N11950879WA000000085665
B0012464757383N11950878WA000000085779
B0012474757390N11950877WA000000085784
B0012484757399N11950880WA000000085619
B0012494757406N11950881WA000000085383
B0012504757414N11950882WA000000085282
B0012514757422N11950882WA000000085009
B0012524757429N11950882WA000000084929
B0012534757436N11950883WA000000084873
B0012544757444N11950883WA000000084748
B0012554757452N11950885WA000000084772
B0012564757460N11950885WA000000084697
B0012574757468N11950885WA000000084799
B0012584757476N11950885WA000000084848
B0012594757482N11950885WA000000084856
B0013004757488N11950885WA000000085096
B0013014757495N11950885WA000000084904
B0013024757503N11950885WA000000084925
B0013034757511N11950885WA000000084738
B0013044757519N11950886WA000000084457
B0013054757527N11950887WA000000084260
B0013064757535N11950887WA000000084241
B0013074757542N11950886WA000000084289
B0013084757550N11950887WA000000084021
B0013094757557N11950886WA000000083928
B0013104757565N11950887WA000000083900
B0013114757572N11950887WA000000083861
B0013124757580N11950887WA000000083742
B0013134757588N11950888WA000000083701
B0013144757595N11950888WA000000083674
B0013154757603N11950888WA000000083500
B0013164757610N11950888WA000000083453
B0013174757618N11950888WA000000083323
B0013184757625N11950888WA000000083176
B0013194757633N11950888WA000000083126
B0013204757641N11950889WA000000083110
B0013214757648N11950889WA000000083113
B0013224757655N11950889WA000000083032
B0013234757663N11950889WA000000083013
B0013244757670N11950889WA000000082859
B0013254757678N11950889WA000000082528
B0013264757685N11950889WA000000082465
B0013274757692N11950888WA000000082297
B0013284757700N11950888WA000000082112
B0013294757706N11950888WA000000082063
B0013304757714N11950887WA000000081947
B0013314757721N11950887WA000000081830
B0013324757728N11950886WA000000081776
B0013334757736N11950886WA000000081707
B0013344757743N11950886WA000000081614
B0013354757750N11950886WA000000081572
B0013364757758N11950886WA000000081526
B0013374757765N11950886WA000000081596
B0013384757772N11950886WA000000081277
B0013394757779N11950887WA000000081372
B0013404757786N11950886WA000000081276
B0013414757793N11950886WA000000081125
B0013424757800N11950886WA000000081088
B0013434757807N11950887WA000000081090
B0013444757814N11950887WA000000080957
B0013454757821N11950888WA000000080952
B0013464757828N11950888WA000000080941
B0013474757836N11950888WA000000080870
B0013484757843N11950888WA000000080671
B0013494757850N11950888WA000000080692
B0013504757858N11950887WA000000080527
B0013514757865N11950886WA000000080453
B0013524757872N11950885WA000000080378
B0013534757880N11950884WA000000080339
B0013544757887N11950884WA000000080255
B0013554757894N11950883WA000000080064
B0013564757902N11950882WA000000079802
B0013574757909N11950881WA000000079891
B0013584757917N11950880WA000000079733
B0013594757924N11950879WA000000079730
B0014004757931N11950878WA000000079533
B0014014757938N11950878WA000000079561
B0014024757946N11950877WA000000079342
B0014034757954N11950876WA000000079332
B0014044757961N11950875WA000000079341
B0014054757968N11950875WA000000079262
B0014064757975N11950874WA000000079374
B0014074757982N11950873WA000000079274
LXCTACTIVITY OTHER 75
LXCTACTIVITY STILL 100
B0014084757990N11950872WA000000079227
B0014094757997N11950871WA000000079279
B0014104758005N11950872WA000000079022
B0014114758012N11950872WA000000079092
B0014124758020N11950872WA000000078984
B0014134758028N11950871WA000000078949
B0014144758036N11950871WA000000078917
B0014154758043N11950871WA000000078875
B0014164758051N11950871WA000000078830
B0014174758059N11950870WA000000078702
B0014184758067N11950868WA000000078703
B0014194758075N11950867WA000000078604
B0014204758082N11950866WA000000078665
B0014214758090N11950865WA000000078563
B0014224758098N11950864WA000000078514
B0014234758106N11950863WA000000078518
B0014244758114N11950862WA000000078458
B0014254758121N11950860WA000000078326
B0014264758128N11950859WA000000078188
B0014274758137N11950858WA000000078016
B0014284758145N11950858WA000000077950
B0014294758153N11950857WA000000077989
B0014304758161N11950856WA000000077979
B0014314758169N11950856WA000000077952
B0014324758177N11950855WA000000077965
B0014334758185N11950854WA000000077807
B0014344758192N11950853WA000000077887
B0014354758201N11950852WA000000077823
B0014364758209N11950851WA000000077693
B0014374758217N11950850WA000000077535
B0014384758225N11950849WA000000077539
B0014394758233N11950849WA000000077500
B0014404758240N11950848WA000000077573
B0014414758248N11950847WA000000077512
B0014424758256N11950846WA000000077531
B0014434758265N11950845WA000000077522
B0014444758273N11950844WA000000077566
B0014454758281N11950842WA000000077553
B0014464758290N11950841WA000000077510
B0014474758298N11950839WA000000077439
B0014484758306N11950839WA000000077551
B0014494758314N11950838WA000000077426
B0014504758322N11950837WA000000077520
B0014514758330N11950836WA000000077450
B0014524758338N11950834WA000000077370
B0014534758347N11950832WA000000077304
B0014544758355N11950831WA000000077468
B0014554758363N11950830WA000000077294
B0014564758371N11950830WA000000077381
B0014574758379N11950829WA000000077266
B0014584758387N11950827WA000000077299
B0014594758396N11950826WA000000077230
B0015004758404N11950824WA000000077252
B0015014758412N11950821WA000000077139
B0015024758420N11950819WA000000077279
B0015034758428N11950817WA000000077234
B0015044758436N11950814WA000000077119
B0015054758444N11950812WA000000077105
B0015064758452N11950809WA000000077288
B0015074758461N11950807WA000000077365
B0015084758471N11950805WA000000077254
B0015094758478N11950804WA000000077271
B0015104758486N11950802WA000000077369
B0015114758494N11950801WA000000077427
B0015124758501N11950800WA000000077472
B0015134758510N11950798WA000000077341
B0015144758518N11950796WA000000077387
B0015154758528N11950795WA000000077300
B0015164758535N11950793WA000000077327
B0015174758542N11950792WA000000077294
B0015184758550N11950790WA000000077286
B0015194758558N11950789WA000000077194
B0015204758566N11950788WA000000077190
B0015214758575N11950786WA000000077041
B0015224758583N11950784WA000000077043
B0015234758591N11950782WA000000077072
B0015244758599N11950780WA000000077042
B0015254758607N11950778WA000000077031
B0015264758615N11950775WA000000076834
B0015274758623N11950773WA000000076733
B0015284758631N11950771WA000000076622
B0015294758639N11950769WA000000076749
B0015304758647N11950769WA000000076650
B0015314758654N11950768WA000000076583
B0015324758662N11950768WA000000076521
B0015334758669N11950766WA000000076599
B0015344758677N11950766WA000000076475
B0015354758685N11950765WA000000076476
B0015364758694N11950764WA000000076386
B0015374758702N11950764WA000000076287
B0015384758710N11950764WA000000076166
B0015394758718N11950764WA000000076197
B0015404758727N11950765WA000000076116
B0015414758735N11950765WA000000076045
B0015424758743N11950765WA000000076170
B0015434758751N11950763WA000000076262
B0015444758759N11950762WA000000076269
B0015454758767N11950762WA000000076291
B0015464758776N11950761WA000000076158
B0015474758785N11950761WA000000076115
B0015484758793N11950761WA000000076162
B0015494758802N11950760WA000000076057
B0015504758810N11950760WA000000076076
B0015514758817N11950760WA000000076182
B0015524758825N11950759WA000000076295
B0015534758833N11950758WA000000076179
B0015544758841N11950759WA000000076051
B0015554758849N11950758WA000000076044
B0015564758857N11950757WA000000075958
B0015574758865N11950757WA000000075745
B0015584758873N11950756WA000000075719
B0015594758881N11950757WA000000075700
B0016004758888N11950757WA000000075542
B0016014758896N11950758WA000000075547
B0016024758903N11950759WA000000075565
B0016034758911N11950760WA000000075319
B0016044758919N11950761WA000000075217
B0016054758927N11950764WA000000075110
B0016064758934N11950765WA000000075024
B0016074758942N11950767WA000000074942
B0016084758950N11950769WA000000074934
B0016094758957N11950771WA000000074895
B0016104758965N11950774WA000000074771
B0016114758973N11950777WA000000074635
B0016124758980N11950780WA000000074568
B0016134758988N11950784WA000000074471
B0016144758996N11950788WA000000074212
B0016154759003N11950791WA000000074288
B0016164759012N11950795WA000000074245
B0016184759026N11950803WA000000074189
B0016214759043N11950815WA000000149775
B0016224759050N11950819WA000000095395
B0016234759058N11950823WA000000091703
B0016244759065N11950827WA000000086711
B0016254759072N11950830WA000000083208
B0016264759078N11950835WA000000081353
B0016274759084N11950839WA000000079586
B0016284759089N11950843WA000000079375
B0016294759096N11950848WA000000078580
B0016304759103N11950850WA000000078799
B0016314759110N11950855WA000000078053
B0016324759117N11950859WA000000077065
B0016334759123N11950864WA000000076676
B0016344759130N11950869WA000000076421
B0016354759136N11950873WA000000075452
B0016364759142N11950878WA000000074536
B0016374759147N11950884WA000000073970
B0016384759153N11950889WA000000073695
B0016394759159N11950895WA000000073356
B0016404759165N11950900WA000000073164
B0016414759171N11950905WA000000073239
B0016424759177N11950911WA000000073203
B0016434759183N11950917WA000000073054
B0016444759189N11950923WA000000072610
B0016454759195N11950928WA000000072413
B0016464759201N11950933WA000000072377
B0016474759207N11950938WA000000072128
B0016484759213N11950944WA000000072003
B0016494759218N11950949WA000000072076
B0016504759224N11950954WA000000071967
B0016514759230N11950959WA000000071809
B0016524759235N11950965WA000000071786
B0016534759240N11950971WA000000071878
B0016544759245N11950977WA000000071585
B0016554759250N11950983WA000000071427
B0016564759253N11950988WA000000071593
B0016574759256N11950993WA000000071665
B0016584759257N11950998WA000000071395
B0016594759258N11951003WA000000071388
B0017004759258N11951007WA000000071239
B0017014759256N11951011WA000000071123
B0017024759253N11951014WA000000071049
B0017034759252N11951017WA000000070914
B0017044759250N11951019WA000000070706
B0017054759248N11951021WA000000070754
B0017064759246N11951023WA000000070472
B0017074759244N11951024WA000000070377
B0017084759243N11951026WA000000070331
B0017094759242N11951028WA000000070203
B0017104759240N11951031WA000000070118
B0017114759239N11951038WA000000070180
B0017124759241N11951045WA000000070060
B0017134759244N11951052WA000000069983
B0017144759249N11951059WA000000069941
B0017154759254N11951065WA000000069873
B0017164759260N11951070WA000000069774
B0017174759267N11951075WA000000069743
B0017184759274N11951080WA000000069711
B0017194759281N11951084WA000000069606
B0017204759287N11951088WA000000069752
B0017214759294N11951092WA000000069502
B0017224759300N11951095WA000000069599
B0017234759308N11951100WA000000069521
B0017244759315N11951103WA000000069419
B0017254759321N11951108WA000000069580
B0017264759328N11951112WA000000069570
B0017274759335N11951115WA000000069549
B0017284759343N11951120WA000000069418
B0017294759350N11951124WA000000069407
B0017304759356N11951128WA000000069394
B0017314759362N11951132WA000000069384
B0017324759368N11951136WA000000069288
B0017334759374N11951140WA000000078856
B0017344759379N11951145WA000000075294
B0017354759385N11951150WA000000073157
B0017364759391N11951155WA000000072172
B0017374759397N11951160WA000000071581
B0017384759404N11951163WA000000071292
B0017394759409N11951168WA000000070741
B0017404759414N11951174WA000000070020
B0017414759419N11951180WA000000069510
B0017424759422N11951185WA000000069653
B0017434759427N11951191WA000000068926
B0017444759431N11951198WA000000068591
B0017484759445N11951225WA000000068245
B0017494759449N11951232WA000000089733
B0017504759453N11951238WA000000084458
B0017514759457N11951244WA000000080324
B0017524759461N11951250WA000000075967
B0017534759465N11951256WA000000074354
B0017544759469N11951263WA000000072742
B0017554759474N11951269WA000000072009
B0017564759478N11951277WA000000071664
B0017574759483N11951285WA000000070642
B0017584759488N11951292WA000000069787
B0017594759493N11951300WA000000069375
B0018004759499N11951308WA000000069236
B0018014759503N11951315WA000000068947
B0018024759508N11951322WA000000068816
B0018034759514N11951330WA000000068453
B0018044759519N11951337WA000000068446
B0018054759523N11951343WA000000068476
B0018064759527N11951350WA000000067972
B0018074759532N11951357WA000000067732
B0018084759536N11951364WA000000067497
B0018094759542N11951371WA000000067424
B0018104759545N11951377WA000000067077
B0018114759550N11951384WA000000066624
B0018124759554N11951390WA000000066596
B0018134759559N11951397WA000000066457
B0018144759564N11951403WA000000066655
B0018154759570N11951410WA000000066503
B0018164759575N11951416WA000000066439
B0018174759579N11951424WA000000066374
B0018184759586N11951429WA000000065619
B0018194759591N11951435WA000000065575
B0018204759597N11951440WA000000065679
B0018214759603N11951446WA000000065533
B0018224759609N11951452WA000000065301
B0018234759614N11951458WA000000065184
B0018244759621N11951465WA000000064809
B0018254759626N11951472WA000000064767
B0018264759632N11951479WA000000064985
B0018274759638N11951485WA000000064710
B0018284759643N11951491WA000000064681
B0018294759649N11951497WA000000064532
B0018304759653N11951503WA000000064315
B0018314759658N11951510WA000000063929
B0018324759663N11951518WA000000063860
B0018334759668N11951524WA000000063719
B0018344759673N11951532WA000000063604
B0018354759679N11951539WA000000063608
B0018364759684N11951547WA000000063553
B0018374759690N11951554WA000000063529
B0018384759694N11951561WA000000063696
B0018394759699N11951568WA000000063660
B0018404759705N11951572WA000000063837
B0018414759710N11951577WA000000063855
B0018424759715N11951582WA000000063810
B0018434759718N11951586WA000000063929
B0018444759720N11951591WA000000064034
B0018454759723N11951596WA000000064202
B0018464759725N11951600WA000000064436
B0018474759727N11951604WA000000064642
B0018484759729N11951608WA000000064663
B0018494759730N11951612WA000000064677
B0018504759730N11951616WA000000064693
B0018514759729N11951618WA000000064672
B0018524759728N11951617WA000000064407
B0018534759725N11951614WA000000064257
B0018544759725N11951607WA000000064105
B0018554759725N11951596WA000000063909
B0018564759726N11951586WA000000064265
B0018574759729N11951577WA000000064427
B0018584759733N11951570WA000000064760
B0018594759738N11951562WA000000064959
B0019004759743N11951556WA000000065099
B0019014759751N11951551WA000000065167
B0019024759759N11951548WA000000065077
B0019034759768N11951548WA000000064830
B0019044759776N11951549WA000000064784
B0019054759783N11951553WA000000064970
B0019064759789N11951557WA000000064949
B0019074759793N11951563WA000000065009
B0019084759795N11951568WA000000065366
B0019094759795N11951572WA000000065385
B0019104759795N11951575WA000000065502
B0019114759792N11951572WA000000065589
B0019124759790N11951568WA000000065477
B0019134759789N11951561WA000000065338
B0019144759789N11951552WA000000065329
B0019154759791N11951544WA000000065472
B0019164759795N11951534WA000000065679
B0019174759802N11951527WA000000065610
B0019184759809N11951520WA000000065868
B0019194759817N11951517WA000000065965
B0019204759826N11951517WA000000065944
B0019214759833N11951518WA000000065946
B0019224759841N11951524WA000000065841
B0019234759847N11951530WA000000065845
B0019244759850N11951537WA000000065894
B0019254759853N11951543WA000000066000
B0019264759853N11951547WA000000066170
B0019274759853N11951549WA000000066225
B0019284759853N11951551WA000000066403
B0019294759851N11951551WA000000066422
B0019304759849N11951547WA000000066394
B0019314759848N11951540WA000000066386
B0019324759849N11951531WA000000066298
B0019334759854N11951522WA000000066275
B0019344759861N11951514WA000000066346
B0019354759869N11951508WA000000066476
B0019364759878N11951510WA000000066591
B0019374759887N11951512WA000000066638
B0019384759895N11951517WA000000066605
B0019394759900N11951522WA000000066899
B0019404759905N11951529WA000000066955
B0019414759908N11951535WA000000067056
B0019424759909N11951541WA000000067030
B0019434759909N11951544WA000000067128
B0019444759908N11951547WA000000067211
B0019454759907N11951545WA000000067208
B0019464759906N11951540WA000000067312
B0019474759908N11951532WA000000067347
B0019484759911N11951524WA000000067300
B0019494759915N11951515WA000000067547
B0019504759921N11951508WA000000067784
B0019514759930N11951504WA000000067911
B0019524759939N11951501WA000000068006
B0019534759947N11951502WA000000068255
B0019544759955N11951506WA000000068320
B0019554759962N11951511WA000000068229
B0019564759966N11951518WA000000068293
B0019574759971N11951525WA000000068305
B0019584759972N11951531WA000000068495
B0019594759974N11951537WA000000068653
B0020004759972N11951537WA000000068630
B0020014759970N11951534WA000000068759
B0020024759969N11951531WA000000068731
B0020034759968N11951525WA000000068738
B0020044759969N11951518WA000000068826
B0020054759972N11951510WA000000068850
B0020064759976N11951502WA000000069042
B0020074759981N11951494WA000000069128
B0020084759988N11951489WA000000069237
B0020094759996N11951486WA000000069257
B0020104800005N11951486WA000000069263
B0020114800014N11951489WA000000069245
B0020124800022N11951492WA000000069338
B0020134800027N11951500WA000000069449
B0020144800031N11951508WA000000069442
B0020154800034N11951515WA000000069603
B0020164800035N11951521WA000000069870
B0020174800036N11951525WA000000070049
B0020184800035N11951528WA000000070095
B0020194800035N11951529WA000000070127
B0020204800033N11951527WA000000070069
B0020214800032N11951522WA000000070138
B0020224800032N11951515WA000000070124
B0020234800034N11951506WA000000070272
B0020244800039N11951497WA000000070331
B0020254800047N11951491WA000000070413
B0020264800054N11951486WA000000070591
B0020274800063N11951485WA000000070580
B0020284800072N11951485WA000000070636
B0020294800079N11951491WA000000070722
B0020304800085N11951497WA000000070693
B0020314800090N11951504WA000000070635
B0020324800093N11951512WA000000070611
B0020334800094N11951517WA000000070749
B0020344800094N11951522WA000000070797
B0020354800095N11951526WA000000070806
B0020364800094N11951529WA000000070958
B0020374800093N11951531WA000000071002
B0020384800090N11951530WA000000071063
B0020394800089N11951526WA000000071126
B0020404800088N11951520WA000000071349
B0020414800089N11951513WA000000071425
B0020424800092N11951504WA000000071379
B0020434800097N11951496WA000000071492
B0020444800103N11951489WA000000071373
B0020454800111N11951483WA000000071573
B0020464800120N11951480WA000000071505
B0020474800129N11951480WA000000071613
B0020484800136N11951482WA000000071594
LXCTACTIVITY OTHER 77
B0020494800144N11951486WA000000071418
B0020504800149N11951491WA000000071578
B0020514800153N11951498WA000000071436
B0020524800155N11951505WA000000071452
B0020534800157N11951512WA000000071411
B0020544800156N11951515WA000000071379
B0020554800156N11951518WA000000071518
B0020564800154N11951519WA000000071512
B0020574800152N11951520WA000000071581
B0020584800150N11951520WA000000071650
B0020594800149N11951518WA000000071738
B0021004800148N11951515WA000000071829
B0021014800147N11951512WA000000071871
B0021024800147N11951505WA000000071757
B0021034800148N11951498WA000000071982
B0021044800151N11951489WA000000071959
B0021054800156N11951482WA000000072060
B0021064800163N11951476WA000000072102
B0021074800171N11951472WA000000072208
B0021084800179N11951471WA000000072312
B0021094800187N11951473WA000000072336
B0021104800194N11951476WA000000072317
B0021114800199N11951481WA000000072399
B0021124800204N11951489WA000000072454
B0021134800206N11951496WA000000072358
B0021144800207N11951504WA000000072311
B0021154800206N11951509WA000000072379
B0021164800206N11951514WA000000072339
B0021174800205N11951519WA000000072663
B0021184800204N11951523WA000000072650
B0021194800203N11951526WA000000072758
B0021204800202N11951529WA000000072828
B0021214800200N11951530WA000000072922
B0021224800197N11951529WA000000072899
B0021234800197N11951523WA000000072807
B0021244800197N11951516WA000000072907
B0021254800199N11951508WA000000073126
B0021264800203N11951500WA000000073258
B0021274800209N11951494WA000000073489
B0021284800217N11951490WA000000073485
B0021294800226N11951490WA000000073431
B0021304800234N11951493WA000000073425
B0021314800240N11951499WA000000073470
B0021324800245N11951506WA000000073562
B0021334800248N11951513WA000000073658
B0021344800248N11951520WA000000073787
B0021354800248N11951526WA000000073746
B0021364800246N11951530WA000000073894
B0021374800243N11951531WA000000073897
B0021384800242N11951530WA000000073708
B0021394800239N11951528WA000000073663
B0021404800237N11951524WA000000073602
B0021414800238N11951518WA000000073602
B0021424800239N11951510WA000000073869
B0021434800244N11951504WA000000073930
B0021444800251N11951499WA000000073922
B0021454800259N11951497WA000000074031
B0021464800267N11951497WA000000074183
B0021474800275N11951500WA000000074241
B0021484800282N11951505WA000000074404
B0021494800286N11951512WA000000074596
B0021504800290N11951520WA000000074508
B0021514800291N11951528WA000000074668
B0021524800291N11951535WA000000074679
B0021534800290N11951541WA000000074795
B0021544800288N11951544WA000000074753
B0021554800285N11951544WA000000074659
B0021564800283N11951542WA000000074609
B0021574800281N11951538WA000000074663
B0021584800281N11951532WA000000074674
B0021594800283N11951525WA000000074737
B0022004800286N11951519WA000000074813
B0022014800290N11951513WA000000075004
B0022024800294N11951507WA000000075036
B0022034800300N11951502WA000000075159
B0022044800307N11951499WA000000075085
B0022054800316N11951498WA000000075017
B0022064800324N11951500WA000000075016
B0022074800331N11951504WA000000075168
B0022084800337N11951511WA000000075325
B0022094800340N11951518WA000000075469
B0022104800342N11951526WA000000075413
B0022114800342N11951533WA000000075550
B0022124800341N11951538WA000000075683
B0022134800340N11951541WA000000075735
B0022144800338N11951542WA000000075747
B0022154800336N11951542WA000000075711
B0022164800334N11951540WA000000075641
B0022174800332N11951535WA000000075692
B0022184800332N11951528WA000000075772
B0022194800335N11951520WA000000075817
B0022204800339N11951513WA000000075965
B0022214800345N11951507WA000000075975
B0022224800352N11951502WA000000076035
B0022234800359N11951499WA000000076085
B0022244800367N11951499WA000000076171
B0022254800374N11951502WA000000076191
B0022264800381N11951508WA000000076250
B0022274800386N11951515WA000000076180
B0022284800391N11951522WA000000076149
B0022294800395N11951530WA000000076107
B0022304800395N11951538WA000000076159
B0022314800393N11951542WA000000076080
B0022324800392N11951544WA000000076237
B0022334800390N11951546WA000000076340
B0022344800388N11951545WA000000076467
B0022354800386N11951543WA000000076478
B0022364800383N11951539WA000000076495
B0022374800383N11951532WA000000076325
B0022384800384N11951524WA000000076332
B0022394800386N11951515WA000000076283
B0022404800391N11951507WA000000076295
B0022414800398N11951500WA000000076407
B0022424800405N11951496WA000000076523
B0022434800412N11951494WA000000076574
B0022444800420N11951494WA000000076663
B0022454800428N11951496WA000000076626
B0022464800435N11951500WA000000076529
B0022474800440N11951507WA000000076492
B0022484800445N11951515WA000000076542
B0022494800447N11951523WA000000076544
B0022504800447N11951530WA000000076556
B0022514800447N11951536WA000000076624
B0022524800446N11951540WA000000076601
B0022534800444N11951541WA000000076769
B0022544800443N11951542WA000000076801
B0022554800441N11951541WA000000076974
B0022564800440N11951539WA000000077056
B0022574800439N11951537WA000000076946
B0022584800437N11951533WA000000076919
B0022594800436N11951528WA000000076901
B0023004800436N11951521WA000000077052
B0023014800438N11951513WA000000077232
B0023024800440N11951505WA000000077590
B0023034800444N11951497WA000000077676
B0023044800449N11951491WA000000077761
B0023054800456N11951485WA000000077676
B0023064800464N11951480WA000000077652
B0023074800472N11951479WA000000077678
B0023084800480N11951481WA000000077787
B0023094800488N11951485WA000000077730
B0023104800493N11951490WA000000077632
B0023114800498N11951496WA000000077603
B0023124800501N11951503WA000000077675
B0023134800504N11951510WA000000077717
B0023144800504N11951517WA000000077786
B0023154800503N11951522WA000000077898
B0023164800502N11951527WA000000077873
B0023174800501N11951530WA000000077954
B0023184800499N11951532WA000000077993
B0023194800497N11951532WA000000077921
B0023204800495N11951530WA000000077905
B0023214800493N11951526WA000000078007
B0023224800492N11951520WA000000078116
B0023234800492N11951513WA000000078173
B0023244800494N11951505WA000000078480
B0023254800498N11951496WA000000078518
B0023264800503N11951489WA000000078611
B0023274800509N11951483WA000000078869
B0023284800516N11951480WA000000079033
B0023294800523N11951478WA000000079089
B0023304800532N11951480WA000000079002
B0023314800539N11951482WA000000078938
B0023324800545N11951488WA000000078855
B0023334800550N11951495WA000000078793
B0023344800554N11951503WA000000078615
B0023354800555N11951511WA000000078741
B0023364800556N11951517WA000000078988
B0023374800555N11951523WA000000079071
B0023384800554N11951527WA000000079145
B0023394800552N11951530WA000000079332
B0023404800550N11951531WA000000079451
B0023414800548N11951529WA000000079535
B0023424800546N11951526WA000000079750
B0023434800545N11951520WA000000079836
B0023444800545N11951513WA000000079917
B0023454800547N11951506WA000000079911
B0023464800550N11951498WA000000080067
B0023474800555N11951491WA000000080115
B0023484800561N11951485WA000000080232
B0023494800568N11951480WA000000080327
B0023504800575N11951478WA000000080522
B0023514800583N11951478WA000000080553
B0023524800591N11951479WA000000080509
B0023534800598N11951482WA000000080528
B0023544800604N11951488WA000000080440
B0023554800609N11951495WA000000080592
B0023564800614N11951502WA000000080428
B0023574800616N11951511WA000000080325
B0023584800615N11951517WA000000080355
B0023594800615N11951524WA000000080511
B0024004800613N11951529WA000000080594
B0024014800612N11951532WA000000080713
B0024024800611N11951535WA000000080711
B0024034800609N11951536WA000000080616
B0024044800606N11951535WA000000080768
B0024054800604N11951533WA000000080804
B0024064800602N11951530WA000000080805
B0024074800600N11951525WA000000081083
B0024084800600N11951518WA000000081228
B0024094800601N11951511WA000000081228
B0024104800603N11951504WA000000081352
B0024114800607N11951496WA000000081503
B0024124800611N11951488WA000000081649
B0024134800617N11951483WA000000081831
B0024144800624N11951478WA000000081947
B0024154800633N11951476WA000000082023
B0024164800641N11951477WA000000082010
B0024174800649N11951479WA000000082024
B0024184800656N11951484WA000000082112
B0024194800660N11951489WA000000082299
B0024204800665N11951497WA000000082027
B0024214800668N11951506WA000000082007
B0024224800669N11951514WA000000082019
B0024234800668N11951522WA000000082111
B0024244800667N11951528WA000000082123
B0024254800666N11951533WA000000082211
B0024264800664N11951536WA000000082477
B0024274800662N11951539WA000000082594
B0024284800661N11951541WA000000082705
B0024294800659N11951543WA000000082723
B0024304800657N11951544WA000000082925
B0024314800655N11951545WA000000082996
B0024324800654N11951547WA000000082906
B0024334800652N11951550WA000000083202
B0024344800650N11951552WA000000083404
B0024354800647N11951553WA000000083594
B0024364800645N11951552WA000000083655
B0024374800644N11951544WA000000083586
B0024384800646N11951536WA000000083311
B0024394800648N11951526WA000000082983
B0024404800657N11951518WA000000082519
B0024414800665N11951514WA000000082663
B0024424800674N11951512WA000000082614
B0024434800681N11951512WA000000083165
B0024444800687N11951515WA000000083497
B0024454800693N11951521WA000000083677
B0024464800698N11951529WA000000083732
B0024474800701N11951537WA000000083807
B0024484800701N11951544WA000000083749
B0024494800698N11951548WA000000083791
LXCTACTIVITY STILL 50
B0024504800695N11951550WA000000083837
B0024514800692N11951548WA000000083716
B0024524800690N11951542WA000000083943
B0024534800690N11951534WA000000083983
B0024544800694N11951525WA000000083909
B0024554800700N11951519WA000000083930
B0024564800707N11951512WA000000083859
B0024574800714N11951509WA000000084037
B0024584800721N11951509WA000000084284
B0024594800729N11951512WA000000084420
B0025004800736N11951515WA000000084404
B0025014800742N11951521WA000000084547
B0025024800747N11951529WA000000084605
B0025034800749N11951538WA000000084835
B0025044800748N11951544WA000000084898
B0025054800747N11951549WA000000084975
B0025064800745N11951550WA000000084928
B0025074800742N11951549WA000000085013
B0025084800739N11951545WA000000085244
B0025094800738N11951538WA000000085449
B0025104800737N11951532WA000000085651
B0025114800740N11951524WA000000085552
B0025124800746N11951516WA000000085506
B0025134800752N11951510WA000000085549
B0025144800759N11951508WA000000085712
B0025154800766N11951509WA000000086020
B0025164800773N11951513WA000000086110
B0025174800779N11951518WA000000086147
B0025184800784N11951525WA000000086195
B0025194800789N11951532WA000000086338
B0025204800791N11951540WA000000086493
B0025214800792N11951546WA000000086509
B0025224800790N11951553WA000000086306
B0025234800787N11951558WA000000086500
B0025244800783N11951561WA000000086897
B0025254800782N11951560WA000000086913
B0025264800779N11951558WA000000087088
B0025274800778N11951556WA000000087273
B0025284800778N11951552WA000000087313
B0025294800778N11951545WA000000087235
B0025304800780N11951536WA000000087058
B0025314800785N11951527WA000000086727
B0025324800790N11951520WA000000086751
B0025334800797N11951515WA000000086950
B0025344800804N11951512WA000000087216
B0025354800811N11951512WA000000087300
B0025364800817N11951515WA000000087459
B0025374800823N11951522WA000000087341
B0025384800827N11951530WA000000087262
B0025394800831N11951538WA000000087025
B0025404800834N11951546WA000000087116
B0025414800835N11951552WA000000087416
B0025424800835N11951557WA000000087557
B0025434800832N11951559WA000000087730
B0025444800830N11951560WA000000087405
B0025454800826N11951558WA000000087410
B0025464800824N11951553WA000000087365
B0025474800824N11951547WA000000087441
B0025484800826N11951538WA000000087468
B0025494800830N11951530WA000000087411
B0025504800835N11951522WA000000087537
B0025514800840N11951516WA000000087647
B0025524800847N11951513WA000000087515
B0025534800854N11951513WA000000087422
B0025544800861N11951515WA000000087413
B0025554800867N11951519WA000000087359
B0025564800873N11951526WA000000087123
B0025574800877N11951533WA000000087237
B0025584800880N11951541WA000000087305
B0025594800880N11951548WA000000087468
B0026004800880N11951554WA000000087585
B0026014800878N11951558WA000000087674
B0026024800875N11951559WA000000087606
B0026034800872N11951557WA000000087649
B0026044800870N11951553WA000000087788
B0026054800870N11951547WA000000087758
B0026064800870N11951540WA000000087754
B0026074800872N11951533WA000000087792
B0026084800876N11951525WA000000087667
B0026094800881N11951517WA000000087559
B0026104800887N11951511WA000000087490
B0026114800894N11951505WA000000087554
B0026124800901N11951501WA000000087476
B0026134800908N11951498WA000000087544
B0026144800916N11951494WA000000087407
B0026154800923N11951489WA000000087328
B0026164800930N11951485WA000000087390
B0026174800938N11951480WA000000087323
B0026184800945N11951474WA000000087342
B0026194800952N11951467WA000000087446
B0026204800959N11951460WA000000087379
B0026214800966N11951454WA000000087537
B0026224800973N11951449WA000000087673
B0026234800980N11951444WA000000087855
B0026244800986N11951439WA000000088068
B0026254800991N11951432WA000000088319
B0026264800993N11951425WA000000088395
B0026274800994N11951416WA000000088371
B0026284800994N11951408WA000000088303
B0026294800991N11951404WA000000088550
B0026304800989N11951403WA000000088536
B0026314800987N11951408WA000000088532
B0026324800986N11951415WA000000088532
B0026334800988N11951423WA000000088616
B0026344800991N11951431WA000000088710
B0026354800997N11951436WA000000088750
B0026364801004N11951439WA000000089042
B0026374801011N11951438WA000000089175
B0026384801019N11951435WA000000089000
B0026394801025N11951429WA000000089083
B0026404801031N11951422WA000000089191
B0026414801037N11951414WA000000089205
LXCTACTIVITY OTHER 81
B0026424801039N11951406WA000000089227
B0026434801039N11951399WA000000089396
B0026444801039N11951393WA000000089419
B0026454801038N11951388WA000000089528
B0026464801035N11951387WA000000089548
B0026474801032N11951388WA000000089671
B0026484801030N11951390WA000000089739
B0026494801028N11951396WA000000089853
B0026504801027N11951403WA000000090076
B0026514801029N11951411WA000000090131
B0026524801032N11951417WA000000090295
B0026534801038N11951422WA000000090325
B0026544801044N11951425WA000000090323
B0026554801051N11951425WA000000090472
B0026564801059N11951423WA000000090362
B0026574801067N11951419WA000000090362
B0026584801073N11951412WA000000090499
B0026594801078N11951405WA000000090414
B0027004801080N11951397WA000000090324
B0027014801081N11951389WA000000090259
B0027024801082N11951382WA000000090307
B0027034801081N11951376WA000000090461
B0027044801080N11951371WA000000090560
B0027054801078N11951368WA000000090640
B0027064801075N11951367WA000000090771
B0027074801072N11951367WA000000090963
B0027084801070N11951368WA000000091189
B0027094801069N11951370WA000000091478
B0027104801068N11951372WA000000091640
B0027114801067N11951374WA000000091814
B0027124801065N11951375WA000000091938
B0027134801063N11951378WA000000092050
B0027144801065N11951388WA000000092157
B0027154801068N11951395WA000000091916
B0027164801072N11951401WA000000091929
B0027174801076N11951407WA000000091887
B0027184801084N11951407WA000000091885
B0027194801093N11951405WA000000091651
B0027204801101N11951400WA000000091608
B0027214801107N11951394WA000000091758
B0027224801113N11951387WA000000091802
B0027234801116N11951378WA000000091868
B0027244801118N11951370WA000000091795
B0027254801120N11951361WA000000091609
B0027264801120N11951354WA000000091654
B0027274801119N11951348WA000000092773
B0027284801118N11951342WA000000092458
B0027294801117N11951337WA000000092509
B0027304801115N11951335WA000000092643
B0027314801112N11951336WA000000092770
B0027324801110N11951337WA000000092727
B0027334801109N11951342WA000000092801
B0027344801108N11951348WA000000093054
B0027354801108N11951354WA000000093372
B0027364801109N11951360WA000000093596
B0027374801111N11951367WA000000093721
B0027384801113N11951373WA000000093838
B0027394801116N11951380WA000000093758
B0027404801121N11951387WA000000093703
B0027414801126N11951391WA000000093699
B0027424801133N11951394WA000000093666
B0027434801141N11951393WA000000093673
B0027444801148N11951389WA000000093675
B0027454801155N11951384WA000000093622
B0027464801161N11951380WA000000093654
B0027474801164N11951369WA000000093798
B0027484801167N11951360WA000000093631
B0027494801168N11951351WA000000093696
B0027504801169N11951343WA000000093647
B0027514801168N11951336WA000000093538
B0027524801165N11951331WA000000093589
B0027534801162N11951328WA000000093585
B0027544801159N11951326WA000000093594
B0027554801156N11951325WA000000093691
B0027564801153N11951326WA000000093891
B0027574801151N11951326WA000000093919
B0027584801148N11951330WA000000094080
B0027594801147N11951334WA000000094019
B0028004801145N11951340WA000000094196
B0028014801146N11951347WA000000094266
B0028024801148N11951354WA000000094222
LXCTACTIVITY STILL 56
B0028034801152N11951360WA000000094277
B0028044801158N11951366WA000000094340
B0028054801165N11951369WA000000094210
B0028064801172N11951369WA000000094247
B0028074801180N11951367WA000000094133
B0028084801187N11951363WA000000094131
B0028094801193N11951357WA000000093993
B0028104801199N11951349WA000000094019
B0028114801203N11951341WA000000094123
B0028124801206N11951332WA000000094039
B0028134801208N11951324WA000000094021
B0028144801208N11951315WA000000094085
B0028154801208N11951307WA000000093904
B0028164801206N11951301WA000000093922
B0028174801203N11951297WA000000093981
B0028184801201N11951294WA000000094019
B0028194801198N11951294WA000000094128
B0028204801195N11951295WA000000094231
B0028214801192N11951296WA000000096099
B0028224801191N11951299WA000000095407
B0028234801190N11951304WA000000095200
B0028244801188N11951310WA000000094984
B0028254801188N11951318WA000000095061
B0028264801187N11951325WA000000095080
B0028274801188N11951333WA000000095083
B0028284801192N11951340WA000000094989
B0028294801198N11951346WA000000094982
B0028304801205N11951349WA000000094833
B0028314801213N11951349WA000000094717
B0028324801220N11951347WA000000094501
B0028344801231N11951333WA000000094324
B0028354801235N11951325WA000000116821
B0028364801238N11951317WA000000109315
B0028374801240N11951308WA000000104936
B0028384801241N11951300WA000000102041
B0028394801242N11951290WA000000100198
B0028404801244N11951281WA000000098891
B0028414801246N11951271WA000000097864
B0028424801248N11951261WA000000097129
B0028434801249N11951253WA000000096699
B0028444801250N11951244WA000000096455
B0028454801253N11951237WA000000096277
B0028464801255N11951230WA000000096194
B0028474801258N11951223WA000000096077
B0028484801261N11951216WA000000096018
B0028494801264N11951209WA000000095829
B0028504801268N11951202WA000000095749
B0028514801273N11951195WA000000095739
B0028524801280N11951190WA000000095736
B0028534801289N11951188WA000000095574
B0028544801298N11951190WA000000095525
B0028554801306N11951195WA000000095502
B0028564801311N11951202WA000000095717
B0028574801313N11951210WA000000095714
B0028584801313N11951216WA000000095857
B0028594801311N11951220WA000000095893
B0029004801310N11951221WA000000095927
B0029014801308N11951221WA000000095917
B0029024801305N11951221WA000000095952
B0029034801303N11951220WA000000096094
B0029044801301N11951218WA000000096033
B0029054801299N11951217WA000000096076
B0029064801297N11951216WA000000096270
LXCTACTIVITY OTHER 79
B0029074801296N11951210WA000000096290
B0029084801296N11951203WA000000096387
B0029094801297N11951196WA000000096330
B0029104801299N11951187WA000000096215
B0029114801303N11951179WA000000096322
B0029124801308N11951171WA000000096448
B0029134801315N11951166WA000000096522
B0029144801323N11951164WA000000096540
B0029154801331N11951164WA000000096565
B0029164801339N11951165WA000000096665
B0029174801346N11951168WA000000096551
B0029184801352N11951172WA000000096581
B0029194801356N11951177WA000000096677
B0029204801358N11951183WA000000096778
B0029214801360N11951189WA000000096827
B0029224801359N11951195WA000000096883
B0029234801358N11951198WA000000096937
B0029244801356N11951199WA000000096907
B0029254801353N11951198WA000000096952
B0029264801351N11951194WA000000097048
B0029274801350N11951190WA000000097001
B0029284801349N11951183WA000000097287
B0029294801350N11951177WA000000097214
B0029304801351N11951169WA000000097386
B0029314801354N11951161WA000000097358
B0029324801359N11951154WA000000097201
B0029334801364N11951147WA000000097275
B0029344801371N11951141WA000000097153
B0029354801379N11951139WA000000096996
B0029364801388N11951140WA000000096918
B0029374801395N11951144WA000000097041
B0029384801401N11951149WA000000097070
LXCTACTIVITY STILL 48
B0029394801406N11951156WA000000096885
B0029404801410N11951164WA000000096903
B0029414801411N11951171WA000000096979
B0029424801412N11951178WA000000097187
B0029434801413N11951184WA000000097276
B0029444801413N11951189WA000000097460
B0029454801412N11951192WA000000097624
B0029464801409N11951193WA000000097627
B0029474801406N11951194WA000000097658
B0029484801404N11951193WA000000097500
B0029494801401N11951190WA000000097550
B0029504801399N11951185WA000000097666
B0029514801398N11951179WA000000097873
B0029524801399N11951172WA000000097918
B0029534801400N11951165WA000000098061
B0029544801404N11951159WA000000098150
B0029554801409N11951152WA000000098249
B0029564801415N11951147WA000000098200
B0029574801421N11951141WA000000098017
B0029584801428N11951139WA000000098096
B0029594801436N11951138WA000000098048
B0030004801444N11951141WA000000097915
B0030014801450N11951146WA000000097998
B0030024801456N11951153WA000000097936
B0030034801460N11951161WA000000097856
B0030044801462N11951169WA000000097944
B0030054801463N11951176WA000000098112
B0030064801462N11951182WA000000098280
B0030074801462N11951187WA000000098240
B0030084801462N11951191WA000000098365
B0030094801461N11951195WA000000098325
B0030104801459N11951198WA000000098539
B0030114801456N11951200WA000000098465
B0030124801453N11951199WA000000098318
B0030134801448N11951195WA000000098081
B0030144801445N11951189WA000000097921
B0030154801443N11951181WA000000097824
B0030164801442N11951172WA000000097898
B0030174801443N11951164WA000000098041
B0030184801444N11951155WA000000098278
B0030194801446N11951147WA000000098369
B0030204801449N11951140WA000000098335
B0030214801451N11951132WA000000098361
B0030224801454N11951124WA000000098394
B0030234801457N11951116WA000000098265
B0030244801461N11951108WA000000098218
B0030254801464N11951100WA000000098204
B0030264801467N11951092WA000000098189
B0030274801472N11951084WA000000098109
B0030284801476N11951077WA000000098234
B0030294801480N11951069WA000000098257
B0030304801485N11951063WA000000098265
B0030314801490N11951057WA000000098255
B0030324801495N11951051WA000000098253
B0030334801500N11951044WA000000098323
B0030344801505N11951037WA000000098313
B0030354801510N11951030WA000000098465
B0030364801515N11951023WA000000098470
B0030374801520N11951016WA000000098584
B0030384801526N11951010WA000000098632
B0030394801532N11951003WA000000098707
B0030404801537N11950997WA000000098709
B0030414801542N11950989WA000000098757
B0030424801548N11950981WA000000098728
B0030434801554N11950975WA000000098630
B0030444801559N11950967WA000000098632
B0030454801564N11950959WA000000098584
B0030464801569N11950951WA000000098486
B0030474801574N11950943WA000000098297
B0030484801579N11950936WA000000098270
B0030494801584N11950928WA000000098230
B0030504801589N11950920WA000000098234
B0030514801594N11950912WA000000098219
B0030524801598N11950904WA000000098226
B0030534801602N11950896WA000000098000
B0030544801605N11950887WA000000097948
B0030554801608N11950878WA000000097765
B0030564801612N11950868WA000000097737
B0030574801615N11950859WA000000097771
B0030584801618N11950850WA000000097794
B0030594801621N11950841WA000000097677
B0031004801624N11950833WA000000097656
B0031014801626N11950824WA000000097493
B0031024801629N11950814WA000000097346
B0031034801632N11950804WA000000097118
B0031044801635N11950795WA000000097055
B0031054801638N11950786WA000000096863
B0031064801641N11950776WA000000096747
B0031074801644N11950767WA000000096581
B0031084801648N11950757WA000000096444
B0031094801651N11950747WA000000096156
B0031104801654N11950737WA000000096084
B0031114801658N11950727WA000000095905
B0031124801661N11950717WA000000095739
B0031134801665N11950708WA000000095602
B0031144801668N11950699WA000000095530
B0031154801671N11950689WA000000095461
B0031164801674N11950679WA000000095291
B0031174801678N11950668WA000000095259
B0031184801682N11950659WA000000095152
B0031194801687N11950649WA000000094907
B0031204801691N11950639WA000000094915
B0031214801695N11950629WA000000094741
B0031224801699N11950619WA000000094660
B0031234801704N11950608WA000000094448
B0031244801709N11950598WA000000094229
B0031254801714N11950589WA000000094276
B0031264801720N11950581WA000000094131
B0031274801726N11950573WA000000094060
B0031284801733N11950564WA000000093915
B0031294801740N11950557WA000000093954
B0031304801747N11950551WA000000093885
B0031314801756N11950547WA000000093707
B0031324801764N11950545WA000000093600
B0031334801771N11950542WA000000093576
B0031344801779N11950541WA000000093343
B0031354801787N11950540WA000000093275
B0031364801795N11950540WA000000093056
B0031374801803N11950542WA000000092764
B0031384801813N11950541WA000000092515
B0031394801822N11950540WA000000092418
B0031404801830N11950540WA000000092331
B0031414801838N11950541WA000000092240
B0031424801846N11950539WA000000092178
B0031434801855N11950538WA000000091905
B0031444801864N11950537WA000000091602
B0031454801873N11950536WA000000091352
B0031464801882N11950535WA000000091272
B0031474801891N11950534WA000000091189
B0031484801899N11950534WA000000091266
B0031494801907N11950533WA000000091182
B0031504801916N11950533WA000000091094
B0031514801925N11950533WA000000091084
B0031524801934N11950533WA000000091127
B0031534801943N11950535WA000000091004
B0031544801951N11950536WA000000091092
B0031554801960N11950536WA000000091105
B0031564801967N11950538WA000000091443
B0031574801973N11950542WA000000091810
B0031584801977N11950547WA000000091851
B0031594801981N11950554WA000000091812
B0032004801977N11950558WA000000091875
B0032014801975N11950560WA000000092088
B0032024801973N11950561WA000000092120
B0032034801970N11950559WA000000092394
B0032044801975N11950544WA000000092218
B0032054801977N11950534WA000000092168
B0032064801984N11950526WA000000092192
B0032074801994N11950520WA000000092150
B0032084802004N11950517WA000000092131
B0032094802014N11950519WA000000092120
B0032104802019N11950526WA000000092212
B0032114802024N11950534WA000000092402
B0032124802027N11950543WA000000092372
B0032134802025N11950548WA000000092202
B0032144802023N11950553WA000000092427
B0032154802020N11950555WA000000092693
B0032164802019N11950555WA000000092950
B0032174802017N11950552WA000000093177
B0032184802016N11950548WA000000093432
B0032194802015N11950540WA000000093573
B0032204802017N11950531WA000000093621
B0032214802021N11950521WA000000093764
B0032224802027N11950513WA000000093864
B0032234802036N11950507WA000000093612
B0032244802045N11950503WA000000093494
B0032254802055N11950503WA000000093468
B0032264802061N11950508WA000000093321
B0032274802067N11950513WA000000093493
B0032284802072N11950520WA000000093488
B0032294802075N11950528WA000000093332
B0032304802074N11950534WA000000093359
B0032314802072N11950540WA000000093051
B0032324802069N11950543WA000000092998
B0032334802067N11950544WA000000093010
B0032344802064N11950542WA000000093292
B0032354802063N11950537WA000000093377
B0032364802062N11950531WA000000093348
B0032374802062N11950524WA000000093512
B0032384802063N11950515WA000000093742
B0032394802067N11950505WA000000093837
B0032404802074N11950497WA000000093814
B0032414802083N11950491WA000000093738
B0032424802093N11950489WA000000093505
B0032434802102N11950491WA000000093466
B0032444802110N11950496WA000000093318
B0032454802115N11950503WA000000093442
B0032464802118N11950510WA000000093501
B0032474802118N11950515WA000000093549
B0032484802117N11950521WA000000093603
B0032494802115N11950524WA000000093859
B0032504802113N11950525WA000000094139
B0032514802111N11950524WA000000094122
B0032524802108N11950520WA000000093998
B0032534802107N11950515WA000000094017
B0032544802106N11950508WA000000094172
B0032554802108N11950498WA000000094227
B0032564802113N11950489WA000000094283
B0032574802122N11950482WA000000094000
B0032584802132N11950480WA000000093762
B0032594802142N11950482WA000000093303
B0033004802149N11950488WA000000093355
B0033014802155N11950495WA000000093484
B0033024802161N11950502WA000000093612
B0033034802164N11950507WA000000093780
B0033044802167N11950511WA000000094197
B0033054802170N11950516WA000000094269
B0033064802171N11950524WA000000094293
B0033074802171N11950530WA000000094384
B0033084802170N11950535WA000000094425
B0033094802167N11950538WA000000094695
B0033104802165N11950537WA000000094760
B0033114802163N11950531WA000000094859
B0033124802162N11950523WA000000094858
B0033134802164N11950514WA000000094830
B0033144802168N11950504WA000000094781
B0033154802176N11950497WA000000094722
B0033164802184N11950493WA000000094876
B0033174802193N11950496WA000000094842
B0033184802200N11950501WA000000094975
B0033194802204N11950509WA000000095291
B0033204802207N11950516WA000000095492
B0033214802208N11950522WA000000095502
B0033224802206N11950527WA000000095427
B0033234802204N11950531WA000000095516
B0033244802201N11950533WA000000095882
B0033254802200N11950531WA000000096134
B0033264802198N11950526WA000000096298
B0033274802197N11950519WA000000096060
B0033284802198N11950508WA000000095606
B0033294802200N11950497WA000000095426
B0033304802204N11950486WA000000095277
B0033314802211N11950477WA000000095277
B0033324802218N11950471WA000000095165
B0033334802228N11950469WA000000095107
B0033344802236N11950470WA000000095188
B0033354802244N11950473WA000000095188
B0033364802250N11950479WA000000095296
B0033374802255N11950487WA000000095215
B0033384802257N11950495WA000000095577
B0033394802257N11950502WA000000095686
B0033404802256N11950508WA000000095615
B0033414802253N11950512WA000000095987
B0033424802251N11950513WA000000096121
B0033434802248N11950508WA000000096279
B0033444802247N11950500WA000000096168
B0033454802249N11950489WA000000096006
B0033464802253N11950478WA000000095851
B0033474802259N11950467WA000000095720
B0033484802267N11950459WA000000095701
B0033494802275N11950454WA000000095753
B0033504802284N11950453WA000000095734
B0033514802293N11950455WA000000095704
B0033524802300N11950460WA000000095752
B0033534802306N11950466WA000000095942
B0033544802310N11950472WA000000096275
B0033554802313N11950479WA000000096451
B0033564802314N11950486WA000000096575
B0033574802315N11950492WA000000096534
B0033584802315N11950499WA000000096664
B0033594802315N11950504WA000000096616
B0034004802313N11950507WA000000096716
B0034014802310N11950507WA000000096856
B0034024802307N11950505WA000000096976
B0034034802305N11950501WA000000096835
B0034044802304N11950494WA000000096838
B0034054802305N11950485WA000000096612
B0034064802307N11950474WA000000096370
B0034074802312N11950462WA000000096147
B0034084802321N11950454WA000000096001
B0034094802330N11950447WA000000095739
B0034104802340N11950443WA000000095719
B0034114802349N11950440WA000000095728
B0034124802358N11950437WA000000095813
B0034134802368N11950433WA000000095900
B0034144802376N11950429WA000000096097
B0034154802385N11950425WA000000096115
B0034164802393N11950423WA000000096281
B0034174802401N11950419WA000000096587
B0034184802408N11950416WA000000096762
B0034194802415N11950414WA000000096952
B0034204802422N11950411WA000000097128
B0034214802429N11950408WA000000097358
B0034224802435N11950404WA000000097495
B0034234802441N11950397WA000000097385
B0034244802445N11950388WA000000097103
B0034254802444N11950380WA000000097124
B0034264802441N11950374WA000000097168
B0034274802440N11950374WA000000097109
B0034284802438N11950378WA000000097267
B0034294802438N11950386WA000000097172
B0034304802441N11950393WA000000097258
B0034314802443N11950401WA000000097491
B0034324802448N11950406WA000000097516
B0034334802452N11950411WA000000097738
B0034344802458N11950415WA000000097834
B0034354802466N11950417WA000000097801
B0034364802474N11950415WA000000097744
B0034374802483N11950411WA000000097650
B0034384802491N11950404WA000000097624
B0034394802495N11950395WA000000097798
B0034404802498N11950386WA000000097886
B0034414802499N11950378WA000000097964
B0034424802498N11950372WA000000097937
B0034434802496N11950369WA000000097984
B0034444802495N11950367WA000000097809
B0034454802493N11950368WA000000097964
B0034464802492N11950369WA000000098088
B0034474802492N11950372WA000000098137
B0034484802491N11950376WA000000098029
B0034494802493N11950384WA000000097925
B0034504802496N11950391WA000000097784
B0034514802503N11950397WA000000097633
B0034524802511N11950401WA000000097650
B0034534802520N11950401WA000000097644
B0034544802528N11950399WA000000097670
B0034554802536N11950394WA000000097671
B0034564802543N11950386WA000000097717
B0034574802548N11950379WA000000097723
B0034584802553N11950371WA000000097622
B0034594802557N11950361WA000000097704
B0035004802559N11950351WA000000097793
B0035014802563N11950341WA000000097755
B0035024802568N11950330WA000000097649
B0035034802573N11950320WA000000097606
B0035044802577N11950311WA000000097792
B0035054802581N11950302WA000000097991
B0035064802586N11950293WA000000098066
B0035074802591N11950285WA000000098141
B0035084802596N11950275WA000000098119
B0035094802601N11950266WA000000098037
B0035104802607N11950258WA000000097951
B0035114802613N11950250WA000000098081
B0035124802619N11950242WA000000097989
B0035134802626N11950235WA000000097833
B0035144802632N11950227WA000000097734
B0035154802638N11950219WA000000097920
B0035164802643N11950210WA000000097886
B0035174802650N11950201WA000000097605
B0035184802656N11950193WA000000097432
B0035194802662N11950184WA000000097423
B0035204802668N11950175WA000000097473
B0035214802675N11950167WA000000097523
B0035224802681N11950159WA000000097737
B0035234802686N11950152WA000000097865
B0035244802692N11950145WA000000097732
B0035254802698N11950137WA000000097605
B0035264802703N11950129WA000000097470
B0035274802709N11950120WA000000097358
B0035284802714N11950112WA000000097243
B0035294802718N11950104WA000000097197
B0035304802723N11950096WA000000097134
B0035314802728N11950090WA000000096880
B0035324802733N11950081WA000000096774
B0035334802738N11950071WA000000096424
B0035344802743N11950060WA000000096135
B0035354802749N11950050WA000000095813
B0035364802754N11950040WA000000095787
B0035374802760N11950032WA000000095661
B0035384802766N11950024WA000000095510
B0035394802771N11950016WA000000095496
B0035404802778N11950009WA000000095310
B0035414802786N11950001WA000000095115
B0035424802793N11949993WA000000095078
B0035434802801N11949986WA000000094921
B0035444802807N11949978WA000000094955
B0035454802813N11949972WA000000095100
B0035464802817N11949966WA000000095277
B0035474802821N11949961WA000000095297
B0035484802825N11949955WA000000095061
B0035494802830N11949947WA000000094665
B0035504802835N11949939WA000000094344
B0035514802840N11949931WA000000094165
B0035524802845N11949924WA000000094127
B0035534802850N11949918WA000000094020
B0035544802853N11949911WA000000093994
B0035554802859N11949904WA000000093624
B0035564802863N11949896WA000000093481
B0035574802869N11949887WA000000093079
B0035584802876N11949880WA000000092839
B0035594802884N11949874WA000000092667
B0036004802891N11949866WA000000092857
B0036014802898N11949859WA000000092896
B0036024802905N11949853WA000000092790
B0036034802912N11949845WA000000092777
B0036044802919N11949838WA000000092804
B0036054802924N11949830WA000000092874
B0036064802929N11949822WA000000092830
B0036074802933N11949813WA000000092832
B0036084802937N11949804WA000000092961
B0036094802942N11949795WA000000092844
B0036104802946N11949787WA000000092691
B0036114802951N11949778WA000000092586
B0036124802956N11949769WA000000092348
B0036134802961N11949761WA000000092191
B0036144802968N11949752WA000000091926
B0036154802974N11949744WA000000091742
B0036164802980N11949735WA000000091677
B0036174802987N11949728WA000000091535
B0036184802994N11949721WA000000091404
B0036194802999N11949714WA000000091459
B0036204803005N11949708WA000000091234
B0036214803010N11949701WA000000091389
B0036224803016N11949695WA000000091293
B0036234803023N11949688WA000000091109
B0036244803029N11949681WA000000090959
B0036254803037N11949674WA000000090729
B0036264803044N11949668WA000000090663
B0036274803051N11949661WA000000090442
B0036284803057N11949654WA000000090698
B0036294803063N11949649WA000000090664
B0036304803070N11949644WA000000090646
B0036314803076N11949638WA000000090665
B0036324803083N11949632WA000000090452
B0036334803090N11949625WA000000090232
B0036344803096N11949617WA000000090202
B0036354803102N11949611WA000000090140
B0036364803108N11949604WA000000090268
B0036374803114N11949598WA000000090298
B0036384803121N11949591WA000000090145
B0036394803127N11949583WA000000090083
B0036404803134N11949575WA000000089902
B0036414803140N11949567WA000000090105
B0036424803146N11949560WA000000090115
B0036434803151N11949554WA000000090292
B0036444803157N11949548WA000000090231
B0036454803162N11949541WA000000090255
B0036464803168N11949534WA000000090216
B0036474803173N11949527WA000000090147
B0036484803179N11949521WA000000090042
B0036494803185N11949514WA000000090025
B0036504803190N11949508WA000000089782
B0036514803195N11949500WA000000089652
B0036524803200N11949493WA000000089489
B0036534803206N11949487WA000000089237
B0036544803211N11949481WA000000088941
B0036554803217N11949474WA000000088830
B0036564803222N11949466WA000000088767
B0036574803228N11949458WA000000088728
B0036584803234N11949451WA000000088754
B0036594803240N11949444WA000000088536
B0037004803245N11949436WA000000088516
B0037014803250N11949428WA000000088459
B0037024803255N11949421WA000000088312
B0037034803260N11949412WA000000088349
B0037044803265N11949403WA000000088339
B0037054803269N11949394WA000000088398
B0037064803274N11949384WA000000088096
B0037074803279N11949374WA000000088185
B0037084803285N11949366WA000000088100
B0037094803290N11949358WA000000088127
B0037104803295N11949351WA000000088110
B0037114803299N11949342WA000000088296
B0037124803304N11949333WA000000088233
B0037134803308N11949324WA000000088294
B0037144803314N11949316WA000000088322
B0037154803319N11949309WA000000088405
B0037164803324N11949304WA000000088433
B0037174803328N11949298WA000000088369
B0037184803332N11949292WA000000088375
B0037194803337N11949284WA000000088236
B0037204803342N11949276WA000000088130
B0037214803347N11949266WA000000088165
B0037224803352N11949256WA000000088005
B0037234803356N11949247WA000000088245
B0037244803360N11949239WA000000088416
B0037254803363N11949232WA000000088743
B0037264803366N11949225WA000000088862
B0037274803369N11949218WA000000088936
B0037284803370N11949211WA000000088974
B0037294803370N11949205WA000000088923
B0037304803368N11949200WA000000088821
B0037314803366N11949197WA000000088837
B0037324803363N11949198WA000000088720
B0037334803360N11949201WA000000088851
B0037344803359N11949206WA000000088859
B0037354803360N11949213WA000000088962
B0037364803363N11949219WA000000088985
B0037374803369N11949225WA000000089044
B0037384803375N11949229WA000000089091
B0037394803382N11949230WA000000089192
B0037404803388N11949228WA000000089393
B0037414803394N11949225WA000000089485
B0037424803400N11949221WA000000089493
B0037434803406N11949215WA000000089477
B0037444803410N11949206WA000000089400
B0037454803412N11949197WA000000089402
B0037464803411N11949188WA000000089484
B0037474803410N11949182WA000000089601
B0037484803407N11949178WA000000089619
B0037494803403N11949177WA000000089669
B0037504803400N11949178WA000000089784
B0037514803398N11949181WA000000089861
B0037524803396N11949184WA000000089944
B0037534803397N11949188WA000000089818
B0037544803398N11949195WA000000089683
B0037554803403N11949202WA000000089338
B0037564803410N11949209WA000000089005
B0037574803418N11949212WA000000088946
B0037584803426N11949211WA000000088970
B0037594803433N11949205WA000000089070
B0038004803438N11949197WA000000089198
B0038014803442N11949190WA000000089142
B0038024803445N11949181WA000000089216
B0038034803448N11949173WA000000089225
B0038044803451N11949164WA000000089186
B0038054803455N11949155WA000000088957
B0038064803459N11949144WA000000088856
B0038074803463N11949133WA000000088623
B0038084803467N11949123WA000000088768
B0038094803471N11949115WA000000088775
B0038104803475N11949107WA000000088875
B0038114803479N11949100WA000000088873
B0038124803483N11949092WA000000088858
B0038134803487N11949084WA000000088630
B0038144803490N11949075WA000000088471
B0038154803494N11949065WA000000088326
B0038164803498N11949056WA000000090115
B0038174803502N11949047WA000000089312
B0038184803506N11949038WA000000088970
B0038194803510N11949029WA000000088790
B0038204803514N11949020WA000000088555
B0038214803518N11949011WA000000088556
B0038224803522N11949002WA000000088350
B0038234803526N11948993WA000000088260
B0038244803530N11948983WA000000088156
B0038254803534N11948974WA000000088045
B0038264803538N11948964WA000000087937
B0038274803542N11948955WA000000087702
B0038284803546N11948945WA000000087516
B0038294803549N11948936WA000000087464
B0038304803553N11948927WA000000087284
B0038314803557N11948918WA000000087280
B0038324803561N11948908WA000000087067
B0038334803565N11948899WA000000086933
B0038344803569N11948890WA000000086827
B0038354803572N11948882WA000000086893
B0038364803577N11948873WA000000086617
B0038374803581N11948864WA000000086546
B0038384803585N11948854WA000000086292
B0038394803591N11948844WA000000086042
B0038404803597N11948834WA000000085933
B0038414803602N11948825WA000000085979
B0038424803607N11948817WA000000085940
B0038434803612N11948808WA000000085827
B0038444803616N11948800WA000000085773
B0038454803621N11948791WA000000085482
B0038464803626N11948780WA000000085194
B0038474803632N11948768WA000000084718
B0038484803637N11948756WA000000084459
B0038494803642N11948744WA000000084282
B0038504803648N11948732WA000000084061
B0038514803653N11948719WA000000084078
B0038524803658N11948708WA000000084067
B0038534803663N11948699WA000000084061
B0038544803668N11948689WA000000084138
B0038554803672N11948680WA000000084247
B0038564803676N11948672WA000000084172
B0038574803680N11948663WA000000084194
B0038584803684N11948654WA000000084195
B0038594803689N11948645WA000000084071
B0039004803694N11948635WA000000083835
B0039014803698N11948625WA000000083645
B0039024803702N11948616WA000000083672
B0039034803706N11948607WA000000083464
B0039044803711N11948598WA000000083327
B0039054803716N11948590WA000000083301
B0039064803720N11948582WA000000083270
B0039074803725N11948573WA000000083167
B0039084803731N11948565WA000000082820
B0039094803736N11948556WA000000082797
B0039104803742N11948547WA000000082517
B0039114803746N11948539WA000000082490
B0039124803751N11948531WA000000082490
B0039134803757N11948523WA000000082322
B0039144803762N11948514WA000000082435
B0039154803768N11948505WA000000082320
B0039164803773N11948495WA000000082319
B0039174803777N11948487WA000000082388
B0039184803782N11948479WA000000082357
B0039194803787N11948471WA000000082325
B0039204803791N11948462WA000000082298
B0039214803797N11948453WA000000082139
B0039224803802N11948443WA000000082173
B0039234803808N11948433WA000000082078
B0039244803813N11948425WA000000082060
B0039254803818N11948417WA000000082051
B0039264803824N11948409WA000000081962
B0039274803830N11948400WA000000081849
B0039284803835N11948392WA000000081786
B0039294803841N11948383WA000000081567
B0039304803847N11948375WA000000081532
B0039314803852N11948367WA000000081470
B0039324803858N11948358WA000000081468
B0039334803863N11948350WA000000081396
B0039344803869N11948341WA000000081329
B0039354803874N11948333WA000000081273
B0039364803880N11948324WA000000081218
B0039374803884N11948316WA000000081116
B0039384803888N11948307WA000000080829
B0039394803892N11948299WA000000080885
B0039404803896N11948290WA000000080771
B0039414803902N11948281WA000000080656
B0039424803907N11948271WA000000080665
B0039434803912N11948261WA000000080530
B0039444803917N11948251WA000000080418
B0039454803921N11948242WA000000080443
B0039464803925N11948233WA000000080335
B0039474803930N11948224WA000000080149
B0039484803936N11948216WA000000079903
B0039494803941N11948207WA000000079722
B0039504803946N11948198WA000000079706
B0039514803950N11948190WA000000079654
B0039524803955N11948181WA000000079535
B0039534803960N11948173WA000000079484
B0039544803966N11948164WA000000079237
B0039554803972N11948155WA000000079008
B0039564803977N11948146WA000000078835
B0039574803983N11948137WA000000078620
B0039584803988N11948127WA000000078590
B0039594803994N11948116WA000000078408
B0040004803999N11948106WA000000078249
B0040014804004N11948097WA000000078299
B0040024804008N11948088WA000000078162
B0040034804014N11948078WA000000077715
B0040044804019N11948067WA000000077517
B0040054804025N11948057WA000000077501
B0040064804030N11948047WA000000077535
B0040074804035N11948037WA000000077422
B0040084804040N11948027WA000000077329
B0040094804045N11948018WA000000077337
B0040104804050N11948010WA000000077305
B0040114804054N11948000WA000000077279
B0040124804060N11947991WA000000077134
B0040134804065N11947982WA000000077046
B0040144804070N11947974WA000000077042
B0040154804075N11947965WA000000076958
B0040164804080N11947957WA000000076961
B0040174804085N11947948WA000000076874
B0040184804091N11947939WA000000076715
B0040194804095N11947930WA000000076797
B0040204804100N11947922WA000000076699
B0040214804105N11947914WA000000076596
B0040224804111N11947906WA000000076442
B0040234804115N11947897WA000000076388
B0040244804121N11947889WA000000076244
B0040254804126N11947880WA000000076118
B0040264804131N11947872WA000000076115
B0040274804136N11947865WA000000076152
B0040284804141N11947856WA000000076148
B0040294804146N11947848WA000000076036
B0040304804151N11947839WA000000075909
B0040314804155N11947831WA000000075833
B0040324804159N11947822WA000000075768
B0040334804164N11947813WA000000075668
B0040344804169N11947805WA000000075532
B0040354804174N11947796WA000000075417
B0040364804178N11947788WA000000075539
B0040374804183N11947780WA000000075303
B0040384804187N11947771WA000000075379
B0040394804192N11947763WA000000075062
B0040404804197N11947754WA000000074881
B0040414804202N11947746WA000000074700
B0040424804206N11947736WA000000074598
B0040434804211N11947727WA000000074589
B0040444804216N11947718WA000000074599
B0040454804221N11947710WA000000074582
B0040464804226N11947701WA000000074451
B0040474804230N11947692WA000000074392
B0040484804235N11947683WA000000074393
B0040494804240N11947674WA000000074273
B0040504804245N11947665WA000000074164
B0040514804250N11947656WA000000074167
B0040524804255N11947648WA000000074050
B0040534804260N11947638WA000000073805
B0040544804264N11947628WA000000073878
B0040554804269N11947619WA000000073702
B0040564804273N11947609WA000000073745
B0040574804277N11947600WA000000073560
B0040584804282N11947591WA000000073448
B0040594804287N11947583WA000000073448
B0041004804291N11947574WA000000073413
B0041014804295N11947565WA000000073091
B0041024804300N11947555WA000000072976
B0041034804305N11947545WA000000072847
B0041044804310N11947535WA000000072839
B0041054804314N11947526WA000000072853
B0041064804318N11947517WA000000072871
B0041074804322N11947508WA000000072984
B0041084804327N11947499WA000000073018
B0041094804331N11947490WA000000073016
B0041104804335N11947480WA000000072966
B0041114804340N11947470WA000000072903
B0041124804344N11947460WA000000072956
B0041134804348N11947451WA000000073018
B0041144804351N11947443WA000000073267
B0041154804355N11947436WA000000073320
B0041164804358N11947428WA000000073362
B0041174804362N11947420WA000000073333
B0041184804366N11947412WA000000073214
B0041194804369N11947404WA000000073130
B0041204804373N11947395WA000000073037
B0041214804377N11947387WA000000072917
B0041224804381N11947378WA000000072979
B0041234804385N11947370WA000000072828
B0041244804388N11947362WA000000072774
B0041254804392N11947353WA000000072748
B0041264804395N11947344WA000000072688
B0041274804399N11947336WA000000072526
B0041284804402N11947327WA000000072468
B0041294804406N11947319WA000000072315
B0041304804410N11947311WA000000072202
B0041314804413N11947302WA000000072168
B0041324804417N11947294WA000000072113
B0041334804420N11947285WA000000072048
B0041344804423N11947277WA000000072036
B0041354804426N11947269WA000000072046
B0041364804429N11947261WA000000071997
B0041374804433N11947253WA000000071720
B0041384804436N11947244WA000000071572
B0041394804440N11947234WA000000071318
B0041404804443N11947225WA000000071249
B0041414804446N11947216WA000000071287
B0041424804449N11947208WA000000071295
B0041434804453N11947199WA000000071316
B0041444804456N11947191WA000000071422
B0041454804458N11947183WA000000071465
B0041464804461N11947175WA000000071413
B0041474804464N11947166WA000000071301
B0041484804466N11947156WA000000071384
B0041494804468N11947147WA000000071380
B0041504804471N11947137WA000000071352
B0041524804477N11947119WA000000071428
B0041534804480N11947111WA000000097870
B0041544804483N11947102WA000000089248
B0041554804485N11947094WA000000084151
B0041564804488N11947084WA000000080939
B0041574804490N11947075WA000000078875
B0041584804493N11947066WA000000077345
B0041594804496N11947057WA000000076225
B0042004804498N11947048WA000000075365
B0042014804500N11947038WA000000074543
B0042024804502N11947027WA000000073815
B0042034804505N11947017WA000000073403
B0042044804507N11947007WA000000073199
B0042054804510N11946999WA000000072983
B0042064804513N11946991WA000000072981
B0042074804516N11946981WA000000072648
B0042084804517N11946971WA000000072277
B0042094804519N11946962WA000000071991
B0042104804521N11946952WA000000071752
B0042114804524N11946942WA000000071718
B0042124804526N11946933WA000000071639
B0042134804528N11946925WA000000071768
B0042144804531N11946917WA000000071756
B0042154804533N11946908WA000000071692
B0042164804536N11946898WA000000071421
B0042174804538N11946888WA000000071420
B0042184804540N11946878WA000000071461
B0042194804543N11946870WA000000071609
B0042204804545N11946864WA000000071930
B0042214804548N11946857WA000000072116
B0042224804551N11946852WA000000072132
B0042234804554N11946845WA000000072258
B0042244804556N11946839WA000000072391
B0042254804559N11946832WA000000072278
B0042264804562N11946826WA000000072131
B0042274804564N11946819WA000000072179
B0042284804566N11946813WA000000072178
B0042294804569N11946807WA000000072138
B0042304804571N11946801WA000000072284
B0042314804574N11946794WA000000072236
B0042324804577N11946787WA000000072212
B0042334804579N11946780WA000000072325
B0042344804581N11946773WA000000072453
B0042354804583N11946766WA000000072374
B0042364804585N11946758WA000000072347
B0042374804587N11946751WA000000072342
B0042384804589N11946742WA000000072376
B0042394804591N11946735WA000000072296
B0042404804595N11946727WA000000072107
B0042414804597N11946719WA000000072005
B0042424804599N11946711WA000000071922
B0042434804600N11946701WA000000071865
B0042444804601N11946691WA000000071898
B0042454804602N11946683WA000000071834
B0042464804603N11946674WA000000071829
B0042474804603N11946667WA000000071885
B0042484804603N11946659WA000000071957
B0042494804602N11946651WA000000072067
B0042504804602N11946644WA000000072232
B0042514804602N11946636WA000000072359
B0042524804602N11946629WA000000072407
B0042534804602N11946622WA000000072526
B0042544804602N11946615WA000000072553
B0042554804601N11946608WA000000072557
B0042564804599N11946603WA000000072361
B0042574804596N11946598WA000000072266
B0042584804593N11946596WA000000072103
B0042594804589N11946595WA000000072052
B0043004804586N11946597WA000000071820
B0043014804584N11946600WA000000071853
B0043024804583N11946604WA000000058821
B0043034804581N11946608WA000000063083
B0043044804579N11946612WA000000065882
B0043054804578N11946615WA000000066901
B0043064804576N11946618WA000000067618
B0043074804574N11946622WA000000068214
B0043084804571N11946625WA000000068663
B0043094804569N11946628WA000000069025
B0043104804567N11946631WA000000069116
B0043114804564N11946634WA000000069131
B0043124804561N11946636WA000000069414
B0043134804557N11946637WA000000069563
B0043144804554N11946637WA000000069405
B0043154804550N11946636WA000000069520
B0043164804547N11946633WA000000069293
B0043174804545N11946630WA000000069200
B0043184804542N11946625WA000000069129
B0043194804538N11946622WA000000069143
B0043204804534N11946617WA000000069098
B0043214804531N11946612WA000000069021
B0043224804527N11946607WA000000069232
B0043234804523N11946602WA000000069276
B0043244804520N11946597WA000000069378
B0043254804517N11946593WA000000069227
B0043264804515N11946587WA000000069207
B0043274804511N11946585WA000000069220
B0043284804507N11946581WA000000069386
B0043294804503N11946579WA000000069491
B0043304804500N11946576WA000000069441
B0043314804497N11946573WA000000069625
B0043324804494N11946570WA000000069778
B0043334804492N11946568WA000000069844
B0043344804490N11946565WA000000069815
B0043354804487N11946564WA000000069770
B0043364804485N11946563WA000000069647
B0043374804483N11946564WA000000069634
B0043384804482N11946564WA000000069521
B0043394804479N11946567WA000000069469
B0043404804478N11946571WA000000069308
B0043414804476N11946576WA000000069144
B0043424804474N11946581WA000000069082
B0043434804473N11946586WA000000068824
B0043444804471N11946590WA000000068862
B0043454804469N11946595WA000000068760
B0043464804467N11946598WA000000068755
B0043474804465N11946602WA000000068631
B0043484804462N11946605WA000000068584
B0043494804460N11946608WA000000068349
B0043504804458N11946612WA000000068445
B0043514804455N11946615WA000000068365
B0043524804454N11946617WA000000068208
B0043534804451N11946620WA000000068141
B0043544804448N11946620WA000000067959
B0043554804445N11946623WA000000067678
B0043564804442N11946628WA000000067463
B0043574804441N11946634WA000000067366
B0043584804442N11946643WA000000067121
B0043594804444N11946651WA000000067083
B0044004804451N11946657WA000000066875
B0044014804458N11946661WA000000066732
B0044024804466N11946662WA000000066632
B0044034804474N11946660WA000000066539
B0044044804482N11946657WA000000066539
B0044054804488N11946653WA000000066358
B0044064804495N11946648WA000000066329
B0044074804502N11946646WA000000066383
B0044084804509N11946644WA000000066280
B0044094804516N11946642WA000000066283
B0044104804524N11946641WA000000066172
B0044114804532N11946640WA000000066013
B0044124804539N11946637WA000000066039
B0044134804546N11946637WA000000065880
B0044144804553N11946635WA000000065648
B0044154804560N11946635WA000000065508
B0044164804567N11946635WA000000065441
B0044174804573N11946634WA000000065382
B0044184804580N11946632WA000000065432
B0044194804586N11946629WA000000065457
B0044204804593N11946626WA000000065421
B0044214804598N11946621WA000000065357
B0044224804602N11946616WA000000065395
B0044234804607N11946611WA000000065302
B0044244804610N11946606WA000000076690
B0044254804614N11946600WA000000071991
B0044264804618N11946593WA000000069523
B0044274804620N11946585WA000000068296
B0044284804624N11946578WA000000067505
B0044294804626N11946570WA000000067073
B0044304804628N11946562WA000000066685
B0044314804631N11946554WA000000066302
B0044324804632N11946545WA000000066199
B0044334804634N11946538WA000000065952
B0044344804635N11946530WA000000065852
B0044354804637N11946521WA000000065727
B0044364804637N11946512WA000000065599
B0044374804638N11946503WA000000065349
B0044384804637N11946495WA000000065255
B0044394804635N11946488WA000000065147
B0044404804632N11946484WA000000065012
B0044414804628N11946482WA000000064835
B0044424804624N11946483WA000000064740
B0044434804621N11946485WA000000064646
B0044444804620N11946490WA000000064673
B0044454804621N11946496WA000000064534
B0044464804624N11946501WA000000064409
B0044474804628N11946506WA000000064345
B0044484804633N11946511WA000000064111
B0044494804638N11946515WA000000063926
B0044504804641N11946521WA000000064056
B0044514804643N11946527WA000000064196
B0044524804644N11946534WA000000064102
B0044534804644N11946540WA000000064159
B0044544804644N11946546WA000000064344
B0044554804642N11946552WA000000064396
B0044564804642N11946557WA000000064339
B0044574804641N11946562WA000000064334
B0044584804640N11946568WA000000064483
B0044594804640N11946573WA000000064420
B0045004804640N11946578WA000000064325
B0045014804639N11946584WA000000064149
B0045024804638N11946592WA000000064062
B0045034804637N11946599WA000000063949
B0045044804635N11946606WA000000063994
B0045054804635N11946613WA000000063820
B0045064804634N11946618WA000000063737
B0045074804633N11946624WA000000063686
B0045084804632N11946630WA000000063674
B0045094804631N11946637WA000000063472
B0045104804631N11946643WA000000063338
B0045114804629N11946651WA000000063391
B0045124804629N11946657WA000000063346
B0045134804629N11946664WA000000063433
B0045144804629N11946670WA000000063460
B0045154804629N11946676WA000000063441
B0045164804629N11946682WA000000063480
B0045174804628N11946688WA000000063399
B0045184804628N11946695WA000000063347
B0045194804627N11946702WA000000063304
B0045204804626N11946709WA000000063507
B0045214804624N11946716WA000000063635
B0045224804622N11946722WA000000063543
B0045234804619N11946730WA000000063664
B0045244804618N11946737WA000000063405
B0045254804616N11946744WA000000063339
B0045264804615N11946750WA000000063307
B0045274804613N11946756WA000000063494
B0045284804613N11946761WA000000055827
B0045294804612N11946766WA000000058636
B0045304804611N11946770WA000000060341
B0045314804609N11946773WA000000061381
B0045324804607N11946775WA000000062050
B0045334804604N11946775WA000000062473
B0045344804601N11946772WA000000062897
B0045354804599N11946767WA000000063040
B0045364804597N11946758WA000000063359
B0045374804597N11946748WA000000063377
B0045384804599N11946738WA000000063409
B0045394804606N11946731WA000000063412
B0045404804613N11946725WA000000063544
B0045414804620N11946724WA000000063620
B0045424804625N11946726WA000000063857
B0045434804629N11946732WA000000063945
B0045444804631N11946739WA000000063867
B0045454804632N11946747WA000000063640
B0045464804631N11946754WA000000063771
LXCTACTIVITY OTHER 78
B0045474804631N11946760WA000000063939
LXCTACTIVITY STILL 100
B0045484804631N11946766WA000000064212
B0045494804631N11946769WA000000064493
B0045504804632N11946772WA000000064583
B0045514804632N11946774WA000000064599
B0045524804632N11946778WA000000064318
B0045534804629N11946783WA000000064141
B0045544804626N11946786WA000000064184
B0045554804624N11946787WA000000064413
B0045564804622N11946787WA000000064723
B0045574804621N11946786WA000000065175
B0045584804621N11946786WA000000065492
B0045594804621N11946787WA000000065588
B0046004804621N11946789WA000000065329
B0046014804619N11946792WA000000065258
B0046024804617N11946796WA000000065206
B0046034804615N11946799WA000000065421
B0046044804613N11946800WA000000065638
B0046054804611N11946801WA000000065636
B0046064804608N11946801WA000000065660
B0046074804605N11946794WA000000065513
B0046084804602N11946786WA000000065376
B0046094804601N11946775WA000000065297
B0046104804604N11946765WA000000065288
B0046114804608N11946756WA000000065211
B0046124804616N11946752WA000000065331
B0046134804623N11946751WA000000065392
B0046144804629N11946754WA000000065378
B0046154804632N11946761WA000000065482
B0046164804633N11946765WA000000065509
B0046174804631N11946769WA000000065623
B0046184804628N11946771WA000000065661
B0046194804626N11946771WA000000065813
B0046204804623N11946770WA000000065916
B0046214804620N11946768WA000000065953
B0046224804617N11946767WA000000065891
B0046234804615N11946766WA000000065808
B0046244804611N11946766WA000000065725
B0046254804608N11946768WA000000065511
B0046264804605N11946770WA000000065352
B0046274804602N11946772WA000000065286
B0046284804600N11946775WA000000065066
B0046294804598N11946778WA000000065034
B0046304804596N11946781WA000000064911
B0046314804592N11946784WA000000064881
B0046324804590N11946786WA000000064744
B0046334804587N11946787WA000000064654
B0046344804584N11946788WA000000064548
B0046354804581N11946790WA000000064464
B0046364804578N11946791WA000000064115
B0046374804575N11946793WA000000063913
B0046384804572N11946796WA000000063832
B0046394804570N11946800WA000000063766
B0046404804569N11946805WA000000063612
B0046414804567N11946809WA000000063531
B0046424804567N11946814WA000000063491
B0046434804567N11946820WA000000063223
B0046444804566N11946826WA000000063168
B0046454804566N11946834WA000000063052
B0046464804566N11946840WA000000062946
B0046474804566N11946846WA000000062968
B0046484804567N11946852WA000000062906
B0046494804567N11946858WA000000062876
B0046504804568N11946865WA000000062722
B0046514804569N11946871WA000000062667
B0046524804571N11946878WA000000062489
B0046534804574N11946885WA000000062433
B0046544804577N11946891WA000000062355
B0046554804581N11946897WA000000062203
B0046564804585N11946903WA000000062144
B0046574804589N11946908WA000000062063
B0046584804593N11946914WA000000061979
B0046594804598N11946920WA000000061756
B0047004804602N11946926WA000000061668
B0047014804606N11946932WA000000061698
B0047024804611N11946938WA000000061618
B0047034804615N11946944WA000000061621
B0047044804619N11946949WA000000061685
B0047054804623N11946954WA000000061647
B0047064804626N11946960WA000000061661
B0047074804629N11946966WA000000061474
B0047084804631N11946973WA000000061569
B0047094804634N11946981WA000000061632
B0047104804634N11946988WA000000061787
B0047114804634N11946995WA000000061932
B0047124804633N11947000WA000000062127
B0047134804629N11947002WA000000062236
B0047144804624N11947003WA000000062497
B0047154804620N11947000WA000000062381
B0047164804616N11946994WA000000062378
B0047174804615N11946986WA000000062363
B0047184804616N11946977WA000000062335
B0047194804619N11946968WA000000062225
B0047204804623N11946960WA000000062256
B0047214804629N11946954WA000000062127
B0047224804635N11946951WA000000061952
B0047234804641N11946949WA000000061996
B0047244804648N11946949WA000000061916
B0047254804652N11946952WA000000061973
B0047264804656N11946957WA000000061953
B0047274804658N11946964WA000000061953
B0047284804659N11946972WA000000062064
B0047294804657N11946978WA000000062189
B0047304804654N11946982WA000000062309
B0047314804649N11946983WA000000062348
B0047324804644N11946981WA000000062189
B0047334804642N11946977WA000000062221
B0047344804639N11946973WA000000062349
B0047354804639N11946966WA000000062358
B0047364804640N11946958WA000000062426
B0047374804641N11946949WA000000062445
B0047384804644N11946940WA000000062215
B0047394804648N11946932WA000000062104
B0047404804653N11946924WA000000062002
B0047414804658N11946918WA000000061844
B0047424804665N11946917WA000000061870
B0047434804672N11946917WA000000061590
B0047444804679N11946920WA000000061445
B0047454804684N11946925WA000000061392
B0047464804689N11946931WA000000061404
B0047474804692N11946937WA000000061505
B0047484804696N11946941WA000000061609
B0047494804699N11946946WA000000061677
B0047504804703N11946951WA000000061792
B0047514804708N11946955WA000000061754
B0047524804713N11946958WA000000061736
B0047534804718N11946961WA000000061620
B0047544804723N11946963WA000000061689
B0047554804729N11946966WA000000061503
B0047564804734N11946970WA000000061532
B0047574804738N11946973WA000000061646
B0047584804742N11946977WA000000061673
B0047594804747N11946979WA000000061654
B0048004804752N11946981WA000000061725
B0048014804757N11946982WA000000061793
B0048024804763N11946982WA000000061809
B0048034804769N11946982WA000000061869
B0048044804776N11946982WA000000061719
B0048054804781N11946983WA000000061676
B0048064804787N11946985WA000000061621
B0048074804793N11946987WA000000061618
B0048084804797N11946992WA000000061594
B0048094804803N11946997WA000000061259
B0048104804809N11947004WA000000061063
B0048114804815N11947010WA000000060986
B0048124804822N11947015WA000000061028
B0048134804827N11947020WA000000060945
B0048144804831N11947024WA000000061192
B0048154804836N11947025WA000000061143
B0048164804841N11947025WA000000061249
B0048174804846N11947026WA000000061138
B0048184804849N11947029WA000000061087
B0048194804855N11947033WA000000060864
B0048204804860N11947036WA000000060692
B0048214804865N11947038WA000000060540
B0048224804869N11947040WA000000060581
B0048234804873N11947041WA000000060769
B0048244804879N11947043WA000000060831
B0048254804883N11947044WA000000060689
B0048264804887N11947046WA000000060583
B0048274804892N11947048WA000000060560
B0048284804897N11947047WA000000060548
LXCTACTIVITY OTHER 78
B0048294804903N11947047WA000000060601
B0048304804907N11947046WA000000060581
B0048314804913N11947043WA000000060426
B0048324804918N11947041WA000000060408
B0048334804921N11947041WA000000060555
B0048344804925N11947040WA000000060735
B0048354804929N11947037WA000000060865
B0048364804932N11947032WA000000060861
B0048374804935N11947026WA000000060682
B0048384804934N11947015WA000000060582
B0048394804932N11947006WA000000060427
B0048404804927N11947001WA000000060390
B0048414804922N11946998WA000000060257
B0048424804917N11946999WA000000060284
B0048434804914N11947001WA000000060319
B0048444804911N11947005WA000000060368
B0048454804909N11947010WA000000060287
B0048464804907N11947016WA000000060171
B0048474804906N11947022WA000000060032
B0048484804906N11947029WA000000059959
B0048494804907N11947037WA000000059868
B0048504804909N11947044WA000000059837
B0048514804911N11947050WA000000059881
B0048524804914N11947054WA000000059776
B0048534804917N11947058WA000000059799
B0048544804922N11947061WA000000059715
B0048554804927N11947062WA000000059517
B0048564804933N11947063WA000000059447
B0048574804939N11947060WA000000059259
B0048584804946N11947058WA000000059174
B0048594804952N11947057WA000000059080
B0049004804958N11947055WA000000059026
B0049014804964N11947054WA000000058810
B0049024804969N11947052WA000000058867
B0049034804975N11947052WA000000058890
B0049044804983N11947050WA000000058552
B0049054804989N11947050WA000000058081
B0049064804996N11947050WA000000058098
B0049074805003N11947052WA000000057649
B0049084805012N11947052WA000000057435
B0049094805018N11947053WA000000057309
B0049104805022N11947054WA000000057491
B0049114805027N11947054WA000000057631
B0049124805031N11947053WA000000057694
B0049134805037N11947052WA000000057618
B0049144805043N11947051WA000000057325
B0049154805049N11947050WA000000057026
B0049164805056N11947049WA000000056920
B0049174805062N11947048WA000000056767
B0049184805068N11947048WA000000056529
B0049194805073N11947048WA000000056570
B0049204805079N11947047WA000000056502
B0049214805084N11947047WA000000056192
B0049224805091N11947046WA000000055855
B0049234805101N11947044WA000000055521
B0049244805110N11947043WA000000055126
B0049254805117N11947042WA000000054872
B0049264805123N11947042WA000000054703
B0049274805127N11947043WA000000054890
B0049284805132N11947042WA000000054800
B0049294805136N11947040WA000000054924
B0049304805141N11947039WA000000054814
B0049314805146N11947037WA000000054708
B0049324805151N11947036WA000000054688
B0049334805158N11947035WA000000054537
B0049344805164N11947032WA000000054357
B0049354805171N11947030WA000000054219
B0049364805177N11947028WA000000054175
B0049374805184N11947026WA000000054008
B0049384805188N11947025WA000000054095
B0049394805193N11947024WA000000054026
B0049404805197N11947024WA000000053990
B0049414805202N11947022WA000000053951
B0049424805206N11947020WA000000053889
B0049434805211N11947020WA000000053811
B0049444805215N11947019WA000000053814
B0049454805218N11947018WA000000053991
B0049464805222N11947016WA000000053989
B0049474805226N11947016WA000000053781
B0049484805232N11947015WA000000053641
B0049494805237N11947014WA000000053261
B0049504805243N11947012WA000000053165
B0049514805249N11947010WA000000053034
B0049524805255N11947007WA000000052947
B0049534805260N11947006WA000000052812
B0049544805264N11947004WA000000052999
B0049554805270N11947001WA000000052928
B0049564805275N11946998WA000000052689
B0049574805280N11946996WA000000052672
B0049584805285N11946994WA000000052543
B0049594805290N11946992WA000000052524
B0050004805295N11946990WA000000052572
B0050014805300N11946989WA000000052364
B0050024805306N11946988WA000000052336
B0050034805311N11946988WA000000052196
B0050044805320N11946986WA000000052003
B0050054805326N11946985WA000000051817
B0050064805330N11946984WA000000051788
B0050074805336N11946983WA000000051644
B0050084805340N11946983WA000000051563
B0050094805345N11946982WA000000051420
B0050104805349N11946980WA000000051358
B0050114805355N11946979WA000000051464
B0050124805361N11946978WA000000051102
B0050134805366N11946977WA000000051264
B0050144805372N11946975WA000000051229
B0050154805376N11946976WA000000051160
B0050164805381N11946976WA000000051313
B0050174805385N11946975WA000000051367
B0050184805391N11946974WA000000051230
B0050194805396N11946972WA000000051135
B0050204805402N11946971WA000000051008
B0050214805407N11946970WA000000050986
B0050224805413N11946970WA000000050810
B0050234805417N11946969WA000000050676
B0050244805423N11946969WA000000050619
B0050254805428N11946970WA000000050593
B0050264805434N11946970WA000000050460
B0050274805441N11946968WA000000050329
B0050284805445N11946969WA000000050173
B0050294805450N11946969WA000000050291
B0050304805456N11946969WA000000050253
B0050314805461N11946968WA000000050248
B0050324805467N11946968WA000000050314
B0050334805473N11946969WA000000050146
B0050344805479N11946970WA000000050095
B0050354805486N11946970WA000000049914
B0050364805491N11946970WA000000049773
B0050374805496N11946970WA000000049715
B0050384805502N11946970WA000000049807
B0050394805507N11946969WA000000049784
B0050404805512N11946967WA000000049679
B0050414805517N11946966WA000000049696
B0050424805523N11946964WA000000049659
B0050434805529N11946964WA000000049563
B0050444805535N11946964WA000000049524
B0050454805541N11946963WA000000049561
B0050464805546N11946963WA000000049471
B0050474805551N11946962WA000000049472
B0050484805557N11946961WA000000049316
B0050494805561N11946960WA000000049396
B0050504805566N11946960WA000000049495
B0050514805572N11946960WA000000049512
B0050524805577N11946958WA000000049479
B0050534805582N11946959WA000000049356
B0050544805587N11946959WA000000049197
B0050554805593N11946958WA000000049108
B0050564805599N11946957WA000000049129
B0050574805605N11946956WA000000048851
B0050584805611N11946955WA000000048782
B0050594805618N11946953WA000000048547
B0051004805623N11946952WA000000048354
B0051014805629N11946951WA000000048446
B0051024805635N11946950WA000000048322
B0051034805640N11946949WA000000048015
B0051044805645N11946948WA000000048159
B0051054805651N11946949WA000000048061
B0051064805658N11946947WA000000047808
B0051074805663N11946947WA000000047553
LXCTACTIVITY STILL 58
B0051084805669N11946947WA000000047539
B0051094805674N11946948WA000000047475
B0051104805679N11946948WA000000047622
B0051114805685N11946948WA000000047608
B0051124805690N11946948WA000000047667
B0051134805696N11946949WA000000047467
B0051144805702N11946950WA000000047219
B0051154805707N11946952WA000000047170
B0051164805712N11946953WA000000047082
B0051174805718N11946954WA000000046853
B0051184805724N11946955WA000000046813
B0051194805730N11946956WA000000046703
B0051204805735N11946957WA000000046690
B0051214805741N11946957WA000000046665
B0051224805748N11946958WA000000046676
B0051234805754N11946960WA000000046365
B0051244805759N11946961WA000000046476
B0051254805764N11946962WA000000046511
B0051264805769N11946963WA000000046597
B0051274805775N11946966WA000000046136
B0051284805781N11946970WA000000045922
B0051294805786N11946974WA000000045799
B0051304805792N11946978WA000000045439
B0051314805797N11946983WA000000045352
B0051324805803N11946988WA000000045314
B0051334805808N11946993WA000000045040
B0051344805813N11946997WA000000044849
B0051354805817N11947003WA000000044790
B0051364805822N11947008WA000000044759
B0051374805827N11947014WA000000044626
B0051384805832N11947020WA000000044537
B0051394805837N11947026WA000000044543
B0051404805841N11947033WA000000044371
B0051414805846N11947040WA000000044322
B0051424805850N11947046WA000000044360
B0051434805854N11947052WA000000044260
B0051444805858N11947058WA000000044278
B0051454805863N11947064WA000000044209
B0051464805867N11947071WA000000044061
B0051474805872N11947077WA000000043913
B0051484805876N11947082WA000000043838
B0051494805880N11947088WA000000043742
B0051514805888N11947099WA000000043681
B0051524805893N11947104WA000000068829
B0051534805897N11947111WA000000063570
B0051544805901N11947117WA000000059599
B0051554805906N11947124WA000000056334
B0051564805910N11947130WA000000054379
B0051574805915N11947137WA000000052236
B0051584805920N11947142WA000000050896
B0051594805925N11947148WA000000049252
B0052004805929N11947154WA000000048459
B0052014805933N11947160WA000000048097
B0052024805937N11947166WA000000047792
B0052034805942N11947171WA000000047038
B0052044805946N11947177WA000000046479
B0052054805951N11947185WA000000045913
B0052064805956N11947190WA000000045219
B0052074805961N11947196WA000000044706
B0052084805965N11947202WA000000044431
B0052094805969N11947207WA000000044270
B0052104805974N11947212WA000000043813
B0052114805978N11947218WA000000043490
B0052124805983N11947224WA000000043285
B0052134805988N11947231WA000000043012
B0052144805992N11947237WA000000043028
B0052154805996N11947244WA000000042932
B0052164806000N11947249WA000000042768
B0052174806004N11947255WA000000042594
B0052184806009N11947261WA000000042538
B0052194806014N11947268WA000000042302
B0052204806019N11947274WA000000219624
B0052244806037N11947299WA000000194995
B0052264806047N11947310WA000000083943
B0052274806052N11947315WA000000066322
B0052284806056N11947320WA000000059565
B0052294806060N11947326WA000000054842
B0052304806064N11947331WA000000051767
B0052314806068N11947337WA000000047665
B0052324806073N11947342WA000000045707
B0052334806077N11947348WA000000044648
B0052344806081N11947355WA000000044260
B0052354806086N11947361WA000000043801
B0052364806090N11947366WA000000043248
B0052374806094N11947372WA000000042977
B0052384806100N11947377WA000000042743
B0052394806105N11947382WA000000043028
B0052404806109N11947389WA000000042667
B0052414806113N11947395WA000000042295
B0052424806118N11947400WA000000041970
B0052434806123N11947403WA000000041577
B0052444806127N11947407WA000000040436
B0052454806131N11947412WA000000039263
B0052464806135N11947418WA000000039193
B0052474806140N11947422WA000000038973
B0052484806144N11947425WA000000038674
B0052494806148N11947429WA000000038188
B0052504806153N11947435WA000000038024
B0052514806157N11947440WA000000037998
B0052524806162N11947446WA000000037935
B0052534806166N11947451WA000000037838
B0052544806169N11947457WA000000037675
B0052554806172N11947464WA000000037559
B0052564806175N11947473WA000000037407
B0052574806176N11947482WA000000037376
B0052584806177N11947491WA000000037209
B0052594806176N11947501WA000000037036
B0053004806175N11947510WA000000036857
B0053014806174N11947520WA000000036664
B0053024806171N11947528WA000000036336
B0053034806168N11947537WA000000036087
B0053044806165N11947545WA000000036084
B0053054806162N11947553WA000000035966
B0053064806158N11947561WA000000035886
B0053074806155N11947568WA000000035660
B0053084806151N11947575WA000000035548
B0053094806146N11947582WA000000035493
B0053104806142N11947586WA000000035391
B0053114806138N11947587WA000000035035
B0053124806131N11947584WA000000034898
B0053134806126N11947580WA000000034548
B0053144806121N11947575WA000000034469
B0053154806117N11947571WA000000034425
B0053164806113N11947567WA000000034369
B0053174806110N11947564WA000000034377
B0053184806108N11947560WA000000034352
B0053194806106N11947554WA000000034194
B0053204806105N11947548WA000000034152
B0053214806105N11947541WA000000033929
B0053224806104N11947536WA000000033881
B0053234806104N11947530WA000000033701
B0053244806102N11947525WA000000033606
B0053254806099N11947521WA000000033653
B0053264806096N11947517WA000000033521
B0053274806092N11947512WA000000033417
B0053284806087N11947509WA000000033264
B0053294806083N11947507WA000000033223
B0053304806078N11947506WA000000033273
B0053314806074N11947506WA000000033022
B0053324806068N11947506WA000000032958
B0053334806062N11947508WA000000032934
B0053344806057N11947510WA000000032721
B0053354806051N11947512WA000000032514
B0053364806045N11947514WA000000032382
B0053374806040N11947518WA000000032193
B0053384806037N11947523WA000000031754
B0053394806033N11947530WA000000031654
B0053404806029N11947538WA000000031483
B0053414806025N11947547WA000000031307
B0053424806021N11947557WA000000029350
B0053434806018N11947565WA000000029886
B0053444806016N11947574WA000000030105
B0053454806013N11947581WA000000030309
B0053464806010N11947589WA000000030402
B0053474806006N11947595WA000000030388
B0053484806003N11947603WA000000030261
B0053494806001N11947609WA000000030006
B0053504805997N11947617WA000000029749
B0053514805994N11947627WA000000029640
B0053524805990N11947635WA000000029467
B0053534805986N11947645WA000000029354
B0053544805982N11947653WA000000029497
B0053554805980N11947662WA000000029241
B0053564805976N11947671WA000000029282
B0053574805973N11947678WA000000029129
B0053584805968N11947685WA000000029137
B0053594805964N11947692WA000000029108
B0054004805960N11947698WA000000029068
B0054014805957N11947704WA000000029172
B0054024805954N11947710WA000000029167
B0054034805951N11947717WA000000029041
B0054044805948N11947724WA000000028904
B0054054805944N11947732WA000000053906
B0054064805939N11947739WA000000046364
B0054074805935N11947745WA000000040803
B0054084805930N11947749WA000000036208
B0054094805925N11947752WA000000033951
B0054104805921N11947754WA000000032702
B0054114805916N11947754WA000000031334
B0054124805911N11947754WA000000030280
B0054134805907N11947751WA000000029660
B0054144805904N11947746WA000000029286
B0054154805904N11947740WA000000029034
B0054164805904N11947733WA000000028788
B0054174805908N11947730WA000000028733
B0054184805912N11947727WA000000028434
B0054194805914N11947725WA000000028053
B0054204805915N11947721WA000000027970
B0054214805915N11947714WA000000027607
B0054224805915N11947707WA000000027217
B0054234805913N11947700WA000000026747
B0054244805912N11947692WA000000026642
B0054254805911N11947685WA000000026689
B0054264805911N11947681WA000000026566
B0054274805911N11947678WA000000026585
B0054284805912N11947674WA000000026478
B0054294805914N11947669WA000000026266
B0054304805916N11947663WA000000025712
B0054314805918N11947656WA000000025312
B0054344805921N11947646WA000000025325
B0054354805921N11947645WA000000050053
B0054364805921N11947643WA000000042006
B0054374805920N11947643WA000000037673
B0054384805920N11947644WA000000036580
B0054394805920N11947643WA000000035679
B0054404805920N11947643WA000000035266
B0054414805920N11947643WA000000034658
B0054424805920N11947644WA000000033230
B0054434805919N11947643WA000000031888
B0054444805919N11947643WA000000031036
B0054454805919N11947643WA000000031228
B0054464805919N11947643WA000000030809
B0054474805918N11947643WA000000029375
B0054484805918N11947643WA000000028996
B0054494805920N11947644WA000000028313
B0054504805920N11947643WA000000028759
B0054514805920N11947643WA000000028258
B0054524805920N11947643WA000000027777
B0054534805920N11947643WA000000027753
B0054544805920N11947643WA000000027747
B0054554805920N11947643WA000000027208
B0054564805919N11947643WA000000027497
B0054574805920N11947644WA000000027402
B0054584805920N11947644WA000000027115
B0054594805920N11947645WA000000026710
B0055004805920N11947645WA000000026411
B0055014805920N11947645WA000000026401
B0055024805920N11947645WA000000026302
B0055034805920N11947645WA000000026202
B0055044805920N11947645WA000000026102
B0055054805920N11947645WA000000026103
B0055064805920N11947645WA000000026113
B0055074805920N11947645WA000000026001
LXCTSTATS eyJzdGF0cyI6eyJ0ZXJyYWluQm1wQ2FjaGUiOnsiYWxsb2MiOjMwNywiYWxsb2NGYW
LXCTSTATS lsIjowLCJtYXhzaXplIjoxMjgsIm1heHNpemVJbml0IjoxMjgsInJldXNlIjo0OTV9
LXCTSTATS LCJHUFMiOnsiYWx0Rml4R2VvaWREaWZmIjoxOS42NDI4MzkyNDEyMDM4LCJhbHRGaX
LXCTSTATS hNZXRob2QiOnsiZGlmZkFwaUdlb2lkIjoxLCJkaWZmQXBpTm9Db3JyZWN0aW9uIjow
LXCTSTATS fSwiYXBpQ250IjoxLCJiZWFyaW5nQ29tcHV0ZWQiOjEsIm5tZWFDbnQiOjM0NTU0NC
LXCTSTATS wic3BlZWRDb21wdXRlZCI6MH19fQ==
LXCTFAICIVLCOMPLIANT false
G4DBB8711228D83A689FEC8B510EFB5A396DEADDD79A6CE2B4AC868C66C6EE450
GD648B906B69372B050291AC87E3EB6798C0D2C5A66FBF0179173BCEF88C7BA23
G9F1101C767D1A1CD0A380DA32C2E15CDB84C5A06A5CBEB7DA1384E423456F5F8
G945431561D0417513A8ADDEE038AAD754EF1CE7A1B3F8C757C581300E4E0B346
