AXCT016c1d62ecadc072
HFFTYFRTYPE:Google Pixel 5a 12 Client:xctrack FlightId:4836ef47-a354-406f-9ff9-8bc49c315682
HFRFWFIRMWAREVERSION:0.9.7.4-beta LIVE:29f41c617a36c2aa03ae9aaebd46c8c7a9bd9aa1
HFPLTPILOTINCHARGE:Josh Cohn
HOSITSite:Mt Vaca
HSCCLCOMPETITION CLASS:FAI-3 (PG)
HFGTYGLIDERTYPE:NIVIUK Icepeak X-One
HODTM100GPSDATUM:WGS-84
HFALPALTPRESSURE:ISA
HFALG:GEO
I023636LAD3737LOD
HFDTEDATE:240422,00
LXCTDEVICE eyJkZXZpY2UiOnsiY3B1QUJJIjoiYXJtNjQtdjhhIiwic2RrIjozMiwiZGlzcGxhe
LXCTDEVICE SI6eyJ3IjoxMDgwLCJoIjoyMjE4LCJtbSI6MTguMTEwMjM3fSwiZmluZ2VycHJpbn
LXCTDEVICE QiOiJnb29nbGUvYmFyYmV0L2JhcmJldDoxMi9TUDJBLjIyMDQwNS4wMDMvODIxMDI
LXCTDEVICE xMTp1c2VyL3JlbGVhc2Uta2V5cyIsIm1vZGVsIjoiUGl4ZWwgNWEiLCJkZXZRdWV1
LXCTDEVICE ZUJ1aWxkIjoiZjIzYWFmMTQ4ZTVmYTBjYzBhMDUwM2VhODE2NTk3YzliYzQ4MDgwZ
LXCTDEVICE CIsInByb2R1Y3QiOiJiYXJiZXQiLCJhbmRyb2lkSWQiOiIwMTZjMWQ2MmVjYWRjMD
LXCTDEVICE cyIiwibWFudWZhY3R1cmVyIjoiR29vZ2xlIiwiZGV2aWNlU3RyaW5nIjoiR29vZ2x
LXCTDEVICE lIFBpeGVsIDVhIDEyIiwiYnVpbGRJZCI6IlNQMkEuMjIwNDA1LjAwMyIsImNwdUFC
LXCTDEVICE STIiOiIiLCJib2FyZCI6ImJhcmJldCIsInRpbWV6b25lIjoiQW1lcmljYS9Mb3NfQ
LXCTDEVICE W5nZWxlcyIsImhhcmR3YXJlIjoiYmFyYmV0In0sInhjdHJhY2siOnsidmVyc2lvbk
LXCTDEVICE 5hbWUiOiIwLjkuNy40LWJldGEiLCJ2ZXJzaW9uQ29kZSI6OTA3NDB9LCJjYXBhYml
LXCTDEVICE saXRpZXMiOnsibWVtQ2xhc3MiOjI1NiwibWVtTGFyZ2VDbGFzcyI6NTEyLCJuYW4i
LXCTDEVICE OnRydWV9fQ==
B1908573824020N12206361WA007900084736
B1908583824020N12206361WA007900084758
B1908593824020N12206361WA007900084749
B1909003824020N12206361WA007900084749
B1909013824020N12206361WA007900084749
B1909023824020N12206362WA007900084760
B1909033824020N12206362WA007900084761
B1909043824020N12206362WA007900084761
B1909053824020N12206362WA007900084761
B1909063824020N12206362WA007900084761
B1909073824020N12206362WA007900084761
B1909083824020N12206362WA007890084745
B1909093824019N12206363WA007890084785
B1909103824019N12206365WA007880084701
B1909113824018N12206365WA007880084879
B1909123824018N12206366WA007890084786
B1909133824018N12206367WA007890084747
B1909143824017N12206368WA007890084784
B1909153824017N12206369WA007880084614
B1909163824015N12206371WA007870084695
B1909173824014N12206374WA007860084533
B1909183824012N12206377WA007840084425
B1909193824009N12206381WA007820084221
B1909203824004N12206385WA007810084093
B1909213824001N12206390WA007810083993
B1909223824000N12206395WA007820083903
B1909233823998N12206399WA007820083947
B1909243823997N12206404WA007820084047
B1909253823997N12206410WA007830084135
B1909263823998N12206415WA007840084258
B1909273823999N12206420WA007850084475
B1909283824000N12206424WA007860084507
B1909293823999N12206429WA007860084463
B1909303823999N12206435WA007850084360
B1909313823999N12206441WA007840084089
B1909323824000N12206449WA007810083646
B1909333824001N12206457WA007790083461
B1909343824002N12206464WA007770083461
B1909353824003N12206471WA007760083484
B1909363824005N12206479WA007740083203
B1909373824006N12206486WA007740083178
B1909383824009N12206494WA007740083228
B1909393824011N12206501WA007750083278
B1909403824013N12206508WA007760083384
B1909413824016N12206514WA007770083434
B1909423824019N12206520WA007790083442
B1909433824021N12206526WA007800083472
B1909443824024N12206532WA007810083514
B1909453824027N12206537WA007820083706
B1909463824029N12206543WA007820083785
B1909473824031N12206549WA007820083892
B1909483824033N12206555WA007820083871
B1909493824035N12206560WA007820083818
B1909503824034N12206566WA007820083832
B1909513824033N12206570WA007820083747
B1909523824031N12206573WA007820083606
B1909533824028N12206575WA007820083458
B1909543824025N12206578WA007810083458
B1909553824022N12206583WA007800083130
B1909563824020N12206588WA007790082932
B1909573824017N12206592WA007770082785
B1909583824015N12206596WA007760082834
B1909593824012N12206599WA007750082851
B1910003824009N12206601WA007750082790
B1910013824007N12206600WA007740082748
B1910023824004N12206598WA007720082443
B1910033824002N12206592WA007700082127
B1910043824001N12206585WA007670081957
B1910053824001N12206578WA007640081794
B1910063824002N12206572WA007640081780
B1910073824004N12206565WA007640081929
B1910083824006N12206560WA007650081922
B1910093824007N12206554WA007650081796
B1910103824009N12206548WA007640081618
B1910113824009N12206542WA007620081476
B1910123824009N12206536WA007610081202
B1910133824007N12206530WA007590081184
B1910143824006N12206525WA007570081128
B1910153824004N12206522WA007560081138
B1910163824001N12206520WA007560081066
B1910173823998N12206520WA007560080976
B1910183823995N12206521WA007560080839
B1910193823992N12206524WA007550080789
B1910203823990N12206529WA007540080656
B1910213823988N12206535WA007530080595
B1910223823988N12206542WA007510080423
B1910233823988N12206549WA007500080431
B1910243823988N12206555WA007490080496
B1910253823990N12206562WA007490080510
B1910263823991N12206567WA007500080578
B1910273823994N12206573WA007500080716
B1910283823996N12206579WA007500080709
B1910293823997N12206586WA007500080794
B1910303823999N12206592WA007500080686
B1910313824003N12206599WA007500080606
B1910323824005N12206605WA007510080898
B1910333824009N12206609WA007530080922
B1910343824012N12206613WA007540081061
B1910353824015N12206617WA007550081163
B1910363824018N12206623WA007540081067
B1910373824021N12206630WA007540080907
B1910383824023N12206637WA007540081079
B1910393824025N12206644WA007550081187
B1910403824028N12206650WA007560081338
B1910413824030N12206656WA007570081414
B1910423824031N12206662WA007590081550
B1910433824032N12206667WA007590081577
B1910443824033N12206673WA007580081526
B1910453824032N12206679WA007580081599
B1910463824032N12206685WA007580081539
B1910473824031N12206690WA007590081679
B1910483824031N12206695WA007600081736
B1910493824030N12206699WA007610081862
B1910503824029N12206703WA007630082034
B1910513824027N12206707WA007640081977
B1910523824023N12206711WA007650081921
B1910533824019N12206712WA007660081805
B1910543824014N12206711WA007660081905
B1910553824009N12206707WA007660081932
B1910563824005N12206700WA007650081868
B1910573824004N12206693WA007650081852
B1910583824005N12206685WA007640081966
B1910593824008N12206679WA007630081830
B1911003824011N12206673WA007630081877
B1911013824015N12206669WA007640081833
B1911023824019N12206666WA007640081845
B1911033824023N12206664WA007640081851
B1911043824028N12206662WA007640081894
B1911053824034N12206661WA007640081864
B1911063824040N12206661WA007650081830
B1911073824045N12206660WA007660081960
B1911083824050N12206660WA007670082175
B1911093824055N12206661WA007680082259
B1911103824060N12206664WA007700082349
B1911113824064N12206668WA007710082589
B1911123824068N12206673WA007730082535
B1911133824070N12206678WA007750082660
B1911143824072N12206682WA007760082778
B1911153824073N12206687WA007770083068
B1911163824073N12206692WA007790083041
B1911173824071N12206695WA007790083179
B1911183824069N12206698WA007790083139
B1911193824066N12206700WA007800083306
B1911203824061N12206700WA007810083348
B1911213824056N12206699WA007830083597
B1911223824053N12206695WA007860083737
B1911233824051N12206690WA007880083918
B1911243824050N12206684WA007890084067
B1911253824053N12206677WA007880084026
B1911263824058N12206672WA007860083890
B1911273824066N12206669WA007850083844
B1911283824074N12206667WA007850083926
B1911293824079N12206669WA007870084000
B1911303824083N12206670WA007900084532
B1911313824086N12206672WA007920084950
B1911323824090N12206674WA007940085045
B1911333824094N12206678WA007960084936
B1911343824097N12206683WA007960084968
B1911353824100N12206688WA007960085006
B1911363824101N12206693WA007960085038
B1911373824102N12206698WA007970085036
B1911383824103N12206703WA007990085230
B1911393824103N12206707WA008010085694
B1911403824104N12206712WA008040085982
B1911413824105N12206716WA008060086159
B1911423824105N12206721WA008090086354
B1911433824105N12206726WA008110086440
B1911443824105N12206731WA008130086732
B1911453824106N12206737WA008150086823
B1911463824108N12206743WA008170087003
B1911473824111N12206748WA008190087234
B1911483824117N12206750WA008180087239
B1911493824124N12206750WA008170086934
B1911503824130N12206745WA008160086851
B1911513824134N12206737WA008160086773
B1911523824137N12206729WA008160086904
B1911533824138N12206722WA008170087207
B1911543824138N12206716WA008180087374
B1911553824138N12206711WA008190087470
B1911563824137N12206705WA008190087558
B1911573824135N12206700WA008190087464
B1911583824133N12206695WA008190087341
B1911593824130N12206690WA008190087481
B1912003824128N12206685WA008210087741
B1912013824126N12206680WA008230088090
B1912023824126N12206677WA008260088420
B1912033824123N12206674WA008280088547
B1912043824119N12206672WA008300088599
B1912053824115N12206673WA008320088630
B1912063824111N12206675WA008350089064
B1912073824110N12206680WA008380089207
B1912083824110N12206687WA008400089458
B1912093824113N12206694WA008410089566
B1912103824117N12206699WA008410089772
B1912113824122N12206702WA008420089900
B1912123824127N12206703WA008430090114
B1912133824133N12206703WA008450090305
B1912143824139N12206701WA008470090524
B1912153824144N12206696WA008480090560
B1912163824148N12206688WA008500090605
B1912173824148N12206681WA008520090880
B1912183824147N12206675WA008550091160
B1912193824145N12206671WA008580091404
B1912203824141N12206669WA008600091773
B1912213824136N12206669WA008630091892
B1912223824132N12206672WA008640091964
B1912233824128N12206675WA008660092196
B1912243824126N12206680WA008680092342
B1912253824126N12206686WA008700092517
B1912263824131N12206692WA008710092581
B1912273824136N12206696WA008720092617
B1912283824143N12206694WA008730092767
B1912293824149N12206690WA008740092957
B1912303824152N12206684WA008750093162
B1912313824154N12206677WA008770093487
B1912323824155N12206671WA008780093618
B1912333824154N12206666WA008800093827
B1912343824152N12206663WA008820094000
B1912353824148N12206660WA008830094043
B1912363824143N12206658WA008820093866
B1912373824138N12206659WA008830093996
B1912383824135N12206663WA008840094088
B1912393824134N12206670WA008840094140
B1912403824134N12206677WA008850094262
B1912413824139N12206682WA008860094274
B1912423824144N12206685WA008870094556
B1912433824149N12206685WA008890094853
B1912443824154N12206683WA008900094838
B1912453824159N12206680WA008910095016
B1912463824163N12206675WA008920095028
B1912473824166N12206669WA008920095008
B1912483824166N12206665WA008930094922
B1912493824166N12206660WA008930094940
B1912503824164N12206655WA008920094935
B1912513824160N12206651WA008920094839
B1912523824155N12206650WA008910094892
B1912533824150N12206649WA008910094786
B1912543824145N12206649WA008910094783
B1912553824140N12206649WA008900094791
B1912563824136N12206648WA008910094868
B1912573824131N12206648WA008910094962
B1912583824127N12206649WA008910094932
B1912593824123N12206651WA008920095002
B1913003824120N12206657WA008920095127
B1913013824118N12206664WA008920095199
B1913023824119N12206672WA008920095066
B1913033824122N12206679WA008920094915
B1913043824126N12206685WA008920095048
B1913053824131N12206690WA008920095154
B1913063824138N12206690WA008920095221
B1913073824143N12206687WA008930095249
B1913083824147N12206683WA008930095346
B1913093824149N12206677WA008930095396
B1913103824151N12206670WA008930095478
B1913113824152N12206663WA008940095450
B1913123824151N12206656WA008940095451
B1913133824148N12206651WA008940095406
B1913143824142N12206650WA008940095395
B1913153824137N12206652WA008930095285
B1913163824133N12206657WA008930095240
B1913173824130N12206663WA008940095373
B1913183824130N12206670WA008940095415
B1913193824132N12206678WA008950095452
B1913203824136N12206684WA008950095418
B1913213824141N12206689WA008940095328
B1913223824146N12206692WA008950095495
B1913233824152N12206693WA008960095561
B1913243824157N12206690WA008960095574
B1913253824162N12206685WA008970095618
B1913263824165N12206678WA008970095518
B1913273824167N12206672WA008970095401
B1913283824168N12206664WA008970095414
B1913293824168N12206657WA008970095523
B1913303824167N12206652WA008980095600
B1913313824164N12206647WA008980095758
B1913323824161N12206644WA008970095729
B1913333824156N12206642WA008970095519
B1913343824151N12206641WA008970095561
B1913353824147N12206639WA008980095556
B1913363824144N12206637WA008980095525
B1913373824141N12206635WA008980095551
B1913383824138N12206632WA008980095424
B1913393824134N12206629WA008970095379
B1913403824131N12206627WA008960095121
B1913413824127N12206623WA008940094806
B1913423824122N12206619WA008910094566
B1913433824118N12206615WA008900094443
B1913443824115N12206610WA008890094387
B1913453824114N12206606WA008900094402
B1913463824113N12206600WA008910094519
B1913473824112N12206595WA008910094636
B1913483824111N12206590WA008920094727
B1913493824110N12206586WA008940094918
B1913503824109N12206583WA008950095216
B1913513824107N12206581WA008970095344
B1913523824104N12206580WA008980095452
B1913533824100N12206581WA008990095580
B1913543824097N12206584WA008990095550
B1913553824095N12206589WA008990095624
B1913563824095N12206596WA009010095942
B1913573824097N12206602WA009030096139
B1913583824101N12206608WA009040096326
B1913593824107N12206613WA009060096523
B1914003824113N12206615WA009070096592
B1914013824121N12206613WA009080096509
B1914023824127N12206610WA009080096511
B1914033824131N12206604WA009080096567
B1914043824135N12206598WA009090096778
B1914053824136N12206592WA009100096838
B1914063824136N12206587WA009110097037
B1914073824135N12206583WA009120097104
B1914083824132N12206580WA009130097141
B1914093824129N12206579WA009130097200
B1914103824125N12206579WA009140097368
B1914113824122N12206582WA009150097580
B1914123824120N12206586WA009170097792
B1914133824119N12206590WA009190097924
B1914143824119N12206595WA009210098026
B1914153824119N12206601WA009230098224
B1914163824121N12206607WA009260098345
B1914173824125N12206613WA009260098305
B1914183824130N12206618WA009260098454
B1914193824137N12206621WA009270098435
B1914203824144N12206622WA009270098561
B1914213824150N12206619WA009270098585
B1914223824155N12206614WA009270098579
B1914233824159N12206608WA009270098414
B1914243824160N12206601WA009260098346
B1914253824159N12206595WA009260098598
B1914263824159N12206591WA009270098707
B1914273824157N12206588WA009280098872
B1914283824155N12206585WA009300098856
B1914293824152N12206584WA009310098990
B1914303824150N12206583WA009320099033
B1914313824148N12206583WA009320098942
B1914323824145N12206582WA009330098963
B1914333824142N12206581WA009350099083
B1914343824140N12206581WA009350099110
B1914353824137N12206580WA009360099136
B1914363824135N12206582WA009360099156
B1914373824132N12206586WA009360099176
B1914383824130N12206591WA009370099259
B1914393824129N12206598WA009380099367
B1914403824130N12206606WA009390099581
B1914413824134N12206613WA009400099784
B1914423824140N12206619WA009410099722
B1914433824146N12206623WA009420099993
B1914443824153N12206625WA009430100095
B1914453824160N12206625WA009440100144
B1914463824166N12206623WA009450100220
B1914473824171N12206618WA009460100406
B1914483824173N12206613WA009470100463
B1914493824175N12206607WA009470100536
B1914503824174N12206602WA009470100690
B1914513824173N12206596WA009470100698
B1914523824173N12206591WA009480100636
B1914533824173N12206587WA009490100621
B1914543824172N12206581WA009500100798
B1914553824173N12206576WA009500100722
B1914563824172N12206570WA009500100756
B1914573824171N12206565WA009500100849
B1914583824169N12206561WA009500100868
B1914593824166N12206559WA009500100891
B1915003824164N12206557WA009500100716
B1915013824160N12206557WA009500100898
B1915023824158N12206559WA009500100852
B1915033824155N12206561WA009500100725
B1915043824152N12206564WA009510100853
B1915053824151N12206568WA009510100916
B1915063824150N12206574WA009510101031
B1915073824150N12206581WA009500100880
B1915083824152N12206588WA009500100852
B1915093824155N12206595WA009500100791
B1915103824160N12206600WA009500100765
B1915113824166N12206603WA009510100658
B1915123824173N12206605WA009520100701
B1915133824180N12206604WA009530100814
B1915143824186N12206601WA009530100868
B1915153824191N12206597WA009540100937
B1915163824195N12206592WA009550101169
B1915173824198N12206586WA009540101119
B1915183824199N12206580WA009540101258
B1915193824199N12206574WA009530101294
B1915203824200N12206568WA009530101372
B1915213824201N12206562WA009530101408
B1915223824200N12206557WA009540101550
B1915233824198N12206551WA009540101577
B1915243824199N12206544WA009550101606
B1915253824198N12206537WA009560101688
B1915263824198N12206531WA009570101678
B1915273824199N12206525WA009580101709
B1915283824199N12206520WA009590101962
B1915293824199N12206514WA009610102056
B1915303824199N12206508WA009630102279
B1915313824199N12206503WA009640102376
B1915323824199N12206498WA009660102461
B1915333824199N12206492WA009660102527
B1915343824197N12206487WA009660102569
B1915353824194N12206484WA009650102547
B1915363824190N12206483WA009650102313
B1915373824185N12206483WA009640102248
B1915383824181N12206485WA009630102256
B1915393824178N12206487WA009630102334
B1915403824175N12206488WA009630102349
B1915413824172N12206491WA009640102441
B1915423824169N12206494WA009640102474
B1915433824167N12206500WA009650102571
B1915443824168N12206507WA009660102612
B1915453824171N12206514WA009680102794
B1915463824177N12206519WA009690102956
B1915473824184N12206522WA009710103024
B1915483824192N12206522WA009730103118
B1915493824198N12206520WA009750103291
B1915503824204N12206515WA009760103414
B1915513824207N12206508WA009780103668
B1915523824207N12206502WA009790103780
B1915533824206N12206495WA009790103879
B1915543824204N12206491WA009780103780
B1915553824202N12206486WA009780103729
B1915563824199N12206483WA009780103748
B1915573824195N12206481WA009770103798
B1915583824192N12206481WA009770103717
B1915593824188N12206483WA009770103737
B1916003824184N12206488WA009780103891
B1916013824182N12206493WA009780103874
B1916023824180N12206498WA009790103992
B1916033824179N12206502WA009800104116
B1916043824177N12206506WA009820104339
B1916053824176N12206511WA009830104419
B1916063824176N12206518WA009840104570
B1916073824179N12206524WA009840104528
B1916083824184N12206531WA009840104400
B1916093824190N12206534WA009830104262
B1916103824197N12206533WA009820104299
B1916113824204N12206529WA009810104258
B1916123824209N12206524WA009810104161
B1916133824211N12206515WA009800104005
B1916143824211N12206507WA009790104013
B1916153824209N12206501WA009790104031
B1916163824206N12206496WA009800104227
B1916173824203N12206493WA009810104408
B1916183824200N12206492WA009830104674
B1916193824198N12206491WA009840104701
B1916203824194N12206490WA009850104777
B1916213824190N12206491WA009850104698
B1916223824186N12206494WA009850104421
B1916233824181N12206495WA009850104469
B1916243824176N12206497WA009860104697
B1916253824172N12206498WA009880104896
B1916263824169N12206498WA009910105169
B1916273824166N12206498WA009940105470
B1916283824164N12206497WA009970105530
B1916293824161N12206495WA010000105753
B1916303824158N12206495WA010020105870
B1916313824155N12206495WA010040106070
B1916323824152N12206495WA010060106111
B1916333824148N12206496WA010080106384
B1916343824145N12206498WA010100106596
B1916353824143N12206500WA010120106738
B1916363824140N12206502WA010130106977
B1916373824138N12206503WA010150107016
B1916383824135N12206503WA010160107226
B1916393824132N12206502WA010170107331
B1916403824129N12206497WA010180107487
B1916413824129N12206490WA010180107538
B1916423824131N12206482WA010180107537
B1916433824136N12206475WA010180107515
B1916443824143N12206470WA010180107507
B1916453824150N12206469WA010180107622
B1916463824156N12206469WA010180107879
B1916473824162N12206472WA010190107972
B1916483824168N12206475WA010190107968
B1916493824173N12206480WA010200107991
B1916503824178N12206485WA010200108053
B1916513824180N12206491WA010210108195
B1916523824181N12206498WA010220108231
B1916533824180N12206503WA010240108356
B1916543824178N12206508WA010250108690
B1916553824177N12206511WA010270108828
B1916563824175N12206515WA010290109030
B1916573824172N12206514WA010310109266
B1916583824169N12206513WA010330109326
B1916593824165N12206511WA010360109564
B1917003824162N12206509WA010380109871
B1917013824161N12206505WA010410110256
B1917023824161N12206500WA010430110438
B1917033824162N12206494WA010440110419
B1917043824164N12206488WA010440110436
B1917053824169N12206482WA010440110425
B1917063824175N12206478WA010440110462
B1917073824183N12206476WA010440110477
B1917083824190N12206479WA010440110594
B1917093824196N12206484WA010440110636
B1917103824199N12206490WA010450110719
B1917113824199N12206497WA010450110882
B1917123824199N12206503WA010460110958
B1917133824198N12206509WA010480111166
B1917143824197N12206514WA010510111423
B1917153824195N12206518WA010530111780
B1917163824194N12206521WA010550111936
B1917173824191N12206525WA010570112097
B1917183824188N12206530WA010590112191
B1917193824185N12206534WA010600112262
B1917203824182N12206537WA010620112430
B1917213824179N12206538WA010630112655
B1917223824176N12206538WA010640112887
B1917233824173N12206536WA010640112737
B1917243824170N12206533WA010630112723
B1917253824167N12206528WA010630112599
B1917263824166N12206523WA010630112653
B1917273824167N12206516WA010630112704
B1917283824169N12206510WA010640112745
B1917293824173N12206505WA010650112616
B1917303824178N12206502WA010650112632
B1917313824184N12206499WA010660112756
B1917323824191N12206498WA010670112725
B1917333824197N12206498WA010680112897
B1917343824204N12206501WA010690113135
B1917353824209N12206506WA010700113206
B1917363824211N12206513WA010710113335
B1917373824211N12206521WA010720113320
B1917383824208N12206527WA010720113366
B1917393824204N12206530WA010730113427
B1917403824199N12206530WA010750113659
B1917413824195N12206528WA010760113876
B1917423824193N12206524WA010780114024
B1917433824190N12206519WA010790114263
B1917443824190N12206512WA010800114379
B1917453824192N12206506WA010810114501
B1917463824195N12206499WA010820114523
B1917473824200N12206493WA010820114579
B1917483824207N12206489WA010830114506
B1917493824213N12206486WA010830114789
B1917503824220N12206487WA010840114827
B1917513824226N12206491WA010850114914
B1917523824229N12206497WA010860115097
B1917533824231N12206505WA010870115064
B1917543824230N12206513WA010870115041
B1917553824227N12206519WA010870115050
B1917563824223N12206522WA010890115262
B1917573824220N12206523WA010900115427
B1917583824217N12206524WA010920115726
B1917593824214N12206524WA010930115924
B1918003824211N12206524WA010950116042
B1918013824208N12206522WA010960116122
B1918023824204N12206519WA010970116183
B1918033824202N12206514WA010990116142
B1918043824200N12206508WA011000116381
B1918053824201N12206501WA011010116406
B1918063824202N12206494WA011020116468
B1918073824205N12206488WA011030116673
B1918083824209N12206483WA011050116631
B1918093824214N12206479WA011060116805
B1918103824220N12206478WA011070116901
B1918113824226N12206480WA011080116921
B1918123824231N12206485WA011080116950
B1918133824235N12206491WA011080116971
B1918143824237N12206497WA011090116901
B1918153824237N12206502WA011110117249
B1918163824237N12206508WA011120117442
B1918173824235N12206512WA011140117513
B1918183824231N12206516WA011150117572
B1918193824228N12206519WA011160117609
B1918203824224N12206522WA011170117942
B1918213824220N12206523WA011190118097
B1918223824217N12206524WA011200118230
B1918233824212N12206523WA011200118246
B1918243824208N12206521WA011210118259
B1918253824204N12206519WA011210118387
B1918263824202N12206515WA011220118528
B1918273824201N12206510WA011230118736
B1918283824203N12206504WA011230118716
B1918293824206N12206498WA011230118544
B1918303824211N12206493WA011230118526
B1918313824216N12206490WA011230118676
B1918323824222N12206490WA011240118750
B1918333824228N12206491WA011240118900
B1918343824233N12206494WA011250118960
B1918353824238N12206498WA011260118964
B1918363824242N12206503WA011270119184
B1918373824246N12206509WA011280119260
B1918383824249N12206515WA011290119422
B1918393824250N12206521WA011310119526
B1918403824249N12206528WA011330119573
B1918413824247N12206534WA011340119683
B1918423824245N12206539WA011340119834
B1918433824242N12206542WA011340119939
B1918443824238N12206544WA011340119998
B1918453824235N12206545WA011330119722
B1918463824231N12206544WA011320119631
B1918473824227N12206542WA011310119592
B1918483824224N12206540WA011300119595
B1918493824222N12206536WA011290119418
B1918503824219N12206531WA011280119335
B1918513824217N12206526WA011280119422
B1918523824217N12206520WA011290119507
B1918533824217N12206515WA011290119697
B1918543824219N12206510WA011300119593
B1918553824223N12206505WA011300119512
B1918563824228N12206501WA011300119516
B1918573824234N12206500WA011290119418
B1918583824241N12206503WA011290119202
B1918593824247N12206508WA011280119172
B1919003824253N12206513WA011290119300
B1919013824256N12206517WA011310119689
B1919023824260N12206522WA011340120127
B1919033824262N12206526WA011370120532
B1919043824263N12206531WA011400120661
B1919053824263N12206537WA011400120574
B1919063824261N12206543WA011390120345
B1919073824256N12206547WA011370120076
B1919083824250N12206548WA011360119814
B1919093824244N12206545WA011340119519
B1919103824239N12206542WA011340119581
B1919113824237N12206538WA011350119829
B1919123824235N12206536WA011360120116
B1919133824233N12206535WA011380120241
B1919143824231N12206532WA011380120261
B1919153824230N12206526WA011380120169
B1919163824232N12206520WA011370119906
B1919173824236N12206515WA011360119826
B1919183824241N12206511WA011350119727
B1919193824250N12206514WA011340119710
B1919203824257N12206517WA011330119515
B1919213824262N12206521WA011340119774
B1919223824266N12206524WA011360120158
B1919233824269N12206528WA011380120423
B1919243824271N12206532WA011400120519
B1919253824271N12206538WA011410120597
B1919263824272N12206545WA011410120302
B1919273824272N12206551WA011410120388
B1919283824274N12206557WA011410120464
B1919293824277N12206561WA011410120559
B1919303824280N12206566WA011410120570
B1919313824284N12206571WA011410120542
B1919323824288N12206576WA011400120424
B1919333824292N12206582WA011400120513
B1919343824295N12206587WA011400120459
B1919353824299N12206593WA011410120520
B1919363824302N12206598WA011410120501
B1919373824305N12206604WA011410120501
B1919383824308N12206610WA011400120430
B1919393824311N12206616WA011380120243
B1919403824315N12206621WA011360119924
B1919413824319N12206626WA011340119753
B1919423824323N12206631WA011320119653
B1919433824328N12206636WA011300119442
B1919443824333N12206641WA011290119311
B1919453824338N12206645WA011280119335
B1919463824344N12206649WA011280119203
B1919473824349N12206652WA011280119162
B1919483824354N12206654WA011290119279
B1919493824359N12206657WA011290119323
B1919503824363N12206660WA011290119350
B1919513824368N12206662WA011280119369
B1919523824374N12206666WA011270119044
B1919533824380N12206669WA011250118743
B1919543824386N12206672WA011230118674
B1919553824393N12206674WA011220118608
B1919563824398N12206677WA011210118681
B1919573824404N12206679WA011210118702
B1919583824409N12206681WA011210118704
B1919593824414N12206684WA011200118561
B1920003824420N12206687WA011190118352
B1920013824426N12206691WA011170118084
B1920023824433N12206695WA011160117906
B1920033824438N12206699WA011150117719
B1920043824443N12206703WA011150117830
B1920053824447N12206705WA011150117974
B1920063824452N12206707WA011160118005
B1920073824456N12206709WA011160118006
B1920083824460N12206712WA011150117850
B1920093824465N12206715WA011130117680
B1920103824471N12206718WA011110117282
B1920113824478N12206721WA011080117038
B1920123824484N12206725WA011060116923
B1920133824489N12206728WA011040116965
B1920143824495N12206731WA011020116827
B1920153824500N12206735WA011020116782
B1920163824506N12206738WA011010116572
B1920173824512N12206741WA011000116361
B1920183824518N12206744WA010990116236
B1920193824523N12206747WA010980116117
B1920203824527N12206750WA010970116178
B1920213824532N12206753WA010960116168
B1920223824538N12206756WA010940115926
B1920233824544N12206759WA010920115720
B1920243824550N12206761WA010900115464
B1920253824556N12206764WA010880115270
B1920263824562N12206766WA010860115078
B1920273824568N12206769WA010840114943
B1920283824573N12206771WA010830114775
B1920293824579N12206773WA010810114579
B1920303824585N12206776WA010790114363
B1920313824591N12206778WA010780114247
B1920323824597N12206781WA010770114120
B1920333824602N12206782WA010760114039
B1920343824607N12206785WA010760113932
B1920353824612N12206787WA010760113910
B1920363824616N12206788WA010760113981
B1920373824621N12206788WA010750113745
B1920383824626N12206788WA010740113635
B1920393824631N12206788WA010720113487
B1920403824637N12206789WA010710113460
B1920413824645N12206787WA010690113329
B1920423824651N12206785WA010670113256
B1920433824657N12206784WA010670113230
B1920443824663N12206782WA010670113126
B1920453824669N12206782WA010670113113
B1920463824675N12206782WA010660113088
B1920473824682N12206783WA010660112946
B1920483824688N12206784WA010650112883
B1920493824694N12206785WA010660112875
B1920503824700N12206785WA010660112825
B1920513824705N12206785WA010650113029
B1920523824710N12206786WA010650112879
B1920533824716N12206788WA010640112713
B1920543824721N12206790WA010630112663
B1920553824727N12206791WA010620112409
B1920563824732N12206793WA010600112421
B1920573824737N12206794WA010580112365
B1920583824743N12206795WA010560112239
B1920593824748N12206799WA010540112070
B1921003824753N12206802WA010510111739
B1921013824758N12206807WA010480111549
B1921023824763N12206814WA010440111500
B1921033824768N12206822WA010410111330
B1921043824773N12206829WA010370111022
B1921053824779N12206835WA010350110945
B1921063824785N12206840WA010330110607
B1921073824789N12206846WA010310110237
B1921083824793N12206852WA010290109811
B1921093824797N12206858WA010260109510
B1921103824801N12206863WA010230109017
B1921113824805N12206870WA010190108544
B1921123824809N12206877WA010160108048
B1921133824813N12206884WA010130107877
B1921143824817N12206891WA010120107755
B1921153824821N12206898WA010120107523
B1921163824825N12206904WA010120107456
B1921173824829N12206910WA010110107469
B1921183824834N12206914WA010120107448
B1921193824838N12206917WA010120107759
B1921203824842N12206921WA010140107893
B1921213824846N12206924WA010150107966
B1921223824851N12206927WA010150107945
B1921233824856N12206930WA010160107904
B1921243824861N12206933WA010160107901
B1921253824866N12206935WA010170107822
B1921263824871N12206935WA010170107969
B1921273824878N12206934WA010180107906
B1921283824884N12206930WA010190108034
B1921293824890N12206923WA010200108008
B1921303824893N12206915WA010220108312
B1921313824893N12206906WA010240108672
B1921323824891N12206898WA010250108863
B1921333824887N12206893WA010280109002
B1921343824881N12206891WA010300109256
B1921353824876N12206892WA010330109488
B1921363824873N12206895WA010360109788
B1921373824873N12206900WA010380110011
B1921383824874N12206904WA010410110139
B1921393824876N12206909WA010410110296
B1921403824880N12206913WA010410110334
B1921413824884N12206916WA010420110563
B1921423824890N12206917WA010430110603
B1921433824895N12206917WA010450110830
B1921443824901N12206913WA010460110821
B1921453824906N12206907WA010480111088
B1921463824911N12206900WA010500111112
B1921473824913N12206891WA010520111342
B1921483824914N12206882WA010530111421
B1921493824913N12206872WA010540111516
B1921503824909N12206864WA010560111756
B1921513824905N12206858WA010570112024
B1921523824900N12206854WA010590112219
B1921533824895N12206853WA010620112495
B1921543824892N12206854WA010640112513
B1921553824888N12206856WA010660112681
B1921563824886N12206858WA010670112759
B1921573824884N12206862WA010690112982
B1921583824885N12206867WA010700112922
B1921593824888N12206872WA010700112952
B1922003824892N12206874WA010700112749
B1922013824897N12206876WA010710112924
B1922023824903N12206875WA010720113105
B1922033824908N12206872WA010730113174
B1922043824914N12206867WA010740113329
B1922053824918N12206862WA010750113471
B1922063824922N12206854WA010760113505
B1922073824924N12206845WA010770113617
B1922083824923N12206835WA010770113789
B1922093824922N12206826WA010770113864
B1922103824918N12206819WA010770113701
B1922113824913N12206813WA010780113849
B1922123824908N12206810WA010790113845
B1922133824904N12206809WA010800113962
B1922143824901N12206809WA010810114054
B1922153824897N12206809WA010830114141
B1922163824894N12206810WA010830114221
B1922173824890N12206811WA010830114398
B1922183824888N12206814WA010830114315
B1922193824885N12206818WA010830114310
B1922203824883N12206822WA010830114512
B1922213824882N12206826WA010840114505
B1922223824882N12206831WA010840114570
B1922233824881N12206835WA010840114466
B1922243824881N12206840WA010860114513
B1922253824880N12206844WA010870114622
B1922263824879N12206846WA010890114928
B1922273824878N12206849WA010910115024
B1922283824876N12206851WA010930115188
B1922293824875N12206855WA010930115211
B1922303824872N12206859WA010930115185
B1922313824868N12206863WA010940115142
B1922323824864N12206865WA010940115245
B1922333824860N12206867WA010950115477
B1922343824856N12206868WA010970115645
B1922353824852N12206870WA010980115894
B1922363824849N12206872WA011000115923
B1922373824845N12206873WA011020116238
B1922383824841N12206875WA011050116455
B1922393824838N12206877WA011070116725
B1922403824836N12206880WA011080116928
B1922413824837N12206885WA011090116957
B1922423824841N12206889WA011080116724
B1922433824846N12206890WA011080116734
B1922443824851N12206887WA011080116848
B1922453824855N12206882WA011080116951
B1922463824857N12206874WA011070116924
B1922473824856N12206865WA011060116803
B1922483824851N12206856WA011050116677
B1922493824846N12206850WA011050116600
B1922503824840N12206845WA011060116819
B1922513824834N12206844WA011080117061
B1922523824829N12206844WA011090117165
B1922533824824N12206845WA011110117283
B1922543824819N12206846WA011120117585
B1922553824815N12206849WA011140117611
B1922563824811N12206853WA011150117732
B1922573824809N12206858WA011170117885
B1922583824810N12206863WA011190117947
B1922593824813N12206867WA011210118282
B1923003824817N12206868WA011230118354
B1923013824821N12206867WA011240118593
B1923023824825N12206864WA011240118587
B1923033824828N12206860WA011250118684
B1923043824831N12206853WA011250118829
B1923053824833N12206846WA011250118815
B1923063824834N12206837WA011250118726
B1923073824833N12206828WA011250118743
B1923083824830N12206820WA011260118802
B1923093824824N12206814WA011270119054
B1923103824818N12206810WA011290118908
B1923113824811N12206808WA011300119023
B1923123824805N12206808WA011320119110
B1923133824800N12206809WA011330119258
B1923143824797N12206813WA011340119434
B1923153824795N12206818WA011330119336
B1923163824794N12206824WA011340119353
B1923173824794N12206829WA011340119497
B1923183824795N12206834WA011350119775
B1923193824797N12206837WA011370119945
B1923203824799N12206839WA011400120208
B1923213824800N12206841WA011420120479
B1923223824802N12206844WA011440120460
B1923233824804N12206846WA011430120569
B1923243824806N12206850WA011430120486
B1923253824809N12206854WA011420120345
B1923263824813N12206858WA011420120212
B1923273824816N12206861WA011410120137
B1923283824819N12206864WA011410120281
B1923293824822N12206866WA011410120327
B1923303824824N12206869WA011400120247
B1923313824826N12206872WA011380119999
B1923323824829N12206878WA011350119460
B1923333824832N12206884WA011320118925
B1923343824834N12206892WA011280118466
B1923353824837N12206900WA011240118129
B1923363824840N12206908WA011230118233
B1923373824843N12206914WA011240118533
B1923383824846N12206918WA011260118768
B1923393824848N12206922WA011270118883
B1923403824851N12206925WA011280118738
B1923413824854N12206930WA011270118544
B1923423824857N12206935WA011240118381
B1923433824862N12206940WA011220118113
B1923443824866N12206946WA011200117939
B1923453824870N12206953WA011190117894
B1923463824875N12206959WA011180117864
B1923473824879N12206965WA011180117824
B1923483824883N12206970WA011200118200
B1923493824886N12206973WA011230118627
B1923503824889N12206976WA011250118707
B1923513824892N12206980WA011280118810
B1923523824894N12206983WA011290119099
B1923533824897N12206988WA011300119054
B1923543824899N12206993WA011310119246
B1923553824901N12206998WA011320119335
B1923563824901N12207003WA011340119598
B1923573824901N12207008WA011360119779
B1923583824899N12207012WA011380119987
B1923593824897N12207015WA011410120242
B1924003824893N12207015WA011430120479
B1924013824889N12207016WA011460120682
B1924023824885N12207015WA011480120781
B1924033824881N12207013WA011500121041
B1924043824877N12207010WA011530121353
B1924053824874N12207005WA011550121639
B1924063824872N12206999WA011560121744
B1924073824871N12206990WA011560121788
B1924083824872N12206981WA011550121697
B1924093824876N12206973WA011550121622
B1924103824881N12206966WA011560121727
B1924113824886N12206963WA011580121974
B1924123824892N12206962WA011590122104
B1924133824897N12206962WA011610122307
B1924143824901N12206964WA011630122566
B1924153824905N12206968WA011650122721
B1924163824907N12206972WA011670122993
B1924173824909N12206976WA011690123136
B1924183824910N12206981WA011720123222
B1924193824910N12206985WA011740123550
B1924203824910N12206988WA011750123666
B1924213824910N12206992WA011770123816
B1924223824909N12206996WA011780123924
B1924233824907N12206999WA011800124187
B1924243824906N12207002WA011820124305
B1924253824904N12207004WA011830124503
B1924263824902N12207006WA011860124714
B1924273824897N12207006WA011870124879
B1924283824892N12207004WA011890124826
B1924293824887N12206998WA011890125048
B1924303824885N12206990WA011900125232
B1924313824886N12206981WA011920125414
B1924323824889N12206973WA011930125697
B1924333824896N12206968WA011940125634
B1924343824903N12206965WA011960125637
B1924353824909N12206965WA011980126031
B1924363824914N12206966WA012010126432
B1924373824918N12206968WA012030126734
B1924383824921N12206971WA012060126929
B1924393824923N12206976WA012080127023
B1924403824924N12206981WA012100127126
B1924413824922N12206986WA012120127295
B1924423824920N12206989WA012150127406
B1924433824916N12206991WA012170127738
B1924443824911N12206992WA012190128097
B1924453824907N12206991WA012210128229
B1924463824903N12206989WA012240128408
B1924473824899N12206985WA012260128647
B1924483824896N12206979WA012270128771
B1924493824896N12206970WA012260128814
B1924503824896N12206961WA012260128793
B1924513824899N12206952WA012270128789
B1924523824904N12206946WA012280128947
B1924533824910N12206942WA012290129136
B1924543824916N12206941WA012300129320
B1924553824922N12206941WA012320129527
B1924563824927N12206943WA012340129649
B1924573824931N12206947WA012370130061
B1924583824934N12206950WA012400130359
B1924593824935N12206955WA012430130792
B1925003824936N12206960WA012450130804
B1925013824934N12206965WA012480130922
B1925023824931N12206969WA012500131333
B1925033824927N12206971WA012530131517
B1925043824922N12206971WA012540131715
B1925053824917N12206969WA012550131943
B1925063824913N12206964WA012560132051
B1925073824911N12206956WA012570132051
B1925083824910N12206947WA012580132072
B1925093824911N12206937WA012580132158
B1925103824914N12206929WA012590132223
B1925113824918N12206922WA012600132303
B1925123824923N12206916WA012600132437
B1925133824930N12206913WA012610132405
B1925143824936N12206913WA012610132577
B1925153824941N12206916WA012630132688
B1925163824945N12206921WA012640132925
B1925173824947N12206926WA012670133202
B1925183824948N12206930WA012690133492
B1925193824951N12206934WA012730133624
B1925203824954N12206938WA012760133901
B1925213824956N12206941WA012780134049
B1925223824957N12206946WA012810134263
B1925233824957N12206951WA012830134453
B1925243824956N12206956WA012850134562
B1925253824953N12206959WA012870134824
B1925263824948N12206959WA012880135047
B1925273824943N12206958WA012900135182
B1925283824940N12206952WA012910135207
B1925293824936N12206946WA012910135259
B1925303824935N12206937WA012910135308
B1925313824936N12206928WA012910135372
B1925323824940N12206919WA012910135319
B1925333824945N12206913WA012920135477
B1925343824952N12206909WA012930135539
B1925353824958N12206909WA012950135762
B1925363824964N12206911WA012960135940
B1925373824969N12206914WA012980136113
B1925383824972N12206918WA013000136215
B1925393824973N12206923WA013020136363
B1925403824973N12206927WA013050136666
B1925413824972N12206931WA013070136871
B1925423824972N12206934WA013090137026
B1925433824972N12206938WA013110137439
B1925443824972N12206943WA013130137764
B1925453824970N12206947WA013150137891
B1925463824967N12206951WA013150138080
B1925473824962N12206952WA013160138066
B1925483824957N12206951WA013170138240
B1925493824953N12206946WA013190138334
B1925503824951N12206940WA013200138400
B1925513824950N12206931WA013200138405
B1925523824950N12206922WA013200138517
B1925533824951N12206913WA013210138636
B1925543824954N12206905WA013220138711
B1925553824958N12206897WA013220138839
B1925563824964N12206892WA013220138720
B1925573824970N12206888WA013220138779
B1925583824976N12206888WA013230138889
B1925593824981N12206892WA013240139073
B1926003824984N12206897WA013260139355
B1926013824985N12206902WA013280139565
B1926023824984N12206906WA013310139876
B1926033824982N12206909WA013340140099
B1926043824981N12206913WA013370140221
B1926053824979N12206916WA013390140384
B1926063824977N12206919WA013390140348
B1926073824974N12206923WA013390140487
B1926083824972N12206928WA013400140440
B1926093824970N12206932WA013410140523
B1926103824968N12206936WA013420140729
B1926113824966N12206940WA013440140833
B1926123824964N12206943WA013460141155
B1926133824961N12206946WA013480141497
B1926143824959N12206950WA013490141584
B1926153824958N12206955WA013510141602
B1926163824956N12206960WA013530141722
B1926173824955N12206965WA013540141910
B1926183824954N12206969WA013550142115
B1926193824952N12206974WA013560142241
B1926203824950N12206979WA013550142241
B1926213824947N12206984WA013540142023
B1926223824943N12206989WA013530141972
B1926233824939N12206992WA013540141958
B1926243824935N12206994WA013540142000
B1926253824930N12206993WA013550142210
B1926263824925N12206990WA013550142237
B1926273824920N12206986WA013560142236
B1926283824915N12206980WA013570142347
B1926293824911N12206974WA013580142490
B1926303824910N12206966WA013600142647
B1926313824910N12206959WA013610142863
B1926323824913N12206952WA013620142852
B1926333824918N12206946WA013620142762
B1926343824924N12206943WA013620142790
B1926353824931N12206942WA013620142721
B1926363824936N12206943WA013630142962
B1926373824940N12206946WA013650143260
B1926383824943N12206949WA013660143553
B1926393824944N12206952WA013690143798
B1926403824946N12206956WA013700143909
B1926413824946N12206960WA013720143909
B1926423824945N12206966WA013720143932
B1926433824944N12206972WA013720143900
B1926443824941N12206977WA013730144084
B1926453824938N12206981WA013740144248
B1926463824934N12206984WA013750144409
B1926473824928N12206985WA013750144455
B1926483824922N12206984WA013750144370
B1926493824917N12206978WA013760144219
B1926503824913N12206971WA013760144367
B1926513824912N12206963WA013760144392
B1926523824915N12206954WA013760144338
B1926533824919N12206947WA013760144269
B1926543824925N12206943WA013760144303
B1926553824930N12206941WA013770144471
B1926563824936N12206940WA013780144617
B1926573824941N12206941WA013790144738
B1926583824946N12206944WA013810144800
B1926593824950N12206946WA013820144995
B1927003824955N12206950WA013840144961
B1927013824960N12206953WA013850145133
B1927023824963N12206956WA013880145356
B1927033824966N12206960WA013900145429
B1927043824966N12206966WA013920145554
B1927053824966N12206971WA013920145518
B1927063824964N12206977WA013920145651
B1927073824959N12206981WA013920145598
B1927083824955N12206984WA013920145637
B1927093824950N12206985WA013910145623
B1927103824943N12206984WA013910145578
B1927113824937N12206983WA013900145542
B1927123824931N12206979WA013900145549
B1927133824926N12206975WA013890145535
B1927143824922N12206969WA013890145547
B1927153824919N12206962WA013880145430
B1927163824918N12206953WA013880145224
B1927173824919N12206945WA013870145214
B1927183824921N12206938WA013880145382
B1927193824926N12206932WA013880145403
B1927203824931N12206928WA013890145521
B1927213824937N12206925WA013900145702
B1927223824943N12206923WA013920145827
B1927233824949N12206924WA013940146013
B1927243824954N12206927WA013960146265
B1927253824958N12206932WA013980146465
B1927263824960N12206938WA014000146647
B1927273824960N12206944WA014030146877
B1927283824959N12206950WA014050147023
B1927293824957N12206955WA014060147155
B1927303824954N12206959WA014080147269
B1927313824951N12206963WA014090147347
B1927323824947N12206967WA014090147433
B1927333824943N12206971WA014100147431
B1927343824939N12206975WA014100147469
B1927353824936N12206980WA014100147677
B1927363824936N12206986WA014100147638
B1927373824939N12206991WA014080147507
B1927383824943N12206994WA014070147285
B1927393824949N12206993WA014050147024
B1927403824953N12206988WA014030146977
B1927413824956N12206981WA014010146884
B1927423824958N12206974WA014010146988
B1927433824960N12206968WA014010146947
B1927443824962N12206962WA014010147068
B1927453824964N12206956WA014010147087
B1927463824966N12206950WA014020147196
B1927473824968N12206944WA014020147247
B1927483824969N12206938WA014030147499
B1927493824971N12206932WA014050147507
B1927503824971N12206925WA014060147566
B1927513824971N12206918WA014080147653
B1927523824969N12206911WA014090147755
B1927533824965N12206906WA014100147833
B1927543824960N12206903WA014110147907
B1927553824954N12206904WA014110147915
B1927563824949N12206908WA014110148015
B1927573824946N12206914WA014120148018
B1927583824945N12206922WA014130148241
B1927593824946N12206928WA014140148308
B1928003824947N12206934WA014170148698
B1928013824950N12206939WA014180148869
B1928023824954N12206943WA014200148978
B1928033824959N12206946WA014220149047
B1928043824964N12206948WA014230149191
B1928053824970N12206948WA014240149210
B1928063824974N12206945WA014250149346
B1928073824978N12206941WA014260149433
B1928083824980N12206935WA014260149460
B1928093824981N12206927WA014260149428
B1928103824979N12206921WA014260149481
B1928113824976N12206915WA014270149580
B1928123824972N12206910WA014270149536
B1928133824966N12206908WA014280149671
B1928143824961N12206908WA014290149701
B1928153824955N12206910WA014300149886
B1928163824952N12206915WA014310149929
B1928173824950N12206922WA014330150011
B1928183824950N12206929WA014350150211
B1928193824951N12206935WA014370150357
B1928203824954N12206941WA014380150434
B1928213824958N12206946WA014390150602
B1928223824962N12206949WA014400150701
B1928233824966N12206950WA014410150874
B1928243824971N12206950WA014410150941
B1928253824975N12206948WA014410150963
B1928263824979N12206944WA014410151018
B1928273824982N12206939WA014400150908
B1928283824985N12206935WA014400150770
B1928293824990N12206930WA014400150715
B1928303824995N12206927WA014400150809
B1928313824999N12206925WA014400150969
B1928323825004N12206924WA014400150966
B1928333825009N12206924WA014400150882
B1928343825015N12206925WA014400150827
B1928353825020N12206929WA014390150720
B1928363825024N12206933WA014390150794
B1928373825029N12206938WA014380150571
B1928383825034N12206943WA014370150411
B1928393825038N12206947WA014360150378
B1928403825043N12206952WA014350150244
B1928413825047N12206956WA014330150181
B1928423825051N12206959WA014330150193
B1928433825055N12206962WA014340150293
B1928443825059N12206965WA014340150265
B1928453825063N12206968WA014330150102
B1928463825067N12206970WA014320150008
B1928473825071N12206974WA014310149861
B1928483825076N12206977WA014290149646
B1928493825080N12206981WA014270149583
B1928503825085N12206984WA014250149306
B1928513825088N12206987WA014240149378
B1928523825092N12206990WA014230149303
B1928533825095N12206992WA014210149159
B1928543825099N12206996WA014190148970
B1928553825105N12206999WA014160148507
B1928563825110N12207004WA014130148155
B1928573825115N12207009WA014100147995
B1928583825121N12207014WA014090147835
B1928593825126N12207018WA014100147948
B1929003825131N12207022WA014110148044
B1929013825136N12207025WA014110148073
B1929023825142N12207027WA014110148061
B1929033825148N12207029WA014100147950
B1929043825154N12207031WA014100147962
B1929053825160N12207033WA014090147875
B1929063825166N12207036WA014080147842
B1929073825172N12207038WA014070147649
B1929083825178N12207041WA014050147637
B1929093825183N12207044WA014040147494
B1929103825189N12207046WA014030147358
B1929113825195N12207049WA014010147137
B1929123825201N12207052WA013990146935
B1929133825207N12207055WA013980146752
B1929143825214N12207057WA013960146507
B1929153825220N12207060WA013940146480
B1929163825228N12207061WA013930146327
B1929173825235N12207063WA013940146302
B1929183825240N12207064WA013940146495
B1929193825246N12207066WA013950146731
B1929203825251N12207067WA013960146834
B1929213825256N12207068WA013970146932
B1929223825261N12207069WA013970146843
B1929233825267N12207070WA013970146707
B1929243825272N12207071WA013960146654
B1929253825278N12207072WA013950146500
B1929263825283N12207072WA013940146488
B1929273825289N12207073WA013930146345
B1929283825294N12207074WA013920146286
B1929293825300N12207075WA013910146068
B1929303825306N12207076WA013900146027
B1929313825312N12207078WA013890145812
B1929323825317N12207079WA013880145789
B1929333825323N12207081WA013880145774
B1929343825329N12207082WA013870145746
B1929353825334N12207083WA013870145795
B1929363825340N12207084WA013870145604
B1929373825345N12207085WA013860145533
B1929383825350N12207086WA013850145451
B1929393825356N12207087WA013830145140
B1929403825362N12207088WA013820145060
B1929413825368N12207089WA013800144844
B1929423825374N12207090WA013780144719
B1929433825379N12207091WA013770144646
B1929443825385N12207092WA013750144611
B1929453825390N12207092WA013740144491
B1929463825396N12207092WA013730144380
B1929473825402N12207092WA013710144284
B1929483825408N12207093WA013700144132
B1929493825413N12207094WA013700144082
B1929503825418N12207095WA013690143970
B1929513825423N12207096WA013690143960
B1929523825428N12207096WA013680143954
B1929533825433N12207096WA013660143775
B1929543825439N12207096WA013650143536
B1929553825444N12207097WA013640143490
B1929563825450N12207097WA013630143338
B1929573825455N12207098WA013610143343
B1929583825460N12207099WA013600143253
B1929593825465N12207100WA013590143189
B1930003825471N12207103WA013570142941
B1930013825477N12207105WA013550142726
B1930023825483N12207107WA013540142516
B1930033825488N12207109WA013520142365
B1930043825494N12207111WA013520142202
B1930053825499N12207112WA013520142238
B1930063825504N12207114WA013520142264
B1930073825510N12207116WA013510142114
B1930083825515N12207118WA013500141970
B1930093825521N12207119WA013480141743
B1930103825527N12207121WA013460141610
B1930113825532N12207122WA013450141572
B1930123825538N12207124WA013430141461
B1930133825544N12207126WA013410141240
B1930143825550N12207127WA013400141152
B1930153825556N12207127WA013410141127
B1930163825561N12207127WA013420141357
B1930173825566N12207127WA013430141457
B1930183825571N12207127WA013440141538
B1930193825576N12207127WA013450141555
B1930203825581N12207127WA013450141691
B1930213825587N12207127WA013450141682
B1930223825593N12207126WA013450141668
B1930233825599N12207125WA013460141608
B1930243825604N12207125WA013460141771
B1930253825610N12207124WA013470141754
B1930263825616N12207123WA013470141877
B1930273825622N12207123WA013470141790
B1930283825629N12207122WA013470141701
B1930293825634N12207121WA013470141881
B1930303825640N12207120WA013470141922
B1930313825645N12207119WA013470141837
B1930323825650N12207119WA013460141699
B1930333825656N12207120WA013450141386
B1930343825663N12207121WA013420141027
B1930353825670N12207123WA013400140710
B1930363825677N12207124WA013370140555
B1930373825685N12207126WA013340140332
B1930383825692N12207127WA013320140198
B1930393825700N12207129WA013310140124
B1930403825707N12207131WA013310140101
B1930413825713N12207133WA013320140250
B1930423825719N12207134WA013330140354
B1930433825724N12207135WA013340140473
B1930443825729N12207135WA013350140587
B1930453825734N12207135WA013350140595
B1930463825739N12207134WA013340140475
B1930473825744N12207133WA013330140394
B1930483825750N12207132WA013320140147
B1930493825756N12207132WA013310139907
B1930503825762N12207132WA013300139819
B1930513825768N12207132WA013290139909
B1930523825773N12207132WA013300140155
B1930533825779N12207132WA013320140316
B1930543825784N12207132WA013340140576
B1930553825790N12207131WA013360140708
B1930563825794N12207130WA013380140995
B1930573825799N12207128WA013410141251
B1930583825803N12207124WA013440141467
B1930593825806N12207119WA013470141682
B1931003825808N12207110WA013490141769
B1931013825807N12207101WA013510141994
B1931023825805N12207092WA013530142019
B1931033825800N12207086WA013550142306
B1931043825794N12207083WA013570142510
B1931053825788N12207082WA013600142800
B1931063825782N12207084WA013620143190
B1931073825779N12207088WA013660143422
B1931083825777N12207094WA013680143680
B1931093825778N12207100WA013700143831
B1931103825779N12207106WA013720144062
B1931113825780N12207112WA013740144380
B1931123825781N12207117WA013770144652
B1931133825782N12207121WA013790144968
B1931143825785N12207125WA013810145170
B1931153825790N12207125WA013820145168
B1931163825796N12207124WA013820144964
B1931173825802N12207120WA013820145030
B1931183825805N12207113WA013840145395
B1931193825806N12207105WA013870145761
B1931203825805N12207096WA013900146015
B1931213825802N12207088WA013930146233
B1931223825797N12207081WA013960146427
B1931233825789N12207081WA013990146495
B1931243825784N12207081WA014020146724
B1931253825779N12207084WA014050146912
B1931263825776N12207088WA014080147008
B1931273825773N12207093WA014100147376
B1931283825773N12207099WA014120147535
B1931293825775N12207104WA014140147828
B1931303825778N12207108WA014150148037
B1931313825783N12207110WA014150148002
B1931323825788N12207109WA014160148172
B1931333825793N12207105WA014160148174
B1931343825796N12207098WA014180148479
B1931353825797N12207091WA014200148873
B1931363825796N12207082WA014230149199
B1931373825794N12207074WA014260149486
B1931383825791N12207067WA014290149740
B1931393825787N12207060WA014330150004
B1931403825781N12207056WA014360150393
B1931413825775N12207054WA014390150593
B1931423825770N12207053WA014410150724
B1931433825764N12207057WA014410150743
B1931443825760N12207061WA014420151011
B1931453825757N12207066WA014430151275
B1931463825756N12207072WA014450151474
B1931473825757N12207077WA014470151579
B1931483825760N12207082WA014480151715
B1931493825763N12207086WA014500151891
B1931503825769N12207087WA014510151808
B1931513825774N12207087WA014520151973
B1931523825779N12207084WA014530152087
B1931533825783N12207079WA014540152173
B1931543825786N12207072WA014560152482
B1931553825788N12207064WA014580152631
B1931563825788N12207055WA014600152934
B1931573825786N12207047WA014630153151
B1931583825783N12207040WA014660153414
B1931593825778N12207035WA014680153636
B1932003825772N12207033WA014700153750
B1932013825766N12207033WA014720153893
B1932023825761N12207036WA014730154062
B1932033825757N12207040WA014740154287
B1932043825755N12207046WA014770154550
B1932053825755N12207051WA014780154737
B1932063825757N12207057WA014790154922
B1932073825760N12207061WA014790154946
B1932083825764N12207065WA014800154981
B1932093825769N12207065WA014810155146
B1932103825773N12207065WA014810155188
B1932113825778N12207063WA014830155278
B1932123825782N12207058WA014840155499
B1932133825787N12207053WA014870155733
B1932143825791N12207046WA014890155816
B1932153825791N12207038WA014920156194
B1932163825790N12207031WA014950156294
B1932173825788N12207025WA014970156401
B1932183825782N12207020WA015000156693
B1932193825777N12207016WA015020156929
B1932203825771N12207016WA015040157271
B1932213825766N12207017WA015060157477
B1932223825762N12207022WA015070157680
B1932233825759N12207027WA015080157894
B1932243825758N12207033WA015100157952
B1932253825758N12207038WA015110158148
B1932263825759N12207043WA015120158292
B1932273825763N12207047WA015140158206
B1932283825766N12207050WA015150158308
B1932293825769N12207052WA015160158469
B1932303825773N12207053WA015180158669
B1932313825778N12207053WA015200158810
B1932323825782N12207050WA015220158997
B1932333825787N12207046WA015240159032
B1932343825791N12207040WA015250159032
B1932353825793N12207032WA015270159275
B1932363825793N12207024WA015290159668
B1932373825791N12207017WA015310159993
B1932383825788N12207010WA015340160396
B1932393825784N12207005WA015370160530
B1932403825778N12207001WA015400160766
B1932413825772N12207000WA015420160953
B1932423825766N12207001WA015440161171
B1932433825761N12207004WA015460161375
B1932443825758N12207010WA015480161541
B1932453825757N12207016WA015490161605
B1932463825757N12207021WA015500161729
B1932473825759N12207025WA015510161979
B1932483825763N12207028WA015530162008
B1932493825767N12207031WA015540162111
B1932503825771N12207032WA015560162494
B1932513825776N12207031WA015580162536
B1932523825780N12207029WA015610162845
B1932533825784N12207024WA015630163118
B1932543825786N12207018WA015650163294
B1932553825788N12207011WA015680163530
B1932563825788N12207003WA015700163862
B1932573825787N12206995WA015730164125
B1932583825784N12206989WA015760164351
B1932593825780N12206984WA015770164640
B1933003825774N12206980WA015780164784
B1933013825768N12206978WA015780164771
B1933023825762N12206978WA015790164830
B1933033825756N12206980WA015800164990
B1933043825752N12206984WA015810165222
B1933053825749N12206990WA015820165333
B1933063825747N12206996WA015840165494
B1933073825747N12207002WA015850165540
B1933083825748N12207006WA015870165737
B1933093825749N12207011WA015880165970
B1933103825751N12207015WA015890166084
B1933113825753N12207020WA015910166216
B1933123825753N12207027WA015930166310
B1933133825752N12207033WA015950166536
B1933143825751N12207040WA015970166853
B1933153825751N12207046WA016000167220
B1933163825752N12207051WA016030167570
B1933173825755N12207054WA016060167876
B1933183825759N12207056WA016090167996
B1933193825764N12207055WA016110168127
B1933203825767N12207052WA016140168444
B1933213825769N12207047WA016170168822
B1933223825769N12207040WA016190169038
B1933233825767N12207033WA016210169166
B1933243825764N12207026WA016210169308
B1933253825758N12207021WA016230169460
B1933263825751N12207017WA016240169687
B1933273825744N12207016WA016260169837
B1933283825737N12207018WA016270169959
B1933293825731N12207023WA016290170162
B1933303825727N12207029WA016320170474
B1933313825725N12207035WA016350170747
B1933323825726N12207041WA016380171108
B1933333825727N12207046WA016410171389
B1933343825731N12207050WA016430171511
B1933353825734N12207051WA016460171699
B1933363825738N12207053WA016480172061
B1933373825741N12207052WA016520172344
B1933383825744N12207051WA016540172601
B1933393825746N12207048WA016560172863
B1933403825748N12207043WA016570173065
B1933413825749N12207036WA016570173096
B1933423825749N12207028WA016570173087
B1933433825747N12207021WA016590173280
B1933443825744N12207014WA016610173504
B1933453825738N12207009WA016630173888
B1933463825732N12207007WA016650174075
B1933473825725N12207007WA016670174160
B1933483825718N12207008WA016690174261
B1933493825711N12207011WA016700174364
B1933503825705N12207015WA016710174437
B1933513825700N12207020WA016730174547
B1933523825696N12207026WA016740174696
B1933533825694N12207032WA016760174844
B1933543825693N12207038WA016780175000
B1933553825693N12207043WA016800175237
B1933563825694N12207049WA016820175245
B1933573825696N12207054WA016830175369
B1933583825698N12207058WA016850175576
B1933593825701N12207060WA016860175723
B1934003825704N12207060WA016880175902
B1934013825707N12207058WA016900176023
B1934023825710N12207054WA016920176239
B1934033825712N12207050WA016920176294
B1934043825714N12207044WA016920176245
B1934053825714N12207037WA016920176489
B1934063825714N12207030WA016930176508
B1934073825711N12207023WA016940176688
B1934083825709N12207017WA016950176850
B1934093825706N12207010WA016970177071
B1934103825703N12207004WA016990177046
B1934113825698N12207000WA017000177256
B1934123825692N12206998WA017010177236
B1934133825684N12206998WA017020177199
B1934143825678N12207001WA017020177200
B1934153825671N12207005WA017020177363
B1934163825667N12207010WA017030177409
B1934173825663N12207017WA017040177573
B1934183825661N12207024WA017040177550
B1934193825661N12207030WA017050177636
B1934203825662N12207036WA017050177714
B1934213825664N12207040WA017060177768
B1934223825667N12207044WA017070177861
B1934233825671N12207043WA017080177947
B1934243825674N12207041WA017080177916
B1934253825676N12207038WA017090178043
B1934263825678N12207033WA017100178104
B1934273825679N12207027WA017110178136
B1934283825679N12207021WA017110178254
B1934293825678N12207015WA017130178411
B1934303825675N12207008WA017130178516
B1934313825670N12207003WA017130178542
B1934323825664N12206999WA017130178462
B1934333825658N12206996WA017130178519
B1934343825651N12206996WA017140178667
B1934353825644N12206998WA017140178695
B1934363825638N12207001WA017140178737
B1934373825631N12207005WA017150178875
B1934383825626N12207010WA017160178953
B1934393825621N12207015WA017160178960
B1934403825618N12207020WA017170179001
B1934413825615N12207026WA017170179065
B1934423825613N12207033WA017170179090
B1934433825613N12207039WA017180179040
B1934443825614N12207045WA017180179134
B1934453825614N12207050WA017190179192
B1934463825616N12207054WA017200179276
B1934473825619N12207057WA017200179324
B1934483825622N12207059WA017200179225
B1934493825625N12207060WA017190179230
B1934503825629N12207061WA017190179244
B1934513825632N12207063WA017190179291
B1934523825636N12207064WA017190179247
B1934533825640N12207065WA017190179219
B1934543825643N12207066WA017190179384
B1934553825647N12207066WA017190179377
B1934563825652N12207066WA017190179303
B1934573825656N12207066WA017190179258
B1934583825660N12207066WA017190179354
B1934593825664N12207066WA017190179346
B1935003825668N12207067WA017200179440
B1935013825672N12207067WA017200179423
B1935023825676N12207068WA017190179425
B1935033825680N12207070WA017190179344
B1935043825684N12207072WA017190179353
B1935053825688N12207073WA017200179437
B1935063825692N12207075WA017210179613
B1935073825695N12207076WA017220179798
B1935083825699N12207078WA017220179875
B1935093825703N12207080WA017230179992
B1935103825707N12207081WA017240179998
B1935113825712N12207083WA017250180015
B1935123825716N12207085WA017260180131
B1935133825720N12207086WA017280180347
B1935143825724N12207087WA017290180531
B1935153825728N12207086WA017310180669
B1935163825732N12207085WA017330180882
B1935173825735N12207081WA017360181079
B1935183825737N12207077WA017380181306
B1935193825737N12207072WA017400181526
B1935203825736N12207066WA017420181666
B1935213825735N12207060WA017440181711
B1935223825732N12207053WA017450181897
B1935233825728N12207048WA017460181980
B1935243825723N12207043WA017470182165
B1935253825717N12207041WA017490182325
B1935263825710N12207041WA017500182471
B1935273825704N12207042WA017520182646
B1935283825698N12207046WA017530182664
B1935293825693N12207051WA017530182647
B1935303825688N12207057WA017520182669
B1935313825686N12207065WA017530182685
B1935323825685N12207072WA017530182728
B1935333825685N12207079WA017530182834
B1935343825686N12207085WA017540183031
B1935353825688N12207090WA017550183133
B1935363825691N12207094WA017560183103
B1935373825694N12207097WA017570183114
B1935383825697N12207099WA017590183482
B1935393825701N12207098WA017610183655
B1935403825705N12207097WA017630183733
B1935413825708N12207096WA017650183930
B1935423825710N12207094WA017670184270
B1935433825712N12207090WA017680184338
B1935443825713N12207085WA017670184266
B1935453825713N12207078WA017650184184
B1935463825712N12207070WA017670184063
B1935473825709N12207062WA017670184189
B1935483825705N12207056WA017680184244
B1935493825700N12207051WA017680184319
B1935503825693N12207048WA017680184458
B1935513825686N12207047WA017710184687
B1935523825679N12207047WA017720184748
B1935533825672N12207049WA017710184966
B1935543825666N12207052WA017720184903
B1935553825659N12207055WA017730184989
B1935563825654N12207061WA017730184935
B1935573825650N12207068WA017730184802
B1935583825646N12207076WA017720184871
B1935593825645N12207084WA017710184609
B1936003825644N12207093WA017700184618
B1936013825643N12207102WA017700184684
B1936023825643N12207109WA017710184896
B1936033825644N12207116WA017730185022
B1936043825645N12207122WA017750185215
B1936053825646N12207128WA017770185345
B1936063825648N12207134WA017790185507
B1936073825649N12207140WA017820185747
B1936083825650N12207145WA017840185996
B1936093825653N12207149WA017860186143
B1936103825656N12207151WA017860186124
B1936113825661N12207152WA017850186014
B1936123825666N12207151WA017850186047
B1936133825670N12207148WA017840186029
B1936143825672N12207143WA017840186089
B1936153825673N12207137WA017850186072
B1936163825673N12207129WA017850186116
B1936173825670N12207122WA017870186384
B1936183825667N12207116WA017880186503
B1936193825661N12207111WA017900186783
B1936203825656N12207107WA017910186808
B1936213825649N12207105WA017930186827
B1936223825642N12207105WA017940186930
B1936233825635N12207105WA017960187026
B1936243825628N12207107WA017970187122
B1936253825621N12207109WA017980187275
B1936263825615N12207112WA017990187379
B1936273825609N12207117WA017990187363
B1936283825604N12207123WA018000187400
B1936293825598N12207128WA018010187665
B1936303825594N12207134WA018020187704
B1936313825589N12207140WA018040187944
B1936323825586N12207146WA018060188106
B1936333825583N12207152WA018070188209
B1936343825580N12207159WA018090188321
B1936353825577N12207165WA018100188463
B1936363825575N12207171WA018100188578
B1936373825574N12207178WA018090188593
B1936383825575N12207184WA018080188340
B1936393825576N12207189WA018070188212
B1936403825578N12207193WA018050188023
B1936413825581N12207196WA018030187838
B1936423825585N12207199WA018010187688
B1936433825590N12207202WA017990187478
B1936443825595N12207206WA017970187220
B1936453825599N12207209WA017960187230
B1936463825602N12207211WA017960187490
B1936473825606N12207212WA017970187435
B1936483825610N12207213WA017960187404
B1936493825614N12207213WA017960187232
B1936503825618N12207212WA017950187086
B1936513825623N12207211WA017940186972
B1936523825628N12207209WA017930186843
B1936533825633N12207207WA017920186904
B1936543825637N12207205WA017920186924
B1936553825641N12207203WA017920186814
B1936563825645N12207199WA017910186836
B1936573825649N12207194WA017910186629
B1936583825653N12207189WA017900186500
B1936593825655N12207182WA017880186430
B1937003825656N12207173WA017870186338
B1937013825655N12207165WA017860186274
B1937023825654N12207157WA017850186100
B1937033825652N12207148WA017840186048
B1937043825650N12207141WA017830185940
B1937053825647N12207133WA017820185961
B1937063825643N12207126WA017810185808
B1937073825636N12207123WA017810185636
B1937083825627N12207124WA017790185275
B1937093825619N12207129WA017760184715
B1937103825611N12207134WA017740184632
B1937113825604N12207137WA017730184884
B1937123825599N12207139WA017740185018
B1937133825593N12207141WA017750185263
B1937143825588N12207143WA017750185102
B1937153825581N12207145WA017740184968
B1937163825574N12207148WA017720184774
B1937173825567N12207150WA017710184562
B1937183825560N12207151WA017700184413
B1937193825552N12207152WA017680184360
B1937203825545N12207153WA017670184377
B1937213825538N12207155WA017660184271
B1937223825531N12207156WA017650184143
B1937233825524N12207157WA017650184112
B1937243825516N12207157WA017650184059
B1937253825508N12207159WA017650183960
B1937263825500N12207160WA017640183880
B1937273825493N12207161WA017640183878
B1937283825486N12207163WA017640183873
B1937293825479N12207165WA017630183877
B1937303825472N12207167WA017630183743
B1937313825464N12207168WA017620183799
B1937323825457N12207170WA017620183605
B1937333825449N12207171WA017610183512
B1937343825441N12207171WA017610183553
B1937353825434N12207170WA017610183615
B1937363825426N12207168WA017610183697
B1937373825419N12207166WA017600183665
B1937383825412N12207164WA017600183546
B1937393825404N12207162WA017600183486
B1937403825396N12207161WA017590183394
B1937413825388N12207161WA017590183380
B1937423825380N12207162WA017580183262
B1937433825372N12207165WA017570183190
B1937443825365N12207169WA017560183053
B1937453825360N12207174WA017560183044
B1937463825357N12207179WA017560183098
B1937473825359N12207184WA017550182900
B1937483825364N12207184WA017520182451
B1937493825370N12207181WA017490182020
B1937503825374N12207178WA017460181990
B1937513825378N12207176WA017450182210
B1937523825380N12207175WA017470182510
B1937533825381N12207174WA017480182641
B1937543825384N12207172WA017480182504
B1937553825387N12207170WA017470182342
B1937563825391N12207168WA017460182030
B1937573825395N12207166WA017450182014
B1937583825398N12207165WA017450182092
B1937593825402N12207164WA017450182147
B1938003825405N12207163WA017450182137
B1938013825408N12207161WA017450182036
B1938023825411N12207158WA017450181959
B1938033825414N12207156WA017440181994
B1938043825418N12207155WA017430181891
B1938053825422N12207155WA017420181780
B1938063825427N12207156WA017400181501
B1938073825431N12207157WA017390181424
B1938083825435N12207159WA017380181480
B1938093825440N12207160WA017360181254
B1938103825445N12207162WA017350181160
B1938113825451N12207163WA017340181029
B1938123825456N12207165WA017320180888
B1938133825462N12207167WA017310180719
B1938143825467N12207169WA017320180643
B1938153825473N12207170WA017320180604
B1938163825478N12207171WA017310180644
B1938173825484N12207172WA017310180527
B1938183825490N12207173WA017300180317
B1938193825496N12207174WA017290180224
B1938203825502N12207174WA017270180146
B1938213825508N12207174WA017270180047
B1938223825514N12207174WA017260179948
B1938233825520N12207175WA017250179912
B1938243825525N12207175WA017240179893
B1938253825531N12207175WA017240179795
B1938263825537N12207175WA017240179687
B1938273825544N12207175WA017230179511
B1938283825550N12207174WA017220179458
B1938293825556N12207174WA017210179270
B1938303825562N12207172WA017200179184
B1938313825568N12207171WA017180179267
B1938323825574N12207170WA017200179272
B1938333825580N12207169WA017180179161
B1938343825586N12207167WA017170179167
B1938353825592N12207166WA017160178976
B1938363825599N12207165WA017150178805
B1938373825605N12207164WA017140178724
B1938383825611N12207163WA017120178644
B1938393825617N12207162WA017130178644
B1938403825623N12207161WA017120178574
B1938413825630N12207160WA017120178430
B1938423825636N12207158WA017110178348
B1938433825642N12207158WA017100178251
B1938443825648N12207157WA017080178188
B1938453825655N12207157WA017070178001
B1938463825660N12207156WA017060178097
B1938473825667N12207155WA017050177929
B1938483825673N12207155WA017040177842
B1938493825679N12207154WA017040177846
B1938503825685N12207154WA017040177832
B1938513825691N12207153WA017030177854
B1938523825697N12207152WA017030177784
B1938533825703N12207151WA017020177686
B1938543825709N12207151WA017010177673
B1938553825715N12207151WA017000177481
B1938563825721N12207150WA016990177499
B1938573825728N12207150WA016990177316
B1938583825734N12207150WA016980177236
B1938593825740N12207150WA016970177164
B1939003825746N12207150WA016960177173
B1939013825752N12207150WA016940177072
B1939023825758N12207150WA016940176980
B1939033825765N12207149WA016930176707
B1939043825771N12207149WA016920176614
B1939053825777N12207149WA016910176662
B1939063825783N12207148WA016900176588
B1939073825790N12207147WA016890176409
B1939083825796N12207147WA016880176324
B1939093825802N12207146WA016870176246
B1939103825808N12207145WA016860176169
B1939113825814N12207145WA016850176181
B1939123825821N12207144WA016840176005
B1939133825827N12207143WA016830175933
B1939143825833N12207142WA016820175871
B1939153825839N12207140WA016810175698
B1939163825846N12207140WA016800175612
B1939173825852N12207139WA016800175503
B1939183825858N12207138WA016790175406
B1939193825864N12207137WA016780175346
B1939203825870N12207136WA016770175171
B1939213825876N12207135WA016760175174
B1939223825882N12207134WA016750175094
B1939233825889N12207133WA016740175017
B1939243825895N12207133WA016730174923
B1939253825901N12207132WA016720174868
B1939263825907N12207132WA016710174871
B1939273825913N12207131WA016710174781
B1939283825919N12207130WA016700174597
B1939293825926N12207130WA016690174424
B1939303825932N12207130WA016680174427
B1939313825938N12207130WA016670174237
B1939323825944N12207131WA016660174133
B1939333825950N12207131WA016650174019
B1939343825955N12207132WA016640173992
B1939353825961N12207133WA016630173880
B1939363825967N12207133WA016620173795
B1939373825973N12207134WA016610173591
B1939383825979N12207134WA016600173395
B1939393825986N12207134WA016590173207
B1939403825992N12207135WA016580173111
B1939413825998N12207134WA016560173009
B1939423826004N12207134WA016560172918
B1939433826010N12207134WA016550172933
B1939443826016N12207133WA016540172854
B1939453826022N12207132WA016530172770
B1939463826029N12207130WA016510172513
B1939473826035N12207127WA016500172432
B1939483826041N12207123WA016490172213
B1939493826047N12207119WA016480172133
B1939503826052N12207115WA016470172171
B1939513826058N12207110WA016460172049
B1939523826063N12207106WA016460171976
B1939533826069N12207102WA016450171832
B1939543826075N12207097WA016440171707
B1939553826080N12207093WA016420171682
B1939563826086N12207088WA016410171434
B1939573826092N12207083WA016400171317
B1939583826097N12207078WA016390171299
B1939593826103N12207073WA016370171126
B1940003826108N12207068WA016360170948
B1940013826114N12207063WA016360170831
B1940023826119N12207058WA016350170773
B1940033826125N12207053WA016340170631
B1940043826130N12207048WA016330170563
B1940053826136N12207043WA016310170346
B1940063826142N12207039WA016300170200
B1940073826147N12207034WA016300170243
B1940083826153N12207029WA016300170129
B1940093826159N12207025WA016290170016
B1940103826165N12207021WA016270169958
B1940113826171N12207017WA016260169878
B1940123826177N12207013WA016240169769
B1940133826184N12207010WA016230169603
B1940143826190N12207007WA016210169530
B1940153826196N12207003WA016200169467
B1940163826202N12207000WA016180169394
B1940173826209N12206997WA016170169231
B1940183826215N12206993WA016160169188
B1940193826222N12206990WA016150168915
B1940203826228N12206986WA016140168848
B1940213826234N12206983WA016120168794
B1940223826241N12206980WA016110168632
B1940233826247N12206976WA016100168543
B1940243826253N12206972WA016090168368
B1940253826259N12206969WA016070168182
B1940263826266N12206965WA016060168008
B1940273826272N12206962WA016050168013
B1940283826278N12206959WA016040167940
B1940293826284N12206955WA016020167865
B1940303826290N12206951WA016010167667
B1940313826296N12206948WA016000167385
B1940323826303N12206945WA015980167242
B1940333826309N12206941WA015970167198
B1940343826316N12206938WA015960167031
B1940353826322N12206934WA015950166755
B1940363826329N12206931WA015930166621
B1940373826336N12206927WA015930166508
B1940383826342N12206924WA015920166465
B1940393826349N12206921WA015910166232
B1940403826355N12206917WA015890166188
B1940413826362N12206914WA015890165943
B1940423826369N12206910WA015880165819
B1940433826375N12206907WA015860165765
B1940443826381N12206904WA015850165654
B1940453826388N12206901WA015830165511
B1940463826394N12206897WA015810165575
B1940473826401N12206894WA015800165361
B1940483826408N12206890WA015790165228
B1940493826414N12206887WA015770165161
B1940503826421N12206883WA015750164915
B1940513826427N12206880WA015740164771
B1940523826434N12206876WA015720164645
B1940533826440N12206873WA015700164492
B1940543826447N12206869WA015690164345
B1940553826454N12206865WA015680164206
B1940563826460N12206862WA015670164182
B1940573826467N12206859WA015650163930
B1940583826473N12206855WA015640163794
B1940593826480N12206852WA015620163753
B1941003826487N12206848WA015610163509
B1941013826493N12206845WA015590163485
B1941023826500N12206842WA015580163240
B1941033826506N12206838WA015570163053
B1941043826513N12206835WA015550163024
B1941053826519N12206832WA015540162963
B1941063826526N12206829WA015530162703
B1941073826532N12206826WA015510162661
B1941083826539N12206823WA015500162441
B1941093826545N12206819WA015480162273
B1941103826552N12206815WA015470162145
B1941113826558N12206811WA015450162089
B1941123826565N12206808WA015440161954
B1941133826572N12206804WA015430161819
B1941143826578N12206801WA015420161791
B1941153826585N12206797WA015410161538
B1941163826591N12206794WA015390161493
B1941173826598N12206790WA015380161128
B1941183826604N12206787WA015360161065
B1941193826611N12206783WA015350160829
B1941203826617N12206780WA015330160772
B1941213826624N12206776WA015320160526
B1941223826630N12206772WA015300160488
B1941233826637N12206768WA015290160218
B1941243826642N12206764WA015270160199
B1941253826649N12206761WA015260159862
B1941263826656N12206757WA015240159723
B1941273826662N12206753WA015230159577
B1941283826669N12206750WA015220159400
B1941293826675N12206745WA015200159279
B1941303826681N12206742WA015190159192
B1941313826688N12206738WA015180159064
B1941323826694N12206734WA015160158894
B1941333826701N12206730WA015150158639
B1941343826707N12206726WA015130158589
B1941353826714N12206722WA015120158429
B1941363826720N12206719WA015110158271
B1941373826727N12206715WA015090158119
B1941383826733N12206712WA015080157957
B1941393826739N12206709WA015070157884
B1941403826746N12206706WA015060157631
B1941413826752N12206702WA015040157556
B1941423826758N12206699WA015030157362
B1941433826765N12206695WA015010157109
B1941443826771N12206692WA015000157076
B1941453826778N12206689WA014980156902
B1941463826784N12206685WA014980156866
B1941473826791N12206682WA014970156711
B1941483826797N12206678WA014960156630
B1941493826803N12206674WA014950156455
B1941503826809N12206671WA014940156350
B1941513826816N12206667WA014930156124
B1941523826822N12206663WA014910156168
B1941533826829N12206659WA014900156008
B1941543826835N12206656WA014880155940
B1941553826841N12206651WA014870155857
B1941563826847N12206647WA014860155795
B1941573826854N12206643WA014850155626
B1941583826860N12206639WA014840155527
B1941593826866N12206635WA014830155419
B1942003826872N12206632WA014820155342
B1942013826878N12206628WA014810155078
B1942023826885N12206625WA014800154911
B1942033826891N12206621WA014790154744
B1942043826897N12206617WA014780154672
B1942053826903N12206612WA014770154598
B1942063826910N12206608WA014760154407
B1942073826916N12206604WA014750154434
B1942083826922N12206600WA014740154362
B1942093826929N12206596WA014730154202
B1942103826935N12206591WA014720154155
B1942113826941N12206587WA014710154061
B1942123826947N12206582WA014710153994
B1942133826954N12206577WA014700153736
B1942143826960N12206572WA014680153747
B1942153826966N12206567WA014670153665
B1942163826972N12206562WA014650153676
B1942173826979N12206557WA014640153509
B1942183826985N12206553WA014640153433
B1942193826991N12206548WA014630153343
B1942203826997N12206543WA014620153165
B1942213827003N12206539WA014600153090
B1942223827010N12206534WA014590152812
B1942233827016N12206529WA014580152715
B1942243827021N12206524WA014570152699
B1942253827028N12206520WA014550152431
B1942263827034N12206515WA014530152337
B1942273827040N12206510WA014510152165
B1942283827047N12206505WA014500152009
B1942293827053N12206501WA014480151837
B1942303827059N12206497WA014460151763
B1942313827065N12206493WA014440151551
B1942323827072N12206488WA014420151325
B1942333827078N12206483WA014410151229
B1942343827084N12206479WA014400151038
B1942353827090N12206475WA014380150879
B1942363827096N12206471WA014370150789
B1942373827103N12206468WA014360150631
B1942383827109N12206464WA014340150571
B1942393827115N12206460WA014320150292
B1942403827122N12206456WA014300150103
B1942413827127N12206452WA014280149993
B1942423827133N12206448WA014260149782
B1942433827140N12206443WA014250149508
B1942443827145N12206439WA014230149597
B1942453827151N12206435WA014220149384
B1942463827157N12206431WA014210149252
B1942473827162N12206426WA014190149092
B1942483827168N12206421WA014180148852
B1942493827174N12206416WA014160148724
B1942503827179N12206411WA014150148588
B1942513827185N12206407WA014120148491
B1942523827191N12206402WA014110148288
B1942533827197N12206398WA014090148097
B1942543827203N12206395WA014070147863
B1942553827210N12206392WA014050147709
B1942563827216N12206391WA014040147519
B1942573827222N12206392WA014020147452
B1942583827228N12206393WA013990147274
B1942593827234N12206394WA013980147079
B1943003827240N12206397WA013960146831
B1943013827246N12206399WA013930146609
B1943023827251N12206402WA013910146376
B1943033827257N12206405WA013890146131
B1943043827263N12206406WA013870145829
B1943053827269N12206409WA013840145663
B1943063827276N12206412WA013810145306
B1943073827282N12206416WA013780144908
B1943083827287N12206422WA013750144539
B1943093827291N12206430WA013710144381
B1943103827296N12206437WA013700144105
B1943113827300N12206444WA013700144043
B1943123827305N12206449WA013700143965
B1943133827310N12206454WA013690143860
B1943143827315N12206459WA013670143750
B1943153827320N12206464WA013650143431
B1943163827325N12206469WA013630143159
B1943173827330N12206475WA013600142778
B1943183827336N12206481WA013570142537
B1943193827341N12206488WA013540142252
B1943203827346N12206494WA013510141983
B1943213827352N12206500WA013470141723
B1943223827357N12206506WA013440141522
B1943233827362N12206511WA013420141249
B1943243827367N12206516WA013390141079
B1943253827373N12206521WA013360140638
B1943263827379N12206526WA013330140445
B1943273827385N12206531WA013300139934
B1943283827391N12206536WA013270139624
B1943293827397N12206541WA013240139312
B1943303827403N12206545WA013200139004
B1943313827408N12206549WA013170138793
B1943323827415N12206552WA013130138428
B1943333827421N12206556WA013100138094
B1943343827428N12206560WA013080137762
B1943353827434N12206564WA013080137660
B1943363827439N12206567WA013080137682
B1943373827444N12206569WA013080137746
B1943383827447N12206572WA013070137799
B1943393827450N12206577WA013060137597
B1943403827452N12206584WA013040137293
B1943413827454N12206591WA013020136878
B1943423827456N12206600WA012980136510
B1943433827456N12206608WA012960136351
B1943443827456N12206615WA012930136149
B1943453827455N12206623WA012910135928
B1943463827453N12206632WA012880135780
B1943473827452N12206639WA012860135659
B1943483827451N12206647WA012850135423
B1943493827449N12206655WA012830135295
B1943503827448N12206664WA012810135080
B1943513827447N12206672WA012790134894
B1943523827447N12206681WA012770134522
B1943533827446N12206689WA012750134377
B1943543827446N12206697WA012740134236
B1943553827445N12206705WA012730134070
B1943563827445N12206712WA012710133880
B1943573827446N12206719WA012690133646
B1943583827447N12206727WA012660133361
B1943593827449N12206735WA012630132970
B1944003827452N12206743WA012600132514
B1944013827455N12206752WA012560132122
B1944023827457N12206761WA012520131863
B1944033827460N12206769WA012490131629
B1944043827462N12206778WA012460131446
B1944053827464N12206787WA012450131270
B1944063827467N12206795WA012430131027
B1944073827469N12206804WA012410130735
B1944083827471N12206814WA012390130420
B1944093827473N12206823WA012360130247
B1944103827475N12206833WA012330129953
B1944113827478N12206843WA012310129600
B1944123827480N12206852WA012290129547
B1944133827482N12206860WA012280129449
B1944143827484N12206870WA012270129253
B1944153827486N12206879WA012250129124
B1944163827487N12206888WA012230128864
B1944173827489N12206897WA012210128417
B1944183827490N12206906WA012180128295
B1944193827492N12206916WA012150127862
B1944203827494N12206925WA012120127769
B1944213827496N12206934WA012090127619
B1944223827497N12206944WA012060127442
B1944233827498N12206953WA012040127159
B1944243827499N12206963WA012010126972
B1944253827500N12206972WA011990126675
B1944263827502N12206981WA011970126489
B1944273827504N12206990WA011960126147
B1944283827505N12206999WA011960126251
B1944293827506N12207006WA011970126332
B1944303827506N12207012WA011980126573
B1944313827507N12207017WA012000126705
B1944323827507N12207022WA012010126951
B1944333827508N12207026WA012030126948
B1944343827509N12207031WA012040127073
B1944353827511N12207035WA012040127087
B1944363827515N12207038WA012040127034
B1944373827520N12207039WA012040126931
B1944383827525N12207036WA012030126784
B1944393827530N12207030WA012020126658
B1944403827532N12207023WA012010126611
B1944413827532N12207015WA012000126453
B1944423827532N12207008WA012010126520
B1944433827530N12207001WA012010126680
B1944443827527N12206995WA012020126765
B1944453827524N12206990WA012020126713
B1944463827518N12206986WA012020126782
B1944473827513N12206984WA012020126631
B1944483827507N12206984WA012020126661
B1944493827502N12206986WA012020126761
B1944503827498N12206990WA012030126770
B1944513827496N12206994WA012030126858
B1944523827496N12207000WA012040126932
B1944533827497N12207005WA012050126972
B1944543827500N12207008WA012050126978
B1944553827505N12207011WA012040126810
B1944563827510N12207011WA012040126722
B1944573827515N12207010WA012030126710
B1944583827519N12207007WA012030126770
B1944593827523N12207003WA012030126820
B1945003827525N12206997WA012040126865
B1945013827526N12206990WA012040126867
B1945023827526N12206984WA012040126742
B1945033827524N12206977WA012040126775
B1945043827521N12206971WA012030126738
B1945053827516N12206967WA012030126663
B1945063827511N12206964WA012020126602
B1945073827504N12206962WA012010126469
B1945083827498N12206963WA012000126386
B1945093827493N12206966WA012010126487
B1945103827490N12206970WA012010126549
B1945113827488N12206975WA012020126649
B1945123827487N12206980WA012030126759
B1945133827488N12206985WA012030126725
B1945143827489N12206989WA012030126779
B1945153827491N12206994WA012020126651
B1945163827493N12206998WA012020126605
B1945173827494N12207003WA012010126540
B1945183827495N12207007WA012000126493
B1945193827498N12207011WA011990126340
B1945203827502N12207013WA011970126107
B1945213827506N12207014WA011960126077
B1945223827512N12207014WA011940125810
B1945233827518N12207011WA011920125506
B1945243827524N12207008WA011890125407
B1945253827530N12207006WA011870125210
B1945263827535N12207002WA011870125253
B1945273827540N12206998WA011870125113
B1945283827544N12206994WA011870125221
B1945293827548N12206990WA011860125252
B1945303827552N12206986WA011860125166
B1945313827557N12206982WA011850125053
B1945323827563N12206977WA011830124909
B1945333827568N12206973WA011820124788
B1945343827574N12206970WA011810124740
B1945353827579N12206966WA011810124715
B1945363827583N12206963WA011810124740
B1945373827587N12206959WA011800124677
B1945383827592N12206956WA011790124433
B1945393827597N12206953WA011780124253
B1945403827604N12206950WA011750123803
B1945413827611N12206947WA011720123468
B1945423827619N12206945WA011690123040
B1945433827627N12206941WA011670123027
B1945443827634N12206937WA011660123139
B1945453827640N12206934WA011680123218
B1945463827645N12206932WA011690123422
B1945473827650N12206929WA011700123518
B1945483827654N12206927WA011710123572
B1945493827659N12206924WA011700123485
B1945503827665N12206921WA011700123378
B1945513827671N12206919WA011680123140
B1945523827677N12206916WA011670123001
B1945533827682N12206913WA011660123031
B1945543827687N12206909WA011650123067
B1945553827692N12206907WA011640122943
B1945563827698N12206904WA011640122902
B1945573827703N12206900WA011640122915
B1945583827708N12206896WA011640122905
B1945593827712N12206892WA011640122981
B1946003827717N12206887WA011640122862
B1946013827722N12206882WA011640122834
B1946023827726N12206877WA011640122844
B1946033827730N12206872WA011640122876
B1946043827734N12206867WA011630122796
B1946053827738N12206862WA011630122787
B1946063827743N12206857WA011620122617
B1946073827747N12206852WA011620122646
B1946083827751N12206847WA011620122671
B1946093827756N12206841WA011630122819
B1946103827760N12206836WA011650123007
B1946113827763N12206831WA011670123374
B1946123827768N12206826WA011700123502
B1946133827772N12206821WA011720123876
B1946143827777N12206816WA011740123987
B1946153827783N12206813WA011760124111
B1946163827788N12206810WA011780124338
B1946173827793N12206810WA011800124530
B1946183827798N12206811WA011820124648
B1946193827803N12206815WA011840124703
B1946203827806N12206819WA011860124951
B1946213827807N12206823WA011880125146
B1946223827807N12206827WA011910125425
B1946233827802N12206831WA011930125521
B1946243827797N12206833WA011960125725
B1946253827791N12206833WA011980126187
B1946263827787N12206830WA012000126348
B1946273827783N12206825WA012030126695
B1946283827782N12206818WA012040126702
B1946293827781N12206810WA012060126941
B1946303827782N12206802WA012080127150
B1946313827785N12206794WA012100127559
B1946323827789N12206789WA012120127783
B1946333827795N12206785WA012150127927
B1946343827801N12206784WA012160128035
B1946353827807N12206786WA012160128003
B1946363827811N12206790WA012170128177
B1946373827814N12206796WA012180128447
B1946383827814N12206802WA012200128795
B1946393827812N12206806WA012240129177
B1946403827809N12206808WA012270129527
B1946413827804N12206809WA012300129891
B1946423827800N12206806WA012340130128
B1946433827795N12206802WA012370130294
B1946443827792N12206795WA012390130467
B1946453827791N12206787WA012420130730
B1946463827792N12206778WA012430130841
B1946473827795N12206770WA012440131014
B1946483827799N12206764WA012460131427
B1946493827804N12206760WA012480131626
B1946503827809N12206758WA012510131873
B1946513827815N12206758WA012530132056
B1946523827820N12206760WA012550132175
B1946533827825N12206764WA012570132303
B1946543827827N12206768WA012600132786
B1946553827829N12206773WA012630133043
B1946563827829N12206778WA012660133376
B1946573827828N12206783WA012690133672
B1946583827826N12206786WA012730133965
B1946593827823N12206788WA012760134261
B1947003827819N12206787WA012790134448
B1947013827814N12206786WA012800134574
B1947023827809N12206778WA012800134697
B1947033827807N12206769WA012820134807
B1947043827807N12206760WA012840135211
B1947053827808N12206751WA012870135679
B1947063827812N12206745WA012900136043
B1947073827817N12206739WA012940136318
B1947083827822N12206735WA012970136543
B1947093827828N12206733WA012990136677
B1947103827834N12206736WA013020136632
B1947113827838N12206742WA013030136611
B1947123827839N12206748WA013050137180
B1947133827840N12206752WA013080137678
B1947143827841N12206756WA013110138163
B1947153827841N12206759WA013150138573
B1947163827840N12206762WA013180138611
B1947173827836N12206764WA013200138667
B1947183827831N12206766WA013200138511
B1947193827825N12206765WA013200138614
B1947203827819N12206760WA013210138697
B1947213827815N12206754WA013220139070
B1947223827813N12206744WA013250139259
B1947233827813N12206735WA013280139631
B1947243827814N12206725WA013310139949
B1947253827820N12206720WA013340140230
B1947263827825N12206716WA013370140585
B1947273827832N12206716WA013400140716
B1947283827837N12206719WA013420140925
B1947293827840N12206724WA013450141206
B1947303827840N12206730WA013480141514
B1947313827837N12206734WA013510141768
B1947323827832N12206736WA013530141975
B1947333827827N12206735WA013550142104
B1947343827821N12206731WA013570142347
B1947353827816N12206725WA013590142695
B1947363827813N12206717WA013620142966
B1947373827813N12206708WA013650143237
B1947383827815N12206700WA013680143540
B1947393827819N12206692WA013700143741
B1947403827824N12206686WA013730144030
B1947413827829N12206681WA013750144270
B1947423827835N12206677WA013780144516
B1947433827840N12206675WA013800144835
B1947443827845N12206675WA013830145081
B1947453827850N12206677WA013850145216
B1947463827853N12206682WA013860145322
B1947473827853N12206687WA013870145465
B1947483827852N12206692WA013890145658
B1947493827849N12206696WA013910145939
B1947503827845N12206698WA013930146147
B1947513827840N12206699WA013960146390
B1947523827836N12206698WA013980146533
B1947533827831N12206696WA014000146643
B1947543827827N12206690WA014030146724
B1947553827823N12206683WA014060147094
B1947563827822N12206674WA014080147238
B1947573827822N12206666WA014100147372
B1947583827825N12206657WA014120147379
B1947593827829N12206650WA014140147755
B1948003827834N12206645WA014160147976
B1948013827840N12206642WA014180148044
B1948023827846N12206641WA014200148320
B1948033827851N12206640WA014220148635
B1948043827855N12206641WA014240148855
B1948053827859N12206643WA014260149031
B1948063827861N12206646WA014280149293
B1948073827863N12206650WA014290149333
B1948083827863N12206654WA014310149524
B1948093827861N12206658WA014330149784
B1948103827859N12206661WA014350150001
B1948113827855N12206662WA014370150334
B1948123827850N12206662WA014390150592
B1948133827846N12206660WA014420150811
B1948143827841N12206656WA014440151050
B1948153827837N12206650WA014470151331
B1948163827834N12206642WA014500151612
B1948173827832N12206634WA014520151823
B1948183827832N12206626WA014550152102
B1948193827834N12206618WA014570152412
B1948203827837N12206611WA014600152714
B1948213827841N12206605WA014620152811
B1948223827846N12206600WA014630152920
B1948233827850N12206597WA014650153083
B1948243827855N12206597WA014660153181
B1948253827859N12206600WA014680153270
B1948263827861N12206604WA014690153375
B1948273827862N12206610WA014700153471
B1948283827861N12206616WA014710153840
B1948293827860N12206621WA014730154071
B1948303827859N12206625WA014750154339
B1948313827858N12206629WA014780154738
B1948323827857N12206633WA014810155112
B1948333827855N12206637WA014840155480
B1948343827853N12206640WA014860155644
B1948353827850N12206643WA014880155619
B1948363827846N12206647WA014890155757
B1948373827843N12206651WA014900155910
B1948383827840N12206654WA014910156021
B1948393827837N12206657WA014920156184
B1948403827834N12206660WA014930156292
B1948413827832N12206663WA014940156314
B1948423827828N12206667WA014940156362
B1948433827825N12206671WA014940156473
B1948443827821N12206675WA014940156471
B1948453827817N12206679WA014940156480
B1948463827814N12206682WA014940156522
B1948473827811N12206686WA014940156423
B1948483827807N12206690WA014940156594
B1948493827803N12206694WA014950156594
B1948503827799N12206698WA014950156572
B1948513827795N12206702WA014960156642
B1948523827792N12206706WA014960156609
B1948533827788N12206712WA014960156669
B1948543827785N12206719WA014960156697
B1948553827784N12206726WA014960156626
B1948563827782N12206733WA014970156675
B1948573827781N12206739WA014990156974
B1948583827779N12206744WA015000157042
B1948593827776N12206748WA015020157265
B1949003827773N12206753WA015030157256
B1949013827770N12206759WA015040157246
B1949023827767N12206765WA015060157244
B1949033827764N12206771WA015080157640
B1949043827761N12206775WA015120158026
B1949053827758N12206779WA015160158588
B1949063827755N12206783WA015200158897
B1949073827753N12206786WA015240159069
B1949083827751N12206790WA015290159394
B1949093827751N12206795WA015330159684
B1949103827753N12206800WA015370159906
B1949113827755N12206804WA015400160328
B1949123827759N12206806WA015450160738
B1949133827763N12206806WA015480161199
B1949143827769N12206806WA015510161311
B1949153827773N12206800WA015530161559
B1949163827776N12206793WA015560161887
B1949173827778N12206786WA015580162214
B1949183827777N12206779WA015610162651
B1949193827771N12206773WA015640162787
B1949203827766N12206770WA015650162901
B1949213827759N12206769WA015670163085
B1949223827754N12206771WA015690163353
B1949233827750N12206774WA015720163692
B1949243827749N12206779WA015740163922
B1949253827749N12206784WA015770164114
B1949263827750N12206789WA015810164490
B1949273827753N12206792WA015840164939
B1949283827757N12206794WA015880165339
B1949293827762N12206794WA015920165614
B1949303827766N12206791WA015940165979
B1949313827770N12206787WA015970166383
B1949323827774N12206781WA016000166640
B1949333827776N12206773WA016030167036
B1949343827775N12206766WA016060167391
B1949353827773N12206759WA016080167513
B1949363827768N12206754WA016080167735
B1949373827762N12206751WA016070167756
B1949383827756N12206751WA016080167830
B1949393827751N12206753WA016080167828
B1949403827748N12206758WA016100168019
B1949413827747N12206765WA016120168393
B1949423827750N12206771WA016150168601
B1949433827753N12206774WA016190169087
B1949443827758N12206775WA016220169449
B1949453827763N12206774WA016260169747
B1949463827768N12206770WA016290170039
B1949473827771N12206764WA016320170284
B1949483827773N12206756WA016350170465
B1949493827772N12206748WA016380170618
B1949503827768N12206742WA016380170742
B1949513827763N12206738WA016380170850
B1949523827758N12206735WA016380170908
B1949533827752N12206736WA016380171093
B1949543827748N12206739WA016400171190
B1949553827746N12206743WA016420171420
B1949563827744N12206746WA016450171839
B1949573827742N12206750WA016480172088
B1949583827742N12206755WA016520172504
B1949593827741N12206760WA016550172721
B1950003827740N12206764WA016580172967
B1950013827741N12206770WA016600173112
B1950023827743N12206775WA016630173405
B1950033827746N12206779WA016660173683
B1950043827751N12206781WA016690173882
B1950053827757N12206780WA016710173958
B1950063827763N12206776WA016730174009
B1950073827766N12206770WA016750174275
B1950083827768N12206762WA016770174607
B1950093827766N12206754WA016800175095
B1950103827763N12206747WA016820175248
B1950113827758N12206743WA016860175574
B1950123827753N12206742WA016880175867
B1950133827748N12206744WA016900175959
B1950143827744N12206749WA016910176002
B1950153827739N12206754WA016930176296
B1950163827737N12206760WA016950176621
B1950173827737N12206765WA016970177018
B1950183827738N12206771WA017000177295
B1950193827743N12206775WA017020177317
B1950203827748N12206777WA017020177384
B1950213827754N12206775WA017030177437
B1950223827758N12206772WA017040177767
B1950233827761N12206768WA017060178147
B1950243827762N12206763WA017090178439
B1950253827761N12206758WA017110178660
B1950263827759N12206751WA017140178709
B1950273827755N12206746WA017160178809
B1950283827750N12206742WA017180179058
B1950293827745N12206743WA017200179200
B1950303827739N12206744WA017210179342
B1950313827734N12206747WA017230179309
B1950323827729N12206753WA017250179451
B1950333827727N12206759WA017270179619
B1950343827727N12206767WA017290179709
B1950353827729N12206774WA017300179853
B1950363827732N12206778WA017290179997
B1950373827737N12206781WA017290180029
B1950383827741N12206782WA017290180099
B1950393827747N12206783WA017290180003
B1950403827751N12206783WA017290180035
B1950413827755N12206783WA017300180265
B1950423827759N12206784WA017310180381
B1950433827764N12206784WA017320180410
B1950443827768N12206782WA017320180447
B1950453827771N12206779WA017330180499
B1950463827774N12206775WA017340180683
B1950473827776N12206769WA017360180843
B1950483827776N12206763WA017380181045
B1950493827775N12206757WA017400181329
B1950503827773N12206753WA017420181540
B1950513827771N12206748WA017450181744
B1950523827768N12206743WA017470181976
B1950533827766N12206738WA017500182128
B1950543827763N12206735WA017530182430
B1950553827759N12206732WA017560182695
B1950563827755N12206731WA017580182753
B1950573827749N12206732WA017580182785
B1950583827744N12206737WA017580182724
B1950593827739N12206745WA017570182735
B1951003827737N12206754WA017560182669
B1951013827739N12206763WA017560182778
B1951023827743N12206770WA017570182971
B1951033827748N12206773WA017580183082
B1951043827753N12206773WA017590183241
B1951053827757N12206770WA017590183349
B1951063827760N12206766WA017590183337
B1951073827762N12206762WA017590183360
B1951083827764N12206757WA017600183470
B1951093827766N12206752WA017600183587
B1951103827768N12206748WA017610183680
B1951113827768N12206743WA017620183772
B1951123827768N12206738WA017640183822
B1951133827766N12206732WA017650183926
B1951143827763N12206727WA017660184077
B1951153827759N12206724WA017680184181
B1951163827755N12206722WA017700184311
B1951173827749N12206721WA017710184562
B1951183827743N12206723WA017730184683
B1951193827739N12206726WA017750184706
B1951203827734N12206731WA017750184754
B1951213827731N12206738WA017750184851
B1951223827730N12206746WA017740184705
B1951233827728N12206755WA017740184692
B1951243827731N12206764WA017740184624
B1951253827734N12206770WA017740184944
B1951263827738N12206773WA017730184859
B1951273827743N12206775WA017720184710
B1951283827747N12206773WA017710184599
B1951293827752N12206771WA017690184431
B1951303827755N12206767WA017680184391
B1951313827758N12206762WA017670184325
B1951323827759N12206757WA017670184363
B1951333827759N12206751WA017670184389
B1951343827758N12206746WA017660184362
B1951353827757N12206740WA017650184224
B1951363827755N12206734WA017650184164
B1951373827754N12206728WA017640184023
B1951383827753N12206721WA017640184009
B1951393827751N12206715WA017630184086
B1951403827750N12206709WA017640184031
B1951413827748N12206703WA017640184166
B1951423827746N12206698WA017650184262
B1951433827744N12206693WA017650184250
B1951443827742N12206688WA017660184320
B1951453827739N12206683WA017660184382
B1951463827737N12206677WA017660184345
B1951473827734N12206672WA017660184381
B1951483827732N12206666WA017660184309
B1951493827728N12206662WA017660184251
B1951503827724N12206657WA017660184255
B1951513827720N12206652WA017650184139
B1951523827716N12206647WA017650184117
B1951533827712N12206641WA017650184009
B1951543827708N12206635WA017650184004
B1951553827704N12206629WA017660184132
B1951563827700N12206623WA017670184456
B1951573827697N12206618WA017690184605
B1951583827693N12206613WA017710184753
B1951593827689N12206608WA017730184967
B1952003827685N12206604WA017740185032
B1952013827680N12206599WA017760185143
B1952023827675N12206594WA017780185354
B1952033827671N12206589WA017800185502
B1952043827666N12206584WA017820185857
B1952053827661N12206580WA017850186031
B1952063827656N12206575WA017870186313
B1952073827650N12206570WA017900186554
B1952083827644N12206564WA017920186799
B1952093827639N12206559WA017950187022
B1952103827633N12206553WA017980187298
B1952113827628N12206550WA018000187435
B1952123827622N12206550WA018000187575
B1952133827617N12206554WA017990187446
B1952143827614N12206562WA017980187121
B1952153827614N12206569WA017970187075
B1952163827617N12206574WA017980187321
B1952173827621N12206575WA018000187629
B1952183827625N12206575WA018020187947
B1952193827630N12206573WA018050188123
B1952203827634N12206569WA018070188339
B1952213827637N12206565WA018110188742
B1952223827639N12206559WA018140189041
B1952233827640N12206551WA018180189329
B1952243827639N12206543WA018210189537
B1952253827636N12206535WA018230189764
B1952263827632N12206527WA018260190078
B1952273827627N12206521WA018270190239
B1952283827620N12206518WA018280190382
B1952293827614N12206517WA018280190402
B1952303827608N12206520WA018280190416
B1952313827604N12206527WA018270190391
B1952323827603N12206534WA018270190190
B1952333827605N12206540WA018270190121
B1952343827607N12206543WA018290190569
B1952353827610N12206546WA018310190975
B1952363827613N12206547WA018340191278
B1952373827617N12206548WA018370191521
B1952383827621N12206546WA018410191709
B1952393827624N12206543WA018430191937
B1952403827626N12206537WA018450192079
B1952413827627N12206530WA018450192190
B1952423827628N12206521WA018460192123
B1952433827627N12206512WA018470192265
B1952443827625N12206504WA018480192570
B1952453827622N12206496WA018500192715
B1952463827616N12206490WA018520192863
B1952473827610N12206487WA018530192811
B1952483827603N12206487WA018550192854
B1952493827598N12206490WA018560192921
B1952503827594N12206494WA018560193069
B1952513827592N12206500WA018560193184
B1952523827592N12206505WA018570193365
B1952533827594N12206509WA018580193502
B1952543827596N12206512WA018600193717
B1952553827598N12206515WA018620193976
B1952563827602N12206517WA018640194007
B1952573827605N12206518WA018660194157
B1952583827609N12206518WA018690194319
B1952593827612N12206518WA018710194552
B1953003827616N12206516WA018720194710
B1953013827619N12206512WA018740194844
B1953023827622N12206507WA018750195033
B1953033827624N12206501WA018750195186
B1953043827626N12206495WA018760195361
B1953053827627N12206487WA018770195339
B1953063827626N12206480WA018770195481
B1953073827625N12206472WA018780195461
B1953083827622N12206463WA018790195555
B1953093827618N12206455WA018790195625
B1953103827612N12206448WA018800195742
B1953113827605N12206443WA018810195759
B1953123827598N12206443WA018820195843
B1953133827592N12206446WA018830195960
B1953143827589N12206450WA018830195937
B1953153827586N12206455WA018830196036
B1953163827585N12206460WA018840196015
B1953173827584N12206464WA018860196237
B1953183827583N12206468WA018870196555
B1953193827585N12206471WA018880196558
B1953203827587N12206475WA018890196471
B1953213827590N12206478WA018890196582
B1953223827594N12206480WA018890196614
B1953233827597N12206481WA018890196721
B1953243827600N12206480WA018900196777
B1953253827604N12206479WA018900196899
B1953263827609N12206479WA018900196840
B1953273827614N12206477WA018910196918
B1953283827618N12206476WA018920196955
B1953293827623N12206474WA018940197106
B1953303827627N12206472WA018950197264
B1953313827632N12206470WA018960197400
B1953323827636N12206467WA018980197510
B1953333827640N12206463WA018990197658
B1953343827644N12206461WA019010197894
B1953353827648N12206459WA019020198098
B1953363827652N12206459WA019040198170
B1953373827656N12206458WA019050198281
B1953383827661N12206456WA019050198306
B1953393827665N12206453WA019050198416
B1953403827669N12206452WA019050198340
B1953413827673N12206449WA019060198389
B1953423827678N12206448WA019060198340
B1953433827682N12206445WA019070198499
B1953443827687N12206443WA019080198549
B1953453827692N12206441WA019090198624
B1953463827697N12206439WA019100198612
B1953473827701N12206437WA019110198785
B1953483827706N12206435WA019120198859
B1953493827711N12206435WA019120198850
B1953503827716N12206434WA019130198932
B1953513827720N12206433WA019140199069
B1953523827724N12206433WA019150199174
B1953533827729N12206432WA019150199209
B1953543827733N12206434WA019150199311
B1953553827737N12206436WA019150199217
B1953563827740N12206441WA019150199213
B1953573827741N12206447WA019150199264
B1953583827741N12206453WA019150199253
B1953593827738N12206457WA019140199269
B1954003827733N12206460WA019140199104
B1954013827726N12206461WA019130198905
B1954023827718N12206461WA019120198881
B1954033827712N12206460WA019120199047
B1954043827706N12206460WA019130199297
B1954053827702N12206460WA019150199406
B1954063827697N12206460WA019170199670
B1954073827692N12206458WA019180199789
B1954083827687N12206457WA019190199750
B1954093827682N12206454WA019190199708
B1954103827676N12206452WA019200199734
B1954113827670N12206450WA019210199942
B1954123827665N12206447WA019220200018
B1954133827659N12206445WA019240200288
B1954143827654N12206443WA019250200423
B1954153827648N12206441WA019270200533
B1954163827642N12206440WA019290200761
B1954173827637N12206438WA019300200806
B1954183827631N12206436WA019320200965
B1954193827626N12206432WA019330201069
B1954203827621N12206427WA019340201158
B1954213827616N12206421WA019330201155
B1954223827612N12206414WA019340201163
B1954233827610N12206406WA019340201232
B1954243827610N12206397WA019330201144
B1954253827613N12206389WA019330200803
B1954263827617N12206383WA019310200611
B1954273827622N12206379WA019300200555
B1954283827627N12206377WA019290200693
B1954293827633N12206376WA019290200601
B1954303827637N12206376WA019290200607
B1954313827640N12206377WA019280200619
B1954323827643N12206379WA019270200689
B1954333827648N12206381WA019260200514
B1954343827651N12206383WA019260200489
B1954353827655N12206386WA019260200503
B1954363827658N12206388WA019270200681
B1954373827662N12206390WA019280200659
B1954383827665N12206393WA019280200773
B1954393827667N12206397WA019290200784
B1954403827670N12206401WA019280200709
B1954413827670N12206407WA019280200698
B1954423827670N12206415WA019270200604
B1954433827667N12206422WA019270200690
B1954443827665N12206428WA019270200737
B1954453827661N12206434WA019290200984
B1954463827658N12206439WA019310201189
B1954473827656N12206443WA019320201341
B1954483827653N12206445WA019340201480
B1954493827650N12206446WA019340201474
B1954503827646N12206446WA019340201302
B1954513827640N12206444WA019320201072
B1954523827634N12206438WA019300200759
B1954533827629N12206430WA019280200581
B1954543827627N12206419WA019260200306
B1954553827626N12206410WA019260200430
B1954563827627N12206401WA019270200726
B1954573827628N12206395WA019290200994
B1954583827631N12206390WA019300201160
B1954593827635N12206385WA019310201033
B1955003827639N12206381WA019300200856
B1955013827645N12206379WA019300200806
B1955023827649N12206378WA019300200863
B1955033827653N12206378WA019300200922
B1955043827656N12206379WA019310201140
B1955053827659N12206381WA019320201221
B1955063827661N12206384WA019330201178
B1955073827663N12206390WA019330201180
B1955083827664N12206395WA019340201291
B1955093827665N12206399WA019350201407
B1955103827662N12206403WA019350201555
B1955113827658N12206406WA019350201373
B1955123827653N12206407WA019340201274
B1955133827648N12206407WA019330201063
B1955143827643N12206405WA019320201048
B1955153827638N12206403WA019320201160
B1955163827634N12206399WA019320201104
B1955173827629N12206395WA019310200914
B1955183827624N12206389WA019310200837
B1955193827619N12206382WA019300200788
B1955203827616N12206375WA019300200713
B1955213827613N12206368WA019300200832
B1955223827612N12206360WA019310201068
B1955233827613N12206354WA019320201161
B1955243827616N12206348WA019330201122
B1955253827620N12206343WA019330201012
B1955263827625N12206339WA019320200906
B1955273827630N12206338WA019320200912
B1955283827635N12206338WA019310200825
B1955293827640N12206339WA019310200923
B1955303827645N12206340WA019300200802
B1955313827649N12206340WA019290200878
B1955323827654N12206342WA019290200880
B1955333827659N12206344WA019280200793
B1955343827665N12206346WA019270200660
B1955353827671N12206347WA019270200653
B1955363827677N12206348WA019270200547
B1955373827682N12206349WA019280200687
B1955383827687N12206349WA019280200788
B1955393827692N12206349WA019290200883
B1955403827698N12206348WA019300200807
B1955413827703N12206348WA019300200814
B1955423827708N12206349WA019300200830
B1955433827713N12206349WA019300200885
B1955443827719N12206350WA019290200701
B1955453827724N12206350WA019290200651
B1955463827730N12206350WA019280200643
B1955473827735N12206350WA019280200584
B1955483827741N12206351WA019270200474
B1955493827747N12206351WA019270200619
B1955503827752N12206352WA019280200711
B1955513827757N12206352WA019280200806
B1955523827761N12206352WA019280200886
B1955533827767N12206353WA019280200724
B1955543827772N12206354WA019280200664
B1955553827778N12206355WA019270200622
B1955563827783N12206356WA019270200668
B1955573827789N12206358WA019270200602
B1955583827794N12206359WA019280200608
B1955593827798N12206361WA019280200786
B1956003827803N12206363WA019270200743
B1956013827808N12206364WA019260200637
B1956023827813N12206366WA019250200445
B1956033827819N12206368WA019230200215
B1956043827825N12206370WA019210199941
B1956053827832N12206371WA019180199519
B1956063827839N12206372WA019150199229
B1956073827846N12206374WA019120198881
B1956083827854N12206375WA019090198560
B1956093827862N12206376WA019070198470
B1956103827870N12206377WA019050198351
B1956113827878N12206378WA019050198203
B1956123827885N12206379WA019040198068
B1956133827893N12206380WA019030197919
B1956143827900N12206382WA019010197872
B1956153827908N12206383WA019000197749
B1956163827915N12206385WA018990197644
B1956173827922N12206386WA018980197597
B1956183827930N12206387WA018980197528
B1956193827937N12206388WA018970197444
B1956203827944N12206389WA018970197402
B1956213827950N12206390WA018960197451
B1956223827957N12206390WA018950197237
B1956233827964N12206391WA018930197170
B1956243827972N12206391WA018900196661
B1956253827980N12206391WA018860196282
B1956263827990N12206391WA018830195808
B1956273827999N12206392WA018790195506
B1956283828008N12206393WA018760195334
B1956293828017N12206393WA018750195254
B1956303828025N12206394WA018750195261
B1956313828033N12206395WA018740195052
B1956323828041N12206396WA018730194944
B1956333828049N12206397WA018720194826
B1956343828057N12206398WA018700194738
B1956353828065N12206400WA018680194340
B1956363828074N12206400WA018660194105
B1956373828082N12206401WA018630193847
B1956383828090N12206403WA018610193660
B1956393828099N12206404WA018580193420
B1956403828107N12206405WA018560193160
B1956413828116N12206405WA018530193048
B1956423828125N12206406WA018520192918
B1956433828133N12206407WA018500192749
B1956443828141N12206408WA018490192698
B1956453828150N12206410WA018470192534
B1956463828158N12206411WA018450192378
B1956473828167N12206412WA018420192129
B1956483828175N12206413WA018400191892
B1956493828184N12206413WA018380191664
B1956503828193N12206413WA018370191419
B1956513828201N12206414WA018360191320
B1956523828209N12206414WA018340191140
B1956533828217N12206414WA018330191040
B1956543828225N12206413WA018320190859
B1956553828233N12206413WA018300190666
B1956563828241N12206413WA018280190465
B1956573828249N12206413WA018270190392
B1956583828258N12206412WA018240190147
B1956593828266N12206412WA018230189946
B1957003828274N12206412WA018210189692
B1957013828283N12206412WA018190189560
B1957023828291N12206411WA018170189370
B1957033828300N12206410WA018150189137
B1957043828308N12206409WA018130189065
B1957053828316N12206408WA018110188874
B1957063828325N12206407WA018100188611
B1957073828333N12206405WA018080188545
B1957083828342N12206403WA018070188547
B1957093828350N12206402WA018050188471
B1957103828359N12206400WA018030188224
B1957113828367N12206398WA018010188073
B1957123828376N12206396WA018000187915
B1957133828384N12206394WA017980187723
B1957143828392N12206392WA017960187501
B1957153828400N12206390WA017950187353
B1957163828408N12206388WA017930187181
B1957173828416N12206386WA017920186993
B1957183828424N12206385WA017900186890
B1957193828433N12206383WA017880186717
B1957203828441N12206382WA017870186534
B1957213828449N12206380WA017850186347
B1957223828457N12206378WA017830186279
B1957233828465N12206376WA017820186195
B1957243828474N12206374WA017800185940
B1957253828482N12206371WA017780185786
B1957263828490N12206369WA017770185690
B1957273828498N12206367WA017750185480
B1957283828506N12206365WA017740185280
B1957293828515N12206363WA017730185001
B1957303828522N12206361WA017710184893
B1957313828531N12206359WA017690184616
B1957323828539N12206357WA017670184445
B1957333828547N12206355WA017650184485
B1957343828556N12206353WA017630184234
B1957353828564N12206351WA017610184056
B1957363828572N12206349WA017600183879
B1957373828580N12206348WA017580183660
B1957383828588N12206346WA017560183481
B1957393828597N12206344WA017550183225
B1957403828605N12206342WA017530183065
B1957413828613N12206341WA017510182982
B1957423828622N12206339WA017490182715
B1957433828630N12206337WA017480182457
B1957443828639N12206335WA017450182207
B1957453828647N12206334WA017440182033
B1957463828655N12206332WA017420181872
B1957473828663N12206330WA017400181785
B1957483828671N12206328WA017390181595
B1957493828680N12206326WA017370181318
B1957503828688N12206324WA017350181226
B1957513828696N12206323WA017340181043
B1957523828704N12206321WA017320180789
B1957533828712N12206320WA017300180738
B1957543828720N12206320WA017280180561
B1957553828728N12206319WA017260180454
B1957563828737N12206318WA017250180355
B1957573828746N12206315WA017230180319
B1957583828754N12206315WA017220179924
B1957593828762N12206314WA017200179734
B1958003828770N12206313WA017180179748
B1958013828778N12206313WA017170179653
B1958023828786N12206313WA017150179562
B1958033828794N12206312WA017140179426
B1958043828802N12206312WA017130179203
B1958053828809N12206311WA017120179177
B1958063828817N12206311WA017110179001
B1958073828824N12206310WA017100178764
B1958083828832N12206309WA017090178536
B1958093828839N12206308WA017080178399
B1958103828847N12206308WA017060178074
B1958113828855N12206307WA017040177954
B1958123828863N12206306WA017030177624
B1958133828871N12206305WA017010177418
B1958143828878N12206304WA016990177299
B1958153828886N12206304WA016980176951
B1958163828894N12206303WA016960176843
B1958173828902N12206302WA016950176617
B1958183828909N12206302WA016930176490
B1958193828917N12206301WA016910176385
B1958203828925N12206300WA016900176287
B1958213828933N12206300WA016890176197
B1958223828942N12206300WA016870176004
B1958233828949N12206299WA016860175988
B1958243828957N12206298WA016850175783
B1958253828965N12206297WA016830175699
B1958263828973N12206297WA016820175520
B1958273828980N12206295WA016810175557
B1958283828987N12206295WA016810175361
B1958293828994N12206293WA016800175289
B1958303829002N12206292WA016790175025
B1958313829009N12206291WA016780174976
B1958323829017N12206290WA016760174723
B1958333829024N12206289WA016750174685
B1958343829032N12206288WA016740174541
B1958353829039N12206287WA016730174493
B1958363829047N12206285WA016710174329
B1958373829054N12206284WA016700174367
B1958383829061N12206283WA016690174265
B1958393829068N12206282WA016680174175
B1958403829075N12206281WA016670174053
B1958413829082N12206280WA016670174070
B1958423829089N12206279WA016660173962
B1958433829096N12206278WA016640173880
B1958443829104N12206276WA016630173717
B1958453829111N12206275WA016620173540
B1958463829118N12206273WA016610173445
B1958473829125N12206271WA016600173406
B1958483829131N12206270WA016600173244
B1958493829137N12206268WA016600173259
B1958503829143N12206267WA016590173211
B1958513829148N12206265WA016590173236
B1958523829153N12206264WA016590173134
B1958533829158N12206262WA016580173059
B1958543829164N12206260WA016570172939
B1958553829170N12206258WA016550172857
B1958563829176N12206256WA016540172645
B1958573829182N12206254WA016530172550
B1958583829188N12206251WA016510172434
B1958593829194N12206249WA016500172303
B1959003829200N12206247WA016490172300
B1959013829205N12206245WA016480172180
B1959023829211N12206242WA016460171988
B1959033829217N12206240WA016450171895
B1959043829224N12206238WA016430171606
B1959053829230N12206236WA016420171446
B1959063829237N12206234WA016400171235
B1959073829244N12206232WA016380170947
B1959083829251N12206231WA016360170742
B1959093829258N12206229WA016340170553
B1959103829265N12206227WA016320170337
B1959113829272N12206226WA016310170203
B1959123829278N12206224WA016300170157
B1959133829285N12206223WA016280169901
B1959143829292N12206221WA016260169705
B1959153829299N12206219WA016240169477
B1959163829307N12206218WA016210169083
B1959173829315N12206216WA016180168796
B1959183829324N12206215WA016150168441
B1959193829332N12206213WA016120168279
B1959203829340N12206212WA016110168195
B1959213829349N12206211WA016100168002
B1959223829356N12206210WA016080167972
B1959233829364N12206209WA016060167763
B1959243829372N12206208WA016040167463
B1959253829380N12206207WA016010167193
B1959263829389N12206206WA015980166942
B1959273829397N12206205WA015960166781
B1959283829406N12206203WA015950166527
B1959293829414N12206202WA015940166422
B1959303829422N12206200WA015930166328
B1959313829430N12206199WA015920166140
B1959323829438N12206197WA015900166037
B1959333829446N12206196WA015890165948
B1959343829454N12206196WA015880165810
B1959353829461N12206194WA015860165697
B1959363829469N12206193WA015840165496
B1959373829478N12206193WA015830165204
B1959383829485N12206193WA015810164992
B1959393829494N12206192WA015790164818
B1959403829502N12206192WA015770164606
B1959413829509N12206192WA015750164571
B1959423829517N12206191WA015730164458
B1959433829525N12206191WA015710164275
B1959443829534N12206191WA015690164035
B1959453829542N12206191WA015670163865
B1959463829550N12206191WA015660163689
B1959473829559N12206191WA015650163407
B1959483829567N12206191WA015630163319
B1959493829574N12206192WA015630163385
B1959503829582N12206193WA015620163111
B1959513829589N12206193WA015610163074
B1959523829597N12206193WA015600162968
B1959533829605N12206194WA015580162934
B1959543829612N12206195WA015570162792
B1959553829620N12206195WA015550162568
B1959563829628N12206196WA015530162343
B1959573829636N12206196WA015520162138
B1959583829644N12206197WA015510162124
B1959593829652N12206198WA015490161903
B2000003829659N12206199WA015480161881
B2000013829667N12206200WA015460161680
B2000023829675N12206201WA015440161581
B2000033829683N12206202WA015420161374
B2000043829691N12206203WA015410161298
B2000053829699N12206205WA015400161071
B2000063829707N12206206WA015390161056
B2000073829715N12206208WA015380160944
B2000083829723N12206209WA015370160719
B2000093829730N12206211WA015350160694
B2000103829739N12206213WA015340160402
B2000113829747N12206215WA015320160220
B2000123829755N12206216WA015300160156
B2000133829763N12206218WA015280159970
B2000143829771N12206219WA015260159793
B2000153829780N12206220WA015240159617
B2000163829788N12206221WA015230159526
B2000173829796N12206223WA015210159332
B2000183829804N12206224WA015190159147
B2000193829812N12206226WA015170159071
B2000203829821N12206227WA015150158704
B2000213829829N12206228WA015130158548
B2000223829837N12206230WA015110158281
B2000233829846N12206231WA015090158004
B2000243829854N12206232WA015060157805
B2000253829861N12206234WA015040157692
B2000263829869N12206235WA015010157282
B2000273829878N12206236WA014980156802
B2000283829886N12206237WA014950156502
B2000293829894N12206238WA014920156213
B2000303829902N12206239WA014880155917
B2000313829910N12206241WA014850155503
B2000323829917N12206243WA014810155383
B2000333829925N12206245WA014780155080
B2000343829933N12206246WA014760154765
B2000353829941N12206248WA014730154460
B2000363829949N12206249WA014700154179
B2000373829957N12206251WA014680153893
B2000383829966N12206252WA014660153651
B2000393829974N12206252WA014640153466
B2000403829982N12206253WA014620153261
B2000413829990N12206253WA014600153044
B2000423829998N12206253WA014570152809
B2000433830006N12206254WA014560152507
B2000443830013N12206255WA014530152286
B2000453830021N12206256WA014510152050
B2000463830028N12206256WA014490151875
B2000473830036N12206256WA014470151609
B2000483830043N12206257WA014440151441
B2000493830050N12206257WA014420151184
B2000503830058N12206257WA014390150963
B2000513830066N12206257WA014360150645
B2000523830074N12206257WA014340150532
B2000533830082N12206257WA014340150313
B2000543830089N12206257WA014330150256
B2000553830097N12206257WA014320150126
B2000563830105N12206257WA014310149906
B2000573830112N12206257WA014290149782
B2000583830121N12206257WA014270149301
B2000593830129N12206256WA014240149036
B2001003830138N12206256WA014210148718
B2001013830146N12206257WA014180148473
B2001023830155N12206258WA014150148221
B2001033830163N12206259WA014130148041
B2001043830171N12206259WA014110147878
B2001053830179N12206260WA014090147699
B2001063830187N12206261WA014070147499
B2001073830195N12206263WA014060147380
B2001083830204N12206264WA014040147103
B2001093830211N12206265WA014020146996
B2001103830220N12206267WA013990146704
B2001113830227N12206269WA013970146480
B2001123830235N12206270WA013950146297
B2001133830244N12206272WA013920146021
B2001143830252N12206273WA013900145755
B2001153830260N12206275WA013880145493
B2001163830269N12206277WA013850145244
B2001173830277N12206279WA013830145085
B2001183830285N12206281WA013810144895
B2001193830294N12206283WA013800144705
B2001203830301N12206285WA013790144691
B2001213830309N12206286WA013770144499
B2001223830318N12206288WA013750144204
B2001233830326N12206290WA013730143911
B2001243830334N12206292WA013700143741
B2001253830342N12206293WA013680143477
B2001263830350N12206295WA013660143189
B2001273830359N12206297WA013630142917
B2001283830367N12206299WA013610142825
B2001293830375N12206301WA013590142633
B2001303830383N12206303WA013570142540
B2001313830391N12206304WA013560142329
B2001323830398N12206306WA013540142298
B2001333830406N12206308WA013530142087
B2001343830414N12206310WA013510141954
B2001353830422N12206312WA013490141722
B2001363830429N12206313WA013480141657
B2001373830437N12206315WA013460141405
B2001383830444N12206316WA013450141359
B2001393830452N12206317WA013430141105
B2001403830459N12206318WA013400140857
B2001413830467N12206320WA013380140562
B2001423830475N12206321WA013360140351
B2001433830483N12206322WA013330140152
B2001443830491N12206323WA013310139854
B2001453830499N12206324WA013290139565
B2001463830507N12206325WA013270139354
B2001473830515N12206326WA013250139025
B2001483830523N12206328WA013220138840
B2001493830531N12206329WA013200138635
B2001503830539N12206330WA013180138538
B2001513830547N12206332WA013160138334
B2001523830555N12206334WA013140138141
B2001533830563N12206336WA013120137971
B2001543830571N12206337WA013100137794
B2001553830580N12206338WA013070137626
B2001563830587N12206340WA013050137699
B2001573830596N12206343WA013030137131
B2001583830603N12206345WA013010136790
B2001593830611N12206346WA012980136488
B2002003830619N12206349WA012950136471
B2002013830627N12206351WA012940136230
B2002023830634N12206352WA012920136196
B2002033830642N12206354WA012900136064
B2002043830649N12206356WA012880135883
B2002053830657N12206358WA012860135452
B2002063830665N12206359WA012840135305
B2002073830672N12206361WA012820134991
B2002083830680N12206362WA012800134856
B2002093830688N12206364WA012770134623
B2002103830696N12206366WA012750134510
B2002113830703N12206367WA012720134294
B2002123830712N12206369WA012700134014
B2002133830719N12206370WA012680133978
B2002143830727N12206371WA012670133847
B2002153830735N12206373WA012640133600
B2002163830742N12206374WA012620133482
B2002173830750N12206375WA012590133244
B2002183830758N12206376WA012580133168
B2002193830767N12206378WA012550133011
B2002203830775N12206380WA012530133070
B2002213830783N12206383WA012510132583
B2002223830791N12206384WA012490131563
B2002233830799N12206385WA012470131275
B2002243830807N12206386WA012450130937
B2002253830815N12206388WA012430130872
B2002263830823N12206389WA012400130584
B2002273830831N12206390WA012380130345
B2002283830838N12206391WA012360130289
B2002293830846N12206393WA012340130155
B2002303830854N12206394WA012330129919
B2002313830861N12206396WA012310129773
B2002323830869N12206397WA012290129564
B2002333830877N12206398WA012270129509
B2002343830884N12206400WA012250129287
B2002353830892N12206402WA012230128999
B2002363830901N12206405WA012210128711
B2002373830908N12206407WA012190128370
B2002383830916N12206408WA012170128136
B2002393830924N12206410WA012150127903
B2002403830931N12206412WA012140127965
B2002413830938N12206414WA012120127891
B2002423830946N12206415WA012100127872
B2002433830954N12206417WA012080127664
B2002443830962N12206419WA012060127447
B2002453830970N12206421WA012040127238
B2002463830978N12206423WA012020126932
B2002473830985N12206425WA011990126671
B2002483830993N12206426WA011970126435
B2002493831000N12206428WA011950126163
B2002503831008N12206429WA011930125819
B2002513831015N12206431WA011910125714
B2002523831022N12206433WA011890125632
B2002533831029N12206435WA011880125481
B2002543831037N12206436WA011860125107
B2002553831044N12206438WA011830124870
B2002563831052N12206439WA011810124737
B2002573831059N12206441WA011780124474
B2002583831067N12206443WA011760124222
B2002593831074N12206445WA011740124061
B2003003831082N12206446WA011720123831
B2003013831089N12206447WA011700123676
B2003023831096N12206449WA011680123590
B2003033831104N12206451WA011650123332
B2003043831111N12206452WA011630123099
B2003053831118N12206455WA011600122891
B2003063831125N12206457WA011570122592
B2003073831132N12206459WA011560122394
B2003083831140N12206461WA011540122312
B2003093831147N12206463WA011520122133
B2003103831155N12206465WA011500122101
B2003113831162N12206467WA011480121946
B2003123831169N12206469WA011460121564
B2003133831176N12206470WA011430121287
B2003143831184N12206472WA011410121004
B2003153831190N12206473WA011390120888
B2003163831198N12206475WA011360120514
B2003173831205N12206476WA011340120359
B2003183831212N12206478WA011310120160
B2003193831219N12206479WA011290119995
B2003203831226N12206481WA011290119711
B2003213831230N12206481WA011310119968
B2003223831233N12206481WA011330119937
B2003233831235N12206480WA011350120269
B2003243831238N12206480WA011360120245
B2003253831242N12206481WA011350120113
B2003263831248N12206481WA011330119821
B2003273831254N12206481WA011310119524
B2003283831260N12206481WA011290119275
B2003293831266N12206481WA011280119075
B2003303831271N12206481WA011290119168
B2003313831276N12206481WA011290119156
B2003323831281N12206482WA011280119102
B2003333831285N12206483WA011270119171
B2003343831291N12206484WA011250118824
B2003353831297N12206485WA011220118183
B2003363831304N12206486WA011200117850
B2003373831311N12206486WA011180117627
B2003383831317N12206487WA011150117367
B2003393831324N12206488WA011130117271
B2003403831331N12206489WA011110117103
B2003413831337N12206490WA011100117115
B2003423831343N12206492WA011080117004
B2003433831349N12206494WA011070116902
B2003443831355N12206496WA011050116610
B2003453831361N12206497WA011020116556
B2003463831367N12206499WA011000116385
B2003473831374N12206501WA010980116115
B2003483831380N12206503WA010960115962
B2003493831387N12206505WA010940115723
B2003503831393N12206506WA010920115557
B2003513831400N12206509WA010900115302
B2003523831406N12206511WA010880115036
B2003533831413N12206514WA010860114904
B2003543831419N12206516WA010840114718
B2003553831425N12206518WA010820114588
B2003563831432N12206521WA010790114302
B2003573831438N12206523WA010760114126
B2003583831444N12206525WA010740113855
B2003593831451N12206527WA010720113527
B2004003831457N12206529WA010690113465
B2004013831464N12206531WA010660113217
B2004023831470N12206533WA010640113054
B2004033831477N12206535WA010620112707
B2004043831483N12206537WA010590112558
B2004053831490N12206540WA010570112221
B2004063831497N12206541WA010550112029
B2004073831504N12206543WA010530111726
B2004083831511N12206544WA010510111407
B2004093831517N12206545WA010490111298
B2004103831524N12206547WA010460110960
B2004113831531N12206548WA010430110604
B2004123831537N12206549WA010400110278
B2004133831544N12206552WA010370109901
B2004143831550N12206553WA010330109796
B2004153831557N12206555WA010300109377
B2004163831565N12206556WA010270109208
B2004173831571N12206558WA010230108964
B2004183831578N12206560WA010200108652
B2004193831585N12206561WA010170108469
B2004203831593N12206563WA010150108238
B2004213831600N12206565WA010120107990
B2004223831608N12206566WA010090107376
B2004233831617N12206568WA010060107000
B2004243831624N12206569WA010040106888
B2004253831632N12206570WA010020106739
B2004263831639N12206572WA010010106559
B2004273831647N12206572WA009990106025
B2004283831654N12206574WA009970105963
B2004293831662N12206575WA009950105462
B2004303831670N12206576WA009920105151
B2004313831678N12206576WA009900104915
B2004323831686N12206577WA009890104710
B2004333831693N12206577WA009880104868
B2004343831701N12206578WA009870104342
B2004353831708N12206578WA009850104156
B2004363831716N12206579WA009830103901
B2004373831723N12206579WA009810103769
B2004383831731N12206580WA009790103576
B2004393831739N12206580WA009770103358
B2004403831747N12206579WA009760103061
B2004413831755N12206578WA009750102930
B2004423831762N12206575WA009740102825
B2004433831769N12206573WA009740102848
B2004443831776N12206571WA009730102774
B2004453831784N12206568WA009720102629
B2004463831792N12206566WA009710102502
B2004473831800N12206563WA009700102305
B2004483831808N12206561WA009690102240
B2004493831816N12206558WA009680102258
B2004503831824N12206556WA009680102273
B2004513831832N12206553WA009680102298
B2004523831841N12206550WA009680102317
B2004533831849N12206547WA009680102327
B2004543831856N12206544WA009680102474
B2004553831863N12206540WA009690102617
B2004563831868N12206537WA009710103010
B2004573831872N12206533WA009730103290
B2004583831877N12206529WA009750103266
B2004593831882N12206526WA009760103242
B2005003831887N12206522WA009750103289
B2005013831893N12206519WA009750103206
B2005023831898N12206516WA009750103308
B2005033831902N12206514WA009760103377
B2005043831907N12206513WA009760103344
B2005053831911N12206514WA009760103383
B2005063831914N12206517WA009750103284
B2005073831915N12206521WA009750103293
B2005083831915N12206525WA009750103132
B2005093831914N12206528WA009750103233
B2005103831911N12206530WA009750103233
B2005113831907N12206530WA009750103129
B2005123831902N12206530WA009750103283
B2005133831898N12206528WA009740103156
B2005143831893N12206525WA009740103178
B2005153831889N12206521WA009730103116
B2005163831883N12206514WA009730103193
B2005173831879N12206506WA009720103298
B2005183831877N12206500WA009730103357
B2005193831876N12206491WA009730103248
B2005203831876N12206482WA009720103217
B2005213831877N12206472WA009720103139
B2005223831879N12206463WA009720103134
B2005233831883N12206455WA009710103104
B2005243831887N12206449WA009710103150
B2005253831891N12206444WA009710103081
B2005263831897N12206441WA009710103001
B2005273831901N12206440WA009710103040
B2005283831905N12206440WA009700102919
B2005293831908N12206443WA009690102875
B2005303831911N12206447WA009680102819
B2005313831911N12206452WA009680102762
B2005323831911N12206456WA009670102724
B2005333831911N12206460WA009670102711
B2005343831909N12206462WA009670102729
B2005353831907N12206466WA009670102621
B2005363831905N12206469WA009660102554
B2005373831904N12206472WA009660102599
B2005383831905N12206477WA009650102453
B2005393831907N12206481WA009640102434
B2005403831910N12206485WA009640102402
B2005413831913N12206487WA009650102555
B2005423831917N12206489WA009660102513
B2005433831921N12206490WA009670102615
B2005443831925N12206491WA009670102516
B2005453831930N12206491WA009670102409
B2005463831935N12206491WA009670102462
B2005473831941N12206489WA009670102456
B2005483831946N12206487WA009680102690
B2005493831951N12206483WA009690102695
B2005503831956N12206478WA009700102736
B2005513831960N12206472WA009710102726
B2005523831963N12206466WA009710102710
B2005533831964N12206457WA009710102688
B2005543831965N12206450WA009700102650
B2005553831964N12206442WA009690102586
B2005563831962N12206435WA009690102537
B2005573831958N12206430WA009690102584
B2005583831954N12206427WA009690102641
B2005593831949N12206425WA009690102677
B2006003831945N12206426WA009690102601
B2006013831940N12206427WA009690102521
B2006023831937N12206430WA009690102633
B2006033831935N12206434WA009700102647
B2006043831935N12206439WA009690102618
B2006053831936N12206445WA009700102786
B2006063831939N12206450WA009710102804
B2006073831940N12206454WA009720103051
B2006083831941N12206457WA009740103236
B2006093831942N12206461WA009760103423
B2006103831942N12206465WA009770103496
B2006113831945N12206469WA009790103419
B2006123831947N12206474WA009810103710
B2006133831947N12206478WA009840104042
B2006143831947N12206482WA009860104213
B2006153831946N12206486WA009880104305
B2006163831944N12206491WA009890104586
B2006173831943N12206496WA009910104644
B2006183831942N12206500WA009930104976
B2006193831941N12206504WA009960105491
B2006203831939N12206505WA010000105749
B2006213831936N12206507WA010030106006
B2006223831932N12206509WA010060106249
B2006233831930N12206513WA010090106478
B2006243831931N12206518WA010110106512
B2006253831935N12206520WA010110106648
B2006263831940N12206520WA010120106784
B2006273831946N12206515WA010110106717
B2006283831949N12206506WA010110106748
B2006293831950N12206497WA010120106866
B2006303831949N12206488WA010140106900
B2006313831944N12206480WA010150107278
B2006323831938N12206476WA010180107591
B2006333831933N12206475WA010200107612
B2006343831928N12206476WA010220107924
B2006353831924N12206480WA010240108053
B2006363831924N12206484WA010260108039
B2006373831925N12206489WA010280108280
B2006383831927N12206492WA010300108535
B2006393831931N12206492WA010320108676
B2006403831935N12206491WA010330108895
B2006413831940N12206488WA010340108913
B2006423831944N12206483WA010340108940
B2006433831947N12206476WA010340108897
B2006443831950N12206469WA010340109023
B2006453831951N12206460WA010350108929
B2006463831953N12206451WA010360109027
B2006473831953N12206442WA010370109281
B2006483831954N12206432WA010380109207
B2006493831952N12206424WA010400109421
B2006503831949N12206416WA010430109780
B2006513831944N12206412WA010450109813
B2006523831938N12206410WA010480109987
B2006533831933N12206410WA010500110184
B2006543831929N12206411WA010520110313
B2006553831925N12206413WA010540110518
B2006563831921N12206417WA010550110773
B2006573831919N12206422WA010560110942
B2006583831918N12206426WA010560110759
B2006593831919N12206431WA010560110875
B2007003831922N12206434WA010570111039
B2007013831925N12206436WA010580111217
B2007023831928N12206436WA010600111529
B2007033831932N12206435WA010610111726
B2007043831936N12206432WA010620111779
B2007053831941N12206428WA010620111714
B2007063831945N12206421WA010620111716
B2007073831947N12206412WA010620111863
B2007083831948N12206401WA010630111819
B2007093831946N12206392WA010630111943
B2007103831943N12206383WA010650112052
B2007113831939N12206377WA010670112218
B2007123831934N12206373WA010690112388
B2007133831930N12206371WA010710112554
B2007143831925N12206370WA010730112643
B2007153831920N12206369WA010750112613
B2007163831915N12206369WA010750112757
B2007173831911N12206372WA010750112860
B2007183831909N12206375WA010750113047
B2007193831908N12206380WA010750112938
B2007203831909N12206385WA010750112863
B2007213831912N12206389WA010760113002
B2007223831914N12206390WA010770113274
B2007233831917N12206390WA010790113583
B2007243831921N12206389WA010810113777
B2007253831925N12206388WA010830113991
B2007263831929N12206384WA010860114085
B2007273831934N12206379WA010880114113
B2007283831937N12206372WA010910114385
B2007293831940N12206364WA010930114557
B2007303831942N12206356WA010950114776
B2007313831944N12206348WA010970114820
B2007323831943N12206339WA010980115187
B2007333831942N12206331WA010990115247
B2007343831938N12206324WA011000115362
B2007353831933N12206318WA011010115432
B2007363831927N12206314WA011010115559
B2007373831922N12206314WA011030115661
B2007383831918N12206314WA011040115806
B2007393831913N12206316WA011050115891
B2007403831910N12206318WA011040115845
B2007413831907N12206321WA011040115846
B2007423831904N12206324WA011040115749
B2007433831900N12206327WA011050115886
B2007443831897N12206329WA011080116136
B2007453831893N12206330WA011100116561
B2007463831890N12206330WA011120116740
B2007473831887N12206331WA011130116825
B2007483831885N12206335WA011120116774
B2007493831887N12206340WA011100116334
B2007503831892N12206343WA011080116126
B2007513831897N12206345WA011050115973
B2007523831904N12206338WA011040115712
B2007533831907N12206330WA011030115875
B2007543831909N12206321WA011040115989
B2007553831910N12206312WA011050116114
B2007563831909N12206302WA011070116489
B2007573831909N12206294WA011090116612
B2007583831907N12206286WA011120116934
B2007593831904N12206279WA011130117051
B2008003831900N12206272WA011150117107
B2008013831894N12206267WA011150117184
B2008023831888N12206263WA011150117196
B2008033831882N12206260WA011150117179
B2008043831876N12206259WA011160117383
B2008053831871N12206259WA011170117593
B2008063831868N12206261WA011190117761
B2008073831867N12206264WA011200117815
B2008083831868N12206268WA011220117941
B2008093831869N12206272WA011220118074
B2008103831875N12206272WA011220117981
B2008113831880N12206270WA011220117892
B2008123831886N12206268WA011220117704
B2008133831891N12206263WA011220117770
B2008143831895N12206258WA011240117854
B2008153831899N12206253WA011260117927
B2008163831901N12206247WA011280117977
B2008173831904N12206241WA011310118144
B2008183831907N12206234WA011320118226
B2008193831909N12206228WA011320118395
B2008203831913N12206223WA011310118481
B2008213831919N12206218WA011300118578
B2008223831925N12206214WA011290118468
B2008233831930N12206210WA011290118488
B2008243831935N12206206WA011290118598
B2008253831940N12206202WA011290118578
B2008263831945N12206199WA011300118722
B2008273831949N12206195WA011300118879
B2008283831954N12206193WA011300118763
B2008293831959N12206190WA011300118799
B2008303831965N12206188WA011290118765
B2008313831972N12206186WA011290118844
B2008323831979N12206184WA011290118820
B2008333831985N12206182WA011300118931
B2008343831991N12206179WA011320119119
B2008353831996N12206177WA011340119510
B2008363832000N12206174WA011360119680
B2008373832005N12206170WA011380119815
B2008383832009N12206166WA011400120087
B2008393832014N12206162WA011420120053
B2008403832018N12206155WA011420120079
B2008413832021N12206147WA011420120196
B2008423832022N12206139WA011430120290
B2008433832022N12206129WA011430120169
B2008443832022N12206121WA011440120411
B2008453832020N12206112WA011460120679
B2008463832017N12206105WA011470120997
B2008473832013N12206101WA011480120831
B2008483832007N12206099WA011470120674
B2008493832002N12206100WA011460120496
B2008503831999N12206103WA011450120432
B2008513831996N12206106WA011440120435
B2008523831994N12206108WA011440120639
B2008533831991N12206112WA011430120644
B2008543831988N12206115WA011430120635
B2008553831986N12206119WA011440120606
B2008563831984N12206124WA011440120571
B2008573831985N12206129WA011440120568
B2008583831987N12206135WA011450120722
B2008593831988N12206140WA011460120926
B2009003831988N12206145WA011470121080
B2009013831989N12206149WA011490121272
B2009023831990N12206153WA011510121373
B2009033831992N12206157WA011520121457
B2009043831995N12206161WA011530121485
B2009053831998N12206165WA011540121360
B2009063832004N12206164WA011550121312
B2009073832008N12206162WA011550121374
B2009083832013N12206157WA011540121349
B2009093832017N12206151WA011540121459
B2009103832019N12206144WA011530121398
B2009113832019N12206136WA011520121292
B2009123832018N12206128WA011510121140
B2009133832015N12206121WA011500121126
B2009143832011N12206114WA011490121447
B2009153832005N12206111WA011490121492
B2009163832000N12206107WA011500121455
B2009173831994N12206105WA011500121498
B2009183831989N12206105WA011510121425
B2009193831983N12206105WA011520121694
B2009203831979N12206105WA011540121847
B2009213831975N12206106WA011560122019
B2009223831972N12206109WA011570122130
B2009233831971N12206113WA011570122215
B2009243831970N12206118WA011570122018
B2009253831970N12206124WA011570122035
B2009263831972N12206129WA011570122016
B2009273831973N12206134WA011580122182
B2009283831977N12206136WA011580122134
B2009293831981N12206137WA011570122055
B2009303831985N12206138WA011570122063
B2009313831990N12206138WA011560121911
B2009323831994N12206137WA011560121980
B2009333831999N12206135WA011540121902
B2009343832003N12206130WA011520121913
B2009353832006N12206123WA011500121867
B2009363832008N12206114WA011480121366
B2009373832007N12206104WA011450121022
B2009383832003N12206095WA011420120897
B2009393831998N12206089WA011420120762
B2009403831994N12206083WA011420120619
B2009413831989N12206078WA011420120889
B2009423831984N12206074WA011420120871
B2009433831979N12206069WA011420120723
B2009443831972N12206064WA011420120686
B2009453831966N12206060WA011420120793
B2009463831960N12206056WA011430120965
B2009473831954N12206052WA011450121182
B2009483831949N12206048WA011460121308
B2009493831942N12206047WA011480121492
B2009503831936N12206048WA011500121582
B2009513831932N12206052WA011510121500
B2009523831929N12206057WA011520121532
B2009533831928N12206062WA011530121755
B2009543831931N12206066WA011530121500
B2009553831934N12206067WA011550121691
B2009563831939N12206065WA011560121604
B2009573831942N12206059WA011570121603
B2009583831943N12206051WA011580121600
B2009593831942N12206041WA011590121739
B2010003831940N12206033WA011600121901
B2010013831936N12206025WA011610122067
B2010023831932N12206019WA011630122205
B2010033831926N12206014WA011640122459
B2010043831921N12206011WA011660122429
B2010053831915N12206011WA011670122630
B2010063831909N12206012WA011670122692
B2010073831905N12206015WA011660122655
B2010083831902N12206020WA011660122572
B2010093831901N12206025WA011660122563
B2010103831901N12206030WA011660122592
B2010113831902N12206033WA011670122688
B2010123831905N12206036WA011670122603
B2010133831908N12206037WA011680122644
B2010143831912N12206037WA011670122626
B2010153831916N12206035WA011670122688
B2010163831920N12206033WA011670122581
B2010173831923N12206028WA011680122776
B2010183831925N12206022WA011700122967
B2010193831926N12206016WA011710123241
B2010203831926N12206008WA011730123307
B2010213831925N12206000WA011740123437
B2010223831924N12205992WA011760123526
B2010233831922N12205984WA011770123746
B2010243831919N12205977WA011780123646
B2010253831914N12205970WA011770123782
B2010263831909N12205963WA011780123765
B2010273831904N12205958WA011780123726
B2010283831898N12205955WA011790123992
B2010293831893N12205954WA011790123950
B2010303831888N12205954WA011790123949
B2010313831883N12205957WA011790123767
B2010323831879N12205962WA011780123685
B2010333831877N12205968WA011770123595
B2010343831878N12205974WA011760123525
B2010353831880N12205979WA011750123529
B2010363831883N12205984WA011740123409
B2010373831887N12205987WA011740123409
B2010383831890N12205990WA011750123446
B2010393831893N12205992WA011750123516
B2010403831895N12205994WA011760123684
B2010413831898N12205996WA011770123737
B2010423831901N12205999WA011770123723
B2010433831904N12206001WA011770123674
B2010443831908N12206003WA011760123540
B2010453831912N12206004WA011740123495
B2010463831917N12206006WA011730123481
B2010473831922N12206006WA011720123422
B2010483831926N12206007WA011700123440
B2010493831931N12206008WA011680123301
B2010503831936N12206009WA011660123103
B2010513831941N12206010WA011630122905
B2010523831946N12206013WA011590122481
B2010533831952N12206016WA011560122064
B2010543831958N12206020WA011520121529
B2010553831962N12206025WA011490121267
B2010563831966N12206032WA011460120850
B2010573831969N12206039WA011430120565
B2010583831972N12206047WA011400120313
B2010593831974N12206055WA011390120220
B2011003831975N12206062WA011380120066
B2011013831977N12206069WA011370119949
B2011023831979N12206076WA011360119709
B2011033831980N12206084WA011340119502
B2011043831981N12206092WA011320119345
B2011053831982N12206099WA011290119295
B2011063831985N12206106WA011260119057
B2011073831987N12206113WA011240118869
B2011083831989N12206121WA011220118683
B2011093831991N12206128WA011190118597
B2011103831994N12206136WA011170118311
B2011113831995N12206144WA011150118080
B2011123831998N12206151WA011130117701
B2011133831999N12206158WA011110117492
B2011143832001N12206165WA011090117263
B2011153832003N12206173WA011080117032
B2011163832004N12206180WA011060116868
B2011173832006N12206188WA011040116821
B2011183832007N12206195WA011030116683
B2011193832009N12206202WA011010116485
B2011203832011N12206209WA011000116384
B2011213832013N12206216WA010980116163
B2011223832014N12206222WA010960116099
B2011233832016N12206229WA010940115759
B2011243832018N12206237WA010930115521
B2011253832020N12206244WA010910115303
B2011263832022N12206251WA010900115341
B2011273832024N12206257WA010910115278
B2011283832027N12206264WA010910115164
B2011293832029N12206270WA010900115196
B2011303832031N12206277WA010890115130
B2011313832033N12206283WA010880115132
B2011323832034N12206289WA010860114998
B2011333832036N12206296WA010840114683
B2011343832039N12206303WA010820114418
B2011353832042N12206310WA010800114207
B2011363832044N12206316WA010770113979
B2011373832047N12206323WA010760113816
B2011383832049N12206329WA010740113744
B2011393832051N12206335WA010720113479
B2011403832053N12206343WA010710113250
B2011413832056N12206350WA010690113004
B2011423832057N12206358WA010670112691
B2011433832060N12206366WA010640112321
B2011443832062N12206374WA010620112036
B2011453832064N12206383WA010590111674
B2011463832067N12206391WA010560111431
B2011473832070N12206398WA010540111346
B2011483832073N12206405WA010530111187
B2011493832076N12206413WA010540111183
B2011503832079N12206419WA010550111345
B2011513832081N12206425WA010570111445
B2011523832082N12206430WA010600111896
B2011533832083N12206435WA010620112177
B2011543832084N12206440WA010650112342
B2011553832085N12206444WA010680112584
B2011563832087N12206448WA010710112825
B2011573832088N12206452WA010740113145
B2011583832090N12206456WA010770113206
B2011593832090N12206461WA010790113488
B2012003832091N12206466WA010810113729
B2012013832091N12206470WA010830114066
B2012023832087N12206474WA010850114152
B2012033832082N12206476WA010850114172
B2012043832077N12206477WA010850114158
B2012053832070N12206471WA010860114190
B2012063832067N12206464WA010870114501
B2012073832064N12206456WA010890114842
B2012083832063N12206447WA010910115196
B2012093832065N12206439WA010930115499
B2012103832068N12206433WA010960115784
B2012113832072N12206429WA010980115800
B2012123832076N12206426WA011000115907
B2012133832080N12206425WA011020116034
B2012143832084N12206425WA011040116114
B2012153832086N12206426WA011060116374
B2012163832088N12206430WA011080116687
B2012173832090N12206435WA011100116702
B2012183832090N12206440WA011100116856
B2012193832090N12206445WA011110116967
B2012203832090N12206451WA011120117240
B2012213832090N12206455WA011130117358
B2012223832091N12206460WA011140117348
B2012233832092N12206465WA011160117676
B2012243832094N12206469WA011190118135
B2012253832095N12206472WA011230118501
B2012263832095N12206474WA011270118867
B2012273832096N12206477WA011310119248
B2012283832097N12206481WA011340119392
B2012293832100N12206484WA011370119428
B2012303832101N12206488WA011390119698
B2012313832103N12206493WA011410119932
B2012323832104N12206497WA011440120241
B2012333832104N12206500WA011460120599
B2012343832105N12206505WA011490120661
B2012353832106N12206509WA011520121048
B2012363832107N12206513WA011560121203
B2012373832107N12206517WA011600121653
B2012383832108N12206521WA011620121814
B2012393832108N12206524WA011640122175
B2012403832110N12206527WA011650122209
B2012413832111N12206531WA011650122413
B2012423832112N12206535WA011660122571
B2012433832114N12206538WA011670122554
B2012443832115N12206541WA011680122679
B2012453832116N12206545WA011700122891
B2012463832117N12206548WA011720123093
B2012473832118N12206550WA011740123256
B2012483832119N12206553WA011770123511
B2012493832120N12206556WA011790123700
B2012503832120N12206559WA011810123850
B2012513832120N12206562WA011840124171
B2012523832121N12206565WA011860124224
B2012533832121N12206568WA011880124495
B2012543832123N12206570WA011900124609
B2012553832123N12206573WA011900124873
B2012563832124N12206576WA011900124923
B2012573832125N12206579WA011900124975
B2012583832127N12206584WA011890124835
B2012593832129N12206589WA011890124953
B2013003832132N12206594WA011900125005
B2013013832133N12206599WA011920125462
B2013023832134N12206602WA011950125976
B2013033832135N12206605WA011970126167
B2013043832136N12206609WA012000126243
B2013053832136N12206613WA012010126389
B2013063832137N12206619WA012020126285
B2013073832138N12206625WA012030126349
B2013083832139N12206631WA012040126557
B2013093832140N12206637WA012060126854
B2013103832141N12206642WA012100127233
B2013113832142N12206646WA012130127539
B2013123832144N12206651WA012150127708
B2013133832145N12206656WA012180127968
B2013143832147N12206662WA012200128155
B2013153832149N12206668WA012220128133
B2013163832151N12206673WA012230128348
B2013173832153N12206679WA012250128631
B2013183832155N12206684WA012280128830
B2013193832157N12206689WA012300129032
B2013203832159N12206694WA012310129240
B2013213832162N12206699WA012330129221
B2013223832164N12206704WA012350129421
B2013233832166N12206709WA012370129545
B2013243832169N12206712WA012390129759
B2013253832172N12206716WA012410129872
B2013263832176N12206718WA012410130095
B2013273832181N12206719WA012430130260
B2013283832186N12206716WA012440130366
B2013293832191N12206712WA012440130324
B2013303832195N12206705WA012440130326
B2013313832197N12206697WA012440130491
B2013323832198N12206688WA012450130513
B2013333832196N12206680WA012460130631
B2013343832193N12206672WA012480130640
B2013353832190N12206664WA012500130947
B2013363832187N12206658WA012530131333
B2013373832184N12206652WA012560131845
B2013383832181N12206647WA012590132032
B2013393832177N12206642WA012620132229
B2013403832172N12206638WA012650132342
B2013413832167N12206634WA012660132511
B2013423832161N12206631WA012680132760
B2013433832155N12206629WA012700132989
B2013443832150N12206631WA012710133177
B2013453832146N12206635WA012720133257
B2013463832143N12206640WA012730133367
B2013473832142N12206645WA012740133357
B2013483832145N12206651WA012750133420
B2013493832148N12206655WA012760133475
B2013503832152N12206657WA012770133635
B2013513832156N12206657WA012780133780
B2013523832162N12206655WA012790133811
B2013533832166N12206652WA012800133984
B2013543832169N12206643WA012820134054
B2013553832171N12206635WA012840134205
B2013563832170N12206627WA012850134412
B2013573832167N12206618WA012860134519
B2013583832162N12206612WA012880134793
B2013593832157N12206607WA012900134954
B2014003832151N12206604WA012910135087
B2014013832146N12206604WA012930135100
B2014023832140N12206604WA012950135477
B2014033832136N12206607WA012960135677
B2014043832133N12206612WA012970135792
B2014053832132N12206617WA012980135864
B2014063832133N12206622WA012980135906
B2014073832134N12206626WA012990136035
B2014083832137N12206629WA012990136103
B2014093832140N12206631WA013000136259
B2014103832143N12206635WA013010136380
B2014113832146N12206638WA013020136478
B2014123832148N12206643WA013040136675
B2014133832150N12206647WA013050136945
B2014143832153N12206650WA013070137003
B2014153832156N12206650WA013090137179
B2014163832160N12206648WA013080137199
B2014173832164N12206643WA013080137273
B2014183832167N12206636WA013070137210
B2014193832167N12206628WA013080137376
B2014203832166N12206621WA013080137201
B2014213832162N12206613WA013080137319
B2014223832157N12206607WA013090137127
B2014233832151N12206602WA013090137295
B2014243832146N12206599WA013100137259
B2014253832141N12206599WA013120137402
B2014263832135N12206599WA013140137551
B2014273832131N12206601WA013160137812
B2014283832127N12206603WA013180137936
B2014293832124N12206608WA013190138041
B2014303832122N12206613WA013200137956
B2014313832121N12206619WA013200137911
B2014323832121N12206625WA013210138000
B2014333832123N12206630WA013210137914
B2014343832127N12206633WA013210138106
B2014353832131N12206635WA013220138125
B2014363832135N12206636WA013230138275
B2014373832140N12206637WA013230138342
B2014383832144N12206638WA013230138483
B2014393832149N12206639WA013230138444
B2014403832154N12206640WA013230138532
B2014413832159N12206641WA013220138356
B2014423832164N12206643WA013210138262
B2014433832169N12206644WA013210138241
B2014443832174N12206644WA013200138317
B2014453832178N12206645WA013190138256
B2014463832182N12206646WA013180138194
B2014473832187N12206648WA013160137981
B2014483832193N12206650WA013130137572
B2014493832199N12206653WA013110137190
B2014503832206N12206655WA013080136988
B2014513832213N12206658WA013060136663
B2014523832220N12206659WA013040136508
B2014533832226N12206661WA013020136524
B2014543832231N12206663WA013010136593
B2014553832237N12206664WA013010136438
B2014563832242N12206666WA012990136298
B2014573832249N12206668WA012980136018
B2014583832255N12206670WA012950135835
B2014593832261N12206672WA012930135675
B2015003832267N12206674WA012910135483
B2015013832274N12206675WA012890135304
B2015023832279N12206676WA012870135389
B2015033832285N12206678WA012850135147
B2015043832291N12206679WA012840134948
B2015053832297N12206681WA012820134747
B2015063832303N12206683WA012810134603
B2015073832309N12206685WA012800134314
B2015083832315N12206687WA012780134232
B2015093832321N12206688WA012770134128
B2015103832326N12206690WA012760134166
B2015113832332N12206692WA012740133937
B2015123832337N12206694WA012730133798
B2015133832343N12206697WA012710133580
B2015143832349N12206699WA012690133472
B2015153832356N12206700WA012680133209
B2015163832361N12206703WA012660133094
B2015173832367N12206705WA012650132986
B2015183832373N12206707WA012640132767
B2015193832379N12206709WA012630132639
B2015203832385N12206712WA012610132410
B2015213832391N12206714WA012600132312
B2015223832397N12206716WA012580132107
B2015233832403N12206718WA012570131919
B2015243832409N12206720WA012550131839
B2015253832415N12206723WA012530131723
B2015263832421N12206725WA012520131504
B2015273832427N12206727WA012490131381
B2015283832434N12206728WA012470131098
B2015293832442N12206730WA012450130733
B2015303832449N12206731WA012420130598
B2015313832457N12206733WA012400130434
B2015323832464N12206735WA012390130331
B2015333832471N12206736WA012390130208
B2015343832477N12206738WA012380130085
B2015353832484N12206739WA012370129858
B2015363832491N12206740WA012350129648
B2015373832498N12206742WA012320129342
B2015383832505N12206742WA012290129079
B2015393832513N12206743WA012260128745
B2015403832520N12206744WA012240128575
B2015413832527N12206745WA012210128274
B2015423832534N12206746WA012180128088
B2015433832541N12206748WA012160127793
B2015443832549N12206749WA012130127502
B2015453832556N12206750WA012100127207
B2015463832562N12206752WA012080126981
B2015473832570N12206753WA012060126605
B2015483832577N12206755WA012040126402
B2015493832583N12206756WA012020126383
B2015503832590N12206757WA012010126064
B2015513832597N12206758WA011990125947
B2015523832604N12206759WA011970125668
B2015533832611N12206760WA011950125498
B2015543832619N12206761WA011920125248
B2015553832627N12206762WA011900125106
B2015563832634N12206763WA011880124851
B2015573832641N12206763WA011850124697
B2015583832649N12206764WA011840124435
B2015593832656N12206765WA011830124260
B2016003832663N12206765WA011820124098
B2016013832671N12206766WA011810124020
B2016023832677N12206767WA011810123992
B2016033832684N12206768WA011810123914
B2016043832689N12206769WA011810124097
B2016053832695N12206771WA011810123971
B2016063832701N12206772WA011800123864
B2016073832707N12206773WA011780123699
B2016083832714N12206775WA011760123531
B2016093832720N12206776WA011740123371
B2016103832727N12206777WA011720123124
B2016113832734N12206778WA011690122838
B2016123832741N12206780WA011660122448
B2016133832749N12206782WA011630122219
B2016143832757N12206784WA011610122007
B2016153832764N12206786WA011590121832
B2016163832771N12206787WA011590121834
B2016173832778N12206788WA011590121900
B2016183832784N12206788WA011590121902
B2016193832789N12206788WA011590122055
B2016203832794N12206789WA011580122093
B2016213832800N12206790WA011580121943
B2016223832806N12206791WA011570121831
B2016233832811N12206791WA011560121677
B2016243832817N12206792WA011550121534
B2016253832822N12206793WA011540121440
B2016263832827N12206793WA011520121378
B2016273832833N12206794WA011520121216
B2016283832838N12206795WA011500121149
B2016293832844N12206797WA011490121026
B2016303832850N12206799WA011480120903
B2016313832856N12206800WA011470120806
B2016323832861N12206801WA011460120769
B2016333832867N12206802WA011460120536
B2016343832873N12206803WA011450120424
B2016353832879N12206804WA011430120322
B2016363832885N12206804WA011420120225
B2016373832891N12206805WA011410120240
B2016383832897N12206805WA011410120146
B2016393832903N12206805WA011400120104
B2016403832908N12206805WA011400120071
B2016413832914N12206805WA011390119842
B2016423832920N12206805WA011370119738
B2016433832926N12206807WA011350119572
B2016443832933N12206809WA011320119340
B2016453832940N12206809WA011290119008
B2016463832946N12206811WA011250118858
B2016473832952N12206813WA011220118694
B2016483832959N12206813WA011200118429
B2016493832965N12206815WA011170118185
B2016503832972N12206817WA011150117936
B2016513832978N12206819WA011130117879
B2016523832984N12206821WA011100117455
B2016533832990N12206824WA011070117050
B2016543832996N12206826WA011040116759
B2016553833002N12206829WA011010116396
B2016563833008N12206832WA010980116094
B2016573833014N12206836WA010960115764
B2016583833019N12206840WA010930115585
B2016593833025N12206844WA010900115306
B2017003833030N12206848WA010870115047
B2017013833035N12206852WA010850114747
B2017023833040N12206857WA010820114475
B2017033833045N12206862WA010810114274
B2017043833051N12206867WA010800113924
B2017053833056N12206871WA010790113706
B2017063833061N12206875WA010760113595
B2017073833067N12206880WA010740113152
B2017083833073N12206885WA010720112806
B2017093833078N12206891WA010690112541
B2017103833084N12206896WA010660112212
B2017113833089N12206901WA010630112075
B2017123833094N12206907WA010610111891
B2017133833099N12206913WA010600111791
B2017143833104N12206918WA010590111654
B2017153833110N12206923WA010570111407
B2017163833115N12206929WA010550111309
B2017173833120N12206934WA010530111196
B2017183833126N12206939WA010510110868
B2017193833132N12206944WA010480110730
B2017203833137N12206948WA010460110519
B2017213833142N12206954WA010430110211
B2017223833147N12206960WA010410109903
B2017233833151N12206966WA010380109799
B2017243833157N12206972WA010350109515
B2017253833162N12206978WA010320109392
B2017263833169N12206983WA010290109006
B2017273833175N12206988WA010260108804
B2017283833181N12206992WA010240108309
B2017293833187N12206997WA010230108049
B2017303833194N12207002WA010210107932
B2017313833201N12207007WA010200107700
B2017323833207N12207011WA010180107582
B2017333833214N12207015WA010170107442
B2017343833221N12207019WA010160107203
B2017353833227N12207023WA010150107181
B2017363833234N12207027WA010140107036
B2017373833241N12207031WA010130106901
B2017383833247N12207036WA010120106653
B2017393833254N12207041WA010100106546
B2017403833261N12207046WA010080106435
B2017413833268N12207051WA010070106422
B2017423833274N12207055WA010060106354
B2017433833280N12207059WA010050106269
B2017443833286N12207064WA010040106250
B2017453833292N12207068WA010030106114
B2017463833298N12207072WA010010106039
B2017473833304N12207077WA009990105875
B2017483833311N12207081WA009970105742
B2017493833318N12207085WA009960105531
B2017503833324N12207088WA009950105493
B2017513833331N12207091WA009950105435
B2017523833337N12207095WA009950105470
B2017533833344N12207098WA009940105314
B2017543833350N12207101WA009940105357
B2017553833357N12207105WA009930105215
B2017563833363N12207109WA009920105150
B2017573833369N12207112WA009910105191
B2017583833375N12207114WA009900105155
B2017593833381N12207117WA009890104972
B2018003833388N12207119WA009870104817
B2018013833394N12207122WA009850104862
B2018023833401N12207124WA009830104417
B2018033833408N12207128WA009810104221
B2018043833415N12207129WA009790104188
B2018053833422N12207132WA009780104070
B2018063833429N12207133WA009780104071
B2018073833435N12207134WA009770103872
B2018083833442N12207136WA009770103704
B2018093833448N12207138WA009760103428
B2018103833454N12207140WA009750103388
B2018113833462N12207142WA009730103116
B2018123833469N12207143WA009720103136
B2018133833476N12207144WA009720103077
B2018143833484N12207145WA009720103138
B2018153833490N12207145WA009720103238
B2018163833495N12207145WA009730103350
B2018173833500N12207143WA009740103328
B2018183833505N12207143WA009750103400
B2018193833510N12207142WA009760103349
B2018203833515N12207142WA009770103443
B2018213833520N12207141WA009780103507
B2018223833524N12207141WA009790103671
B2018233833529N12207139WA009800103780
B2018243833534N12207134WA009800103856
B2018253833537N12207128WA009800103841
B2018263833539N12207120WA009800103894
B2018273833537N12207114WA009800103803
B2018283833534N12207109WA009810103922
B2018293833529N12207105WA009820104195
B2018303833525N12207103WA009830104307
B2018313833520N12207105WA009840104401
B2018323833516N12207107WA009860104503
B2018333833514N12207112WA009880104507
B2018343833511N12207117WA009900104398
B2018353833511N12207122WA009920104495
B2018363833512N12207127WA009930104792
B2018373833514N12207131WA009940104957
B2018383833517N12207134WA009940104997
B2018393833523N12207136WA009930104905
B2018403833529N12207135WA009920104829
B2018413833535N12207132WA009910104668
B2018423833539N12207126WA009900104753
B2018433833542N12207119WA009900104706
B2018443833542N12207112WA009910104849
B2018453833542N12207106WA009910104854
B2018463833539N12207102WA009920104882
B2018473833536N12207098WA009930104926
B2018483833532N12207096WA009930105044
B2018493833527N12207096WA009940105057
B2018503833523N12207095WA009950105177
B2018513833520N12207095WA009960105321
B2018523833517N12207094WA009980105604
B2018533833513N12207094WA009990105789
B2018543833510N12207097WA009980105662
B2018553833508N12207101WA009980105518
B2018563833507N12207108WA009970105583
B2018573833509N12207114WA009970105557
B2018583833513N12207119WA009970105590
B2018593833518N12207122WA009960105496
B2019003833525N12207121WA009960105458
B2019013833531N12207120WA009960105301
B2019023833535N12207117WA009960105392
B2019033833540N12207112WA009960105336
B2019043833544N12207106WA009960105354
B2019053833547N12207099WA009960105425
B2019063833548N12207093WA009960105435
B2019073833547N12207087WA009970105517
B2019083833545N12207082WA009970105336
B2019093833542N12207078WA009970105240
B2019103833538N12207074WA009960105251
B2019113833534N12207070WA009950105167
B2019123833530N12207069WA009950105142
B2019133833526N12207073WA009950105177
B2019143833524N12207079WA009950105176
B2019153833524N12207086WA009940104979
B2019163833526N12207093WA009940105086
B2019173833531N12207098WA009940104946
B2019183833537N12207101WA009940105009
B2019193833542N12207104WA009940105156
B2019203833547N12207106WA009940105258
B2019213833552N12207109WA009940105235
B2019223833557N12207112WA009940105148
B2019233833562N12207116WA009940105147
B2019243833567N12207120WA009940105080
B2019253833572N12207123WA009940105096
B2019263833578N12207127WA009940105002
B2019273833582N12207131WA009940105160
B2019283833587N12207134WA009930105007
B2019293833592N12207138WA009910104808
B2019303833597N12207142WA009890104650
B2019313833602N12207144WA009860104348
B2019323833608N12207146WA009820103955
B2019333833614N12207148WA009780103692
B2019343833621N12207150WA009730103176
B2019353833628N12207154WA009690102770
B2019363833635N12207157WA009650102494
B2019373833642N12207160WA009610102067
B2019383833649N12207164WA009580101770
B2019393833656N12207167WA009550101575
B2019403833662N12207170WA009530101381
B2019413833669N12207173WA009510101164
B2019423833676N12207176WA009490100792
B2019433833683N12207180WA009460100587
B2019443833690N12207185WA009440100372
B2019453833696N12207188WA009420100296
B2019463833703N12207190WA009400100149
B2019473833710N12207193WA009390099907
B2019483833716N12207196WA009370099789
B2019493833723N12207200WA009340099446
B2019503833730N12207204WA009310099182
B2019513833738N12207207WA009290098848
B2019523833746N12207210WA009270098717
B2019533833753N12207213WA009270098690
B2019543833760N12207215WA009270098699
B2019553833768N12207218WA009280098721
B2019563833774N12207220WA009280098609
B2019573833779N12207223WA009290098716
B2019583833784N12207226WA009310098729
B2019593833789N12207229WA009320098899
B2020003833795N12207232WA009330099086
B2020013833801N12207235WA009340099028
B2020023833806N12207238WA009340099059
B2020033833811N12207241WA009340099072
B2020043833817N12207243WA009340099106
B2020053833822N12207245WA009330099051
B2020063833828N12207246WA009330099042
B2020073833834N12207246WA009340099119
B2020083833839N12207246WA009340099208
B2020093833843N12207246WA009350099338
B2020103833847N12207247WA009350099330
B2020113833851N12207248WA009350099287
B2020123833855N12207252WA009340099127
B2020133833858N12207257WA009340098804
B2020143833859N12207263WA009330098622
B2020153833857N12207269WA009330098633
B2020163833854N12207273WA009330098711
B2020173833846N12207272WA009340098861
B2020183833841N12207271WA009360099229
B2020193833836N12207270WA009390099652
B2020203833833N12207267WA009410099930
B2020213833830N12207262WA009440100229
B2020223833828N12207258WA009450100245
B2020233833826N12207249WA009450100157
B2020243833826N12207240WA009440100115
B2020253833826N12207231WA009440100185
B2020263833828N12207224WA009430100103
B2020273833830N12207218WA009430100142
B2020283833838N12207217WA009430100109
B2020293833844N12207218WA009420100124
B2020303833849N12207220WA009420099953
B2020313833854N12207224WA009410099920
B2020323833856N12207229WA009410099973
B2020333833855N12207234WA009410099915
B2020343833852N12207239WA009410099836
B2020353833848N12207242WA009420099878
B2020363833845N12207244WA009420099875
B2020373833842N12207247WA009430099804
B2020383833839N12207248WA009440100044
B2020393833837N12207249WA009450100038
B2020403833833N12207249WA009450100127
B2020413833829N12207248WA009450100267
B2020423833825N12207243WA009440100307
B2020433833822N12207236WA009440100359
B2020443833820N12207230WA009440100185
B2020453833822N12207221WA009430100214
B2020463833824N12207213WA009430100086
B2020473833831N12207208WA009430099903
B2020483833835N12207206WA009430099961
B2020493833840N12207204WA009420099956
B2020503833845N12207204WA009420099753
B2020513833851N12207204WA009420099719
B2020523833857N12207205WA009420099662
B2020533833864N12207205WA009420099515
B2020543833870N12207205WA009420099562
B2020553833876N12207204WA009430099729
B2020563833882N12207204WA009430099852
B2020573833889N12207203WA009440099923
B2020583833895N12207202WA009450100084
B2020593833902N12207201WA009460100111
B2021003833908N12207198WA009480100368
B2021013833913N12207194WA009500100675
B2021023833917N12207188WA009530100913
B2021033833919N12207180WA009550101209
B2021043833918N12207172WA009580101402
B2021053833915N12207164WA009600101412
B2021063833911N12207157WA009630101624
B2021073833905N12207157WA009650101705
B2021083833900N12207160WA009670101916
B2021093833897N12207164WA009690102011
B2021103833896N12207169WA009710102140
B2021113833898N12207173WA009710102422
B2021123833901N12207176WA009720102698
B2021133833907N12207178WA009720102674
B2021143833914N12207178WA009720102713
B2021153833921N12207176WA009720102633
B2021163833927N12207172WA009740102787
B2021173833931N12207166WA009760102863
B2021183833933N12207158WA009790103006
B2021193833932N12207151WA009820103221
B2021203833928N12207143WA009850103455
B2021213833923N12207138WA009870103501
B2021223833916N12207135WA009890103895
B2021233833911N12207137WA009910104130
B2021243833907N12207141WA009930104285
B2021253833905N12207146WA009950104527
B2021263833907N12207152WA009960104661
B2021273833911N12207156WA009960104932
B2021283833916N12207159WA009960105123
B2021293833922N12207160WA009970105282
B2021303833929N12207160WA009970105413
B2021313833935N12207158WA009980105570
B2021323833941N12207154WA009990105451
B2021333833947N12207148WA010000105514
B2021343833950N12207141WA010020105861
B2021353833952N12207132WA010040106068
B2021363833952N12207123WA010070106174
B2021373833950N12207115WA010100106476
B2021383833946N12207109WA010120106500
B2021393833940N12207103WA010140106759
B2021403833934N12207100WA010160106869
B2021413833928N12207099WA010180107083
B2021423833924N12207100WA010210107200
B2021433833919N12207103WA010230107484
B2021443833916N12207107WA010250107592
B2021453833913N12207110WA010270107899
B2021463833912N12207114WA010280107925
B2021473833912N12207119WA010280108064
B2021483833915N12207125WA010280108012
B2021493833920N12207129WA010280107846
B2021503833926N12207131WA010270107894
B2021513833934N12207128WA010260107800
B2021523833939N12207121WA010270107879
B2021533833944N12207115WA010280107955
B2021543833948N12207108WA010290108126
B2021553833950N12207101WA010310108372
B2021563833952N12207094WA010340108651
B2021573833951N12207086WA010360108853
B2021583833950N12207078WA010370109084
B2021593833945N12207072WA010390109260
B2022003833940N12207066WA010400109237
B2022013833934N12207062WA010410109392
B2022023833928N12207064WA010420109497
B2022033833923N12207067WA010440109683
B2022043833919N12207070WA010460109836
B2022053833919N12207076WA010490109946
B2022063833920N12207082WA010510110214
B2022073833922N12207086WA010510110086
B2022083833927N12207089WA010510110131
B2022093833933N12207090WA010510110228
B2022103833938N12207091WA010520110470
B2022113833944N12207088WA010530110587
B2022123833950N12207084WA010540110748
B2022133833956N12207079WA010560110806
B2022143833960N12207073WA010590111072
B2022153833964N12207065WA010610111205
B2022163833964N12207055WA010640111369
B2022173833962N12207046WA010650111489
B2022183833959N12207038WA010650111426
B2022193833953N12207033WA010650111451
B2022203833947N12207030WA010660111740
B2022213833941N12207030WA010670112098
B2022223833938N12207034WA010700112331
B2022233833936N12207038WA010730112642
B2022243833935N12207043WA010760112881
B2022253833936N12207047WA010790113196
B2022263833939N12207051WA010810113545
B2022273833941N12207055WA010830113695
B2022283833945N12207057WA010830113855
B2022293833949N12207061WA010830113806
B2022303833952N12207066WA010830113994
B2022313833957N12207071WA010840113932
B2022323833962N12207075WA010850114112
B2022333833968N12207077WA010860114313
B2022343833974N12207076WA010870114522
B2022353833980N12207074WA010880114660
B2022363833987N12207070WA010900114701
B2022373833992N12207064WA010910114990
B2022383833996N12207055WA010930115075
B2022393833999N12207046WA010940115079
B2022403833998N12207037WA010960114985
B2022413833996N12207029WA010990115054
B2022423833993N12207023WA011010115534
B2022433833989N12207018WA011040115998
B2022443833986N12207017WA011080116213
B2022453833982N12207017WA011110116533
B2022463833978N12207018WA011140116748
B2022473833975N12207022WA011160117089
B2022483833973N12207027WA011180117371
B2022493833973N12207031WA011190117313
B2022503833973N12207035WA011200117509
B2022513833977N12207040WA011210117759
B2022523833982N12207044WA011220117857
B2022533833988N12207046WA011230117936
B2022543833995N12207044WA011230117996
B2022553834003N12207040WA011240117958
B2022563834010N12207035WA011250117935
B2022573834015N12207027WA011270118013
B2022583834018N12207018WA011290118375
B2022593834019N12207008WA011310118566
B2023003834020N12206998WA011330118818
B2023013834018N12206990WA011350118914
B2023023834014N12206982WA011370119199
B2023033834010N12206977WA011390119247
B2023043834005N12206978WA011420119292
B2023053834001N12206979WA011450119561
B2023063833998N12206982WA011470119843
B2023073833997N12206987WA011500120081
B2023083834000N12206992WA011510120111
B2023093834002N12206997WA011520120342
B2023103834009N12206998WA011530120515
B2023113834016N12206998WA011550120644
B2023123834023N12206995WA011560120865
B2023133834030N12206989WA011580120912
B2023143834036N12206981WA011600121122
B2023153834039N12206971WA011620121411
B2023163834040N12206961WA011640121650
B2023173834039N12206951WA011660121993
B2023183834037N12206943WA011690122180
B2023193834035N12206936WA011720122517
B2023203834032N12206933WA011750122920
B2023213834028N12206931WA011780123412
B2023223834024N12206931WA011800123606
B2023233834021N12206935WA011830123910
B2023243834020N12206939WA011860124154
B2023253834022N12206944WA011890124446
B2023263834027N12206948WA011900124604
B2023273834032N12206950WA011920124892
B2023283834039N12206949WA011940125093
B2023293834046N12206944WA011960125177
B2023303834053N12206938WA011980125200
B2023313834058N12206929WA011990125415
B2023323834061N12206919WA012010125639
B2023333834063N12206909WA012030125848
B2023343834064N12206899WA012040126168
B2023353834063N12206891WA012060126420
B2023363834060N12206883WA012080126526
B2023373834056N12206875WA012100126659
B2023383834051N12206872WA012110126734
B2023393834046N12206870WA012130127042
B2023403834042N12206869WA012160127415
B2023413834038N12206869WA012190127745
B2023423834035N12206871WA012220128136
B2023433834033N12206874WA012250128335
B2023443834032N12206879WA012280128611
B2023453834032N12206884WA012310128645
B2023463834034N12206890WA012340128846
B2023473834037N12206895WA012360129023
B2023483834041N12206899WA012380129235
B2023493834048N12206897WA012410129479
B2023503834055N12206897WA012430129666
B2023513834062N12206891WA012460129758
B2023523834067N12206885WA012480129880
B2023533834072N12206875WA012490129917
B2023543834075N12206865WA012500130239
B2023553834076N12206855WA012510130432
B2023563834075N12206845WA012520130598
B2023573834072N12206838WA012540130775
B2023583834069N12206834WA012550130932
B2023593834064N12206832WA012570131162
B2024003834059N12206832WA012580131217
B2024013834055N12206834WA012600131311
B2024023834051N12206836WA012630131871
B2024033834049N12206839WA012650132253
B2024043834049N12206842WA012680132528
B2024053834050N12206847WA012710132813
B2024063834051N12206852WA012740133132
B2024073834056N12206857WA012770133282
B2024083834062N12206860WA012790133473
B2024093834069N12206861WA012820133931
B2024103834075N12206861WA012850134387
B2024113834082N12206858WA012870134522
B2024123834088N12206853WA012890134571
B2024133834094N12206846WA012900134711
B2024143834098N12206838WA012910134912
B2024153834100N12206829WA012910135067
B2024163834100N12206820WA012920135191
B2024173834098N12206810WA012930135297
B2024183834095N12206803WA012940135399
B2024193834091N12206799WA012950135539
B2024203834087N12206799WA012970135611
B2024213834083N12206799WA012990135735
B2024223834080N12206802WA013020136083
B2024233834079N12206805WA013040136303
B2024243834077N12206809WA013070136594
B2024253834077N12206813WA013090136827
B2024263834076N12206818WA013110137143
B2024273834076N12206823WA013140137346
B2024283834078N12206828WA013160137620
B2024293834081N12206831WA013180137883
B2024303834087N12206832WA013180137987
B2024313834095N12206832WA013170137802
B2024323834103N12206828WA013180137913
B2024333834110N12206822WA013180137738
B2024343834116N12206816WA013200138016
B2024353834119N12206809WA013210138191
B2024363834122N12206800WA013230138244
B2024373834123N12206791WA013240138590
B2024383834123N12206781WA013240138789
B2024393834121N12206773WA013250138848
B2024403834118N12206768WA013260138800
B2024413834113N12206763WA013270138999
B2024423834109N12206764WA013280139069
B2024433834106N12206766WA013290139028
B2024443834104N12206770WA013300139106
B2024453834103N12206774WA013310139239
B2024463834103N12206779WA013320139359
B2024473834105N12206785WA013330139321
B2024483834107N12206788WA013340139529
B2024493834111N12206792WA013350139701
B2024503834115N12206794WA013360139859
B2024513834119N12206796WA013360139993
B2024523834126N12206795WA013360139989
B2024533834134N12206794WA013360139908
B2024543834141N12206790WA013360139808
B2024553834146N12206784WA013360139767
B2024563834150N12206776WA013370139959
B2024573834152N12206767WA013370139948
B2024583834152N12206759WA013360139953
B2024593834151N12206751WA013360140011
B2025003834149N12206743WA013350139955
B2025013834144N12206739WA013350139856
B2025023834140N12206737WA013340139810
B2025033834136N12206737WA013340139930
B2025043834133N12206739WA013340139928
B2025053834131N12206742WA013340139868
B2025063834128N12206748WA013330139802
B2025073834125N12206752WA013320139859
B2025083834122N12206756WA013320139976
B2025093834120N12206760WA013330139820
B2025103834118N12206763WA013330139911
B2025113834115N12206767WA013330139862
B2025123834112N12206770WA013330139885
B2025133834110N12206773WA013330139809
B2025143834107N12206777WA013320139832
B2025153834105N12206780WA013320139804
B2025163834102N12206784WA013320139970
B2025173834100N12206787WA013310139742
B2025183834098N12206791WA013310139641
B2025193834096N12206794WA013300139368
B2025203834096N12206800WA013280139003
B2025213834095N12206804WA013270139048
B2025223834095N12206809WA013260138945
B2025233834096N12206814WA013250138958
B2025243834098N12206820WA013240138853
B2025253834101N12206826WA013220138864
B2025263834105N12206831WA013200138689
B2025273834110N12206837WA013180138582
B2025283834115N12206842WA013170138489
B2025293834120N12206847WA013150138267
B2025303834125N12206852WA013130138005
B2025313834130N12206857WA013110137744
B2025323834136N12206862WA013090137309
B2025333834143N12206870WA013060137205
B2025343834150N12206876WA013030136932
B2025353834157N12206882WA013010136718
B2025363834163N12206887WA013020136786
B2025373834168N12206891WA013040136670
B2025383834173N12206895WA013050136952
B2025393834178N12206898WA013070137168
B2025403834184N12206902WA013110137415
B2025413834189N12206905WA013140137760
B2025423834194N12206906WA013180138354
B2025433834197N12206908WA013220138861
B2025443834200N12206909WA013250139017
B2025453834198N12206914WA013250139183
B2025463834195N12206918WA013250138981
B2025473834192N12206919WA013240138805
B2025483834187N12206918WA013240138893
B2025493834184N12206913WA013260138934
B2025503834181N12206908WA013280139167
B2025513834179N12206904WA013310139515
B2025523834177N12206899WA013340139500
B2025533834174N12206892WA013380139789
B2025543834172N12206886WA013410139847
B2025553834168N12206886WA013450139969
B2025563834166N12206889WA013470140004
B2025573834164N12206891WA013470140119
B2025583834164N12206900WA013460140140
B2025593834166N12206907WA013470140353
B2026003834171N12206914WA013480140640
B2026013834176N12206918WA013500141048
B2026023834182N12206921WA013530141242
B2026033834189N12206918WA013550141470
B2026043834196N12206915WA013580141527
B2026053834202N12206911WA013600141656
B2026063834208N12206907WA013620141730
B2026073834213N12206900WA013640141964
B2026083834217N12206891WA013650142138
B2026093834219N12206881WA013660142285
B2026103834220N12206872WA013670142531
B2026113834217N12206864WA013690142428
B2026123834213N12206858WA013710142799
B2026133834209N12206861WA013730142771
B2026143834205N12206863WA013750142897
B2026153834203N12206868WA013770142974
B2026163834203N12206873WA013790143189
B2026173834205N12206879WA013800143262
B2026183834210N12206883WA013810143424
B2026193834215N12206886WA013820143828
B2026203834220N12206889WA013830144152
B2026213834227N12206889WA013850144364
B2026223834234N12206887WA013860144565
B2026233834241N12206883WA013880144798
B2026243834248N12206878WA013900144936
B2026253834253N12206871WA013920145139
B2026263834257N12206864WA013930144990
B2026273834258N12206855WA013950145030
B2026283834258N12206846WA013970145217
B2026293834257N12206839WA013980145505
B2026303834255N12206833WA013990145718
B2026313834252N12206829WA013990145969
B2026323834249N12206828WA014000146046
B2026333834246N12206830WA013990146037
B2026343834243N12206833WA013990146016
B2026353834241N12206838WA013980146199
B2026363834239N12206843WA013980146284
B2026373834239N12206847WA013990146203
B2026383834238N12206851WA014000146528
B2026393834237N12206855WA014010146734
B2026403834237N12206860WA014010146620
B2026413834238N12206866WA014020146601
B2026423834240N12206872WA014020146699
B2026433834244N12206879WA014020146786
B2026443834250N12206885WA014020146724
B2026453834256N12206889WA014020146737
B2026463834263N12206892WA014020146769
B2026473834270N12206895WA014030146889
B2026483834277N12206897WA014030146879
B2026493834285N12206899WA014030146814
B2026503834293N12206900WA014030146826
B2026513834302N12206902WA014020146416
B2026523834311N12206905WA014000146287
B2026533834321N12206908WA013980146119
B2026543834330N12206912WA013970146103
B2026553834338N12206916WA013960146212
B2026563834345N12206921WA013970146281
B2026573834353N12206926WA013960146230
B2026583834360N12206931WA013960146063
B2026593834367N12206935WA013950145966
B2027003834374N12206939WA013940145964
B2027013834381N12206943WA013920145784
B2027023834390N12206947WA013900145324
B2027033834399N12206952WA013860144932
B2027043834408N12206957WA013810144468
B2027053834417N12206963WA013760143983
B2027063834426N12206968WA013710143726
B2027073834433N12206974WA013670143470
B2027083834440N12206979WA013640143212
B2027093834446N12206984WA013620142942
B2027103834452N12206989WA013590142691
B2027113834459N12206994WA013560142233
B2027123834465N12206999WA013520141888
B2027133834472N12207005WA013500141553
B2027143834479N12207010WA013480141342
B2027153834486N12207014WA013460141039
B2027163834492N12207020WA013440140860
B2027173834499N12207024WA013410140417
B2027183834505N12207029WA013380140230
B2027193834511N12207033WA013350139931
B2027203834517N12207036WA013330139836
B2027213834523N12207039WA013330139717
B2027223834528N12207043WA013330139625
B2027233834533N12207047WA013320139527
B2027243834538N12207052WA013310139306
B2027253834542N12207057WA013280139095
B2027263834548N12207062WA013250138723
B2027273834554N12207067WA013210138333
B2027283834560N12207072WA013180137991
B2027293834567N12207076WA013150137742
B2027303834573N12207079WA013130137587
B2027313834579N12207083WA013100137478
B2027323834585N12207088WA013080137260
B2027333834591N12207092WA013040136924
B2027343834597N12207097WA013010136516
B2027353834603N12207102WA012970136118
B2027363834609N12207108WA012930135652
B2027373834615N12207113WA012890135196
B2027383834622N12207118WA012860134814
B2027393834628N12207122WA012830134567
B2027403834634N12207126WA012800134356
B2027413834639N12207130WA012770134097
B2027423834645N12207135WA012740133764
B2027433834651N12207140WA012720133421
B2027443834657N12207144WA012700133116
B2027453834663N12207148WA012680132948
B2027463834669N12207152WA012670132775
B2027473834675N12207155WA012660132648
B2027483834681N12207159WA012660132600
B2027493834686N12207162WA012660132647
B2027503834691N12207166WA012650132585
B2027513834697N12207170WA012640132432
B2027523834703N12207173WA012620132207
B2027533834708N12207177WA012610132161
B2027543834714N12207180WA012590131939
B2027553834719N12207184WA012570131776
B2027563834725N12207187WA012550131548
B2027573834731N12207191WA012520131253
B2027583834737N12207195WA012490131050
B2027593834744N12207198WA012470130806
B2028003834750N12207202WA012450130641
B2028013834756N12207205WA012440130684
B2028023834763N12207208WA012440130506
B2028033834769N12207211WA012440130556
B2028043834775N12207214WA012440130569
B2028053834781N12207217WA012430130315
B2028063834787N12207220WA012420130145
B2028073834793N12207223WA012400129986
B2028083834800N12207225WA012400129929
B2028093834806N12207228WA012400130185
B2028103834812N12207230WA012420130470
B2028113834817N12207230WA012440130755
B2028123834822N12207230WA012470131037
B2028133834826N12207230WA012490131333
B2028143834830N12207230WA012510131542
B2028153834835N12207230WA012530131530
B2028163834840N12207229WA012540131638
B2028173834845N12207229WA012550131797
B2028183834850N12207229WA012580132095
B2028193834855N12207228WA012610132473
B2028203834859N12207226WA012650132877
B2028213834863N12207226WA012680133156
B2028223834867N12207228WA012710133252
B2028233834871N12207232WA012720133342
B2028243834873N12207238WA012710133368
B2028253834873N12207246WA012720133453
B2028263834871N12207252WA012730133602
B2028273834866N12207255WA012750133935
B2028283834860N12207255WA012780134298
B2028293834856N12207253WA012810134415
B2028303834852N12207249WA012840134738
B2028313834851N12207242WA012870134841
B2028323834851N12207234WA012890135134
B2028333834852N12207226WA012920135268
B2028343834855N12207219WA012940135427
B2028353834858N12207213WA012970135874
B2028363834863N12207210WA013000136223
B2028373834868N12207209WA013020136438
B2028383834873N12207212WA013030136437
B2028393834877N12207217WA013030136528
B2028403834878N12207224WA013040136791
B2028413834877N12207229WA013050137099
B2028423834874N12207235WA013070137230
B2028433834869N12207237WA013090137415
B2028443834863N12207237WA013110137568
B2028453834858N12207235WA013140137790
B2028463834855N12207229WA013160138079
B2028473834853N12207223WA013180138381
B2028483834852N12207216WA013210138481
B2028493834853N12207209WA013230138750
B2028503834855N12207202WA013260138947
B2028513834858N12207197WA013280139389
B2028523834862N12207194WA013300139588
B2028533834867N12207193WA013310139551
B2028543834872N12207192WA013320139637
B2028553834877N12207194WA013330139634
B2028563834881N12207199WA013340139759
B2028573834884N12207206WA013350139712
B2028583834883N12207213WA013360139899
B2028593834881N12207219WA013380140075
B2029003834877N12207224WA013390140286
B2029013834873N12207228WA013410140459
B2029023834869N12207232WA013440140613
B2029033834865N12207235WA013460141066
B2029043834861N12207238WA013490141395
B2029053834857N12207240WA013510141593
B2029063834853N12207240WA013540141653
B2029073834849N12207237WA013530141601
B2029083834845N12207231WA013530141624
B2029093834842N12207224WA013520141681
B2029103834843N12207216WA013510141615
B2029113834845N12207210WA013520141665
B2029123834849N12207205WA013540141651
B2029133834854N12207201WA013550141726
B2029143834859N12207199WA013570141901
B2029153834864N12207199WA013590142034
B2029163834868N12207200WA013600142286
B2029173834873N12207203WA013620142471
B2029183834877N12207207WA013640142594
B2029193834880N12207213WA013650142790
B2029203834882N12207219WA013670142973
B2029213834882N12207226WA013690143072
B2029223834880N12207232WA013700143284
B2029233834877N12207235WA013710143307
B2029243834872N12207237WA013720143677
B2029253834868N12207238WA013730143810
B2029263834864N12207238WA013740143800
B2029273834859N12207234WA013740143885
B2029283834856N12207229WA013740143867
B2029293834854N12207223WA013740143913
B2029303834852N12207216WA013740143994
B2029313834852N12207209WA013750144060
B2029323834853N12207201WA013760144065
B2029333834856N12207195WA013760144202
B2029343834860N12207189WA013770144401
B2029353834864N12207183WA013780144459
B2029363834868N12207180WA013790144594
B2029373834873N12207177WA013810144863
B2029383834878N12207175WA013830144924
B2029393834883N12207174WA013840145006
B2029403834888N12207175WA013850145163
B2029413834893N12207177WA013860145189
B2029423834898N12207180WA013870145287
B2029433834902N12207185WA013880145392
B2029443834905N12207191WA013890145448
B2029453834906N12207198WA013900145565
B2029463834905N12207204WA013900145569
B2029473834903N12207211WA013910145600
B2029483834899N12207216WA013920145710
B2029493834895N12207220WA013930145802
B2029503834891N12207223WA013940146069
B2029513834888N12207227WA013950146106
B2029523834884N12207231WA013960146143
B2029533834879N12207234WA013960146167
B2029543834874N12207236WA013960146014
B2029553834868N12207236WA013950145935
B2029563834862N12207233WA013950145996
B2029573834858N12207228WA013940145816
B2029583834854N12207222WA013920145771
B2029593834852N12207215WA013910145683
B2030003834852N12207207WA013900145538
B2030013834854N12207200WA013880145444
B2030023834858N12207193WA013870145202
B2030033834863N12207188WA013860145070
B2030043834870N12207185WA013860145114
B2030053834876N12207185WA013870145345
B2030063834881N12207187WA013880145492
B2030073834886N12207190WA013900145663
B2030083834890N12207193WA013920145853
B2030093834894N12207196WA013930145956
B2030103834898N12207200WA013940145943
B2030113834902N12207204WA013940145986
B2030123834907N12207209WA013940145854
B2030133834912N12207214WA013930145814
B2030143834916N12207219WA013930145893
B2030153834922N12207223WA013920145803
B2030163834927N12207227WA013910145751
B2030173834933N12207230WA013900145559
B2030183834939N12207235WA013880145460
B2030193834945N12207239WA013870145363
B2030203834950N12207243WA013870145466
B2030213834955N12207248WA013860145432
B2030223834959N12207252WA013860145457
B2030233834964N12207257WA013850145233
B2030243834969N12207261WA013840145078
B2030253834975N12207266WA013820144756
B2030263834981N12207271WA013800144583
B2030273834988N12207275WA013780144504
B2030283834993N12207279WA013780144555
B2030293834998N12207283WA013780144583
B2030303835004N12207287WA013790144500
B2030313835009N12207290WA013790144509
B2030323835015N12207294WA013790144532
B2030333835021N12207297WA013790144567
B2030343835027N12207300WA013800144658
B2030353835033N12207304WA013800144620
B2030363835038N12207306WA013810144757
B2030373835044N12207309WA013810144803
B2030383835049N12207312WA013810144763
B2030393835055N12207315WA013810144697
B2030403835062N12207319WA013810144536
B2030413835068N12207323WA013810144562
B2030423835074N12207327WA013810144614
B2030433835078N12207331WA013810144795
B2030443835083N12207335WA013810144755
B2030453835088N12207339WA013800144626
B2030463835093N12207344WA013790144436
B2030473835099N12207349WA013780144206
B2030483835104N12207354WA013770144260
B2030493835109N12207357WA013770144288
B2030503835114N12207360WA013770144389
B2030513835119N12207363WA013770144329
B2030523835123N12207366WA013770144397
B2030533835128N12207369WA013760144271
B2030543835133N12207371WA013750144146
B2030553835138N12207374WA013740144023
B2030563835143N12207377WA013720143835
B2030573835148N12207380WA013710143627
B2030583835152N12207383WA013700143688
B2030593835156N12207386WA013710143693
B2031003835161N12207388WA013710143709
B2031013835164N12207391WA013710143877
B2031023835167N12207395WA013720143971
B2031033835170N12207397WA013730143959
B2031043835173N12207400WA013730144015
B2031053835176N12207403WA013730144020
B2031063835180N12207405WA013730144009
B2031073835184N12207408WA013730143936
B2031083835188N12207411WA013720143944
B2031093835192N12207413WA013720143998
B2031103835197N12207416WA013720143952
B2031113835201N12207418WA013720144070
B2031123835206N12207419WA013720144014
B2031133835210N12207421WA013730144058
B2031143835214N12207424WA013730144140
B2031153835218N12207426WA013740144114
B2031163835221N12207428WA013750144255
B2031173835225N12207430WA013760144247
B2031183835229N12207432WA013770144396
B2031193835234N12207434WA013780144347
B2031203835239N12207436WA013780144329
B2031213835243N12207438WA013790144462
B2031223835248N12207438WA013800144424
B2031233835251N12207438WA013810144594
B2031243835255N12207438WA013820144702
B2031253835258N12207437WA013820144848
B2031263835262N12207438WA013810144963
B2031273835266N12207439WA013800144789
B2031283835270N12207441WA013790144691
B2031293835275N12207442WA013780144494
B2031303835280N12207443WA013770144408
B2031313835284N12207445WA013760144305
B2031323835288N12207447WA013750144206
B2031333835291N12207450WA013750144164
B2031343835295N12207453WA013750144151
B2031353835299N12207455WA013750144025
B2031363835303N12207458WA013740143923
B2031373835307N12207461WA013730143844
B2031383835311N12207465WA013730143731
B2031393835314N12207468WA013720143873
B2031403835317N12207470WA013720143887
B2031413835321N12207473WA013710143702
B2031423835324N12207475WA013710143637
B2031433835328N12207478WA013690143490
B2031443835333N12207481WA013680143254
B2031453835338N12207484WA013650143056
B2031463835344N12207488WA013620142605
B2031473835349N12207492WA013600142434
B2031483835354N12207495WA013570142372
B2031493835359N12207498WA013550142136
B2031503835363N12207501WA013550142047
B2031513835367N12207506WA013550141831
B2031523835371N12207510WA013550141889
B2031533835376N12207515WA013550141912
B2031543835380N12207519WA013560142020
B2031553835384N12207522WA013560142050
B2031563835388N12207526WA013560141971
B2031573835393N12207530WA013560141922
B2031583835397N12207534WA013560141977
B2031593835403N12207538WA013570141966
B2032003835409N12207541WA013580142254
B2032013835414N12207543WA013600142675
B2032023835418N12207544WA013630143088
B2032033835422N12207546WA013670143415
B2032043835424N12207548WA013690143473
B2032053835427N12207551WA013670143233
B2032063835430N12207555WA013650142991
B2032073835436N12207559WA013610142504
B2032083835441N12207563WA013580142278
B2032093835448N12207568WA013550141910
B2032103835454N12207570WA013550142059
B2032113835459N12207572WA013570142496
B2032123835464N12207573WA013600142817
B2032133835467N12207575WA013630143243
B2032143835469N12207578WA013650143365
B2032153835472N12207582WA013650143300
B2032163835474N12207586WA013650143394
B2032173835478N12207591WA013640143272
B2032183835481N12207597WA013640143182
B2032193835484N12207601WA013650143299
B2032203835487N12207606WA013650143381
B2032213835490N12207609WA013660143398
B2032223835493N12207613WA013660143238
B2032233835497N12207619WA013640143192
B2032243835501N12207624WA013620142892
B2032253835506N12207628WA013590142554
B2032263835511N12207632WA013570142447
B2032273835516N12207636WA013560142376
B2032283835522N12207640WA013540142153
B2032293835529N12207644WA013520141968
B2032303835536N12207648WA013490141999
B2032313835543N12207653WA013470141748
B2032323835549N12207658WA013450141647
B2032333835554N12207663WA013430141486
B2032343835560N12207668WA013410141325
B2032353835566N12207672WA013390141132
B2032363835572N12207676WA013370140975
B2032373835579N12207679WA013370140726
B2032383835585N12207683WA013380140650
B2032393835591N12207686WA013390140660
B2032403835597N12207688WA013400140756
B2032413835602N12207691WA013410140878
B2032423835607N12207694WA013440141055
B2032433835612N12207696WA013460141116
B2032443835617N12207698WA013480141220
B2032453835622N12207698WA013490141243
B2032463835627N12207698WA013490141365
B2032473835633N12207700WA013490141301
B2032483835638N12207701WA013490141421
B2032493835643N12207703WA013510141508
B2032503835647N12207706WA013520141769
B2032513835652N12207709WA013540141921
B2032523835656N12207713WA013550141950
B2032533835659N12207716WA013570142088
B2032543835663N12207721WA013590142215
B2032553835665N12207726WA013620142338
B2032563835666N12207732WA013640142644
B2032573835667N12207737WA013670142916
B2032583835667N12207742WA013690143189
B2032593835671N12207747WA013710143216
B2033003835676N12207750WA013720143217
B2033013835681N12207750WA013710143350
B2033023835685N12207745WA013690143390
B2033033835690N12207739WA013670143217
B2033043835687N12207731WA013650143326
B2033053835684N12207724WA013640143299
B2033063835682N12207718WA013630143210
B2033073835679N12207711WA013640143375
B2033083835677N12207704WA013650143329
B2033093835674N12207699WA013670143522
B2033103835670N12207695WA013680143757
B2033113835665N12207694WA013710143849
B2033123835660N12207696WA013720143904
B2033133835655N12207699WA013740143934
B2033143835652N12207703WA013760143928
B2033153835650N12207708WA013780144143
B2033163835649N12207712WA013810144295
B2033173835653N12207716WA013830144346
B2033183835656N12207721WA013840144574
B2033193835661N12207725WA013850144652
B2033203835666N12207726WA013850144794
B2033213835672N12207725WA013860144790
B2033223835677N12207721WA013880144794
B2033233835681N12207716WA013890144854
B2033243835682N12207708WA013910145088
B2033253835682N12207701WA013920145371
B2033263835681N12207694WA013940145451
B2033273835679N12207688WA013960145625
B2033283835675N12207685WA013980145711
B2033293835670N12207684WA014000145940
B2033303835666N12207684WA014000146015
B2033313835662N12207686WA014000146208
B2033323835658N12207689WA014010146378
B2033333835657N12207695WA014020146310
B2033343835657N12207701WA014040146471
B2033353835660N12207706WA014050146648
B2033363835664N12207711WA014070146831
B2033373835670N12207711WA014080146911
B2033383835675N12207710WA014100147262
B2033393835680N12207707WA014120147164
B2033403835685N12207703WA014130147204
B2033413835688N12207698WA014130147325
B2033423835688N12207691WA014140147463
B2033433835688N12207684WA014140147419
B2033443835685N12207679WA014150147583
B2033453835682N12207675WA014160147745
B2033463835678N12207673WA014170147874
B2033473835674N12207672WA014190147915
B2033483835670N12207673WA014200148028
B2033493835667N12207676WA014220148103
B2033503835664N12207680WA014220148288
B2033513835663N12207686WA014230148354
B2033523835662N12207692WA014230148481
B2033533835663N12207697WA014230148507
B2033543835664N12207703WA014240148712
B2033553835665N12207708WA014250148804
B2033563835666N12207714WA014260148923
B2033573835667N12207720WA014270148920
B2033583835669N12207726WA014270148912
B2033593835671N12207731WA014280149013
B2034003835673N12207736WA014280149143
B2034013835676N12207740WA014270149035
B2034023835680N12207743WA014270149076
B2034033835685N12207747WA014250148930
B2034043835691N12207750WA014220148502
B2034053835696N12207754WA014180148172
B2034063835701N12207758WA014150147876
B2034073835706N12207762WA014120147486
B2034083835712N12207764WA014100147327
B2034093835717N12207765WA014070147318
B2034103835722N12207768WA014050147031
B2034113835728N12207770WA014020146906
B2034123835734N12207774WA013980146636
B2034133835741N12207778WA013950146207
B2034143835747N12207783WA013900146038
B2034153835753N12207788WA013870145568
B2034163835758N12207794WA013830145386
B2034173835764N12207800WA013830145110
B2034183835768N12207805WA013820144982
B2034193835773N12207810WA013800144897
B2034203835780N12207816WA013780144712
B2034213835786N12207821WA013750144356
B2034223835793N12207826WA013720144048
B2034233835800N12207832WA013690143840
B2034243835806N12207836WA013660143535
B2034253835812N12207841WA013640143282
B2034263835818N12207845WA013620143174
B2034273835824N12207850WA013600142990
B2034283835830N12207855WA013580142795
B2034293835836N12207860WA013560142446
B2034303835842N12207867WA013550142028
B2034313835847N12207873WA013550141998
B2034323835853N12207879WA013540141952
B2034333835858N12207884WA013540141984
B2034343835864N12207888WA013540141972
B2034353835870N12207892WA013530141829
B2034363835875N12207897WA013520141892
B2034373835882N12207901WA013510141648
B2034383835889N12207905WA013500141438
B2034393835896N12207909WA013490141406
B2034403835903N12207913WA013480141420
B2034413835909N12207917WA013480141562
B2034423835915N12207922WA013470141534
B2034433835921N12207927WA013470141326
B2034443835927N12207932WA013460141240
B2034453835933N12207936WA013450141074
B2034463835940N12207940WA013430140918
B2034473835946N12207945WA013420140741
B2034483835952N12207950WA013400140571
B2034493835959N12207954WA013370140277
B2034503835967N12207959WA013340139909
B2034513835974N12207964WA013310139569
B2034523835982N12207969WA013280139318
B2034533835989N12207974WA013250139150
B2034543835995N12207977WA013220139046
B2034553836002N12207982WA013200138804
B2034563836008N12207986WA013190138648
B2034573836014N12207990WA013160138499
B2034583836022N12207995WA013130138132
B2034593836029N12208000WA013110137760
B2035003836037N12208005WA013080137536
B2035013836044N12208010WA013060137230
B2035023836050N12208014WA013030137099
B2035033836057N12208019WA013020136975
B2035043836064N12208023WA013000136779
B2035053836071N12208028WA012980136585
B2035063836078N12208033WA012970136382
B2035073836086N12208037WA012950136068
B2035083836093N12208042WA012930135833
B2035093836100N12208047WA012910135522
B2035103836107N12208051WA012890135441
B2035113836114N12208054WA012870135327
B2035123836121N12208058WA012850135136
B2035133836128N12208062WA012830134839
B2035143836135N12208067WA012810134788
B2035153836142N12208072WA012780134642
B2035163836149N12208076WA012760134334
B2035173836156N12208081WA012740134143
B2035183836164N12208086WA012720134001
B2035193836171N12208090WA012700134041
B2035203836178N12208094WA012700133878
B2035213836185N12208099WA012690133623
B2035223836191N12208104WA012680133560
B2035233836198N12208108WA012670133402
B2035243836204N12208113WA012650133192
B2035253836212N12208117WA012620133008
B2035263836219N12208122WA012600132642
B2035273836226N12208126WA012570132266
B2035283836234N12208130WA012550131919
B2035293836240N12208135WA012520131986
B2035303836247N12208140WA012500131630
B2035313836253N12208143WA012470131547
B2035323836259N12208147WA012440131278
B2035333836266N12208152WA012410130733
B2035343836273N12208156WA012370130479
B2035353836282N12208161WA012330130003
B2035363836289N12208165WA012300129943
B2035373836297N12208168WA012290129618
B2035383836305N12208172WA012280129309
B2035393836312N12208176WA012280129117
B2035403836319N12208180WA012270129105
B2035413836326N12208183WA012270129008
B2035423836332N12208186WA012250128993
B2035433836340N12208189WA012240128730
B2035443836347N12208191WA012230128558
B2035453836355N12208194WA012210128486
B2035463836363N12208195WA012200128465
B2035473836370N12208194WA012200128447
B2035483836376N12208192WA012210128731
B2035493836380N12208188WA012220128818
B2035503836383N12208185WA012230128912
B2035513836383N12208179WA012220128940
B2035523836384N12208171WA012210128587
B2035533836385N12208164WA012200128382
B2035543836385N12208157WA012190128413
B2035553836383N12208151WA012200128780
B2035563836380N12208146WA012200128880
B2035573836377N12208142WA012200128807
B2035583836372N12208140WA012200128634
B2035593836367N12208138WA012200128508
B2036003836361N12208140WA012190128542
B2036013836357N12208143WA012190128340
B2036023836354N12208147WA012190128213
B2036033836351N12208152WA012180128120
B2036043836350N12208158WA012170128004
B2036053836350N12208166WA012160128080
B2036063836353N12208173WA012150127861
B2036073836358N12208178WA012130127811
B2036083836362N12208182WA012130127781
B2036093836367N12208185WA012130127814
B2036103836371N12208188WA012130127925
B2036113836376N12208191WA012130127907
B2036123836380N12208194WA012120127735
B2036133836384N12208197WA012120127641
B2036143836389N12208199WA012110127527
B2036153836394N12208202WA012090127369
B2036163836400N12208205WA012080127208
B2036173836406N12208208WA012070127012
B2036183836411N12208209WA012060127067
B2036193836416N12208212WA012060127090
B2036203836422N12208213WA012070127029
B2036213836428N12208215WA012060127008
B2036223836433N12208217WA012060127064
B2036233836439N12208219WA012060126944
B2036243836445N12208221WA012050127057
B2036253836451N12208224WA012040126953
B2036263836457N12208226WA012030126810
B2036273836462N12208227WA012020126847
B2036283836467N12208228WA012010126677
B2036293836472N12208230WA011990126583
B2036303836478N12208231WA011980126319
B2036313836483N12208234WA011960126062
B2036323836489N12208235WA011940125719
B2036333836494N12208237WA011920125629
B2036343836499N12208239WA011890125359
B2036353836505N12208243WA011870125102
B2036363836511N12208246WA011840124718
B2036373836517N12208251WA011800124375
B2036383836524N12208255WA011760124017
B2036393836529N12208260WA011720123865
B2036403836534N12208264WA011690123586
B2036413836540N12208268WA011670123419
B2036423836545N12208272WA011670123247
B2036433836550N12208276WA011660123189
B2036443836556N12208281WA011650123050
B2036453836562N12208285WA011640122873
B2036463836569N12208289WA011630122745
B2036473836575N12208293WA011620122642
B2036483836581N12208297WA011620122620
B2036493836586N12208300WA011620122699
B2036503836592N12208304WA011620122753
B2036513836597N12208307WA011630122890
B2036523836602N12208309WA011640122991
B2036533836607N12208311WA011640122990
B2036543836612N12208312WA011650123089
B2036553836617N12208314WA011650123099
B2036563836623N12208316WA011650123024
B2036573836628N12208317WA011640123039
B2036583836634N12208320WA011640122810
B2036593836639N12208321WA011630122788
B2037003836645N12208324WA011630122750
B2037013836650N12208326WA011620122562
B2037023836656N12208328WA011620122502
B2037033836661N12208330WA011610122405
B2037043836666N12208332WA011600122304
B2037053836671N12208333WA011580122159
B2037063836677N12208336WA011560122000
B2037073836682N12208338WA011550121768
B2037083836688N12208342WA011530121552
B2037093836694N12208345WA011520121524
B2037103836699N12208348WA011530121452
B2037113836704N12208350WA011530121466
B2037123836710N12208351WA011530121419
B2037133836715N12208353WA011540121566
B2037143836721N12208355WA011530121434
B2037153836727N12208356WA011530121453
B2037163836733N12208356WA011530121498
B2037173836739N12208357WA011530121458
B2037183836745N12208358WA011530121439
B2037193836751N12208360WA011540121510
B2037203836756N12208361WA011530121470
B2037213836762N12208362WA011530121360
B2037223836768N12208362WA011530121365
B2037233836774N12208363WA011530121402
B2037243836779N12208363WA011530121328
B2037253836784N12208364WA011530121374
B2037263836790N12208365WA011530121257
B2037273836795N12208367WA011520121276
B2037283836801N12208368WA011510121168
B2037293836808N12208370WA011510121173
B2037303836815N12208370WA011500121148
B2037313836821N12208372WA011490121140
B2037323836827N12208373WA011480121193
B2037333836833N12208374WA011470121065
B2037343836840N12208375WA011460120918
B2037353836846N12208376WA011440120829
B2037363836852N12208377WA011430120766
B2037373836859N12208378WA011440120506
B2037383836864N12208379WA011450120514
B2037393836868N12208380WA011450120622
B2037403836871N12208380WA011460120767
B2037413836876N12208380WA011470120758
B2037423836881N12208381WA011470120769
B2037433836888N12208382WA011470120735
B2037443836895N12208383WA011470120701
B2037453836900N12208383WA011480120988
B2037463836907N12208384WA011500121026
B2037473836913N12208384WA011510121139
B2037483836918N12208384WA011520121498
B2037493836924N12208383WA011540121506
B2037503836928N12208383WA011540121500
B2037513836932N12208382WA011540121574
B2037523836936N12208382WA011530121582
B2037533836940N12208382WA011520121439
B2037543836942N12208385WA011510121338
B2037553836943N12208389WA011490121195
B2037563836940N12208392WA011470120888
B2037573836937N12208395WA011460120665
B2037583836933N12208396WA011450120635
B2037593836928N12208395WA011460120640
B2038003836924N12208394WA011470120874
B2038013836921N12208394WA011470120883
B2038023836918N12208394WA011480120987
B2038033836915N12208395WA011480120860
B2038043836913N12208397WA011490120814
B2038053836910N12208400WA011500120844
B2038063836907N12208403WA011510120952
B2038073836905N12208404WA011520120969
B2038083836903N12208406WA011530121352
B2038093836901N12208407WA011540121486
B2038103836899N12208409WA011560121578
B2038113836898N12208412WA011570121722
B2038123836896N12208414WA011580121815
B2038133836893N12208417WA011600122193
B2038143836892N12208419WA011610122208
B2038153836890N12208422WA011630122414
B2038163836888N12208424WA011650122556
B2038173836885N12208425WA011670122689
B2038183836882N12208426WA011670122759
B2038193836879N12208428WA011670122850
B2038203836876N12208430WA011680122981
B2038213836874N12208433WA011680122997
B2038223836874N12208437WA011680122849
B2038233836876N12208443WA011670122839
B2038243836881N12208448WA011670122763
B2038253836888N12208450WA011660122773
B2038263836895N12208450WA011660122758
B2038273836901N12208448WA011670122813
B2038283836906N12208446WA011680123042
B2038293836911N12208444WA011690123263
B2038303836917N12208442WA011710123325
B2038313836922N12208441WA011730123440
B2038323836927N12208440WA011750123670
B2038333836933N12208440WA011770123820
B2038343836936N12208442WA011790124076
B2038353836939N12208446WA011810124026
B2038363836941N12208451WA011820124210
B2038373836941N12208455WA011830124364
B2038383836941N12208460WA011840124320
B2038393836939N12208463WA011850124514
B2038403836936N12208466WA011870124672
B2038413836933N12208468WA011880124952
B2038423836929N12208469WA011900125140
B2038433836925N12208467WA011920125188
B2038443836921N12208465WA011930125272
B2038453836919N12208460WA011950125317
B2038463836916N12208451WA011950125375
B2038473836914N12208442WA011960125497
B2038483836916N12208433WA011970125406
B2038493836917N12208425WA011980125731
B2038503836920N12208418WA011990125922
B2038513836924N12208411WA012010126043
B2038523836929N12208404WA012020126136
B2038533836933N12208397WA012020126298
B2038543836939N12208392WA012030126311
B2038553836944N12208388WA012040126554
B2038563836950N12208387WA012060126550
B2038573836955N12208387WA012070126654
B2038583836960N12208388WA012090126739
B2038593836963N12208391WA012100126956
B2039003836966N12208395WA012120127141
B2039013836967N12208399WA012130127284
B2039023836968N12208404WA012130127230
B2039033836967N12208409WA012120127272
B2039043836966N12208414WA012120127276
B2039053836966N12208419WA012140127310
B2039063836966N12208422WA012160127506
B2039073836966N12208425WA012190127844
B2039083836966N12208428WA012210128221
B2039093836966N12208431WA012240128335
B2039103836965N12208436WA012260128560
B2039113836964N12208440WA012270128647
B2039123836962N12208444WA012280128711
B2039133836960N12208446WA012280128805
B2039143836955N12208445WA012290128922
B2039153836951N12208443WA012300128951
B2039163836948N12208432WA012300128977
B2039173836949N12208423WA012290128991
B2039183836953N12208414WA012290128960
B2039193836959N12208408WA012290129141
B2039203836965N12208403WA012290129278
B2039213836972N12208404WA012300129231
B2039223836978N12208405WA012300129265
B2039233836983N12208408WA012310129481
B2039243836989N12208411WA012330129517
B2039253836993N12208416WA012350129902
B2039263836997N12208420WA012360130004
B2039273837000N12208425WA012380130234
B2039283837001N12208430WA012390130374
B2039293837000N12208435WA012390130486
B2039303836998N12208440WA012390130342
B2039313836994N12208442WA012380130248
B2039323836990N12208444WA012380130274
B2039333836987N12208442WA012380130251
B2039343836983N12208437WA012390130291
B2039353836980N12208431WA012390130377
B2039363836979N12208424WA012400130505
B2039373836978N12208416WA012410130648
B2039383836980N12208409WA012420130704
B2039393836984N12208401WA012410130739
B2039403836989N12208394WA012400130505
B2039413836998N12208391WA012400130411
B2039423837006N12208389WA012400130609
B2039433837013N12208389WA012410130818
B2039443837019N12208390WA012440131184
B2039453837025N12208391WA012460131474
B2039463837031N12208394WA012480131530
B2039473837036N12208398WA012480131546
B2039483837040N12208404WA012480131314
B2039493837042N12208410WA012470131354
B2039503837043N12208415WA012470131333
B2039513837043N12208420WA012470131333
B2039523837044N12208425WA012470131364
B2039533837046N12208430WA012470131392
B2039543837050N12208434WA012460131218
B2039553837055N12208439WA012460130905
B2039563837060N12208443WA012450130895
B2039573837067N12208446WA012450130860
B2039583837074N12208447WA012450130802
B2039593837080N12208447WA012450130939
B2040003837086N12208448WA012450131016
B2040013837091N12208450WA012440130815
B2040023837096N12208453WA012420130607
B2040033837101N12208457WA012400130496
B2040043837107N12208461WA012370130292
B2040053837115N12208465WA012360130036
B2040063837121N12208468WA012350130047
B2040073837126N12208472WA012350130092
B2040083837131N12208474WA012350130058
B2040093837136N12208477WA012340129914
B2040103837140N12208480WA012330129893
B2040113837145N12208483WA012310129667
B2040123837150N12208487WA012290129534
B2040133837155N12208491WA012270129408
B2040143837159N12208496WA012240129176
B2040153837164N12208501WA012220128847
B2040163837168N12208506WA012200128669
B2040173837172N12208511WA012180128496
B2040183837176N12208515WA012180128351
B2040193837180N12208517WA012180128278
B2040203837185N12208520WA012170128115
B2040213837189N12208524WA012150128074
B2040223837194N12208528WA012120127869
B2040233837199N12208533WA012100127451
B2040243837204N12208537WA012070127245
B2040253837208N12208541WA012050127178
B2040263837212N12208545WA012030127078
B2040273837217N12208549WA012020126805
B2040283837220N12208553WA012020126880
B2040293837225N12208556WA012010126616
B2040303837229N12208559WA012000126528
B2040313837233N12208563WA011980126311
B2040323837237N12208567WA011970126051
B2040333837242N12208572WA011950125800
B2040343837246N12208576WA011940125957
B2040353837250N12208581WA011940125814
B2040363837254N12208585WA011950125928
B2040373837257N12208588WA011960125989
B2040383837261N12208591WA011970126137
B2040393837264N12208593WA011980126112
B2040403837267N12208595WA011990126214
B2040413837270N12208597WA011990126328
B2040423837272N12208600WA012000126383
B2040433837275N12208602WA012010126437
B2040443837277N12208604WA012020126537
B2040453837279N12208606WA012030126667
B2040463837282N12208608WA012020126633
B2040473837284N12208611WA012010126596
B2040483837287N12208614WA012000126284
B2040493837290N12208617WA011990126197
B2040503837294N12208620WA011980126021
B2040513837298N12208621WA011970125925
B2040523837302N12208623WA011950125704
B2040533837305N12208625WA011940125763
B2040543837309N12208627WA011920125554
B2040553837313N12208629WA011900125364
B2040563837318N12208631WA011880125025
B2040573837323N12208634WA011860124824
B2040583837328N12208638WA011840124522
B2040593837332N12208642WA011820124346
B2041003837336N12208646WA011810124143
B2041013837339N12208648WA011830124493
B2041023837342N12208649WA011860124834
B2041033837344N12208650WA011900124944
B2041043837346N12208651WA011930125177
B2041053837348N12208654WA011970125470
B2041063837350N12208655WA012010125776
B2041073837352N12208657WA012040125952
B2041083837354N12208659WA012070126112
B2041093837356N12208660WA012080126439
B2041103837359N12208662WA012090126508
B2041113837363N12208660WA012100126596
B2041123837368N12208657WA012100126646
B2041133837368N12208646WA012100126646
B2041143837368N12208638WA012110126886
B2041153837366N12208628WA012120127099
B2041163837355N12208629WA012130127197
B2041173837348N12208630WA012140127289
B2041183837343N12208634WA012170127384
B2041193837340N12208637WA012200127551
B2041203837338N12208639WA012230127933
B2041213837337N12208641WA012260128335
B2041223837337N12208643WA012290128405
B2041233837336N12208646WA012310128695
B2041243837338N12208648WA012310128859
B2041253837341N12208651WA012310129058
B2041263837345N12208654WA012320129132
B2041273837348N12208656WA012330129483
B2041283837352N12208658WA012350129818
B2041293837354N12208661WA012380130213
B2041303837354N12208664WA012400130495
B2041313837355N12208668WA012430130423
B2041323837356N12208672WA012450130650
B2041333837359N12208675WA012470130705
B2041343837361N12208678WA012490130942
B2041353837363N12208681WA012510131142
B2041363837365N12208683WA012530131308
B2041373837367N12208686WA012550131584
B2041383837371N12208688WA012560131764
B2041393837376N12208690WA012560131840
B2041403837381N12208690WA012570132038
B2041413837386N12208691WA012590132217
B2041423837389N12208693WA012620132567
B2041433837392N12208695WA012640132806
B2041443837394N12208697WA012660132915
B2041453837395N12208699WA012690133031
B2041463837396N12208700WA012720133346
B2041473837397N12208702WA012740133614
B2041483837397N12208705WA012770133827
B2041493837393N12208710WA012790134056
B2041503837389N12208714WA012820134196
B2041513837385N12208717WA012840134256
B2041523837379N12208720WA012860134267
B2041533837372N12208708WA012890134240
B2041543837367N12208701WA012910134773
B2041553837362N12208695WA012940135050
B2041563837358N12208688WA012970135310
B2041573837354N12208681WA013000135610
B2041583837350N12208673WA013020135930
B2041593837347N12208664WA013040136065
B2042003837348N12208655WA013050136265
B2042013837350N12208646WA013070136509
B2042023837353N12208639WA013080136652
B2042033837356N12208633WA013090136876
B2042043837361N12208633WA013100136951
B2042053837365N12208634WA013110137075
B2042063837369N12208637WA013130137131
B2042073837371N12208640WA013150137410
B2042083837372N12208643WA013170137758
B2042093837373N12208646WA013190137979
B2042103837373N12208650WA013210138468
B2042113837372N12208655WA013240138594
B2042123837372N12208659WA013260138643
B2042133837371N12208662WA013290138684
B2042143837371N12208666WA013320138804
B2042153837370N12208669WA013350139156
B2042163837370N12208673WA013380139304
B2042173837369N12208678WA013400139504
B2042183837366N12208682WA013400139735
B2042193837362N12208685WA013400139997
B2042203837358N12208688WA013410140113
B2042213837352N12208687WA013410140228
B2042223837346N12208686WA013410140219
B2042233837343N12208677WA013400140205
B2042243837341N12208669WA013400140365
B2042253837341N12208660WA013400140417
B2042263837343N12208651WA013390140566
B2042273837347N12208645WA013390140573
B2042283837352N12208640WA013390140420
B2042293837355N12208635WA013400140785
B2042303837359N12208631WA013420140853
B2042313837363N12208626WA013440141017
B2042323837364N12208620WA013460141289
B2042333837367N12208615WA013490141747
B2042343837369N12208611WA013520141879
B2042353837372N12208608WA013540142160
B2042363837376N12208606WA013570142118
B2042373837379N12208605WA013600142447
B2042383837383N12208606WA013620142603
B2042393837385N12208609WA013650142932
B2042403837387N12208613WA013660143051
B2042413837389N12208618WA013650143105
B2042423837390N12208624WA013650143160
B2042433837391N12208629WA013660143192
B2042443837393N12208633WA013670143202
B2042453837393N12208636WA013680143365
B2042463837394N12208639WA013690143494
B2042473837397N12208643WA013700143553
B2042483837400N12208648WA013700143372
B2042493837405N12208652WA013690143215
B2042503837410N12208656WA013690143117
B2042513837415N12208659WA013690143208
B2042523837420N12208662WA013700143404
B2042533837423N12208664WA013700143568
B2042543837427N12208666WA013710143547
B2042553837431N12208669WA013710143551
B2042563837436N12208671WA013710143508
B2042573837440N12208675WA013700143373
B2042583837445N12208680WA013680143190
B2042593837451N12208684WA013670142969
B2043003837457N12208689WA013660142951
B2043013837462N12208691WA013660142846
B2043023837468N12208693WA013660143009
B2043033837472N12208696WA013650143041
B2043043837477N12208698WA013650142955
B2043053837482N12208701WA013640142862
B2043063837487N12208703WA013630142758
B2043073837492N12208706WA013610142497
B2043083837497N12208710WA013580142337
B2043093837502N12208714WA013560142046
B2043103837508N12208718WA013530141700
B2043113837513N12208720WA013510141656
B2043123837518N12208724WA013490141592
B2043133837524N12208726WA013500141629
B2043143837528N12208730WA013500141572
B2043153837533N12208732WA013490141538
B2043163837538N12208735WA013490141432
B2043173837543N12208738WA013480141225
B2043183837547N12208742WA013470141153
B2043193837551N12208746WA013450141048
B2043203837555N12208750WA013440140927
B2043213837559N12208754WA013430140918
B2043223837562N12208759WA013440140990
B2043233837566N12208762WA013450141070
B2043243837570N12208764WA013460141027
B2043253837572N12208766WA013480141464
B2043263837574N12208767WA013500141668
B2043273837576N12208769WA013520141698
B2043283837579N12208771WA013530141716
B2043293837582N12208773WA013530141800
B2043303837584N12208773WA013540141997
B2043313837588N12208773WA013550142137
B2043323837591N12208773WA013560142381
B2043333837596N12208771WA013580142426
B2043343837600N12208769WA013600142633
B2043353837604N12208765WA013610142662
B2043363837608N12208758WA013610142413
B2043373837611N12208749WA013610142435
B2043383837613N12208740WA013620142531
B2043393837613N12208731WA013640142798
B2043403837612N12208723WA013650143056
B2043413837609N12208716WA013670143244
B2043423837605N12208710WA013690143250
B2043433837600N12208704WA013700143399
B2043443837595N12208700WA013710143579
B2043453837590N12208699WA013730143622
B2043463837584N12208698WA013730143788
B2043473837580N12208701WA013730143774
B2043483837577N12208704WA013740143879
B2043493837577N12208709WA013740144101
B2043503837578N12208712WA013760144341
B2043513837580N12208714WA013780144543
B2043523837582N12208715WA013790144629
B2043533837584N12208717WA013810144715
B2043543837585N12208719WA013820144896
B2043553837587N12208721WA013830144997
B2043563837591N12208723WA013830144999
B2043573837595N12208725WA013840145097
B2043583837599N12208728WA013850145281
B2043593837603N12208729WA013870145664
B2044003837606N12208731WA013900146060
B2044013837609N12208732WA013920146394
B2044023837613N12208733WA013950146533
B2044033837618N12208733WA013960146429
B2044043837623N12208735WA013950146322
B2044053837628N12208737WA013940146260
B2044063837634N12208739WA013940146215
B2044073837638N12208742WA013960146392
B2044083837643N12208744WA013970146613
B2044093837647N12208746WA013980146750
B2044103837651N12208748WA014000146834
B2044113837655N12208751WA014010146844
B2044123837659N12208754WA014020146945
B2044133837663N12208757WA014030146938
B2044143837667N12208759WA014040147167
B2044153837671N12208762WA014060147154
B2044163837675N12208764WA014070147252
B2044173837680N12208765WA014090147204
B2044183837684N12208766WA014090147345
B2044193837689N12208767WA014090147359
B2044203837694N12208769WA014080147307
B2044213837698N12208771WA014080147498
B2044223837704N12208776WA014080147440
B2044233837709N12208778WA014080147784
B2044243837714N12208780WA014090147802
B2044253837718N12208782WA014090147995
B2044263837723N12208785WA014100148062
B2044273837727N12208788WA014120148173
B2044283837731N12208791WA014120148240
B2044293837735N12208794WA014140148252
B2044303837740N12208797WA014140148322
B2044313837744N12208800WA014150148494
B2044323837749N12208803WA014160148464
B2044333837754N12208806WA014180148584
B2044343837758N12208809WA014190148576
B2044353837762N12208812WA014210148858
B2044363837766N12208816WA014230148968
B2044373837770N12208820WA014240148921
B2044383837773N12208823WA014260149062
B2044393837777N12208826WA014260149119
B2044403837782N12208831WA014260149124
B2044413837787N12208835WA014260149304
B2044423837791N12208838WA014260149367
B2044433837796N12208841WA014270149419
B2044443837801N12208844WA014280149505
B2044453837806N12208847WA014280149702
B2044463837810N12208849WA014290149789
B2044473837816N12208852WA014300149735
B2044483837821N12208855WA014310149751
B2044493837827N12208857WA014320149800
B2044503837832N12208858WA014330149975
B2044513837838N12208860WA014330149943
B2044523837844N12208861WA014330149937
B2044533837849N12208863WA014330149835
B2044543837854N12208865WA014320149945
B2044553837859N12208868WA014320149747
B2044563837864N12208872WA014310149722
B2044573837869N12208875WA014300149623
B2044583837874N12208877WA014300149518
B2044593837878N12208880WA014290149676
B2045003837883N12208883WA014280149575
B2045013837888N12208886WA014280149476
B2045023837893N12208889WA014270149428
B2045033837897N12208893WA014260149375
B2045043837902N12208897WA014260149230
B2045053837906N12208901WA014250149241
B2045063837910N12208905WA014240149142
B2045073837914N12208910WA014220148980
B2045083837918N12208915WA014200148675
B2045093837923N12208920WA014180148527
B2045103837928N12208925WA014160148329
B2045113837932N12208930WA014140148229
B2045123837936N12208935WA014120148139
B2045133837941N12208941WA014100147916
B2045143837945N12208948WA014070147590
B2045153837951N12208954WA014040147200
B2045163837955N12208960WA014010146997
B2045173837960N12208967WA013980146750
B2045183837965N12208973WA013960146545
B2045193837970N12208980WA013930146340
B2045203837976N12208985WA013910145939
B2045213837982N12208990WA013900145799
B2045223837989N12208995WA013880145624
B2045233837995N12208999WA013870145530
B2045243838000N12209003WA013850145482
B2045253838006N12209007WA013840145202
B2045263838011N12209012WA013810145120
B2045273838016N12209017WA013790144777
B2045283838022N12209023WA013760144319
B2045293838028N12209030WA013720143906
B2045303838033N12209037WA013690143697
B2045313838040N12209042WA013660143307
B2045323838045N12209048WA013640143191
B2045333838051N12209053WA013620142969
B2045343838057N12209059WA013590142828
B2045353838064N12209066WA013560142726
B2045363838070N12209072WA013530142377
B2045373838076N12209078WA013500142099
B2045383838083N12209084WA013490141834
B2045393838089N12209089WA013490141719
B2045403838095N12209093WA013480141644
B2045413838101N12209096WA013470141364
B2045423838107N12209100WA013460141132
B2045433838113N12209104WA013440140843
B2045443838120N12209108WA013410140400
B2045453838126N12209111WA013380140149
B2045463838133N12209116WA013350139813
B2045473838140N12209119WA013320139508
B2045483838146N12209123WA013290139261
B2045493838153N12209126WA013260139013
B2045503838159N12209129WA013230138847
B2045513838165N12209133WA013200138596
B2045523838172N12209137WA013170138355
B2045533838179N12209141WA013150137950
B2045543838186N12209145WA013130137680
B2045553838193N12209148WA013130137465
B2045563838199N12209151WA013130137374
B2045573838205N12209153WA013130137497
B2045583838212N12209156WA013130137432
B2045593838217N12209158WA013120137454
B2046003838223N12209160WA013100137326
B2046013838229N12209162WA013090137117
B2046023838235N12209165WA013070136883
B2046033838242N12209167WA013030136586
B2046043838249N12209171WA013000136188
B2046053838256N12209175WA012970135898
B2046063838263N12209179WA012950135791
B2046073838269N12209183WA012930135756
B2046083838274N12209187WA012930135787
B2046093838279N12209192WA012920135693
B2046103838285N12209197WA012910135414
B2046113838290N12209201WA012890135289
B2046123838297N12209206WA012860135004
B2046133838303N12209212WA012840135092
B2046143838310N12209217WA012810134800
B2046153838315N12209221WA012790134684
B2046163838321N12209226WA012770134623
B2046173838326N12209230WA012760134449
B2046183838331N12209235WA012740134186
B2046193838337N12209240WA012720133739
B2046203838343N12209246WA012680133373
B2046213838350N12209251WA012650133006
B2046223838356N12209256WA012610132693
B2046233838363N12209261WA012570132375
B2046243838370N12209266WA012540132137
B2046253838376N12209271WA012500131799
B2046263838383N12209277WA012470131492
B2046273838390N12209282WA012430130988
B2046283838398N12209288WA012400130622
B2046293838405N12209293WA012370130305
B2046303838411N12209298WA012350130097
B2046313838418N12209304WA012320129751
B2046323838425N12209309WA012300129553
B2046333838432N12209314WA012270129204
B2046343838438N12209320WA012250128961
B2046353838445N12209325WA012220128638
B2046363838452N12209332WA012190128230
B2046373838459N12209337WA012160128038
B2046383838466N12209343WA012140127804
B2046393838472N12209349WA012120127631
B2046403838478N12209355WA012110127441
B2046413838484N12209361WA012090127156
B2046423838491N12209368WA012060126803
B2046433838497N12209375WA012030126433
B2046443838503N12209382WA012000126152
B2046453838509N12209388WA011970125968
B2046463838515N12209394WA011950125709
B2046473838520N12209401WA011920125503
B2046483838524N12209407WA011910125396
B2046493838530N12209413WA011890125028
B2046503838535N12209420WA011860124777
B2046513838541N12209427WA011830124377
B2046523838547N12209434WA011790123968
B2046533838553N12209441WA011760123733
B2046543838559N12209447WA011730123406
B2046553838564N12209453WA011700123286
B2046563838570N12209459WA011670122984
B2046573838576N12209465WA011640122596
B2046583838583N12209472WA011590122040
B2046593838590N12209479WA011560121520
B2047003838596N12209486WA011510121184
B2047013838603N12209492WA011480120859
B2047023838609N12209498WA011490120838
B2047033838614N12209503WA011490120994
B2047043838619N12209508WA011490120961
B2047053838624N12209513WA011480120831
B2047063838629N12209517WA011470120617
B2047073838634N12209521WA011450120506
B2047083838638N12209525WA011430120271
B2047093838643N12209528WA011400119999
B2047103838649N12209533WA011370119651
B2047113838655N12209537WA011340119453
B2047123838661N12209541WA011310119153
B2047133838667N12209544WA011280119049
B2047143838673N12209548WA011270118868
B2047153838680N12209552WA011240118655
B2047163838687N12209556WA011220118473
B2047173838695N12209560WA011200118223
B2047183838703N12209564WA011180118011
B2047193838711N12209567WA011170117745
B2047203838719N12209570WA011170117790
B2047213838727N12209572WA011170117785
B2047223838735N12209574WA011170117726
B2047233838742N12209577WA011170117712
B2047243838748N12209579WA011170117797
B2047253838755N12209581WA011170117851
B2047263838761N12209582WA011180117951
B2047273838767N12209582WA011180117938
B2047283838773N12209583WA011180118001
B2047293838779N12209584WA011180117911
B2047303838785N12209584WA011170117879
B2047313838792N12209586WA011160117792
B2047323838799N12209586WA011150117786
B2047333838806N12209587WA011140117650
B2047343838811N12209589WA011120117690
B2047353838817N12209591WA011100117470
B2047363838824N12209593WA011080117233
B2047373838831N12209596WA011060116942
B2047383838838N12209598WA011040116749
B2047393838845N12209601WA011030116528
B2047403838852N12209604WA011020116455
B2047413838860N12209607WA011020116301
B2047423838866N12209611WA011010116390
B2047433838874N12209613WA011020116219
B2047443838880N12209616WA011020116129
B2047453838886N12209620WA011030116240
B2047463838892N12209621WA011030116249
B2047473838898N12209622WA011030116259
B2047483838903N12209624WA011040116392
B2047493838909N12209626WA011030116232
B2047503838914N12209629WA011030116261
B2047513838920N12209631WA011030116136
B2047523838925N12209634WA011020116180
B2047533838931N12209636WA011030116331
B2047543838936N12209637WA011040116427
B2047553838941N12209639WA011050116508
B2047563838945N12209642WA011060116610
B2047573838948N12209644WA011070116792
B2047583838952N12209646WA011080116846
B2047593838955N12209649WA011080116853
B2048003838957N12209652WA011080116833
B2048013838958N12209656WA011070116731
B2048023838957N12209660WA011070116691
B2048033838957N12209663WA011060116608
B2048043838955N12209667WA011060116791
B2048053838955N12209670WA011070116811
B2048063838954N12209672WA011080116924
B2048073838953N12209674WA011090117027
B2048083838951N12209676WA011090117057
B2048093838950N12209679WA011100117051
B2048103838948N12209681WA011100117046
B2048113838946N12209684WA011110117199
B2048123838946N12209688WA011120117215
B2048133838946N12209691WA011140117418
B2048143838946N12209694WA011150117667
B2048153838946N12209697WA011170117890
B2048163838947N12209699WA011180117915
B2048173838947N12209702WA011190118036
B2048183838947N12209706WA011190118130
B2048193838948N12209709WA011200118015
B2048203838948N12209712WA011200118149
B2048213838948N12209716WA011200118251
B2048223838948N12209718WA011210118399
B2048233838949N12209721WA011220118405
B2048243838948N12209724WA011230118495
B2048253838948N12209727WA011250118584
B2048263838948N12209730WA011270118773
B2048273838949N12209733WA011290119000
B2048283838950N12209735WA011320119306
B2048293838952N12209738WA011350119542
B2048303838954N12209740WA011370119875
B2048313838957N12209742WA011400120075
B2048323838962N12209743WA011420120229
B2048333838968N12209743WA011440120325
B2048343838974N12209740WA011440120483
B2048353838980N12209733WA011440120697
B2048363838985N12209724WA011450120744
B2048373838987N12209714WA011460120883
B2048383838988N12209703WA011470120976
B2048393838988N12209694WA011480120950
B2048403838986N12209685WA011490121057
B2048413838984N12209678WA011510121117
B2048423838979N12209675WA011530121158
B2048433838976N12209673WA011540121215
B2048443838973N12209673WA011560121473
B2048453838971N12209674WA011580121681
B2048463838971N12209676WA011600121844
B2048473838971N12209679WA011630122104
B2048483838969N12209681WA011660122396
B2048493838968N12209682WA011680122529
B2048503838966N12209682WA011710122706
B2048513838963N12209681WA011730123092
B2048523838962N12209680WA011740123154
B2048533838961N12209680WA011750123247
B2048543838963N12209685WA011740123312
B2048553838966N12209689WA011740123384
B2048563838972N12209692WA011730123174
B2048573838978N12209693WA011740123197
B2048583838984N12209691WA011760123292
B2048593838990N12209688WA011780123676
B2049003838996N12209684WA011810123869
B2049013839001N12209679WA011840124133
B2049023839005N12209671WA011860124245
B2049033839007N12209662WA011870124444
B2049043839007N12209652WA011870124409
B2049053839004N12209643WA011860124469
B2049063839001N12209637WA011870124511
B2049073838997N12209633WA011880124807
B2049083838993N12209632WA011910125169
B2049093838991N12209634WA011940125586
B2049103838991N12209637WA011960125824
B2049113838991N12209640WA011970125859
B2049123838992N12209643WA011970125899
B2049133838995N12209647WA011970125979
B2049143838999N12209651WA011970125775
B2049153839003N12209654WA011970125882
B2049163839007N12209656WA011980126051
B2049173839011N12209657WA011990126128
B2049183839015N12209658WA012000126287
B2049193839021N12209657WA012020126367
B2049203839028N12209653WA012030126406
B2049213839034N12209646WA012040126403
B2049223839039N12209637WA012050126503
B2049233839042N12209627WA012060126629
B2049243839043N12209619WA012080126901
B2049253839041N12209611WA012090127175
B2049263839038N12209606WA012100127186
B2049273839035N12209603WA012090127170
B2049283839031N12209603WA012090127018
B2049293839027N12209604WA012100127103
B2049303839025N12209605WA012110127372
B2049313839024N12209606WA012130127790
B2049323839024N12209605WA012140127899
B2049333839024N12209607WA012140127813
B2049343839023N12209609WA012130127558
B2049353839023N12209615WA012120127231
B2049363839024N12209620WA012100127106
B2049373839025N12209625WA012100127149
B2049383839027N12209630WA012110127236
B2049393839029N12209634WA012130127545
B2049403839032N12209637WA012150127732
B2049413839035N12209639WA012150127615
B2049423839037N12209642WA012140127693
B2049433839040N12209645WA012120127472
B2049443839044N12209650WA012100127317
B2049453839048N12209655WA012070126912
B2049463839052N12209659WA012040126616
B2049473839056N12209663WA012020126442
B2049483839060N12209667WA012000126211
B2049493839063N12209672WA011990126171
B2049503839067N12209676WA011970126024
B2049513839070N12209680WA011950126034
B2049523839073N12209685WA011940125804
B2049533839075N12209688WA011930125798
B2049543839078N12209693WA011920125773
B2049553839081N12209696WA011900125667
B2049563839083N12209700WA011890125674
B2049573839086N12209704WA011870125320
B2049583839088N12209707WA011850125192
B2049593839091N12209711WA011820124847
B2050003839094N12209716WA011790124425
B2050013839098N12209722WA011750123913
B2050023839102N12209728WA011700123382
B2050033839108N12209733WA011660123017
B2050043839113N12209738WA011630122697
B2050053839119N12209743WA011600122565
B2050063839125N12209748WA011610122501
B2050073839130N12209750WA011620122502
B2050083839135N12209752WA011620122620
B2050093839140N12209753WA011620122639
B2050103839146N12209755WA011620122507
B2050113839152N12209758WA011620122425
B2050123839158N12209760WA011620122349
B2050133839164N12209762WA011620122443
B2050143839170N12209762WA011640122523
B2050153839176N12209760WA011650122759
B2050163839182N12209759WA011670123016
B2050173839187N12209758WA011690123162
B2050183839193N12209756WA011700123203
B2050193839198N12209755WA011700123263
B2050203839203N12209754WA011690123293
B2050213839210N12209753WA011680123007
B2050223839216N12209754WA011660122991
B2050233839224N12209754WA011640122646
B2050243839231N12209754WA011630122595
B2050253839238N12209754WA011620122561
B2050263839244N12209753WA011620122664
B2050273839250N12209753WA011620122623
B2050283839255N12209754WA011620122580
B2050293839261N12209755WA011610122500
B2050303839267N12209755WA011600122416
B2050313839273N12209756WA011590122334
B2050323839278N12209757WA011590122334
B2050333839282N12209757WA011590122498
B2050343839287N12209757WA011590122454
B2050353839292N12209756WA011590122455
B2050363839297N12209756WA011590122370
B2050373839303N12209754WA011590122329
B2050383839308N12209753WA011580122273
B2050393839314N12209752WA011570122170
B2050403839321N12209748WA011560122107
B2050413839327N12209744WA011560121919
B2050423839333N12209741WA011550121991
B2050433839340N12209738WA011560121965
B2050443839347N12209735WA011560122168
B2050453839353N12209732WA011580122346
B2050463839358N12209729WA011600122486
B2050473839363N12209727WA011620122606
B2050483839367N12209725WA011630122823
B2050493839371N12209722WA011640122824
B2050503839375N12209720WA011630122858
B2050513839380N12209718WA011610122680
B2050523839386N12209715WA011590122320
B2050533839392N12209711WA011560122009
B2050543839397N12209708WA011530121576
B2050553839403N12209705WA011500121389
B2050563839409N12209703WA011470121291
B2050573839416N12209700WA011450121016
B2050583839422N12209698WA011420120841
B2050593839429N12209695WA011390120603
B2051003839435N12209692WA011370120367
B2051013839441N12209689WA011350120175
B2051023839447N12209685WA011330119958
B2051033839452N12209680WA011310119787
B2051043839456N12209673WA011290119495
B2051053839459N12209664WA011260119239
B2051063839460N12209655WA011230118950
B2051073839460N12209645WA011200118717
B2051083839458N12209637WA011190118694
B2051093839456N12209630WA011180118435
B2051103839452N12209624WA011170118278
B2051113839448N12209619WA011140117996
B2051123839444N12209614WA011110117546
B2051133839440N12209610WA011090117200
B2051143839435N12209605WA011050116762
B2051153839430N12209599WA011010116265
B2051163839425N12209593WA010960115744
B2051173839419N12209586WA010920115359
B2051183839413N12209580WA010870115033
B2051193839407N12209573WA010840114899
B2051203839402N12209567WA010820114671
B2051213839397N12209560WA010810114443
B2051223839392N12209553WA010790114205
B2051233839386N12209546WA010770113937
B2051243839380N12209539WA010750113703
B2051253839374N12209531WA010740113648
B2051263839369N12209525WA010740113620
B2051273839364N12209518WA010750113787
B2051283839360N12209512WA010770113964
B2051293839356N12209505WA010780114058
B2051303839353N12209499WA010790114103
B2051313839349N12209492WA010800114153
B2051323839347N12209486WA010810114301
B2051333839344N12209480WA010820114358
B2051343839342N12209475WA010820114332
B2051353839339N12209469WA010810114200
B2051363839335N12209462WA010800113936
B2051373839331N12209456WA010780113756
B2051383839327N12209451WA010770113626
B2051393839323N12209446WA010760113638
B2051403839319N12209441WA010760113768
B2051413839316N12209436WA010760113744
B2051423839313N12209430WA010760113556
B2051433839310N12209423WA010760113467
B2051443839308N12209416WA010750113437
B2051453839306N12209409WA010750113450
B2051463839304N12209402WA010750113574
B2051473839302N12209396WA010740113552
B2051483839300N12209390WA010740113445
B2051493839298N12209385WA010740113573
B2051503839297N12209381WA010730113424
B2051513839295N12209378WA010730113490
B2051523839294N12209376WA010730113441
B2051533839293N12209374WA010730113320
B2051543839291N12209372WA010730113228
B2051553839289N12209370WA010720113232
B2051563839287N12209367WA010720113250
B2051573839286N12209363WA010720113363
B2051583839285N12209359WA010730113382
B2051593839285N12209354WA010730113314
B2052003839283N12209349WA010730113377
B2052013839281N12209345WA010740113363
B2052023839279N12209341WA010750113464
B2052033839278N12209338WA010760113768
B2052043839278N12209336WA010780113905
B2052053839277N12209333WA010800114168
B2052063839277N12209331WA010800114214
B2052073839275N12209328WA010800114151
B2052083839273N12209323WA010790114023
B2052093839270N12209318WA010780113884
B2052103839268N12209313WA010780113876
B2052113839268N12209309WA010770113925
B2052123839268N12209303WA010770113704
B2052133839269N12209296WA010760113602
B2052143839270N12209287WA010740113479
B2052153839274N12209279WA010730113125
B2052163839279N12209272WA010710113142
B2052173839286N12209267WA010720113251
B2052183839292N12209265WA010730113391
B2052193839298N12209265WA010740113490
B2052203839304N12209266WA010750113523
B2052213839308N12209269WA010760113572
B2052223839312N12209273WA010760113461
B2052233839315N12209277WA010750113468
B2052243839318N12209283WA010740113234
B2052253839320N12209290WA010730113150
B2052263839320N12209296WA010720113197
B2052273839321N12209303WA010720113032
B2052283839320N12209310WA010710113041
B2052293839320N12209316WA010720112924
B2052303839320N12209322WA010720113187
B2052313839321N12209328WA010730113312
B2052323839321N12209333WA010740113301
B2052333839320N12209336WA010750113389
B2052343839320N12209341WA010750113369
B2052353839319N12209347WA010740113464
B2052363839318N12209352WA010740113316
B2052373839315N12209357WA010740113355
B2052383839312N12209360WA010740113308
B2052393839307N12209362WA010740113455
B2052403839302N12209362WA010740113377
B2052413839298N12209361WA010740113224
B2052423839293N12209358WA010730113266
B2052433839289N12209354WA010720113135
B2052443839285N12209349WA010700112827
B2052453839280N12209343WA010670112609
B2052463839273N12209337WA010640112341
B2052473839266N12209331WA010610112041
B2052483839259N12209325WA010590111998
B2052493839253N12209320WA010590111948
B2052503839248N12209318WA010600112050
B2052513839243N12209314WA010600112067
B2052523839238N12209311WA010590111936
B2052533839232N12209307WA010580111637
B2052543839225N12209302WA010560111497
B2052553839219N12209299WA010550111250
B2052563839213N12209296WA010550111382
B2052573839209N12209293WA010570111523
B2052583839205N12209290WA010610111902
B2052593839203N12209287WA010640112269
B2053003839202N12209286WA010670112522
B2053013839200N12209283WA010700112600
B2053023839197N12209279WA010720112632
B2053033839193N12209274WA010720112789
B2053043839190N12209271WA010740112812
B2053053839186N12209267WA010750113176
B2053063839183N12209264WA010770113561
B2053073839180N12209262WA010790113740
B2053083839176N12209261WA010810113985
B2053093839172N12209263WA010830114069
B2053103839170N12209270WA010840113921
B2053113839171N12209277WA010830113978
B2053123839175N12209284WA010830114056
B2053133839181N12209289WA010830114010
B2053143839187N12209291WA010830114221
B2053153839193N12209292WA010850114525
B2053163839198N12209294WA010880114973
B2053173839202N12209293WA010910115455
B2053183839207N12209292WA010940115661
B2053193839212N12209287WA010960115740
B2053203839216N12209280WA010970115721
B2053213839217N12209272WA010970115862
B2053223839216N12209264WA010970116009
B2053233839211N12209259WA010980116093
B2053243839206N12209257WA010990116171
B2053253839201N12209258WA011010116373
B2053263839198N12209262WA011020116455
B2053273839197N12209268WA011040116558
B2053283839199N12209275WA011060116716
B2053293839202N12209280WA011080116898
B2053303839208N12209282WA011100117084
B2053313839214N12209281WA011120117283
B2053323839220N12209277WA011140117409
B2053333839224N12209272WA011160117536
B2053343839227N12209265WA011170117719
B2053353839228N12209258WA011180117850
B2053363839227N12209250WA011190118074
B2053373839226N12209243WA011200118004
B2053383839221N12209238WA011200118196
B2053393839217N12209236WA011210118205
B2053403839211N12209237WA011220118385
B2053413839208N12209241WA011230118404
B2053423839206N12209246WA011240118723
B2053433839206N12209251WA011270118924
B2053443839208N12209256WA011290119147
B2053453839211N12209261WA011310119405
B2053463839215N12209264WA011340119618
B2053473839220N12209266WA011370119940
B2053483839226N12209264WA011400120198
B2053493839232N12209259WA011420120276
B2053503839237N12209252WA011430120338
B2053513839240N12209244WA011440120553
B2053523839241N12209235WA011450120726
B2053533839239N12209228WA011460121008
B2053543839235N12209223WA011480121105
B2053553839229N12209220WA011480121167
B2053563839224N12209220WA011490121148
B2053573839219N12209223WA011500121398
B2053583839216N12209228WA011520121625
B2053593839213N12209233WA011540121896
B2054003839212N12209238WA011570122136
B2054013839210N12209243WA011600122334
B2054023839207N12209246WA011630122598
B2054033839206N12209250WA011660122737
B2054043839205N12209255WA011690123041
B2054053839206N12209260WA011710123061
B2054063839210N12209265WA011710123146
B2054073839216N12209269WA011710123087
B2054083839224N12209271WA011710123133
B2054093839230N12209266WA011710123165
B2054103839235N12209260WA011720123396
B2054113839237N12209252WA011730123365
B2054123839237N12209244WA011740123507
B2054133839234N12209239WA011750123733
B2054143839229N12209236WA011760123995
B2054153839224N12209237WA011790124070
B2054163839219N12209239WA011810124190
B2054173839218N12209245WA011840124291
B2054183839218N12209249WA011870124548
B2054193839218N12209254WA011900124774
B2054203839221N12209259WA011900124818
B2054213839225N12209264WA011900124788
B2054223839231N12209269WA011910124931
B2054233839238N12209266WA011910125079
B2054243839244N12209263WA011910125099
B2054253839250N12209259WA011910125171
B2054263839256N12209253WA011910125106
B2054273839258N12209247WA011910125224
B2054283839259N12209240WA011900125161
B2054293839258N12209232WA011890125162
B2054303839255N12209225WA011880124701
B2054313839250N12209219WA011870124651
B2054323839246N12209214WA011880124984
B2054333839244N12209211WA011900125108
B2054343839241N12209209WA011920125507
B2054353839237N12209208WA011950125682
B2054363839234N12209210WA011970125746
B2054373839231N12209214WA011990125722
B2054383839228N12209219WA012000125824
B2054393839226N12209224WA012030126188
B2054403839226N12209229WA012060126690
B2054413839229N12209233WA012090127013
B2054423839232N12209237WA012110127024
B2054433839239N12209238WA012100127145
B2054443839245N12209238WA012090127057
B2054453839251N12209236WA012080127092
B2054463839256N12209232WA012080127153
B2054473839260N12209228WA012080127144
B2054483839264N12209223WA012080127363
B2054493839267N12209217WA012090127336
B2054503839269N12209210WA012100127211
B2054513839269N12209201WA012090127256
B2054523839267N12209194WA012090127234
B2054533839263N12209188WA012090127225
B2054543839259N12209184WA012090127237
B2054553839255N12209183WA012100127239
B2054563839252N12209183WA012110127422
B2054573839249N12209183WA012120127505
B2054583839245N12209185WA012130127667
B2054593839242N12209188WA012150127746
B2055003839239N12209191WA012160127811
B2055013839235N12209193WA012180128071
B2055023839233N12209195WA012190128131
B2055033839231N12209198WA012190128245
B2055043839232N12209204WA012190128130
B2055053839237N12209209WA012170127954
B2055063839243N12209213WA012150127393
B2055073839251N12209212WA012130127125
B2055083839257N12209210WA012110127260
B2055093839262N12209206WA012090127364
B2055103839267N12209202WA012080127133
B2055113839272N12209197WA012080127217
B2055123839276N12209193WA012080127278
B2055133839282N12209190WA012080127236
B2055143839287N12209188WA012080127220
B2055153839292N12209184WA012080127318
B2055163839296N12209182WA012090127375
B2055173839301N12209179WA012080127344
B2055183839306N12209176WA012080127292
B2055193839312N12209173WA012070127229
B2055203839318N12209172WA012060127108
B2055213839323N12209172WA012060127080
B2055223839329N12209171WA012050127076
B2055233839335N12209171WA012040127090
B2055243839342N12209169WA012020126893
B2055253839349N12209167WA012010126684
B2055263839357N12209162WA011990126619
B2055273839363N12209158WA011980126683
B2055283839369N12209154WA011990126538
B2055293839374N12209152WA011990126770
B2055303839380N12209150WA011990126725
B2055313839385N12209149WA011980126599
B2055323839393N12209150WA011960126435
B2055333839401N12209149WA011930126357
B2055343839409N12209148WA011910125985
B2055353839418N12209145WA011900125758
B2055363839427N12209144WA011890125625
B2055373839435N12209143WA011890125527
B2055383839442N12209143WA011890125554
B2055393839449N12209142WA011910125801
B2055403839455N12209140WA011920125941
B2055413839461N12209138WA011940126003
B2055423839466N12209136WA011950126163
B2055433839472N12209134WA011960126197
B2055443839479N12209132WA011960126157
B2055453839486N12209131WA011960126179
B2055463839493N12209131WA011960126127
B2055473839499N12209131WA011970126212
B2055483839504N12209130WA011970126392
B2055493839510N12209128WA011970126348
B2055503839516N12209126WA011960126297
B2055513839523N12209125WA011950126091
B2055523839531N12209124WA011940125812
B2055533839538N12209122WA011920125677
B2055543839547N12209122WA011890125402
B2055553839555N12209121WA011870125235
B2055563839563N12209120WA011860125138
B2055573839571N12209120WA011850125012
B2055583839578N12209119WA011850125047
B2055593839585N12209119WA011850125069
B2056003839592N12209119WA011850125086
B2056013839599N12209119WA011840124955
B2056023839607N12209119WA011830124736
B2056033839615N12209119WA011820124613
B2056043839623N12209120WA011810124510
B2056053839630N12209119WA011800124685
B2056063839638N12209119WA011780124688
B2056073839647N12209120WA011770124400
B2056083839655N12209120WA011750124137
B2056093839663N12209121WA011730123971
B2056103839671N12209119WA011710123766
B2056113839680N12209119WA011700123553
B2056123839688N12209118WA011690123485
B2056133839696N12209116WA011680123277
B2056143839704N12209115WA011690123258
B2056153839711N12209113WA011680123286
B2056163839719N12209110WA011680123229
B2056173839726N12209109WA011670123152
B2056183839734N12209107WA011660123066
B2056193839742N12209105WA011640122991
B2056203839751N12209103WA011630122725
B2056213839759N12209102WA011620122629
B2056223839766N12209102WA011600122667
B2056233839775N12209102WA011590122628
B2056243839782N12209102WA011580122596
B2056253839790N12209103WA011560122444
B2056263839797N12209103WA011540122198
B2056273839806N12209103WA011530122072
B2056283839815N12209103WA011510121869
B2056293839824N12209104WA011510121814
B2056303839832N12209105WA011500121641
B2056313839838N12209104WA011500121569
B2056323839845N12209106WA011480121260
B2056333839853N12209107WA011460121097
B2056343839862N12209109WA011430120767
B2056353839871N12209111WA011400120242
B2056363839880N12209112WA011360119892
B2056373839890N12209113WA011340119702
B2056383839899N12209114WA011320119564
B2056393839909N12209114WA011310119428
B2056403839917N12209116WA011320119481
B2056413839926N12209117WA011320119414
B2056423839933N12209118WA011310119396
B2056433839940N12209119WA011290119350
B2056443839946N12209119WA011270119162
B2056453839954N12209118WA011250118847
B2056463839962N12209119WA011230118732
B2056473839969N12209120WA011220118766
B2056483839976N12209122WA011220118624
B2056493839982N12209123WA011220118679
B2056503839989N12209125WA011210118441
B2056513839996N12209126WA011210118342
B2056523840003N12209128WA011190118082
B2056533840012N12209130WA011180117906
B2056543840020N12209132WA011160117921
B2056553840028N12209133WA011150117852
B2056563840036N12209134WA011140117848
B2056573840044N12209136WA011130117781
B2056583840053N12209136WA011110117544
B2056593840062N12209137WA011100117319
B2057003840071N12209139WA011090117208
B2057013840079N12209142WA011100117282
B2057023840088N12209144WA011110117258
B2057033840095N12209146WA011120117236
B2057043840101N12209147WA011140117349
B2057053840107N12209148WA011150117584
B2057063840114N12209149WA011160117626
B2057073840121N12209150WA011150117632
B2057083840128N12209150WA011150117542
B2057093840135N12209149WA011140117567
B2057103840142N12209148WA011130117416
B2057113840149N12209147WA011120117337
B2057123840157N12209147WA011110117322
B2057133840164N12209146WA011100117173
B2057143840172N12209145WA011090117067
B2057153840180N12209144WA011080117025
B2057163840187N12209143WA011080116977
B2057173840194N12209143WA011080116985
B2057183840202N12209143WA011070116805
B2057193840209N12209143WA011070116762
B2057203840217N12209142WA011060116776
B2057213840225N12209140WA011060116779
B2057223840232N12209138WA011060116885
B2057233840239N12209135WA011060116947
B2057243840245N12209132WA011060116934
B2057253840251N12209129WA011060116854
B2057263840257N12209126WA011060116797
B2057273840265N12209125WA011050116650
B2057283840273N12209125WA011050116631
B2057293840281N12209125WA011050116634
B2057303840288N12209125WA011060116756
B2057313840295N12209125WA011070116955
B2057323840302N12209125WA011090117212
B2057333840308N12209124WA011120117523
B2057343840314N12209122WA011140117651
B2057353840320N12209119WA011150117689
B2057363840327N12209117WA011140117535
B2057373840333N12209115WA011140117477
B2057383840340N12209114WA011130117352
B2057393840347N12209113WA011120117254
B2057403840354N12209113WA011110117283
B2057413840362N12209113WA011100117154
B2057423840370N12209113WA011090117035
B2057433840377N12209112WA011080116969
B2057443840384N12209112WA011080116914
B2057453840390N12209112WA011080117010
B2057463840395N12209112WA011080117066
B2057473840401N12209113WA011070116923
B2057483840407N12209114WA011070116709
B2057493840413N12209116WA011060116615
B2057503840419N12209118WA011040116522
B2057513840425N12209119WA011030116308
B2057523840430N12209121WA011020116376
B2057533840436N12209122WA011010116159
B2057543840442N12209124WA010980115915
B2057553840448N12209126WA010960115612
B2057563840454N12209128WA010930115318
B2057573840460N12209132WA010900115090
B2057583840468N12209135WA010870114618
B2057593840474N12209139WA010840114399
B2058003840481N12209143WA010820114228
B2058013840487N12209147WA010810114123
B2058023840492N12209150WA010810114152
B2058033840498N12209153WA010800113905
B2058043840503N12209157WA010780113692
B2058053840510N12209161WA010750113340
B2058063840517N12209164WA010730113056
B2058073840525N12209167WA010700112837
B2058083840532N12209169WA010680112788
B2058093840540N12209171WA010660112637
B2058103840547N12209173WA010650112539
B2058113840554N12209176WA010640112454
B2058123840561N12209179WA010630112344
B2058133840568N12209182WA010620112153
B2058143840576N12209185WA010600111824
B2058153840584N12209188WA010580111664
B2058163840593N12209190WA010570111629
B2058173840601N12209192WA010570111748
B2058183840609N12209194WA010570111707
B2058193840616N12209196WA010570111759
B2058203840623N12209199WA010570111664
B2058213840630N12209203WA010570111583
B2058223840638N12209207WA010560111405
B2058233840644N12209211WA010550111388
B2058243840651N12209216WA010540111382
B2058253840658N12209220WA010540111356
B2058263840665N12209224WA010530111249
B2058273840672N12209229WA010520111143
B2058283840679N12209233WA010520111122
B2058293840686N12209237WA010510111020
B2058303840692N12209240WA010520111197
B2058313840699N12209243WA010520111134
B2058323840705N12209246WA010520111225
B2058333840711N12209249WA010520111341
B2058343840717N12209252WA010520111192
B2058353840724N12209255WA010510111053
B2058363840731N12209258WA010490110756
B2058373840738N12209261WA010470110569
B2058383840746N12209264WA010460110413
B2058393840754N12209266WA010440110207
B2058403840762N12209268WA010420110126
B2058413840770N12209271WA010410109904
B2058423840777N12209273WA010400109969
B2058433840784N12209277WA010390109880
B2058443840791N12209280WA010390109961
B2058453840798N12209282WA010390109849
B2058463840804N12209285WA010380109796
B2058473840811N12209288WA010370109647
B2058483840818N12209291WA010360109415
B2058493840824N12209294WA010340109395
B2058503840831N12209297WA010330109133
B2058513840837N12209300WA010310109077
B2058523840844N12209304WA010300108921
B2058533840851N12209307WA010280108838
B2058543840857N12209311WA010270108795
B2058553840864N12209315WA010250108653
B2058563840870N12209318WA010240108589
B2058573840877N12209322WA010220108427
B2058583840883N12209327WA010210108380
B2058593840890N12209331WA010220108230
B2059003840896N12209334WA010220108414
B2059013840900N12209336WA010230108598
B2059023840905N12209338WA010240108655
B2059033840909N12209339WA010250108799
B2059043840914N12209341WA010250108733
B2059053840919N12209342WA010250108628
B2059063840924N12209344WA010240108538
B2059073840929N12209347WA010230108350
B2059083840934N12209349WA010220108187
B2059093840940N12209352WA010200108044
B2059103840946N12209354WA010190108017
B2059113840951N12209356WA010190107964
B2059123840957N12209357WA010200108122
B2059133840962N12209357WA010200108169
B2059143840967N12209358WA010200108148
B2059153840972N12209359WA010200108015
B2059163840977N12209360WA010190108048
B2059173840983N12209362WA010180107804
B2059183840988N12209364WA010160107680
B2059193840994N12209365WA010150107558
B2059203840999N12209366WA010140107489
B2059213841004N12209368WA010120107372
B2059223841009N12209369WA010110107252
B2059233841014N12209370WA010090107167
B2059243841019N12209372WA010070106990
B2059253841025N12209374WA010050106642
B2059263841032N12209376WA010020106331
B2059273841038N12209379WA009990106090
B2059283841045N12209381WA009970105885
B2059293841052N12209383WA009960105747
B2059303841058N12209386WA009960105653
B2059313841064N12209388WA009960105639
B2059323841070N12209390WA009960105544
B2059333841075N12209392WA009960105584
B2059343841081N12209394WA009950105543
B2059353841087N12209396WA009950105522
B2059363841093N12209399WA009940105400
B2059373841099N12209402WA009930105210
B2059383841105N12209405WA009910105108
B2059393841110N12209409WA009910104994
B2059403841116N12209413WA009900104940
B2059413841121N12209415WA009900104969
B2059423841126N12209418WA009910105056
B2059433841131N12209421WA009900104946
B2059443841136N12209425WA009900104871
B2059453841141N12209429WA009900104851
B2059463841146N12209433WA009900104887
B2059473841152N12209438WA009900104802
B2059483841157N12209441WA009910105018
B2059493841161N12209445WA009920105153
B2059503841165N12209448WA009930105338
B2059513841169N12209452WA009940105434
B2059523841173N12209455WA009950105512
B2059533841177N12209457WA009950105451
B2059543841182N12209457WA009950105352
B2059553841187N12209454WA009940105262
B2059563841192N12209450WA009940105115
B2059573841195N12209444WA009940105139
B2059583841197N12209439WA009950105147
B2059593841199N12209435WA009960105193
B2100003841202N12209430WA009960105252
B2100013841205N12209425WA009960105155
B2100023841208N12209420WA009960105142
B2100033841211N12209415WA009960105160
B2100043841214N12209409WA009950105165
B2100053841217N12209404WA009950105183
B2100063841221N12209399WA009950105128
B2100073841224N12209395WA009950105255
B2100083841227N12209390WA009950105385
B2100093841231N12209386WA009950105130
B2100103841234N12209380WA009950105264
B2100113841238N12209375WA009950105104
B2100123841241N12209370WA009950105134
B2100133841244N12209366WA009950105152
B2100143841247N12209361WA009950105188
B2100153841252N12209357WA009940105007
B2100163841257N12209353WA009930104918
B2100173841262N12209349WA009920104925
B2100183841266N12209344WA009920104974
B2100193841270N12209339WA009910104987
B2100203841274N12209335WA009910104991
B2100213841278N12209330WA009900104973
B2100223841282N12209325WA009890104997
B2100233841286N12209320WA009880104785
B2100243841291N12209315WA009870104603
B2100253841295N12209309WA009860104456
B2100263841300N12209303WA009840104337
B2100273841304N12209297WA009830104178
B2100283841309N12209291WA009830104125
B2100293841313N12209285WA009830104183
B2100303841317N12209279WA009830104272
B2100313841321N12209273WA009830104268
B2100323841325N12209268WA009840104280
B2100333841330N12209262WA009850104346
B2100343841334N12209256WA009850104399
B2100353841339N12209251WA009860104495
B2100363841344N12209245WA009860104389
B2100373841349N12209241WA009860104277
B2100383841354N12209237WA009850104114
B2100393841357N12209231WA009840104179
B2100403841361N12209225WA009820103948
B2100413841364N12209219WA009810103894
B2100423841367N12209213WA009790103651
B2100433841367N12209205WA009780103568
B2100443841363N12209199WA009760103490
B2100453841358N12209194WA009750103350
B2100463841352N12209191WA009750103377
B2100473841348N12209191WA009770103531
B2100483841345N12209191WA009790103825
B2100493841342N12209192WA009800104085
B2100503841340N12209194WA009820104143
B2100513841336N12209196WA009820104187
B2100523841332N12209199WA009810103987
B2100533841328N12209203WA009800103851
B2100543841323N12209206WA009790103776
B2100553841319N12209209WA009780103639
B2100563841314N12209213WA009770103696
B2100573841310N12209216WA009770103524
B2100583841305N12209218WA009760103483
B2100593841300N12209219WA009770103454
B2101003841295N12209219WA009770103537
B2101013841290N12209220WA009780103570
B2101023841286N12209220WA009790103752
B2101033841282N12209221WA009800103905
B2101043841278N12209222WA009820103915
B2101053841273N12209224WA009830103970
B2101063841269N12209225WA009850104084
B2101073841266N12209227WA009860104232
B2101083841263N12209228WA009880104339
B2101093841260N12209231WA009890104537
B2101103841258N12209236WA009890104512
B2101113841256N12209242WA009880104578
B2101123841257N12209251WA009880104373
B2101133841261N12209259WA009880104310
B2101143841266N12209263WA009880104446
B2101153841272N12209265WA009890104620
B2101163841278N12209262WA009900104612
B2101173841283N12209257WA009900104701
B2101183841286N12209250WA009910104747
B2101193841288N12209243WA009910104806
B2101203841288N12209236WA009920104900
B2101213841286N12209230WA009930104981
B2101223841284N12209224WA009940104932
B2101233841280N12209219WA009950105089
B2101243841276N12209216WA009960105099
B2101253841272N12209216WA009970105361
B2101263841268N12209218WA009990105445
B2101273841264N12209223WA009980105420
B2101283841261N12209229WA009980105312
B2101293841260N12209236WA009970105221
B2101303841260N12209243WA009960105386
B2101313841262N12209250WA009960105380
B2101323841267N12209254WA009960105319
B2101333841273N12209256WA009960105327
B2101343841280N12209255WA009960105403
B2101353841285N12209249WA009950105315
B2101363841289N12209242WA009940105259
B2101373841292N12209235WA009950105113
B2101383841293N12209228WA009970105465
B2101393841296N12209222WA009980105724
B2101403841299N12209216WA010000105934
B2101413841301N12209210WA010010106092
B2101423841304N12209203WA010020106232
B2101433841306N12209196WA010030106082
B2101443841308N12209189WA010030106090
B2101453841309N12209182WA010040106151
B2101463841308N12209176WA010040106225
B2101473841305N12209171WA010040106234
B2101483841301N12209167WA010040106270
B2101493841297N12209163WA010040106175
B2101503841293N12209160WA010040106197
B2101513841289N12209158WA010040106286
B2101523841285N12209157WA010040106276
B2101533841281N12209158WA010040106136
B2101543841277N12209161WA010040106018
B2101553841273N12209166WA010040105989
B2101563841271N12209172WA010030105826
B2101573841269N12209178WA010010105659
B2101583841268N12209186WA010000105571
B2101593841269N12209193WA009980105359
B2102003841271N12209201WA009970105263
B2102013841275N12209207WA009950105154
B2102023841280N12209211WA009950105142
B2102033841285N12209212WA009950105196
B2102043841291N12209207WA009950105199
B2102053841297N12209202WA009950105104
B2102063841301N12209196WA009950105202
B2102073841304N12209190WA009960105444
B2102083841307N12209185WA009970105620
B2102093841308N12209178WA009980105696
B2102103841309N12209172WA009990105555
B2102113841309N12209165WA009990105473
B2102123841309N12209157WA009980105473
B2102133841310N12209149WA009980105313
B2102143841310N12209141WA009980105397
B2102153841311N12209134WA009980105452
B2102163841312N12209127WA009990105514
B2102173841312N12209121WA010000105693
B2102183841313N12209115WA010000105722
B2102193841314N12209108WA010010105719
B2102203841315N12209102WA010010105791
B2102213841319N12209095WA010000105611
B2102223841322N12209088WA010000105668
B2102233841327N12209083WA010000105601
B2102243841330N12209077WA010000105631
B2102253841333N12209072WA010010105784
B2102263841337N12209067WA010010105726
B2102273841340N12209061WA010010105699
B2102283841344N12209056WA010010105666
B2102293841348N12209050WA010010105653
B2102303841352N12209042WA010010105669
B2102313841356N12209036WA010010105751
B2102323841361N12209030WA010020105712
B2102333841364N12209024WA010040106094
B2102343841368N12209019WA010050106216
B2102353841371N12209015WA010080106432
B2102363841374N12209011WA010090106656
B2102373841378N12209008WA010110106824
B2102383841381N12209004WA010120106894
B2102393841385N12208999WA010120106827
B2102403841390N12208994WA010130106838
B2102413841394N12208990WA010140107010
B2102423841397N12208985WA010150107277
B2102433841401N12208981WA010170107537
B2102443841404N12208977WA010180107652
B2102453841407N12208972WA010200107747
B2102463841411N12208967WA010210107847
B2102473841415N12208963WA010210107974
B2102483841419N12208958WA010220108095
B2102493841424N12208953WA010230108119
B2102503841427N12208948WA010240108253
B2102513841431N12208942WA010230108204
B2102523841433N12208935WA010240108252
B2102533841435N12208927WA010240108354
B2102543841436N12208919WA010250108361
B2102553841436N12208911WA010260108540
B2102563841435N12208903WA010280108664
B2102573841432N12208897WA010300108894
B2102583841429N12208892WA010320108902
B2102593841423N12208888WA010330109096
B2103003841417N12208885WA010340109099
B2103013841411N12208886WA010350109191
B2103023841406N12208888WA010370109382
B2103033841402N12208891WA010380109454
B2103043841400N12208898WA010380109696
B2103053841400N12208905WA010380109514
B2103063841401N12208911WA010390109678
B2103073841403N12208917WA010410110056
B2103083841406N12208920WA010420110140
B2103093841410N12208922WA010440110413
B2103103841415N12208923WA010460110511
B2103113841420N12208922WA010470110516
B2103123841425N12208920WA010490110704
B2103133841429N12208916WA010500110951
B2103143841432N12208910WA010510110975
B2103153841435N12208903WA010500111079
B2103163841436N12208895WA010510111178
B2103173841437N12208887WA010510111122
B2103183841435N12208879WA010520111232
B2103193841431N12208872WA010530111381
B2103203841427N12208866WA010540111569
B2103213841422N12208863WA010560111785
B2103223841417N12208861WA010570111868
B2103233841412N12208861WA010590111948
B2103243841407N12208864WA010600112040
B2103253841402N12208868WA010600112082
B2103263841399N12208874WA010610112070
B2103273841398N12208880WA010610112175
B2103283841398N12208886WA010620112278
B2103293841400N12208892WA010630112302
B2103303841402N12208896WA010640112476
B2103313841406N12208899WA010650112574
B2103323841411N12208900WA010660112627
B2103333841417N12208897WA010660112673
B2103343841423N12208891WA010670112725
B2103353841426N12208884WA010680112791
B2103363841428N12208875WA010690112973
B2103373841428N12208866WA010710113134
B2103383841425N12208858WA010720113291
B2103393841421N12208852WA010740113393
B2103403841416N12208848WA010750113563
B2103413841410N12208846WA010760113544
B2103423841404N12208847WA010760113543
B2103433841399N12208850WA010770113630
B2103443841395N12208854WA010780113767
B2103453841393N12208860WA010790113954
B2103463841393N12208866WA010800113909
B2103473841393N12208873WA010800114085
B2103483841396N12208880WA010810114015
B2103493841400N12208885WA010820114108
B2103503841405N12208888WA010820114228
B2103513841410N12208890WA010830114450
B2103523841416N12208888WA010840114453
B2103533841422N12208885WA010850114433
B2103543841427N12208880WA010860114534
B2103553841430N12208873WA010870114654
B2103563841431N12208865WA010890114840
B2103573841430N12208856WA010900114838
B2103583841426N12208849WA010910114885
B2103593841422N12208843WA010920115030
B2104003841417N12208840WA010940115115
B2104013841411N12208839WA010950115368
B2104023841406N12208841WA010960115330
B2104033841401N12208844WA010960115435
B2104043841397N12208849WA010970115552
B2104053841396N12208855WA010980115515
B2104063841396N12208862WA010980115740
B2104073841397N12208868WA010990115981
B2104083841400N12208873WA011000115970
B2104093841405N12208876WA011010116057
B2104103841411N12208878WA011000116047
B2104113841417N12208878WA011010116144
B2104123841423N12208876WA011020116325
B2104133841427N12208871WA011040116405
B2104143841430N12208865WA011050116732
B2104153841430N12208858WA011070116887
B2104163841428N12208851WA011090117133
B2104173841425N12208844WA011100117219
B2104183841420N12208839WA011100117272
B2104193841415N12208835WA011100117269
B2104203841409N12208835WA011100117280
B2104213841404N12208836WA011100117203
B2104223841399N12208839WA011110117283
B2104233841397N12208844WA011110117271
B2104243841396N12208850WA011110117281
B2104253841397N12208857WA011110117220
B2104263841399N12208863WA011110117216
B2104273841402N12208869WA011120117234
B2104283841406N12208873WA011130117517
B2104293841411N12208876WA011140117706
B2104303841416N12208877WA011150117873
B2104313841422N12208875WA011160117927
B2104323841427N12208871WA011170118047
B2104333841431N12208865WA011190118168
B2104343841434N12208859WA011200118322
B2104353841434N12208852WA011210118561
B2104363841433N12208845WA011230118643
B2104373841430N12208838WA011240118778
B2104383841426N12208834WA011250118753
B2104393841421N12208831WA011260118769
B2104403841416N12208831WA011260118845
B2104413841411N12208833WA011270118893
B2104423841408N12208836WA011270118949
B2104433841405N12208841WA011270118964
B2104443841405N12208849WA011270118970
B2104453841406N12208856WA011260118858
B2104463841406N12208864WA011260118884
B2104473841406N12208871WA011270118928
B2104483841405N12208878WA011290119214
B2104493841403N12208884WA011310119470
B2104503841403N12208890WA011330119613
B2104513841402N12208896WA011340119749
B2104523841401N12208904WA011360119770
B2104533841400N12208911WA011370119792
B2104543841400N12208917WA011380119817
B2104553841398N12208924WA011400119864
B2104563841396N12208930WA011420119941
B2104573841393N12208936WA011440120092
B2104583841391N12208942WA011450120023
B2104593841388N12208948WA011470120202
B2105003841384N12208953WA011490120466
B2105013841381N12208959WA011510120574
B2105023841379N12208965WA011510120771
B2105033841378N12208970WA011520120917
B2105043841376N12208977WA011520121144
B2105053841374N12208984WA011530121233
B2105063841373N12208990WA011540121308
B2105073841371N12208996WA011560121508
B2105083841369N12209001WA011570121717
B2105093841367N12209007WA011590121842
B2105103841365N12209012WA011610122099
B2105113841364N12209018WA011620122086
B2105123841363N12209024WA011630122286
B2105133841363N12209030WA011630122235
B2105143841363N12209036WA011630122227
B2105153841363N12209043WA011630122230
B2105163841363N12209049WA011620122274
B2105173841364N12209056WA011620122122
B2105183841364N12209062WA011610122098
B2105193841365N12209071WA011600121971
B2105203841367N12209078WA011610122018
B2105213841368N12209085WA011620122252
B2105223841369N12209089WA011640122347
B2105233841370N12209093WA011660122509
B2105243841370N12209098WA011670122669
B2105253841373N12209103WA011680122804
B2105263841377N12209107WA011670122651
B2105273841383N12209108WA011660122470
B2105283841389N12209105WA011640122390
B2105293841394N12209098WA011640122119
B2105303841395N12209090WA011630122238
B2105313841394N12209082WA011620122378
B2105323841393N12209076WA011630122362
B2105333841392N12209069WA011640122551
B2105343841392N12209061WA011640122579
B2105353841392N12209055WA011640122570
B2105363841392N12209048WA011630122443
B2105373841392N12209041WA011630122402
B2105383841390N12209033WA011620122486
B2105393841389N12209025WA011620122424
B2105403841387N12209017WA011620122446
B2105413841385N12209010WA011620122445
B2105423841383N12209004WA011630122402
B2105433841380N12208997WA011630122484
B2105443841378N12208991WA011640122575
B2105453841376N12208985WA011630122507
B2105463841371N12208981WA011630122412
B2105473841365N12208979WA011620122339
B2105483841359N12208982WA011610122113
B2105493841354N12208987WA011600122035
B2105503841350N12208992WA011600122178
B2105513841348N12208997WA011610122142
B2105523841346N12209000WA011610122355
B2105533841343N12209004WA011610122381
B2105543841341N12209008WA011610122371
B2105553841339N12209012WA011610122397
B2105563841338N12209018WA011600122293
B2105573841339N12209024WA011600122201
B2105583841339N12209030WA011590122171
B2105593841341N12209036WA011590122141
B2106003841342N12209040WA011600122138
B2106013841342N12209045WA011600122296
B2106023841343N12209050WA011610122336
B2106033841343N12209055WA011610122388
B2106043841345N12209061WA011610122232
B2106053841347N12209066WA011600122282
B2106063841351N12209070WA011600122154
B2106073841356N12209073WA011600122110
B2106083841361N12209073WA011600122001
B2106093841365N12209070WA011600122151
B2106103841368N12209064WA011600122279
B2106113841370N12209057WA011600122129
B2106123841370N12209050WA011600122115
B2106133841368N12209043WA011600122192
B2106143841365N12209036WA011600122199
B2106153841361N12209031WA011590122068
B2106163841356N12209027WA011590122019
B2106173841350N12209025WA011580122014
B2106183841343N12209024WA011580122085
B2106193841338N12209025WA011580122042
B2106203841333N12209028WA011580122050
B2106213841328N12209030WA011590122136
B2106223841323N12209033WA011590122181
B2106233841319N12209036WA011590122027
B2106243841314N12209040WA011590122191
B2106253841310N12209044WA011600122196
B2106263841307N12209049WA011600122174
B2106273841306N12209054WA011600122246
B2106283841306N12209060WA011600122234
B2106293841308N12209066WA011600122350
B2106303841312N12209070WA011590122139
B2106313841317N12209073WA011590122056
B2106323841323N12209073WA011590122007
B2106333841328N12209072WA011590122134
B2106343841333N12209070WA011590122271
B2106353841338N12209067WA011600122379
B2106363841343N12209065WA011600122353
B2106373841348N12209063WA011600122321
B2106383841352N12209060WA011600122294
B2106393841357N12209058WA011600122284
B2106403841363N12209057WA011600122210
B2106413841368N12209056WA011600122360
B2106423841373N12209054WA011610122456
B2106433841378N12209053WA011620122611
B2106443841382N12209051WA011630122736
B2106453841386N12209050WA011650122732
B2106463841390N12209049WA011660122833
B2106473841394N12209048WA011660122979
B2106483841399N12209049WA011670122933
B2106493841403N12209049WA011680123054
B2106503841407N12209050WA011690123090
B2106513841412N12209052WA011700123130
B2106523841416N12209052WA011710123339
B2106533841420N12209053WA011730123410
B2106543841423N12209053WA011740123572
B2106553841428N12209052WA011750123619
B2106563841432N12209053WA011750123723
B2106573841437N12209052WA011740123638
B2106583841442N12209053WA011740123671
B2106593841447N12209052WA011740123540
B2107003841452N12209050WA011740123621
B2107013841456N12209046WA011750123633
B2107023841459N12209042WA011760123830
B2107033841461N12209036WA011780124054
B2107043841462N12209030WA011800124225
B2107053841459N12209025WA011820124370
B2107063841456N12209019WA011840124464
B2107073841452N12209014WA011850124487
B2107083841445N12209013WA011850124478
B2107093841438N12209014WA011850124596
B2107103841433N12209018WA011870124634
B2107113841429N12209023WA011880124818
B2107123841426N12209030WA011900125160
B2107133841424N12209036WA011920125305
B2107143841424N12209042WA011940125428
B2107153841426N12209048WA011960125618
B2107163841428N12209053WA011970125751
B2107173841431N12209057WA011960125743
B2107183841435N12209060WA011960125812
B2107193841438N12209061WA011960126089
B2107203841442N12209063WA011970126090
B2107213841447N12209063WA011970126082
B2107223841452N12209061WA011970126174
B2107233841457N12209057WA011980126113
B2107243841460N12209052WA011980126240
B2107253841462N12209045WA011980126271
B2107263841463N12209037WA011980126421
B2107273841462N12209029WA011970126342
B2107283841459N12209021WA011970126219
B2107293841454N12209015WA011970126228
B2107303841448N12209012WA011980126311
B2107313841441N12209011WA011980126450
B2107323841435N12209012WA012000126421
B2107333841429N12209015WA012010126654
B2107343841424N12209019WA012040126854
B2107353841420N12209023WA012060127055
B2107363841417N12209028WA012080127264
B2107373841416N12209033WA012100127492
B2107383841417N12209038WA012100127375
B2107393841420N12209043WA012100127260
B2107403841428N12209043WA012090127205
B2107413841434N12209042WA012070127225
B2107423841439N12209036WA012060127108
B2107433841442N12209029WA012060127267
B2107443841444N12209022WA012070127436
B2107453841444N12209014WA012080127527
B2107463841443N12209007WA012090127685
B2107473841441N12209000WA012110127797
B2107483841438N12208995WA012130127790
B2107493841435N12208990WA012140127710
B2107503841430N12208985WA012150127819
B2107513841424N12208983WA012150127940
B2107523841418N12208981WA012150128086
B2107533841413N12208981WA012150128148
B2107543841408N12208983WA012160128229
B2107553841403N12208988WA012150128160
B2107563841398N12208993WA012150128090
B2107573841395N12208998WA012140127828
B2107583841391N12209005WA012140127710
B2107593841387N12209011WA012150127740
B2108003841384N12209016WA012160127802
B2108013841381N12209021WA012170127955
B2108023841380N12209026WA012170128055
B2108033841380N12209032WA012180128189
B2108043841383N12209037WA012170128159
B2108053841388N12209041WA012170127938
B2108063841393N12209044WA012160127865
B2108073841399N12209046WA012160127822
B2108083841403N12209046WA012160127964
B2108093841407N12209047WA012170128054
B2108103841411N12209048WA012180128250
B2108113841415N12209048WA012190128412
B2108123841419N12209049WA012190128272
B2108133841424N12209050WA012170128085
B2108143841430N12209052WA012160127851
B2108153841435N12209054WA012150127792
B2108163841441N12209055WA012140127768
B2108173841447N12209057WA012130127735
B2108183841453N12209058WA012120127536
B2108193841460N12209059WA012110127564
B2108203841468N12209059WA012100127417
B2108213841475N12209059WA012090127167
B2108223841482N12209059WA012090127058
B2108233841488N12209059WA012110127243
B2108243841494N12209058WA012120127430
B2108253841499N12209058WA012140127650
B2108263841504N12209058WA012170127894
B2108273841509N12209059WA012190128171
B2108283841514N12209059WA012210128284
B2108293841520N12209058WA012220128409
B2108303841525N12209059WA012220128430
B2108313841529N12209059WA012220128590
B2108323841535N12209060WA012220128371
B2108333841540N12209060WA012230128461
B2108343841545N12209060WA012240128449
B2108353841549N12209062WA012250128670
B2108363841552N12209062WA012270128891
B2108373841556N12209061WA012280128927
B2108383841559N12209062WA012290128953
B2108393841563N12209063WA012280128992
B2108403841568N12209064WA012270128887
B2108413841573N12209065WA012260128697
B2108423841578N12209067WA012250128560
B2108433841582N12209068WA012240128660
B2108443841586N12209069WA012230128418
B2108453841590N12209072WA012220128322
B2108463841595N12209075WA012210128101
B2108473841600N12209078WA012190127945
B2108483841606N12209082WA012170127612
B2108493841611N12209086WA012160127475
B2108503841617N12209090WA012140127535
B2108513841622N12209095WA012150127540
B2108523841627N12209098WA012150127633
B2108533841632N12209100WA012150127679
B2108543841637N12209104WA012150127651
B2108553841642N12209107WA012140127667
B2108563841648N12209111WA012130127307
B2108573841653N12209116WA012120127251
B2108583841658N12209120WA012100127151
B2108593841663N12209123WA012100127073
B2109003841668N12209126WA012090127087
B2109013841673N12209130WA012100127193
B2109023841679N12209133WA012090127117
B2109033841684N12209137WA012090127103
B2109043841689N12209141WA012090127024
B2109053841693N12209145WA012080126967
B2109063841698N12209150WA012070126964
B2109073841703N12209156WA012060126604
B2109083841707N12209162WA012050126630
B2109093841712N12209167WA012040126405
B2109103841716N12209173WA012030126351
B2109113841720N12209179WA012030126350
B2109123841724N12209184WA012030126292
B2109133841728N12209189WA012030126388
B2109143841732N12209195WA012030126351
B2109153841736N12209200WA012030126359
B2109163841740N12209207WA012020126242
B2109173841745N12209212WA012020126206
B2109183841749N12209218WA012010126268
B2109193841754N12209223WA012000126189
B2109203841759N12209228WA012000126268
B2109213841764N12209233WA012000126339
B2109223841769N12209238WA012000126325
B2109233841774N12209243WA012000126334
B2109243841779N12209247WA012000126328
B2109253841784N12209253WA012000126328
B2109263841789N12209259WA012000126133
B2109273841794N12209264WA012000126037
B2109283841799N12209270WA012000126021
B2109293841804N12209274WA012000126036
B2109303841809N12209279WA011990126126
B2109313841813N12209284WA011990126188
B2109323841818N12209290WA011990126042
B2109333841823N12209295WA011990126056
B2109343841828N12209300WA011980125969
B2109353841833N12209305WA011970125879
B2109363841839N12209311WA011960125822
B2109373841844N12209316WA011950125776
B2109383841850N12209321WA011940125649
B2109393841856N12209327WA011930125513
B2109403841861N12209332WA011920125595
B2109413841867N12209337WA011920125378
B2109423841873N12209343WA011920125263
B2109433841878N12209348WA011920125268
B2109443841883N12209353WA011920125197
B2109453841889N12209359WA011920125150
B2109463841894N12209364WA011910125188
B2109473841900N12209370WA011900125036
B2109483841905N12209376WA011900125070
B2109493841910N12209382WA011890124952
B2109503841915N12209388WA011890124970
B2109513841920N12209394WA011880124970
B2109523841925N12209400WA011880124874
B2109533841930N12209407WA011880124760
B2109543841935N12209413WA011870124665
B2109553841940N12209419WA011860124699
B2109563841945N12209426WA011850124648
B2109573841949N12209433WA011840124576
B2109583841953N12209440WA011830124542
B2109593841957N12209446WA011820124381
B2110003841962N12209452WA011800124262
B2110013841967N12209458WA011780123959
B2110023841972N12209466WA011750123532
B2110033841976N12209474WA011720123280
B2110043841981N12209481WA011700122961
B2110053841986N12209488WA011670122821
B2110063841990N12209495WA011640122660
B2110073841994N12209502WA011610122343
B2110083841998N12209509WA011570122047
B2110093842003N12209518WA011540121828
B2110103842008N12209526WA011500121219
B2110113842012N12209535WA011470121091
B2110123842018N12209543WA011440120741
B2110133842023N12209550WA011420120314
B2110143842028N12209557WA011400120153
B2110153842034N12209563WA011380119880
B2110163842041N12209567WA011350119595
B2110173842049N12209569WA011320119398
B2110183842057N12209572WA011300119050
B2110193842064N12209574WA011270118869
B2110203842071N12209578WA011250118636
B2110213842078N12209582WA011220118427
B2110223842085N12209587WA011200118220
B2110233842092N12209591WA011180117959
B2110243842099N12209597WA011160117694
B2110253842107N12209603WA011140117443
B2110263842114N12209609WA011140117374
B2110273842121N12209615WA011140117232
B2110283842127N12209621WA011140117371
B2110293842134N12209626WA011140117315
B2110303842140N12209631WA011140117441
B2110313842146N12209635WA011140117447
B2110323842152N12209639WA011140117345
B2110333842159N12209644WA011130117215
B2110343842165N12209649WA011130117301
B2110353842171N12209654WA011130117320
B2110363842177N12209658WA011130117229
B2110373842183N12209663WA011130117146
B2110383842188N12209668WA011120117089
B2110393842195N12209674WA011110116806
B2110403842200N12209680WA011100116878
B2110413842206N12209687WA011090116752
B2110423842212N12209692WA011090116723
B2110433842217N12209696WA011090116718
B2110443842221N12209701WA011080116686
B2110453842226N12209706WA011070116580
B2110463842232N12209709WA011060116229
B2110473842238N12209713WA011030115929
B2110483842244N12209718WA011000115601
B2110493842250N12209722WA010960115354
B2110503842257N12209727WA010930114841
B2110513842264N12209732WA010890114455
B2110523842271N12209738WA010860114214
B2110533842277N12209743WA010830114169
B2110543842283N12209749WA010830114152
B2110553842289N12209753WA010830114108
B2110563842294N12209759WA010820114010
B2110573842299N12209764WA010800113835
B2110583842305N12209769WA010780113774
B2110593842311N12209774WA010760113467
B2111003842317N12209779WA010740113309
B2111013842321N12209786WA010720113293
B2111023842327N12209792WA010700113016
B2111033842332N12209799WA010680112961
B2111043842338N12209804WA010670112777
B2111053842344N12209810WA010650112495
B2111063842351N12209815WA010630112208
B2111073842356N12209821WA010610112088
B2111083842362N12209827WA010590111784
B2111093842368N12209833WA010560111553
B2111103842374N12209839WA010520111455
B2111113842381N12209844WA010490111297
B2111123842388N12209850WA010460110855
B2111133842395N12209856WA010430110503
B2111143842400N12209861WA010420110490
B2111153842406N12209864WA010400110276
B2111163842411N12209868WA010380110033
B2111173842416N12209872WA010340109467
B2111183842421N12209878WA010300108790
B2111193842427N12209884WA010240108052
B2111203842434N12209890WA010190107553
B2111213842441N12209896WA010130106818
B2111223842447N12209902WA010070106439
B2111233842452N12209909WA010030106142
B2111243842457N12209915WA009990105805
B2111253842461N12209921WA009950105436
B2111263842466N12209928WA009900104800
B2111273842470N12209935WA009870104393
B2111283842476N12209942WA009820103817
B2111293842481N12209950WA009790103564
B2111303842486N12209957WA009780103342
B2111313842490N12209963WA009770103253
B2111323842494N12209969WA009770103010
B2111333842498N12209974WA009750102942
B2111343842502N12209979WA009740102955
B2111353842506N12209984WA009710102781
B2111363842511N12209989WA009680102325
B2111373842516N12209995WA009640101829
B2111383842521N12210002WA009590101335
B2111393842526N12210009WA009550100943
B2111403842531N12210015WA009510100688
B2111413842536N12210022WA009470100365
B2111423842541N12210028WA009440100147
B2111433842546N12210035WA009410099704
B2111443842551N12210042WA009380099505
B2111453842556N12210049WA009370099233
B2111463842561N12210056WA009360099022
B2111473842566N12210061WA009350098958
B2111483842572N12210066WA009330098813
B2111493842578N12210070WA009310098701
B2111503842583N12210073WA009290098488
B2111513842590N12210076WA009270098288
B2111523842598N12210080WA009240097923
B2111533842605N12210084WA009220097761
B2111543842613N12210087WA009210097626
B2111553842619N12210091WA009220097691
B2111563842626N12210094WA009230097833
B2111573842631N12210097WA009250097940
B2111583842636N12210099WA009260098112
B2111593842640N12210101WA009280098287
B2112003842645N12210103WA009290098335
B2112013842650N12210105WA009310098367
B2112023842656N12210107WA009310098458
B2112033842662N12210109WA009310098327
B2112043842667N12210111WA009320098470
B2112053842672N12210112WA009320098656
B2112063842677N12210113WA009340098819
B2112073842682N12210115WA009340098946
B2112083842687N12210118WA009350098980
B2112093842693N12210120WA009360098952
B2112103842698N12210123WA009370099080
B2112113842704N12210125WA009370099107
B2112123842709N12210128WA009370099031
B2112133842714N12210130WA009370099073
B2112143842720N12210132WA009370098965
B2112153842726N12210135WA009360098807
B2112163842731N12210139WA009350098701
B2112173842735N12210144WA009350098686
B2112183842740N12210150WA009340098557
B2112193842744N12210157WA009330098586
B2112203842748N12210164WA009320098589
B2112213842753N12210172WA009320098554
B2112223842757N12210179WA009320098667
B2112233842762N12210186WA009320098707
B2112243842765N12210193WA009330098793
B2112253842769N12210199WA009330098893
B2112263842773N12210204WA009340098908
B2112273842776N12210211WA009350098852
B2112283842780N12210217WA009360098928
B2112293842784N12210223WA009370099179
B2112303842789N12210228WA009380099265
B2112313842793N12210233WA009400099588
B2112323842797N12210238WA009410099628
B2112333842801N12210244WA009410099654
B2112343842806N12210250WA009410099613
B2112353842810N12210256WA009410099672
B2112363842816N12210262WA009420099651
B2112373842821N12210268WA009420099684
B2112383842826N12210274WA009420099775
B2112393842832N12210280WA009420099822
B2112403842837N12210285WA009430099896
B2112413842843N12210290WA009430099977
B2112423842849N12210296WA009440099952
B2112433842855N12210301WA009440099907
B2112443842860N12210307WA009440100031
B2112453842866N12210312WA009440100019
B2112463842872N12210318WA009430099942
B2112473842878N12210324WA009430099941
B2112483842884N12210329WA009430099945
B2112493842888N12210333WA009440099951
B2112503842893N12210335WA009440100008
B2112513842897N12210339WA009430099883
B2112523842902N12210342WA009410099698
B2112533842908N12210347WA009380099284
B2112543842914N12210353WA009350098893
B2112553842920N12210359WA009320098459
B2112563842925N12210366WA009290098216
B2112573842929N12210372WA009270098117
B2112583842932N12210378WA009250098179
B2112593842936N12210385WA009230097816
B2113003842939N12210392WA009200097576
B2113013842944N12210400WA009160096842
B2113023842949N12210408WA009110096355
B2113033842954N12210416WA009070095884
B2113043842960N12210426WA009020095330
B2113053842966N12210434WA008990095214
B2113063842971N12210441WA008970095199
B2113073842977N12210448WA008970095046
B2113083842982N12210455WA008970094975
B2113093842988N12210461WA008950094649
B2113103842994N12210468WA008930094477
B2113113843002N12210474WA008900094144
B2113123843010N12210479WA008870093713
B2113133843017N12210484WA008840093687
B2113143843024N12210490WA008820093510
B2113153843030N12210494WA008820093668
B2113163843037N12210499WA008820093528
B2113173843044N12210504WA008810093501
B2113183843050N12210508WA008800093352
B2113193843057N12210512WA008790093105
B2113203843063N12210516WA008770093086
B2113213843070N12210520WA008750092863
B2113223843077N12210524WA008730092681
B2113233843085N12210527WA008710092341
B2113243843092N12210531WA008680092111
B2113253843098N12210535WA008650092091
B2113263843106N12210539WA008630091714
B2113273843112N12210543WA008600091493
B2113283843119N12210547WA008580091194
B2113293843126N12210552WA008550090953
B2113303843133N12210557WA008530090622
B2113313843139N12210562WA008500090382
B2113323843146N12210566WA008460090079
B2113333843153N12210571WA008430089766
B2113343843160N12210575WA008390089399
B2113353843168N12210580WA008350089024
B2113363843175N12210585WA008320088523
B2113373843182N12210591WA008280088140
B2113383843189N12210597WA008240087877
B2113393843196N12210605WA008210087420
B2113403843202N12210612WA008170087145
B2113413843208N12210620WA008150086851
B2113423843214N12210627WA008120086583
B2113433843220N12210634WA008090086257
B2113443843226N12210642WA008060085993
B2113453843233N12210650WA008030085832
B2113463843240N12210657WA007990085553
B2113473843247N12210664WA007960085182
B2113483843255N12210670WA007930084828
B2113493843261N12210677WA007920084695
B2113503843268N12210684WA007910084470
B2113513843275N12210690WA007890084373
B2113523843282N12210696WA007860084072
B2113533843289N12210702WA007830083680
B2113543843296N12210708WA007800083342
B2113553843302N12210715WA007770083010
B2113563843306N12210723WA007730082771
B2113573843309N12210731WA007690082495
B2113583843312N12210740WA007670082322
B2113593843313N12210749WA007640081979
B2114003843315N12210760WA007610081539
B2114013843317N12210771WA007590081318
B2114023843317N12210781WA007600081295
B2114033843318N12210789WA007600081435
B2114043843319N12210796WA007600081307
B2114053843320N12210803WA007600081375
B2114063843323N12210810WA007590081218
B2114073843325N12210818WA007580080972
B2114083843328N12210826WA007560080780
B2114093843332N12210833WA007550080518
B2114103843335N12210841WA007530080402
B2114113843338N12210848WA007520080314
B2114123843341N12210855WA007500080302
B2114133843344N12210862WA007490080123
B2114143843347N12210869WA007460079897
B2114153843352N12210877WA007440079576
B2114163843358N12210886WA007400079103
B2114173843363N12210895WA007370078726
B2114183843368N12210905WA007340078453
B2114193843373N12210915WA007310078341
B2114203843378N12210924WA007300078202
B2114213843381N12210933WA007300078073
B2114223843385N12210941WA007290077838
B2114233843389N12210950WA007270077652
B2114243843393N12210959WA007250077264
B2114253843397N12210968WA007220076836
B2114263843401N12210977WA007190076569
B2114273843407N12210987WA007150076304
B2114283843412N12210996WA007120075952
B2114293843418N12211004WA007090075804
B2114303843424N12211012WA007070075720
B2114313843429N12211019WA007050075583
B2114323843436N12211025WA007060075405
B2114333843441N12211030WA007070075557
B2114343843445N12211034WA007070075849
B2114353843449N12211037WA007090076227
B2114363843451N12211040WA007090076296
B2114373843455N12211044WA007090076233
B2114383843459N12211048WA007070076119
B2114393843463N12211054WA007050075964
B2114403843469N12211060WA007030075603
B2114413843474N12211066WA007010075554
B2114423843479N12211071WA007000075311
B2114433843484N12211075WA006990075314
B2114443843489N12211080WA006990075204
B2114453843493N12211083WA006990075196
B2114463843498N12211087WA006980074994
B2114473843504N12211091WA006960074668
B2114483843510N12211096WA006940074470
B2114493843516N12211100WA006920074141
B2114503843522N12211104WA006900073923
B2114513843527N12211108WA006880073854
B2114523843533N12211112WA006850073622
B2114533843538N12211116WA006830073371
B2114543843544N12211119WA006810073029
B2114553843549N12211123WA006780072879
B2114563843555N12211127WA006750072568
B2114573843561N12211131WA006730072306
B2114583843566N12211135WA006700072135
B2114593843571N12211139WA006680071906
B2115003843575N12211143WA006660071779
B2115013843580N12211148WA006650071496
B2115023843586N12211152WA006620071267
B2115033843592N12211157WA006600070950
B2115043843597N12211161WA006580070788
B2115053843601N12211167WA006560070552
B2115063843604N12211173WA006550070415
B2115073843605N12211180WA006540070291
B2115083843607N12211186WA006530070164
B2115093843609N12211192WA006530070145
B2115103843610N12211198WA006530070097
B2115113843612N12211204WA006520070146
B2115123843613N12211210WA006530070173
B2115133843614N12211216WA006530070230
B2115143843614N12211220WA006540070286
B2115153843615N12211225WA006560070587
B2115163843618N12211229WA006580070706
B2115173843619N12211235WA006600070870
B2115183843621N12211239WA006630071099
B2115193843624N12211243WA006660071159
B2115203843626N12211247WA006690071486
B2115213843628N12211250WA006720071866
B2115223843629N12211254WA006750072150
B2115233843629N12211258WA006780072371
B2115243843629N12211262WA006790072423
B2115253843627N12211266WA006800072623
B2115263843623N12211268WA006810072894
B2115273843619N12211268WA006830073020
B2115283843614N12211264WA006850073260
B2115293843612N12211256WA006870073403
B2115303843612N12211246WA006880073537
B2115313843615N12211237WA006900073652
B2115323843620N12211230WA006930074086
B2115333843627N12211227WA006960074430
B2115343843633N12211226WA006980074784
B2115353843639N12211227WA007010074969
B2115363843644N12211230WA007040075135
B2115373843647N12211234WA007070075670
B2115383843649N12211239WA007100075943
B2115393843648N12211244WA007120076073
B2115403843645N12211248WA007120076172
B2115413843641N12211248WA007130076232
B2115423843636N12211246WA007150076492
B2115433843633N12211239WA007160076448
B2115443843633N12211231WA007170076550
B2115453843635N12211221WA007180076775
B2115463843640N12211213WA007200076900
B2115473843645N12211205WA007230077127
B2115483843650N12211201WA007260077360
B2115493843656N12211198WA007290077459
B2115503843663N12211199WA007320077500
B2115513843668N12211199WA007340077877
B2115523843674N12211201WA007370078038
B2115533843678N12211205WA007390078354
B2115543843680N12211210WA007410078574
B2115553843680N12211215WA007430078782
B2115563843678N12211218WA007450079142
B2115573843675N12211218WA007460079416
B2115583843671N12211215WA007480079668
B2115593843668N12211210WA007500079838
B2116003843665N12211204WA007520080027
B2116013843662N12211198WA007540080262
B2116023843660N12211192WA007570080590
B2116033843660N12211185WA007600080911
B2116043843661N12211176WA007630081036
B2116053843665N12211167WA007640081225
B2116063843671N12211159WA007650081326
B2116073843677N12211152WA007670081613
B2116083843684N12211150WA007700081723
B2116093843690N12211148WA007730082092
B2116103843697N12211150WA007750082213
B2116113843702N12211153WA007770082221
B2116123843705N12211156WA007780082319
B2116133843706N12211161WA007790082513
B2116143843705N12211164WA007800082579
B2116153843704N12211167WA007820082736
B2116163843702N12211169WA007830082879
B2116173843700N12211169WA007840082970
B2116183843698N12211168WA007860082935
B2116193843695N12211166WA007870083017
B2116203843691N12211163WA007890083298
B2116213843689N12211159WA007900083386
B2116223843689N12211148WA007910083453
B2116233843689N12211137WA007930083629
B2116243843691N12211128WA007960083799
B2116253843694N12211121WA007990084253
B2116263843696N12211114WA008020084682
B2116273843700N12211107WA008060085029
B2116283843703N12211101WA008080085282
B2116293843708N12211094WA008100085491
B2116303843714N12211088WA008100085530
B2116313843720N12211083WA008090085555
B2116323843726N12211080WA008090085577
B2116333843731N12211080WA008080085482
B2116343843736N12211084WA008070085509
B2116353843734N12211092WA008050085406
B2116363843732N12211093WA008050085498
B2116373843730N12211096WA008050085414
B2116383843727N12211096WA008060085449
B2116393843725N12211096WA008080085655
B2116403843723N12211095WA008090085943
B2116413843720N12211092WA008110085985
B2116423843718N12211089WA008120086111
B2116433843715N12211083WA008140086405
B2116443843713N12211076WA008150086623
B2116453843712N12211067WA008160086828
B2116463843712N12211058WA008170086950
B2116473843714N12211047WA008170086975
B2116483843718N12211037WA008180087116
B2116493843721N12211029WA008200087394
B2116503843726N12211023WA008210087500
B2116513843730N12211018WA008220087663
B2116523843735N12211015WA008210087541
B2116533843740N12211017WA008190087533
B2116543843744N12211022WA008160086953
B2116553843747N12211028WA008130086504
B2116563843748N12211033WA008100086357
B2116573843749N12211037WA008090086407
B2116583843749N12211041WA008100086682
B2116593843748N12211043WA008100086686
B2117003843748N12211046WA008100086521
B2117013843746N12211049WA008090086208
B2117023843742N12211051WA008090085989
B2117033843739N12211053WA008080085965
B2117043843735N12211056WA008080085970
B2117053843732N12211057WA008090085932
B2117063843730N12211058WA008110086008
B2117073843726N12211060WA008130086391
B2117083843724N12211061WA008150086593
B2117093843723N12211063WA008170086741
B2117103843721N12211063WA008190086838
B2117113843718N12211064WA008200086920
B2117123843714N12211062WA008200086946
B2117133843710N12211060WA008200087057
B2117143843706N12211055WA008210087180
B2117153843703N12211047WA008210087156
B2117163843702N12211039WA008230087187
B2117173843703N12211031WA008230087252
B2117183843706N12211023WA008240087397
B2117193843712N12211017WA008240087247
B2117203843719N12211014WA008240087217
B2117213843726N12211014WA008230087256
B2117223843732N12211017WA008240087315
B2117233843735N12211021WA008250087695
B2117243843738N12211025WA008270087906
B2117253843738N12211030WA008280088052
B2117263843737N12211034WA008300088262
B2117273843735N12211037WA008310088364
B2117283843733N12211040WA008330088425
B2117293843730N12211042WA008350088633
B2117303843726N12211043WA008360088748
B2117313843721N12211044WA008380088980
B2117323843716N12211042WA008390089089
B2117333843712N12211040WA008400089138
B2117343843707N12211036WA008420089286
B2117353843706N12211029WA008450089210
B2117363843705N12211021WA008470089564
B2117373843706N12211013WA008490089730
B2117383843708N12211004WA008510089928
B2117393843711N12210997WA008530090249
B2117403843716N12210992WA008530090365
B2117413843722N12210989WA008530090350
B2117423843729N12210987WA008520090343
B2117433843736N12210989WA008510090200
B2117443843742N12210994WA008520090106
B2117453843745N12211001WA008530090168
B2117463843748N12211008WA008530090337
B2117473843747N12211013WA008550090409
B2117483843747N12211019WA008570090804
B2117493843746N12211023WA008580091087
B2117503843747N12211029WA008610091131
B2117513843747N12211034WA008630091298
B2117523843748N12211040WA008650091485
B2117533843750N12211045WA008670091760
B2117543843752N12211049WA008700091953
B2117553843754N12211053WA008720092341
B2117563843756N12211057WA008750092505
B2117573843758N12211061WA008770092718
B2117583843759N12211066WA008800092923
B2117593843759N12211070WA008820093227
B2118003843757N12211075WA008840093472
B2118013843754N12211078WA008850093688
B2118023843751N12211080WA008850093807
B2118033843746N12211080WA008870094091
B2118043843743N12211077WA008890094322
B2118053843739N12211073WA008910094691
B2118063843737N12211068WA008940094722
B2118073843736N12211060WA008960094805
B2118083843736N12211052WA008980095174
B2118093843738N12211044WA009000095279
B2118103843742N12211038WA009020095563
B2118113843749N12211034WA009030095602
B2118123843756N12211031WA009040095736
B2118133843763N12211031WA009050095850
B2118143843769N12211031WA009080096265
B2118153843774N12211033WA009110096792
B2118163843779N12211034WA009140097187
B2118173843783N12211036WA009160097279
B2118183843786N12211041WA009190097374
B2118193843789N12211046WA009200097569
B2118203843790N12211052WA009210097632
B2118213843788N12211057WA009220097632
B2118223843785N12211060WA009230097716
B2118233843780N12211062WA009240097996
B2118243843776N12211063WA009260098035
B2118253843771N12211061WA009290098399
B2118263843768N12211058WA009310098512
B2118273843765N12211052WA009330098815
B2118283843763N12211045WA009360098861
B2118293843764N12211036WA009380099237
B2118303843765N12211028WA009400099497
B2118313843768N12211021WA009430099775
B2118323843771N12211015WA009460099872
B2118333843775N12211009WA009490100167
B2118343843780N12211004WA009510100343
B2118353843786N12210999WA009520100346
B2118363843793N12210996WA009520100423
B2118373843799N12210994WA009530100576
B2118383843805N12210993WA009550100969
B2118393843810N12210994WA009570101136
B2118403843813N12210996WA009580101295
B2118413843816N12211000WA009590101293
B2118423843818N12211005WA009600101270
B2118433843818N12211010WA009600101373
B2118443843817N12211014WA009610101587
B2118453843816N12211017WA009620101848
B2118463843815N12211020WA009640102023
B2118473843813N12211022WA009660102239
B2118483843811N12211025WA009670102427
B2118493843809N12211028WA009690102538
B2118503843806N12211032WA009720102751
B2118513843803N12211033WA009740102926
B2118523843799N12211033WA009770103118
B2118533843794N12211032WA009790103355
B2118543843790N12211030WA009820103529
B2118553843786N12211028WA009840103712
B2118563843782N12211025WA009870103982
B2118573843779N12211019WA009890104172
B2118583843777N12211012WA009920104337
B2118593843777N12211004WA009930104309
B2119003843778N12210996WA009940104467
B2119013843781N12210989WA009950104653
B2119023843786N12210983WA009960104843
B2119033843791N12210977WA009980104999
B2119043843798N12210974WA009990105111
B2119053843804N12210971WA010000105389
B2119063843811N12210971WA010020105638
B2119073843818N12210972WA010030105726
B2119083843823N12210975WA010050105895
B2119093843828N12210979WA010070106035
B2119103843831N12210983WA010090106425
B2119113843832N12210988WA010110106660
B2119123843833N12210993WA010130106831
B2119133843832N12210997WA010140106956
B2119143843830N12211001WA010160107199
B2119153843828N12211006WA010190107393
B2119163843826N12211010WA010220107751
B2119173843824N12211013WA010250108105
B2119183843821N12211015WA010280108539
B2119193843818N12211016WA010320108957
B2119203843815N12211016WA010350109133
B2119213843811N12211014WA010380109385
B2119223843808N12211009WA010380109429
B2119233843805N12211003WA010380109480
B2119243843805N12210994WA010390109550
B2119253843807N12210984WA010400109675
B2119263843811N12210976WA010420109985
B2119273843817N12210970WA010440110216
B2119283843822N12210967WA010470110677
B2119293843828N12210966WA010500110957
B2119303843835N12210968WA010530111200
B2119313843840N12210970WA010560111498
B2119323843845N12210974WA010590111665
B2119333843849N12210979WA010630111931
B2119343843851N12210984WA010660112381
B2119353843852N12210989WA010700112788
B2119363843852N12210995WA010730113174
B2119373843851N12210999WA010760113536
B2119383843849N12211002WA010790113923
B2119393843846N12211003WA010810114169
B2119403843843N12211005WA010810114285
B2119413843839N12211005WA010820114201
B2119423843834N12211003WA010820114327
B2119433843829N12210999WA010840114455
B2119443843824N12210994WA010860114769
B2119453843823N12210988WA010890114924
B2119463843822N12210981WA010910115141
B2119473843822N12210972WA010930115366
B2119483843824N12210963WA010950115358
B2119493843827N12210955WA010970115440
B2119503843831N12210947WA010990115653
B2119513843835N12210941WA011010116172
B2119523843840N12210935WA011030116206
B2119533843845N12210930WA011060116478
B2119543843851N12210926WA011070116586
B2119553843858N12210923WA011080116648
B2119563843865N12210922WA011080116719
B2119573843871N12210924WA011090116755
B2119583843877N12210928WA011090116809
B2119593843881N12210934WA011100116969
B2120003843885N12210941WA011120117025
B2120013843886N12210947WA011160117200
B2120023843885N12210950WA011200118099
B2120033843885N12210953WA011250118517
B2120043843883N12210956WA011290118885
B2120053843881N12210959WA011320119057
B2120063843878N12210962WA011360119242
B2120073843874N12210963WA011380119400
B2120083843869N12210963WA011390119672
B2120093843864N12210961WA011410119787
B2120103843861N12210959WA011430119871
B2120113843858N12210951WA011460119983
B2120123843857N12210943WA011500120293
B2120133843857N12210934WA011530120673
B2120143843858N12210925WA011560120872
B2120153843860N12210916WA011590121084
B2120163843864N12210908WA011610121271
B2120173843869N12210902WA011630121571
B2120183843877N12210897WA011640121646
B2120193843885N12210896WA011650121916
B2120203843892N12210898WA011670122254
B2120213843898N12210902WA011700122621
B2120223843902N12210906WA011730123302
B2120233843904N12210910WA011770123830
B2120243843906N12210914WA011810124201
B2120253843906N12210919WA011840124324
B2120263843905N12210925WA011870124450
B2120273843903N12210929WA011890124857
B2120283843900N12210932WA011920125145
B2120293843896N12210933WA011950125586
B2120303843893N12210932WA011980125917
B2120313843888N12210930WA012010126273
B2120323843884N12210926WA012040126442
B2120333843880N12210920WA012070126754
B2120343843877N12210913WA012100126962
B2120353843876N12210904WA012120127058
B2120363843876N12210896WA012140127385
B2120373843878N12210888WA012150127492
B2120383843882N12210881WA012160127740
B2120393843887N12210874WA012180127896
B2120403843894N12210869WA012200127908
B2120413843901N12210868WA012220128211
B2120423843907N12210868WA012240128484
B2120433843914N12210870WA012260128720
B2120443843920N12210873WA012290129005
B2120453843923N12210877WA012330129588
B2120463843926N12210882WA012360129905
B2120473843927N12210887WA012400130224
B2120483843927N12210892WA012430130473
B2120493843927N12210897WA012460130695
B2120503843927N12210902WA012490130900
B2120513843925N12210905WA012500131148
B2120523843922N12210909WA012520131461
B2120533843918N12210911WA012540131640
B2120543843913N12210911WA012560131830
B2120553843908N12210909WA012580132140
B2120563843904N12210904WA012610132342
B2120573843901N12210897WA012630132659
B2120583843900N12210890WA012660132945
B2120593843898N12210883WA012680133057
B2121003843899N12210874WA012690133168
B2121013843901N12210866WA012700133273
B2121023843906N12210858WA012700133204
B2121033843912N12210851WA012700133219
B2121043843919N12210847WA012710133326
B2121053843925N12210844WA012730133785
B2121063843931N12210842WA012750134093
B2121073843938N12210840WA012780134406
B2121083843944N12210840WA012810134608
B2121093843950N12210842WA012840134748
B2121103843956N12210845WA012870134816
B2121113843961N12210850WA012900135015
B2121123843964N12210856WA012930135332
B2121133843966N12210861WA012960135522
B2121143843967N12210866WA012990135902
B2121153843966N12210870WA013020136257
B2121163843965N12210874WA013060136596
B2121173843963N12210877WA013080136767
B2121183843960N12210880WA013100137053
B2121193843956N12210881WA013120137342
B2121203843951N12210881WA013140137572
B2121213843946N12210876WA013160137799
B2121223843943N12210869WA013170137829
B2121233843941N12210861WA013190138002
B2121243843940N12210852WA013200138164
B2121253843941N12210842WA013220138228
B2121263843945N12210834WA013240138274
B2121273843949N12210825WA013260138299
B2121283843954N12210818WA013270138352
B2121293843962N12210812WA013280138347
B2121303843970N12210810WA013290138432
B2121313843977N12210809WA013300138794
B2121323843984N12210809WA013330139150
B2121333843990N12210809WA013360139692
B2121343843996N12210810WA013390140146
B2121353844001N12210813WA013420140356
B2121363844005N12210818WA013440140578
B2121373844008N12210825WA013460140862
B2121383844010N12210831WA013490141213
B2121393844009N12210835WA013510141753
B2121403844007N12210837WA013540142198
B2121413844005N12210839WA013570142326
B2121423844001N12210839WA013600142468
B2121433843997N12210839WA013610142540
B2121443843993N12210836WA013640142839
B2121453843990N12210831WA013670143241
B2121463843988N12210823WA013700143466
B2121473843987N12210815WA013730143792
B2121483843987N12210805WA013740143892
B2121493843989N12210795WA013760143983
B2121503843995N12210785WA013780144007
B2121513843999N12210777WA013800144399
B2121523844005N12210770WA013830144586
B2121533844012N12210767WA013860144951
B2121543844019N12210764WA013890145121
B2121553844026N12210762WA013920145216
B2121563844033N12210761WA013940145438
B2121573844040N12210763WA013950145627
B2121583844046N12210766WA013960145819
B2121593844050N12210770WA013970146178
B2122003844053N12210775WA013980146265
B2122013844055N12210780WA014000146570
B2122023844057N12210784WA014020146714
B2122033844057N12210788WA014030146847
B2122043844056N12210792WA014050147064
B2122053844053N12210795WA014070147180
B2122063844050N12210796WA014070147320
B2122073844046N12210796WA014080147315
B2122083844042N12210795WA014090147470
B2122093844039N12210791WA014100147478
B2122103844035N12210786WA014120147458
B2122113844032N12210781WA014140147710
B2122123844029N12210773WA014170147913
B2122133844027N12210764WA014190148286
B2122143844028N12210754WA014220148305
B2122153844029N12210744WA014250148696
B2122163844032N12210735WA014280148985
B2122173844036N12210726WA014310149298
B2122183844041N12210718WA014330149548
B2122193844046N12210711WA014360149874
B2122203844053N12210705WA014390150122
B2122213844061N12210701WA014390150333
B2122223844069N12210701WA014380150299
B2122233844076N12210705WA014380150372
B2122243844082N12210709WA014390150574
B2122253844083N12210714WA014410150665
B2122263844084N12210718WA014430151074
B2122273844084N12210721WA014450151231
B2122283844083N12210723WA014470151454
B2122293844081N12210726WA014490151542
B2122303844078N12210728WA014500151652
B2122313844074N12210729WA014510151781
B2122323844070N12210727WA014510151749
B2122333844066N12210725WA014520152036
B2122343844062N12210722WA014540152281
B2122353844059N12210717WA014560152474
B2122363844056N12210710WA014570152599
B2122373844054N12210702WA014590152558
B2122383844053N12210693WA014610152643
B2122393844054N12210683WA014630152742
B2122403844056N12210672WA014650152839
B2122413844061N12210665WA014670152882
B2122423844066N12210657WA014690153168
B2122433844072N12210650WA014700153136
B2122443844079N12210644WA014690153238
B2122453844087N12210641WA014690153233
B2122463844095N12210640WA014690153276
B2122473844103N12210642WA014700153233
B2122483844109N12210645WA014710153513
B2122493844114N12210649WA014720153910
B2122503844118N12210652WA014740154238
B2122513844121N12210656WA014770154453
B2122523844124N12210659WA014780154665
B2122533844126N12210663WA014800154502
B2122543844126N12210666WA014800154669
B2122553844126N12210671WA014800154732
B2122563844124N12210675WA014800154680
B2122573844122N12210678WA014810154681
B2122583844120N12210679WA014810154787
B2122593844117N12210680WA014820154896
B2123003844114N12210681WA014830154920
B2123013844110N12210681WA014850155047
B2123023844107N12210681WA014860155037
B2123033844104N12210682WA014870155139
B2123043844101N12210685WA014880155281
B2123053844099N12210687WA014880155220
B2123063844097N12210690WA014880155220
B2123073844094N12210693WA014880155385
B2123083844092N12210696WA014890155400
B2123093844089N12210698WA014910155785
B2123103844087N12210699WA014930155960
B2123113844085N12210699WA014950156337
B2123123844083N12210700WA014980156553
B2123133844080N12210700WA015000156799
B2123143844078N12210702WA015020156833
B2123153844074N12210703WA015030156881
B2123163844072N12210704WA015050157111
B2123173844070N12210704WA015070157408
B2123183844067N12210705WA015100157767
B2123193844065N12210706WA015120157937
B2123203844062N12210709WA015150158160
B2123213844061N12210713WA015170158303
B2123223844061N12210718WA015200158517
B2123233844062N12210725WA015230158950
B2123243844066N12210730WA015260159451
B2123253844071N12210733WA015300159887
B2123263844077N12210735WA015350160275
B2123273844085N12210731WA015380160527
B2123283844091N12210726WA015390160655
B2123293844095N12210718WA015410160632
B2123303844098N12210708WA015430160846
B2123313844096N12210699WA015450160976
B2123323844094N12210692WA015470161039
B2123333844088N12210692WA015500161157
B2123343844083N12210693WA015530161544
B2123353844080N12210697WA015560161738
B2123363844079N12210703WA015580162142
B2123373844081N12210708WA015620162701
B2123383844085N12210712WA015660163101
B2123393844091N12210714WA015700163631
B2123403844098N12210713WA015730163955
B2123413844105N12210709WA015750164103
B2123423844109N12210702WA015750164267
B2123433844111N12210694WA015750164483
B2123443844111N12210685WA015750164464
B2123453844109N12210677WA015760164571
B2123463844107N12210671WA015770164730
B2123473844104N12210667WA015800165123
B2123483844100N12210665WA015820165578
B2123493844097N12210666WA015840165651
B2123503844093N12210667WA015870165736
B2123513844089N12210667WA015890166009
B2123523844084N12210666WA015920166312
B2123533844079N12210664WA015960166894
B2123543844076N12210663WA016010167244
B2123553844073N12210663WA016060167727
B2123563844070N12210667WA016090167910
B2123573844068N12210673WA016090167874
B2123583844070N12210680WA016090167828
B2123593844074N12210686WA016090168035
B2124003844079N12210689WA016110168266
B2124013844085N12210691WA016130168714
B2124023844090N12210692WA016170169101
B2124033844094N12210694WA016200169551
B2124043844099N12210696WA016240169841
B2124053844104N12210696WA016280170197
B2124063844110N12210695WA016310170364
B2124073844116N12210692WA016340170672
B2124083844121N12210686WA016370170834
B2124093844125N12210679WA016390171089
B2124103844127N12210670WA016410171124
B2124113844127N12210661WA016430171308
B2124123844124N12210654WA016440171452
B2124133844119N12210649WA016450171471
B2124143844114N12210646WA016460171641
B2124153844109N12210645WA016480171986
B2124163844106N12210647WA016500172264
B2124173844105N12210652WA016520172550
B2124183844106N12210657WA016540172677
B2124193844109N12210663WA016560172799
B2124203844114N12210668WA016580172975
B2124213844120N12210670WA016610173269
B2124223844127N12210670WA016630173551
B2124233844133N12210668WA016660173697
B2124243844139N12210664WA016690173878
B2124253844145N12210660WA016720174187
B2124263844151N12210654WA016750174208
B2124273844154N12210647WA016770174432
B2124283844156N12210638WA016780174555
B2124293844158N12210629WA016780174723
B2124303844158N12210619WA016780174763
B2124313844156N12210610WA016780174776
B2124323844152N12210603WA016780174795
B2124333844148N12210599WA016790174884
B2124343844144N12210597WA016810175068
B2124353844141N12210598WA016840175303
B2124363844138N12210601WA016870175612
B2124373844137N12210605WA016880175846
B2124383844137N12210610WA016900175910
B2124393844136N12210615WA016910176122
B2124403844135N12210622WA016910176162
B2124413844134N12210629WA016910176150
B2124423844133N12210635WA016930176242
B2124433844133N12210640WA016950176416
B2124443844133N12210646WA016980176952
B2124453844134N12210650WA017020177406
B2124463844134N12210655WA017050177841
B2124473844134N12210659WA017090178200
B2124483844133N12210663WA017120178550
B2124493844132N12210666WA017150178865
B2124503844131N12210669WA017180179028
B2124513844130N12210672WA017180179248
B2124523844130N12210677WA017170179241
B2124533844132N12210682WA017170179085
B2124543844137N12210687WA017160179037
B2124553844143N12210691WA017150178961
B2124563844150N12210693WA017150178937
B2124573844156N12210696WA017160179121
B2124583844161N12210698WA017170179321
B2124593844166N12210699WA017180179526
B2125003844171N12210702WA017200179631
B2125013844175N12210705WA017210179680
B2125023844180N12210708WA017220179628
B2125033844184N12210713WA017220179640
B2125043844188N12210717WA017220179655
B2125053844192N12210722WA017220179793
B2125063844197N12210726WA017220179754
B2125073844202N12210731WA017210179528
B2125083844206N12210737WA017210179581
B2125093844210N12210742WA017200179483
B2125103844215N12210747WA017190179331
B2125113844220N12210751WA017180179206
B2125123844224N12210756WA017170179184
B2125133844229N12210761WA017160179033
B2125143844233N12210766WA017150179093
B2125153844239N12210770WA017140178948
B2125163844244N12210775WA017130178840
B2125173844249N12210779WA017120178868
B2125183844254N12210785WA017110178833
B2125193844259N12210790WA017100178714
B2125203844264N12210796WA017090178640
B2125213844269N12210801WA017080178557
B2125223844274N12210807WA017070178425
B2125233844278N12210813WA017050178376
B2125243844282N12210819WA017030178079
B2125253844287N12210826WA017010177841
B2125263844292N12210832WA016980177546
B2125273844298N12210839WA016950177112
B2125283844303N12210846WA016920176763
B2125293844309N12210853WA016880176385
B2125303844315N12210860WA016840175969
B2125313844321N12210868WA016810175632
B2125323844326N12210875WA016780175594
B2125333844332N12210882WA016750175241
B2125343844337N12210889WA016720175080
B2125353844342N12210896WA016700174781
B2125363844348N12210903WA016670174426
B2125373844353N12210910WA016650174197
B2125383844359N12210916WA016620173879
B2125393844365N12210922WA016610173656
B2125403844371N12210927WA016580173516
B2125413844376N12210932WA016560173247
B2125423844381N12210938WA016540173270
B2125433844386N12210943WA016510172790
B2125443844391N12210948WA016480172476
B2125453844396N12210954WA016460172247
B2125463844401N12210960WA016450172127
B2125473844406N12210966WA016430171914
B2125483844410N12210972WA016420171800
B2125493844414N12210976WA016410171638
B2125503844418N12210981WA016400171517
B2125513844421N12210986WA016390171377
B2125523844425N12210992WA016370171103
B2125533844428N12210997WA016350170948
B2125543844431N12211003WA016320170595
B2125553844435N12211009WA016280170271
B2125563844439N12211014WA016260169855
B2125573844443N12211019WA016230169656
B2125583844447N12211024WA016200169435
B2125593844451N12211029WA016160169104
B2126003844455N12211034WA016130168736
B2126013844459N12211040WA016090168385
B2126023844464N12211046WA016050168045
B2126033844469N12211052WA016020167815
B2126043844473N12211058WA016010167594
B2126053844478N12211064WA015990167391
B2126063844483N12211070WA015980167271
B2126073844488N12211076WA015960166992
B2126083844494N12211082WA015950166739
B2126093844499N12211089WA015930166597
B2126103844505N12211095WA015920166547
B2126113844511N12211101WA015920166400
B2126123844516N12211106WA015920166438
B2126133844521N12211112WA015910166355
B2126143844526N12211118WA015900166182
B2126153844532N12211124WA015880165951
B2126163844538N12211130WA015870165710
B2126173844543N12211135WA015840165598
B2126183844549N12211141WA015820165494
B2126193844555N12211146WA015810165497
B2126203844561N12211151WA015790165259
B2126213844566N12211157WA015770165093
B2126223844572N12211163WA015760165030
B2126233844577N12211168WA015740164896
B2126243844583N12211174WA015730164637
B2126253844588N12211180WA015710164472
B2126263844593N12211185WA015700164385
B2126273844598N12211190WA015680164175
B2126283844603N12211195WA015660163839
B2126293844608N12211201WA015640163616
B2126303844613N12211207WA015600163321
B2126313844618N12211213WA015570162972
B2126323844625N12211219WA015550162611
B2126333844631N12211224WA015520162346
B2126343844637N12211230WA015510162240
B2126353844643N12211235WA015510162112
B2126363844648N12211240WA015500162035
B2126373844653N12211245WA015480161875
B2126383844658N12211251WA015460161598
B2126393844664N12211258WA015440161223
B2126403844670N12211264WA015410160929
B2126413844676N12211271WA015380160736
B2126423844682N12211278WA015360160552
B2126433844688N12211284WA015330160341
B2126443844694N12211289WA015310160216
B2126453844699N12211294WA015310160267
B2126463844705N12211299WA015310160218
B2126473844710N12211304WA015320160304
B2126483844714N12211308WA015330160475
B2126493844719N12211312WA015340160616
B2126503844723N12211315WA015360160865
B2126513844727N12211318WA015370160961
B2126523844731N12211319WA015390161088
B2126533844736N12211322WA015390160931
B2126543844740N12211325WA015380160993
B2126553844746N12211329WA015370160730
B2126563844751N12211333WA015370160792
B2126573844757N12211336WA015360160713
B2126583844762N12211338WA015350160609
B2126593844766N12211340WA015340160678
B2127003844771N12211343WA015330160503
B2127013844775N12211346WA015320160309
B2127023844779N12211351WA015300160103
B2127033844783N12211356WA015280159822
B2127043844787N12211362WA015260159519
B2127053844791N12211369WA015240159207
B2127063844794N12211376WA015220159182
B2127073844798N12211382WA015210159120
B2127083844801N12211387WA015210159051
B2127093844804N12211392WA015200158990
B2127103844808N12211397WA015190158773
B2127113844812N12211402WA015170158484
B2127123844817N12211408WA015140158070
B2127133844822N12211414WA015100157591
B2127143844828N12211420WA015070157118
B2127153844833N12211427WA015030156826
B2127163844837N12211434WA014990156673
B2127173844841N12211440WA014970156495
B2127183844846N12211446WA014950156307
B2127193844850N12211452WA014950156239
B2127203844854N12211459WA014940156032
B2127213844859N12211465WA014930155843
B2127223844864N12211472WA014900155563
B2127233844870N12211479WA014880155252
B2127243844876N12211486WA014850155052
B2127253844882N12211492WA014830154926
B2127263844888N12211498WA014810154860
B2127273844895N12211502WA014800154709
B2127283844902N12211506WA014790154619
B2127293844910N12211508WA014770154428
B2127303844918N12211508WA014770154346
B2127313844926N12211506WA014770154302
B2127323844933N12211501WA014750154226
B2127333844939N12211495WA014750154244
B2127343844944N12211487WA014740154209
B2127353844947N12211480WA014740154245
B2127363844950N12211473WA014740154367
B2127373844954N12211466WA014750154306
B2127383844957N12211459WA014750154412
B2127393844959N12211451WA014750154477
B2127403844962N12211444WA014750154404
B2127413844964N12211437WA014760154656
B2127423844967N12211431WA014770154710
B2127433844970N12211425WA014770154710
B2127443844974N12211419WA014770154635
B2127453844979N12211414WA014770154658
B2127463844986N12211412WA014770154529
B2127473844992N12211413WA014760154581
B2127483844998N12211415WA014770154572
B2127493845003N12211418WA014770154641
B2127503845006N12211421WA014780154871
B2127513845008N12211424WA014800154950
B2127523845009N12211427WA014810155089
B2127533845011N12211432WA014820155153
B2127543845013N12211437WA014830155291
B2127553845016N12211441WA014850155387
B2127563845019N12211446WA014860155570
B2127573845021N12211449WA014890155845
B2127583845023N12211452WA014910156106
B2127593845024N12211455WA014940156429
B2128003845025N12211458WA014960156608
B2128013845024N12211461WA014980156792
B2128023845023N12211463WA014990156888
B2128033845021N12211466WA014990156800
B2128043845017N12211467WA014990156960
B2128053845014N12211465WA015000157039
B2128063845011N12211464WA015010157103
B2128073845007N12211460WA015020157203
B2128083845003N12211455WA015040157488
B2128093845000N12211450WA015060157699
B2128103844999N12211444WA015080157908
B2128113844998N12211438WA015100158020
B2128123844998N12211430WA015110158021
B2128133844999N12211420WA015110157949
B2128143845001N12211411WA015100157889
B2128153845005N12211403WA015100157790
B2128163845011N12211396WA015100157715
B2128173845017N12211392WA015110157912
B2128183845022N12211389WA015120158198
B2128193845029N12211388WA015130158311
B2128203845034N12211388WA015150158494
B2128213845040N12211389WA015170158654
B2128223845044N12211391WA015200158856
B2128233845047N12211394WA015230159049
B2128243845048N12211398WA015250159388
B2128253845048N12211402WA015270159595
B2128263845048N12211406WA015290159674
B2128273845048N12211409WA015310159947
B2128283845048N12211412WA015330160139
B2128293845048N12211416WA015350160300
B2128303845047N12211418WA015370160676
B2128313845046N12211421WA015390160784
B2128323845046N12211424WA015400160916
B2128333845045N12211428WA015420161122
B2128343845044N12211431WA015430161263
B2128353845044N12211434WA015450161411
B2128363845043N12211436WA015460161579
B2128373845042N12211439WA015460161699
B2128383845042N12211443WA015460161742
B2128393845041N12211445WA015460161657
B2128403845040N12211448WA015460161650
B2128413845039N12211450WA015460161636
B2128423845037N12211453WA015450161653
B2128433845036N12211457WA015440161542
B2128443845034N12211460WA015430161249
B2128453845032N12211465WA015410161041
B2128463845031N12211470WA015390160928
B2128473845030N12211476WA015370160950
B2128483845029N12211480WA015370161088
B2128493845029N12211485WA015380161030
B2128503845028N12211488WA015380161048
B2128513845027N12211493WA015380161044
B2128523845026N12211497WA015380160945
B2128533845025N12211502WA015360160716
B2128543845023N12211508WA015350160662
B2128553845021N12211512WA015360160566
B2128563845020N12211517WA015370160707
B2128573845018N12211519WA015390160954
B2128583845017N12211521WA015410161231
B2128593845016N12211522WA015430161416
B2129003845014N12211524WA015430161448
B2129013845012N12211528WA015420161322
B2129023845009N12211532WA015420161172
B2129033845007N12211535WA015430161259
B2129043845006N12211539WA015430161420
B2129053845004N12211541WA015440161582
B2129063845003N12211542WA015450161686
B2129073845002N12211546WA015460161771
B2129083845001N12211549WA015460161682
B2129093845001N12211553WA015470161771
B2129103845002N12211556WA015480161829
B2129113845003N12211559WA015500162007
B2129123845004N12211561WA015520162311
B2129133845004N12211563WA015540162583
B2129143845005N12211564WA015560162738
B2129153845005N12211566WA015590162962
B2129163845005N12211567WA015620163164
B2129173845005N12211568WA015640163375
B2129183845006N12211570WA015640163530
B2129193845007N12211572WA015640163580
B2129203845011N12211573WA015640163589
B2129213845017N12211576WA015640163430
B2129223845024N12211576WA015630163355
B2129233845031N12211573WA015630163176
B2129243845038N12211568WA015630163195
B2129253845045N12211561WA015630163134
B2129263845050N12211552WA015630163279
B2129273845054N12211543WA015630163362
B2129283845056N12211532WA015630163377
B2129293845058N12211521WA015620163205
B2129303845058N12211509WA015620163077
B2129313845059N12211497WA015610163019
B2129323845059N12211486WA015610163069
B2129333845059N12211476WA015610163246
B2129343845059N12211467WA015620163262
B2129353845059N12211457WA015620163252
B2129363845059N12211446WA015610163282
B2129373845060N12211433WA015600163028
B2129383845061N12211421WA015590162872
B2129393845062N12211408WA015580162771
B2129403845063N12211395WA015580162795
B2129413845064N12211383WA015590162997
B2129423845066N12211372WA015590163002
B2129433845067N12211360WA015590163030
B2129443845068N12211348WA015600163092
B2129453845070N12211336WA015600162905
B2129463845071N12211325WA015590162980
B2129473845073N12211313WA015590162826
B2129483845074N12211302WA015580162841
B2129493845074N12211290WA015570162782
B2129503845075N12211278WA015560162611
B2129513845076N12211267WA015570162640
B2129523845078N12211256WA015580162923
B2129533845081N12211247WA015610163277
B2129543845085N12211240WA015640163714
B2129553845089N12211233WA015680164304
B2129563845091N12211227WA015730164791
B2129573845095N12211220WA015760165003
B2129583845098N12211213WA015790165261
B2129593845101N12211204WA015830165426
B2130003845105N12211197WA015860165566
B2130013845109N12211190WA015900166046
B2130023845112N12211183WA015940166698
B2130033845116N12211177WA015980166955
B2130043845120N12211170WA016020167329
B2130053845123N12211163WA016060167565
B2130063845124N12211155WA016080167793
B2130073845123N12211146WA016090167818
B2130083845119N12211141WA016110167921
B2130093845114N12211139WA016120168133
B2130103845110N12211140WA016150168577
B2130113845109N12211144WA016180168967
B2130123845110N12211149WA016220169364
B2130133845113N12211153WA016250169862
B2130143845117N12211156WA016300170266
B2130153845122N12211159WA016340170549
B2130163845128N12211161WA016380170915
B2130173845134N12211161WA016410171149
B2130183845140N12211156WA016420171365
B2130193845145N12211148WA016410171269
B2130203845147N12211138WA016410171185
B2130213845148N12211127WA016410171122
B2130223845147N12211116WA016420171348
B2130233845147N12211107WA016450171842
B2130243845148N12211099WA016480172243
B2130253845149N12211091WA016510172656
B2130263845150N12211083WA016550172897
B2130273845152N12211075WA016580173181
B2130283845154N12211064WA016620173278
B2130293845156N12211054WA016650173652
B2130303845158N12211043WA016690174038
B2130313845159N12211034WA016730174593
B2130323845161N12211025WA016780175020
B2130333845162N12211016WA016830175449
B2130343845163N12211007WA016870175915
B2130353845164N12210998WA016900176085
B2130363845166N12210989WA016920176329
B2130373845167N12210981WA016950176661
B2130383845169N12210973WA016980176700
B2130393845169N12210964WA017010177343
B2130403845168N12210954WA017030177569
B2130413845166N12210946WA017050177726
B2130423845162N12210939WA017060177909
B2130433845156N12210936WA017070178058
B2130443845151N12210936WA017090178042
B2130453845147N12210938WA017110178244
B2130463845145N12210942WA017140178526
B2130473845145N12210946WA017180178919
B2130483845144N12210950WA017220179476
B2130493845144N12210953WA017270180031
B2130503845143N12210955WA017310180326
B2130513845141N12210958WA017350180660
B2130523845140N12210961WA017390180932
B2130533845139N12210964WA017430181354
B2130543845139N12210967WA017470181893
B2130553845140N12210970WA017510182283
B2130563845141N12210973WA017540182673
B2130573845142N12210975WA017560182977
B2130583845144N12210977WA017590183229
B2130593845146N12210980WA017620183515
B2131003845150N12210982WA017650183841
B2131013845155N12210982WA017680184095
B2131023845162N12210980WA017710184212
B2131033845168N12210975WA017730184516
B2131043845174N12210968WA017760184918
B2131053845178N12210959WA017800185369
B2131063845181N12210949WA017830185695
B2131073845184N12210938WA017870186017
B2131083845184N12210927WA017900186326
B2131093845183N12210917WA017940186612
B2131103845180N12210909WA017980186970
B2131113845176N12210903WA018020187391
B2131123845172N12210899WA018040187642
B2131133845168N12210896WA018060187836
B2131143845164N12210896WA018070187998
B2131153845161N12210898WA018090188008
B2131163845158N12210901WA018110188476
B2131173845156N12210904WA018140188736
B2131183845153N12210907WA018170189040
B2131193845150N12210909WA018200189488
B2131203845148N12210912WA018250189884
B2131213845148N12210915WA018290190203
B2131223845148N12210918WA018330190684
B2131233845151N12210921WA018370191037
B2131243845155N12210924WA018410191335
B2131253845160N12210925WA018450191857
B2131263845166N12210924WA018490192339
B2131273845172N12210921WA018530192618
B2131283845177N12210915WA018560192998
B2131293845182N12210909WA018580193271
B2131303845186N12210901WA018600193573
B2131313845190N12210893WA018630193961
B2131323845194N12210884WA018660194227
B2131333845197N12210876WA018700194632
B2131343845200N12210866WA018730194918
B2131353845202N12210856WA018770195247
B2131363845203N12210846WA018810195591
B2131373845204N12210835WA018840195949
B2131383845203N12210826WA018880196349
B2131393845201N12210818WA018910196637
B2131403845197N12210812WA018930196864
B2131413845193N12210808WA018950197010
B2131423845188N12210806WA018970197251
B2131433845183N12210806WA018990197488
B2131443845180N12210808WA019000197557
B2131453845178N12210812WA019020197737
B2131463845177N12210817WA019040197968
B2131473845178N12210822WA019060198168
B2131483845181N12210826WA019090198446
B2131493845185N12210829WA019120198903
B2131503845189N12210830WA019160199306
B2131513845194N12210830WA019190199702
B2131523845199N12210829WA019230200082
B2131533845205N12210826WA019270200388
B2131543845212N12210823WA019310200632
B2131553845218N12210818WA019340201010
B2131563845222N12210811WA019380201268
B2131573845225N12210804WA019390201590
B2131583845228N12210795WA019390201647
B2131593845230N12210786WA019390201768
B2132003845231N12210777WA019390201764
B2132013845231N12210766WA019400201849
B2132023845230N12210756WA019410201987
B2132033845229N12210747WA019430202061
B2132043845227N12210738WA019450202290
B2132053845225N12210729WA019470202576
B2132063845223N12210721WA019490202603
B2132073845219N12210713WA019510202704
B2132083845214N12210705WA019520202881
B2132093845210N12210697WA019550202922
B2132103845205N12210691WA019570203241
B2132113845200N12210687WA019590203621
B2132123845195N12210685WA019630204034
B2132133845190N12210684WA019660204365
B2132143845186N12210685WA019690204626
B2132153845183N12210686WA019720204818
B2132163845181N12210689WA019750205037
B2132173845181N12210693WA019760205217
B2132183845182N12210698WA019770205391
B2132193845186N12210701WA019780205539
B2132203845190N12210703WA019800205828
B2132213845194N12210704WA019830206240
B2132223845199N12210703WA019860206552
B2132233845204N12210702WA019890206766
B2132243845210N12210700WA019920206919
B2132253845215N12210697WA019950207283
B2132263845221N12210691WA019970207443
B2132273845225N12210682WA019980207571
B2132283845228N12210671WA019980207610
B2132293845228N12210659WA019990207726
B2132303845226N12210649WA020000208005
B2132313845223N12210640WA020020208203
B2132323845219N12210632WA020050208573
B2132333845216N12210624WA020070208748
B2132343845212N12210617WA020090209058
B2132353845207N12210612WA020120209154
B2132363845202N12210608WA020140209204
B2132373845196N12210606WA020160209309
B2132383845190N12210607WA020170209471
B2132393845186N12210609WA020190209621
B2132403845183N12210612WA020200209960
B2132413845182N12210615WA020220210263
B2132423845183N12210618WA020250210387
B2132433845186N12210621WA020270210464
B2132443845190N12210623WA020290210690
B2132453845196N12210622WA020310210860
B2132463845202N12210617WA020330210958
B2132473845208N12210611WA020340211101
B2132483845211N12210601WA020340211259
B2132493845213N12210591WA020350211347
B2132503845213N12210581WA020360211632
B2132513845211N12210571WA020380211812
B2132523845206N12210563WA020390211972
B2132533845201N12210557WA020410212023
B2132543845195N12210552WA020420212147
B2132553845189N12210550WA020440212121
B2132563845183N12210549WA020450212375
B2132573845179N12210551WA020470212462
B2132583845176N12210553WA020490212657
B2132593845174N12210556WA020510212864
B2133003845173N12210559WA020530213022
B2133013845172N12210562WA020540213140
B2133023845171N12210565WA020560213262
B2133033845172N12210569WA020560213315
B2133043845173N12210574WA020580213530
B2133053845175N12210578WA020600213705
B2133063845176N12210582WA020620213864
B2133073845179N12210585WA020660214280
B2133083845183N12210585WA020690214668
B2133093845187N12210584WA020730214984
B2133103845192N12210581WA020760215359
B2133113845197N12210576WA020790215539
B2133123845201N12210570WA020810215761
B2133133845204N12210561WA020810215877
B2133143845206N12210551WA020820215968
B2133153845206N12210541WA020830216057
B2133163845204N12210531WA020850216246
B2133173845200N12210522WA020860216367
B2133183845195N12210516WA020860216332
B2133193845189N12210510WA020850216467
B2133203845183N12210506WA020860216586
B2133213845178N12210504WA020870216708
B2133223845172N12210505WA020880216941
B2133233845166N12210506WA020910217173
B2133243845161N12210508WA020940217473
B2133253845157N12210511WA020970217641
B2133263845155N12210513WA021000217824
B2133273845154N12210518WA021030217935
B2133283845154N12210522WA021050217860
B2133293845156N12210525WA021050217982
B2133303845161N12210526WA021060218114
B2133313845166N12210525WA021070218269
B2133323845172N12210524WA021070218303
B2133333845176N12210521WA021090218689
B2133343845181N12210518WA021110219000
B2133353845184N12210511WA021150219369
B2133363845187N12210504WA021170219520
B2133373845188N12210494WA021180219648
B2133383845188N12210484WA021190219723
B2133393845185N12210474WA021190219864
B2133403845180N12210466WA021190219725
B2133413845173N12210459WA021190219779
B2133423845167N12210454WA021190219818
B2133433845160N12210451WA021210220170
B2133443845154N12210448WA021230220408
B2133453845147N12210447WA021250220678
B2133463845142N12210447WA021260220726
B2133473845138N12210448WA021280220928
B2133483845135N12210451WA021290220927
B2133493845134N12210455WA021290220946
B2133503845135N12210459WA021280220887
B2133513845138N12210462WA021280220749
B2133523845141N12210464WA021270220725
B2133533845143N12210466WA021270220814
B2133543845145N12210468WA021270220814
B2133553845146N12210471WA021270220893
B2133563845149N12210474WA021270220902
B2133573845151N12210476WA021270220927
B2133583845154N12210479WA021270220973
B2133593845159N12210479WA021280221009
B2134003845163N12210480WA021290221118
B2134013845167N12210481WA021290221232
B2134023845171N12210483WA021290221181
B2134033845176N12210485WA021280220962
B2134043845181N12210487WA021270220834
B2134053845186N12210489WA021270220704
B2134063845190N12210491WA021270220707
B2134073845193N12210494WA021270220952
B2134083845197N12210497WA021270221002
B2134093845200N12210500WA021280220901
B2134103845203N12210502WA021270221008
B2134113845206N12210505WA021270220954
B2134123845210N12210507WA021260220837
B2134133845214N12210509WA021240220567
B2134143845219N12210511WA021210220322
B2134153845224N12210513WA021190219914
B2134163845230N12210514WA021150219469
B2134173845236N12210516WA021120218984
B2134183845243N12210518WA021070218503
B2134193845248N12210520WA021030218297
B2134203845255N12210522WA020980217902
B2134213845261N12210522WA020950217686
B2134223845269N12210520WA020930217419
B2134233845276N12210517WA020920217349
B2134243845283N12210514WA020920217170
B2134253845290N12210510WA020910217092
B2134263845297N12210507WA020890216967
B2134273845304N12210505WA020880216859
B2134283845311N12210505WA020860216645
B2134293845318N12210505WA020840216385
B2134303845325N12210506WA020820216262
B2134313845332N12210507WA020810216131
B2134323845338N12210507WA020800216086
B2134333845344N12210508WA020790216094
B2134343845351N12210509WA020780215810
B2134353845357N12210510WA020760215625
B2134363845363N12210512WA020750215525
B2134373845369N12210514WA020730215326
B2134383845374N12210517WA020710215197
B2134393845379N12210521WA020690215093
B2134403845384N12210525WA020680214977
B2134413845389N12210530WA020670214881
B2134423845395N12210534WA020670214761
B2134433845401N12210538WA020660214542
B2134443845407N12210541WA020660214547
B2134453845413N12210545WA020660214513
B2134463845418N12210548WA020660214668
B2134473845423N12210551WA020670214825
B2134483845427N12210553WA020680215034
B2134493845431N12210555WA020690215203
B2134503845434N12210557WA020700215272
B2134513845438N12210559WA020710215289
B2134523845443N12210562WA020700215147
B2134533845448N12210565WA020700215157
B2134543845453N12210567WA020710215258
B2134553845458N12210568WA020720215438
B2134563845462N12210568WA020740215749
B2134573845466N12210568WA020770216004
B2134583845469N12210568WA020790216146
B2134593845472N12210569WA020800216164
B2135003845476N12210570WA020800216040
B2135013845480N12210570WA020790215934
B2135023845485N12210569WA020790215815
B2135033845490N12210567WA020780215745
B2135043845495N12210564WA020770215763
B2135053845501N12210561WA020770215609
B2135063845506N12210559WA020770215663
B2135073845511N12210557WA020770215761
B2135083845516N12210555WA020780215870
B2135093845521N12210553WA020800215960
B2135103845525N12210551WA020820216080
B2135113845530N12210549WA020830216177
B2135123845536N12210548WA020840216152
B2135133845542N12210546WA020860216227
B2135143845548N12210545WA020870216313
B2135153845553N12210543WA020890216557
B2135163845558N12210542WA020910216733
B2135173845562N12210541WA020920217059
B2135183845567N12210541WA020940217109
B2135193845571N12210542WA020960217199
B2135203845577N12210543WA020980217219
B2135213845582N12210544WA020990217493
B2135223845588N12210544WA021010217674
B2135233845594N12210544WA021030217848
B2135243845599N12210545WA021050218065
B2135253845605N12210547WA021080218414
B2135263845610N12210549WA021100218525
B2135273845615N12210551WA021100218650
B2135283845620N12210551WA021100218749
B2135293845625N12210553WA021100218812
B2135303845631N12210555WA021100218824
B2135313845637N12210557WA021090218558
B2135323845643N12210560WA021070218193
B2135333845650N12210562WA021050217974
B2135343845657N12210567WA021030217823
B2135353845664N12210570WA021010217717
B2135363845670N12210574WA020990217618
B2135373845676N12210578WA020980217611
B2135383845681N12210581WA020970217694
B2135393845687N12210586WA020960217680
B2135403845693N12210589WA020940217469
B2135413845699N12210594WA020920217205
B2135423845704N12210599WA020910217041
B2135433845710N12210602WA020880216869
B2135443845716N12210608WA020850216660
B2135453845722N12210613WA020830216455
B2135463845728N12210619WA020800216104
B2135473845734N12210625WA020770215801
B2135483845739N12210630WA020740215567
B2135493845745N12210635WA020720215494
B2135503845751N12210640WA020710215166
B2135513845757N12210646WA020690215043
B2135523845763N12210652WA020680214812
B2135533845769N12210658WA020660214620
B2135543845775N12210663WA020640214485
B2135553845782N12210669WA020620214213
B2135563845788N12210674WA020600214148
B2135573845794N12210680WA020580214059
B2135583845800N12210687WA020560213851
B2135593845807N12210693WA020540213604
B2136003845813N12210700WA020520213361
B2136013845820N12210707WA020500213131
B2136023845827N12210713WA020490212926
B2136033845834N12210720WA020500212945
B2136043845841N12210726WA020510212943
B2136053845848N12210731WA020520213240
B2136063845854N12210734WA020540213538
B2136073845859N12210738WA020580214111
B2136083845863N12210740WA020620214642
B2136093845867N12210741WA020670215027
B2136103845871N12210742WA020710215519
B2136113845875N12210743WA020760215817
B2136123845880N12210743WA020800216001
B2136133845885N12210740WA020810216171
B2136143845891N12210733WA020810216203
B2136153845893N12210723WA020810216293
B2136163845893N12210712WA020820216388
B2136173845891N12210704WA020830216616
B2136183845887N12210698WA020850216838
B2136193845883N12210695WA020880217129
B2136203845879N12210695WA020910217340
B2136213845876N12210695WA020940217511
B2136223845874N12210698WA020960217713
B2136233845873N12210702WA020990217810
B2136243845873N12210707WA021010218021
B2136253845874N12210712WA021030218143
B2136263845875N12210717WA021060218407
B2136273845875N12210722WA021080218626
B2136283845875N12210727WA021110219011
B2136293845874N12210731WA021140219359
B2136303845874N12210736WA021170219617
B2136313845877N12210741WA021200219726
B2136323845882N12210744WA021220219803
B2136333845887N12210744WA021210219994
B2136343845894N12210739WA021210219837
B2136353845898N12210730WA021220219896
B2136363845900N12210720WA021230220064
B2136373845900N12210711WA021250220303
B2136383845898N12210703WA021270220724
B2136393845895N12210697WA021300220900
B2136403845890N12210694WA021320221152
B2136413845885N12210693WA021350221340
B2136423845881N12210692WA021370221518
B2136433845878N12210695WA021400221737
B2136443845877N12210701WA021420221703
B2136453845883N12210707WA021450221735
B2136463845887N12210712WA021470222050
B2136473845891N12210716WA021490222397
B2136483845897N12210717WA021510222311
B2136493845902N12210716WA021540222789
B2136503845907N12210713WA021570223091
B2136513845912N12210707WA021580223243
B2136523845914N12210698WA021570223372
B2136533845916N12210688WA021580223415
B2136543845917N12210679WA021590223744
B2136553845917N12210671WA021620224194
B2136563845917N12210664WA021640224611
B2136573845914N12210657WA021670224963
B2136583845910N12210651WA021700225084
B2136593845905N12210647WA021720225044
B2137003845899N12210645WA021740225146
B2137013845893N12210646WA021760225382
B2137023845889N12210648WA021780225650
B2137033845886N12210651WA021810226152
B2137043845884N12210654WA021840226416
B2137053845882N12210658WA021870226696
B2137063845882N12210662WA021900226969
B2137073845884N12210667WA021930227110
B2137083845888N12210670WA021950227311
B2137093845893N12210671WA021960227449
B2137103845899N12210671WA021980227537
B2137113845905N12210669WA021990227817
B2137123845910N12210666WA022000228007
B2137133845914N12210661WA022020228251
B2137143845918N12210654WA022040228425
B2137153845920N12210646WA022050228556
B2137163845921N12210638WA022050228673
B2137173845920N12210628WA022060228569
B2137183845918N12210620WA022060228646
B2137193845914N12210613WA022070228828
B2137203845908N12210609WA022080228893
B2137213845903N12210606WA022090228914
B2137223845897N12210604WA022100229156
B2137233845892N12210604WA022110229357
B2137243845888N12210605WA022130229419
B2137253845884N12210610WA022140229660
B2137263845882N12210614WA022150229689
B2137273845883N12210620WA022160229702
B2137283845886N12210624WA022180229809
B2137293845891N12210629WA022190229902
B2137303845896N12210631WA022200230083
B2137313845903N12210630WA022220230333
B2137323845909N12210625WA022240230556
B2137333845914N12210618WA022260230729
B2137343845917N12210610WA022280230828
B2137353845918N12210602WA022290231056
B2137363845918N12210594WA022310231262
B2137373845916N12210586WA022320231397
B2137383845913N12210579WA022320231480
B2137393845909N12210572WA022310231313
B2137403845903N12210567WA022310231218
B2137413845896N12210566WA022310231184
B2137423845891N12210569WA022310231171
B2137433845888N12210574WA022310231156
B2137443845886N12210581WA022300231177
B2137453845886N12210588WA022310231114
B2137463845884N12210594WA022320231481
B2137473845882N12210598WA022330231779
B2137483845880N12210603WA022360232035
B2137493845879N12210608WA022380232215
B2137503845878N12210614WA022400232311
B2137513845878N12210620WA022420232338
B2137523845878N12210626WA022430232591
B2137533845880N12210631WA022450232701
B2137543845881N12210635WA022470232906
B2137553845881N12210640WA022480233084
B2137563845882N12210645WA022480233064
B2137573845883N12210650WA022470232979
B2137583845885N12210656WA022470232928
B2137593845887N12210662WA022480233027
B2138003845889N12210668WA022480233111
B2138013845890N12210673WA022500233387
B2138023845893N12210678WA022510233428
B2138033845895N12210683WA022520233403
B2138043845897N12210688WA022530233569
B2138053845900N12210695WA022520233561
B2138063845904N12210699WA022510233557
B2138073845908N12210706WA022490233280
B2138083845913N12210713WA022470232993
B2138093845919N12210720WA022450232611
B2138103845924N12210727WA022420232317
B2138113845929N12210734WA022400232115
B2138123845932N12210741WA022380231985
B2138133845936N12210748WA022360231960
B2138143845940N12210755WA022340231661
B2138153845944N12210762WA022310231354
B2138163845949N12210770WA022290231030
B2138173845954N12210777WA022250230675
B2138183845960N12210784WA022220230427
B2138193845965N12210791WA022210230483
B2138203845970N12210798WA022210230316
B2138213845974N12210805WA022200230239
B2138223845978N12210813WA022190230175
B2138233845983N12210820WA022180229813
B2138243845987N12210827WA022160229653
B2138253845991N12210834WA022140229463
B2138263845995N12210840WA022120229247
B2138273845999N12210847WA022110229180
B2138283846004N12210852WA022080228959
B2138293846009N12210859WA022060228750
B2138303846014N12210864WA022040228679
B2138313846020N12210870WA022020228426
B2138323846025N12210876WA022010228383
B2138333846031N12210882WA022010228342
B2138343846036N12210887WA022020228386
B2138353846041N12210892WA022020228475
B2138363846046N12210897WA022030228603
B2138373846049N12210902WA022030228640
B2138383846052N12210906WA022020228575
B2138393846056N12210911WA022010228467
B2138403846060N12210917WA022000228381
B2138413846064N12210922WA021990228282
B2138423846068N12210927WA021970228132
B2138433846072N12210932WA021960228122
B2138443846076N12210937WA021950227940
B2138453846081N12210942WA021940227633
B2138463846086N12210947WA021920227457
B2138473846092N12210952WA021900227217
B2138483846097N12210958WA021880227020
B2138493846101N12210963WA021870227096
B2138503846106N12210968WA021860226929
B2138513846110N12210974WA021850226853
B2138523846114N12210979WA021840226696
B2138533846119N12210984WA021820226479
B2138543846124N12210990WA021790226128
B2138553846129N12210996WA021760225727
B2138563846134N12211002WA021730225514
B2138573846139N12211008WA021690225312
B2138583846143N12211014WA021660225162
B2138593846148N12211019WA021640224959
B2139003846153N12211025WA021620224725
B2139013846157N12211031WA021610224598
B2139023846162N12211037WA021610224434
B2139033846166N12211043WA021600224231
B2139043846170N12211048WA021590224277
B2139053846174N12211054WA021590224194
B2139063846179N12211059WA021580224016
B2139073846183N12211065WA021570223912
B2139083846187N12211069WA021550223889
B2139093846192N12211075WA021540223651
B2139103846197N12211080WA021520223409
B2139113846201N12211086WA021500223168
B2139123846206N12211092WA021480223035
B2139133846211N12211097WA021460222813
B2139143846215N12211101WA021450222898
B2139153846220N12211106WA021420222674
B2139163846225N12211111WA021410222350
B2139173846229N12211116WA021390222198
B2139183846234N12211122WA021370221899
B2139193846240N12211128WA021340221629
B2139203846245N12211134WA021330221572
B2139213846251N12211139WA021320221510
B2139223846256N12211143WA021320221438
B2139233846261N12211148WA021320221441
B2139243846266N12211151WA021320221449
B2139253846271N12211155WA021310221282
B2139263846276N12211158WA021290221157
B2139273846281N12211163WA021270221086
B2139283846286N12211169WA021250220753
B2139293846291N12211174WA021230220458
B2139303846297N12211180WA021200220201
B2139313846302N12211185WA021180220144
B2139323846307N12211190WA021160219955
B2139333846312N12211195WA021140219885
B2139343846317N12211200WA021120219679
B2139353846323N12211206WA021100219358
B2139363846329N12211212WA021080219125
B2139373846335N12211218WA021060218833
B2139383846341N12211223WA021030218577
B2139393846348N12211229WA021010218410
B2139403846354N12211234WA020990218211
B2139413846360N12211239WA020980218131
B2139423846366N12211244WA020970218025
B2139433846372N12211249WA020960217955
B2139443846378N12211254WA020950217726
B2139453846384N12211259WA020930217536
B2139463846390N12211265WA020920217421
B2139473846396N12211270WA020900217362
B2139483846402N12211275WA020880217198
B2139493846409N12211280WA020870217157
B2139503846415N12211285WA020850217094
B2139513846422N12211289WA020840216954
B2139523846429N12211293WA020820216663
B2139533846437N12211296WA020800216437
B2139543846445N12211300WA020780216143
B2139553846453N12211303WA020770215993
B2139563846462N12211305WA020760215729
B2139573846470N12211308WA020750215634
B2139583846478N12211310WA020740215619
B2139593846486N12211313WA020730215510
B2140003846493N12211315WA020710215373
B2140013846501N12211317WA020700215249
B2140023846509N12211320WA020680214955
B2140033846517N12211322WA020660214688
B2140043846526N12211325WA020630214221
B2140053846534N12211327WA020600214154
B2140063846543N12211329WA020580213924
B2140073846551N12211332WA020560213863
B2140083846559N12211334WA020540213734
B2140093846567N12211336WA020520213458
B2140103846575N12211339WA020490213242
B2140113846583N12211342WA020480213004
B2140123846590N12211345WA020460212892
B2140133846598N12211347WA020430212783
B2140143846606N12211349WA020410212583
B2140153846614N12211350WA020390212269
B2140163846623N12211352WA020370211904
B2140173846630N12211354WA020350211881
B2140183846638N12211355WA020330211650
B2140193846646N12211356WA020310211426
B2140203846653N12211358WA020280211063
B2140213846661N12211359WA020250210644
B2140223846669N12211361WA020210210294
B2140233846679N12211362WA020170209737
B2140243846688N12211364WA020130209396
B2140253846698N12211366WA020100209107
B2140263846706N12211368WA020080209095
B2140273846715N12211369WA020060208848
B2140283846723N12211371WA020050208792
B2140293846732N12211372WA020040208421
B2140303846740N12211373WA020010208166
B2140313846749N12211375WA019990207722
B2140323846757N12211377WA019960207592
B2140333846766N12211379WA019930207222
B2140343846774N12211380WA019910207058
B2140353846782N12211381WA019900206848
B2140363846790N12211383WA019900206804
B2140373846796N12211385WA019900206893
B2140383846803N12211387WA019890206823
B2140393846809N12211389WA019890206752
B2140403846816N12211390WA019880206741
B2140413846823N12211391WA019860206431
B2140423846830N12211391WA019840206379
B2140433846837N12211393WA019820206191
B2140443846844N12211394WA019810205990
B2140453846851N12211395WA019790205863
B2140463846858N12211396WA019770205756
B2140473846865N12211398WA019760205571
B2140483846873N12211399WA019740205339
B2140493846881N12211402WA019720205038
B2140503846889N12211406WA019700204811
B2140513846896N12211408WA019680204659
B2140523846902N12211411WA019670204581
B2140533846908N12211412WA019650204495
B2140543846914N12211413WA019630204260
B2140553846920N12211413WA019600203984
B2140563846927N12211414WA019560203532
B2140573846935N12211414WA019520202916
B2140583846943N12211415WA019470202325
B2140593846952N12211417WA019420201701
B2141003846960N12211419WA019370201373
B2141013846968N12211422WA019320201093
B2141023846977N12211425WA019290200728
B2141033846984N12211428WA019260200578
B2141043846992N12211430WA019250200466
B2141053847000N12211432WA019250200303
B2141063847007N12211434WA019230200144
B2141073847015N12211436WA019210199819
B2141083847023N12211439WA019180199422
B2141093847031N12211442WA019150199190
B2141103847041N12211444WA019110198719
B2141113847049N12211448WA019080198587
B2141123847058N12211452WA019060198432
B2141133847066N12211455WA019060198329
B2141143847073N12211459WA019060198374
B2141153847081N12211463WA019060198310
B2141163847088N12211466WA019050198264
B2141173847096N12211469WA019030198041
B2141183847104N12211472WA019010197771
B2141193847112N12211475WA018980197469
B2141203847120N12211480WA018940197053
B2141213847128N12211484WA018910196839
B2141223847136N12211490WA018890196613
B2141233847143N12211495WA018860196558
B2141243847151N12211500WA018860196527
B2141253847159N12211504WA018860196526
B2141263847167N12211508WA018860196505
B2141273847174N12211511WA018860196415
B2141283847181N12211514WA018850196312
B2141293847188N12211517WA018840196201
B2141303847195N12211520WA018830196051
B2141313847203N12211523WA018800195739
B2141323847211N12211528WA018780195413
B2141333847219N12211533WA018750195107
B2141343847226N12211539WA018720194983
B2141353847234N12211544WA018690194782
B2141363847242N12211549WA018670194433
B2141373847250N12211553WA018640194109
B2141383847257N12211559WA018600193780
B2141393847265N12211564WA018570193444
B2141403847273N12211569WA018540193122
B2141413847280N12211573WA018510192965
B2141423847287N12211577WA018480192679
B2141433847295N12211582WA018440192307
B2141443847302N12211587WA018400191952
B2141453847310N12211591WA018360191428
B2141463847317N12211596WA018320191095
B2141473847325N12211601WA018290190610
B2141483847332N12211605WA018240190249
B2141493847340N12211610WA018200189905
B2141503847347N12211614WA018160189486
B2141513847355N12211619WA018110189032
B2141523847362N12211623WA018090188757
B2141533847369N12211628WA018080188467
B2141543847376N12211633WA018050188138
B2141553847382N12211638WA018030187983
B2141563847388N12211642WA018010187698
B2141573847394N12211647WA017970187277
B2141583847400N12211653WA017940186991
B2141593847407N12211658WA017900186554
B2142003847414N12211663WA017860186144
B2142013847421N12211668WA017820185728
B2142023847428N12211674WA017780185431
B2142033847435N12211679WA017740185014
B2142043847442N12211683WA017680184539
B2142053847449N12211689WA017640183910
B2142063847455N12211694WA017580183496
B2142073847463N12211700WA017540182841
B2142083847471N12211705WA017490182309
B2142093847478N12211711WA017440181855
B2142103847486N12211716WA017390181446
B2142113847494N12211721WA017350181027
B2142123847501N12211726WA017330180796
B2142133847509N12211731WA017320180412
B2142143847516N12211735WA017300180242
B2142153847523N12211739WA017270179952
B2142163847530N12211743WA017240179641
B2142173847537N12211747WA017210179230
B2142183847544N12211750WA017170178975
B2142193847552N12211753WA017130178559
B2142203847560N12211757WA017080178071
B2142213847568N12211760WA017030177682
B2142223847577N12211763WA016990177206
B2142233847584N12211767WA016950176872
B2142243847592N12211770WA016900176438
B2142253847599N12211774WA016860176177
B2142263847607N12211778WA016820175804
B2142273847614N12211781WA016800175559
B2142283847621N12211784WA016770175245
B2142293847628N12211787WA016740174913
B2142303847635N12211790WA016700174518
B2142313847641N12211794WA016670174043
B2142323847648N12211797WA016620173529
B2142333847655N12211802WA016580173021
B2142343847662N12211806WA016520172652
B2142353847669N12211810WA016480172366
B2142363847676N12211815WA016460172154
B2142373847683N12211819WA016440171839
B2142383847690N12211823WA016410171555
B2142393847697N12211827WA016380171116
B2142403847704N12211831WA016340170734
B2142413847710N12211835WA016310170397
B2142423847718N12211839WA016270170015
B2142433847725N12211843WA016240169616
B2142443847731N12211847WA016200169269
B2142453847738N12211852WA016160168810
B2142463847744N12211856WA016120168553
B2142473847751N12211860WA016080168212
B2142483847757N12211864WA016050167810
B2142493847764N12211868WA016010167613
B2142503847771N12211872WA015970167205
B2142513847777N12211876WA015930166858
B2142523847784N12211881WA015890166315
B2142533847790N12211885WA015860165977
B2142543847797N12211889WA015820165535
B2142553847804N12211893WA015780165252
B2142563847812N12211895WA015730164721
B2142573847819N12211897WA015690164344
B2142583847827N12211899WA015640163939
B2142593847835N12211902WA015610163425
B2143003847843N12211905WA015570162905
B2143013847851N12211909WA015530162510
B2143023847859N12211912WA015490162238
B2143033847867N12211916WA015460161745
B2143043847875N12211920WA015420161551
B2143053847883N12211923WA015400161244
B2143063847890N12211927WA015370160967
B2143073847898N12211931WA015340160809
B2143083847905N12211935WA015330160577
B2143093847913N12211939WA015310160263
B2143103847921N12211942WA015280159958
B2143113847929N12211945WA015260159654
B2143123847937N12211947WA015230159368
B2143133847945N12211950WA015200159031
B2143143847953N12211952WA015180158835
B2143153847961N12211955WA015150158633
B2143163847969N12211958WA015130158364
B2143173847977N12211961WA015110158187
B2143183847986N12211965WA015080157822
B2143193847994N12211968WA015060157672
B2143203848002N12211972WA015020157475
B2143213848011N12211975WA015010157261
B2143223848020N12211978WA015010157101
B2143233848028N12211981WA015010156945
B2143243848037N12211984WA015000156813
B2143253848045N12211987WA014990156738
B2143263848053N12211991WA014980156580
B2143273848062N12211994WA014960156463
B2143283848071N12211998WA014940156202
B2143293848079N12212002WA014930155920
B2143303848087N12212005WA014910155856
B2143313848095N12212009WA014900155794
B2143323848104N12212013WA014900155708
B2143333848111N12212016WA014900155839
B2143343848118N12212020WA014910156037
B2143353848125N12212022WA014910156249
B2143363848131N12212025WA014910156285
B2143373848138N12212028WA014900156138
B2143383848144N12212033WA014890155983
B2143393848151N12212038WA014870155987
B2143403848158N12212044WA014860155613
B2143413848164N12212050WA014840155533
B2143423848170N12212056WA014820155361
B2143433848176N12212062WA014810155391
B2143443848181N12212068WA014820155455
B2143453848185N12212075WA014830155520
B2143463848188N12212080WA014840155657
B2143473848190N12212086WA014840155689
B2143483848194N12212093WA014830155508
B2143493848197N12212100WA014830155387
B2143503848202N12212107WA014820155210
B2143513848205N12212112WA014800155187
B2143523848209N12212118WA014800155052
B2143533848213N12212123WA014790155028
B2143543848216N12212129WA014780155090
B2143553848219N12212135WA014770154994
B2143563848223N12212141WA014750154649
B2143573848226N12212148WA014740154495
B2143583848230N12212155WA014730154433
B2143593848233N12212161WA014720154383
B2144003848237N12212167WA014710154270
B2144013848241N12212173WA014710154140
B2144023848245N12212179WA014700154106
B2144033848249N12212186WA014690154024
B2144043848253N12212193WA014680153827
B2144053848257N12212201WA014660153642
B2144063848261N12212209WA014650153540
B2144073848265N12212216WA014640153444
B2144083848268N12212224WA014640153476
B2144093848271N12212232WA014650153558
B2144103848274N12212240WA014660153832
B2144113848276N12212247WA014680154045
B2144123848278N12212255WA014700154240
B2144133848280N12212261WA014720154466
B2144143848282N12212268WA014730154437
B2144153848284N12212276WA014730154462
B2144163848286N12212284WA014730154381
B2144173848289N12212291WA014720154373
B2144183848292N12212299WA014720154108
B2144193848293N12212308WA014720154088
B2144203848295N12212317WA014710154011
B2144213848296N12212325WA014710154072
B2144223848298N12212333WA014700153970
B2144233848301N12212341WA014700153714
B2144243848303N12212350WA014690153688
B2144253848306N12212360WA014680153682
B2144263848310N12212369WA014680153712
B2144273848313N12212377WA014680153927
B2144283848316N12212386WA014680153964
B2144293848318N12212395WA014690154092
B2144303848322N12212403WA014700154129
B2144313848325N12212412WA014720154360
B2144323848328N12212419WA014750154488
B2144333848331N12212427WA014770154701
B2144343848332N12212434WA014790155092
B2144353848334N12212440WA014820155294
B2144363848336N12212446WA014840155384
B2144373848339N12212452WA014860155435
B2144383848342N12212458WA014860155563
B2144393848344N12212464WA014860155589
B2144403848346N12212472WA014860155547
B2144413848346N12212481WA014860155458
B2144423848344N12212491WA014860155397
B2144433848340N12212500WA014870155499
B2144443848336N12212507WA014890155718
B2144453848330N12212511WA014910156159
B2144463848325N12212513WA014930156321
B2144473848320N12212512WA014940156480
B2144483848318N12212509WA014960156522
B2144493848317N12212504WA014950156424
B2144503848318N12212499WA014950156381
B2144513848321N12212494WA014950156382
B2144523848324N12212490WA014950156442
B2144533848326N12212486WA014970156755
B2144543848327N12212482WA014990157037
B2144553848327N12212478WA015000157125
B2144563848326N12212473WA015010157113
B2144573848324N12212467WA015020157198
B2144583848323N12212462WA015040157377
B2144593848323N12212458WA015050157417
B2145003848322N12212454WA015070157698
B2145013848323N12212451WA015080157896
B2145023848326N12212449WA015090157891
B2145033848332N12212447WA015090157707
B2145043848337N12212448WA015080157715
B2145053848342N12212452WA015080157673
B2145063848346N12212459WA015090157788
B2145073848348N12212468WA015100157865
B2145083848349N12212477WA015110158021
B2145093848347N12212486WA015120158160
B2145103848344N12212493WA015120158222
B2145113848339N12212498WA015130158390
B2145123848335N12212499WA015140158415
B2145133848330N12212497WA015140158409
B2145143848325N12212494WA015140158364
B2145153848322N12212490WA015140158511
B2145163848319N12212485WA015150158799
B2145173848319N12212482WA015170158913
B2145183848319N12212478WA015180159059
B2145193848321N12212475WA015190159071
B2145203848325N12212471WA015200159003
B2145213848328N12212467WA015210159097
B2145223848333N12212465WA015220159215
B2145233848337N12212465WA015240159462
B2145243848342N12212467WA015250159543
B2145253848347N12212471WA015250159582
B2145263848352N12212477WA015240159486
B2145273848358N12212484WA015230159535
B2145283848364N12212490WA015230159423
B2145293848369N12212496WA015240159541
B2145303848374N12212499WA015250159757
B2145313848379N12212503WA015260159876
B2145323848384N12212508WA015280159872
B2145333848390N12212513WA015290159820
B2145343848396N12212517WA015300159815
B2145353848402N12212521WA015310159918
B2145363848408N12212525WA015320160206
B2145373848413N12212529WA015330160399
B2145383848419N12212534WA015340160432
B2145393848424N12212538WA015350160578
B2145403848430N12212543WA015360160625
B2145413848435N12212548WA015370160796
B2145423848441N12212553WA015370160762
B2145433848447N12212557WA015380160859
B2145443848453N12212562WA015390161037
B2145453848459N12212567WA015400161114
B2145463848464N12212572WA015410161192
B2145473848470N12212577WA015430161381
B2145483848476N12212582WA015440161455
B2145493848482N12212587WA015460161528
B2145503848488N12212592WA015470161759
B2145513848494N12212597WA015470161799
B2145523848501N12212602WA015490161769
B2145533848508N12212607WA015500161845
B2145543848514N12212612WA015520162071
B2145553848520N12212616WA015540162329
B2145563848525N12212621WA015560162642
B2145573848531N12212625WA015590162825
B2145583848537N12212630WA015610162902
B2145593848543N12212634WA015640163334
B2146003848549N12212637WA015670163674
B2146013848555N12212640WA015700163952
B2146023848561N12212643WA015730164203
B2146033848565N12212647WA015760164463
B2146043848570N12212650WA015790164508
B2146053848573N12212655WA015810164588
B2146063848577N12212661WA015800164707
B2146073848578N12212669WA015810164851
B2146083848579N12212676WA015810164923
B2146093848577N12212682WA015820165038
B2146103848574N12212687WA015830165147
B2146113848570N12212689WA015830165208
B2146123848565N12212688WA015840165345
B2146133848561N12212684WA015850165459
B2146143848559N12212679WA015860165549
B2146153848558N12212674WA015870165615
B2146163848558N12212668WA015880165718
B2146173848558N12212662WA015890165856
B2146183848558N12212657WA015920166103
B2146193848557N12212652WA015940166354
B2146203848557N12212647WA015970166621
B2146213848558N12212641WA016000166813
B2146223848561N12212636WA016030167074
B2146233848567N12212632WA016050167146
B2146243848574N12212631WA016050167293
B2146253848582N12212632WA016060167407
B2146263848588N12212636WA016080167707
B2146273848591N12212642WA016090168067
B2146283848593N12212649WA016110168257
B2146293848594N12212657WA016130168333
B2146303848594N12212664WA016150168537
B2146313848592N12212671WA016170168798
B2146323848590N12212677WA016190169055
B2146333848586N12212681WA016210169283
B2146343848582N12212682WA016230169358
B2146353848577N12212683WA016240169464
B2146363848572N12212681WA016250169498
B2146373848568N12212680WA016260169672
B2146383848564N12212677WA016280169849
B2146393848560N12212674WA016300169982
B2146403848558N12212670WA016330170066
B2146413848557N12212664WA016360170165
B2146423848558N12212657WA016380170214
B2146433848559N12212650WA016400170502
B2146443848561N12212643WA016420170777
B2146453848566N12212638WA016430171004
B2146463848570N12212635WA016450171262
B2146473848576N12212632WA016450171347
B2146483848582N12212630WA016440171328
B2146493848588N12212629WA016450171482
B2146503848595N12212629WA016440171343
B2146513848601N12212631WA016440171293
B2146523848608N12212634WA016430171206
B2146533848612N12212639WA016440171385
B2146543848615N12212646WA016450171460
B2146553848616N12212653WA016450171645
B2146563848615N12212661WA016470171783
B2146573848614N12212668WA016480171936
B2146583848612N12212673WA016490172239
B2146593848609N12212677WA016510172538
B2147003848605N12212680WA016530172688
B2147013848602N12212682WA016550172937
B2147023848598N12212684WA016570173056
B2147033848595N12212686WA016590173230
B2147043848591N12212686WA016600173396
B2147053848588N12212684WA016600173414
B2147063848584N12212681WA016600173391
B2147073848586N12212672WA016590173268
B2147083848587N12212665WA016590173362
B2147093848598N12212665WA016590173205
B2147103848605N12212667WA016600173338
B2147113848611N12212672WA016610173572
B2147123848616N12212677WA016620173851
B2147133848620N12212681WA016640174244
B2147143848623N12212686WA016660174411
B2147153848624N12212691WA016680174573
B2147163848625N12212697WA016680174427
B2147173848624N12212704WA016670174299
B2147183848623N12212711WA016660174179
B2147193848621N12212718WA016650174065
B2147203848618N12212723WA016660174178
B2147213848614N12212727WA016660174263
B2147223848610N12212728WA016670174204
B2147233848606N12212727WA016680174311
B2147243848603N12212723WA016690174492
B2147253848603N12212718WA016700174460
B2147263848606N12212712WA016710174407
B2147273848610N12212707WA016720174509
B2147283848616N12212707WA016730174601
B2147293848622N12212706WA016750174918
B2147303848628N12212707WA016770175226
B2147313848634N12212710WA016790175441
B2147323848640N12212713WA016800175446
B2147333848645N12212719WA016800175493
B2147343848650N12212726WA016800175424
B2147353848653N12212734WA016810175506
B2147363848654N12212742WA016830175744
B2147373848654N12212749WA016850175975
B2147383848653N12212755WA016870176131
B2147393848650N12212759WA016890176577
B2147403848647N12212763WA016910176603
B2147413848642N12212765WA016930176778
B2147423848638N12212767WA016940176821
B2147433848633N12212767WA016930176882
B2147443848630N12212764WA016930176954
B2147453848628N12212759WA016930176963
B2147463848629N12212752WA016930176809
B2147473848631N12212746WA016930176834
B2147483848634N12212742WA016940176822
B2147493848637N12212738WA016960177148
B2147503848640N12212736WA016990177555
B2147513848644N12212735WA017020177851
B2147523848649N12212734WA017040177887
B2147533848656N12212736WA017060177833
B2147543848663N12212740WA017060177890
B2147553848671N12212745WA017060177916
B2147563848676N12212752WA017070178164
B2147573848681N12212760WA017080178350
B2147583848681N12212767WA017100178583
B2147593848681N12212774WA017120178628
B2148003848678N12212780WA017130178890
B2148013848675N12212785WA017140178850
B2148023848670N12212787WA017140178757
B2148033848666N12212789WA017140178702
B2148043848661N12212788WA017130178623
B2148053848657N12212785WA017130178689
B2148063848654N12212783WA017120178565
B2148073848652N12212779WA017110178360
B2148083848650N12212774WA017110178271
B2148093848648N12212769WA017100178215
B2148103848644N12212765WA017090178101
B2148113848639N12212761WA017080178031
B2148123848634N12212757WA017080178072
B2148133848630N12212753WA017090178376
B2148143848627N12212749WA017120178537
B2148153848625N12212745WA017140179022
B2148163848623N12212741WA017180179460
B2148173848622N12212736WA017210179671
B2148183848623N12212730WA017250179894
B2148193848627N12212725WA017270180026
B2148203848632N12212722WA017290180195
B2148213848640N12212722WA017300180110
B2148223848646N12212725WA017300180271
B2148233848652N12212730WA017310180533
B2148243848656N12212737WA017330180855
B2148253848659N12212744WA017370181330
B2148263848661N12212750WA017410181744
B2148273848662N12212756WA017450182127
B2148283848662N12212763WA017480182325
B2148293848660N12212770WA017510182527
B2148303848656N12212777WA017510182551
B2148313848651N12212781WA017500182596
B2148323848647N12212784WA017490182422
B2148333848642N12212784WA017480182365
B2148343848637N12212783WA017470182276
B2148353848632N12212782WA017450182021
B2148363848626N12212780WA017450182010
B2148373848620N12212778WA017460182132
B2148383848616N12212775WA017490182449
B2148393848614N12212772WA017530182842
B2148403848615N12212766WA017550183059
B2148413848618N12212761WA017570182984
B2148423848623N12212757WA017570182982
B2148433848629N12212755WA017570183187
B2148443848635N12212756WA017580183365
B2148453848641N12212759WA017590183502
B2148463848646N12212761WA017610183718
B2148473848650N12212764WA017640184090
B2148483848655N12212766WA017670184343
B2148493848659N12212770WA017700184700
B2148503848661N12212775WA017720184955
B2148513848662N12212783WA017720184873
B2148523848662N12212791WA017720184626
B2148533848659N12212798WA017710184570
B2148543848655N12212802WA017690184491
B2148553848650N12212803WA017670184253
B2148563848645N12212801WA017660184008
B2148573848640N12212799WA017640183818
B2148583848635N12212799WA017620183761
B2148593848631N12212799WA017610183704
B2149003848626N12212799WA017620183881
B2149013848623N12212795WA017630183879
B2149023848621N12212791WA017630183877
B2149033848619N12212785WA017630183677
B2149043848617N12212780WA017620183593
B2149053848617N12212775WA017620183633
B2149063848618N12212770WA017630183832
B2149073848620N12212765WA017630183961
B2149083848626N12212761WA017630184026
B2149093848632N12212759WA017620183848
B2149103848638N12212759WA017620183978
B2149113848644N12212761WA017630184038
B2149123848649N12212764WA017630184085
B2149133848655N12212768WA017630184070
B2149143848661N12212771WA017630184066
B2149153848667N12212774WA017640183991
B2149163848673N12212775WA017640183901
B2149173848676N12212774WA017640184163
B2149183848680N12212774WA017640184015
B2149193848684N12212775WA017640183856
B2149203848690N12212777WA017620183533
B2149213848696N12212780WA017590183182
B2149223848703N12212784WA017560182881
B2149233848709N12212787WA017540183061
B2149243848714N12212788WA017540183235
B2149253848719N12212790WA017550183404
B2149263848724N12212792WA017560183514
B2149273848729N12212795WA017560183482
B2149283848736N12212797WA017550183315
B2149293848742N12212799WA017550183261
B2149303848748N12212800WA017540183288
B2149313848755N12212801WA017530183109
B2149323848761N12212804WA017520183005
B2149333848767N12212806WA017500182727
B2149343848774N12212808WA017470182435
B2149353848781N12212810WA017440182179
B2149363848789N12212815WA017410181650
B2149373848797N12212818WA017380181568
B2149383848804N12212822WA017380181592
B2149393848811N12212824WA017390181723
B2149403848816N12212826WA017410181996
B2149413848820N12212827WA017430181984
B2149423848825N12212828WA017440182251
B2149433848830N12212829WA017450182246
B2149443848836N12212830WA017450182129
B2149453848842N12212832WA017440182002
B2149463848848N12212834WA017430182009
B2149473848853N12212836WA017430181945
B2149483848858N12212837WA017430181932
B2149493848862N12212837WA017430182078
B2149503848867N12212838WA017420181854
B2149513848873N12212840WA017400181653
B2149523848881N12212843WA017370181504
B2149533848888N12212846WA017320180734
B2149543848895N12212849WA017280180465
B2149553848902N12212851WA017250180291
B2149563848909N12212852WA017220180166
B2149573848916N12212854WA017200180021
B2149583848922N12212856WA017200180030
B2149593848927N12212858WA017210180083
B2150003848932N12212860WA017210180074
B2150013848938N12212861WA017210179948
B2150023848944N12212863WA017200179840
B2150033848950N12212864WA017190179776
B2150043848957N12212866WA017180179645
B2150053848964N12212868WA017170179412
B2150063848970N12212869WA017170179364
B2150073848977N12212869WA017170179208
B2150083848982N12212870WA017170179231
B2150093848987N12212870WA017160179187
B2150103848993N12212871WA017160179273
B2150113849000N12212873WA017140179223
B2150123849008N12212874WA017130179030
B2150133849015N12212875WA017120178870
B2150143849022N12212875WA017120178984
B2150153849030N12212875WA017120178918
B2150163849036N12212875WA017130178935
B2150173849043N12212876WA017130178807
B2150183849049N12212877WA017130178772
B2150193849056N12212878WA017130178736
B2150203849062N12212879WA017130178688
B2150213849069N12212881WA017130178752
B2150223849076N12212881WA017130178748
B2150233849084N12212882WA017130178700
B2150243849092N12212882WA017140178800
B2150253849099N12212882WA017140178931
B2150263849106N12212882WA017150179191
B2150273849114N12212882WA017160179101
B2150283849120N12212882WA017170179151
B2150293849127N12212882WA017170179206
B2150303849135N12212882WA017170179108
B2150313849143N12212882WA017160179008
B2150323849151N12212882WA017150178932
B2150333849160N12212882WA017150178900
B2150343849167N12212882WA017150179045
B2150353849174N12212883WA017170179451
B2150363849181N12212882WA017180179683
B2150373849188N12212881WA017200179729
B2150383849194N12212881WA017210179792
B2150393849201N12212881WA017210179878
B2150403849208N12212882WA017210179658
B2150413849215N12212883WA017200179554
B2150423849222N12212884WA017190179441
B2150433849229N12212884WA017200179463
B2150443849235N12212885WA017200179584
B2150453849241N12212886WA017210179845
B2150463849247N12212887WA017230179901
B2150473849253N12212886WA017240180028
B2150483849259N12212886WA017250180078
B2150493849267N12212886WA017250179917
B2150503849275N12212886WA017250179815
B2150513849282N12212886WA017270180087
B2150523849289N12212886WA017290180395
B2150533849296N12212886WA017310180510
B2150543849302N12212886WA017340180802
B2150553849307N12212885WA017350180894
B2150563849314N12212884WA017350180867
B2150573849321N12212884WA017360180998
B2150583849328N12212884WA017370181170
B2150593849334N12212882WA017380181285
B2151003849340N12212881WA017390181442
B2151013849346N12212881WA017400181511
B2151023849352N12212881WA017410181604
B2151033849357N12212881WA017410181669
B2151043849363N12212883WA017410181626
B2151053849368N12212885WA017420181662
B2151063849374N12212886WA017420181727
B2151073849379N12212888WA017420181785
B2151083849385N12212890WA017430181662
B2151093849391N12212891WA017430181672
B2151103849397N12212892WA017440181726
B2151113849403N12212894WA017440181817
B2151123849408N12212896WA017440181767
B2151133849414N12212899WA017450181812
B2151143849419N12212903WA017450181840
B2151153849424N12212905WA017460182178
B2151163849430N12212907WA017470182168
B2151173849436N12212909WA017480182307
B2151183849442N12212912WA017480182210
B2151193849447N12212914WA017480182218
B2151203849452N12212917WA017480182222
B2151213849457N12212919WA017480182249
B2151223849463N12212922WA017480182303
B2151233849469N12212923WA017480182228
B2151243849475N12212925WA017480182374
B2151253849481N12212926WA017490182453
B2151263849486N12212927WA017500182681
B2151273849491N12212927WA017500182890
B2151283849498N12212927WA017510182803
B2151293849505N12212927WA017500182702
B2151303849512N12212927WA017500182611
B2151313849518N12212927WA017500182691
B2151323849524N12212925WA017500182758
B2151333849530N12212925WA017510182830
B2151343849535N12212923WA017520182899
B2151353849542N12212923WA017510182907
B2151363849548N12212924WA017510182801
B2151373849555N12212924WA017510182721
B2151383849562N12212924WA017500182643
B2151393849569N12212924WA017500182683
B2151403849576N12212924WA017510182678
B2151413849583N12212924WA017530182827
B2151423849589N12212924WA017540183021
B2151433849594N12212923WA017560183393
B2151443849600N12212923WA017590183592
B2151453849607N12212922WA017610183722
B2151463849613N12212921WA017630183873
B2151473849620N12212920WA017650183915
B2151483849626N12212920WA017660184011
B2151493849632N12212920WA017660184122
B2151503849638N12212920WA017660184226
B2151513849644N12212920WA017660184279
B2151523849650N12212921WA017650184097
B2151533849657N12212921WA017650184188
B2151543849664N12212921WA017650184078
B2151553849671N12212922WA017650184081
B2151563849678N12212922WA017660184127
B2151573849684N12212923WA017660184285
B2151583849690N12212924WA017660184279
B2151593849697N12212926WA017660184220
B2152003849703N12212927WA017650184159
B2152013849709N12212930WA017640184199
B2152023849715N12212935WA017640184081
B2152033849720N12212939WA017630184089
B2152043849726N12212944WA017640184048
B2152053849731N12212949WA017640184091
B2152063849737N12212953WA017640183924
B2152073849743N12212957WA017640183900
B2152083849749N12212960WA017640183979
B2152093849756N12212965WA017640183951
B2152103849762N12212969WA017650183972
B2152113849768N12212972WA017670184048
B2152123849772N12212976WA017700184290
B2152133849777N12212978WA017720184685
B2152143849782N12212980WA017740184768
B2152153849787N12212984WA017760184883
B2152163849793N12212989WA017760184750
B2152173849799N12212993WA017750184783
B2152183849805N12212997WA017750184744
B2152193849810N12213001WA017740184847
B2152203849815N12213003WA017740185066
B2152213849820N12213005WA017740185074
B2152223849825N12213008WA017730184871
B2152233849830N12213011WA017720184799
B2152243849836N12213016WA017710184552
B2152253849842N12213020WA017700184423
B2152263849847N12213024WA017700184431
B2152273849852N12213026WA017710184509
B2152283849856N12213029WA017710184631
B2152293849859N12213030WA017710184569
B2152303849863N12213033WA017700184581
B2152313849868N12213036WA017680184274
B2152323849874N12213041WA017650183821
B2152333849879N12213046WA017610183486
B2152343849885N12213053WA017580183088
B2152353849891N12213059WA017550182899
B2152363849897N12213065WA017530182786
B2152373849902N12213068WA017530182666
B2152383849907N12213071WA017520182555
B2152393849912N12213074WA017510182506
B2152403849917N12213078WA017480182145
B2152413849923N12213083WA017450181734
B2152423849929N12213089WA017410181214
B2152433849935N12213095WA017370180932
B2152443849940N12213100WA017330180882
B2152453849946N12213104WA017310180608
B2152463849951N12213108WA017300180537
B2152473849957N12213112WA017280180302
B2152483849962N12213116WA017270180164
B2152493849968N12213120WA017250179883
B2152503849975N12213124WA017230179642
B2152513849982N12213128WA017200179482
B2152523849990N12213132WA017180179132
B2152533849997N12213136WA017160179114
B2152543850003N12213139WA017150179199
B2152553850010N12213142WA017140179049
B2152563850017N12213146WA017130178822
B2152573850024N12213149WA017100178479
B2152583850032N12213154WA017070178035
B2152593850040N12213158WA017030177557
B2153003850048N12213162WA017000177136
B2153013850056N12213166WA016970177015
B2153023850063N12213169WA016930176977
B2153033850071N12213173WA016900176761
B2153043850078N12213177WA016870176597
B2153053850086N12213183WA016840176141
B2153063850093N12213189WA016800175762
B2153073850100N12213196WA016770175421
B2153083850105N12213204WA016740175093
B2153093850111N12213212WA016720174713
B2153103850116N12213220WA016710174511
B2153113850119N12213227WA016700174496
B2153123850124N12213235WA016680174255
B2153133850128N12213243WA016660173934
B2153143850132N12213251WA016640173673
B2153153850137N12213259WA016610173308
B2153163850141N12213269WA016590173077
B2153173850146N12213279WA016570172900
B2153183850151N12213287WA016570172703
B2153193850156N12213295WA016580172851
B2153203850162N12213301WA016580172707
B2153213850167N12213307WA016580172848
B2153223850172N12213313WA016580172877
B2153233850178N12213319WA016570172812
B2153243850185N12213324WA016560172827
B2153253850192N12213330WA016550172663
B2153263850200N12213335WA016540172518
B2153273850207N12213340WA016540172685
B2153283850214N12213345WA016540172661
B2153293850221N12213349WA016550172730
B2153303850227N12213353WA016550172785
B2153313850234N12213358WA016550172756
B2153323850240N12213364WA016550172544
B2153333850245N12213371WA016540172415
B2153343850250N12213378WA016530172437
B2153353850255N12213386WA016530172423
B2153363850260N12213393WA016530172343
B2153373850266N12213398WA016530172277
B2153383850272N12213404WA016530172294
B2153393850279N12213409WA016530172275
B2153403850286N12213414WA016530172247
B2153413850292N12213420WA016530172290
B2153423850298N12213425WA016530172266
B2153433850303N12213429WA016540172269
B2153443850308N12213434WA016550172465
B2153453850313N12213438WA016560172640
B2153463850318N12213442WA016560172631
B2153473850323N12213446WA016570172710
B2153483850328N12213450WA016570172752
B2153493850333N12213454WA016570172674
B2153503850339N12213457WA016570172748
B2153513850344N12213461WA016570172714
B2153523850348N12213464WA016570172891
B2153533850353N12213467WA016570172842
B2153543850359N12213470WA016560172845
B2153553850365N12213474WA016540172578
B2153563850373N12213479WA016530172302
B2153573850380N12213484WA016510172081
B2153583850388N12213488WA016480171976
B2153593850396N12213493WA016470171844
B2154003850403N12213497WA016460171867
B2154013850410N12213501WA016470171905
B2154023850416N12213505WA016470172054
B2154033850422N12213509WA016470172083
B2154043850429N12213514WA016470172010
B2154053850436N12213518WA016470171906
B2154063850442N12213523WA016460171858
B2154073850449N12213529WA016460171712
B2154083850455N12213534WA016450171774
B2154093850462N12213539WA016460171871
B2154103850469N12213543WA016460171927
B2154113850475N12213548WA016470171957
B2154123850481N12213553WA016470172031
B2154133850486N12213557WA016480172176
B2154143850492N12213562WA016480172214
B2154153850497N12213567WA016480172169
B2154163850503N12213574WA016470172011
B2154173850508N12213581WA016470172080
B2154183850514N12213587WA016470172022
B2154193850519N12213593WA016480172084
B2154203850525N12213599WA016500172195
B2154213850531N12213605WA016520172218
B2154223850535N12213611WA016550172582
B2154233850539N12213616WA016590173083
B2154243850544N12213621WA016640173618
B2154253850549N12213626WA016680173840
B2154263850554N12213629WA016700174070
B2154273850560N12213631WA016730174233
B2154283850566N12213634WA016760174460
B2154293850573N12213633WA016780174578
B2154303850581N12213633WA016800174901
B2154313850587N12213630WA016830175062
B2154323850588N12213621WA016860175168
B2154333850590N12213614WA016880175650
B2154343850589N12213608WA016910176070
B2154353850588N12213602WA016940176282
B2154363850586N12213598WA016970176408
B2154373850582N12213597WA017000176653
B2154383850578N12213598WA017030176991
B2154393850575N12213600WA017060177353
B2154403850574N12213605WA017090177527
B2154413850574N12213612WA017090177654
B2154423850576N12213619WA017090177711
B2154433850579N12213625WA017100177887
B2154443850585N12213631WA017130178023
B2154453850590N12213637WA017150178314
B2154463850594N12213643WA017190178884
B2154473850597N12213649WA017230179387
B2154483850598N12213655WA017270179696
B2154493850596N12213661WA017310179988
B2154503850592N12213665WA017330180054
B2154513850587N12213666WA017360180218
B2154523850583N12213663WA017380180529
B2154533850580N12213659WA017410180917
B2154543850579N12213653WA017450181396
B2154553850581N12213646WA017490181733
B2154563850585N12213639WA017530181928
B2154573850589N12213633WA017550182155
B2154583850598N12213631WA017550182255
B2154593850607N12213632WA017570182433
B2155003850614N12213636WA017600182721
B2155013850619N12213641WA017630183242
B2155023850622N12213647WA017660183835
B2155033850623N12213653WA017690184245
B2155043850622N12213659WA017730184606
B2155053850620N12213664WA017760184810
B2155063850617N12213667WA017790185140
B2155073850614N12213669WA017810185334
B2155083850610N12213669WA017820185568
B2155093850606N12213668WA017830185814
B2155103850601N12213666WA017840185933
B2155113850597N12213663WA017850186118
B2155123850593N12213660WA017880186459
B2155133850591N12213656WA017910186600
B2155143850591N12213646WA017940186841
B2155153850594N12213636WA017960186876
B2155163850599N12213627WA017990187115
B2155173850607N12213624WA018030187261
B2155183850615N12213623WA018070187801
B2155193850621N12213624WA018110188293
B2155203850628N12213626WA018150188745
B2155213850634N12213630WA018200189283
B2155223850639N12213635WA018240189589
B2155233850643N12213642WA018270189857
B2155243850645N12213649WA018290190258
B2155253850643N12213655WA018300190566
B2155263850641N12213660WA018330190726
B2155273850638N12213665WA018350191140
B2155283850634N12213666WA018380191265
B2155293850630N12213668WA018400191591
B2155303850625N12213666WA018420191654
B2155313850621N12213664WA018430191700
B2155323850616N12213659WA018450191801
B2155333850615N12213650WA018480191813
B2155343850615N12213642WA018520192314
B2155353850616N12213634WA018550192772
B2155363850619N12213626WA018590193144
B2155373850622N12213618WA018630193432
B2155383850628N12213611WA018660193703
B2155393850634N12213605WA018700193977
B2155403850642N12213602WA018730194202
B2155413850649N12213601WA018770194684
B2155423850656N12213600WA018810195096
B2155433850662N12213604WA018860195511
B2155443850667N12213608WA018890195743
B2155453850672N12213613WA018920195950
B2155463850675N12213619WA018940196173
B2155473850677N12213625WA018950196439
B2155483850677N12213632WA018970196604
B2155493850673N12213637WA018990196889
B2155503850670N12213642WA019010197042
B2155513850665N12213645WA019030197165
B2155523850659N12213646WA019060197271
B2155533850655N12213634WA019080197352
B2155543850652N12213629WA019100197707
B2155553850650N12213621WA019140197936
B2155563850650N12213612WA019180198588
B2155573850653N12213604WA019210198906
B2155583850656N12213596WA019240199389
B2155593850662N12213590WA019270199648
B2156003850669N12213586WA019300199815
B2156013850676N12213583WA019320200012
B2156023850682N12213583WA019350200584
B2156033850689N12213585WA019380200711
B2156043850694N12213588WA019390200973
B2156053850699N12213593WA019400201104
B2156063850702N12213598WA019410201259
B2156073850704N12213605WA019420201432
B2156083850704N12213610WA019440201649
B2156093850702N12213615WA019460201898
B2156103850700N12213620WA019490202100
B2156113850696N12213623WA019510202391
B2156123850693N12213625WA019540202525
B2156133850688N12213625WA019560202673
B2156143850684N12213623WA019590202737
B2156153850680N12213620WA019620202853
B2156163850676N12213614WA019650203018
B2156173850672N12213607WA019670203136
B2156183850669N12213600WA019700203350
B2156193850666N12213593WA019740203975
B2156203850665N12213586WA019780204415
B2156213850664N12213579WA019810204920
B2156223850666N12213569WA019840205246
B2156233850670N12213560WA019850205478
B2156243850676N12213555WA019860205791
B2156253850683N12213551WA019870205852
B2156263850690N12213553WA019880205947
B2156273850695N12213558WA019900206272
B2156283850699N12213563WA019910206512
B2156293850698N12213569WA019930206603
B2156303850695N12213574WA019950206899
B2156313850692N12213578WA019960207007
B2156323850686N12213580WA019980207280
B2156333850682N12213582WA020010207455
B2156343850677N12213581WA020040207666
B2156353850673N12213582WA020080208352
B2156363850669N12213583WA020120208811
B2156373850664N12213584WA020160209276
B2156383850660N12213585WA020200209687
B2156393850656N12213584WA020230209979
B2156403850652N12213580WA020260209980
B2156413850650N12213571WA020260210026
B2156423850649N12213561WA020250210035
B2156433850650N12213551WA020250210085
B2156443850654N12213543WA020260210200
B2156453850658N12213536WA020270210423
B2156463850663N12213531WA020280210500
B2156473850668N12213526WA020300210624
B2156483850673N12213522WA020320210833
B2156493850678N12213517WA020330211039
B2156503850682N12213513WA020350211297
B2156513850687N12213510WA020370211366
B2156523850692N12213508WA020390211691
B2156533850698N12213508WA020410211717
B2156543850703N12213511WA020430211939
B2156553850707N12213516WA020460212026
B2156563850709N12213521WA020480212185
B2156573850711N12213527WA020500212381
B2156583850707N12213532WA020530212582
B2156593850702N12213535WA020540212786
B2157003850697N12213537WA020550212900
B2157013850691N12213537WA020580213249
B2157023850686N12213538WA020600213852
B2157033850682N12213539WA020640214203
B2157043850678N12213541WA020670214631
B2157053850675N12213543WA020710214809
B2157063850672N12213547WA020730215088
B2157073850671N12213553WA020760215293
B2157083850673N12213558WA020780215407
B2157093850676N12213563WA020800215672
B2157103850682N12213566WA020810215812
B2157113850688N12213566WA020820215993
B2157123850696N12213564WA020840216109
B2157133850702N12213561WA020850216364
B2157143850708N12213555WA020870216603
B2157153850711N12213547WA020890216643
B2157163850712N12213539WA020910216720
B2157173850711N12213529WA020920216889
B2157183850710N12213521WA020940217139
B2157193850706N12213516WA020970217696
B2157203850702N12213513WA021000217887
B2157213850698N12213512WA021010218017
B2157223850693N12213513WA021010218025
B2157233850691N12213521WA021020218052
B2157243850690N12213527WA021030218232
B2157253850690N12213532WA021050218450
B2157263850690N12213535WA021080218886
B2157273850692N12213539WA021100219011
B2157283850694N12213542WA021120219133
B2157293850699N12213546WA021140219200
B2157303850705N12213548WA021140219217
B2157313850712N12213549WA021150219365
B2157323850720N12213547WA021160219542
B2157333850726N12213542WA021180219764
B2157343850731N12213535WA021200219910
B2157353850733N12213526WA021220220171
B2157363850734N12213517WA021240220343
B2157373850733N12213508WA021250220335
B2157383850729N12213501WA021260220489
B2157393850725N12213496WA021260220459
B2157403850720N12213494WA021260220566
B2157413850716N12213495WA021260220608
B2157423850712N12213498WA021270220707
B2157433850709N12213503WA021280220951
B2157443850707N12213507WA021290221188
B2157453850708N12213513WA021310221291
B2157463850709N12213518WA021330221367
B2157473850713N12213523WA021350221439
B2157483850718N12213527WA021370221465
B2157493850724N12213530WA021390221545
B2157503850731N12213531WA021410221702
B2157513850738N12213530WA021420221920
B2157523850745N12213526WA021450222018
B2157533850751N12213521WA021470222318
B2157543850756N12213515WA021490222443
B2157553850760N12213507WA021510222744
B2157563850763N12213499WA021530223036
B2157573850764N12213491WA021540223297
B2157583850765N12213483WA021550223309
B2157593850763N12213476WA021550223346
B2158003850759N12213469WA021550223399
B2158013850756N12213463WA021550223414
B2158023850752N12213459WA021550223511
B2158033850747N12213458WA021560223522
B2158043850742N12213458WA021560223597
B2158053850739N12213461WA021570223518
B2158063850735N12213465WA021570223768
B2158073850733N12213470WA021580223868
B2158083850733N12213475WA021600224006
B2158093850734N12213479WA021610224207
B2158103850735N12213483WA021640224435
B2158113850737N12213487WA021650224436
B2158123850740N12213492WA021660224513
B2158133850743N12213496WA021650224618
B2158143850746N12213501WA021680224893
B2158153850750N12213505WA021700225054
B2158163850755N12213509WA021730225107
B2158173850760N12213512WA021740225468
B2158183850767N12213514WA021760225613
B2158193850774N12213514WA021770225731
B2158203850781N12213511WA021780225887
B2158213850788N12213507WA021800226182
B2158223850795N12213501WA021830226300
B2158233850799N12213493WA021840226583
B2158243850802N12213485WA021860226790
B2158253850804N12213476WA021880226832
B2158263850804N12213468WA021890226900
B2158273850801N12213460WA021900227196
B2158283850798N12213454WA021910227194
B2158293850795N12213450WA021910227120
B2158303850790N12213447WA021920227280
B2158313850786N12213444WA021930227439
B2158323850782N12213443WA021940227658
B2158333850779N12213444WA021950227700
B2158343850775N12213445WA021960227994
B2158353850773N12213448WA022010228028
B2158363850770N12213453WA022020228190
B2158373850769N12213457WA022030228346
B2158383850769N12213462WA022060228517
B2158393850770N12213467WA022080228849
B2158403850772N12213472WA022100229143
B2158413850775N12213476WA022130229363
B2158423850779N12213480WA022150229550
B2158433850784N12213482WA022170229748
B2158443850790N12213484WA022180229846
B2158453850797N12213486WA022190230010
B2158463850804N12213485WA022200230250
B2158473850811N12213482WA022220230393
B2158483850818N12213478WA022240230521
B2158493850823N12213471WA022250230734
B2158503850827N12213463WA022270230993
B2158513850831N12213455WA022280231031
B2158523850834N12213446WA022280231114
B2158533850834N12213437WA022290231277
B2158543850834N12213429WA022310231353
B2158553850830N12213423WA022310231342
B2158563850826N12213418WA022310231373
B2158573850822N12213413WA022310231302
B2158583850818N12213414WA022320231379
B2158593850815N12213416WA022330231511
B2159003850813N12213419WA022340231707
B2159013850811N12213423WA022370231713
B2159023850809N12213427WA022390231961
B2159033850809N12213431WA022410232257
B2159043850811N12213436WA022430232432
B2159053850814N12213441WA022440232526
B2159063850818N12213446WA022460232704
B2159073850822N12213449WA022470233046
B2159083850827N12213451WA022500233235
B2159093850832N12213451WA022520233454
B2159103850838N12213450WA022540233563
B2159113850844N12213448WA022550233524
B2159123850851N12213443WA022550233677
B2159133850858N12213437WA022560233749
B2159143850863N12213430WA022570233896
B2159153850867N12213422WA022580234069
B2159163850870N12213414WA022580234062
B2159173850872N12213405WA022580234183
B2159183850874N12213396WA022580234103
B2159193850873N12213387WA022570234118
B2159203850870N12213381WA022570234034
B2159213850865N12213377WA022560233761
B2159223850859N12213377WA022540233594
B2159233850855N12213381WA022530233453
B2159243850852N12213386WA022540233695
B2159253850851N12213391WA022550233911
B2159263850849N12213394WA022570234296
B2159273850849N12213397WA022590234535
B2159283850850N12213401WA022610234700
B2159293850852N12213405WA022630234764
B2159303850857N12213409WA022640234667
B2159313850864N12213411WA022630234578
B2159323850872N12213410WA022630234544
B2159333850878N12213405WA022630234699
B2159343850884N12213398WA022630234654
B2159353850887N12213390WA022630234594
B2159363850890N12213381WA022630234605
B2159373850890N12213372WA022630234748
B2159383850889N12213365WA022630234720
B2159393850886N12213358WA022630234643
B2159403850882N12213353WA022630234668
B2159413850878N12213350WA022620234536
B2159423850874N12213350WA022620234511
B2159433850870N12213352WA022620234460
B2159443850867N12213355WA022620234446
B2159453850864N12213358WA022630234468
B2159463850861N12213361WA022640234530
B2159473850858N12213362WA022640234757
B2159483850855N12213364WA022640234855
B2159493850851N12213366WA022660235094
B2159503850848N12213368WA022680235184
B2159513850845N12213371WA022690235232
B2159523850842N12213373WA022710235447
B2159533850840N12213376WA022720235524
B2159543850838N12213380WA022740235734
B2159553850836N12213383WA022760236070
B2159563850834N12213385WA022780236297
B2159573850833N12213388WA022800236308
B2159583850830N12213391WA022800236388
B2159593850828N12213395WA022800236345
B2200003850826N12213400WA022790236364
B2200013850823N12213405WA022790236351
B2200023850820N12213407WA022800236414
B2200033850815N12213407WA022810236565
B2200043850810N12213404WA022820236662
B2200053850805N12213401WA022830236631
B2200063850800N12213395WA022840236662
B2200073850796N12213390WA022850236875
B2200083850793N12213383WA022850236849
B2200093850791N12213376WA022840236830
B2200103850790N12213366WA022830236542
B2200113850792N12213356WA022810236283
B2200123850797N12213348WA022790236183
B2200133850804N12213343WA022770236088
B2200143850811N12213342WA022750235868
B2200153850817N12213344WA022740235803
B2200163850821N12213347WA022750235982
B2200173850821N12213352WA022750235956
B2200183850820N12213356WA022750235989
B2200193850819N12213360WA022750235965
B2200203850818N12213363WA022760236087
B2200213850817N12213366WA022760236167
B2200223850816N12213369WA022770236178
B2200233850817N12213374WA022770236001
B2200243850820N12213378WA022770235918
B2200253850824N12213382WA022760235794
B2200263850831N12213383WA022760235605
B2200273850837N12213382WA022760235720
B2200283850843N12213378WA022760235887
B2200293850849N12213374WA022770235975
B2200303850855N12213370WA022780236058
B2200313850861N12213367WA022780236117
B2200323850867N12213365WA022790236223
B2200333850873N12213362WA022800236231
B2200343850879N12213357WA022800236168
B2200353850885N12213352WA022800236246
B2200363850890N12213346WA022800236244
B2200373850894N12213339WA022810236463
B2200383850897N12213331WA022820236576
B2200393850899N12213323WA022840236651
B2200403850899N12213313WA022850236778
B2200413850898N12213305WA022850236630
B2200423850894N12213297WA022860236649
B2200433850890N12213292WA022860236723
B2200443850885N12213289WA022870236845
B2200453850881N12213288WA022870236808
B2200463850876N12213290WA022870236884
B2200473850873N12213293WA022870236824
B2200483850871N12213297WA022870236729
B2200493850871N12213302WA022870236705
B2200503850872N12213307WA022860236850
B2200513850876N12213310WA022860236816
B2200523850880N12213313WA022860236770
B2200533850886N12213313WA022850236668
B2200543850892N12213313WA022840236681
B2200553850899N12213308WA022840236533
B2200563850905N12213301WA022830236411
B2200573850909N12213292WA022830236369
B2200583850913N12213284WA022830236412
B2200593850915N12213275WA022840236567
B2201003850916N12213267WA022850236721
B2201013850915N12213259WA022850236881
B2201023850911N12213251WA022850236885
B2201033850906N12213245WA022840236796
B2201043850902N12213242WA022840236714
B2201053850897N12213242WA022830236785
B2201063850894N12213244WA022820236768
B2201073850893N12213248WA022810236659
B2201083850893N12213253WA022800236508
B2201093850895N12213260WA022800236420
B2201103850897N12213264WA022800236320
B2201113850900N12213267WA022800236316
B2201123850904N12213270WA022810236309
B2201133850908N12213273WA022810236206
B2201143850912N12213276WA022810236160
B2201153850917N12213278WA022800236184
B2201163850924N12213279WA022800236216
B2201173850931N12213280WA022790236036
B2201183850938N12213282WA022800236036
B2201193850944N12213284WA022800236194
B2201203850951N12213286WA022810236341
B2201213850957N12213287WA022810236384
B2201223850964N12213288WA022810236485
B2201233850971N12213292WA022810236401
B2201243850977N12213294WA022800236279
B2201253850984N12213299WA022790236081
B2201263850991N12213301WA022790236099
B2201273850998N12213304WA022800236205
B2201283851004N12213306WA022810236334
B2201293851009N12213308WA022810236491
B2201303851016N12213309WA022810236355
B2201313851023N12213312WA022790236151
B2201323851031N12213315WA022780235805
B2201333851039N12213319WA022750235527
B2201343851047N12213323WA022730235238
B2201353851055N12213327WA022710235000
B2201363851061N12213329WA022700234971
B2201373851068N12213331WA022700235011
B2201383851074N12213332WA022690234828
B2201393851080N12213334WA022670234576
B2201403851088N12213336WA022640234209
B2201413851095N12213339WA022600233788
B2201423851103N12213343WA022570233421
B2201433851110N12213345WA022530233099
B2201443851118N12213349WA022500233071
B2201453851126N12213352WA022470232814
B2201463851133N12213356WA022460232722
B2201473851140N12213360WA022460232650
B2201483851148N12213363WA022460232524
B2201493851156N12213366WA022460232504
B2201503851162N12213370WA022460232580
B2201513851169N12213372WA022460232556
B2201523851176N12213375WA022450232520
B2201533851183N12213377WA022430232463
B2201543851191N12213380WA022410232113
B2201553851198N12213384WA022390231880
B2201563851207N12213387WA022360231515
B2201573851215N12213390WA022330231286
B2201583851224N12213393WA022300230955
B2201593851233N12213396WA022280230824
B2202003851241N12213399WA022270230752
B2202013851249N12213401WA022270230618
B2202023851256N12213404WA022260230547
B2202033851264N12213407WA022240230401
B2202043851271N12213409WA022220230166
B2202053851278N12213412WA022190229899
B2202063851286N12213416WA022160229583
B2202073851294N12213420WA022120229176
B2202083851303N12213424WA022090228913
B2202093851311N12213427WA022060228608
B2202103851319N12213430WA022020228408
B2202113851326N12213433WA021990228278
B2202123851334N12213437WA021960227951
B2202133851342N12213440WA021940227549
B2202143851350N12213444WA021900227249
B2202153851358N12213448WA021870226839
B2202163851366N12213452WA021840226537
B2202173851374N12213456WA021820226304
B2202183851381N12213459WA021810226288
B2202193851389N12213463WA021790226034
B2202203851396N12213466WA021780225988
B2202213851404N12213470WA021760225721
B2202223851411N12213473WA021750225625
B2202233851417N12213477WA021740225564
B2202243851424N12213481WA021740225408
B2202253851430N12213486WA021720225272
B2202263851437N12213490WA021710225154
B2202273851444N12213494WA021700224978
B2202283851451N12213499WA021690224742
B2202293851458N12213503WA021670224730
B2202303851465N12213506WA021670224729
B2202313851471N12213510WA021680224786
B2202323851477N12213513WA021680224888
B2202333851483N12213516WA021680224817
B2202343851488N12213519WA021680224828
B2202353851494N12213522WA021670224719
B2202363851500N12213526WA021660224483
B2202373851507N12213530WA021640224136
B2202383851514N12213534WA021620223996
B2202393851522N12213538WA021590223865
B2202403851530N12213542WA021560223614
B2202413851537N12213546WA021530223481
B2202423851545N12213549WA021520223283
B2202433851553N12213552WA021500223139
B2202443851561N12213556WA021480222806
B2202453851569N12213559WA021460222606
B2202463851576N12213563WA021440222491
B2202473851585N12213566WA021420222214
B2202483851593N12213569WA021390221985
B2202493851602N12213572WA021370221795
B2202503851612N12213575WA021370221636
B2202513851621N12213578WA021370221667
B2202523851630N12213582WA021360221613
B2202533851638N12213586WA021350221451
B2202543851647N12213590WA021340221335
B2202553851656N12213595WA021320221216
B2202563851664N12213601WA021300221031
B2202573851672N12213606WA021290220936
B2202583851679N12213610WA021300221074
B2202593851685N12213613WA021310221288
B2203003851691N12213616WA021330221514
B2203013851695N12213618WA021340221647
B2203023851699N12213620WA021350221897
B2203033851704N12213623WA021340221781
B2203043851710N12213625WA021330221529
B2203053851715N12213630WA021310221297
B2203063851721N12213635WA021300221091
B2203073851728N12213639WA021280220859
B2203083851735N12213644WA021270220828
B2203093851741N12213649WA021260220850
B2203103851747N12213652WA021270220935
B2203113851752N12213655WA021290221084
B2203123851757N12213657WA021300221259
B2203133851762N12213659WA021310221249
B2203143851767N12213662WA021310221133
B2203153851772N12213665WA021310221174
B2203163851778N12213668WA021300220997
B2203173851784N12213672WA021290220839
B2203183851790N12213676WA021280220705
B2203193851795N12213680WA021280220722
B2203203851800N12213683WA021270220764
B2203213851805N12213687WA021270220732
B2203223851809N12213691WA021260220580
B2203233851814N12213695WA021250220317
B2203243851819N12213700WA021230220149
B2203253851825N12213706WA021200219862
B2203263851832N12213711WA021170219488
B2203273851840N12213717WA021150219215
B2203283851847N12213722WA021120219163
B2203293851854N12213726WA021100219066
B2203303851861N12213730WA021080218943
B2203313851867N12213734WA021060218894
B2203323851874N12213739WA021040218583
B2203333851881N12213745WA021020218171
B2203343851888N12213750WA020990217998
B2203353851896N12213756WA020980217830
B2203363851903N12213761WA020990217810
B2203373851909N12213765WA020990217954
B2203383851914N12213769WA021000218095
B2203393851920N12213773WA020990218026
B2203403851925N12213778WA020980217924
B2203413851931N12213783WA020980217719
B2203423851937N12213789WA020970217423
B2203433851943N12213794WA020950217265
B2203443851949N12213799WA020930217175
B2203453851955N12213804WA020910217081
B2203463851961N12213808WA020890216982
B2203473851967N12213812WA020870216869
B2203483851973N12213817WA020850216743
B2203493851979N12213821WA020840216625
B2203503851984N12213825WA020830216689
B2203513851990N12213829WA020830216507
B2203523851993N12213833WA020830216487
B2203533851998N12213837WA020810216365
B2203543852004N12213841WA020800216016
B2203553852010N12213845WA020770215737
B2203563852016N12213850WA020750215341
B2203573852022N12213854WA020720215255
B2203583852027N12213858WA020700215094
B2203593852033N12213862WA020680214815
B2204003852038N12213866WA020670214643
B2204013852043N12213869WA020660214598
B2204023852049N12213873WA020640214337
B2204033852054N12213878WA020630214060
B2204043852059N12213882WA020600213971
B2204053852064N12213885WA020580213996
B2204063852069N12213888WA020570213869
B2204073852074N12213892WA020550213704
B2204083852078N12213895WA020540213577
B2204093852083N12213899WA020510213367
B2204103852088N12213903WA020490212994
B2204113852094N12213907WA020460212592
B2204123852101N12213910WA020420212223
B2204133852107N12213913WA020400211952
B2204143852113N12213915WA020360211781
B2204153852120N12213917WA020340211401
B2204163852125N12213919WA020320211276
B2204173852131N12213922WA020300211022
B2204183852136N12213926WA020280210883
B2204193852142N12213930WA020250210536
B2204203852147N12213935WA020220210127
B2204213852152N12213941WA020190209860
B2204223852157N12213946WA020160209562
B2204233852162N12213950WA020130209379
B2204243852167N12213955WA020100209058
B2204253852172N12213960WA020080208845
B2204263852177N12213965WA020050208439
B2204273852182N12213971WA020020208092
B2204283852188N12213976WA019990207793
B2204293852194N12213981WA019950207480
B2204303852200N12213985WA019920207196
B2204313852206N12213990WA019900206940
B2204323852211N12213993WA019890206786
B2204333852217N12213997WA019870206543
B2204343852223N12214000WA019840206377
B2204353852230N12214004WA019810206063
B2204363852236N12214008WA019780205794
B2204373852243N12214011WA019750205426
B2204383852249N12214014WA019710205306
B2204393852254N12214018WA019720205255
B2204403852260N12214022WA019700204934
B2204413852267N12214025WA019670204627
B2204423852274N12214029WA019630204323
B2204433852281N12214031WA019600204179
B2204443852288N12214035WA019580203901
B2204453852293N12214038WA019550203737
B2204463852298N12214042WA019560203735
B2204473852303N12214045WA019550203549
B2204483852309N12214048WA019530203339
B2204493852315N12214051WA019490203065
B2204503852322N12214054WA019450202745
B2204513852329N12214057WA019410202335
B2204523852335N12214060WA019390202177
B2204533852342N12214063WA019370201949
B2204543852348N12214067WA019350201744
B2204553852355N12214069WA019330201609
B2204563852361N12214073WA019310201370
B2204573852368N12214075WA019280201075
B2204583852375N12214079WA019250200685
B2204593852382N12214083WA019220200448
B2205003852389N12214088WA019200200104
B2205013852395N12214092WA019170199978
B2205023852402N12214096WA019160199634
B2205033852408N12214100WA019140199533
B2205043852414N12214104WA019130199453
B2205053852420N12214108WA019110199369
B2205063852427N12214112WA019090199109
B2205073852433N12214117WA019070198804
B2205083852439N12214121WA019050198628
B2205093852445N12214126WA019030198445
B2205103852451N12214130WA019020198270
B2205113852457N12214133WA019010198077
B2205123852464N12214136WA018990197909
B2205133852469N12214140WA018980197682
B2205143852475N12214143WA018950197589
B2205153852481N12214147WA018940197266
B2205163852488N12214151WA018920197002
B2205173852494N12214154WA018900196837
B2205183852501N12214158WA018880196617
B2205193852507N12214163WA018860196510
B2205203852513N12214167WA018840196304
B2205213852518N12214171WA018830196255
B2205223852524N12214174WA018840196207
B2205233852529N12214177WA018830196234
B2205243852535N12214181WA018830196110
B2205253852540N12214184WA018820195769
B2205263852546N12214189WA018800195536
B2205273852552N12214193WA018790195318
B2205283852558N12214197WA018760195236
B2205293852564N12214200WA018760195129
B2205303852569N12214204WA018760195180
B2205313852575N12214207WA018750195056
B2205323852581N12214210WA018740194819
B2205333852586N12214214WA018720194783
B2205343852592N12214219WA018700194641
B2205353852598N12214223WA018690194513
B2205363852603N12214227WA018670194347
B2205373852608N12214232WA018650194226
B2205383852613N12214237WA018660194152
B2205393852619N12214241WA018650194017
B2205403852623N12214246WA018640193992
B2205413852629N12214251WA018620193731
B2205423852634N12214256WA018600193573
B2205433852640N12214261WA018580193329
B2205443852645N12214267WA018550193185
B2205453852651N12214272WA018530192902
B2205463852655N12214277WA018510192817
B2205473852659N12214282WA018520192696
B2205483852665N12214287WA018510192614
B2205493852670N12214292WA018500192465
B2205503852675N12214298WA018470192270
B2205513852681N12214303WA018450192102
B2205523852686N12214307WA018420191989
B2205533852692N12214312WA018400191647
B2205543852697N12214317WA018370191499
B2205553852703N12214321WA018350191346
B2205563852708N12214326WA018330190970
B2205573852714N12214330WA018300190795
B2205583852721N12214334WA018270190467
B2205593852729N12214339WA018250190205
B2206003852735N12214343WA018230189972
B2206013852741N12214347WA018230189863
B2206023852746N12214351WA018220189786
B2206033852751N12214355WA018200189478
B2206043852757N12214360WA018190189341
B2206053852763N12214364WA018160189009
B2206063852769N12214369WA018130188798
B2206073852776N12214374WA018100188535
B2206083852780N12214379WA018070188598
B2206093852786N12214384WA018050188313
B2206103852791N12214389WA018050188306
B2206113852795N12214394WA018040188188
B2206123852800N12214399WA018020188091
B2206133852806N12214403WA018010187811
B2206143852811N12214406WA017990187617
B2206153852815N12214410WA017980187654
B2206163852819N12214413WA017960187593
B2206173852824N12214416WA017940187229
B2206183852829N12214419WA017920187188
B2206193852834N12214424WA017900186893
B2206203852840N12214429WA017880186520
B2206213852845N12214433WA017860186246
B2206223852850N12214437WA017840186196
B2206233852855N12214441WA017830185993
B2206243852861N12214444WA017820185829
B2206253852867N12214447WA017800185609
B2206263852872N12214451WA017780185498
B2206273852878N12214455WA017760185178
B2206283852884N12214460WA017740184962
B2206293852890N12214464WA017720184756
B2206303852896N12214468WA017700184546
B2206313852902N12214472WA017670184352
B2206323852908N12214475WA017690184267
B2206333852913N12214479WA017670183993
B2206343852919N12214483WA017660183831
B2206353852924N12214487WA017640183583
B2206363852930N12214491WA017610183272
B2206373852936N12214494WA017560183074
B2206383852943N12214497WA017560182937
B2206393852949N12214501WA017540182627
B2206403852954N12214505WA017530182357
B2206413852960N12214510WA017500182102
B2206423852966N12214514WA017470181909
B2206433852972N12214518WA017420181642
B2206443852978N12214522WA017390181390
B2206453852985N12214526WA017360181176
B2206463852991N12214530WA017330181099
B2206473852998N12214535WA017310180831
B2206483853004N12214538WA017290180454
B2206493853010N12214542WA017270180372
B2206503853017N12214545WA017260180007
B2206513853023N12214549WA017230179863
B2206523853030N12214553WA017210179460
B2206533853037N12214556WA017180179148
B2206543853044N12214560WA017150178915
B2206553853050N12214563WA017130178769
B2206563853057N12214567WA017100178608
B2206573853063N12214571WA017090178454
B2206583853069N12214574WA017070178298
B2206593853076N12214578WA017060177959
B2207003853083N12214583WA017040177712
B2207013853090N12214587WA017020177402
B2207023853097N12214591WA017000177205
B2207033853103N12214595WA016980177064
B2207043853110N12214599WA016960176914
B2207053853116N12214603WA016940176721
B2207063853122N12214606WA016920176649
B2207073853129N12214610WA016900176407
B2207083853135N12214614WA016870176154
B2207093853142N12214617WA016850175969
B2207103853149N12214621WA016830175769
B2207113853156N12214625WA016820175457
B2207123853163N12214628WA016810175337
B2207133853169N12214631WA016800175197
B2207143853176N12214634WA016780175018
B2207153853182N12214637WA016770174877
B2207163853189N12214640WA016750174613
B2207173853195N12214642WA016720174446
B2207183853201N12214645WA016700174183
B2207193853208N12214648WA016670173712
B2207203853214N12214650WA016640173419
B2207213853220N12214653WA016620173216
B2207223853225N12214656WA016590172953
B2207233853230N12214659WA016560172771
B2207243853235N12214661WA016530172588
B2207253853241N12214664WA016500172352
B2207263853247N12214668WA016470172171
B2207273853253N12214671WA016440171979
B2207283853259N12214676WA016410171721
B2207293853264N12214679WA016410171548
B2207303853269N12214683WA016410171541
B2207313853274N12214686WA016400171507
B2207323853278N12214690WA016390171352
B2207333853283N12214694WA016370171040
B2207343853288N12214699WA016340170660
B2207353853294N12214704WA016300170241
B2207363853300N12214709WA016260169920
B2207373853306N12214713WA016220169504
B2207383853311N12214717WA016190169346
B2207393853316N12214721WA016160169128
B2207403853320N12214726WA016130168880
B2207413853325N12214730WA016090168566
B2207423853331N12214735WA016050168105
B2207433853336N12214740WA016020167697
B2207443853342N12214746WA016010167180
B2207453853348N12214751WA015970166775
B2207463853354N12214756WA015960166424
B2207473853359N12214760WA015940166256
B2207483853364N12214764WA015900165958
B2207493853369N12214768WA015860165559
B2207503853374N12214773WA015810165145
B2207513853379N12214778WA015760164652
B2207523853384N12214782WA015710164297
B2207533853390N12214787WA015660163872
B2207543853396N12214791WA015610163361
B2207553853403N12214794WA015570162916
B2207563853408N12214798WA015520162695
B2207573853414N12214802WA015500162375
B2207583853420N12214806WA015480162031
B2207593853426N12214809WA015460161637
B2208003853433N12214813WA015410161216
B2208013853440N12214818WA015420160730
B2208023853446N12214822WA015390160295
B2208033853453N12214826WA015340159776
B2208043853461N12214830WA015290159505
B2208053853468N12214834WA015240159233
B2208063853475N12214837WA015200158756
B2208073853483N12214840WA015170158500
B2208083853491N12214841WA015120158112
B2208093853499N12214841WA015090157932
B2208103853507N12214841WA015070157727
B2208113853514N12214841WA015060157639
B2208123853521N12214842WA015050157477
B2208133853529N12214842WA015040157275
B2208143853537N12214841WA015020156948
B2208153853544N12214840WA015000156588
B2208163853552N12214839WA014970156427
B2208173853559N12214838WA014940156103
B2208183853566N12214836WA014900155844
B2208193853574N12214834WA014880155543
B2208203853582N12214832WA014850155373
B2208213853590N12214830WA014840155229
B2208223853597N12214830WA014830155139
B2208233853604N12214831WA014830155012
B2208243853611N12214831WA014820154904
B2208253853618N12214831WA014820154800
B2208263853625N12214830WA014810154743
B2208273853633N12214828WA014800154609
B2208283853640N12214828WA014800154555
B2208293853647N12214828WA014790154581
B2208303853654N12214827WA014780154592
B2208313853661N12214827WA014780154560
B2208323853667N12214825WA014770154438
B2208333853673N12214824WA014760154375
B2208343853681N12214823WA014740154356
B2208353853689N12214821WA014730154028
B2208363853697N12214819WA014710153900
B2208373853704N12214815WA014690153983
B2208383853712N12214811WA014670153819
B2208393853719N12214808WA014660153643
B2208403853726N12214804WA014640153478
B2208413853734N12214802WA014620153203
B2208423853741N12214800WA014600153082
B2208433853749N12214797WA014570152750
B2208443853757N12214792WA014540152458
B2208453853765N12214788WA014510152107
B2208463853771N12214785WA014480152061
B2208473853777N12214780WA014460151958
B2208483853783N12214777WA014440151684
B2208493853790N12214774WA014410151219
B2208503853796N12214771WA014380150779
B2208513853803N12214767WA014340150362
B2208523853810N12214761WA014310149896
B2208533853818N12214755WA014270149438
B2208543853825N12214749WA014230149015
B2208553853831N12214743WA014190148634
B2208563853837N12214738WA014170148524
B2208573853843N12214733WA014150148200
B2208583853848N12214728WA014120147832
B2208593853854N12214722WA014080147427
B2209003853861N12214717WA014040147007
B2209013853866N12214711WA013990146634
B2209023853872N12214703WA013940146127
B2209033853878N12214695WA013900145619
B2209043853883N12214687WA013860145378
B2209053853889N12214679WA013820145019
B2209063853894N12214672WA013780144653
B2209073853900N12214664WA013750144327
B2209083853906N12214656WA013720143914
B2209093853912N12214648WA013690143526
B2209103853917N12214639WA013650143199
B2209113853924N12214631WA013620142704
B2209123853929N12214622WA013590142478
B2209133853936N12214614WA013580142216
B2209143853942N12214607WA013580142110
B2209153853948N12214600WA013570142022
B2209163853954N12214594WA013570142064
B2209173853960N12214589WA013570142132
B2209183853965N12214584WA013570142218
B2209193853970N12214580WA013570142336
B2209203853975N12214576WA013570142204
B2209213853980N12214571WA013560142043
B2209223853986N12214565WA013550141732
B2209233853992N12214558WA013530141454
B2209243853998N12214551WA013510141361
B2209253854004N12214543WA013490141198
B2209263854010N12214536WA013480141064
B2209273854016N12214529WA013460141026
B2209283854021N12214522WA013450140976
B2209293854027N12214515WA013430140805
B2209303854033N12214508WA013400140618
B2209313854038N12214501WA013380140368
B2209323854044N12214495WA013360140173
B2209333854050N12214488WA013340139832
B2209343854055N12214480WA013320139797
B2209353854062N12214474WA013290139406
B2209363854067N12214467WA013270139397
B2209373854073N12214460WA013240139173
B2209383854080N12214453WA013220138802
B2209393854086N12214446WA013190138546
B2209403854093N12214440WA013180138355
B2209413854099N12214435WA013170138275
B2209423854105N12214430WA013160138194
B2209433854111N12214425WA013150138058
B2209443854117N12214420WA013130137821
B2209453854123N12214413WA013100137587
B2209463854130N12214407WA013070137191
B2209473854137N12214400WA013050136863
B2209483854144N12214393WA013020136715
B2209493854149N12214386WA013000136599
B2209503854155N12214380WA013000136530
B2209513854161N12214373WA012990136311
B2209523854166N12214365WA012970136266
B2209533854171N12214357WA012950135909
B2209543854175N12214349WA012920135789
B2209553854180N12214342WA012900135486
B2209563854185N12214335WA012870135289
B2209573854191N12214329WA012840135024
B2209583854196N12214322WA012810134819
B2209593854201N12214317WA012790134560
B2210003854207N12214310WA012760134315
B2210013854211N12214302WA012740134086
B2210023854217N12214295WA012730133630
B2210033854222N12214287WA012710133265
B2210043854227N12214279WA012680132989
B2210053854232N12214272WA012660132782
B2210063854237N12214264WA012630132549
B2210073854242N12214257WA012600132315
B2210083854247N12214250WA012580132142
B2210093854252N12214243WA012550131865
B2210103854257N12214237WA012530131720
B2210113854261N12214229WA012500131588
B2210123854265N12214221WA012480131366
B2210133854268N12214213WA012460131095
B2210143854272N12214204WA012430130767
B2210153854276N12214196WA012410130433
B2210163854280N12214187WA012380130253
B2210173854284N12214178WA012350129965
B2210183854287N12214169WA012320129684
B2210193854291N12214159WA012300129307
B2210203854294N12214150WA012280129227
B2210213854297N12214141WA012260129027
B2210223854300N12214133WA012240128850
B2210233854303N12214124WA012220128597
B2210243854307N12214115WA012190128238
B2210253854310N12214106WA012160127885
B2210263854314N12214096WA012130127517
B2210273854317N12214087WA012110127320
B2210283854320N12214077WA012090127149
B2210293854323N12214068WA012060126989
B2210303854326N12214059WA012040126697
B2210313854330N12214050WA012020126341
B2210323854334N12214040WA011990126017
B2210333854337N12214031WA011970125886
B2210343854341N12214022WA011950125584
B2210353854345N12214013WA011930125323
B2210363854348N12214003WA011910125059
B2210373854351N12213994WA011900124999
B2210383854355N12213986WA011880124730
B2210393854359N12213977WA011860124410
B2210403854363N12213967WA011840124109
B2210413854367N12213958WA011800123724
B2210423854370N12213948WA011770123485
B2210433854374N12213938WA011740123104
B2210443854376N12213928WA011710123005
B2210453854377N12213918WA011680122779
B2210463854380N12213909WA011660122411
B2210473854382N12213899WA011630122183
B2210483854385N12213888WA011590121787
B2210493854388N12213878WA011560121384
B2210503854391N12213868WA011530121142
B2210513854394N12213858WA011490120801
B2210523854396N12213847WA011460120559
B2210533854400N12213838WA011440120349
B2210543854404N12213829WA011410120108
B2210553854407N12213821WA011400119910
B2210563854410N12213812WA011370119531
B2210573854413N12213803WA011350119360
B2210583854416N12213793WA011320119193
B2210593854420N12213782WA011300118818
B2211003854423N12213773WA011280118741
B2211013854426N12213763WA011270118649
B2211023854428N12213754WA011260118599
B2211033854432N12213745WA011250118302
B2211043854435N12213735WA011230118499
B2211053854439N12213726WA011210118122
B2211063854442N12213716WA011190118064
B2211073854446N12213706WA011170117909
B2211083854448N12213697WA011150117794
B2211093854451N12213688WA011130117595
B2211103854455N12213679WA011110117446
B2211113854459N12213670WA011090117039
B2211123854463N12213661WA011060116818
B2211133854467N12213652WA011030116454
B2211143854472N12213643WA011010116123
B2211153854476N12213634WA010990115997
B2211163854481N12213626WA010980115821
B2211173854484N12213617WA010980115779
B2211183854487N12213609WA010970115662
B2211193854490N12213600WA010960115464
B2211203854493N12213591WA010940115350
B2211213854497N12213582WA010930115157
B2211223854501N12213574WA010900114714
B2211233854505N12213566WA010870114431
B2211243854509N12213558WA010840114154
B2211253854513N12213550WA010820113859
B2211263854517N12213542WA010780113699
B2211273854521N12213535WA010750113392
B2211283854526N12213527WA010720113214
B2211293854530N12213519WA010690113078
B2211303854535N12213512WA010670112700
B2211313854539N12213504WA010650112358
B2211323854543N12213497WA010630112247
B2211333854547N12213490WA010620112022
B2211343854551N12213483WA010600111842
B2211353854555N12213475WA010580111514
B2211363854559N12213467WA010550111313
B2211373854563N12213458WA010520110959
B2211383854567N12213449WA010490110628
B2211393854571N12213441WA010460110340
B2211403854576N12213432WA010440110106
B2211413854580N12213424WA010420109929
B2211423854584N12213416WA010400109735
B2211433854588N12213408WA010380109434
B2211443854591N12213399WA010360109275
B2211453854595N12213390WA010330109029
B2211463854598N12213382WA010310108790
B2211473854602N12213373WA010290108461
B2211483854606N12213364WA010260108154
B2211493854610N12213355WA010240107942
B2211503854614N12213345WA010220107659
B2211513854618N12213337WA010190107492
B2211523854623N12213328WA010170107215
B2211533854627N12213320WA010160107190
B2211543854632N12213312WA010150107130
B2211553854636N12213303WA010140106958
B2211563854641N12213295WA010120106837
B2211573854645N12213288WA010110106670
B2211583854650N12213280WA010090106426
B2211593854654N12213272WA010070106199
B2212003854658N12213264WA010050105968
B2212013854662N12213257WA010030105860
B2212023854666N12213249WA010000105592
B2212033854671N12213241WA009980105316
B2212043854675N12213234WA009960105140
B2212053854679N12213226WA009930104930
B2212063854682N12213218WA009910104783
B2212073854686N12213210WA009890104638
B2212083854690N12213203WA009860104353
B2212093854694N12213196WA009840103824
B2212103854698N12213188WA009800103458
B2212113854702N12213180WA009770103185
B2212123854707N12213172WA009740102889
B2212133854712N12213164WA009710102618
B2212143854716N12213156WA009690102428
B2212153854719N12213148WA009670102226
B2212163854722N12213139WA009650102009
B2212173854723N12213130WA009620101937
B2212183854723N12213121WA009580101576
B2212193854722N12213111WA009550101157
B2212203854719N12213102WA009520100863
B2212213854716N12213093WA009490100596
B2212223854714N12213085WA009470100351
B2212233854711N12213077WA009450100170
B2212243854708N12213069WA009420099762
B2212253854706N12213061WA009400099410
B2212263854703N12213053WA009370099130
B2212273854699N12213045WA009330098622
B2212283854695N12213037WA009300098351
B2212293854691N12213029WA009260098070
B2212303854687N12213021WA009220097891
B2212313854683N12213013WA009180097341
B2212323854678N12213004WA009140096887
B2212333854674N12212996WA009110096342
B2212343854670N12212987WA009070096027
B2212353854666N12212978WA009030095764
B2212363854663N12212969WA009010095308
B2212373854659N12212960WA008970094988
B2212383854657N12212950WA008940094507
B2212393854653N12212940WA008920094293
B2212403854651N12212930WA008910093923
B2212413854648N12212920WA008920094025
B2212423854646N12212911WA008920094158
B2212433854645N12212903WA008930094331
B2212443854643N12212895WA008940094473
B2212453854642N12212888WA008950094541
B2212463854641N12212881WA008960094542
B2212473854639N12212873WA008960094574
B2212483854638N12212866WA008960094400
B2212493854636N12212858WA008960094573
B2212503854635N12212850WA008970094665
B2212513854633N12212843WA008970094597
B2212523854631N12212836WA008970094565
B2212533854628N12212831WA008970094524
B2212543854624N12212828WA008970094415
B2212553854619N12212827WA008970094489
B2212563854615N12212830WA008960094477
B2212573854611N12212834WA008960094373
B2212583854608N12212838WA008950094124
B2212593854605N12212841WA008950094169
B2213003854602N12212845WA008950094252
B2213013854599N12212847WA008960094390
B2213023854597N12212848WA008970094414
B2213033854594N12212850WA008980094574
B2213043854592N12212852WA008990094536
B2213053854589N12212855WA009000094670
B2213063854587N12212857WA009010094844
B2213073854584N12212859WA009020094997
B2213083854582N12212862WA009030095171
B2213093854580N12212863WA009050095308
B2213103854577N12212866WA009060095442
B2213113854574N12212868WA009070095476
B2213123854572N12212870WA009070095509
B2213133854569N12212874WA009070095564
B2213143854567N12212878WA009080095542
B2213153854566N12212881WA009080095716
B2213163854564N12212884WA009100095998
B2213173854563N12212886WA009120096257
B2213183854561N12212887WA009140096678
B2213193854559N12212887WA009170096839
B2213203854556N12212887WA009200096969
B2213213854553N12212887WA009220097117
B2213223854549N12212888WA009240097253
B2213233854546N12212890WA009260097404
B2213243854544N12212893WA009280097707
B2213253854544N12212898WA009310098041
B2213263854547N12212902WA009330098372
B2213273854552N12212905WA009360098540
B2213283854559N12212903WA009380098709
B2213293854565N12212899WA009410099019
B2213303854569N12212892WA009430099262
B2213313854571N12212882WA009440099398
B2213323854570N12212874WA009450099492
B2213333854568N12212866WA009460099738
B2213343854564N12212862WA009490100024
B2213353854559N12212861WA009530100481
B2213363854555N12212863WA009560100786
B2213373854552N12212868WA009600101080
B2213383854551N12212872WA009640101447
B2213393854552N12212876WA009690101908
B2213403854554N12212879WA009720102361
B2213413854558N12212880WA009750102680
B2213423854563N12212879WA009760102788
B2213433854569N12212878WA009760102762
B2213443854575N12212872WA009760102847
B2213453854579N12212864WA009760102872
B2213463854581N12212853WA009770102856
B2213473854582N12212842WA009800103147
B2213483854578N12212836WA009830103344
B2213493854574N12212832WA009870103880
B2213503854571N12212831WA009930104218
B2213513854566N12212831WA009970104677
B2213523854562N12212831WA010020105066
B2213533854559N12212833WA010050105210
B2213543854556N12212835WA010080105591
B2213553854556N12212838WA010100105885
B2213563854558N12212842WA010110105930
B2213573854561N12212845WA010120106183
B2213583854566N12212847WA010130106394
B2213593854573N12212847WA010150106626
B2214003854579N12212844WA010170106775
B2214013854585N12212838WA010180107003
B2214023854589N12212830WA010200107133
B2214033854591N12212820WA010210107388
B2214043854592N12212810WA010230107595
B2214053854593N12212800WA010260107835
B2214063854593N12212792WA010290108321
B2214073854592N12212785WA010330108914
B2214083854589N12212780WA010380109372
B2214093854585N12212776WA010410109686
B2214103854581N12212775WA010450109700
B2214113854576N12212777WA010480109820
B2214123854572N12212780WA010500110020
B2214133854570N12212784WA010520110454
B2214143854570N12212788WA010560110846
B2214153854572N12212791WA010590111331
B2214163854576N12212792WA010630111708
B2214173854581N12212792WA010670112060
B2214183854588N12212788WA010700112244
B2214193854594N12212781WA010710112280
B2214203854599N12212770WA010710112462
B2214213854601N12212759WA010730112523
B2214223854600N12212750WA010760113022
B2214233854598N12212742WA010800113539
B2214243854594N12212738WA010840114067
B2214253854590N12212735WA010880114278
B2214263854585N12212734WA010920114594
B2214273854580N12212735WA010950114753
B2214283854575N12212736WA010980114958
B2214293854571N12212741WA011020115293
B2214303854568N12212744WA011050115546
B2214313854566N12212748WA011090116046
B2214323854566N12212752WA011130116507
B2214333854567N12212757WA011160116864
B2214343854571N12212762WA011190117063
B2214353854578N12212765WA011200117134
B2214363854586N12212764WA011220117410
B2214373854592N12212758WA011250117878
B2214383854596N12212750WA011280118472
B2214393854598N12212740WA011310118833
B2214403854597N12212730WA011360119236
B2214413854594N12212723WA011410119605
B2214423854589N12212718WA011450120129
B2214433854583N12212717WA011500120591
B2214443854579N12212716WA011550120903
B2214453854573N12212717WA011580121172
B2214463854569N12212718WA011600121402
B2214473854565N12212721WA011630121831
B2214483854563N12212725WA011660122216
B2214493854563N12212731WA011690122509
B2214503854565N12212738WA011730122809
B2214513854569N12212744WA011770123050
B2214523854574N12212747WA011810123578
B2214533854581N12212744WA011860123995
B2214543854588N12212741WA011890124345
B2214553854592N12212733WA011930124767
B2214563854595N12212724WA011980125306
B2214573854595N12212715WA012020125761
B2214583854593N12212706WA012070126055
B2214593854590N12212698WA012120126313
B2215003854586N12212692WA012160126604
B2215013854582N12212689WA012200126906
B2215023854577N12212689WA012240127243
B2215033854572N12212691WA012250127466
B2215043854568N12212695WA012260127875
B2215053854566N12212700WA012280128188
B2215063854567N12212707WA012310128527
B2215073854570N12212713WA012350128959
B2215083854575N12212718WA012390129408
B2215093854581N12212720WA012430129762
B2215103854588N12212719WA012480130217
B2215113854594N12212716WA012530130753
B2215123854599N12212710WA012590131325
B2215133854602N12212702WA012650131928
B2215143854603N12212693WA012710132507
B2215153854601N12212685WA012760132914
B2215163854596N12212679WA012800133373
B2215173854591N12212675WA012840133712
B2215183854585N12212673WA012890134274
B2215193854581N12212674WA012930134603
B2215203854577N12212678WA012970135182
B2215213854576N12212684WA012990135367
B2215223854576N12212692WA013020135670
B2215233854578N12212699WA013040135921
B2215243854581N12212704WA013080136244
B2215253854585N12212707WA013120136664
B2215263854590N12212708WA013150136957
B2215273854596N12212708WA013150137012
B2215283854602N12212702WA013130137033
B2215293854608N12212694WA013120136962
B2215303854612N12212682WA013120136897
B2215313854616N12212670WA013130137009
B2215323854613N12212661WA013150137314
B2215333854608N12212655WA013200137780
B2215343854604N12212650WA013240138270
B2215353854598N12212650WA013290138503
B2215363854592N12212650WA013330138805
B2215373854587N12212652WA013390139579
B2215383854585N12212656WA013430140108
B2215393854584N12212662WA013470140530
B2215403854585N12212667WA013520140992
B2215413854589N12212671WA013560141271
B2215423854595N12212671WA013570141428
B2215433854601N12212667WA013570141587
B2215443854607N12212659WA013560141443
B2215453854611N12212648WA013550141410
B2215463854611N12212636WA013570141501
B2215473854607N12212626WA013600142144
B2215483854603N12212621WA013640142811
B2215493854599N12212617WA013690143528
B2215503854595N12212615WA013750144038
B2215513854591N12212613WA013800144548
B2215523854587N12212613WA013860144703
B2215533854582N12212614WA013890144976
B2215543854579N12212619WA013910144928
B2215553854576N12212625WA013930145068
B2215563854575N12212631WA013960145677
B2215573854576N12212636WA014000146234
B2215583854577N12212640WA014050146923
B2215593854580N12212640WA014110147576
B2216003854584N12212639WA014160147676
B2216013854589N12212637WA014160147647
B2216023854595N12212634WA014150147619
B2216033854600N12212631WA014150147697
B2216043854606N12212628WA014160147768
B2216053854612N12212624WA014170147800
B2216063854617N12212618WA014190147926
B2216073854621N12212611WA014210148322
B2216083854624N12212603WA014230148610
B2216093854625N12212593WA014260148815
B2216103854624N12212585WA014290149041
B2216113854621N12212576WA014310149134
B2216123854616N12212569WA014330149251
B2216133854611N12212563WA014350149432
B2216143854605N12212558WA014380149776
B2216153854600N12212554WA014410150127
B2216163854594N12212551WA014450150672
B2216173854588N12212548WA014480150998
B2216183854583N12212548WA014520151336
B2216193854578N12212551WA014550151633
B2216203854575N12212556WA014580151942
B2216213854575N12212562WA014610152105
B2216223854576N12212568WA014640152532
B2216233854578N12212573WA014670152941
B2216243854580N12212576WA014710153379
B2216253854582N12212580WA014740153895
B2216263854585N12212583WA014780154104
B2216273854587N12212586WA014820154420
B2216283854589N12212588WA014850154646
B2216293854592N12212589WA014850154997
B2216303854597N12212590WA014860154994
B2216313854603N12212589WA014850154991
B2216323854609N12212585WA014860154996
B2216333854614N12212579WA014860155060
B2216343854617N12212569WA014860155108
B2216353854616N12212559WA014870155329
B2216363854613N12212551WA014890155595
B2216373854611N12212544WA014910155911
B2216383854608N12212537WA014940156203
B2216393854604N12212531WA014970156598
B2216403854601N12212525WA015000156738
B2216413854595N12212521WA015030156995
B2216423854590N12212518WA015060157222
B2216433854583N12212517WA015090157494
B2216443854577N12212519WA015120157672
B2216453854573N12212523WA015140157736
B2216463854571N12212529WA015170158070
B2216473854572N12212534WA015200158416
B2216483854574N12212539WA015230158837
B2216493854576N12212543WA015270159248
B2216503854580N12212543WA015300159597
B2216513854585N12212544WA015330159608
B2216523854589N12212543WA015370160059
B2216533854593N12212541WA015410160368
B2216543854596N12212535WA015430160557
B2216553854597N12212528WA015430160667
B2216563854597N12212520WA015440160785
B2216573854596N12212511WA015450160863
B2216583854594N12212502WA015470161139
B2216593854591N12212495WA015500161469
B2217003854588N12212490WA015530161610
B2217013854583N12212484WA015560161836
B2217023854576N12212481WA015590161983
B2217033854571N12212479WA015620162203
B2217043854566N12212479WA015660162409
B2217053854561N12212480WA015690162849
B2217063854558N12212484WA015730163320
B2217073854555N12212487WA015770163749
B2217083854553N12212491WA015800164039
B2217093854553N12212496WA015830164355
B2217103854555N12212500WA015860164614
B2217113854558N12212504WA015880164712
B2217123854562N12212507WA015910164846
B2217133854566N12212510WA015930165331
B2217143854569N12212511WA015970165769
B2217153854572N12212514WA016000166232
B2217163854575N12212517WA016040166601
B2217173854577N12212520WA016080166913
B2217183854579N12212523WA016110167464
B2217193854582N12212526WA016150167819
B2217203854585N12212529WA016190168316
B2217213854588N12212531WA016240168849
B2217223854591N12212534WA016270169213
B2217233854594N12212537WA016300169520
B2217243854597N12212540WA016300169778
B2217253854601N12212545WA016320170004
B2217263854604N12212549WA016340170356
B2217273854607N12212553WA016370170679
B2217283854610N12212557WA016400171086
B2217293854614N12212561WA016440171422
B2217303854618N12212563WA016480171845
B2217313854622N12212565WA016510172058
B2217323854627N12212568WA016550172300
B2217333854632N12212570WA016580172413
B2217343854637N12212572WA016610172763
B2217353854643N12212573WA016650173015
B2217363854648N12212575WA016690173657
B2217373854653N12212577WA016730174250
B2217383854658N12212579WA016780174834
B2217393854663N12212578WA016830175363
B2217403854669N12212576WA016890175832
B2217413854674N12212573WA016940176284
B2217423854680N12212569WA016990176604
B2217433854684N12212563WA017030177029
B2217443854687N12212558WA017070177343
B2217453854689N12212552WA017100177700
B2217463854689N12212545WA017130178113
B2217473854687N12212538WA017150178373
B2217483854684N12212531WA017170178665
B2217493854679N12212526WA017190178887
B2217503854674N12212524WA017210178988
B2217513854669N12212525WA017240179139
B2217523854664N12212527WA017270179469
B2217533854660N12212531WA017320179830
B2217543854656N12212533WA017360180466
B2217553854652N12212536WA017410180983
B2217563854650N12212539WA017460181515
B2217573854648N12212544WA017520181820
B2217583854648N12212549WA017570182217
B2217593854649N12212555WA017610182633
B2218003854651N12212560WA017640182975
B2218013854655N12212564WA017660183417
B2218023854659N12212568WA017690183752
B2218033854665N12212569WA017730184204
B2218043854670N12212570WA017780184786
B2218053854676N12212567WA017820185233
B2218063854681N12212563WA017870185720
B2218073854685N12212557WA017910186112
B2218083854687N12212550WA017950186461
B2218093854689N12212543WA017980186734
B2218103854689N12212535WA018020186954
B2218113854687N12212528WA018020187182
B2218123854684N12212521WA018030187254
B2218133854679N12212516WA018030187324
B2218143854672N12212514WA018040187481
B2218153854667N12212513WA018060187701
B2218163854662N12212512WA018100188118
B2218173854658N12212513WA018150188702
B2218183854654N12212513WA018200189469
B2218193854651N12212516WA018260189890
B2218203854649N12212518WA018300190109
B2218213854647N12212523WA018340190541
B2218223854645N12212526WA018380190997
B2218233854644N12212531WA018420191170
B2218243854643N12212535WA018460191353
B2218253854641N12212539WA018480191682
B2218263854640N12212544WA018500191971
B2218273854640N12212550WA018520192212
B2218283854639N12212556WA018550192593
B2218293854641N12212560WA018570192938
B2218303854642N12212565WA018610193245
B2218313854645N12212570WA018640193621
B2218323854648N12212574WA018680193980
B2218333854654N12212574WA018710194137
B2218343854659N12212571WA018740194493
B2218353854664N12212567WA018760194404
B2218363854667N12212562WA018770194784
B2218373854668N12212555WA018800195073
B2218383854669N12212549WA018830195373
B2218393854670N12212541WA018860195629
B2218403854668N12212534WA018890195970
B2218413854664N12212525WA018910196167
B2218423854658N12212519WA018930196274
B2218433854652N12212515WA018960196443
B2218443854647N12212513WA018990196907
B2218453854641N12212514WA019030197280
B2218463854637N12212515WA019070197529
B2218473854633N12212519WA019100197925
B2218483854630N12212524WA019140198317
B2218493854628N12212530WA019180198764
B2218503854629N12212536WA019220199132
B2218513854632N12212540WA019260199518
B2218523854636N12212543WA019280199864
B2218533854641N12212543WA019320200322
B2218543854645N12212539WA019360200606
B2218553854647N12212534WA019380200963
B2218563854649N12212528WA019400201281
B2218573854652N12212521WA019420201424
B2218583854653N12212514WA019450201859
B2218593854653N12212507WA019480202348
B2219003854651N12212500WA019510202574
B2219013854647N12212492WA019530202692
B2219023854642N12212485WA019560202737
B2219033854635N12212482WA019590203027
B2219043854628N12212483WA019620203453
B2219053854623N12212486WA019650203736
B2219063854619N12212491WA019690204053
B2219073854617N12212496WA019720204411
B2219083854616N12212500WA019750204848
B2219093854617N12212504WA019790205218
B2219103854619N12212508WA019820205548
B2219113854622N12212511WA019850205744
B2219123854626N12212512WA019870205949
B2219133854630N12212512WA019900206381
B2219143854634N12212508WA019930206683
B2219153854637N12212501WA019960206937
B2219163854637N12212493WA019990207274
B2219173854635N12212485WA020010207492
B2219183854632N12212477WA020020207624
B2219193854626N12212470WA020040207862
B2219203854620N12212465WA020060208110
B2219213854613N12212462WA020090208526
B2219223854607N12212462WA020120208834
B2219233854602N12212465WA020150209144
B2219243854598N12212470WA020180209391
B2219253854597N12212476WA020210209521
B2219263854597N12212482WA020240209805
B2219273854597N12212488WA020270210171
B2219283854598N12212492WA020300210557
B2219293854600N12212495WA020330210906
B2219303854601N12212498WA020370211362
B2219313854604N12212498WA020410211783
B2219323854608N12212497WA020430211983
B2219333854612N12212494WA020450212194
B2219343854616N12212489WA020450212344
B2219353854619N12212484WA020470212451
B2219363854621N12212478WA020490212788
B2219373854623N12212474WA020510212822
B2219383854624N12212468WA020530213172
B2219393854625N12212461WA020530212966
B2219403854628N12212455WA020530212903
B2219413854631N12212449WA020520212875
B2219423854635N12212443WA020520212765
B2219433854639N12212439WA020520212696
B2219443854643N12212436WA020530212873
B2219453854647N12212433WA020550213342
B2219463854650N12212430WA020570213452
B2219473854653N12212427WA020580213593
B2219483854658N12212423WA020590213557
B2219493854663N12212420WA020580213356
B2219503854669N12212417WA020580213320
B2219513854673N12212414WA020590213472
B2219523854678N12212411WA020600213549
B2219533854682N12212410WA020600213802
B2219543854685N12212408WA020610213828
B2219553854688N12212407WA020610213892
B2219563854693N12212404WA020590213756
B2219573854698N12212402WA020580213495
B2219583854706N12212398WA020550213205
B2219593854714N12212395WA020540212804
B2220003854721N12212391WA020520212891
B2220013854728N12212386WA020520212940
B2220023854734N12212381WA020530212943
B2220033854738N12212376WA020540213165
B2220043854742N12212372WA020560213382
B2220053854746N12212368WA020570213292
B2220063854751N12212364WA020570213232
B2220073854756N12212359WA020560213226
B2220083854761N12212355WA020550213077
B2220093854767N12212351WA020540212917
B2220103854772N12212347WA020540212995
B2220113854778N12212343WA020550212915
B2220123854782N12212337WA020560213168
B2220133854785N12212334WA020570213176
B2220143854790N12212331WA020570213322
B2220153854795N12212328WA020570213244
B2220163854802N12212327WA020570213100
B2220173854808N12212327WA020560213086
B2220183854815N12212328WA020560213057
B2220193854821N12212329WA020570213258
B2220203854827N12212329WA020580213429
B2220213854832N12212328WA020590213658
B2220223854837N12212328WA020600213752
B2220233854842N12212327WA020600213879
B2220243854847N12212327WA020610213896
B2220253854853N12212327WA020620213941
B2220263854859N12212326WA020620214005
B2220273854864N12212326WA020620214034
B2220283854869N12212327WA020630214063
B2220293854874N12212327WA020640214299
B2220303854880N12212328WA020650214404
B2220313854884N12212328WA020670214584
B2220323854889N12212328WA020680214689
B2220333854895N12212329WA020690214654
B2220343854901N12212329WA020700214669
B2220353854907N12212331WA020700214741
B2220363854913N12212332WA020710214720
B2220373854918N12212332WA020720214969
B2220383854924N12212334WA020720215040
B2220393854930N12212335WA020730215114
B2220403854936N12212336WA020740215238
B2220413854942N12212337WA020730215248
B2220423854948N12212338WA020730215259
B2220433854953N12212339WA020730215175
B2220443854959N12212340WA020720215023
B2220453854965N12212339WA020710215045
B2220463854971N12212339WA020700214986
B2220473854977N12212338WA020690214977
B2220483854983N12212338WA020680214870
B2220493854989N12212336WA020680214856
B2220503854994N12212335WA020680214974
B2220513854999N12212333WA020680214966
B2220523855004N12212333WA020670214730
B2220533855009N12212333WA020650214534
B2220543855014N12212335WA020630214119
B2220553855018N12212341WA020590213824
B2220563855020N12212348WA020550213358
B2220573855020N12212356WA020510212967
B2220583855019N12212363WA020490212948
B2220593855018N12212369WA020500213036
B2221003855017N12212374WA020510213122
B2221013855016N12212378WA020510213144
B2221023855015N12212383WA020500212959
B2221033855014N12212390WA020480212664
B2221043855014N12212398WA020460212325
B2221053855014N12212407WA020430211968
B2221063855015N12212417WA020400211659
B2221073855016N12212427WA020380211543
B2221083855017N12212435WA020380211718
B2221093855018N12212443WA020390211803
B2221103855018N12212450WA020390212064
B2221113855019N12212456WA020400212147
B2221123855020N12212463WA020410212125
B2221133855020N12212470WA020410212056
B2221143855020N12212478WA020400211930
B2221153855018N12212486WA020400211985
B2221163855017N12212494WA020400211934
B2221173855015N12212502WA020400212042
B2221183855013N12212509WA020400212178
B2221193855012N12212517WA020410212231
B2221203855010N12212524WA020410212298
B2221213855009N12212532WA020420212343
B2221223855008N12212539WA020420212329
B2221233855007N12212547WA020430212239
B2221243855007N12212555WA020430212315
B2221253855007N12212563WA020430212331
B2221263855007N12212570WA020430212355
B2221273855007N12212578WA020430212256
B2221283855007N12212587WA020430212130
B2221293855006N12212595WA020420212206
B2221303855004N12212603WA020420212184
B2221313855003N12212611WA020420212181
B2221323855003N12212618WA020420212109
B2221333855002N12212626WA020420212085
B2221343855002N12212635WA020420211863
B2221353855003N12212643WA020410211806
B2221363855003N12212652WA020410211760
B2221373855004N12212660WA020410211754
B2221383855005N12212669WA020410211880
B2221393855006N12212676WA020420211996
B2221403855007N12212683WA020440212198
B2221413855008N12212690WA020450212338
B2221423855008N12212697WA020460212454
B2221433855008N12212703WA020470212498
B2221443855009N12212710WA020480212494
B2221453855012N12212716WA020480212537
B2221463855016N12212721WA020480212527
B2221473855021N12212725WA020490212680
B2221483855028N12212725WA020490212736
B2221493855035N12212723WA020500212817
B2221503855040N12212720WA020510212973
B2221513855044N12212715WA020530213282
B2221523855047N12212708WA020540213307
B2221533855046N12212701WA020550213498
B2221543855045N12212695WA020550213424
B2221553855042N12212690WA020550213311
B2221563855037N12212686WA020550213364
B2221573855033N12212685WA020550213405
B2221583855028N12212686WA020560213522
B2221593855024N12212689WA020570213700
B2222003855020N12212694WA020570213780
B2222013855018N12212700WA020580213740
B2222023855017N12212707WA020590213800
B2222033855017N12212713WA020600213919
B2222043855019N12212720WA020610214026
B2222053855022N12212725WA020620214199
B2222063855026N12212731WA020640214155
B2222073855030N12212734WA020650214397
B2222083855036N12212736WA020670214508
B2222093855041N12212737WA020680214653
B2222103855047N12212736WA020690214724
B2222113855052N12212733WA020700214886
B2222123855058N12212729WA020710215006
B2222133855062N12212724WA020720215365
B2222143855065N12212718WA020740215654
B2222153855067N12212712WA020770215800
B2222163855066N12212705WA020780215866
B2222173855064N12212699WA020800215905
B2222183855061N12212694WA020800216006
B2222193855057N12212690WA020800216068
B2222203855053N12212688WA020800216145
B2222213855048N12212687WA020810216270
B2222223855043N12212687WA020810216257
B2222233855038N12212689WA020820216289
B2222243855034N12212694WA020830216331
B2222253855030N12212699WA020840216460
B2222263855030N12212706WA020850216408
B2222273855030N12212714WA020860216416
B2222283855031N12212722WA020860216485
B2222293855034N12212729WA020870216573
B2222303855039N12212734WA020880216747
B2222313855044N12212738WA020900216964
B2222323855050N12212739WA020910217078
B2222333855056N12212740WA020920217162
B2222343855062N12212738WA020940217306
B2222353855066N12212735WA020960217466
B2222363855070N12212730WA020970217638
B2222373855073N12212725WA020990217803
B2222383855074N12212719WA021010218074
B2222393855075N12212713WA021020218209
B2222403855073N12212708WA021040218476
B2222413855070N12212704WA021050218564
B2222423855066N12212700WA021070218677
B2222433855062N12212698WA021070218615
B2222443855056N12212698WA021070218683
B2222453855051N12212699WA021070218774
B2222463855046N12212701WA021080218786
B2222473855042N12212705WA021090218950
B2222483855039N12212709WA021100219056
B2222493855037N12212716WA021100219034
B2222503855036N12212724WA021100219033
B2222513855037N12212732WA021100219122
B2222523855039N12212738WA021110219177
B2222533855044N12212744WA021120219137
B2222543855049N12212749WA021130219110
B2222553855054N12212752WA021140219310
B2222563855059N12212753WA021150219573
B2222573855065N12212753WA021170219621
B2222583855069N12212751WA021180219771
B2222593855073N12212746WA021200219799
B2223003855077N12212741WA021210219822
B2223013855079N12212735WA021220219834
B2223023855080N12212729WA021210219901
B2223033855079N12212722WA021220220147
B2223043855077N12212716WA021220220161
B2223053855074N12212711WA021230220142
B2223063855070N12212708WA021240220303
B2223073855065N12212707WA021250220423
B2223083855060N12212707WA021260220419
B2223093855055N12212709WA021270220509
B2223103855050N12212713WA021270220457
B2223113855046N12212720WA021270220466
B2223123855044N12212728WA021260220336
B2223133855043N12212737WA021260220398
B2223143855045N12212746WA021260220215
B2223153855047N12212754WA021250220387
B2223163855051N12212761WA021260220480
B2223173855057N12212764WA021260220423
B2223183855063N12212765WA021260220421
B2223193855069N12212763WA021260220400
B2223203855073N12212758WA021260220483
B2223213855078N12212752WA021260220337
B2223223855081N12212746WA021260220469
B2223233855084N12212741WA021270220647
B2223243855086N12212737WA021270220721
B2223253855087N12212731WA021280220745
B2223263855088N12212725WA021270220612
B2223273855088N12212717WA021270220577
B2223283855088N12212710WA021260220494
B2223293855088N12212702WA021260220549
B2223303855088N12212695WA021260220614
B2223313855088N12212688WA021270220727
B2223323855088N12212682WA021280220901
B2223333855088N12212676WA021300221023
B2223343855088N12212670WA021310221211
B2223353855087N12212664WA021320221392
B2223363855087N12212657WA021340221466
B2223373855087N12212651WA021350221612
B2223383855086N12212644WA021370221728
B2223393855083N12212639WA021380221881
B2223403855080N12212634WA021400221955
B2223413855076N12212631WA021400221930
B2223423855070N12212629WA021390221943
B2223433855064N12212630WA021390221940
B2223443855058N12212632WA021390221910
B2223453855052N12212636WA021400222073
B2223463855049N12212641WA021400222128
B2223473855047N12212649WA021410222175
B2223483855048N12212658WA021410222194
B2223493855051N12212666WA021420222203
B2223503855053N12212674WA021420222355
B2223513855056N12212681WA021430222503
B2223523855059N12212687WA021450222614
B2223533855062N12212693WA021460222871
B2223543855068N12212697WA021470222804
B2223553855074N12212700WA021480222834
B2223563855080N12212700WA021480222855
B2223573855086N12212698WA021480222969
B2223583855091N12212695WA021490223029
B2223593855095N12212691WA021500223149
B2224003855098N12212685WA021500223127
B2224013855100N12212678WA021510223218
B2224023855101N12212671WA021530223221
B2224033855099N12212664WA021540223386
B2224043855095N12212659WA021550223362
B2224053855090N12212655WA021570223691
B2224063855085N12212655WA021590223710
B2224073855080N12212656WA021600223825
B2224083855075N12212660WA021610223960
B2224093855071N12212665WA021610223967
B2224103855068N12212672WA021610223988
B2224113855067N12212680WA021620224176
B2224123855067N12212688WA021640224299
B2224133855070N12212695WA021650224356
B2224143855075N12212701WA021660224459
B2224153855081N12212706WA021670224400
B2224163855086N12212707WA021680224595
B2224173855092N12212706WA021680224686
B2224183855097N12212703WA021680224692
B2224193855101N12212697WA021690224667
B2224203855103N12212690WA021690224688
B2224213855104N12212683WA021710224848
B2224223855104N12212677WA021720225013
B2224233855103N12212671WA021740225329
B2224243855102N12212667WA021760225605
B2224253855099N12212663WA021780225775
B2224263855096N12212659WA021800225959
B2224273855092N12212656WA021810226069
B2224283855087N12212656WA021800226010
B2224293855081N12212656WA021800226068
B2224303855075N12212660WA021810226061
B2224313855070N12212665WA021820226273
B2224323855066N12212672WA021830226383
B2224333855064N12212679WA021850226502
B2224343855062N12212686WA021870226838
B2224353855061N12212693WA021890227079
B2224363855062N12212701WA021900227165
B2224373855064N12212708WA021910227197
B2224383855068N12212716WA021920227082
B2224393855073N12212721WA021920227174
B2224403855080N12212724WA021920227115
B2224413855086N12212726WA021920227315
B2224423855091N12212728WA021930227491
B2224433855097N12212725WA021930227578
B2224443855102N12212721WA021940227538
B2224453855106N12212717WA021940227532
B2224463855109N12212712WA021940227593
B2224473855112N12212706WA021940227442
B2224483855113N12212700WA021940227532
B2224493855112N12212693WA021940227418
B2224503855109N12212687WA021940227553
B2224513855106N12212681WA021950227650
B2224523855103N12212674WA021960227886
B2224533855101N12212669WA021970227931
B2224543855098N12212663WA021980228077
B2224553855095N12212659WA022000228295
B2224563855092N12212655WA022020228494
B2224573855091N12212650WA022050228607
B2224583855088N12212646WA022070228773
B2224593855086N12212641WA022090228989
B2225003855084N12212636WA022110229197
B2225013855082N12212631WA022120229254
B2225023855079N12212625WA022120229399
B2225033855076N12212621WA022120229483
B2225043855073N12212617WA022120229451
B2225053855069N12212613WA022120229417
B2225063855063N12212611WA022120229575
B2225073855057N12212610WA022110229495
B2225083855052N12212611WA022110229426
B2225093855046N12212613WA022100229234
B2225103855041N12212616WA022090229239
B2225113855037N12212622WA022090229113
B2225123855034N12212629WA022100229238
B2225133855032N12212638WA022110229282
B2225143855032N12212646WA022120229359
B2225153855033N12212655WA022150229570
B2225163855036N12212661WA022160229838
B2225173855039N12212667WA022200230017
B2225183855042N12212673WA022220230353
B2225193855045N12212679WA022250230483
B2225203855049N12212685WA022270230523
B2225213855053N12212690WA022280230664
B2225223855058N12212694WA022280230763
B2225233855064N12212696WA022270230764
B2225243855070N12212695WA022270230659
B2225253855075N12212690WA022270230566
B2225263855079N12212684WA022280230608
B2225273855080N12212678WA022290230885
B2225283855082N12212672WA022310231118
B2225293855082N12212667WA022330231592
B2225303855082N12212661WA022350231768
B2225313855083N12212655WA022380231703
B2225323855081N12212648WA022400231878
B2225333855079N12212643WA022420232070
B2225343855077N12212638WA022450232218
B2225353855073N12212636WA022470232574
B2225363855069N12212635WA022470232690
B2225373855065N12212634WA022460232731
B2225383855060N12212633WA022460232750
B2225393855055N12212631WA022460232647
B2225403855050N12212629WA022460232735
B2225413855045N12212626WA022470232770
B2225423855041N12212622WA022480232912
B2225433855036N12212620WA022490233044
B2225443855031N12212620WA022510233117
B2225453855026N12212624WA022510233001
B2225463855020N12212629WA022510233090
B2225473855017N12212636WA022510232925
B2225483855014N12212643WA022520233211
B2225493855012N12212650WA022540233493
B2225503855013N12212657WA022550233663
B2225513855015N12212663WA022570233799
B2225523855019N12212669WA022580233849
B2225533855023N12212673WA022600233998
B2225543855029N12212674WA022610234168
B2225553855035N12212673WA022620234100
B2225563855039N12212669WA022640234274
B2225573855041N12212663WA022660234374
B2225583855042N12212657WA022680234676
B2225593855041N12212651WA022710234947
B2226003855038N12212645WA022730235139
B2226013855033N12212641WA022750235290
B2226023855028N12212637WA022770235412
B2226033855021N12212635WA022780235685
B2226043855015N12212636WA022800235866
B2226053855009N12212638WA022820236096
B2226063855005N12212643WA022820236057
B2226073855001N12212650WA022820236067
B2226083854999N12212658WA022820236167
B2226093854999N12212667WA022830236134
B2226103855000N12212675WA022840236245
B2226113855002N12212682WA022850236397
B2226123855006N12212688WA022850236460
B2226133855012N12212690WA022860236520
B2226143855017N12212689WA022870236696
B2226153855023N12212686WA022880236806
B2226163855026N12212682WA022890236943
B2226173855028N12212675WA022900237039
B2226183855028N12212668WA022910237219
B2226193855025N12212662WA022930237445
B2226203855021N12212657WA022940237660
B2226213855016N12212652WA022960237808
B2226223855010N12212651WA022970237911
B2226233855003N12212650WA022980237938
B2226243854996N12212652WA022990237967
B2226253854989N12212655WA022990237946
B2226263854983N12212660WA022990238052
B2226273854979N12212666WA023000238224
B2226283854976N12212674WA023010238202
B2226293854975N12212682WA023020238304
B2226303854975N12212691WA023020238440
B2226313854977N12212697WA023030238409
B2226323854980N12212704WA023030238405
B2226333854983N12212709WA023040238553
B2226343854988N12212712WA023040238513
B2226353854993N12212713WA023040238576
B2226363854998N12212711WA023040238579
B2226373855002N12212708WA023040238462
B2226383855005N12212703WA023050238595
B2226393855007N12212697WA023060238866
B2226403855008N12212691WA023070238956
B2226413855008N12212686WA023090239230
B2226423855006N12212679WA023100239385
B2226433855003N12212673WA023110239347
B2226443854998N12212669WA023120239215
B2226453854991N12212667WA023110239262
B2226463854984N12212668WA023110239335
B2226473854978N12212673WA023110239257
B2226483854973N12212680WA023120239283
B2226493854970N12212687WA023120239585
B2226503854969N12212695WA023130239647
B2226513854969N12212702WA023140239899
B2226523854971N12212709WA023150239875
B2226533854974N12212715WA023160239871
B2226543854979N12212719WA023160239808
B2226553854984N12212721WA023160239758
B2226563854990N12212721WA023150239613
B2226573854994N12212718WA023150239692
B2226583854998N12212713WA023150239663
B2226593855001N12212707WA023150239742
B2227003855003N12212701WA023160239996
B2227013855006N12212696WA023170240131
B2227023855008N12212690WA023180240293
B2227033855011N12212684WA023190240236
B2227043855013N12212678WA023200240323
B2227053855015N12212671WA023210240309
B2227063855016N12212665WA023210240384
B2227073855018N12212658WA023210240367
B2227083855020N12212652WA023210240344
B2227093855022N12212646WA023200240363
B2227103855024N12212640WA023200240381
B2227113855027N12212634WA023190240250
B2227123855030N12212627WA023190240163
B2227133855033N12212620WA023180240017
B2227143855035N12212614WA023180240112
B2227153855037N12212608WA023180240225
B2227163855038N12212603WA023180240393
B2227173855040N12212598WA023180240272
B2227183855042N12212593WA023170240173
B2227193855045N12212587WA023150239819
B2227203855048N12212581WA023140239623
B2227213855051N12212574WA023120239444
B2227223855054N12212566WA023110239337
B2227233855056N12212560WA023100239391
B2227243855058N12212553WA023110239589
B2227253855060N12212548WA023120239663
B2227263855062N12212543WA023120239661
B2227273855064N12212537WA023110239572
B2227283855067N12212530WA023110239241
B2227293855070N12212523WA023100239185
B2227303855074N12212517WA023100239143
B2227313855077N12212511WA023110239339
B2227323855080N12212507WA023120239600
B2227333855082N12212501WA023140239888
B2227343855085N12212495WA023170240038
B2227353855087N12212489WA023180240156
B2227363855089N12212483WA023200240206
B2227373855090N12212477WA023200240266
B2227383855092N12212471WA023200240385
B2227393855095N12212464WA023200240355
B2227403855098N12212457WA023200240233
B2227413855100N12212450WA023200240386
B2227423855102N12212443WA023200240367
B2227433855104N12212435WA023210240329
B2227443855105N12212428WA023210240471
B2227453855108N12212420WA023220240546
B2227463855111N12212414WA023230240541
B2227473855113N12212407WA023230240685
B2227483855115N12212400WA023220240589
B2227493855117N12212393WA023210240498
B2227503855120N12212386WA023200240256
B2227513855124N12212379WA023180239932
B2227523855128N12212370WA023150239657
B2227533855132N12212361WA023120239386
B2227543855137N12212352WA023100239024
B2227553855141N12212343WA023080238957
B2227563855145N12212335WA023070238922
B2227573855148N12212326WA023060238848
B2227583855151N12212319WA023050238770
B2227593855155N12212310WA023040238605
B2228003855158N12212301WA023020238328
B2228013855162N12212291WA022990237937
B2228023855167N12212281WA022960237713
B2228033855171N12212271WA022950237660
B2228043855175N12212261WA022970237897
B2228053855179N12212254WA022990238221
B2228063855181N12212247WA023000238432
B2228073855183N12212240WA023020238615
B2228083855184N12212233WA023030238786
B2228093855186N12212226WA023040238792
B2228103855189N12212219WA023050238840
B2228113855191N12212211WA023060238924
B2228123855193N12212203WA023070239046
B2228133855195N12212196WA023080239162
B2228143855197N12212189WA023100239345
B2228153855199N12212182WA023110239508
B2228163855199N12212175WA023130239648
B2228173855198N12212168WA023140239845
B2228183855195N12212161WA023160239825
B2228193855190N12212155WA023160239915
B2228203855183N12212152WA023160239923
B2228213855176N12212152WA023170240081
B2228223855171N12212155WA023180240187
B2228233855168N12212160WA023180240278
B2228243855167N12212166WA023190240312
B2228253855166N12212171WA023200240447
B2228263855166N12212177WA023210240520
B2228273855166N12212182WA023230240691
B2228283855168N12212186WA023240240689
B2228293855172N12212191WA023240240710
B2228303855175N12212194WA023240240776
B2228313855180N12212196WA023240240672
B2228323855186N12212195WA023250240818
B2228333855191N12212193WA023250240942
B2228343855196N12212188WA023260240937
B2228353855200N12212182WA023260240978
B2228363855204N12212175WA023260241035
B2228373855207N12212168WA023270241134
B2228383855210N12212160WA023290241349
B2228393855213N12212153WA023300241405
B2228403855215N12212145WA023320241735
B2228413855218N12212138WA023350242002
B2228423855221N12212131WA023380242259
B2228433855226N12212128WA023410242550
B2228443855232N12212125WA023440242624
B2228453855238N12212124WA023470242915
B2228463855242N12212125WA023500243290
B2228473855246N12212126WA023530243557
B2228483855249N12212129WA023550243728
B2228493855251N12212134WA023550243825
B2228503855251N12212140WA023550243703
B2228513855249N12212146WA023550243701
B2228523855244N12212149WA023550243867
B2228533855239N12212150WA023570244035
B2228543855234N12212147WA023590244316
B2228553855229N12212142WA023620244559
B2228563855226N12212135WA023650244709
B2228573855222N12212128WA023680244985
B2228583855219N12212120WA023700245175
B2228593855217N12212112WA023740245327
B2229003855215N12212105WA023760245611
B2229013855213N12212097WA023790245831
B2229023855212N12212088WA023810245928
B2229033855212N12212080WA023840246044
B2229043855213N12212072WA023860246468
B2229053855216N12212065WA023880246866
B2229063855220N12212059WA023890246974
B2229073855226N12212054WA023900247118
B2229083855231N12212052WA023920247330
B2229093855235N12212050WA023940247784
B2229103855239N12212050WA023950247994
B2229113855243N12212053WA023950248080
B2229123855247N12212057WA023950248011
B2229133855248N12212062WA023950247869
B2229143855247N12212069WA023950248081
B2229153855245N12212074WA023960248101
B2229163855241N12212077WA023960248202
B2229173855235N12212075WA023980248207
B2229183855229N12212073WA024000248688
B2229193855225N12212072WA024020248926
B2229203855221N12212072WA024050249235
B2229213855218N12212075WA024070249206
B2229223855216N12212081WA024090249321
B2229233855217N12212088WA024090249340
B2229243855222N12212093WA024100249404
B2229253855228N12212095WA024100249570
B2229263855235N12212092WA024120249888
B2229273855242N12212086WA024150250118
B2229283855246N12212080WA024180250451
B2229293855248N12212073WA024220250871
B2229303855249N12212066WA024240251085
B2229313855249N12212059WA024260251173
B2229323855249N12212051WA024250251018
B2229333855247N12212043WA024240250972
B2229343855245N12212034WA024240250967
B2229353855242N12212027WA024240250920
B2229363855237N12212020WA024250251084
B2229373855232N12212015WA024260251164
B2229383855226N12212013WA024270251232
B2229393855220N12212013WA024280251209
B2229403855214N12212016WA024290251358
B2229413855210N12212021WA024310251599
B2229423855209N12212027WA024330251763
B2229433855209N12212032WA024350251988
B2229443855211N12212038WA024370252251
B2229453855214N12212042WA024390252427
B2229463855217N12212046WA024410252694
B2229473855223N12212048WA024430252732
B2229483855230N12212047WA024450252808
B2229493855236N12212044WA024470253094
B2229503855242N12212038WA024470253085
B2229513855247N12212031WA024470253011
B2229523855249N12212021WA024460252936
B2229533855249N12212012WA024450252818
B2229543855246N12212005WA024440252871
B2229553855242N12212000WA024430252671
B2229563855238N12211995WA024420252609
B2229573855233N12211994WA024420252584
B2229583855229N12211993WA024430252851
B2229593855225N12211993WA024440252975
B2230003855222N12211995WA024450253101
B2230013855218N12211996WA024460253137
B2230023855214N12211999WA024470253162
B2230033855211N12212001WA024480253207
B2230043855208N12212005WA024490253332
B2230053855207N12212009WA024490253324
B2230063855208N12212014WA024490253200
B2230073855213N12212018WA024490253180
B2230083855220N12212020WA024480253020
B2230093855227N12212018WA024480253035
B2230103855234N12212014WA024490253252
B2230113855239N12212009WA024520253551
B2230123855243N12212004WA024540254001
B2230133855246N12212000WA024560254201
B2230143855249N12211996WA024560254292
B2230153855255N12211991WA024540253906
B2230163855261N12211985WA024520253528
B2230173855268N12211979WA024480253041
B2230183855275N12211970WA024440252747
B2230193855281N12211963WA024410252580
B2230203855287N12211955WA024390252581
B2230213855294N12211947WA024360252517
B2230223855299N12211940WA024360252397
B2230233855305N12211933WA024360252285
B2230243855311N12211925WA024350251987
B2230253855317N12211916WA024340251732
B2230263855322N12211906WA024310251696
B2230273855328N12211896WA024300251474
B2230283855334N12211886WA024280251231
B2230293855341N12211876WA024270251110
B2230303855347N12211866WA024280251171
B2230313855353N12211856WA024290251318
B2230323855357N12211848WA024310251590
B2230333855361N12211839WA024330251959
B2230343855365N12211832WA024350252066
B2230353855369N12211825WA024360252060
B2230363855374N12211816WA024360251943
B2230373855379N12211807WA024350251723
B2230383855383N12211796WA024350251769
B2230393855387N12211787WA024350251960
B2230403855391N12211778WA024360252133
B2230413855395N12211769WA024380252213
B2230423855398N12211760WA024390252289
B2230433855403N12211752WA024390252306
B2230443855407N12211742WA024380252109
B2230453855411N12211733WA024360252002
B2230463855415N12211722WA024340251969
B2230473855419N12211713WA024330251931
B2230483855423N12211703WA024310251661
B2230493855428N12211692WA024290251448
B2230503855433N12211681WA024260251289
B2230513855440N12211671WA024240250902
B2230523855446N12211660WA024210250810
B2230533855451N12211648WA024200250897
B2230543855457N12211638WA024190250760
B2230553855462N12211627WA024190250780
B2230563855468N12211617WA024190250530
B2230573855473N12211606WA024180250485
B2230583855479N12211595WA024160250109
B2230593855484N12211585WA024140250061
B2231003855489N12211572WA024120249978
B2231013855494N12211561WA024100249672
B2231023855500N12211550WA024070249417
B2231033855505N12211539WA024040249215
B2231043855510N12211528WA024010249009
B2231053855515N12211517WA023990248622
B2231063855520N12211504WA023950248288
B2231073855527N12211491WA023910247707
B2231083855533N12211478WA023880247319
B2231093855539N12211466WA023860247122
B2231103855545N12211454WA023860247103
B2231113855550N12211442WA023850247046
B2231123855555N12211431WA023840246968
B2231133855560N12211419WA023830246698
B2231143855566N12211406WA023800246127
B2231153855571N12211393WA023760245652
B2231163855576N12211379WA023730245357
B2231173855582N12211365WA023700245116
B2231183855586N12211354WA023670244993
B2231193855591N12211342WA023640244943
B2231203855596N12211331WA023620244635
B2231213855600N12211320WA023600244592
B2231223855606N12211307WA023570244118
B2231233855613N12211297WA023540243931
B2231243855620N12211288WA023530243997
B2231253855627N12211282WA023540243999
B2231263855634N12211278WA023550244169
B2231273855640N12211276WA023560244194
B2231283855648N12211273WA023550244038
B2231293855656N12211272WA023540243830
B2231303855664N12211269WA023530243659
B2231313855672N12211267WA023510243668
B2231323855679N12211266WA023500243751
B2231333855686N12211264WA023510243729
B2231343855692N12211262WA023510243837
B2231353855698N12211259WA023510243899
B2231363855706N12211256WA023510243645
B2231373855714N12211252WA023500243534
B2231383855721N12211246WA023500243482
B2231393855728N12211239WA023500243686
B2231403855734N12211233WA023500243777
B2231413855740N12211227WA023510243745
B2231423855746N12211222WA023500243653
B2231433855753N12211215WA023500243795
B2231443855761N12211208WA023490243401
B2231453855768N12211200WA023480243204
B2231463855773N12211192WA023480243295
B2231473855779N12211184WA023490243455
B2231483855784N12211177WA023500243505
B2231493855788N12211170WA023500243601
B2231503855791N12211161WA023490243678
B2231513855796N12211152WA023480243422
B2231523855801N12211140WA023460243208
B2231533855806N12211129WA023440242903
B2231543855811N12211117WA023420242666
B2231553855817N12211106WA023400242534
B2231563855822N12211096WA023390242480
B2231573855828N12211085WA023390242518
B2231583855833N12211075WA023390242516
B2231593855837N12211065WA023400242493
B2232003855842N12211056WA023400242467
B2232013855847N12211048WA023400242435
B2232023855852N12211039WA023390242417
B2232033855856N12211029WA023380242189
B2232043855861N12211019WA023360241875
B2232053855866N12211009WA023340241681
B2232063855871N12210998WA023330241688
B2232073855876N12210989WA023310241545
B2232083855881N12210980WA023300241635
B2232093855886N12210970WA023290241509
B2232103855890N12210960WA023280241288
B2232113855895N12210948WA023270241049
B2232123855900N12210937WA023250240756
B2232133855905N12210926WA023230240639
B2232143855909N12210916WA023220240559
B2232153855912N12210907WA023210240538
B2232163855915N12210898WA023190240411
B2232173855918N12210888WA023180240208
B2232183855922N12210878WA023160240016
B2232193855926N12210868WA023130239737
B2232203855930N12210858WA023120239646
B2232213855934N12210850WA023120239561
B2232223855938N12210842WA023130239672
B2232233855943N12210835WA023120239716
B2232243855947N12210828WA023110239669
B2232253855953N12210821WA023090239338
B2232263855959N12210814WA023070239040
B2232273855966N12210805WA023020238472
B2232283855974N12210796WA022970237941
B2232293855981N12210785WA022930237426
B2232303855988N12210774WA022900237318
B2232313855993N12210765WA022880237274
B2232323855999N12210757WA022890237394
B2232333856005N12210750WA022880237364
B2232343856012N12210743WA022870237223
B2232353856018N12210735WA022850236963
B2232363856024N12210726WA022830236574
B2232373856031N12210715WA022800236303
B2232383856037N12210704WA022770236019
B2232393856042N12210695WA022750235991
B2232403856047N12210685WA022740235916
B2232413856051N12210677WA022750235964
B2232423856055N12210668WA022740235967
B2232433856059N12210658WA022730235992
B2232443856065N12210648WA022710235781
B2232453856072N12210637WA022680235247
B2232463856078N12210625WA022650234840
B2232473856085N12210613WA022620234414
B2232483856092N12210602WA022580234250
B2232493856099N12210592WA022570234012
B2232503856106N12210582WA022550233912
B2232513856112N12210572WA022530233848
B2232523856118N12210563WA022510233790
B2232533856124N12210553WA022490233342
B2232543856130N12210542WA022460232974
B2232553856137N12210531WA022420232435
B2232563856143N12210519WA022380231999
B2232573856151N12210508WA022340231455
B2232583856158N12210496WA022300231154
B2232593856165N12210484WA022290230916
B2233003856171N12210473WA022290230959
B2233013856177N12210462WA022280230764
B2233023856183N12210450WA022270230698
B2233033856189N12210438WA022250230282
B2233043856196N12210426WA022230229819
B2233053856202N12210415WA022210229759
B2233063856208N12210404WA022190229659
B2233073856214N12210394WA022180229622
B2233083856221N12210384WA022170229532
B2233093856226N12210373WA022160229462
B2233103856232N12210362WA022160229389
B2233113856239N12210353WA022150229221
B2233123856247N12210346WA022140229040
B2233133856255N12210339WA022130229109
B2233143856261N12210334WA022130229120
B2233153856266N12210327WA022140229477
B2233163856270N12210320WA022140229595
B2233173856275N12210312WA022140229447
B2233183856280N12210304WA022130229350
B2233193856285N12210295WA022120229161
B2233203856291N12210286WA022100229052
B2233213856296N12210278WA022100228924
B2233223856299N12210271WA022110228950
B2233233856303N12210264WA022120229069
B2233243856307N12210258WA022130229019
B2233253856311N12210251WA022140229116
B2233263856315N12210245WA022130229183
B2233273856320N12210237WA022120229065
B2233283856325N12210229WA022110228876
B2233293856331N12210221WA022090228745
B2233303856336N12210214WA022090228614
B2233313856340N12210207WA022090228764
B2233323856344N12210199WA022090228748
B2233333856347N12210192WA022090228766
B2233343856350N12210185WA022090228680
B2233353856354N12210176WA022090228546
B2233363856358N12210167WA022090228508
B2233373856363N12210159WA022080228427
B2233383856368N12210152WA022080228535
B2233393856373N12210146WA022080228401
B2233403856377N12210137WA022080228406
B2233413856381N12210129WA022080228539
B2233423856385N12210122WA022080228544
B2233433856389N12210114WA022070228665
B2233443856393N12210107WA022070228464
B2233453856397N12210100WA022060228392
B2233463856402N12210092WA022060228420
B2233473856406N12210083WA022050228317
B2233483856410N12210075WA022050228322
B2233493856414N12210065WA022050228369
B2233503856418N12210057WA022060228438
B2233513856421N12210050WA022060228543
B2233523856424N12210043WA022070228763
B2233533856427N12210036WA022070228771
B2233543856430N12210027WA022060228724
B2233553856432N12210018WA022060228676
B2233563856436N12210010WA022040228633
B2233573856440N12210001WA022040228538
B2233583856444N12209994WA022030228477
B2233593856449N12209987WA022020228345
B2234003856453N12209980WA022020228478
B2234013856457N12209973WA022010228253
B2234023856462N12209965WA022010228227
B2234033856467N12209957WA022010228036
B2234043856472N12209949WA021990228031
B2234053856477N12209939WA021970227900
B2234063856480N12209929WA021950227948
B2234073856483N12209920WA021930227760
B2234083856485N12209909WA021930227799
B2234093856489N12209899WA021930227722
B2234103856493N12209890WA021920227720
B2234113856499N12209881WA021920227600
B2234123856504N12209872WA021920227562
B2234133856509N12209863WA021920227558
B2234143856514N12209854WA021930227649
B2234153856518N12209846WA021930227693
B2234163856523N12209837WA021930227588
B2234173856528N12209828WA021930227454
B2234183856533N12209819WA021930227369
B2234193856538N12209811WA021930227323
B2234203856543N12209801WA021930227205
B2234213856547N12209792WA021930227177
B2234223856552N12209783WA021930227189
B2234233856557N12209775WA021940227223
B2234243856561N12209766WA021940227236
B2234253856565N12209757WA021940227206
B2234263856568N12209749WA021930227221
B2234273856573N12209740WA021920227003
B2234283856577N12209731WA021910226956
B2234293856582N12209722WA021900226707
B2234303856586N12209714WA021880226651
B2234313856590N12209705WA021870226623
B2234323856594N12209697WA021850226530
B2234333856597N12209688WA021830226381
B2234343856602N12209680WA021790226020
B2234353856606N12209671WA021790225779
B2234363856611N12209663WA021760225378
B2234373856616N12209654WA021730225034
B2234383856621N12209645WA021690224763
B2234393856626N12209636WA021660224546
B2234403856632N12209627WA021620224308
B2234413856636N12209619WA021600224253
B2234423856640N12209611WA021560224180
B2234433856646N12209602WA021550223904
B2234443856651N12209593WA021550223618
B2234453856655N12209582WA021530223499
B2234463856661N12209573WA021510223204
B2234473856665N12209564WA021490223158
B2234483856669N12209555WA021480223027
B2234493856672N12209546WA021460222702
B2234503856675N12209536WA021430222397
B2234513856679N12209526WA021400221972
B2234523856683N12209514WA021370221658
B2234533856687N12209503WA021340221324
B2234543856690N12209492WA021310221247
B2234553856694N12209482WA021280220927
B2234563856698N12209473WA021250220831
B2234573856701N12209461WA021240220678
B2234583856705N12209451WA021230220431
B2234593856708N12209440WA021210220141
B2235003856712N12209430WA021190219950
B2235013856716N12209420WA021180219704
B2235023856719N12209410WA021150219686
B2235033856724N12209401WA021150219501
B2235043856727N12209391WA021130219478
B2235053856732N12209382WA021110219108
B2235063856736N12209372WA021070218763
B2235073856741N12209361WA021030218367
B2235083856746N12209351WA020990218127
B2235093856751N12209341WA020970217819
B2235103856756N12209332WA020950217723
B2235113856760N12209322WA020920217652
B2235123856765N12209312WA020890217301
B2235133856769N12209302WA020860217122
B2235143856774N12209291WA020830216719
B2235153856780N12209280WA020800216206
B2235163856787N12209269WA020760215618
B2235173856794N12209259WA020710215170
B2235183856802N12209247WA020680214944
B2235193856809N12209237WA020670214732
B2235203856815N12209227WA020670214591
B2235213856822N12209217WA020670214356
B2235223856829N12209207WA020660214266
B2235233856836N12209197WA020650214014
B2235243856842N12209186WA020640213964
B2235253856848N12209175WA020620213888
B2235263856855N12209165WA020600213674
B2235273856862N12209155WA020580213552
B2235283856869N12209144WA020570213444
B2235293856876N12209134WA020560213394
B2235303856884N12209124WA020550213008
B2235313856891N12209114WA020540212908
B2235323856897N12209104WA020530212767
B2235333856904N12209095WA020520212630
B2235343856911N12209085WA020500212548
B2235353856918N12209077WA020500212510
B2235363856923N12209067WA020500212595
B2235373856929N12209057WA020490212469
B2235383856935N12209048WA020490212410
B2235393856940N12209038WA020480212267
B2235403856946N12209029WA020470212120
B2235413856951N12209020WA020460211972
B2235423856957N12209011WA020450211956
B2235433856963N12209002WA020440211868
B2235443856970N12208993WA020430211627
B2235453856976N12208984WA020410211576
B2235463856982N12208975WA020410211573
B2235473856988N12208965WA020410211457
B2235483856994N12208957WA020400211413
B2235493856999N12208948WA020400211372
B2235503857005N12208939WA020390211350
B2235513857011N12208930WA020380211231
B2235523857016N12208919WA020360211146
B2235533857021N12208909WA020350211055
B2235543857026N12208899WA020340210949
B2235553857031N12208891WA020330210952
B2235563857037N12208882WA020320210806
B2235573857042N12208872WA020310210978
B2235583857048N12208862WA020300210708
B2235593857053N12208852WA020290210563
B2236003857059N12208843WA020280210480
B2236013857065N12208834WA020270210393
B2236023857071N12208826WA020270210450
B2236033857077N12208818WA020270210460
B2236043857083N12208809WA020260210397
B2236053857089N12208800WA020250210268
B2236063857096N12208792WA020240210124
B2236073857102N12208783WA020230209954
B2236083857108N12208774WA020230209889
B2236093857114N12208766WA020230209888
B2236103857120N12208759WA020220209890
B2236113857127N12208751WA020210209702
B2236123857133N12208743WA020200209520
B2236133857139N12208734WA020190209490
B2236143857146N12208724WA020180209259
B2236153857153N12208716WA020170209245
B2236163857160N12208709WA020160209118
B2236173857166N12208703WA020150209184
B2236183857173N12208695WA020150209097
B2236193857180N12208688WA020150209031
B2236203857187N12208680WA020140208905
B2236213857193N12208673WA020140208822
B2236223857200N12208666WA020140208820
B2236233857206N12208658WA020130208783
B2236243857214N12208651WA020130208609
B2236253857220N12208644WA020120208511
B2236263857226N12208636WA020110208457
B2236273857233N12208630WA020110208300
B2236283857238N12208622WA020100208275
B2236293857244N12208614WA020100208197
B2236303857251N12208607WA020090208120
B2236313857257N12208599WA020090208030
B2236323857263N12208591WA020090208053
B2236333857268N12208583WA020090208032
B2236343857273N12208575WA020080207974
B2236353857279N12208567WA020070208088
B2236363857285N12208559WA020070207903
B2236373857290N12208551WA020060208091
B2236383857295N12208542WA020070207976
B2236393857300N12208534WA020070208017
B2236403857305N12208528WA020070208021
B2236413857310N12208521WA020070207966
B2236423857316N12208514WA020070207800
B2236433857321N12208505WA020060207659
B2236443857326N12208498WA020050207670
B2236453857332N12208490WA020040207529
B2236463857337N12208484WA020030207658
B2236473857343N12208479WA020020207605
B2236483857348N12208473WA020020207679
B2236493857354N12208468WA020020207530
B2236503857360N12208460WA020010207427
B2236513857365N12208452WA020000207489
B2236523857371N12208445WA020000207331
B2236533857376N12208437WA020000207302
B2236543857379N12208429WA020000207483
B2236553857383N12208420WA020000207499
B2236563857388N12208413WA020000207424
B2236573857392N12208405WA020000207394
B2236583857397N12208397WA019990207295
B2236593857402N12208389WA019990207244
B2237003857406N12208381WA019990207348
B2237013857410N12208375WA019990207440
B2237023857414N12208368WA019990207427
B2237033857417N12208362WA019990207487
B2237043857422N12208356WA019990207364
B2237053857427N12208350WA019970207248
B2237063857432N12208344WA019960207061
B2237073857437N12208338WA019940206940
B2237083857441N12208332WA019930206852
B2237093857446N12208326WA019910206717
B2237103857450N12208321WA019890206571
B2237113857456N12208315WA019870206311
B2237123857461N12208309WA019850206152
B2237133857466N12208303WA019830205924
B2237143857471N12208297WA019810205726
B2237153857475N12208291WA019800205786
B2237163857480N12208285WA019790205647
B2237173857485N12208280WA019780205460
B2237183857490N12208273WA019760205243
B2237193857495N12208266WA019750205122
B2237203857499N12208259WA019740204968
B2237213857502N12208252WA019730204878
B2237223857506N12208246WA019710204701
B2237233857509N12208239WA019700204644
B2237243857513N12208231WA019680204466
B2237253857518N12208223WA019660204345
B2237263857522N12208214WA019650204269
B2237273857526N12208206WA019650204244
B2237283857529N12208199WA019650204281
B2237293857532N12208191WA019640204240
B2237303857536N12208183WA019640204009
B2237313857539N12208174WA019620203969
B2237323857543N12208165WA019610203833
B2237333857548N12208155WA019600203738
B2237343857552N12208147WA019590203578
B2237353857556N12208139WA019590203789
B2237363857560N12208132WA019600203714
B2237373857564N12208124WA019600203618
B2237383857568N12208116WA019590203476
B2237393857573N12208107WA019580203259
B2237403857579N12208099WA019570203115
B2237413857584N12208092WA019560203130
B2237423857588N12208084WA019550203195
B2237433857593N12208076WA019540203059
B2237443857598N12208068WA019530202915
B2237453857602N12208060WA019520202797
B2237463857608N12208052WA019500202512
B2237473857612N12208043WA019490202595
B2237483857617N12208036WA019480202472
B2237493857622N12208029WA019470202322
B2237503857627N12208022WA019470202314
B2237513857631N12208015WA019460202254
B2237523857636N12208009WA019450202040
B2237533857641N12208001WA019440201894
B2237543857646N12207993WA019430201603
B2237553857650N12207985WA019420201523
B2237563857653N12207976WA019400201383
B2237573857657N12207968WA019390201274
B2237583857662N12207960WA019370201033
B2237593857667N12207952WA019340200703
B2238003857671N12207944WA019320200625
B2238013857675N12207937WA019300200570
B2238023857680N12207929WA019280200301
B2238033857684N12207920WA019270200228
B2238043857688N12207913WA019250200071
B2238053857693N12207904WA019240199849
B2238063857698N12207896WA019230199690
B2238073857704N12207887WA019220199436
B2238083857709N12207879WA019220199327
B2238093857713N12207872WA019220199381
B2238103857717N12207863WA019220199297
B2238113857721N12207855WA019220199295
B2238123857726N12207847WA019210199183
B2238133857732N12207839WA019210199108
B2238143857737N12207832WA019200199033
B2238153857741N12207824WA019200199096
B2238163857746N12207816WA019190198928
B2238173857750N12207808WA019180198900
B2238183857755N12207798WA019170198923
B2238193857760N12207789WA019150198795
B2238203857766N12207781WA019140198640
B2238213857771N12207772WA019140198607
B2238223857775N12207764WA019140198623
B2238233857778N12207755WA019140198691
B2238243857782N12207746WA019130198643
B2238253857786N12207737WA019130198561
B2238263857791N12207727WA019120198433
B2238273857795N12207717WA019110198471
B2238283857800N12207707WA019110198405
B2238293857803N12207697WA019110198424
B2238303857806N12207688WA019100198489
B2238313857810N12207680WA019100198421
B2238323857814N12207670WA019100198246
B2238333857818N12207660WA019090198062
B2238343857823N12207649WA019080197905
B2238353857827N12207639WA019070197813
B2238363857831N12207629WA019070197937
B2238373857835N12207620WA019070197981
B2238383857840N12207611WA019070197935
B2238393857845N12207603WA019060197912
B2238403857850N12207595WA019060197854
B2238413857855N12207585WA019050197804
B2238423857859N12207575WA019050197786
B2238433857865N12207566WA019040197715
B2238443857869N12207557WA019030197699
B2238453857875N12207548WA019030197675
B2238463857881N12207540WA019030197551
B2238473857886N12207532WA019020197433
B2238483857891N12207523WA019020197486
B2238493857897N12207516WA019010197350
B2238503857903N12207508WA019000197313
B2238513857909N12207500WA019000197206
B2238523857914N12207493WA018990197161
B2238533857920N12207484WA018980197189
B2238543857926N12207476WA018980197062
B2238553857932N12207467WA018970197006
B2238563857937N12207459WA018960196910
B2238573857942N12207450WA018960196949
B2238583857947N12207442WA018950196828
B2238593857952N12207434WA018940196712
B2239003857957N12207425WA018920196412
B2239013857963N12207416WA018900196123
B2239023857969N12207407WA018870195803
B2239033857975N12207399WA018850195756
B2239043857981N12207392WA018830195675
B2239053857987N12207385WA018820195654
B2239063857992N12207378WA018830195581
B2239073857997N12207371WA018820195460
B2239083858002N12207363WA018810195264
B2239093858007N12207356WA018800195077
B2239103858012N12207349WA018780194891
B2239113858018N12207340WA018760194609
B2239123858023N12207332WA018730194426
B2239133858028N12207324WA018710194221
B2239143858033N12207314WA018680194059
B2239153858038N12207305WA018660193987
B2239163858044N12207297WA018650193802
B2239173858049N12207288WA018650193625
B2239183858055N12207279WA018630193411
B2239193858061N12207269WA018620193122
B2239203858067N12207259WA018590192848
B2239213858073N12207250WA018570192631
B2239223858078N12207241WA018550192493
B2239233858084N12207232WA018530192445
B2239243858089N12207223WA018520192369
B2239253858094N12207215WA018500192151
B2239263858100N12207206WA018480191820
B2239273858106N12207196WA018460191544
B2239283858113N12207187WA018440191422
B2239293858119N12207178WA018440191329
B2239303858124N12207170WA018440191488
B2239313858129N12207162WA018440191497
B2239323858134N12207154WA018430191383
B2239333858140N12207145WA018420191154
B2239343858147N12207136WA018400190724
B2239353858154N12207127WA018380190627
B2239363858161N12207119WA018370190506
B2239373858166N12207111WA018360190699
B2239383858172N12207104WA018350190655
B2239393858177N12207097WA018350190690
B2239403858183N12207088WA018340190427
B2239413858188N12207079WA018330190273
B2239423858194N12207069WA018310190037
B2239433858200N12207059WA018290189834
B2239443858206N12207049WA018270189634
B2239453858212N12207040WA018250189540
B2239463858218N12207031WA018240189514
B2239473858224N12207023WA018230189453
B2239483858230N12207015WA018220189364
B2239493858236N12207007WA018220189255
B2239503858242N12206999WA018210189225
B2239513858247N12206991WA018210189032
B2239523858252N12206982WA018190188926
B2239533858257N12206973WA018180188759
B2239543858263N12206965WA018150188436
B2239553858269N12206957WA018130188286
B2239563858275N12206949WA018110188079
B2239573858281N12206942WA018080187845
B2239583858287N12206935WA018060187644
B2239593858293N12206929WA018030187487
B2240003858300N12206925WA018010187192
B2240013858308N12206922WA017980186875
B2240023858317N12206920WA017950186507
B2240033858325N12206918WA017940186435
B2240043858332N12206916WA017940186384
B2240053858339N12206913WA017940186457
B2240063858345N12206909WA017940186468
B2240073858351N12206906WA017940186443
B2240083858358N12206902WA017920186203
B2240093858365N12206898WA017900185939
B2240103858373N12206895WA017880185650
B2240113858382N12206891WA017850185317
B2240123858389N12206887WA017830185289
B2240133858397N12206884WA017820185210
B2240143858403N12206879WA017820185365
B2240153858409N12206875WA017820185372
B2240163858415N12206871WA017810185272
B2240173858422N12206867WA017790185041
B2240183858430N12206862WA017770184602
B2240193858438N12206856WA017740184303
B2240203858446N12206850WA017720184096
B2240213858455N12206844WA017690183928
B2240223858462N12206838WA017670183718
B2240233858467N12206832WA017660183667
B2240243858473N12206825WA017650183554
B2240253858479N12206818WA017630183459
B2240263858486N12206811WA017620183165
B2240273858494N12206804WA017600183000
B2240283858502N12206796WA017580182804
B2240293858509N12206788WA017560182768
B2240303858517N12206780WA017550182638
B2240313858524N12206772WA017550182445
B2240323858531N12206763WA017540182346
B2240333858538N12206754WA017530182172
B2240343858546N12206744WA017520182031
B2240353858553N12206733WA017520182088
B2240363858561N12206723WA017510181977
B2240373858569N12206714WA017510181981
B2240383858577N12206704WA017500181887
B2240393858586N12206695WA017500181702
B2240403858594N12206685WA017490181629
B2240413858602N12206676WA017480181434
B2240423858610N12206667WA017470181343
B2240433858619N12206658WA017450181204
B2240443858627N12206650WA017440181092
B2240453858636N12206642WA017430180960
B2240463858645N12206633WA017420180958
B2240473858654N12206625WA017420180858
B2240483858663N12206617WA017410180843
B2240493858671N12206608WA017410180889
B2240503858680N12206600WA017410180853
B2240513858688N12206592WA017410180973
B2240523858697N12206584WA017420180903
B2240533858705N12206576WA017410180920
B2240543858713N12206567WA017410180836
B2240553858721N12206559WA017410180760
B2240563858729N12206550WA017400180693
B2240573858738N12206542WA017400180661
B2240583858746N12206533WA017390180499
B2240593858755N12206525WA017380180317
B2241003858763N12206517WA017370180336
B2241013858771N12206508WA017350180248
B2241023858779N12206500WA017340180207
B2241033858787N12206492WA017330180118
B2241043858795N12206484WA017310180047
B2241053858803N12206477WA017300180022
B2241063858811N12206468WA017280179917
B2241073858818N12206460WA017270179784
B2241083858826N12206452WA017250179553
B2241093858833N12206444WA017230179341
B2241103858840N12206435WA017210179259
B2241113858847N12206427WA017190178974
B2241123858854N12206419WA017170178681
B2241133858862N12206410WA017160178408
B2241143858869N12206402WA017140178245
B2241153858875N12206393WA017130178193
B2241163858882N12206384WA017110177998
B2241173858889N12206375WA017090177767
B2241183858896N12206366WA017070177549
B2241193858903N12206358WA017050177201
B2241203858909N12206348WA017030177189
B2241213858916N12206339WA017010176968
B2241223858923N12206329WA016990176748
B2241233858930N12206319WA016970176512
B2241243858936N12206308WA016950176386
B2241253858943N12206298WA016920176040
B2241263858950N12206288WA016910175810
B2241273858956N12206278WA016890175856
B2241283858963N12206269WA016880175714
B2241293858969N12206260WA016870175571
B2241303858976N12206250WA016860175424
B2241313858982N12206241WA016850175292
B2241323858989N12206231WA016830175043
B2241333858996N12206221WA016810174835
B2241343859003N12206211WA016800174735
B2241353859010N12206201WA016780174573
B2241363859018N12206191WA016760174219
B2241373859026N12206182WA016740174017
B2241383859034N12206173WA016720173817
B2241393859042N12206164WA016700173615
B2241403859050N12206155WA016680173425
B2241413859057N12206146WA016670173382
B2241423859065N12206136WA016660173237
B2241433859072N12206127WA016650173190
B2241443859080N12206117WA016640173063
B2241453859088N12206107WA016620172827
B2241463859095N12206097WA016610172767
B2241473859103N12206088WA016600172645
B2241483859111N12206079WA016580172502
B2241493859118N12206070WA016560172372
B2241503859126N12206060WA016550172217
B2241513859133N12206051WA016540172160
B2241523859141N12206041WA016530172027
B2241533859148N12206033WA016520171970
B2241543859156N12206024WA016510171800
B2241553859163N12206015WA016500171762
B2241563859171N12206006WA016490171560
B2241573859179N12205997WA016470171330
B2241583859187N12205987WA016460171235
B2241593859195N12205978WA016440171014
B2242003859202N12205968WA016420170999
B2242013859210N12205959WA016410170864
B2242023859217N12205949WA016400170857
B2242033859223N12205939WA016400170887
B2242043859229N12205930WA016400170772
B2242053859235N12205920WA016400170799
B2242063859241N12205911WA016390170695
B2242073859248N12205901WA016380170434
B2242083859255N12205891WA016370170203
B2242093859261N12205880WA016350170057
B2242103859268N12205870WA016330169913
B2242113859274N12205860WA016320169831
B2242123859280N12205850WA016300169731
B2242133859286N12205840WA016290169642
B2242143859292N12205830WA016270169543
B2242153859298N12205819WA016260169368
B2242163859304N12205808WA016240169179
B2242173859310N12205797WA016220168989
B2242183859317N12205786WA016200168709
B2242193859322N12205775WA016180168585
B2242203859328N12205763WA016160168359
B2242213859334N12205752WA016140168256
B2242223859340N12205741WA016130168178
B2242233859347N12205731WA016120167901
B2242243859353N12205721WA016100167760
B2242253859360N12205710WA016090167526
B2242263859366N12205700WA016070167473
B2242273859373N12205690WA016050167241
B2242283859380N12205679WA016040167006
B2242293859386N12205669WA016020166975
B2242303859393N12205659WA016010166752
B2242313859399N12205648WA015990166699
B2242323859405N12205638WA015980166575
B2242333859411N12205627WA015970166388
B2242343859418N12205617WA015950166127
B2242353859424N12205607WA015940166165
B2242363859431N12205597WA015930166000
B2242373859436N12205586WA015920165997
B2242383859442N12205576WA015910165866
B2242393859448N12205565WA015910165819
B2242403859454N12205555WA015910165714
B2242413859460N12205545WA015900165602
B2242423859466N12205534WA015890165418
B2242433859472N12205524WA015880165319
B2242443859478N12205515WA015860165141
B2242453859484N12205505WA015840165076
B2242463859490N12205496WA015830164992
B2242473859496N12205486WA015820164885
B2242483859502N12205476WA015820164679
B2242493859508N12205467WA015810164588
B2242503859515N12205458WA015800164329
B2242513859521N12205450WA015780164170
B2242523859528N12205441WA015760163942
B2242533859534N12205432WA015760163886
B2242543859540N12205423WA015740163795
B2242553859547N12205414WA015720163629
B2242563859553N12205406WA015700163561
B2242573859560N12205397WA015680163258
B2242583859567N12205389WA015660163187
B2242593859574N12205381WA015640162951
B2243003859581N12205373WA015630162851
B2243013859588N12205365WA015630162713
B2243023859595N12205358WA015620162602
B2243033859602N12205352WA015610162522
B2243043859610N12205348WA015600162210
B2243053859618N12205344WA015580162038
B2243063859626N12205341WA015560161896
B2243073859634N12205338WA015540161795
B2243083859642N12205334WA015530161722
B2243093859649N12205330WA015520161661
B2243103859656N12205326WA015500161494
B2243113859664N12205323WA015470161271
B2243123859672N12205319WA015450160879
B2243133859681N12205316WA015430160579
B2243143859690N12205314WA015400160446
B2243153859699N12205311WA015380160227
B2243163859707N12205308WA015380160139
B2243173859715N12205306WA015380160110
B2243183859722N12205303WA015380160132
B2243193859730N12205301WA015370159911
B2243203859738N12205298WA015350159748
B2243213859746N12205296WA015320159484
B2243223859755N12205293WA015300159268
B2243233859764N12205290WA015280159035
B2243243859772N12205287WA015260158932
B2243253859780N12205283WA015250158913
B2243263859787N12205280WA015240158891
B2243273859795N12205276WA015230158697
B2243283859804N12205273WA015220158424
B2243293859813N12205269WA015200158226
B2243303859822N12205266WA015180157922
B2243313859831N12205262WA015170157814
B2243323859840N12205258WA015150157706
B2243333859848N12205254WA015140157715
B2243343859856N12205249WA015130157609
B2243353859864N12205245WA015120157537
B2243363859872N12205241WA015110157389
B2243373859881N12205238WA015100157151
B2243383859890N12205234WA015080157012
B2243393859898N12205230WA015070156971
B2243403859907N12205226WA015050156833
B2243413859915N12205222WA015030156690
B2243423859924N12205217WA015020156496
B2243433859933N12205214WA015000156251
B2243443859942N12205210WA014980156028
B2243453859950N12205206WA014970155956
B2243463859958N12205202WA014960155857
B2243473859966N12205198WA014950155726
B2243483859974N12205194WA014940155602
B2243493859981N12205190WA014940155587
B2243503859990N12205187WA014930155544
B2243513859998N12205185WA014930155535
B2243523900005N12205183WA014920155599
B2243533900013N12205181WA014920155647
B2243543900020N12205179WA014920155690
B2243553900027N12205176WA014930155691
B2243563900034N12205173WA014930155765
B2243573900041N12205172WA014940155824
B2243583900048N12205171WA014930155715
B2243593900054N12205170WA014920155668
B2244003900061N12205168WA014890155629
B2244013900067N12205167WA014880155400
B2244023900073N12205165WA014870155224
B2244033900079N12205165WA014850155032
B2244043900085N12205165WA014830154726
B2244053900091N12205166WA014810154604
B2244063900096N12205166WA014780154561
B2244073900101N12205165WA014760154482
B2244083900107N12205164WA014740154160
B2244093900113N12205162WA014710153820
B2244103900119N12205158WA014680153680
B2244113900126N12205154WA014660153432
B2244123900132N12205150WA014660153543
B2244133900138N12205147WA014660153369
B2244143900144N12205145WA014650153339
B2244153900150N12205143WA014640153176
B2244163900158N12205141WA014620152800
B2244173900166N12205137WA014600152512
B2244183900174N12205132WA014570152172
B2244193900183N12205127WA014540151736
B2244203900191N12205123WA014520151790
B2244213900200N12205118WA014510151658
B2244223900208N12205114WA014510151515
B2244233900215N12205110WA014510151512
B2244243900221N12205105WA014510151658
B2244253900227N12205100WA014510151661
B2244263900233N12205095WA014510151534
B2244273900238N12205090WA014520151695
B2244283900244N12205084WA014510151554
B2244293900250N12205077WA014510151414
B2244303900256N12205070WA014500151310
B2244313900261N12205062WA014500151423
B2244323900266N12205054WA014500151455
B2244333900271N12205047WA014500151454
B2244343900276N12205040WA014490151379
B2244353900282N12205035WA014480151267
B2244363900289N12205033WA014470151049
B2244373900295N12205035WA014440150866
B2244383900299N12205039WA014410150566
B2244393900300N12205044WA014390150463
B2244403900300N12205046WA014390150429
B2244413900298N12205048WA014390150697
B2244423900296N12205048WA014390150776
B2244433900295N12205048WA014390150508
B2244443900291N12205051WA014370150396
B2244453900289N12205055WA014350150214
B2244463900286N12205058WA014340150074
B2244473900284N12205060WA014340150147
B2244483900282N12205061WA014350150286
B2244493900281N12205062WA014350150307
B2244503900279N12205063WA014350150269
B2244513900277N12205065WA014340150195
B2244523900276N12205068WA014320150033
B2244533900275N12205072WA014300149603
B2244543900274N12205076WA014280149371
B2244553900274N12205080WA014270149261
B2244563900275N12205082WA014250149257
B2244573900277N12205085WA014250148947
B2244583900278N12205088WA014240148887
B2244593900278N12205092WA014230148851
B2245003900278N12205095WA014210148515
B2245013900277N12205099WA014200148454
B2245023900276N12205103WA014200148487
B2245033900276N12205106WA014190148339
B2245043900276N12205110WA014190148332
B2245053900275N12205113WA014180148399
B2245063900274N12205118WA014170148147
B2245073900272N12205123WA014160147963
B2245083900269N12205126WA014150147841
B2245093900265N12205129WA014150147798
B2245103900262N12205133WA014150147881
B2245113900260N12205136WA014160148034
B2245123900258N12205138WA014170148085
B2245133900256N12205140WA014180147992
B2245143900254N12205141WA014180148131
B2245153900250N12205140WA014180148198
B2245163900246N12205138WA014170148054
B2245173900241N12205135WA014150147942
B2245183900236N12205131WA014140147847
B2245193900231N12205127WA014140147779
B2245203900227N12205123WA014140147809
B2245213900224N12205120WA014140147731
B2245223900221N12205116WA014140147711
B2245233900219N12205111WA014130147669
B2245243900217N12205103WA014120147582
B2245253900216N12205094WA014120147387
B2245263900216N12205086WA014110147295
B2245273900218N12205078WA014110147290
B2245283900221N12205070WA014110147118
B2245293900223N12205062WA014110147297
B2245303900227N12205055WA014110147141
B2245313900231N12205046WA014100147100
B2245323900234N12205036WA014090147090
B2245333900238N12205026WA014080146978
B2245343900240N12205018WA014060146800
B2245353900242N12205009WA014060146777
B2245363900246N12205001WA014060146782
B2245373900250N12204992WA014060146686
B2245383900254N12204985WA014070146862
B2245393900258N12204977WA014080146937
B2245403900261N12204971WA014090147059
B2245413900263N12204965WA014090146975
B2245423900266N12204958WA014070146770
B2245433900270N12204949WA014050146565
B2245443900274N12204940WA014030146281
B2245453900279N12204930WA014000145924
B2245463900283N12204920WA013970145653
B2245473900287N12204910WA013940145482
B2245483900290N12204901WA013930145291
B2245493900294N12204893WA013930145255
B2245503900298N12204886WA013930145131
B2245513900301N12204878WA013920145083
B2245523900306N12204870WA013920145002
B2245533900310N12204862WA013910144944
B2245543900314N12204853WA013890144838
B2245553900318N12204845WA013880144722
B2245563900321N12204836WA013870144694
B2245573900326N12204827WA013860144639
B2245583900330N12204819WA013840144479
B2245593900334N12204810WA013820144375
B2246003900338N12204802WA013790144094
B2246013900343N12204794WA013750143961
B2246023900349N12204784WA013720143648
B2246033900355N12204774WA013680143278
B2246043900361N12204765WA013650143087
B2246053900367N12204755WA013620142719
B2246063900372N12204746WA013600142506
B2246073900376N12204737WA013590142484
B2246083900381N12204727WA013580142227
B2246093900386N12204718WA013570142000
B2246103900391N12204708WA013560141988
B2246113900397N12204699WA013550141808
B2246123900402N12204690WA013540141851
B2246133900407N12204681WA013530141687
B2246143900413N12204672WA013520141639
B2246153900418N12204663WA013510141571
B2246163900424N12204652WA013510141399
B2246173900431N12204642WA013500141245
B2246183900437N12204632WA013490141108
B2246193900442N12204623WA013490141017
B2246203900447N12204615WA013480141100
B2246213900451N12204605WA013470140859
B2246223900456N12204595WA013460140729
B2246233900460N12204584WA013450140678
B2246243900464N12204573WA013440140621
B2246253900467N12204562WA013420140462
B2246263900471N12204550WA013420140374
B2246273900474N12204539WA013420140183
B2246283900477N12204527WA013410140098
B2246293900480N12204516WA013410139998
B2246303900483N12204504WA013400139976
B2246313900486N12204493WA013390139981
B2246323900488N12204481WA013370139868
B2246333900491N12204470WA013360139884
B2246343900494N12204459WA013340139743
B2246353900497N12204448WA013330139635
B2246363900500N12204436WA013320139507
B2246373900502N12204425WA013300139566
B2246383900505N12204414WA013290139330
B2246393900508N12204402WA013270139115
B2246403900511N12204391WA013250138802
B2246413900514N12204379WA013240138626
B2246423900517N12204367WA013220138417
B2246433900520N12204356WA013210138307
B2246443900522N12204345WA013200138280
B2246453900525N12204333WA013190138186
B2246463900528N12204322WA013180137960
B2246473900531N12204310WA013160137862
B2246483900534N12204298WA013140137629
B2246493900536N12204287WA013130137452
B2246503900539N12204275WA013110137315
B2246513900541N12204264WA013090137272
B2246523900544N12204252WA013100137116
B2246533900546N12204241WA013090136941
B2246543900549N12204229WA013070136823
B2246553900551N12204217WA013050136697
B2246563900554N12204206WA013050136572
B2246573900557N12204194WA013040136448
B2246583900559N12204183WA013020136383
B2246593900562N12204171WA013020136248
B2247003900565N12204160WA013000136135
B2247013900567N12204149WA012990135990
B2247023900570N12204137WA012970135732
B2247033900573N12204125WA012950135614
B2247043900575N12204113WA012940135455
B2247053900578N12204102WA012920135332
B2247063900581N12204091WA012910135491
B2247073900586N12204080WA012900135303
B2247083900590N12204069WA012890135229
B2247093900594N12204059WA012890135123
B2247103900598N12204049WA012890135100
B2247113900601N12204039WA012890135193
B2247123900605N12204030WA012890135076
B2247133900609N12204022WA012890135022
B2247143900612N12204013WA012880134904
B2247153900615N12204003WA012860134818
B2247163900618N12203993WA012870134649
B2247173900621N12203983WA012860134515
B2247183900623N12203974WA012850134470
B2247193900626N12203965WA012850134520
B2247203900628N12203956WA012840134463
B2247213900631N12203947WA012830134404
B2247223900633N12203937WA012840134269
B2247233900636N12203926WA012830134128
B2247243900638N12203916WA012810134037
B2247253900640N12203906WA012800133969
B2247263900642N12203897WA012790133882
B2247273900644N12203887WA012790133858
B2247283900646N12203877WA012780133718
B2247293900647N12203867WA012770133787
B2247303900649N12203857WA012770133748
B2247313900651N12203847WA012770133858
B2247323900653N12203838WA012780133860
B2247333900655N12203828WA012780133908
B2247343900656N12203820WA012790133932
B2247353900657N12203811WA012790133960
B2247363900658N12203801WA012790133996
B2247373900659N12203791WA012790133794
B2247383900660N12203780WA012780133685
B2247393900661N12203770WA012770133585
B2247403900662N12203760WA012770133679
B2247413900663N12203751WA012770133714
B2247423900664N12203741WA012770133708
B2247433900664N12203732WA012750133791
B2247443900665N12203721WA012770133787
B2247453900666N12203711WA012770133753
B2247463900667N12203701WA012770133710
B2247473900667N12203690WA012790133748
B2247483900667N12203680WA012780133787
B2247493900668N12203670WA012780133673
B2247503900670N12203659WA012770133503
B2247513900670N12203648WA012770133499
B2247523900671N12203638WA012760133474
B2247533900672N12203628WA012760133434
B2247543900672N12203618WA012760133493
B2247553900673N12203608WA012760133445
B2247563900674N12203598WA012760133426
B2247573900675N12203588WA012760133454
B2247583900677N12203578WA012750133401
B2247593900678N12203567WA012750133333
B2248003900679N12203556WA012740133165
B2248013900681N12203546WA012740133111
B2248023900683N12203535WA012740133107
B2248033900684N12203526WA012740133182
B2248043900686N12203515WA012740133176
B2248053900688N12203505WA012730133144
B2248063900689N12203495WA012730133074
B2248073900691N12203485WA012730133026
B2248083900692N12203476WA012730132918
B2248093900692N12203467WA012730132886
B2248103900694N12203458WA012720132914
B2248113900695N12203449WA012720132822
B2248123900695N12203439WA012710132899
B2248133900696N12203430WA012700132747
B2248143900696N12203421WA012690132793
B2248153900697N12203412WA012690132745
B2248163900697N12203403WA012680132666
B2248173900698N12203394WA012680132403
B2248183900698N12203385WA012670132435
B2248193900699N12203376WA012670132417
B2248203900699N12203367WA012660132378
B2248213900700N12203359WA012650132313
B2248223900700N12203351WA012640132225
B2248233900699N12203344WA012630132241
B2248243900699N12203335WA012610132238
B2248253900699N12203327WA012580131921
B2248263900699N12203317WA012550131514
B2248273900699N12203306WA012510131121
B2248283900699N12203295WA012470130666
B2248293900699N12203285WA012430130394
B2248303900701N12203275WA012400130118
B2248313900702N12203266WA012370129860
B2248323900704N12203256WA012340129526
B2248333900706N12203246WA012310129239
B2248343900708N12203236WA012290128875
B2248353900711N12203226WA012270128751
B2248363900714N12203215WA012270128535
B2248373900717N12203206WA012280128692
B2248383900720N12203199WA012280128589
B2248393900723N12203194WA012290128729
B2248403900725N12203189WA012290128691
B2248413900729N12203182WA012270128425
B2248423900732N12203175WA012240128013
B2248433900735N12203165WA012200127604
B2248443900738N12203155WA012160127013
B2248453900741N12203144WA012130126757
B2248463900743N12203135WA012110126778
B2248473900746N12203127WA012100126719
B2248483900747N12203120WA012100126778
B2248493900749N12203113WA012100126641
B2248503900751N12203106WA012100126532
B2248513900753N12203098WA012090126404
B2248523900754N12203090WA012080126372
B2248533900755N12203081WA012060126286
B2248543900757N12203073WA012060126205
B2248553900757N12203066WA012060126152
B2248563900757N12203059WA012070126370
B2248573900757N12203053WA012080126480
B2248583900759N12203046WA012100126708
B2248593900758N12203041WA012110126779
B2249003900756N12203036WA012120126794
B2249013900753N12203031WA012120126728
B2249023900749N12203027WA012120126709
B2249033900743N12203026WA012120126689
B2249043900737N12203027WA012120126799
B2249053900733N12203031WA012130126737
B2249063900730N12203036WA012140126947
B2249073900728N12203042WA012150127020
B2249083900728N12203048WA012160127050
B2249093900729N12203053WA012160127067
B2249103900732N12203058WA012160127079
B2249113900736N12203063WA012150127168
B2249123900741N12203066WA012150127017
B2249133900746N12203069WA012140126975
B2249143900751N12203073WA012140126702
B2249153900755N12203076WA012130126782
B2249163900760N12203080WA012130126633
B2249173900765N12203082WA012120126773
B2249183900771N12203082WA012120126742
B2249193900777N12203080WA012110126630
B2249203900783N12203075WA012100126669
B2249213900788N12203072WA012090126382
B2249223900793N12203069WA012100126491
B2249233900798N12203067WA012100126574
B2249243900803N12203065WA012110126568
B2249253900808N12203063WA012110126508
B2249263900812N12203062WA012120126650
B2249273900818N12203060WA012120126600
B2249283900823N12203057WA012120126612
B2249293900828N12203054WA012120126628
B2249303900832N12203052WA012120126697
B2249313900837N12203049WA012120126686
B2249323900842N12203046WA012120126583
B2249333900847N12203043WA012130126551
B2249343900852N12203040WA012140126854
B2249353900857N12203038WA012150127023
B2249363900861N12203036WA012160127168
B2249373900866N12203035WA012170127266
B2249383900872N12203035WA012170127218
B2249393900877N12203037WA012170127273
B2249403900883N12203039WA012170127233
B2249413900887N12203042WA012170127269
B2249423900891N12203047WA012170127381
B2249433900895N12203051WA012170127418
B2249443900897N12203056WA012170127385
B2249453900898N12203063WA012170127494
B2249463900899N12203070WA012170127413
B2249473900898N12203076WA012170127368
B2249483900897N12203083WA012170127380
B2249493900896N12203089WA012170127352
B2249503900894N12203094WA012180127489
B2249513900892N12203099WA012180127498
B2249523900890N12203104WA012180127517
B2249533900886N12203108WA012170127469
B2249543900882N12203111WA012160127365
B2249553900877N12203114WA012150127252
B2249563900873N12203112WA012130127228
B2249573900869N12203109WA012120127179
B2249583900866N12203105WA012110127028
B2249593900863N12203101WA012110127054
B2250003900860N12203097WA012110127136
B2250013900858N12203092WA012110127002
B2250023900855N12203087WA012100126829
B2250033900851N12203082WA012090126530
B2250043900847N12203076WA012070126325
B2250053900843N12203070WA012060126379
B2250063900839N12203065WA012060126477
B2250073900836N12203060WA012070126452
B2250083900833N12203054WA012080126477
B2250093900831N12203049WA012080126511
B2250103900827N12203043WA012090126599
B2250113900824N12203038WA012090126539
B2250123900820N12203034WA012090126550
B2250133900816N12203030WA012090126404
B2250143900811N12203027WA012080126310
B2250153900806N12203023WA012080126355
B2250163900802N12203020WA012070126348
B2250173900799N12203015WA012070126339
B2250183900795N12203010WA012070126238
B2250193900789N12203007WA012060125945
B2250203900783N12203004WA012050125731
B2250213900777N12203000WA012040125622
B2250223900772N12202997WA012040125726
B2250233900767N12202996WA012040125817
B2250243900763N12202998WA012050125904
B2250253900759N12203001WA012040125767
B2250263900757N12203006WA012020125526
B2250273900755N12203012WA012010125384
B2250283900754N12203018WA011990125254
B2250293900753N12203023WA011980125118
B2250303900751N12203029WA011960125112
B2250313900749N12203034WA011950125143
B2250323900747N12203040WA011940125130
B2250333900746N12203046WA011920125085
B2250343900746N12203053WA011910124921
B2250353900746N12203060WA011910124842
B2250363900746N12203066WA011910124847
B2250373900747N12203072WA011910124906
B2250383900747N12203077WA011910125095
B2250393900749N12203082WA011910124961
B2250403900752N12203087WA011910124881
B2250413900757N12203092WA011890124721
B2250423900762N12203095WA011880124587
B2250433900768N12203099WA011870124330
B2250443900773N12203102WA011860124243
B2250453900778N12203105WA011850124374
B2250463900783N12203107WA011860124336
B2250473900788N12203109WA011860124337
B2250483900793N12203111WA011850124363
B2250493900799N12203112WA011850124301
B2250503900805N12203111WA011840124202
B2250513900810N12203108WA011840124132
B2250523900814N12203103WA011830124083
B2250533900818N12203096WA011820124063
B2250543900821N12203088WA011810123825
B2250553900822N12203080WA011810123839
B2250563900822N12203073WA011800123799
B2250573900822N12203066WA011780123688
B2250583900822N12203059WA011780123559
B2250593900822N12203052WA011760123457
B2251003900822N12203045WA011760123446
B2251013900822N12203038WA011750123403
B2251023900821N12203031WA011740123332
B2251033900820N12203024WA011740123250
B2251043900819N12203016WA011730123206
B2251053900817N12203008WA011730123175
B2251063900816N12203000WA011730123081
B2251073900816N12202992WA011730123126
B2251083900815N12202985WA011730123188
B2251093900815N12202979WA011730123122
B2251103900814N12202971WA011720123089
B2251113900814N12202964WA011710122835
B2251123900814N12202956WA011690122624
B2251133900814N12202948WA011670122403
B2251143900813N12202939WA011650122297
B2251153900813N12202930WA011630122079
B2251163900813N12202921WA011600121753
B2251173900813N12202911WA011580121332
B2251183900813N12202901WA011550121045
B2251193900813N12202892WA011530120851
B2251203900813N12202883WA011500120731
B2251213900813N12202874WA011470120565
B2251223900814N12202865WA011450120205
B2251233900814N12202856WA011420119963
B2251243900815N12202846WA011390119658
B2251253900816N12202837WA011360119384
B2251263900818N12202828WA011340119105
B2251273900819N12202819WA011330118929
B2251283900820N12202811WA011310118621
B2251293900820N12202802WA011290118391
B2251303900821N12202793WA011260117922
B2251313900821N12202783WA011220117557
B2251323900821N12202774WA011180117140
B2251333900820N12202764WA011150116731
B2251343900819N12202754WA011110116437
B2251353900818N12202745WA011080116270
B2251363900818N12202735WA011050116225
B2251373900818N12202726WA011040116034
B2251383900818N12202718WA011030115940
B2251393900818N12202709WA011010115647
B2251403900818N12202701WA010990115502
B2251413900817N12202692WA010960115251
B2251423900816N12202682WA010940114940
B2251433900815N12202671WA010910114655
B2251443900814N12202661WA010890114591
B2251453900815N12202651WA010880114473
B2251463900816N12202643WA010890114462
B2251473900817N12202636WA010890114639
B2251483900817N12202631WA010890114793
B2251493900818N12202625WA010890114516
B2251503900818N12202619WA010880114421
B2251513900818N12202612WA010850114152
B2251523900818N12202603WA010840114034
B2251533900818N12202594WA010820113834
B2251543900818N12202585WA010800113704
B2251553900817N12202576WA010780113657
B2251563900816N12202568WA010780113581
B2251573900816N12202560WA010770113409
B2251583900815N12202552WA010760113359
B2251593900814N12202544WA010750113129
B2252003900813N12202535WA010720112928
B2252013900812N12202525WA010700112795
B2252023900811N12202515WA010670112351
B2252033900810N12202504WA010640112081
B2252043900808N12202493WA010610111871
B2252053900807N12202482WA010590111758
B2252063900806N12202472WA010570111518
B2252073900804N12202463WA010570111453
B2252083900803N12202453WA010570111322
B2252093900801N12202443WA010570111203
B2252103900799N12202434WA010580111310
B2252113900797N12202425WA010580111399
B2252123900797N12202418WA010580111321
B2252133900796N12202410WA010590111347
B2252143900795N12202403WA010600111388
B2252153900795N12202397WA010600111409
B2252163900793N12202392WA010610111470
B2252173900792N12202385WA010610111488
B2252183900791N12202378WA010600111376
B2252193900790N12202370WA010590111143
B2252203900788N12202361WA010570110989
B2252213900787N12202353WA010550110817
B2252223900785N12202345WA010540110769
B2252233900784N12202338WA010540110828
B2252243900783N12202331WA010540110822
B2252253900781N12202323WA010540110784
B2252263900780N12202315WA010530110645
B2252273900778N12202307WA010530110567
B2252283900776N12202300WA010530110561
B2252293900774N12202292WA010520110561
B2252303900772N12202284WA010520110698
B2252313900771N12202277WA010510110413
B2252323900769N12202269WA010500110345
B2252333900767N12202261WA010490110126
B2252343900765N12202254WA010480110092
B2252353900764N12202247WA010470110006
B2252363900762N12202241WA010470110041
B2252373900760N12202234WA010460109965
B2252383900758N12202227WA010450109790
B2252393900757N12202219WA010440109511
B2252403900755N12202211WA010430109454
B2252413900753N12202204WA010430109591
B2252423900752N12202197WA010430109542
B2252433900751N12202190WA010440109536
B2252443900750N12202183WA010440109526
B2252453900749N12202176WA010430109413
B2252463900747N12202168WA010420109273
B2252473900746N12202160WA010410109124
B2252483900745N12202152WA010400108903
B2252493900743N12202143WA010380108799
B2252503900742N12202135WA010350108443
B2252513900740N12202126WA010330108170
B2252523900739N12202115WA010300107806
B2252533900737N12202105WA010280107643
B2252543900736N12202095WA010260107433
B2252553900735N12202086WA010250107453
B2252563900734N12202078WA010260107544
B2252573900733N12202070WA010260107665
B2252583900732N12202062WA010250107456
B2252593900731N12202054WA010230107170
B2253003900730N12202044WA010210106999
B2253013900729N12202035WA010180106658
B2253023900728N12202026WA010160106457
B2253033900727N12202017WA010140106369
B2253043900726N12202009WA010130106384
B2253053900726N12202001WA010120106262
B2253063900726N12201992WA010110106030
B2253073900725N12201982WA010100105936
B2253083900724N12201973WA010080105682
B2253093900723N12201963WA010060105579
B2253103900722N12201954WA010050105362
B2253113900721N12201946WA010040105280
B2253123900721N12201938WA010030105040
B2253133900720N12201930WA010010104903
B2253143900719N12201921WA009990104735
B2253153900718N12201912WA009960104342
B2253163900717N12201902WA009940104014
B2253173900715N12201892WA009910103838
B2253183900713N12201883WA009880103735
B2253193900711N12201873WA009860103569
B2253203900710N12201864WA009850103419
B2253213900708N12201855WA009850103377
B2253223900707N12201846WA009840103246
B2253233900706N12201837WA009820103061
B2253243900705N12201827WA009800102829
B2253253900704N12201818WA009780102773
B2253263900704N12201809WA009760102610
B2253273900703N12201799WA009730102655
B2253283900702N12201790WA009710102422
B2253293900700N12201781WA009690102190
B2253303900700N12201772WA009670102045
B2253313900699N12201762WA009650101869
B2253323900699N12201753WA009630101615
B2253333900698N12201743WA009600101483
B2253343900698N12201733WA009590101116
B2253353900697N12201724WA009570101097
B2253363900697N12201716WA009570100883
B2253373900697N12201708WA009560100771
B2253383900698N12201700WA009550100500
B2253393900698N12201691WA009540100429
B2253403900698N12201683WA009540100453
B2253413900699N12201676WA009540100497
B2253423900701N12201669WA009530100316
B2253433900702N12201661WA009520100129
B2253443900703N12201653WA009510099965
B2253453900705N12201644WA009500099824
B2253463900707N12201636WA009500099834
B2253473900709N12201628WA009490099916
B2253483900710N12201621WA009500100035
B2253493900711N12201615WA009500100112
B2253503900711N12201609WA009510100288
B2253513900712N12201604WA009520100345
B2253523900713N12201599WA009530100463
B2253533900714N12201594WA009530100335
B2253543900715N12201588WA009520100266
B2253553900716N12201583WA009510099881
B2253563900717N12201575WA009500099547
B2253573900717N12201568WA009480099335
B2253583900718N12201560WA009470099119
B2253593900719N12201552WA009450098947
B2254003900720N12201545WA009440098885
B2254013900722N12201538WA009430098848
B2254023900724N12201531WA009430098816
B2254033900725N12201524WA009420098753
B2254043900726N12201516WA009420098557
B2254053900727N12201509WA009410098375
B2254063900728N12201502WA009400098373
B2254073900729N12201495WA009390098240
B2254083900729N12201487WA009380098141
B2254093900729N12201479WA009370097986
B2254103900730N12201471WA009350097838
B2254113900731N12201464WA009350097815
B2254123900731N12201456WA009350097757
B2254133900732N12201449WA009350097834
B2254143900732N12201442WA009360097830
B2254153900731N12201435WA009360098073
B2254163900730N12201429WA009380098375
B2254173900728N12201424WA009390098670
B2254183900726N12201418WA009420098707
B2254193900723N12201413WA009440098886
B2254203900719N12201409WA009460099050
B2254213900715N12201405WA009490099215
B2254223900710N12201404WA009520099512
B2254233900705N12201404WA009540099714
B2254243900700N12201406WA009570099906
B2254253900696N12201411WA009600100127
B2254263900693N12201418WA009620100224
B2254273900691N12201425WA009640100683
B2254283900692N12201432WA009660100924
B2254293900694N12201438WA009680101107
B2254303900697N12201444WA009690101324
B2254313900701N12201449WA009700101541
B2254323900706N12201452WA009710101677
B2254333900713N12201452WA009720101646
B2254343900718N12201451WA009730101633
B2254353900722N12201447WA009740101735
B2254363900724N12201442WA009760101964
B2254373900725N12201437WA009780102270
B2254383900725N12201432WA009800102500
B2254393900723N12201427WA009830102857
B2254403900721N12201423WA009850103109
B2254413900717N12201420WA009870103473
B2254423900714N12201416WA009900103647
B2254433900709N12201414WA009920103874
B2254443900704N12201414WA009940103973
B2254453900699N12201416WA009970104158
B2254463900695N12201421WA009980104312
B2254473900691N12201427WA009990104580
B2254483900690N12201434WA010010104721
B2254493900690N12201440WA010020105009
B2254503900691N12201447WA010040105247
B2254513900694N12201453WA010060105438
B2254523900698N12201458WA010070105571
B2254533900703N12201461WA010080105662
B2254543900709N12201463WA010090105702
B2254553900714N12201463WA010110105936
B2254563900719N12201462WA010120106115
B2254573900723N12201460WA010140106320
B2254583900726N12201455WA010160106625
B2254593900728N12201450WA010180106701
B2255003900727N12201443WA010190106894
B2255013900727N12201436WA010200106909
B2255023900724N12201430WA010220107177
B2255033900722N12201426WA010240107400
B2255043900718N12201422WA010270107781
B2255053900715N12201420WA010290107910
B2255063900710N12201419WA010310108182
B2255073900706N12201419WA010330108204
B2255083900700N12201420WA010340108389
B2255093900695N12201424WA010340108490
B2255103900691N12201428WA010350108504
B2255113900687N12201433WA010360108688
B2255123900685N12201440WA010380108820
B2255133900683N12201446WA010390109013
B2255143900682N12201452WA010410109109
B2255153900682N12201459WA010420109217
B2255163900683N12201466WA010430109234
B2255173900685N12201471WA010440109398
B2255183900689N12201476WA010440109370
B2255193900694N12201479WA010440109322
B2255203900699N12201480WA010440109324
B2255213900704N12201479WA010440109266
B2255223900709N12201477WA010440109353
B2255233900713N12201473WA010450109457
B2255243900715N12201469WA010460109560
B2255253900716N12201463WA010470109652
B2255263900715N12201458WA010490109861
B2255273900714N12201452WA010500109812
B2255283900713N12201446WA010520110074
B2255293900714N12201440WA010530110007
B2255303900714N12201435WA010540110182
B2255313900714N12201429WA010550110283
B2255323900713N12201424WA010550110306
B2255333900709N12201420WA010560110358
B2255343900704N12201418WA010570110395
B2255353900699N12201418WA010570110354
B2255363900693N12201419WA010580110478
B2255373900688N12201423WA010590110664
B2255383900684N12201429WA010600110692
B2255393900682N12201435WA010610110846
B2255403900681N12201443WA010620111013
B2255413900681N12201451WA010630111094
B2255423900683N12201458WA010640111176
B2255433900686N12201465WA010640111152
B2255443900690N12201470WA010650111234
B2255453900694N12201474WA010650111276
B2255463900700N12201477WA010660111314
B2255473900705N12201477WA010670111558
B2255483900710N12201475WA010680111735
B2255493900714N12201471WA010690111706
B2255503900716N12201466WA010680111857
B2255513900717N12201461WA010690111871
B2255523900716N12201455WA010700111835
B2255533900715N12201449WA010700112019
B2255543900713N12201445WA010720112040
B2255553900711N12201440WA010730112382
B2255563900710N12201435WA010740112475
B2255573900709N12201430WA010760112602
B2255583900707N12201424WA010780112733
B2255593900702N12201421WA010790112780
B2256003900697N12201419WA010800112821
B2256013900691N12201420WA010800112734
B2256023900685N12201423WA010810112739
B2256033900680N12201429WA010820112876
B2256043900677N12201435WA010830113039
B2256053900676N12201442WA010850113186
B2256063900675N12201449WA010860113395
B2256073900678N12201455WA010880113426
B2256083900680N12201461WA010880113547
B2256093900684N12201466WA010880113577
B2256103900689N12201469WA010870113659
B2256113900695N12201472WA010870113501
B2256123900700N12201472WA010870113536
B2256133900705N12201470WA010870113619
B2256143900708N12201468WA010880113781
B2256153900712N12201464WA010880113803
B2256163900713N12201459WA010880113730
B2256173900713N12201453WA010880113745
B2256183900712N12201446WA010880113897
B2256193900711N12201439WA010870113889
B2256203900711N12201433WA010880113903
B2256213900708N12201428WA010890114002
B2256223900704N12201424WA010900114121
B2256233900699N12201421WA010910114108
B2256243900693N12201421WA010920114130
B2256253900687N12201422WA010930114034
B2256263900681N12201426WA010930114053
B2256273900677N12201432WA010930113971
B2256283900674N12201438WA010930114198
B2256293900674N12201445WA010940114149
B2256303900675N12201452WA010940114102
B2256313900677N12201457WA010940114107
B2256323900680N12201462WA010930114065
B2256333900684N12201465WA010930114074
B2256343900690N12201466WA010920114078
B2256353900695N12201465WA010910114075
B2256363900700N12201462WA010900113973
B2256373900703N12201456WA010900113962
B2256383900706N12201450WA010900113916
B2256393900707N12201444WA010910114125
B2256403900707N12201438WA010910114251
B2256413900706N12201431WA010920114359
B2256423900705N12201426WA010920114211
B2256433900703N12201419WA010930114372
B2256443900702N12201412WA010930114474
B2256453900702N12201405WA010940114556
B2256463900702N12201398WA010940114679
B2256473900702N12201392WA010950114700
B2256483900700N12201385WA010960114880
B2256493900699N12201378WA010980115064
B2256503900697N12201371WA010990115169
B2256513900695N12201365WA011010115309
B2256523900690N12201360WA011020115391
B2256533900685N12201356WA011020115316
B2256543900678N12201356WA011020115274
B2256553900673N12201359WA011010115204
B2256563900668N12201364WA011010115246
B2256573900665N12201371WA011010115223
B2256583900663N12201378WA011010115251
B2256593900663N12201384WA011010115376
B2257003900665N12201390WA011010115343
B2257013900667N12201395WA011010115391
B2257023900671N12201398WA011000115374
B2257033900676N12201402WA011000115321
B2257043900681N12201404WA011000115301
B2257053900685N12201404WA011010115348
B2257063900690N12201403WA011020115427
B2257073900694N12201401WA011020115555
B2257083900698N12201397WA011030115657
B2257093900701N12201393WA011040115751
B2257103900703N12201387WA011050115704
B2257113900703N12201380WA011060115794
B2257123900703N12201373WA011060115818
B2257133900700N12201366WA011060115827
B2257143900696N12201359WA011070115997
B2257153900692N12201354WA011080115943
B2257163900687N12201351WA011090116051
B2257173900682N12201349WA011100116178
B2257183900677N12201350WA011110116164
B2257193900671N12201351WA011110116289
B2257203900666N12201354WA011100116267
B2257213900662N12201359WA011100116124
B2257223900658N12201364WA011100116191
B2257233900656N12201370WA011090115984
B2257243900656N12201377WA011080115867
B2257253900657N12201385WA011070115641
B2257263900660N12201391WA011060115606
B2257273900663N12201396WA011050115649
B2257283900668N12201398WA011050115627
B2257293900672N12201400WA011040115465
B2257303900677N12201399WA011040115466
B2257313900681N12201396WA011040115494
B2257323900685N12201391WA011030115542
B2257333900687N12201384WA011030115411
B2257343900688N12201376WA011030115264
B2257353900689N12201368WA011030115397
B2257363900691N12201361WA011040115457
B2257373900692N12201355WA011040115672
B2257383900694N12201348WA011050115856
B2257393900695N12201341WA011050115785
B2257403900696N12201334WA011060115643
B2257413900696N12201326WA011060115679
B2257423900697N12201319WA011060115678
B2257433900698N12201313WA011070115698
B2257443900700N12201307WA011070115877
B2257453900702N12201302WA011070115883
B2257463900705N12201296WA011070115850
B2257473900708N12201288WA011070115607
B2257483900710N12201281WA011060115574
B2257493900713N12201273WA011060115587
B2257503900717N12201266WA011050115528
B2257513900720N12201259WA011050115535
B2257523900723N12201252WA011060115646
B2257533900726N12201246WA011070115846
B2257543900729N12201241WA011080116037
B2257553900732N12201236WA011090116128
B2257563900734N12201231WA011090116064
B2257573900737N12201225WA011080115915
B2257583900739N12201218WA011070115766
B2257593900742N12201211WA011070115626
B2258003900744N12201205WA011060115694
B2258013900747N12201199WA011060115633
B2258023900749N12201193WA011060115764
B2258033900752N12201187WA011060115714
B2258043900754N12201181WA011050115635
B2258053900756N12201175WA011050115672
B2258063900759N12201169WA011050115542
B2258073900762N12201164WA011050115502
B2258083900764N12201159WA011050115564
B2258093900767N12201154WA011050115573
B2258103900770N12201148WA011040115474
B2258113900774N12201142WA011030115304
B2258123900777N12201136WA011030115345
B2258133900780N12201130WA011030115336
B2258143900782N12201124WA011030115479
B2258153900784N12201120WA011030115460
B2258163900786N12201114WA011030115508
B2258173900787N12201109WA011040115588
B2258183900789N12201105WA011040115681
B2258193900792N12201100WA011030115500
B2258203900794N12201093WA011030115408
B2258213900795N12201087WA011020115391
B2258223900797N12201080WA011020115280
B2258233900799N12201073WA011030115473
B2258243900800N12201067WA011040115592
B2258253900802N12201061WA011050115804
B2258263900803N12201055WA011070115955
B2258273900805N12201049WA011080115924
B2258283900806N12201042WA011090115984
B2258293900808N12201035WA011100116062
B2258303900810N12201027WA011100116078
B2258313900813N12201020WA011100116123
B2258323900815N12201013WA011110116291
B2258333900818N12201006WA011110116377
B2258343900821N12201000WA011120116356
B2258353900823N12200994WA011130116375
B2258363900826N12200987WA011130116312
B2258373900828N12200979WA011140116316
B2258383900830N12200972WA011140116431
B2258393900832N12200964WA011150116661
B2258403900835N12200956WA011160116716
B2258413900837N12200949WA011170116938
B2258423900839N12200942WA011180116928
B2258433900841N12200935WA011180117068
B2258443900844N12200928WA011180116916
B2258453900847N12200921WA011180116903
B2258463900849N12200914WA011180116872
B2258473900852N12200907WA011180116837
B2258483900855N12200901WA011190116911
B2258493900858N12200894WA011190117127
B2258503900861N12200888WA011190117043
B2258513900864N12200881WA011190116918
B2258523900866N12200874WA011180116887
B2258533900869N12200867WA011160116602
B2258543900870N12200859WA011140116465
B2258553900872N12200851WA011110116281
B2258563900875N12200842WA011090116005
B2258573900877N12200833WA011070115706
B2258583900879N12200824WA011040115532
B2258593900881N12200814WA011020115234
B2259003900883N12200804WA011000115033
B2259013900884N12200794WA010980114923
B2259023900886N12200785WA010970114813
B2259033900888N12200776WA010970114715
B2259043900890N12200768WA010960114513
B2259053900892N12200759WA010950114400
B2259063900893N12200749WA010930114243
B2259073900895N12200740WA010910114002
B2259083900896N12200730WA010890113914
B2259093900898N12200720WA010860113884
B2259103900901N12200711WA010840113714
B2259113900902N12200702WA010830113599
B2259123900905N12200694WA010810113505
B2259133900906N12200685WA010800113378
B2259143900907N12200676WA010790113256
B2259153900908N12200667WA010780113131
B2259163900910N12200657WA010760113015
B2259173900912N12200648WA010750112903
B2259183900914N12200638WA010730112803
B2259193900916N12200628WA010710112515
B2259203900918N12200618WA010700112432
B2259213900919N12200607WA010690112169
B2259223900920N12200598WA010680112065
B2259233900920N12200588WA010660112045
B2259243900919N12200579WA010640111970
B2259253900919N12200569WA010620111760
B2259263900919N12200559WA010610111616
B2259273900919N12200549WA010590111518
B2259283900917N12200539WA010570111559
B2259293900917N12200529WA010560111185
B2259303900918N12200520WA010550111131
B2259313900918N12200511WA010550111161
B2259323900918N12200503WA010540110974
B2259333900918N12200495WA010530110884
B2259343900918N12200487WA010510110781
B2259353900919N12200478WA010490110620
B2259363900921N12200467WA010460110419
B2259373900921N12200457WA010440110291
B2259383900923N12200446WA010410109933
B2259393900924N12200437WA010380109870
B2259403900926N12200427WA010360109617
B2259413900928N12200418WA010330109212
B2259423900930N12200408WA010310109055
B2259433900933N12200398WA010290108724
B2259443900936N12200388WA010280108633
B2259453900939N12200378WA010280108581
B2259463900943N12200367WA010280108429
B2259473900945N12200357WA010270108353
B2259483900947N12200347WA010260108145
B2259493900949N12200337WA010250107996
B2259503900952N12200327WA010240107818
B2259513900954N12200318WA010240107782
B2259523900957N12200309WA010240107732
B2259533900959N12200300WA010240107668
B2259543900961N12200292WA010250107524
B2259553900961N12200284WA010260107669
B2259563900961N12200277WA010270107708
B2259573900960N12200271WA010280108095
B2259583900961N12200265WA010280108123
B2259593900961N12200259WA010280107915
B2300003900962N12200253WA010270107723
B2300013900963N12200246WA010260107598
B2300023900966N12200238WA010240107338
B2300033900969N12200230WA010220106910
B2300043900970N12200220WA010200106795
B2300053900971N12200211WA010180106798
B2300063900972N12200203WA010190106838
B2300073900972N12200196WA010200107060
B2300083900972N12200190WA010210107182
B2300093900973N12200183WA010210107168
B2300103900974N12200176WA010210107088
B2300113900976N12200169WA010200106962
B2300123900978N12200161WA010190106851
B2300133900979N12200153WA010180106771
B2300143900980N12200144WA010180106768
B2300153900981N12200137WA010180106762
B2300163900982N12200129WA010180106797
B2300173900984N12200122WA010170106695
B2300183900987N12200115WA010170106521
B2300193900989N12200107WA010160106481
B2300203900992N12200099WA010140106423
B2300213900995N12200091WA010130106303
B2300223900997N12200084WA010120106268
B2300233900999N12200079WA010120106351
B2300243901001N12200073WA010120106327
B2300253901003N12200068WA010120106249
B2300263901006N12200063WA010120106104
B2300273901008N12200057WA010120106085
B2300283901012N12200052WA010120106038
B2300293901015N12200048WA010130106189
B2300303901018N12200045WA010130106382
B2300313901022N12200041WA010140106432
B2300323901025N12200037WA010160106542
B2300333901028N12200033WA010170106693
B2300343901032N12200029WA010190106750
B2300353901036N12200024WA010200106819
B2300363901039N12200020WA010220106931
B2300373901039N12200014WA010230107081
B2300383901038N12200007WA010250107188
B2300393901036N12200001WA010260107374
B2300403901032N12159996WA010260107451
B2300413901026N12159991WA010260107569
B2300423901020N12159991WA010260107426
B2300433901014N12159994WA010270107437
B2300443901009N12200000WA010270107573
B2300453901006N12200007WA010270107452
B2300463901005N12200014WA010280107694
B2300473901006N12200020WA010290107737
B2300483901009N12200025WA010300107833
B2300493901012N12200028WA010310107972
B2300503901016N12200029WA010330108080
B2300513901021N12200028WA010340108006
B2300523901025N12200026WA010350108101
B2300533901028N12200021WA010360108147
B2300543901030N12200015WA010360108239
B2300553901031N12200009WA010370108201
B2300563901030N12200002WA010370108331
B2300573901028N12159995WA010380108329
B2300583901025N12159990WA010390108540
B2300593901020N12159984WA010400108698
B2301003901015N12159981WA010420108885
B2301013901010N12159979WA010430109014
B2301023901003N12159979WA010440109167
B2301033900997N12159982WA010460109172
B2301043900992N12159986WA010470109379
B2301053900988N12159992WA010480109572
B2301063900985N12159998WA010480109664
B2301073900983N12200004WA010490109885
B2301083900983N12200010WA010500110018
B2301093900983N12200016WA010510110145
B2301103900984N12200022WA010510110132
B2301113900988N12200026WA010510110107
B2301123900992N12200029WA010510110161
B2301133900998N12200029WA010510110019
B2301143901003N12200029WA010510110164
B2301153901008N12200028WA010510110182
B2301163901012N12200027WA010520110280
B2301173901017N12200024WA010530110339
B2301183901020N12200021WA010530110372
B2301193901023N12200015WA010530110376
B2301203901025N12200008WA010530110287
B2301213901026N12200000WA010530110389
B2301223901025N12159993WA010530110374
B2301233901023N12159985WA010530110366
B2301243901020N12159977WA010530110329
B2301253901016N12159971WA010540110344
B2301263901011N12159966WA010540110440
B2301273901005N12159963WA010550110567
B2301283900998N12159963WA010560110595
B2301293900992N12159965WA010570110660
B2301303900986N12159968WA010580110594
B2301313900982N12159972WA010580110616
B2301323900979N12159978WA010590110704
B2301333900977N12159984WA010600110886
B2301343900978N12159990WA010600110940
B2301353900980N12159994WA010610111047
B2301363900983N12159998WA010610111126
B2301373900987N12200001WA010610111126
B2301383900991N12200002WA010610111198
B2301393900997N12200002WA010610111031
B2301403901002N12159999WA010610111043
B2301413901006N12159995WA010610111097
B2301423901011N12159991WA010610111102
B2301433901014N12159985WA010610111158
B2301443901016N12159978WA010620111062
B2301453901017N12159969WA010620111069
B2301463901017N12159961WA010620111118
B2301473901015N12159953WA010630111248
B2301483901012N12159947WA010640111349
B2301493901008N12159942WA010650111668
B2301503901004N12159938WA010670111754
B2301513900999N12159935WA010680111793
B2301523900992N12159933WA010690111785
B2301533900985N12159932WA010690111798
B2301543900978N12159934WA010690111580
B2301553900972N12159937WA010690111650
B2301563900967N12159940WA010700111839
B2301573900963N12159945WA010700112074
B2301583900960N12159950WA010710112174
B2301593900958N12159956WA010710112183
B2302003900958N12159962WA010700112119
B2302013900958N12159969WA010700112037
B2302023900959N12159976WA010700111960
B2302033900962N12159981WA010700112021
B2302043900965N12159984WA010700112164
B2302053900969N12159985WA010710112295
B2302063900974N12159984WA010710112286
B2302073900979N12159982WA010710112141
B2302083900983N12159978WA010700112071
B2302093900987N12159972WA010690111822
B2302103900990N12159965WA010690111814
B2302113900992N12159958WA010690111849
B2302123900993N12159952WA010690112074
B2302133900993N12159945WA010700112188
B2302143900993N12159939WA010710112210
B2302153900990N12159932WA010720112393
B2302163900987N12159925WA010730112479
B2302173900983N12159919WA010740112547
B2302183900978N12159915WA010750112551
B2302193900973N12159912WA010760112600
B2302203900967N12159910WA010780112748
B2302213900961N12159911WA010770112735
B2302223900955N12159913WA010770112662
B2302233900949N12159916WA010770112596
B2302243900945N12159921WA010760112465
B2302253900942N12159927WA010760112482
B2302263900941N12159933WA010750112493
B2302273900942N12159939WA010750112530
B2302283900944N12159943WA010750112429
B2302293900946N12159947WA010740112477
B2302303900950N12159949WA010740112439
B2302313900953N12159951WA010730112474
B2302323900957N12159951WA010730112321
B2302333900961N12159945WA010710112377
B2302343900965N12159940WA010700112098
B2302353900969N12159934WA010700112069
B2302363900971N12159928WA010700112168
B2302373900973N12159923WA010710112110
B2302383900973N12159916WA010710112136
B2302393900973N12159910WA010720112035
B2302403900972N12159903WA010730112150
B2302413900970N12159896WA010740112150
B2302423900968N12159889WA010740112216
B2302433900964N12159883WA010740112347
B2302443900959N12159878WA010740112388
B2302453900954N12159875WA010740112336
B2302463900948N12159873WA010740112252
B2302473900943N12159872WA010730112128
B2302483900938N12159874WA010730112189
B2302493900933N12159878WA010720111984
B2302503900929N12159881WA010710111935
B2302513900925N12159886WA010700111955
B2302523900922N12159892WA010690111773
B2302533900920N12159898WA010680111753
B2302543900919N12159904WA010670111741
B2302553900919N12159909WA010660111566
B2302563900921N12159914WA010660111515
B2302573900923N12159917WA010650111574
B2302583900926N12159919WA010640111489
B2302593900930N12159922WA010630111200
B2303003900933N12159924WA010620111234
B2303013900936N12159927WA010610111184
B2303023900940N12159929WA010590111057
B2303033900944N12159931WA010580110970
B2303043900949N12159931WA010560110914
B2303053900953N12159931WA010540110790
B2303063900958N12159929WA010530110683
B2303073900963N12159926WA010520110553
B2303083900968N12159923WA010510110542
B2303093900973N12159921WA010510110461
B2303103900978N12159919WA010510110322
B2303113900983N12159916WA010510110537
B2303123900987N12159914WA010520110491
B2303133900992N12159910WA010520110515
B2303143900996N12159906WA010530110525
B2303153901000N12159902WA010540110615
B2303163901004N12159898WA010550110820
B2303173901008N12159894WA010560110810
B2303183901011N12159888WA010570110825
B2303193901012N12159882WA010570110756
B2303203901013N12159876WA010560110720
B2303213901011N12159868WA010560110792
B2303223901008N12159860WA010560110789
B2303233901004N12159855WA010560110844
B2303243900997N12159852WA010570110897
B2303253900991N12159852WA010570110966
B2303263900985N12159854WA010580110811
B2303273900979N12159856WA010590110947
B2303283900974N12159860WA010600111060
B2303293900970N12159864WA010610111150
B2303303900967N12159869WA010620111253
B2303313900965N12159875WA010620111316
B2303323900965N12159882WA010620111235
B2303333900967N12159889WA010620111120
B2303343900970N12159894WA010610111101
B2303353900974N12159898WA010610111010
B2303363900978N12159901WA010620111132
B2303373900983N12159901WA010620111113
B2303383900987N12159899WA010620111085
B2303393900991N12159896WA010620111193
B2303403900996N12159891WA010620111211
B2303413900998N12159884WA010620111169
B2303423900999N12159878WA010630111201
B2303433900998N12159871WA010630111210
B2303443900996N12159864WA010640111252
B2303453900993N12159858WA010640111342
B2303463900988N12159852WA010650111435
B2303473900983N12159848WA010660111412
B2303483900977N12159845WA010670111572
B2303493900971N12159843WA010680111666
B2303503900965N12159844WA010690111550
B2303513900959N12159845WA010680111558
B2303523900954N12159848WA010680111557
B2303533900950N12159853WA010680111521
B2303543900946N12159858WA010690111574
B2303553900945N12159864WA010680111530
B2303563900944N12159869WA010680111565
B2303573900945N12159875WA010680111406
B2303583900946N12159881WA010670111476
B2303593900949N12159887WA010670111492
B2304003900953N12159892WA010660111362
B2304013900958N12159894WA010660111307
B2304023900962N12159896WA010660111446
B2304033900966N12159897WA010660111493
B2304043900971N12159896WA010660111475
B2304053900976N12159894WA010650111356
B2304063900981N12159890WA010650111046
B2304073900985N12159885WA010640110960
B2304083900988N12159878WA010630110874
B2304093900990N12159871WA010630110975
B2304103900990N12159864WA010630110990
B2304113900989N12159857WA010640111052
B2304123900986N12159851WA010650111399
B2304133900983N12159846WA010660111496
B2304143900978N12159843WA010660111551
B2304153900972N12159840WA010660111491
B2304163900966N12159837WA010660111437
B2304173900959N12159836WA010660111459
B2304183900953N12159837WA010660111439
B2304193900947N12159839WA010680111559
B2304203900942N12159842WA010690111651
B2304213900937N12159844WA010700111767
B2304223900932N12159848WA010700111881
B2304233900928N12159852WA010700111838
B2304243900925N12159859WA010690111825
B2304253900923N12159866WA010680111910
B2304263900922N12159872WA010670111808
B2304273900923N12159879WA010660111804
B2304283900925N12159885WA010650111762
B2304293900929N12159889WA010640111799
B2304303900934N12159891WA010620111777
B2304313900940N12159892WA010610111627
B2304323900945N12159892WA010600111497
B2304333900950N12159892WA010590111306
B2304343900954N12159891WA010590111381
B2304353900958N12159888WA010590111280
B2304363900963N12159883WA010580111125
B2304373900967N12159876WA010570111159
B2304383900971N12159869WA010550110814
B2304393900974N12159861WA010540110802
B2304403900976N12159853WA010530110722
B2304413900978N12159845WA010540110802
B2304423900980N12159838WA010540110701
B2304433900981N12159831WA010550110872
B2304443900983N12159825WA010570110970
B2304453900985N12159819WA010580111031
B2304463900987N12159813WA010600111150
B2304473900990N12159809WA010610111112
B2304483900993N12159806WA010620111163
B2304493900997N12159804WA010620111270
B2304503901001N12159804WA010620111173
B2304513901005N12159806WA010620111162
B2304523901009N12159808WA010620111154
B2304533901009N12159814WA010630111176
B2304543901008N12159820WA010640111339
B2304553901005N12159826WA010660111595
B2304563901001N12159830WA010670111772
B2304573900996N12159834WA010680111743
B2304583900991N12159837WA010690111879
B2304593900986N12159838WA010710111997
B2305003900981N12159837WA010720112039
B2305013900976N12159835WA010720112006
B2305023900970N12159831WA010710112006
B2305033900965N12159825WA010700111929
B2305043900960N12159819WA010700112078
B2305053900957N12159812WA010710112167
B2305063900955N12159804WA010710112397
B2305073900955N12159797WA010720112415
B2305083900955N12159790WA010730112591
B2305093900957N12159783WA010740112453
B2305103900959N12159777WA010740112593
B2305113900963N12159772WA010740112404
B2305123900966N12159768WA010730112313
B2305133900969N12159765WA010720112393
B2305143900974N12159763WA010710112310
B2305153900979N12159761WA010710112208
B2305163900983N12159761WA010700112255
B2305173900987N12159762WA010700112182
B2305183900990N12159764WA010700112070
B2305193900994N12159767WA010700111920
B2305203900997N12159770WA010710111910
B2305213900999N12159773WA010720112176
B2305223901001N12159777WA010720112382
B2305233901002N12159780WA010730112387
B2305243901002N12159785WA010740112393
B2305253901002N12159790WA010740112474
B2305263901000N12159795WA010750112441
B2305273900997N12159799WA010750112562
B2305283900991N12159802WA010750112796
B2305293900986N12159805WA010750112661
B2305303900980N12159806WA010740112566
B2305313900974N12159806WA010740112534
B2305323900967N12159804WA010730112496
B2305333900961N12159801WA010720112360
B2305343900956N12159796WA010710112448
B2305353900951N12159791WA010710112566
B2305363900947N12159785WA010700112461
B2305373900943N12159777WA010690112395
B2305383900941N12159768WA010690112218
B2305393900939N12159759WA010680112109
B2305403900936N12159751WA010690112295
B2305413900937N12159743WA010700112175
B2305423900939N12159737WA010700112220
B2305433900942N12159730WA010700112214
B2305443900944N12159724WA010690112083
B2305453900947N12159718WA010680112040
B2305463900950N12159712WA010660111834
B2305473900955N12159707WA010640111625
B2305483900960N12159704WA010630111553
B2305493900966N12159702WA010610111220
B2305503900971N12159700WA010580111082
B2305513900977N12159699WA010560110704
B2305523900981N12159700WA010540110691
B2305533900986N12159702WA010530110462
B2305543900990N12159704WA010520110349
B2305553900994N12159708WA010520110250
B2305563900997N12159712WA010520110192
B2305573901000N12159717WA010520110261
B2305583901002N12159721WA010520110195
B2305593901004N12159726WA010520110147
B2306003901003N12159731WA010530110261
B2306013901000N12159736WA010530110292
B2306023900997N12159740WA010530110248
B2306033900993N12159744WA010530110299
B2306043900990N12159749WA010530110200
B2306053900986N12159752WA010540110311
B2306063900982N12159755WA010540110322
B2306073900977N12159758WA010540110356
B2306083900972N12159760WA010530110222
B2306093900966N12159760WA010530110244
B2306103900960N12159758WA010530110323
B2306113900954N12159754WA010520110466
B2306123900949N12159749WA010510110577
B2306133900945N12159743WA010500110516
B2306143900942N12159736WA010480110215
B2306153900939N12159727WA010460110062
B2306163900938N12159717WA010430109974
B2306173900940N12159709WA010410109601
B2306183900942N12159700WA010400109608
B2306193900944N12159691WA010400109538
B2306203900946N12159684WA010390109560
B2306213900948N12159676WA010390109433
B2306223900950N12159667WA010370109369
B2306233900952N12159659WA010360109297
B2306243900955N12159651WA010340108946
B2306253900957N12159643WA010320108799
B2306263900960N12159636WA010300108631
B2306273900962N12159628WA010280108562
B2306283900965N12159621WA010260108476
B2306293900968N12159614WA010250108242
B2306303900971N12159607WA010230108167
B2306313900975N12159600WA010210107906
B2306323900978N12159593WA010190107612
B2306333900981N12159585WA010180107430
B2306343900984N12159576WA010160107160
B2306353900988N12159567WA010140106971
B2306363900992N12159557WA010120106737
B2306373900996N12159548WA010100106313
B2306383901001N12159540WA010090106235
B2306393901006N12159533WA010090106231
B2306403901010N12159526WA010090106322
B2306413901013N12159518WA010070106087
B2306423901017N12159511WA010050105785
B2306433901023N12159503WA010030105633
B2306443901027N12159495WA010010105391
B2306453901032N12159487WA009990105169
B2306463901037N12159480WA009980105119
B2306473901041N12159474WA009970105053
B2306483901045N12159469WA009980105049
B2306493901049N12159465WA009980104924
B2306503901053N12159460WA009980104916
B2306513901056N12159455WA009970104883
B2306523901060N12159449WA009960104759
B2306533901063N12159443WA009950104781
B2306543901066N12159436WA009940104761
B2306553901068N12159431WA009930104512
B2306563901069N12159425WA009930104614
B2306573901070N12159420WA009930104660
B2306583901072N12159414WA009930104640
B2306593901074N12159408WA009920104540
B2307003901075N12159400WA009900104444
B2307013901075N12159393WA009890104314
B2307023901075N12159386WA009880104142
B2307033901076N12159379WA009870104167
B2307043901078N12159373WA009860104003
B2307053901079N12159366WA009840103644
B2307063901081N12159358WA009810103174
B2307073901085N12159350WA009780102813
B2307083901087N12159341WA009750102465
B2307093901091N12159333WA009720102103
B2307103901094N12159325WA009690101879
B2307113901098N12159319WA009660101521
B2307123901101N12159312WA009630101366
B2307133901105N12159306WA009600101161
B2307143901109N12159299WA009570100812
B2307153901113N12159292WA009540100323
B2307163901118N12159286WA009510100020
B2307173901123N12159280WA009480099682
B2307183901129N12159274WA009470099347
B2307193901134N12159268WA009460099083
B2307203901140N12159262WA009450098921
B2307213901145N12159255WA009440098709
B2307223901150N12159250WA009430098704
B2307233901154N12159244WA009420098626
B2307243901158N12159238WA009400098746
B2307253901162N12159232WA009390098764
B2307263901167N12159226WA009360098551
B2307273901172N12159219WA009340098325
B2307283901177N12159213WA009320098191
B2307293901183N12159206WA009310097977
B2307303901188N12159199WA009320097978
B2307313901193N12159194WA009320098162
B2307323901197N12159188WA009330098286
B2307333901202N12159183WA009330098358
B2307343901207N12159178WA009320098305
B2307353901211N12159172WA009320098359
B2307363901215N12159167WA009320098304
B2307373901218N12159162WA009310098252
B2307383901221N12159157WA009320098270
B2307393901225N12159152WA009310098202
B2307403901228N12159147WA009300098144
B2307413901231N12159142WA009280097932
B2307423901234N12159136WA009270097832
B2307433901236N12159129WA009260097669
B2307443901239N12159124WA009250097641
B2307453901241N12159118WA009260097668
B2307463901243N12159113WA009260097697
B2307473901246N12159108WA009270097655
B2307483901249N12159103WA009270097632
B2307493901252N12159097WA009260097624
B2307503901255N12159091WA009260097621
B2307513901258N12159084WA009260097603
B2307523901261N12159077WA009270097659
B2307533901264N12159072WA009270097650
B2307543901267N12159065WA009280097705
B2307553901270N12159059WA009290097810
B2307563901273N12159052WA009300097906
B2307573901275N12159046WA009300098062
B2307583901278N12159039WA009310098005
B2307593901280N12159032WA009300097969
B2308003901283N12159026WA009300098025
B2308013901286N12159020WA009300097924
B2308023901289N12159014WA009300097912
B2308033901291N12159007WA009290097997
B2308043901295N12159001WA009300097802
B2308053901298N12158994WA009300097829
B2308063901301N12158989WA009310098023
B2308073901303N12158983WA009330098278
B2308083901305N12158978WA009340098451
B2308093901305N12158971WA009350098567
B2308103901304N12158964WA009360098465
B2308113901302N12158957WA009360098447
B2308123901298N12158952WA009360098483
B2308133901295N12158947WA009350098419
B2308143901291N12158945WA009350098342
B2308153901287N12158944WA009350098347
B2308163901283N12158946WA009340098331
B2308173901279N12158950WA009330098331
B2308183901276N12158955WA009320098189
B2308193901276N12158963WA009300098021
B2308203901277N12158969WA009290097981
B2308213901279N12158974WA009290097898
B2308223901282N12158980WA009290097820
B2308233901284N12158984WA009300097987
B2308243901288N12158988WA009310097930
B2308253901292N12158991WA009320097944
B2308263901297N12158992WA009330098148
B2308273901302N12158993WA009330098253
B2308283901307N12158992WA009340098393
B2308293901312N12158990WA009340098370
B2308303901317N12158984WA009330098238
B2308313901320N12158977WA009330098146
B2308323901322N12158970WA009340098120
B2308333901322N12158962WA009340098082
B2308343901321N12158955WA009340098140
B2308353901318N12158948WA009330098087
B2308363901315N12158943WA009330097937
B2308373901311N12158938WA009320097808
B2308383901306N12158936WA009320097736
B2308393901301N12158936WA009320097888
B2308403901298N12158939WA009310097713
B2308413901295N12158943WA009300097539
B2308423901293N12158950WA009290097500
B2308433901291N12158956WA009280097564
B2308443901290N12158963WA009260097491
B2308453901289N12158970WA009250097391
B2308463901289N12158977WA009240097241
B2308473901289N12158983WA009240097288
B2308483901292N12158989WA009250097305
B2308493901295N12158994WA009250097364
B2308503901300N12158998WA009260097330
B2308513901305N12158999WA009260097432
B2308523901310N12158997WA009270097519
B2308533901314N12158993WA009280097587
B2308543901319N12158988WA009290097514
B2308553901321N12158983WA009290097681
B2308563901323N12158977WA009290097738
B2308573901322N12158971WA009280097799
B2308583901320N12158965WA009280097536
B2308593901315N12158960WA009270097491
B2309003901310N12158956WA009270097415
B2309013901304N12158954WA009270097596
B2309023901299N12158954WA009280097679
B2309033901295N12158957WA009280097694
B2309043901292N12158960WA009280097648
B2309053901290N12158965WA009260097516
B2309063901288N12158973WA009250097502
B2309073901287N12158981WA009230097441
B2309083901288N12158989WA009220097320
B2309093901289N12158996WA009210097263
B2309103901291N12159003WA009210097283
B2309113901294N12159008WA009210097238
B2309123901298N12159014WA009220097008
B2309133901302N12159019WA009220097087
B2309143901308N12159022WA009230097009
B2309153901312N12159023WA009220097094
B2309163901317N12159021WA009220097085
B2309173901322N12159017WA009210096859
B2309183901326N12159013WA009190096643
B2309193901329N12159008WA009180096531
B2309203901331N12159002WA009170096443
B2309213901332N12158996WA009160096404
B2309223901331N12158989WA009150096327
B2309233901330N12158982WA009150096245
B2309243901329N12158975WA009160096254
B2309253901330N12158969WA009160096405
B2309263901331N12158964WA009170096502
B2309273901332N12158958WA009180096559
B2309283901333N12158953WA009180096592
B2309293901335N12158947WA009180096402
B2309303901336N12158941WA009190096473
B2309313901338N12158935WA009190096544
B2309323901340N12158930WA009190096566
B2309333901343N12158925WA009180096544
B2309343901346N12158919WA009180096516
B2309353901348N12158913WA009170096460
B2309363901350N12158905WA009170096498
B2309373901353N12158899WA009180096401
B2309383901355N12158892WA009190096656
B2309393901357N12158886WA009200096864
B2309403901359N12158880WA009220097078
B2309413901361N12158875WA009240097251
B2309423901363N12158869WA009270097408
B2309433901365N12158864WA009290097608
B2309443901367N12158860WA009310097801
B2309453901369N12158854WA009330097908
B2309463901371N12158849WA009340097990
B2309473901376N12158844WA009340098022
B2309483901381N12158841WA009350098142
B2309493901386N12158840WA009360098222
B2309503901391N12158841WA009370098313
B2309513901395N12158844WA009390098560
B2309523901399N12158848WA009400098621
B2309533901401N12158853WA009410098796
B2309543901403N12158859WA009400098609
B2309553901402N12158866WA009400098668
B2309563901400N12158873WA009400098642
B2309573901397N12158878WA009390098624
B2309583901393N12158882WA009390098741
B2309593901388N12158882WA009390098783
B2310003901383N12158881WA009390098780
B2310013901379N12158878WA009390098748
B2310023901375N12158874WA009390098807
B2310033901371N12158869WA009390098757
B2310043901368N12158864WA009400098890
B2310053901367N12158857WA009410099038
B2310063901367N12158851WA009420099114
B2310073901367N12158844WA009440099291
B2310083901369N12158837WA009460099382
B2310093901372N12158830WA009480099586
B2310103901376N12158825WA009500099963
B2310113901381N12158821WA009530100206
B2310123901386N12158819WA009570100616
B2310133901391N12158819WA009610101043
B2310143901396N12158820WA009650101373
B2310153901401N12158823WA009690101606
B2310163901404N12158828WA009720101865
B2310173901407N12158834WA009760102223
B2310183901408N12158840WA009790102645
B2310193901407N12158846WA009810102896
B2310203901405N12158852WA009820103082
B2310213901402N12158856WA009820103069
B2310223901397N12158858WA009810103132
B2310233901392N12158858WA009810103065
B2310243901388N12158856WA009800103221
B2310253901384N12158851WA009790103104
B2310263901380N12158845WA009800103079
B2310273901379N12158838WA009810103069
B2310283901378N12158831WA009830103598
B2310293901378N12158825WA009860103881
B2310303901379N12158819WA009890104160
B2310313901381N12158812WA009920104407
B2310323901382N12158806WA009960104795
B2310333901385N12158800WA009990105027
B2310343901387N12158795WA010030105496
B2310353901391N12158792WA010070105692
B2310363901396N12158789WA010090105659
B2310373901402N12158788WA010100105826
B2310383901408N12158789WA010100105703
B2310393901413N12158792WA010120105902
B2310403901417N12158796WA010130106200
B2310413901420N12158800WA010160106336
B2310423901422N12158804WA010190106638
B2310433901423N12158809WA010210106933
B2310443901422N12158815WA010240107038
B2310453901420N12158822WA010260107127
B2310463901417N12158829WA010290107353
B2310473901412N12158833WA010310107584
B2310483901407N12158835WA010340107682
B2310493901402N12158835WA010360107757
B2310503901397N12158836WA010370107852
B2310513901391N12158836WA010390108091
B2310523901387N12158833WA010410108138
B2310533901383N12158829WA010420108357
B2310543901379N12158824WA010430108387
B2310553901376N12158817WA010430108373
B2310563901374N12158809WA010440108518
B2310573901372N12158802WA010460108950
B2310583901372N12158793WA010480109356
B2310593901374N12158786WA010520109579
B2311003901377N12158780WA010540109888
B2311013901381N12158775WA010570110149
B2311023901385N12158772WA010610110456
B2311033901389N12158770WA010640110772
B2311043901394N12158769WA010670110949
B2311053901398N12158772WA010690111091
B2311063901402N12158775WA010710111381
B2311073901405N12158779WA010720111594
B2311083901407N12158784WA010720111769
B2311093901408N12158790WA010730111739
B2311103901407N12158797WA010730111992
B2311113901403N12158803WA010750112092
B2311123901400N12158809WA010770112252
B2311133901396N12158812WA010790112607
B2311143901391N12158814WA010820112608
B2311153901385N12158815WA010840112852
B2311163901380N12158814WA010860112839
B2311173901374N12158812WA010870113043
B2311183901370N12158808WA010860113001
B2311193901365N12158802WA010860113057
B2311203901362N12158796WA010860113010
B2311213901358N12158788WA010870113180
B2311223901357N12158779WA010890113187
B2311233901358N12158771WA010900113223
B2311243901359N12158763WA010920113555
B2311253901361N12158757WA010940113862
B2311263901364N12158751WA010960114119
B2311273901367N12158747WA010980114413
B2311283901370N12158742WA010990114469
B2311293901374N12158738WA010990114584
B2311303901379N12158734WA010990114527
B2311313901383N12158731WA011000114714
B2311323901387N12158728WA011010114910
B2311333901391N12158724WA011020114968
B2311343901396N12158721WA011040115043
B2311353901401N12158716WA011050115117
B2311363901405N12158710WA011060115305
B2311373901407N12158704WA011080115395
B2311383901410N12158698WA011090115641
B2311393901412N12158691WA011110115736
B2311403901414N12158685WA011120115954
B2311413901417N12158679WA011130116002
B2311423901420N12158673WA011130116106
B2311433901423N12158667WA011130116031
B2311443901426N12158659WA011120115944
B2311453901429N12158652WA011100115811
B2311463901431N12158644WA011100115877
B2311473901432N12158636WA011090115839
B2311483901433N12158629WA011090115845
B2311493901434N12158621WA011080115966
B2311503901435N12158613WA011080115845
B2311513901437N12158604WA011090115789
B2311523901439N12158597WA011110116103
B2311533901440N12158590WA011140116678
B2311543901442N12158585WA011160117059
B2311553901444N12158580WA011180117043
B2311563901445N12158573WA011180116997
B2311573901447N12158565WA011170116829
B2311583901448N12158557WA011160116641
B2311593901450N12158548WA011160116720
B2312003901451N12158540WA011160116874
B2312013901454N12158532WA011170117008
B2312023901455N12158526WA011190117281
B2312033901457N12158519WA011210117363
B2312043901459N12158512WA011220117501
B2312053901459N12158504WA011240117682
B2312063901461N12158496WA011260117718
B2312073901462N12158489WA011280117848
B2312083901464N12158483WA011290118014
B2312093901466N12158477WA011310118212
B2312103901467N12158470WA011310118349
B2312113901468N12158464WA011310118457
B2312123901469N12158457WA011300118307
B2312133901469N12158451WA011300118341
B2312143901469N12158444WA011300118386
B2312153901470N12158438WA011300118464
B2312163901471N12158431WA011290118266
B2312173901472N12158423WA011270117986
B2312183901474N12158414WA011250117606
B2312193901475N12158404WA011220117318
B2312203901476N12158394WA011200117084
B2312213901478N12158384WA011180116962
B2312223901480N12158375WA011170117068
B2312233901481N12158369WA011180117121
B2312243901482N12158363WA011180117061
B2312253901484N12158356WA011170116918
B2312263901485N12158349WA011150116590
B2312273901488N12158340WA011130116155
B2312283901490N12158331WA011110115843
B2312293901491N12158322WA011080115679
B2312303901492N12158315WA011060115673
B2312313901493N12158308WA011040115582
B2312323901495N12158301WA011020115316
B2312333901497N12158294WA010990115011
B2312343901499N12158285WA010950114565
B2312353901501N12158276WA010920114194
B2312363901504N12158266WA010890113818
B2312373901505N12158257WA010870113740
B2312383901505N12158247WA010880113878
B2312393901505N12158239WA010900114259
B2312403901504N12158233WA010920114593
B2312413901504N12158226WA010960114868
B2312423901504N12158221WA010980114904
B2312433901503N12158215WA011010115112
B2312443901502N12158208WA011020115288
B2312453901502N12158202WA011050115496
B2312463901504N12158197WA011070115601
B2312473901505N12158192WA011090115881
B2312483901507N12158186WA011110116136
B2312493901508N12158181WA011140116453
B2312503901509N12158175WA011160116768
B2312513901510N12158170WA011180116961
B2312523901511N12158164WA011190117143
B2312533901512N12158158WA011220117335
B2312543901513N12158152WA011250117527
B2312553901514N12158146WA011270117746
B2312563901515N12158140WA011300118165
B2312573901516N12158134WA011320118364
B2312583901516N12158128WA011340118588
B2312593901517N12158123WA011340118637
B2313003901517N12158118WA011350118701
B2313013901518N12158111WA011360118797
B2313023901523N12158106WA011370118756
B2313033901530N12158104WA011380118818
B2313043901536N12158107WA011390119082
B2313053901543N12158111WA011410119230
B2313063901545N12158119WA011440119505
B2313073901545N12158126WA011470119761
B2313083901545N12158132WA011490120051
B2313093901546N12158137WA011510120205
B2313103901545N12158144WA011530120344
B2313113901544N12158152WA011530120311
B2313123901541N12158159WA011540120479
B2313133901538N12158166WA011550120668
B2313143901534N12158170WA011570120786
B2313153901530N12158174WA011590121171
B2313163901526N12158176WA011610121301
B2313173901520N12158176WA011630121348
B2313183901514N12158175WA011650121596
B2313193901510N12158172WA011670121853
B2313203901507N12158166WA011690122067
B2313213901508N12158159WA011690122033
B2313223901510N12158152WA011690122076
B2313233901513N12158147WA011700122114
B2313243901517N12158145WA011710122359
B2313253901521N12158145WA011730122541
B2313263901526N12158145WA011740122622
B2313273901531N12158147WA011760122764
B2313283901536N12158150WA011770122775
B2313293901540N12158156WA011780122994
B2313303901543N12158162WA011790123084
B2313313901545N12158170WA011810123123
B2313323901545N12158177WA011820123366
B2313333901543N12158185WA011830123494
B2313343901540N12158192WA011840123579
B2313353901536N12158199WA011850123531
B2313363901531N12158204WA011860123646
B2313373901526N12158207WA011870123729
B2313383901520N12158209WA011860123897
B2313393901515N12158209WA011860123801
B2313403901509N12158207WA011850123701
B2313413901503N12158202WA011850123884
B2313423901499N12158196WA011850123873
B2313433901497N12158189WA011850123966
B2313443901497N12158183WA011850123913
B2313453901496N12158177WA011860123960
B2313463901496N12158170WA011860123925
B2313473901496N12158163WA011870123982
B2313483901497N12158156WA011870124092
B2313493901500N12158150WA011890124143
B2313503901503N12158145WA011900124184
B2313513901508N12158142WA011920124212
B2313523901513N12158140WA011940124423
B2313533901518N12158139WA011960124682
B2313543901524N12158139WA011990124735
B2313553901529N12158138WA012010124889
B2313563901533N12158141WA012040124985
B2313573901537N12158145WA012070125420
B2313583901540N12158149WA012100125603
B2313593901541N12158155WA012100125870
B2314003901541N12158163WA012090125785
B2314013901540N12158172WA012100125887
B2314023901537N12158180WA012100125991
B2314033901532N12158184WA012100126116
B2314043901525N12158187WA012110126252
B2314053901519N12158188WA012130126544
B2314063901514N12158188WA012150126866
B2314073901509N12158186WA012170127083
B2314083901505N12158182WA012180126933
B2314093901500N12158177WA012180126972
B2314103901498N12158170WA012180126917
B2314113901497N12158164WA012180127053
B2314123901498N12158157WA012190127130
B2314133901500N12158149WA012200127376
B2314143901503N12158143WA012220127512
B2314153901505N12158137WA012250127820
B2314163901507N12158130WA012280128138
B2314173901509N12158124WA012300128348
B2314183901511N12158119WA012320128581
B2314193901516N12158114WA012340128705
B2314203901521N12158111WA012370128966
B2314213901527N12158111WA012390129046
B2314223901532N12158113WA012410129197
B2314233901537N12158117WA012420129256
B2314243901540N12158123WA012430129450
B2314253901542N12158129WA012430129519
B2314263901540N12158137WA012440129592
B2314273901537N12158143WA012440129556
B2314283901533N12158148WA012440129611
B2314293901527N12158151WA012450129796
B2314303901522N12158151WA012470129893
B2314313901518N12158150WA012490129840
B2314323901514N12158146WA012510130126
B2314333901510N12158140WA012540130225
B2314343901507N12158134WA012560130433
B2314353901505N12158127WA012590130606
B2314363901504N12158121WA012620130963
B2314373901505N12158115WA012640131156
B2314383901508N12158110WA012660131303
B2314393901511N12158104WA012680131518
B2314403901515N12158100WA012700131814
B2314413901519N12158097WA012720132078
B2314423901524N12158096WA012750132374
B2314433901529N12158096WA012760132587
B2314443901534N12158098WA012780132762
B2314453901539N12158100WA012800132826
B2314463901543N12158104WA012810132992
B2314473901547N12158108WA012810133187
B2314483901550N12158113WA012820133289
B2314493901552N12158120WA012820133292
B2314503901554N12158127WA012830133208
B2314513901553N12158135WA012820133328
B2314523901551N12158143WA012830133372
B2314533901549N12158149WA012830133506
B2314543901545N12158154WA012830133504
B2314553901539N12158157WA012840133699
B2314563901534N12158159WA012840133660
B2314573901529N12158158WA012840133791
B2314583901525N12158154WA012840133766
B2314593901521N12158149WA012840133723
B2315003901517N12158143WA012850133825
B2315013901513N12158138WA012860134066
B2315023901510N12158134WA012890134450
B2315033901508N12158129WA012910134729
B2315043901507N12158125WA012930134912
B2315053901507N12158119WA012950134927
B2315063901508N12158113WA012950135026
B2315073901510N12158106WA012950134878
B2315083901514N12158101WA012950134904
B2315093901518N12158097WA012960135114
B2315103901522N12158095WA012980135474
B2315113901527N12158094WA012990135637
B2315123901532N12158095WA013010135756
B2315133901537N12158098WA013020135785
B2315143901542N12158103WA013040135830
B2315153901545N12158109WA013050136072
B2315163901548N12158115WA013070136107
B2315173901548N12158122WA013080136232
B2315183901547N12158128WA013090136367
B2315193901546N12158134WA013110136515
B2315203901542N12158139WA013110136591
B2315213901538N12158141WA013110136655
B2315223901533N12158142WA013110136715
B2315233901527N12158141WA013120136844
B2315243901521N12158138WA013130136899
B2315253901517N12158134WA013140137067
B2315263901515N12158128WA013150137128
B2315273901513N12158122WA013160137207
B2315283901511N12158116WA013170137352
B2315293901510N12158110WA013180137450
B2315303901511N12158104WA013190137413
B2315313901513N12158099WA013200137514
B2315323901516N12158094WA013210137516
B2315333901519N12158089WA013210137699
B2315343901524N12158086WA013210137640
B2315353901529N12158082WA013220137647
B2315363901535N12158081WA013230137701
B2315373901540N12158080WA013230137843
B2315383901546N12158082WA013240138012
B2315393901551N12158084WA013260138054
B2315403901556N12158086WA013260138279
B2315413901561N12158089WA013270138241
B2315423901566N12158092WA013280138301
B2315433901570N12158096WA013280138410
B2315443901574N12158101WA013280138424
B2315453901577N12158108WA013270138411
B2315463901579N12158115WA013270138415
B2315473901580N12158122WA013270138434
B2315483901580N12158129WA013280138571
B2315493901579N12158135WA013280138565
B2315503901579N12158141WA013280138455
B2315513901578N12158147WA013280138576
B2315523901577N12158153WA013280138436
B2315533901574N12158159WA013270138501
B2315543901569N12158163WA013270138430
B2315553901563N12158164WA013260138429
B2315563901557N12158165WA013260138308
B2315573901551N12158165WA013260138478
B2315583901546N12158165WA013260138590
B2315593901542N12158164WA013260138629
B2316003901537N12158164WA013260138518
B2316013901531N12158164WA013250138544
B2316023901525N12158163WA013250138345
B2316033901519N12158162WA013260138375
B2316043901514N12158160WA013260138483
B2316053901510N12158156WA013260138635
B2316063901506N12158150WA013260138648
B2316073901503N12158143WA013260138676
B2316083901502N12158136WA013260138505
B2316093901502N12158129WA013260138653
B2316103901504N12158122WA013260138633
B2316113901507N12158115WA013260138627
B2316123901510N12158109WA013260138587
B2316133901514N12158104WA013260138594
B2316143901519N12158100WA013270138636
B2316153901524N12158098WA013280138842
B2316163901529N12158097WA013280138887
B2316173901535N12158098WA013290138913
B2316183901540N12158100WA013290138921
B2316193901544N12158102WA013300139093
B2316203901549N12158105WA013300139031
B2316213901553N12158108WA013290138923
B2316223901556N12158112WA013290138997
B2316233901559N12158118WA013280138870
B2316243901562N12158123WA013280138707
B2316253901563N12158130WA013270138509
B2316263901562N12158138WA013260138380
B2316273901561N12158145WA013250138355
B2316283901559N12158152WA013240138311
B2316293901555N12158158WA013230138270
B2316303901551N12158162WA013230138126
B2316313901546N12158166WA013230138166
B2316323901541N12158169WA013230138094
B2316333901536N12158170WA013240138183
B2316343901531N12158170WA013240138126
B2316353901525N12158169WA013240138297
B2316363901520N12158167WA013250138249
B2316373901515N12158165WA013250138235
B2316383901510N12158162WA013260138260
B2316393901506N12158157WA013260138325
B2316403901502N12158152WA013260138383
B2316413901501N12158146WA013260138425
B2316423901499N12158139WA013250138471
B2316433901498N12158131WA013250138456
B2316443901497N12158124WA013240138454
B2316453901496N12158117WA013240138422
B2316463901495N12158110WA013240138550
B2316473901494N12158103WA013240138562
B2316483901495N12158096WA013240138301
B2316493901496N12158089WA013240138230
B2316503901498N12158081WA013240138208
B2316513901499N12158073WA013240138288
B2316523901500N12158066WA013240138294
B2316533901502N12158058WA013250138338
B2316543901503N12158051WA013260138467
B2316553901505N12158045WA013270138642
B2316563901506N12158039WA013280138792
B2316573901507N12158032WA013290138899
B2316583901509N12158026WA013290138763
B2316593901511N12158019WA013290138673
B2317003901514N12158012WA013280138627
B2317013901516N12158006WA013280138652
B2317023901519N12157999WA013280138504
B2317033901521N12157992WA013270138420
B2317043901523N12157984WA013260138426
B2317053901525N12157977WA013250138345
B2317063901527N12157970WA013250138345
B2317073901528N12157963WA013250138399
B2317083901530N12157957WA013250138339
B2317093901531N12157952WA013250138391
B2317103901533N12157946WA013250138393
B2317113901535N12157939WA013240138296
B2317123901537N12157932WA013230138097
B2317133901539N12157925WA013220137946
B2317143901541N12157918WA013210137806
B2317153901542N12157912WA013200137872
B2317163901544N12157905WA013200137837
B2317173901546N12157899WA013200137814
B2317183901547N12157893WA013200137884
B2317193901549N12157887WA013190137746
B2317203901550N12157882WA013190137682
B2317213901551N12157876WA013170137594
B2317223901553N12157870WA013160137212
B2317233901554N12157863WA013140137058
B2317243901556N12157857WA013120136857
B2317253901558N12157851WA013100136617
B2317263901559N12157845WA013070136486
B2317273901560N12157839WA013050136284
B2317283901561N12157832WA013030136038
B2317293901562N12157825WA013010135919
B2317303901563N12157818WA012990135738
B2317313901564N12157811WA013000135753
B2317323901565N12157803WA013000135759
B2317333901566N12157797WA013010135843
B2317343901567N12157790WA013010135908
B2317353901567N12157784WA013020135957
B2317363901568N12157778WA013020136031
B2317373901569N12157771WA013020135935
B2317383901570N12157764WA013010135927
B2317393901571N12157757WA013000135854
B2317403901572N12157749WA013000135888
B2317413901573N12157742WA013000135886
B2317423901575N12157735WA013010135926
B2317433901576N12157729WA013020136064
B2317443901578N12157723WA013030136122
B2317453901578N12157717WA013040136256
B2317463901579N12157711WA013050136235
B2317473901579N12157705WA013060136271
B2317483901579N12157698WA013060136378
B2317493901578N12157693WA013070136385
B2317503901576N12157689WA013080136520
B2317513901572N12157686WA013090136642
B2317523901568N12157684WA013100136615
B2317533901563N12157684WA013110136739
B2317543901559N12157687WA013120136804
B2317553901555N12157692WA013130137091
B2317563901553N12157698WA013140137090
B2317573901553N12157704WA013140137122
B2317583901554N12157710WA013140137104
B2317593901556N12157716WA013150137116
B2318003901559N12157722WA013150137261
B2318013901564N12157726WA013160137337
B2318023901569N12157730WA013160137385
B2318033901575N12157732WA013170137489
B2318043901581N12157733WA013190137678
B2318053901587N12157733WA013200137844
B2318063901592N12157734WA013220137941
B2318073901597N12157737WA013230138131
B2318083901601N12157742WA013220138079
B2318093901604N12157750WA013210137899
B2318103901607N12157759WA013200137635
B2318113901609N12157767WA013190137675
B2318123901612N12157774WA013200137826
B2318133901615N12157781WA013200137800
B2318143901618N12157788WA013190137811
B2318153901621N12157796WA013180137565
B2318163901625N12157806WA013160137123
B2318173901629N12157816WA013130136809
B2318183901631N12157829WA013090136584
B2318193901634N12157841WA013070136350
B2318203901637N12157851WA013040136226
B2318213901639N12157861WA013020136054
B2318223901641N12157870WA013010136067
B2318233901643N12157879WA012990135839
B2318243901645N12157889WA012960135534
B2318253901647N12157900WA012940135240
B2318263901649N12157911WA012900134773
B2318273901651N12157922WA012860134398
B2318283901654N12157933WA012840134189
B2318293901657N12157945WA012840134033
B2318303901660N12157955WA012840133987
B2318313901663N12157965WA012840133995
B2318323901666N12157974WA012840134168
B2318333901669N12157983WA012840134176
B2318343901672N12157992WA012840134046
B2318353901675N12158002WA012830133820
B2318363901677N12158011WA012810133689
B2318373901680N12158022WA012790133454
B2318383901682N12158033WA012770133181
B2318393901685N12158043WA012740133019
B2318403901687N12158054WA012730132927
B2318413901689N12158065WA012710132842
B2318423901691N12158075WA012690132779
B2318433901694N12158086WA012690132618
B2318443901696N12158097WA012690132648
B2318453901698N12158108WA012690132558
B2318463901700N12158119WA012690132567
B2318473901702N12158130WA012690132685
B2318483901705N12158140WA012690132668
B2318493901708N12158151WA012700132715
B2318503901710N12158161WA012720132896
B2318513901714N12158170WA012730133012
B2318523901717N12158177WA012750133422
B2318533901720N12158183WA012790133842
B2318543901722N12158188WA012820134195
B2318553901724N12158194WA012840134363
B2318563901725N12158200WA012860134443
B2318573901725N12158206WA012860134388
B2318583901726N12158213WA012850134136
B2318593901726N12158221WA012820133880
B2319003901727N12158228WA012800133664
B2319013901728N12158236WA012770133533
B2319023901729N12158244WA012750133207
B2319033901729N12158253WA012720132974
B2319043901730N12158263WA012700132641
B2319053901730N12158271WA012680132589
B2319063901730N12158280WA012690132643
B2319073901730N12158287WA012690132575
B2319083901731N12158294WA012700132675
B2319093901733N12158301WA012700132606
B2319103901734N12158308WA012700132524
B2319113901735N12158314WA012690132548
B2319123901736N12158321WA012690132562
B2319133901737N12158327WA012690132694
B2319143901739N12158333WA012700132747
B2319153901740N12158340WA012710132842
B2319163901741N12158346WA012730132911
B2319173901741N12158352WA012740133071
B2319183901742N12158357WA012750133127
B2319193901743N12158364WA012750133100
B2319203901743N12158370WA012740132988
B2319213901744N12158377WA012730132891
B2319223901745N12158384WA012710132686
B2319233901746N12158392WA012690132477
B2319243901748N12158401WA012680132304
B2319253901748N12158410WA012680132264
B2319263901750N12158419WA012690132202
B2319273901751N12158427WA012700132445
B2319283901752N12158435WA012720132801
B2319293901752N12158442WA012750133201
B2319303901752N12158448WA012780133417
B2319313901752N12158455WA012810133518
B2319323901751N12158463WA012820133730
B2319333901750N12158470WA012840133853
B2319343901749N12158477WA012850133955
B2319353901749N12158484WA012850134137
B2319363901749N12158492WA012850134151
B2319373901750N12158499WA012860134104
B2319383901749N12158506WA012870134354
B2319393901748N12158512WA012880134546
B2319403901747N12158518WA012890134648
B2319413901746N12158524WA012910134888
B2319423901746N12158530WA012930135079
B2319433901747N12158537WA012950135120
B2319443901749N12158543WA012960135203
B2319453901752N12158548WA012980135356
B2319463901756N12158552WA012990135577
B2319473901761N12158555WA013010135695
B2319483901767N12158555WA013020135856
B2319493901772N12158553WA013040136064
B2319503901776N12158549WA013060136296
B2319513901779N12158544WA013070136492
B2319523901782N12158538WA013090136521
B2319533901783N12158532WA013120136720
B2319543901782N12158525WA013140137066
B2319553901781N12158519WA013170137204
B2319563901778N12158514WA013190137534
B2319573901774N12158511WA013210137734
B2319583901769N12158510WA013230137881
B2319593901765N12158511WA013240138022
B2320003901760N12158512WA013260138379
B2320013901756N12158514WA013280138679
B2320023901752N12158517WA013300138868
B2320033901748N12158521WA013310138978
B2320043901745N12158527WA013330139006
B2320053901742N12158534WA013360139214
B2320063901740N12158541WA013380139631
B2320073901740N12158547WA013410140057
B2320083901742N12158554WA013440140223
B2320093901745N12158560WA013470140461
B2320103901749N12158565WA013500140753
B2320113901754N12158568WA013520141027
B2320123901759N12158570WA013550141320
B2320133901764N12158568WA013580141525
B2320143901768N12158565WA013580141683
B2320153901772N12158561WA013580141743
B2320163901774N12158556WA013590141831
B2320173901774N12158549WA013600142085
B2320183901774N12158542WA013620142241
B2320193901772N12158535WA013640142363
B2320203901769N12158531WA013680142482
B2320213901766N12158528WA013720142810
B2320223901761N12158525WA013760143176
B2320233901757N12158523WA013800143325
B2320243901752N12158521WA013840143629
B2320253901746N12158522WA013880143992
B2320263901742N12158524WA013910144404
B2320273901737N12158529WA013940144556
B2320283901733N12158536WA013950144785
B2320293901731N12158544WA013970145144
B2320303901730N12158552WA014000145483
B2320313901734N12158559WA014030145650
B2320323901739N12158563WA014060145946
B2320333901744N12158565WA014090146207
B2320343901749N12158565WA014120146612
B2320353901753N12158564WA014150146842
B2320363901757N12158561WA014160147001
B2320373901759N12158555WA014160147169
B2320383901760N12158548WA014160147397
B2320393901761N12158540WA014170147401
B2320403901760N12158532WA014190147633
B2320413901758N12158525WA014210148086
B2320423901756N12158520WA014240148524
B2320433901752N12158516WA014280148910
B2320443901746N12158513WA014310149160
B2320453901740N12158512WA014340149202
B2320463901733N12158514WA014360149473
B2320473901728N12158519WA014400149712
B2320483901724N12158525WA014420149964
B2320493901722N12158532WA014450150136
B2320503901723N12158539WA014480150299
B2320513901725N12158547WA014500150480
B2320523901728N12158553WA014520150634
B2320533901732N12158558WA014540150838
B2320543901736N12158561WA014560151086
B2320553901741N12158562WA014580151199
B2320563901747N12158560WA014600151381
B2320573901751N12158555WA014620151496
B2320583901754N12158548WA014620151646
B2320593901756N12158540WA014640151703
B2321003901755N12158532WA014650151951
B2321013901754N12158524WA014670152120
B2321023901750N12158518WA014690152351
B2321033901746N12158512WA014720152527
B2321043901739N12158509WA014750152793
B2321053901733N12158506WA014780152727
B2321063901727N12158507WA014810152935
B2321073901722N12158508WA014840153317
B2321083901717N12158512WA014860153655
B2321093901713N12158517WA014890153966
B2321103901711N12158524WA014910154110
B2321113901709N12158531WA014920154292
B2321123901710N12158539WA014930154480
B2321133901713N12158546WA014940154633
B2321143901716N12158552WA014960154966
B2321153901720N12158556WA014990155273
B2321163901724N12158559WA015010155592
B2321173901729N12158560WA015040155780
B2321183901734N12158559WA015060156166
B2321193901738N12158557WA015090156288
B2321203901743N12158554WA015080156410
B2321213901746N12158548WA015080156446
B2321223901748N12158541WA015080156489
B2321233901749N12158533WA015080156689
B2321243901750N12158525WA015090156818
B2321253901747N12158517WA015100156966
B2321263901745N12158510WA015130157033
B2321273901742N12158502WA015150157219
B2321283901737N12158497WA015180157562
B2321293901732N12158492WA015210157618
B2321303901726N12158491WA015240157943
B2321313901720N12158490WA015280158299
B2321323901715N12158493WA015310158462
B2321333901711N12158497WA015330158514
B2321343901708N12158503WA015340158710
B2321353901707N12158510WA015350158901
B2321363901707N12158517WA015360159143
B2321373901709N12158523WA015380159376
B2321383901713N12158529WA015400159610
B2321393901716N12158532WA015420160085
B2321403901720N12158533WA015450160307
B2321413901723N12158534WA015480160542
B2321423901726N12158534WA015510160882
B2321433901730N12158533WA015530161090
B2321443901735N12158530WA015540161122
B2321453901739N12158525WA015540161258
B2321463901743N12158518WA015550161327
B2321473901744N12158510WA015550161470
B2321483901743N12158500WA015570161588
B2321493901740N12158492WA015580161793
B2321503901736N12158485WA015600162046
B2321513901731N12158480WA015620162443
B2321523901726N12158477WA015650162629
B2321533901720N12158477WA015680162841
B2321543901714N12158476WA015700163129
B2321553901708N12158478WA015730163129
B2321563901703N12158483WA015760163400
B2321573901699N12158488WA015780163661
B2321583901697N12158494WA015800163883
B2321593901697N12158501WA015810163930
B2322003901697N12158507WA015820164227
B2322013901698N12158513WA015830164434
B2322023901700N12158517WA015850164738
B2322033901703N12158520WA015870164953
B2322043901707N12158521WA015880165054
B2322053901712N12158520WA015880164922
B2322063901717N12158516WA015880164913
B2322073901721N12158510WA015890164926
B2322083901723N12158502WA015890165139
B2322093901724N12158495WA015910165312
B2322103901723N12158487WA015920165403
B2322113901720N12158480WA015940165651
B2322123901716N12158473WA015950165865
B2322133901711N12158468WA015970165981
B2322143901706N12158464WA015980166102
B2322153901699N12158461WA016000166298
B2322163901693N12158460WA016010166365
B2322173901686N12158460WA016030166499
B2322183901680N12158463WA016040166665
B2322193901675N12158467WA016060166868
B2322203901672N12158473WA016080167076
B2322213901671N12158479WA016080167166
B2322223901672N12158485WA016080167167
B2322233901674N12158491WA016080167250
B2322243901677N12158494WA016090167264
B2322253901681N12158496WA016100167404
B2322263901684N12158497WA016110167558
B2322273901687N12158500WA016120167694
B2322283901691N12158504WA016130167611
B2322293901694N12158507WA016130167743
B2322303901698N12158509WA016130167653
B2322313901703N12158509WA016120167654
B2322323901708N12158507WA016120167540
B2322333901713N12158501WA016110167410
B2322343901716N12158493WA016100167387
B2322353901719N12158486WA016100167341
B2322363901721N12158479WA016100167451
B2322373901722N12158472WA016110167562
B2322383901723N12158465WA016120167734
B2322393901722N12158457WA016130167796
B2322403901721N12158449WA016140167761
B2322413901718N12158440WA016140167796
B2322423901715N12158432WA016140167834
B2322433901710N12158425WA016150167974
B2322443901705N12158419WA016160168126
B2322453901699N12158414WA016170168353
B2322463901693N12158411WA016190168302
B2322473901686N12158408WA016200168558
B2322483901679N12158408WA016220168660
B2322493901673N12158408WA016240168958
B2322503901668N12158411WA016260169152
B2322513901664N12158415WA016270169230
B2322523901661N12158419WA016280169368
B2322533901659N12158425WA016280169346
B2322543901659N12158432WA016280169310
B2322553901659N12158437WA016290169486
B2322563901661N12158442WA016290169500
B2322573901665N12158444WA016300169525
B2322583901669N12158445WA016310169539
B2322593901673N12158447WA016310169680
B2323003901678N12158446WA016310169699
B2323013901684N12158445WA016310169636
B2323023901689N12158444WA016310169598
B2323033901695N12158444WA016310169616
B2323043901699N12158444WA016310169691
B2323053901704N12158443WA016310169692
B2323063901710N12158441WA016310169636
B2323073901715N12158439WA016310169691
B2323083901721N12158436WA016310169629
B2323093901726N12158435WA016320169799
B2323103901731N12158435WA016340170075
B2323113901735N12158435WA016360170489
B2323123901738N12158435WA016390170684
B2323133901742N12158435WA016410170803
B2323143901746N12158435WA016410170822
B2323153901751N12158435WA016410170646
B2323163901756N12158436WA016400170664
B2323173901761N12158437WA016410170640
B2323183901765N12158436WA016410170799
B2323193901769N12158436WA016420170873
B2323203901773N12158436WA016430170662
B2323213901778N12158435WA016420170493
B2323223901784N12158434WA016410170298
B2323233901791N12158433WA016400170014
B2323243901797N12158431WA016390170028
B2323253901802N12158429WA016400170065
B2323263901807N12158427WA016410170145
B2323273901811N12158425WA016410170396
B2323283901816N12158424WA016420170361
B2323293901821N12158422WA016420170299
B2323303901827N12158421WA016410170359
B2323313901832N12158418WA016410170488
B2323323901837N12158415WA016410170586
B2323333901842N12158412WA016420170690
B2323343901847N12158409WA016430170874
B2323353901853N12158406WA016430170928
B2323363901859N12158405WA016430170821
B2323373901865N12158402WA016420170825
B2323383901871N12158399WA016420170858
B2323393901877N12158397WA016420170800
B2323403901882N12158394WA016430171048
B2323413901887N12158392WA016430171129
B2323423901892N12158390WA016430171088
B2323433901898N12158389WA016420170959
B2323443901904N12158389WA016420170966
B2323453901910N12158388WA016410170814
B2323463901915N12158387WA016410170921
B2323473901920N12158385WA016420170902
B2323483901925N12158383WA016410170913
B2323493901931N12158380WA016410170729
B2323503901937N12158377WA016400170743
B2323513901943N12158372WA016400170693
B2323523901948N12158367WA016400170797
B2323533901953N12158363WA016400170960
B2323543901958N12158358WA016400170968
B2323553901964N12158355WA016410170922
B2323563901970N12158351WA016410170942
B2323573901976N12158347WA016410170807
B2323583901981N12158344WA016410170830
B2323593901986N12158340WA016420170952
B2324003901991N12158336WA016430171022
B2324013901996N12158332WA016430171100
B2324023902001N12158327WA016430171120
B2324033902007N12158322WA016430171001
B2324043902013N12158316WA016430171054
B2324053902019N12158310WA016430170954
B2324063902025N12158304WA016430171042
B2324073902031N12158297WA016440171235
B2324083902036N12158290WA016460171459
B2324093902041N12158285WA016480171772
B2324103902046N12158280WA016510171914
B2324113902051N12158275WA016530172118
B2324123902055N12158271WA016550172288
B2324133902060N12158268WA016580172454
B2324143902065N12158265WA016590172641
B2324153902070N12158262WA016610172779
B2324163902076N12158262WA016620172890
B2324173902082N12158263WA016630173082
B2324183902088N12158265WA016650173247
B2324193902092N12158269WA016670173367
B2324203902096N12158274WA016690173554
B2324213902098N12158279WA016710173867
B2324223902099N12158285WA016730173979
B2324233902099N12158292WA016740173984
B2324243902098N12158299WA016740174020
B2324253902094N12158305WA016750174190
B2324263902091N12158310WA016760174255
B2324273902086N12158312WA016770174399
B2324283902082N12158315WA016780174477
B2324293902077N12158317WA016790174572
B2324303902073N12158317WA016800174635
B2324313902068N12158317WA016810174774
B2324323902064N12158313WA016810174755
B2324333902059N12158309WA016820174771
B2324343902056N12158302WA016830174876
B2324353902054N12158296WA016840175070
B2324363902053N12158288WA016850175195
B2324373902053N12158280WA016860175274
B2324383902054N12158272WA016870175312
B2324393902055N12158264WA016880175587
B2324403902059N12158257WA016890175487
B2324413902065N12158251WA016890175417
B2324423902071N12158247WA016890175515
B2324433902077N12158245WA016890175654
B2324443902083N12158245WA016910175785
B2324453902089N12158247WA016920175864
B2324463902094N12158250WA016930175984
B2324473902098N12158254WA016940175999
B2324483902102N12158260WA016950176038
B2324493902103N12158267WA016960176176
B2324503902102N12158274WA016970176245
B2324513902099N12158280WA016980176465
B2324523902095N12158284WA017000176593
B2324533902091N12158287WA017010176695
B2324543902087N12158288WA017010176758
B2324553902083N12158289WA017010176810
B2324563902078N12158287WA017010176841
B2324573902073N12158284WA017010176753
B2324583902068N12158279WA017000176749
B2324593902063N12158275WA017000176791
B2325003902059N12158270WA017000176692
B2325013902056N12158265WA017000176770
B2325023902053N12158258WA017000176782
B2325033902052N12158250WA016990176732
B2325043902052N12158241WA016990176620
B2325053902053N12158231WA016980176512
B2325063902055N12158221WA016990176566
B2325073902059N12158213WA016990176704
B2325083902062N12158206WA017010176994
B2325093902067N12158199WA017020177037
B2325103902072N12158193WA017030177046
B2325113902077N12158187WA017040177099
B2325123902083N12158183WA017040177270
B2325133902089N12158178WA017050177354
B2325143902095N12158174WA017060177422
B2325153902101N12158169WA017070177419
B2325163902106N12158165WA017060177462
B2325173902112N12158159WA017070177424
B2325183902117N12158153WA017070177479
B2325193902123N12158149WA017070177551
B2325203902129N12158143WA017070177558
B2325213902135N12158139WA017080177673
B2325223902141N12158133WA017080177746
B2325233902146N12158127WA017090177897
B2325243902152N12158123WA017100177934
B2325253902157N12158118WA017120178061
B2325263902162N12158113WA017130178171
B2325273902168N12158108WA017150178202
B2325283902173N12158103WA017160178312
B2325293902178N12158098WA017170178339
B2325303902183N12158094WA017170178351
B2325313902189N12158089WA017170178323
B2325323902195N12158084WA017170178434
B2325333902201N12158079WA017170178303
B2325343902205N12158073WA017180178392
B2325353902209N12158066WA017180178494
B2325363902211N12158058WA017180178595
B2325373902211N12158050WA017180178413
B2325383902207N12158042WA017170178386
B2325393902202N12158037WA017160178193
B2325403902197N12158035WA017150178148
B2325413902191N12158036WA017150178187
B2325423902186N12158038WA017140178097
B2325433902182N12158040WA017150178158
B2325443902178N12158043WA017150178238
B2325453902174N12158046WA017150178248
B2325463902170N12158050WA017150178245
B2325473902167N12158056WA017150178101
B2325483902163N12158060WA017160178295
B2325493902162N12158064WA017170178217
B2325503902160N12158069WA017180178546
B2325513902158N12158074WA017190178664
B2325523902157N12158079WA017200178736
B2325533902156N12158084WA017210178804
B2325543902156N12158089WA017210178813
B2325553902156N12158095WA017210178992
B2325563902160N12158100WA017220179071
B2325573902165N12158104WA017220179083
B2325583902172N12158106WA017220179135
B2325593902178N12158106WA017230179289
B2326003902185N12158104WA017230179345
B2326013902191N12158099WA017240179368
B2326023902197N12158094WA017240179262
B2326033902202N12158087WA017240179292
B2326043902206N12158079WA017240179281
B2326053902209N12158070WA017240179314
B2326063902209N12158061WA017240179427
B2326073902208N12158053WA017240179226
B2326083902206N12158045WA017240179209
B2326093902202N12158040WA017240179280
B2326103902198N12158035WA017240179344
B2326113902194N12158032WA017240179301
B2326123902189N12158029WA017240179276
B2326133902184N12158030WA017240179272
B2326143902180N12158031WA017240179105
B2326153902175N12158032WA017240179057
B2326163902171N12158036WA017240179054
B2326173902167N12158039WA017240179036
B2326183902163N12158043WA017240179044
B2326193902158N12158046WA017240178986
B2326203902154N12158049WA017240179078
B2326213902150N12158052WA017240179153
B2326223902146N12158056WA017240179191
B2326233902143N12158059WA017250179251
B2326243902140N12158061WA017260179225
B2326253902136N12158063WA017270179497
B2326263902133N12158065WA017270179526
B2326273902128N12158067WA017270179576
B2326283902124N12158069WA017260179607
B2326293902120N12158071WA017270179516
B2326303902116N12158072WA017270179529
B2326313902111N12158074WA017270179690
B2326323902107N12158074WA017280179773
B2326333902102N12158072WA017280179723
B2326343902097N12158068WA017290179774
B2326353902093N12158061WA017290179849
B2326363902090N12158054WA017300179962
B2326373902089N12158046WA017310180128
B2326383902088N12158039WA017330180450
B2326393902089N12158031WA017340180654
B2326403902091N12158024WA017360180781
B2326413902095N12158016WA017380180837
B2326423902100N12158009WA017400180802
B2326433902105N12158003WA017410180942
B2326443902112N12157998WA017430181019
B2326453902119N12157996WA017440181207
B2326463902125N12157996WA017460181473
B2326473902131N12157997WA017480181675
B2326483902136N12157999WA017490181748
B2326493902140N12158002WA017500181974
B2326503902144N12158006WA017490181839
B2326513902147N12158012WA017490181704
B2326523902149N12158018WA017480181602
B2326533902148N12158024WA017490181780
B2326543902147N12158029WA017490181771
B2326553902145N12158033WA017490181772
B2326563902143N12158036WA017500181725
B2326573902139N12158038WA017500181759
B2326583902134N12158039WA017500181843
B2326593902129N12158038WA017500181816
B2327003902123N12158037WA017510181972
B2327013902118N12158034WA017520182079
B2327023902114N12158032WA017540182144
B2327033902109N12158029WA017550182353
B2327043902105N12158025WA017560182560
B2327053902102N12158017WA017570182587
B2327063902100N12158010WA017580182540
B2327073902100N12158000WA017580182554
B2327083902102N12157991WA017580182635
B2327093902105N12157983WA017590182885
B2327103902110N12157977WA017610183040
B2327113902115N12157971WA017630183298
B2327123902122N12157968WA017640183321
B2327133902128N12157965WA017650183469
B2327143902135N12157965WA017670183502
B2327153902140N12157966WA017680183676
B2327163902145N12157969WA017690183766
B2327173902149N12157973WA017700183779
B2327183902153N12157978WA017710183804
B2327193902154N12157983WA017720184086
B2327203902155N12157988WA017720184169
B2327213902153N12157993WA017720184175
B2327223902150N12157998WA017720184090
B2327233902147N12158002WA017720184004
B2327243902142N12158004WA017720184269
B2327253902138N12158007WA017730184362
B2327263902134N12158007WA017730184355
B2327273902130N12158007WA017740184320
B2327283902125N12158004WA017740184346
B2327293902120N12157999WA017740184294
B2327303902116N12157992WA017730184060
B2327313902114N12157982WA017720183863
B2327323902116N12157971WA017700183738
B2327333902120N12157963WA017700183720
B2327343902124N12157956WA017710184147
B2327353902128N12157951WA017720184426
B2327363902132N12157947WA017750184700
B2327373902136N12157942WA017770184910
B2327383902140N12157935WA017790184988
B2327393902145N12157929WA017810185040
B2327403902149N12157922WA017830185291
B2327413902153N12157915WA017840185417
B2327423902156N12157909WA017870185543
B2327433902159N12157902WA017880185763
B2327443902162N12157894WA017900185705
B2327453902162N12157886WA017890185761
B2327463902161N12157877WA017890185613
B2327473902157N12157870WA017880185422
B2327483902151N12157865WA017870185495
B2327493902147N12157864WA017870185317
B2327503902142N12157865WA017860185483
B2327513902140N12157868WA017860185431
B2327523902138N12157872WA017860185472
B2327533902138N12157877WA017860185320
B2327543902140N12157882WA017860185446
B2327553902141N12157887WA017860185393
B2327563902142N12157893WA017870185441
B2327573902142N12157898WA017880185591
B2327583902143N12157902WA017890185735
B2327593902144N12157906WA017920186043
B2328003902146N12157909WA017930186219
B2328013902147N12157914WA017950186193
B2328023902150N12157918WA017950186295
B2328033902154N12157923WA017950186130
B2328043902159N12157926WA017950186130
B2328053902165N12157927WA017960186201
B2328063902171N12157924WA017960186159
B2328073902177N12157920WA017960186185
B2328083902183N12157914WA017960186218
B2328093902187N12157908WA017970186471
B2328103902191N12157900WA017970186515
B2328113902193N12157892WA017980186779
B2328123902196N12157884WA018000186812
B2328133902197N12157875WA018010186845
B2328143902197N12157867WA018020186981
B2328153902196N12157858WA018030187048
B2328163902193N12157852WA018040187150
B2328173902189N12157846WA018040187188
B2328183902185N12157843WA018040187149
B2328193902181N12157843WA018040187119
B2328203902177N12157845WA018050187137
B2328213902175N12157849WA018050187227
B2328223902175N12157855WA018060187300
B2328233902176N12157860WA018060187300
B2328243902177N12157864WA018080187574
B2328253902180N12157868WA018090187740
B2328263902184N12157870WA018100187867
B2328273902189N12157872WA018110187873
B2328283902196N12157872WA018120187856
B2328293902203N12157871WA018120187839
B2328303902209N12157870WA018120187971
B2328313902216N12157867WA018130188100
B2328323902221N12157863WA018140188175
B2328333902227N12157859WA018150188257
B2328343902233N12157855WA018160188331
B2328353902239N12157850WA018160188327
B2328363902245N12157844WA018160188376
B2328373902252N12157838WA018160188231
B2328383902259N12157830WA018150188105
B2328393902265N12157822WA018140188177
B2328403902272N12157815WA018130188101
B2328413902278N12157808WA018130188102
B2328423902283N12157801WA018130188265
B2328433902289N12157794WA018130188118
B2328443902295N12157788WA018120187973
B2328453902302N12157781WA018110187775
B2328463902310N12157775WA018090187501
B2328473902317N12157769WA018070187484
B2328483902325N12157763WA018050187159
B2328493902334N12157758WA018030186804
B2328503902342N12157752WA018000186585
B2328513902352N12157746WA017980186218
B2328523902360N12157740WA017960186078
B2328533902369N12157734WA017950185849
B2328543902377N12157728WA017950185854
B2328553902385N12157722WA017940185712
B2328563902392N12157715WA017940185733
B2328573902399N12157707WA017920185546
B2328583902406N12157698WA017900185217
B2328593902413N12157689WA017870184851
B2329003902420N12157678WA017840184698
B2329013902428N12157669WA017820184410
B2329023902434N12157659WA017800184477
B2329033902441N12157650WA017800184415
B2329043902446N12157641WA017800184486
B2329053902452N12157632WA017790184374
B2329063902458N12157622WA017770184089
B2329073902465N12157612WA017750183714
B2329083902471N12157601WA017720183456
B2329093902478N12157591WA017690183111
B2329103902484N12157580WA017660182965
B2329113902490N12157570WA017640182852
B2329123902495N12157560WA017640182875
B2329133902500N12157550WA017640182856
B2329143902505N12157540WA017630182782
B2329153902510N12157530WA017620182663
B2329163902515N12157519WA017610182443
B2329173902520N12157507WA017600182329
B2329183902524N12157496WA017580182272
B2329193902528N12157485WA017570182280
B2329203902533N12157474WA017570182244
B2329213902537N12157464WA017570182296
B2329223902542N12157455WA017570182230
B2329233902546N12157444WA017560182179
B2329243902551N12157434WA017560181910
B2329253902555N12157422WA017550181836
B2329263902559N12157411WA017540181787
B2329273902563N12157401WA017530181680
B2329283902567N12157390WA017520181783
B2329293902572N12157380WA017520181700
B2329303902575N12157370WA017520181690
B2329313902579N12157360WA017510181680
B2329323902584N12157350WA017510181401
B2329333902588N12157339WA017500181366
B2329343902593N12157329WA017490181242
B2329353902598N12157318WA017480181238
B2329363902603N12157308WA017480181125
B2329373902607N12157298WA017470181171
B2329383902612N12157288WA017470181261
B2329393902617N12157277WA017470181157
B2329403902622N12157267WA017470181020
B2329413902627N12157256WA017460181002
B2329423902632N12157245WA017460180906
B2329433902636N12157234WA017460180977
B2329443902641N12157223WA017450180948
B2329453902646N12157212WA017450180939
B2329463902651N12157202WA017450181059
B2329473902656N12157192WA017450180905
B2329483902661N12157182WA017450180803
B2329493902666N12157171WA017450180942
B2329503902671N12157160WA017440180837
B2329513902676N12157150WA017440180772
B2329523902681N12157139WA017440180668
B2329533902687N12157129WA017440180713
B2329543902692N12157119WA017440180723
B2329553902696N12157109WA017440180844
B2329563902701N12157099WA017450180888
B2329573902706N12157089WA017440180768
B2329583902712N12157079WA017440180809
B2329593902717N12157069WA017440180848
B2330003902722N12157059WA017430180878
B2330013902727N12157049WA017430180969
B2330023902732N12157039WA017430180999
B2330033902738N12157029WA017430180937
B2330043902743N12157020WA017430180883
B2330053902748N12157011WA017430180780
B2330063902754N12157000WA017430180609
B2330073902758N12156990WA017430180648
B2330083902762N12156980WA017430180756
B2330093902765N12156971WA017440180881
B2330103902769N12156962WA017450181000
B2330113902772N12156952WA017460181136
B2330123902775N12156943WA017460181253
B2330133902778N12156933WA017460181256
B2330143902782N12156923WA017460181215
B2330153902785N12156913WA017460181230
B2330163902788N12156902WA017450181263
B2330173902791N12156891WA017450181249
B2330183902794N12156881WA017450181255
B2330193902797N12156871WA017450181293
B2330203902801N12156861WA017450181121
B2330213902804N12156850WA017440181125
B2330223902807N12156839WA017440181032
B2330233902810N12156828WA017440181079
B2330243902813N12156818WA017440181081
B2330253902817N12156807WA017440180933
B2330263902820N12156796WA017440181078
B2330273902824N12156786WA017440180912
B2330283902826N12156775WA017440180994
B2330293902830N12156764WA017440180914
B2330303902833N12156753WA017440180964
B2330313902836N12156742WA017440180974
B2330323902840N12156731WA017440181011
B2330333902843N12156720WA017440181014
B2330343902845N12156710WA017440181080
B2330353902849N12156699WA017440181005
B2330363902852N12156688WA017430180958
B2330373902855N12156678WA017430180740
B2330383902858N12156666WA017420180649
B2330393902861N12156655WA017410180649
B2330403902864N12156645WA017410180663
B2330413902867N12156634WA017400180553
B2330423902870N12156623WA017400180525
B2330433902873N12156612WA017390180656
B2330443902876N12156602WA017380180570
B2330453902880N12156591WA017370180542
B2330463902884N12156580WA017360180538
B2330473902887N12156570WA017360180474
B2330483902891N12156560WA017350180376
B2330493902895N12156550WA017340180214
B2330503902899N12156540WA017330180005
B2330513902902N12156530WA017320179873
B2330523902906N12156519WA017300179788
B2330533902911N12156509WA017290179603
B2330543902914N12156498WA017280179588
B2330553902918N12156488WA017270179589
B2330563902922N12156478WA017260179582
B2330573902926N12156468WA017250179375
B2330583902930N12156458WA017240179270
B2330593902935N12156447WA017230179116
B2331003902939N12156437WA017210179036
B2331013902943N12156427WA017200178826
B2331023902947N12156417WA017190178737
B2331033902951N12156407WA017170178648
B2331043902955N12156397WA017160178479
B2331053902959N12156388WA017150178390
B2331063902964N12156377WA017140178257
B2331073902969N12156367WA017120178004
B2331083902973N12156357WA017110177955
B2331093902977N12156347WA017100177883
B2331103902982N12156337WA017080177724
B2331113902986N12156327WA017070177594
B2331123902990N12156317WA017060177391
B2331133902995N12156307WA017050177231
B2331143902999N12156297WA017030177141
B2331153903003N12156286WA017020177064
B2331163903008N12156276WA017010176811
B2331173903012N12156265WA016990176626
B2331183903016N12156255WA016980176411
B2331193903020N12156244WA016960176446
B2331203903024N12156234WA016950176397
B2331213903029N12156224WA016940176126
B2331223903033N12156214WA016930176043
B2331233903037N12156204WA016910175890
B2331243903042N12156193WA016890175716
B2331253903046N12156183WA016870175520
B2331263903050N12156172WA016850175416
B2331273903054N12156162WA016840175203
B2331283903058N12156152WA016820175006
B2331293903062N12156142WA016810174826
B2331303903066N12156132WA016790174545
B2331313903070N12156122WA016770174352
B2331323903075N12156112WA016760174103
B2331333903079N12156102WA016740174035
B2331343903083N12156092WA016720174089
B2331353903088N12156083WA016700173813
B2331363903092N12156073WA016680173498
B2331373903098N12156064WA016660173120
B2331383903104N12156053WA016630172815
B2331393903110N12156042WA016600172466
B2331403903117N12156031WA016570172239
B2331413903123N12156021WA016540172048
B2331423903130N12156012WA016530172002
B2331433903135N12156003WA016530171971
B2331443903141N12155993WA016520171891
B2331453903147N12155983WA016510171648
B2331463903153N12155973WA016490171446
B2331473903160N12155963WA016470171207
B2331483903166N12155953WA016440170840
B2331493903172N12155942WA016410170662
B2331503903178N12155932WA016390170510
B2331513903183N12155921WA016360170495
B2331523903189N12155911WA016340170296
B2331533903195N12155901WA016320170098
B2331543903202N12155891WA016300170009
B2331553903207N12155881WA016280169775
B2331563903213N12155871WA016260169455
B2331573903219N12155860WA016230169149
B2331583903225N12155850WA016210168805
B2331593903230N12155839WA016180168549
B2332003903236N12155829WA016160168305
B2332013903241N12155819WA016140168143
B2332023903246N12155808WA016120167879
B2332033903252N12155798WA016100167614
B2332043903257N12155787WA016080167357
B2332053903262N12155776WA016060167087
B2332063903268N12155765WA016030166715
B2332073903273N12155754WA016010166551
B2332083903279N12155743WA015980166220
B2332093903285N12155731WA015950165814
B2332103903290N12155720WA015920165572
B2332113903296N12155709WA015900165420
B2332123903301N12155698WA015890165275
B2332133903307N12155688WA015880165163
B2332143903313N12155678WA015860164986
B2332153903319N12155668WA015840164773
B2332163903326N12155659WA015810164524
B2332173903332N12155649WA015790164299
B2332183903339N12155641WA015760164162
B2332193903346N12155631WA015730163938
B2332203903352N12155622WA015700163796
B2332213903359N12155613WA015670163643
B2332223903365N12155604WA015650163395
B2332233903372N12155595WA015620163145
B2332243903378N12155585WA015600162679
B2332253903385N12155577WA015570162440
B2332263903391N12155567WA015550162240
B2332273903398N12155557WA015530162128
B2332283903404N12155548WA015500161857
B2332293903411N12155539WA015480161865
B2332303903418N12155530WA015460161621
B2332313903424N12155520WA015440161267
B2332323903431N12155510WA015420160816
B2332333903437N12155500WA015390160515
B2332343903444N12155490WA015360160024
B2332353903450N12155479WA015350159943
B2332363903455N12155469WA015330159861
B2332373903461N12155459WA015310159573
B2332383903467N12155449WA015300159406
B2332393903472N12155439WA015280159290
B2332403903479N12155428WA015260159159
B2332413903486N12155418WA015230158915
B2332423903492N12155408WA015210158751
B2332433903499N12155399WA015200158515
B2332443903505N12155390WA015180158375
B2332453903513N12155381WA015170158329
B2332463903520N12155373WA015170158334
B2332473903528N12155366WA015160158240
B2332483903535N12155358WA015150158062
B2332493903543N12155348WA015140157849
B2332503903550N12155339WA015120157944
B2332513903557N12155330WA015110157772
B2332523903564N12155322WA015090157720
B2332533903571N12155314WA015090157712
B2332543903578N12155306WA015090157736
B2332553903585N12155298WA015080157519
B2332563903592N12155290WA015070157302
B2332573903599N12155281WA015050157265
B2332583903607N12155273WA015030156941
B2332593903614N12155263WA015020156766
B2333003903621N12155254WA015000156687
B2333013903628N12155245WA015010156461
B2333023903635N12155236WA014990156397
B2333033903643N12155228WA014990156120
B2333043903650N12155219WA014980156042
B2333053903657N12155210WA014960155804
B2333063903663N12155202WA014940155882
B2333073903670N12155193WA014950155727
B2333083903676N12155185WA014940155594
B2333093903684N12155177WA014920155324
B2333103903691N12155169WA014900155132
B2333113903698N12155161WA014880154953
B2333123903705N12155153WA014860154756
B2333133903712N12155146WA014850154582
B2333143903719N12155138WA014840154496
B2333153903727N12155131WA014830154301
B2333163903734N12155123WA014820154118
B2333173903741N12155116WA014800154061
B2333183903748N12155108WA014780153984
B2333193903756N12155101WA014770153813
B2333203903763N12155093WA014750153759
B2333213903770N12155086WA014740153664
B2333223903777N12155078WA014720153566
B2333233903784N12155071WA014710153567
B2333243903791N12155064WA014700153451
B2333253903798N12155056WA014690153330
B2333263903804N12155047WA014680153385
B2333273903810N12155038WA014670153169
B2333283903816N12155030WA014660153042
B2333293903821N12155021WA014650152895
B2333303903827N12155012WA014640152758
B2333313903833N12155004WA014620152532
B2333323903839N12154995WA014610152338
B2333333903845N12154987WA014600152217
B2333343903850N12154979WA014580152198
B2333353903856N12154971WA014560151998
B2333363903862N12154964WA014540151791
B2333373903869N12154956WA014520151533
B2333383903875N12154948WA014500151384
B2333393903882N12154940WA014480150964
B2333403903889N12154932WA014460150853
B2333413903896N12154924WA014440150767
B2333423903903N12154916WA014430150669
B2333433903910N12154910WA014430150552
B2333443903917N12154904WA014430150462
B2333453903924N12154898WA014420150361
B2333463903931N12154891WA014410150279
B2333473903939N12154885WA014400150017
B2333483903946N12154879WA014390149731
B2333493903953N12154872WA014370149651
B2333503903960N12154864WA014360149449
B2333513903967N12154858WA014340149332
B2333523903974N12154850WA014320149128
B2333533903981N12154842WA014310149028
B2333543903988N12154835WA014290148731
B2333553903995N12154827WA014270148559
B2333563904002N12154821WA014250148342
B2333573904009N12154814WA014230148214
B2333583904016N12154807WA014220148115
B2333593904023N12154800WA014200148008
B2334003904030N12154794WA014190147800
B2334013904037N12154786WA014170147718
B2334023904044N12154779WA014150147576
B2334033904052N12154772WA014130147250
B2334043904060N12154764WA014120147035
B2334053904067N12154757WA014100146991
B2334063904075N12154749WA014080146820
B2334073904082N12154740WA014070146716
B2334083904088N12154732WA014060146594
B2334093904095N12154724WA014040146381
B2334103904102N12154715WA014030146148
B2334113904109N12154707WA014010145836
B2334123904116N12154699WA013990145659
B2334133904123N12154692WA013960145471
B2334143904131N12154684WA013940145339
B2334153904138N12154677WA013920145121
B2334163904145N12154669WA013900145019
B2334173904152N12154662WA013880144827
B2334183904159N12154655WA013870144765
B2334193904166N12154647WA013850144556
B2334203904173N12154639WA013830144486
B2334213904181N12154631WA013810144329
B2334223904188N12154624WA013790144151
B2334233904195N12154616WA013780144032
B2334243904201N12154608WA013760143971
B2334253904209N12154601WA013750143721
B2334263904217N12154593WA013730143502
B2334273904224N12154585WA013710143322
B2334283904231N12154577WA013690143287
B2334293904239N12154570WA013670143041
B2334303904247N12154562WA013650142804
B2334313904254N12154555WA013630142553
B2334323904261N12154547WA013600142399
B2334333904269N12154540WA013580142025
B2334343904276N12154532WA013550141767
B2334353904284N12154524WA013520141417
B2334363904291N12154516WA013490141198
B2334373904299N12154508WA013460140846
B2334383904306N12154500WA013430140572
B2334393904314N12154492WA013410140301
B2334403904321N12154483WA013390140149
B2334413904328N12154475WA013370139772
B2334423904336N12154466WA013340139334
B2334433904344N12154457WA013310138822
B2334443904351N12154447WA013270138481
B2334453904359N12154437WA013240137980
B2334463904367N12154427WA013200137781
B2334473904375N12154416WA013170137438
B2334483904382N12154407WA013150137271
B2334493904390N12154398WA013140137053
B2334503904397N12154389WA013120136964
B2334513904404N12154380WA013100136892
B2334523904411N12154371WA013080136773
B2334533904418N12154362WA013050136440
B2334543904424N12154353WA013030136293
B2334553904431N12154344WA013000135880
B2334563904438N12154334WA012970135589
B2334573904446N12154326WA012950135113
B2334583904454N12154316WA012930135017
B2334593904461N12154306WA012900135039
B2335003904469N12154298WA012880134921
B2335013904476N12154289WA012870134757
B2335023904484N12154281WA012850134515
B2335033904492N12154273WA012830134442
B2335043904499N12154263WA012810134370
B2335053904507N12154254WA012780134073
B2335063904515N12154244WA012770133827
B2335073904522N12154235WA012750133570
B2335083904529N12154224WA012740133258
B2335093904536N12154215WA012720133110
B2335103904542N12154205WA012720133166
B2335113904549N12154196WA012700133067
B2335123904556N12154186WA012680132938
B2335133904563N12154176WA012660132647
B2335143904570N12154166WA012640132416
B2335153904577N12154156WA012620132164
B2335163904585N12154145WA012610132049
B2335173904591N12154136WA012600132094
B2335183904598N12154127WA012600131941
B2335193904604N12154119WA012610131995
B2335203904610N12154111WA012610131856
B2335213904616N12154104WA012610131815
B2335223904621N12154097WA012610131806
B2335233904625N12154090WA012610131794
B2335243904631N12154082WA012600131748
B2335253904636N12154074WA012590131637
B2335263904641N12154066WA012580131472
B2335273904647N12154057WA012570131363
B2335283904653N12154048WA012560131346
B2335293904659N12154040WA012540131000
B2335303904664N12154031WA012540130897
B2335313904670N12154023WA012530130780
B2335323904676N12154014WA012520130592
B2335333904682N12154004WA012510130417
B2335343904686N12153995WA012500130485
B2335353904692N12153985WA012490130428
B2335363904696N12153976WA012500130576
B2335373904701N12153968WA012510130404
B2335383904705N12153960WA012520130557
B2335393904710N12153952WA012530130708
B2335403904714N12153944WA012530130742
B2335413904718N12153935WA012530130787
B2335423904723N12153927WA012520130785
B2335433904728N12153919WA012520130732
B2335443904733N12153910WA012520130724
B2335453904737N12153902WA012520130744
B2335463904741N12153893WA012520130647
B2335473904745N12153884WA012520130674
B2335483904750N12153875WA012510130644
B2335493904754N12153866WA012510130540
B2335503904758N12153856WA012510130518
B2335513904762N12153848WA012510130651
B2335523904766N12153839WA012510130651
B2335533904770N12153830WA012510130670
B2335543904774N12153821WA012510130662
B2335553904779N12153812WA012510130512
B2335563904783N12153803WA012510130512
B2335573904787N12153794WA012510130655
B2335583904792N12153785WA012510130616
B2335593904796N12153776WA012500130577
B2336003904802N12153768WA012500130416
B2336013904807N12153761WA012490130496
B2336023904814N12153755WA012490130411
B2336033904820N12153748WA012490130368
B2336043904827N12153743WA012490130424
B2336053904834N12153737WA012480130231
B2336063904841N12153731WA012480130132
B2336073904848N12153725WA012470130002
B2336083904854N12153719WA012460130176
B2336093904861N12153714WA012460130101
B2336103904867N12153708WA012460130108
B2336113904872N12153703WA012450130184
B2336123904878N12153698WA012450130074
B2336133904884N12153692WA012440129886
B2336143904891N12153687WA012430129712
B2336153904897N12153681WA012420129773
B2336163904904N12153676WA012420129646
B2336173904911N12153671WA012420129607
B2336183904917N12153666WA012420129601
B2336193904923N12153660WA012420129507
B2336203904929N12153654WA012420129434
B2336213904935N12153649WA012420129521
B2336223904941N12153643WA012420129382
B2336233904947N12153637WA012410129485
B2336243904953N12153631WA012410129343
B2336253904959N12153625WA012400129229
B2336263904965N12153619WA012400129347
B2336273904971N12153614WA012390129252
B2336283904977N12153608WA012390129283
B2336293904984N12153602WA012390129142
B2336303904990N12153596WA012380129171
B2336313904996N12153589WA012390129139
B2336323905001N12153583WA012390129063
B2336333905007N12153576WA012380129066
B2336343905013N12153570WA012350128882
B2336353905020N12153563WA012340128562
B2336363905028N12153556WA012320128226
B2336373905035N12153549WA012310128157
B2336383905042N12153543WA012310128206
B2336393905048N12153538WA012310128330
B2336403905054N12153532WA012310128336
B2336413905060N12153527WA012300128261
B2336423905067N12153521WA012290128055
B2336433905074N12153515WA012280127774
B2336443905081N12153508WA012270127667
B2336453905087N12153501WA012250127666
B2336463905093N12153495WA012250127632
B2336473905098N12153489WA012250127692
B2336483905105N12153483WA012230127403
B2336493905111N12153476WA012220127145
B2336503905118N12153469WA012200126904
B2336513905124N12153462WA012180126847
B2336523905130N12153456WA012170126848
B2336533905136N12153451WA012160126933
B2336543905142N12153446WA012160126968
B2336553905148N12153440WA012140126868
B2336563905155N12153434WA012130126786
B2336573905162N12153428WA012090126535
B2336583905169N12153421WA012090126309
B2336593905175N12153416WA012090126272
B2337003905182N12153411WA012080126223
B2337013905189N12153406WA012060126115
B2337023905196N12153400WA012050126109
B2337033905203N12153395WA012030125646
B2337043905210N12153389WA012010125483
B2337053905218N12153382WA011980125059
B2337063905225N12153376WA011960124883
B2337073905233N12153370WA011920124773
B2337083905240N12153365WA011930124692
B2337093905248N12153359WA011950124608
B2337103905255N12153354WA011940124565
B2337113905262N12153348WA011920124397
B2337123905270N12153342WA011910124299
B2337133905277N12153337WA011900124216
B2337143905283N12153332WA011910124478
B2337153905290N12153328WA011920124641
B2337163905296N12153322WA011920124779
B2337173905303N12153317WA011920124723
B2337183905310N12153311WA011910124625
B2337193905317N12153305WA011900124627
B2337203905324N12153299WA011890124702
B2337213905330N12153294WA011880124876
B2337223905337N12153290WA011880124752
B2337233905344N12153285WA011870124777
B2337243905351N12153280WA011860124578
B2337253905359N12153275WA011850124444
B2337263905367N12153269WA011840124350
B2337273905374N12153262WA011830124277
B2337283905382N12153256WA011820124124
B2337293905389N12153250WA011810123941
B2337303905396N12153243WA011790123756
B2337313905402N12153237WA011770123492
B2337323905410N12153229WA011760123129
B2337333905417N12153222WA011760123112
B2337343905422N12153215WA011760123276
B2337353905428N12153209WA011750123153
B2337363905434N12153202WA011740123079
B2337373905441N12153195WA011730122945
B2337383905448N12153189WA011720122601
B2337393905454N12153182WA011710122226
B2337403905460N12153175WA011700122198
B2337413905466N12153169WA011690122083
B2337423905473N12153163WA011680122141
B2337433905480N12153156WA011660121948
B2337443905487N12153150WA011650121808
B2337453905494N12153144WA011640121637
B2337463905500N12153139WA011620121681
B2337473905507N12153133WA011610121524
B2337483905514N12153127WA011590121418
B2337493905520N12153122WA011580121272
B2337503905527N12153116WA011570121032
B2337513905534N12153109WA011550120985
B2337523905542N12153103WA011530120722
B2337533905549N12153097WA011500120490
B2337543905557N12153090WA011480120058
B2337553905566N12153084WA011450119638
B2337563905575N12153078WA011430119214
B2337573905583N12153072WA011420119126
B2337583905591N12153067WA011420119107
B2337593905598N12153062WA011410119036
B2338003905605N12153057WA011400119048
B2338013905613N12153053WA011380118900
B2338023905620N12153047WA011360118623
B2338033905627N12153041WA011330118596
B2338043905636N12153035WA011300118219
B2338053905644N12153029WA011280118011
B2338063905651N12153021WA011260117916
B2338073905658N12153015WA011250117914
B2338083905665N12153009WA011260117809
B2338093905671N12153004WA011260117930
B2338103905677N12152998WA011250117934
B2338113905683N12152993WA011250118043
B2338123905689N12152988WA011230117753
B2338133905695N12152982WA011220117423
B2338143905702N12152976WA011200117205
B2338153905709N12152970WA011170117181
B2338163905717N12152963WA011150116926
B2338173905724N12152956WA011130116989
B2338183905731N12152951WA011110116790
B2338193905739N12152945WA011110116657
B2338203905746N12152939WA011110116427
B2338213905752N12152934WA011100116311
B2338223905759N12152928WA011090116100
B2338233905766N12152921WA011070115818
B2338243905773N12152915WA011050115565
B2338253905781N12152909WA011020115215
B2338263905788N12152903WA011000114982
B2338273905796N12152897WA010970114765
B2338283905803N12152891WA010940114476
B2338293905810N12152886WA010920114357
B2338303905817N12152881WA010900114173
B2338313905824N12152875WA010880113873
B2338323905832N12152869WA010850113618
B2338333905839N12152864WA010830113475
B2338343905847N12152858WA010820113107
B2338353905854N12152852WA010800113009
B2338363905861N12152847WA010790112922
B2338373905868N12152841WA010770112740
B2338383905875N12152835WA010760112683
B2338393905883N12152829WA010740112451
B2338403905891N12152822WA010720112326
B2338413905899N12152815WA010700112109
B2338423905906N12152809WA010680112050
B2338433905913N12152802WA010660111981
B2338443905920N12152795WA010640111737
B2338453905926N12152789WA010630111699
B2338463905934N12152784WA010620111552
B2338473905942N12152778WA010610111369
B2338483905950N12152774WA010590111215
B2338493905957N12152770WA010590111152
B2338503905965N12152766WA010590111214
B2338513905972N12152762WA010590111116
B2338523905979N12152758WA010580111003
B2338533905985N12152753WA010580111028
B2338543905991N12152748WA010570111018
B2338553905996N12152743WA010570110849
B2338563906002N12152739WA010570110821
B2338573906008N12152733WA010570110758
B2338583906015N12152729WA010560110633
B2338593906021N12152724WA010550110542
B2339003906027N12152720WA010540110552
B2339013906034N12152715WA010530110511
B2339023906040N12152711WA010520110364
B2339033906046N12152707WA010500110371
B2339043906052N12152702WA010490110289
B2339053906058N12152698WA010480110146
B2339063906064N12152694WA010460110062
B2339073906070N12152690WA010450109835
B2339083906076N12152686WA010440109725
B2339093906082N12152681WA010420109508
B2339103906088N12152677WA010400109332
B2339113906094N12152672WA010380109153
B2339123906100N12152667WA010360108966
B2339133906106N12152663WA010350108993
B2339143906112N12152658WA010340108776
B2339153906119N12152654WA010330108601
B2339163906125N12152649WA010320108374
B2339173906132N12152644WA010290107979
B2339183906140N12152640WA010270107714
B2339193906148N12152636WA010250107413
B2339203906155N12152630WA010230107258
B2339213906162N12152626WA010210107123
B2339223906168N12152621WA010200107155
B2339233906174N12152617WA010190107089
B2339243906180N12152614WA010180106792
B2339253906187N12152610WA010170106584
B2339263906194N12152607WA010160106390
B2339273906201N12152603WA010140106179
B2339283906208N12152600WA010120106062
B2339293906215N12152596WA010100105846
B2339303906222N12152593WA010080105824
B2339313906229N12152589WA010060105749
B2339323906236N12152586WA010050105743
B2339333906243N12152583WA010050105670
B2339343906250N12152579WA010040105562
B2339353906258N12152574WA010030105506
B2339363906264N12152570WA010020105494
B2339373906272N12152566WA010010105202
B2339383906279N12152562WA009990105015
B2339393906286N12152559WA009970104822
B2339403906293N12152556WA009950104644
B2339413906300N12152553WA009930104445
B2339423906308N12152550WA009910104114
B2339433906316N12152547WA009880103933
B2339443906324N12152544WA009860103813
B2339453906332N12152540WA009830103727
B2339463906339N12152537WA009820103473
B2339473906346N12152533WA009800103387
B2339483906354N12152529WA009780103119
B2339493906362N12152525WA009760102815
B2339503906370N12152520WA009730102487
B2339513906380N12152516WA009700102111
B2339523906389N12152512WA009670101912
B2339533906398N12152508WA009650101706
B2339543906407N12152505WA009650101610
B2339553906416N12152501WA009650101736
B2339563906424N12152497WA009650101617
B2339573906432N12152494WA009640101513
B2339583906440N12152490WA009630101319
B2339593906447N12152487WA009610101178
B2340003906455N12152483WA009580100999
B2340013906464N12152480WA009560100625
B2340023906471N12152476WA009530100372
B2340033906479N12152472WA009510100213
B2340043906486N12152467WA009480099998
B2340053906494N12152463WA009450099689
B2340063906502N12152459WA009430099337
B2340073906510N12152454WA009400099019
B2340083906517N12152450WA009370098665
B2340093906525N12152446WA009340098320
B2340103906532N12152441WA009300098096
B2340113906540N12152437WA009260097743
B2340123906547N12152432WA009230097452
B2340133906555N12152426WA009190096915
B2340143906563N12152420WA009150096319
B2340153906571N12152415WA009100095861
B2340163906580N12152409WA009060095424
B2340173906588N12152403WA009020095197
B2340183906597N12152398WA009010094912
B2340193906604N12152392WA008990094694
B2340203906612N12152387WA008970094493
B2340213906620N12152382WA008950094182
B2340223906629N12152377WA008910093746
B2340233906638N12152372WA008870093357
B2340243906647N12152367WA008830092893
B2340253906657N12152362WA008800092528
B2340263906666N12152358WA008770092433
B2340273906675N12152355WA008740092134
B2340283906684N12152351WA008730091927
B2340293906692N12152348WA008720091911
B2340303906700N12152345WA008700091750
B2340313906708N12152339WA008670091668
B2340323906716N12152333WA008640091299
B2340333906724N12152328WA008620090771
B2340343906732N12152323WA008590090470
B2340353906741N12152317WA008560090226
B2340363906749N12152313WA008550090123
B2340373906757N12152309WA008550090040
B2340383906765N12152304WA008550090047
B2340393906772N12152299WA008550090129
B2340403906777N12152295WA008560090279
B2340413906781N12152292WA008570090461
B2340423906785N12152288WA008590090514
B2340433906789N12152285WA008600090503
B2340443906793N12152281WA008590090418
B2340453906797N12152278WA008580090322
B2340463906801N12152274WA008570090255
B2340473906806N12152270WA008560090115
B2340483906810N12152266WA008540089989
B2340493906815N12152262WA008530089756
B2340503906820N12152258WA008520089664
B2340513906826N12152254WA008500089422
B2340523906831N12152250WA008480089223
B2340533906835N12152246WA008460089198
B2340543906840N12152243WA008440089081
B2340553906845N12152239WA008430088864
B2340563906850N12152235WA008410088702
B2340573906853N12152231WA008400088680
B2340583906858N12152227WA008380088518
B2340593906862N12152224WA008370088594
B2341003906866N12152220WA008360088478
B2341013906871N12152216WA008340088329
B2341023906876N12152212WA008320088059
B2341033906882N12152208WA008300087869
B2341043906887N12152206WA008280087630
B2341053906892N12152203WA008280087606
B2341063906896N12152201WA008280087751
B2341073906900N12152198WA008270087672
B2341083906904N12152195WA008270087683
B2341093906909N12152191WA008250087338
B2341103906914N12152187WA008230087145
B2341113906919N12152183WA008210086946
B2341123906924N12152180WA008190086860
B2341133906929N12152177WA008170086755
B2341143906934N12152175WA008160086636
B2341153906939N12152173WA008140086365
B2341163906945N12152171WA008130086226
B2341173906951N12152169WA008110086032
B2341183906956N12152166WA008090085888
B2341193906962N12152163WA008070085638
B2341203906968N12152160WA008060085529
B2341213906973N12152157WA008050085438
B2341223906979N12152154WA008050085372
B2341233906985N12152150WA008040085006
B2341243906990N12152147WA008040084950
B2341253906995N12152143WA008050084965
B2341263906999N12152141WA008060085196
B2341273907003N12152141WA008080085310
B2341283907006N12152140WA008090085574
B2341293907010N12152139WA008100085489
B2341303907015N12152138WA008090085373
B2341313907019N12152137WA008080085190
B2341323907023N12152135WA008080085180
B2341333907027N12152132WA008090085347
B2341343907030N12152130WA008110085497
B2341353907034N12152129WA008120085620
B2341363907038N12152128WA008140085830
B2341373907041N12152126WA008150085975
B2341383907045N12152123WA008160085910
B2341393907045N12152116WA008160085830
B2341403907043N12152109WA008160085618
B2341413907038N12152105WA008160085548
B2341423907031N12152105WA008160085457
B2341433907025N12152107WA008160085539
B2341443907019N12152111WA008160085453
B2341453907015N12152116WA008160085514
B2341463907011N12152121WA008170085714
B2341473907007N12152127WA008180085963
B2341483907005N12152133WA008200086076
B2341493907005N12152139WA008220086359
B2341503907007N12152144WA008230086347
B2341513907010N12152149WA008240086364
B2341523907015N12152153WA008230086344
B2341533907021N12152154WA008220086232
B2341543907027N12152153WA008210085905
B2341553907032N12152149WA008200086078
B2341563907037N12152144WA008200086030
B2341573907040N12152138WA008210086282
B2341583907042N12152133WA008230086740
B2341593907041N12152128WA008250087207
B2342003907038N12152125WA008280087366
B2342013907033N12152124WA008280087126
B2342023907027N12152125WA008270086826
B2342033907021N12152129WA008270086833
B2342043907017N12152135WA008270086896
B2342053907017N12152143WA008270086834
B2342063907019N12152150WA008270086825
B2342073907022N12152155WA008270087058
B2342083907026N12152159WA008280087283
B2342093907031N12152161WA008290087252
B2342103907036N12152161WA008300087266
B2342113907042N12152159WA008300087220
B2342123907046N12152154WA008310087282
B2342133907049N12152149WA008310087491
B2342143907051N12152144WA008330087603
B2342153907050N12152139WA008350087933
B2342163907048N12152135WA008360088032
B2342173907044N12152131WA008370088086
B2342183907040N12152129WA008370087920
B2342193907035N12152128WA008360087802
B2342203907029N12152129WA008350087712
B2342213907023N12152132WA008340087546
B2342223907018N12152137WA008330087469
B2342233907015N12152144WA008330087449
B2342243907013N12152152WA008330087590
B2342253907013N12152159WA008330087684
B2342263907015N12152165WA008340087738
B2342273907018N12152171WA008350087730
B2342283907022N12152175WA008350087852
B2342293907027N12152177WA008350087858
B2342303907032N12152179WA008350087894
B2342313907038N12152179WA008350087735
B2342323907043N12152178WA008350087820
B2342333907047N12152174WA008350087926
B2342343907049N12152169WA008360088096
B2342353907051N12152163WA008370088142
B2342363907051N12152156WA008380088219
B2342373907049N12152151WA008390088354
B2342383907047N12152147WA008400088554
B2342393907044N12152144WA008410088638
B2342403907039N12152143WA008410088691
B2342413907034N12152142WA008400088418
B2342423907027N12152145WA008390088371
B2342433907021N12152149WA008380088176
B2342443907017N12152156WA008370088090
B2342453907016N12152163WA008360088036
B2342463907016N12152171WA008370088074
B2342473907018N12152177WA008370088167
B2342483907022N12152182WA008380088216
B2342493907026N12152186WA008380088138
B2342503907031N12152190WA008370087911
B2342513907036N12152192WA008360087785
B2342523907042N12152192WA008360087588
B2342533907048N12152190WA008360087577
B2342543907053N12152186WA008360087639
B2342553907056N12152180WA008360087728
B2342563907058N12152173WA008360087755
B2342573907057N12152166WA008360087743
B2342583907056N12152159WA008360087713
B2342593907052N12152153WA008370087726
B2343003907048N12152148WA008370087923
B2343013907043N12152144WA008370087948
B2343023907037N12152144WA008370087950
B2343033907031N12152146WA008370087941
B2343043907026N12152150WA008370087833
B2343053907022N12152156WA008360087731
B2343063907019N12152162WA008350087657
B2343073907017N12152168WA008340087689
B2343083907017N12152175WA008340087641
B2343093907018N12152181WA008330087619
B2343103907020N12152189WA008330087631
B2343113907022N12152196WA008320087634
B2343123907023N12152203WA008320087769
B2343133907025N12152211WA008320087616
B2343143907027N12152218WA008320087528
B2343153907030N12152225WA008310087424
B2343163907034N12152230WA008310087242
B2343173907039N12152233WA008310087354
B2343183907044N12152236WA008310087452
B2343193907049N12152237WA008320087474
B2343203907054N12152238WA008320087545
B2343213907058N12152238WA008330087588
B2343223907062N12152238WA008340087684
B2343233907067N12152238WA008340087718
B2343243907070N12152238WA008340087589
B2343253907074N12152239WA008350087631
B2343263907078N12152240WA008340087504
B2343273907081N12152241WA008340087499
B2343283907086N12152243WA008330087289
B2343293907092N12152247WA008310086922
B2343303907097N12152251WA008290086790
B2343313907103N12152254WA008280086687
B2343323907109N12152258WA008270086648
B2343333907113N12152262WA008280086890
B2343343907117N12152265WA008290087072
B2343353907121N12152268WA008300087101
B2343363907124N12152270WA008310087038
B2343373907128N12152273WA008300086931
B2343383907133N12152275WA008300086825
B2343393907137N12152278WA008290086791
B2343403907142N12152280WA008280086799
B2343413907147N12152283WA008270086662
B2343423907153N12152285WA008270086600
B2343433907157N12152287WA008270086781
B2343443907162N12152289WA008270086891
B2343453907167N12152291WA008270086850
B2343463907172N12152292WA008270086948
B2343473907177N12152293WA008270086866
B2343483907183N12152294WA008260086734
B2343493907188N12152293WA008250086678
B2343503907194N12152292WA008240086675
B2343513907199N12152291WA008230086576
B2343523907204N12152289WA008220086497
B2343533907209N12152287WA008210086492
B2343543907215N12152285WA008210086410
B2343553907221N12152283WA008200086330
B2343563907227N12152279WA008190086474
B2343573907233N12152276WA008190086473
B2343583907240N12152273WA008200086519
B2343593907245N12152272WA008210086585
B2344003907251N12152271WA008220086734
B2344013907256N12152270WA008230087021
B2344023907260N12152268WA008230087156
B2344033907265N12152267WA008230087193
B2344043907272N12152265WA008230087017
B2344053907277N12152263WA008240087170
B2344063907283N12152260WA008250087131
B2344073907289N12152257WA008260087311
B2344083907294N12152254WA008280087454
B2344093907300N12152252WA008290087401
B2344103907305N12152249WA008300087424
B2344113907309N12152246WA008320087531
B2344123907313N12152241WA008330087662
B2344133907316N12152236WA008340087764
B2344143907317N12152230WA008340087662
B2344153907315N12152223WA008330087686
B2344163907313N12152216WA008320087499
B2344173907308N12152214WA008310087443
B2344183907303N12152213WA008300087322
B2344193907297N12152213WA008300087369
B2344203907293N12152215WA008300087315
B2344213907288N12152219WA008310087470
B2344223907285N12152223WA008320087538
B2344233907282N12152229WA008330087693
B2344243907281N12152234WA008360087947
B2344253907280N12152240WA008380088182
B2344263907282N12152246WA008400088142
B2344273907284N12152251WA008420088279
B2344283907289N12152256WA008440088232
B2344293907294N12152258WA008450088538
B2344303907299N12152259WA008470088765
B2344313907304N12152257WA008490088777
B2344323907309N12152253WA008500088760
B2344333907313N12152246WA008500088910
B2344343907315N12152238WA008500089034
B2344353907316N12152230WA008510089199
B2344363907317N12152223WA008520089236
B2344373907313N12152219WA008530089170
B2344383907309N12152215WA008540089175
B2344393907304N12152213WA008550089222
B2344403907298N12152212WA008570089353
B2344413907293N12152215WA008580089410
B2344423907288N12152219WA008590089602
B2344433907285N12152224WA008610089807
B2344443907282N12152230WA008620090190
B2344453907283N12152235WA008650090255
B2344463907285N12152240WA008660090259
B2344473907288N12152245WA008660090499
B2344483907293N12152248WA008660090598
B2344493907299N12152249WA008670090548
B2344503907305N12152249WA008680090600
B2344513907310N12152246WA008700090833
B2344523907314N12152241WA008720091064
B2344533907317N12152234WA008740091224
B2344543907318N12152227WA008760091320
B2344553907317N12152220WA008780091552
B2344563907314N12152214WA008800091875
B2344573907310N12152210WA008820091981
B2344583907306N12152206WA008820092105
B2344593907300N12152203WA008830092268
B2345003907295N12152202WA008840092443
B2345013907289N12152203WA008860092693
B2345023907285N12152206WA008870092728
B2345033907281N12152212WA008890092738
B2345043907278N12152219WA008890092883
B2345053907278N12152227WA008890092891
B2345063907280N12152234WA008880092810
B2345073907282N12152240WA008890092821
B2345083907285N12152244WA008890092958
B2345093907292N12152247WA008890093039
B2345103907298N12152249WA008880092964
B2345113907305N12152247WA008880093098
B2345123907312N12152244WA008890093005
B2345133907316N12152239WA008910093193
B2345143907319N12152232WA008930093461
B2345153907321N12152225WA008950093628
B2345163907321N12152219WA008970093756
B2345173907320N12152213WA008990093882
B2345183907318N12152207WA009020093912
B2345193907313N12152203WA009020093920
B2345203907306N12152201WA009010093976
B2345213907300N12152203WA009020094151
B2345223907296N12152206WA009040094337
B2345233907292N12152210WA009060094579
B2345243907293N12152216WA009070094676
B2345253907297N12152222WA009070094716
B2345263907301N12152229WA009060094611
B2345273907307N12152233WA009050094637
B2345283907314N12152237WA009050094624
B2345293907320N12152235WA009050094798
B2345303907326N12152234WA009070094850
B2345313907331N12152231WA009090095041
B2345323907334N12152226WA009120095214
B2345333907335N12152220WA009140095396
B2345343907336N12152213WA009150095478
B2345353907335N12152206WA009140095403
B2345363907332N12152200WA009140095411
B2345373907327N12152195WA009130095598
B2345383907323N12152193WA009130095426
B2345393907317N12152192WA009130095588
B2345403907312N12152193WA009140095624
B2345413907307N12152196WA009150095841
B2345423907303N12152200WA009170095947
B2345433907301N12152207WA009180096130
B2345443907301N12152213WA009190096209
B2345453907303N12152220WA009210096316
B2345463907306N12152226WA009220096483
B2345473907311N12152230WA009220096558
B2345483907317N12152234WA009220096607
B2345493907323N12152237WA009220096722
B2345503907329N12152238WA009230096854
B2345513907335N12152238WA009230096841
B2345523907340N12152236WA009240096764
B2345533907345N12152232WA009260096830
B2345543907349N12152226WA009270096926
B2345553907351N12152220WA009270097165
B2345563907353N12152213WA009280097129
B2345573907353N12152208WA009290097182
B2345583907353N12152202WA009300097215
B2345593907351N12152196WA009310097395
B2346003907349N12152191WA009300097401
B2346013907344N12152185WA009300097375
B2346023907339N12152181WA009300097321
B2346033907333N12152178WA009300097470
B2346043907328N12152177WA009300097583
B2346053907324N12152178WA009310097626
B2346063907320N12152181WA009320097678
B2346073907317N12152186WA009340097610
B2346083907316N12152191WA009350097718
B2346093907316N12152200WA009360097830
B2346103907319N12152207WA009370097813
B2346113907324N12152213WA009380097807
B2346123907330N12152216WA009400097956
B2346133907336N12152215WA009410097943
B2346143907341N12152211WA009410098084
B2346153907345N12152206WA009410098130
B2346163907348N12152199WA009420098426
B2346173907348N12152193WA009420098583
B2346183907348N12152187WA009430098663
B2346193907348N12152181WA009430098610
B2346203907345N12152174WA009430098781
B2346213907342N12152168WA009440098691
B2346223907338N12152163WA009440098700
B2346233907333N12152158WA009450098854
B2346243907328N12152156WA009460099032
B2346253907323N12152156WA009480099222
B2346263907318N12152160WA009490099424
B2346273907315N12152164WA009500099437
B2346283907313N12152169WA009520099519
B2346293907312N12152175WA009530099782
B2346303907313N12152180WA009540099882
B2346313907315N12152185WA009550100030
B2346323907318N12152190WA009550100075
B2346333907322N12152195WA009550100169
B2346343907327N12152200WA009550100221
B2346353907333N12152200WA009560100177
B2346363907339N12152198WA009570100147
B2346373907343N12152195WA009580100280
B2346383907348N12152190WA009590100308
B2346393907350N12152184WA009600100427
B2346403907352N12152179WA009610100470
B2346413907354N12152171WA009620100429
B2346423907354N12152164WA009630100538
B2346433907353N12152157WA009640100738
B2346443907349N12152151WA009650100889
B2346453907345N12152147WA009650100941
B2346463907340N12152144WA009660100940
B2346473907335N12152144WA009680101031
B2346483907331N12152146WA009690101342
B2346493907328N12152149WA009710101475
B2346503907327N12152154WA009720101503
B2346513907326N12152159WA009730101604
B2346523907326N12152164WA009740101719
B2346533907327N12152170WA009750101934
B2346543907329N12152175WA009760102186
B2346553907333N12152179WA009770102328
B2346563907337N12152182WA009780102486
B2346573907343N12152184WA009780102318
B2346583907348N12152186WA009790102491
B2346593907354N12152186WA009800102661
B2347003907360N12152184WA009810102784
B2347013907364N12152180WA009830102647
B2347023907368N12152175WA009840102609
B2347033907370N12152170WA009850102792
B2347043907373N12152164WA009850102981
B2347053907375N12152157WA009860102912
B2347063907375N12152150WA009860103027
B2347073907373N12152144WA009870103084
B2347083907371N12152138WA009870103022
B2347093907368N12152133WA009890103132
B2347103907364N12152130WA009910103221
B2347113907360N12152128WA009920103304
B2347123907355N12152128WA009920103400
B2347133907350N12152129WA009920103366
B2347143907346N12152131WA009930103531
B2347153907342N12152133WA009940103644
B2347163907339N12152135WA009960103937
B2347173907337N12152139WA009970104036
B2347183907336N12152144WA009980104121
B2347193907336N12152150WA009980104180
B2347203907338N12152156WA009980104250
B2347213907341N12152162WA009980104230
B2347223907344N12152167WA009990104381
B2347233907348N12152170WA009990104397
B2347243907354N12152172WA009990104344
B2347253907359N12152173WA010000104587
B2347263907365N12152173WA010020104777
B2347273907371N12152172WA010030104741
B2347283907376N12152169WA010040104853
B2347293907381N12152164WA010050104973
B2347303907386N12152158WA010060104818
B2347313907389N12152152WA010070104931
B2347323907390N12152145WA010070105181
B2347333907391N12152138WA010070105175
B2347343907389N12152132WA010080105282
B2347353907387N12152126WA010090105304
B2347363907383N12152123WA010100105427
B2347373907379N12152122WA010120105533
B2347383907374N12152121WA010130105783
B2347393907370N12152121WA010140105861
B2347403907366N12152121WA010160105956
B2347413907362N12152124WA010160106025
B2347423907358N12152127WA010160105989
B2347433907356N12152133WA010160105951
B2347443907355N12152138WA010170106219
B2347453907354N12152144WA010180106394
B2347463907356N12152149WA010180106444
B2347473907360N12152153WA010190106678
B2347483907365N12152158WA010180106533
B2347493907371N12152161WA010180106409
B2347503907377N12152163WA010170106419
B2347513907383N12152164WA010180106523
B2347523907389N12152163WA010190106504
B2347533907394N12152160WA010200106627
B2347543907399N12152156WA010210106865
B2347553907404N12152152WA010230106812
B2347563907407N12152146WA010230106868
B2347573907410N12152140WA010230107004
B2347583907411N12152133WA010240107106
B2347593907409N12152125WA010250107199
B2348003907407N12152119WA010250107293
B2348013907404N12152114WA010260107360
B2348023907400N12152109WA010270107479
B2348033907396N12152107WA010280107524
B2348043907390N12152107WA010280107587
B2348053907385N12152109WA010290107572
B2348063907382N12152112WA010290107617
B2348073907379N12152117WA010300107786
B2348083907378N12152123WA010310107740
B2348093907379N12152128WA010320107715
B2348103907380N12152134WA010320107861
B2348113907383N12152139WA010320107781
B2348123907388N12152143WA010310107766
B2348133907394N12152146WA010310107759
B2348143907400N12152149WA010310107743
B2348153907406N12152149WA010320107740
B2348163907412N12152146WA010320107738
B2348173907417N12152143WA010330107865
B2348183907422N12152139WA010340108089
B2348193907427N12152134WA010350108002
B2348203907429N12152127WA010360108260
B2348213907429N12152119WA010380108388
B2348223907429N12152112WA010390108489
B2348233907427N12152106WA010410108664
B2348243907425N12152100WA010420108602
B2348253907421N12152094WA010420108775
B2348263907417N12152091WA010420108832
B2348273907412N12152089WA010420108978
B2348283907407N12152090WA010430108993
B2348293907403N12152091WA010430109041
B2348303907399N12152093WA010440109161
B2348313907396N12152095WA010450109334
B2348323907393N12152097WA010450109478
B2348333907391N12152101WA010460109541
B2348343907388N12152104WA010460109562
B2348353907385N12152107WA010450109462
B2348363907383N12152111WA010440109317
B2348373907381N12152117WA010440109376
B2348383907381N12152124WA010430109121
B2348393907382N12152131WA010420109214
B2348403907386N12152137WA010410109202
B2348413907391N12152141WA010410109152
B2348423907398N12152142WA010400109029
B2348433907404N12152144WA010390108982
B2348443907411N12152144WA010390108989
B2348453907419N12152145WA010400108914
B2348463907426N12152144WA010400108848
B2348473907434N12152144WA010400108701
B2348483907441N12152143WA010400108700
B2348493907447N12152142WA010410108890
B2348503907455N12152140WA010410108813
B2348513907462N12152138WA010410108844
B2348523907468N12152136WA010420109092
B2348533907475N12152133WA010420109129
B2348543907480N12152131WA010430109191
B2348553907486N12152128WA010430109137
B2348563907492N12152126WA010430109114
B2348573907498N12152123WA010420109249
B2348583907504N12152122WA010420109294
B2348593907510N12152119WA010430109245
B2349003907516N12152118WA010440109336
B2349013907521N12152117WA010460109567
B2349023907526N12152116WA010480109759
B2349033907531N12152115WA010490109813
B2349043907535N12152113WA010500109992
B2349053907541N12152111WA010510109922
B2349063907546N12152109WA010500109843
B2349073907551N12152107WA010500109889
B2349083907557N12152105WA010500109817
B2349093907562N12152103WA010510109808
B2349103907567N12152101WA010520109901
B2349113907572N12152099WA010540110005
B2349123907577N12152097WA010560110114
B2349133907582N12152095WA010570110313
B2349143907587N12152092WA010590110419
B2349153907591N12152091WA010610110777
B2349163907596N12152091WA010620110918
B2349173907600N12152093WA010620110877
B2349183907604N12152099WA010600110623
B2349193907605N12152106WA010590110442
B2349203907604N12152112WA010580110306
B2349213907601N12152118WA010570110360
B2349223907597N12152122WA010560110230
B2349233907593N12152124WA010570110307
B2349243907588N12152126WA010580110569
B2349253907584N12152128WA010590110622
B2349263907579N12152128WA010600110728
B2349273907573N12152127WA010610110856
B2349283907569N12152125WA010620110800
B2349293907564N12152120WA010640110977
B2349303907561N12152114WA010650111177
B2349313907559N12152108WA010660111274
B2349323907558N12152101WA010660111377
B2349333907558N12152093WA010660111343
B2349343907559N12152085WA010660111318
B2349353907560N12152078WA010660111397
B2349363907564N12152071WA010670111496
B2349373907568N12152066WA010680111495
B2349383907574N12152062WA010710111569
B2349393907579N12152061WA010730111798
B2349403907585N12152061WA010750111918
B2349413907589N12152063WA010770112063
B2349423907594N12152065WA010790112202
B2349433907597N12152068WA010810112354
B2349443907600N12152073WA010820112454
B2349453907603N12152078WA010810112339
B2349463907605N12152085WA010810112224
B2349473907605N12152092WA010820112445
B2349483907604N12152099WA010830112662
B2349493907602N12152105WA010840112884
B2349503907599N12152108WA010860112929
B2349513907594N12152111WA010870113074
B2349523907589N12152112WA010890113158
B2349533907584N12152112WA010900113214
B2349543907579N12152110WA010910113535
B2349553907574N12152106WA010930113798
B2349563907571N12152101WA010950113919
B2349573907568N12152096WA010960113933
B2349583907567N12152089WA010950113900
B2349593907565N12152080WA010950114066
B2350003907565N12152072WA010960114134
B2350013907565N12152064WA010960114196
B2350023907567N12152057WA010970114281
B2350033907570N12152049WA010980114315
B2350043907573N12152042WA010990114568
B2350053907577N12152037WA011010114685
B2350063907582N12152033WA011030114963
B2350073907587N12152030WA011050115049
B2350083907592N12152029WA011060115162
B2350093907598N12152029WA011080115325
B2350103907604N12152030WA011100115405
B2350113907609N12152033WA011110115448
B2350123907613N12152037WA011110115484
B2350133907617N12152042WA011110115616
B2350143907618N12152048WA011110115871
B2350153907619N12152054WA011110115772
B2350163907620N12152060WA011110115812
B2350173907619N12152067WA011110115931
B2350183907617N12152073WA011120116008
B2350193907613N12152080WA011120116051
B2350203907609N12152084WA011130116177
B2350213907605N12152087WA011140116336
B2350223907601N12152088WA011170116432
B2350233907597N12152087WA011190116602
B2350243907593N12152085WA011210116822
B2350253907588N12152081WA011220116979
B2350263907583N12152076WA011220116965
B2350273907580N12152069WA011220117039
B2350283907578N12152062WA011220117073
B2350293907578N12152054WA011220117162
B2350303907580N12152046WA011220117120
B2350313907583N12152038WA011230117102
B2350323907586N12152031WA011240117245
B2350333907590N12152025WA011250117417
B2350343907594N12152021WA011260117551
B2350353907599N12152017WA011280117695
B2350363907605N12152013WA011290117639
B2350373907611N12152012WA011310117909
B2350383907616N12152013WA011330118024
B2350393907621N12152015WA011340118154
B2350403907625N12152018WA011350118372
B2350413907629N12152021WA011350118422
B2350423907632N12152025WA011360118577
B2350433907635N12152031WA011360118525
B2350443907636N12152038WA011350118593
B2350453907637N12152045WA011360118520
B2350463907636N12152052WA011360118690
B2350473907636N12152057WA011370118608
B2350483907633N12152064WA011380118980
B2350493907631N12152069WA011390119104
B2350503907627N12152073WA011420119238
B2350513907623N12152076WA011430119381
B2350523907620N12152076WA011450119411
B2350533907615N12152075WA011460119593
B2350543907611N12152072WA011460119506
B2350553907606N12152069WA011450119386
B2350563907603N12152065WA011440119401
B2350573907600N12152058WA011430119426
B2350583907599N12152050WA011420119339
B2350593907600N12152042WA011400119352
B2351003907603N12152033WA011390119209
B2351013907606N12152026WA011390119234
B2351023907610N12152019WA011390119197
B2351033907616N12152013WA011400119108
B2351043907620N12152008WA011420119171
B2351053907625N12152003WA011430119438
B2351063907630N12152000WA011450119503
B2351073907634N12151997WA011470119780
B2351083907639N12151994WA011500119937
B2351093907644N12151991WA011520120186
B2351103907649N12151987WA011530120178
B2351113907654N12151983WA011530120188
B2351123907659N12151978WA011530120279
B2351133907664N12151973WA011530120257
B2351143907669N12151967WA011540120324
B2351153907673N12151960WA011540120487
B2351163907678N12151954WA011550120512
B2351173907681N12151949WA011550120572
B2351183907685N12151943WA011560120671
B2351193907689N12151937WA011550120578
B2351203907694N12151932WA011540120533
B2351213907699N12151925WA011530120418
B2351223907704N12151919WA011500120131
B2351233907709N12151911WA011480119877
B2351243907715N12151905WA011460119608
B2351253907721N12151901WA011440119402
B2351263907727N12151897WA011420119327
B2351273907734N12151895WA011390119111
B2351283907740N12151892WA011360118975
B2351293907747N12151887WA011340118887
B2351303907755N12151883WA011320118602
B2351313907762N12151879WA011290118401
B2351323907769N12151875WA011270118225
B2351333907776N12151872WA011260118241
B2351343907783N12151868WA011250117997
B2351353907791N12151866WA011240117832
B2351363907798N12151864WA011220117701
B2351373907805N12151861WA011210117620
B2351383907812N12151858WA011190117541
B2351393907819N12151854WA011180117368
B2351403907827N12151851WA011160117211
B2351413907834N12151848WA011140117172
B2351423907842N12151844WA011130117024
B2351433907849N12151840WA011110116898
B2351443907857N12151836WA011090116549
B2351453907864N12151832WA011070116596
B2351463907872N12151828WA011050116274
B2351473907880N12151824WA011030116000
B2351483907886N12151819WA011030116094
B2351493907893N12151815WA011030115999
B2351503907900N12151812WA011020115765
B2351513907907N12151809WA011010115644
B2351523907914N12151806WA011000115472
B2351533907921N12151803WA010990115253
B2351543907927N12151799WA010970115199
B2351553907935N12151796WA010950114831
B2351563907942N12151791WA010920114527
B2351573907949N12151787WA010900114253
B2351583907956N12151782WA010880114052
B2351593907963N12151777WA010850113815
B2352003907970N12151771WA010840113609
B2352013907977N12151767WA010820113405
B2352023907984N12151762WA010810113448
B2352033907991N12151757WA010800113259
B2352043907999N12151753WA010790113135
B2352053908006N12151749WA010780112962
B2352063908014N12151745WA010770112833
B2352073908021N12151741WA010770112712
B2352083908028N12151737WA010770112702
B2352093908035N12151731WA010770112684
B2352103908043N12151727WA010760112520
B2352113908049N12151721WA010740112323
B2352123908053N12151714WA010720112293
B2352133908058N12151708WA010710112322
B2352143908063N12151702WA010700112354
B2352153908068N12151697WA010680112379
B2352163908076N12151694WA010660112345
B2352173908082N12151690WA010630111896
B2352183908090N12151688WA010610111573
B2352193908097N12151684WA010600111342
B2352203908103N12151679WA010610111463
B2352213908109N12151675WA010620111500
B2352223908114N12151670WA010630111429
B2352233908119N12151667WA010630111415
B2352243908124N12151663WA010620111228
B2352253908129N12151659WA010620111106
B2352263908134N12151655WA010600110886
B2352273908141N12151651WA010590110805
B2352283908146N12151648WA010570110851
B2352293908152N12151643WA010560110709
B2352303908156N12151638WA010550110696
B2352313908162N12151634WA010550110675
B2352323908168N12151630WA010550110503
B2352333908172N12151625WA010550110493
B2352343908178N12151620WA010550110571
B2352353908184N12151615WA010560110439
B2352363908189N12151612WA010560110590
B2352373908195N12151608WA010570110527
B2352383908200N12151605WA010580110621
B2352393908205N12151601WA010580110689
B2352403908211N12151598WA010580110762
B2352413908217N12151594WA010580110806
B2352423908223N12151592WA010580110807
B2352433908229N12151590WA010570110703
B2352443908235N12151588WA010550110623
B2352453908240N12151586WA010530110280
B2352463908247N12151583WA010500109946
B2352473908253N12151581WA010470109873
B2352483908261N12151577WA010440109549
B2352493908269N12151574WA010410109355
B2352503908278N12151570WA010380109190
B2352513908287N12151567WA010350108920
B2352523908294N12151563WA010360108838
B2352533908301N12151560WA010370108808
B2352543908305N12151557WA010380108897
B2352553908311N12151554WA010390108928
B2352563908316N12151551WA010400108915
B2352573908321N12151547WA010400108985
B2352583908328N12151543WA010400108866
B2352593908335N12151540WA010400108870
B2353003908342N12151536WA010400108944
B2353013908348N12151533WA010410109071
B2353023908354N12151531WA010420109132
B2353033908360N12151529WA010430109161
B2353043908366N12151525WA010440109196
B2353053908372N12151521WA010450109169
B2353063908378N12151519WA010440109123
B2353073908384N12151517WA010440109033
B2353083908391N12151515WA010430109017
B2353093908397N12151514WA010420108993
B2353103908404N12151512WA010410108990
B2353113908412N12151509WA010410108820
B2353123908419N12151506WA010400108810
B2353133908425N12151502WA010400108847
B2353143908432N12151499WA010410108942
B2353153908439N12151495WA010410108801
B2353163908445N12151491WA010410108851
B2353173908452N12151488WA010400108850
B2353183908459N12151484WA010400108962
B2353193908466N12151480WA010400108833
B2353203908473N12151474WA010400108806
B2353213908479N12151468WA010390108795
B2353223908486N12151461WA010390108739
B2353233908492N12151457WA010390108793
B2353243908499N12151452WA010400108866
B2353253908506N12151447WA010400108856
B2353263908513N12151442WA010400108906
B2353273908519N12151437WA010400108928
B2353283908525N12151433WA010400108977
B2353293908532N12151429WA010400109056
B2353303908539N12151426WA010400109063
B2353313908546N12151422WA010400108965
B2353323908553N12151419WA010400109047
B2353333908560N12151416WA010390109055
B2353343908567N12151413WA010390109126
B2353353908574N12151411WA010380109072
B2353363908582N12151409WA010370108913
B2353373908589N12151408WA010360108940
B2353383908595N12151406WA010350108989
B2353393908602N12151405WA010360108929
B2353403908608N12151404WA010360109008
B2353413908614N12151403WA010350108877
B2353423908621N12151401WA010340108674
B2353433908628N12151399WA010340108465
B2353443908635N12151397WA010330108421
B2353453908641N12151394WA010320108365
B2353463908648N12151390WA010310108327
B2353473908653N12151386WA010290108189
B2353483908659N12151383WA010260107896
B2353493908667N12151380WA010230107453
B2353503908676N12151377WA010190106804
B2353513908684N12151374WA010150106434
B2353523908692N12151371WA010120106134
B2353533908699N12151367WA010100106094
B2353543908707N12151363WA010100105931
B2353553908714N12151358WA010090105757
B2353563908722N12151354WA010070105585
B2353573908731N12151350WA010040105420
B2353583908740N12151346WA010020105102
B2353593908749N12151342WA010000105012
B2354003908757N12151338WA009980104986
B2354013908765N12151335WA009970104981
B2354023908773N12151331WA009970104953
B2354033908781N12151327WA009960104822
B2354043908789N12151323WA009950104644
B2354053908797N12151319WA009940104373
B2354063908806N12151315WA009910104043
B2354073908814N12151311WA009900103972
B2354083908822N12151307WA009870103780
B2354093908831N12151302WA009850103707
B2354103908839N12151297WA009830103623
B2354113908846N12151293WA009820103490
B2354123908854N12151288WA009800103284
B2354133908863N12151284WA009780103250
B2354143908872N12151278WA009760102968
B2354153908880N12151274WA009740102761
B2354163908888N12151270WA009730102591
B2354173908897N12151266WA009720102470
B2354183908905N12151261WA009720102394
B2354193908914N12151256WA009700102127
B2354203908922N12151252WA009690102077
B2354213908931N12151248WA009670102017
B2354223908939N12151243WA009650101926
B2354233908947N12151239WA009640101687
B2354243908956N12151235WA009620101436
B2354253908965N12151231WA009600101316
B2354263908973N12151228WA009590101244
B2354273908981N12151224WA009580101157
B2354283908989N12151221WA009580100940
B2354293908997N12151217WA009580100864
B2354303909005N12151213WA009570100638
B2354313909014N12151210WA009560100504
B2354323909022N12151207WA009550100524
B2354333909031N12151204WA009540100300
B2354343909039N12151200WA009530100147
B2354353909047N12151197WA009520100093
B2354363909056N12151193WA009510099926
B2354373909064N12151189WA009500099937
B2354383909072N12151185WA009480099925
B2354393909080N12151180WA009470099714
B2354403909088N12151175WA009450099603
B2354413909096N12151169WA009420099419
B2354423909104N12151164WA009400099265
B2354433909112N12151158WA009380099141
B2354443909121N12151152WA009360098911
B2354453909129N12151146WA009340098804
B2354463909137N12151141WA009320098642
B2354473909146N12151136WA009300098431
B2354483909154N12151130WA009280098386
B2354493909163N12151125WA009260098089
B2354503909172N12151120WA009240097866
B2354513909181N12151115WA009220097845
B2354523909190N12151110WA009210097624
B2354533909199N12151105WA009200097512
B2354543909207N12151100WA009190097455
B2354553909215N12151095WA009180097489
B2354563909224N12151090WA009170097206
B2354573909232N12151085WA009160097167
B2354583909240N12151081WA009140096960
B2354593909248N12151076WA009130096649
B2355003909256N12151072WA009110096363
B2355013909265N12151067WA009090096020
B2355023909273N12151062WA009080095911
B2355033909281N12151058WA009070095950
B2355043909288N12151053WA009060095850
B2355053909296N12151048WA009050095713
B2355063909303N12151043WA009040095650
B2355073909312N12151037WA009030095303
B2355083909320N12151031WA009010095039
B2355093909328N12151026WA008990094852
B2355103909336N12151020WA008970094797
B2355113909344N12151015WA008950094521
B2355123909351N12151009WA008940094243
B2355133909358N12151003WA008920094074
B2355143909366N12150997WA008900093920
B2355153909374N12150991WA008890093715
B2355163909381N12150985WA008870093689
B2355173909389N12150981WA008850093363
B2355183909397N12150976WA008840093133
B2355193909404N12150972WA008840093195
B2355203909412N12150969WA008840093090
B2355213909420N12150965WA008820093099
B2355223909429N12150963WA008810092850
B2355233909437N12150958WA008790092686
B2355243909446N12150954WA008770092413
B2355253909454N12150948WA008740092318
B2355263909461N12150942WA008720092188
B2355273909469N12150937WA008830092276
B2355283909477N12150931WA008810092202
B2355293909483N12150926WA008780092182
B2355303909491N12150920WA008750091903
B2355313909498N12150914WA008720091721
B2355323909507N12150908WA008690091403
B2355333909515N12150901WA008660091464
B2355343909524N12150895WA008620091103
B2355353909532N12150888WA008580091019
B2355363909539N12150881WA008560091089
B2355373909546N12150874WA008550091069
B2355383909552N12150869WA008540090800
B2355393909558N12150864WA008530090596
B2355403909566N12150861WA008510090653
B2355413909574N12150858WA008490090418
B2355423909581N12150856WA008470090223
B2355433909588N12150854WA008440089823
B2355443909595N12150852WA008420089440
B2355453909601N12150849WA008400089472
B2355463909609N12150848WA008380089210
B2355473909616N12150845WA008360089039
B2355483909622N12150843WA008350088981
B2355493909631N12150840WA008320088611
B2355503909640N12150835WA008300088416
B2355513909648N12150830WA008280088397
B2355523909658N12150825WA008260088115
B2355533909665N12150821WA008260088298
B2355543909672N12150816WA008280088479
B2355553909678N12150812WA008300088513
B2355563909683N12150809WA008310088551
B2355573909689N12150806WA008320088642
B2355583909696N12150803WA008320088410
B2355593909702N12150800WA008320088483
B2356003909710N12150796WA008310088311
B2356013909716N12150792WA008310088376
B2356023909722N12150789WA008310088197
B2356033909728N12150786WA008320088371
B2356043909734N12150782WA008320088208
B2356053909739N12150779WA008320088297
B2356063909746N12150777WA008310088084
B2356073909753N12150773WA008290087886
B2356083909761N12150769WA008280087686
B2356093909768N12150765WA008270087445
B2356103909774N12150761WA008260087476
B2356113909780N12150758WA008260087560
B2356123909786N12150754WA008260087572
B2356133909793N12150750WA008250087458
B2356143909799N12150746WA008240087587
B2356153909805N12150742WA008230087442
B2356163909812N12150739WA008210087166
B2356173909819N12150736WA008190087038
B2356183909826N12150734WA008180086931
B2356193909833N12150731WA008180086844
B2356203909840N12150728WA008170086647
B2356213909847N12150726WA008170086654
B2356223909853N12150723WA008160086496
B2356233909859N12150720WA008150086173
B2356243909866N12150717WA008140086031
B2356253909872N12150713WA008140085929
B2356263909877N12150710WA008130085994
B2356273909883N12150707WA008120085886
B2356283909889N12150705WA008110085770
B2356293909895N12150702WA008090085791
B2356303909901N12150699WA008080085459
B2356313909908N12150697WA008060085033
B2356323909915N12150694WA008040084817
B2356333909922N12150691WA008010084681
B2356343909930N12150688WA007990084382
B2356353909937N12150684WA007970084185
B2356363909944N12150681WA007950084061
B2356373909951N12150677WA007940083892
B2356383909958N12150673WA007940083854
B2356393909965N12150669WA007930083717
B2356403909972N12150666WA007910083741
B2356413909979N12150662WA007900083661
B2356423909987N12150657WA007880083436
B2356433909994N12150653WA007860083267
B2356443910002N12150650WA007830082951
B2356453910009N12150645WA007830082889
B2356463910016N12150642WA007820082873
B2356473910023N12150638WA007810082697
B2356483910031N12150635WA007800082505
B2356493910038N12150632WA007780082322
B2356503910045N12150628WA007770082135
B2356513910052N12150624WA007740081898
B2356523910060N12150621WA007720081574
B2356533910069N12150618WA007690081300
B2356543910076N12150614WA007670081195
B2356553910085N12150611WA007640081011
B2356563910092N12150608WA007620080936
B2356573910099N12150606WA007600080780
B2356583910107N12150602WA007580080558
B2356593910115N12150599WA007560080315
B2357003910122N12150595WA007540080157
B2357013910129N12150592WA007520079960
B2357023910137N12150588WA007500079645
B2357033910145N12150585WA007470079433
B2357043910152N12150582WA007450079275
B2357053910160N12150579WA007420078915
B2357063910167N12150577WA007390078530
B2357073910175N12150574WA007360078377
B2357083910183N12150571WA007340078131
B2357093910191N12150569WA007310078011
B2357103910198N12150566WA007290077798
B2357113910206N12150563WA007260077488
B2357123910214N12150561WA007230077266
B2357133910222N12150558WA007190076824
B2357143910230N12150555WA007160076542
B2357153910238N12150552WA007140076318
B2357163910246N12150550WA007130075932
B2357173910254N12150546WA007120075644
B2357183910260N12150542WA007100075436
B2357193910266N12150539WA007110075082
B2357203910272N12150535WA007100074746
B2357213910279N12150532WA007090074326
B2357223910286N12150530WA007080074033
B2357233910293N12150527WA007040073732
B2357243910300N12150524WA006980073394
B2357253910308N12150521WA006970072966
B2357263910315N12150519WA006930072780
B2357273910321N12150516WA006890072563
B2357283910329N12150513WA006860072057
B2357293910337N12150511WA006820071911
B2357303910345N12150508WA006790071508
B2357313910352N12150505WA006760071325
B2357323910359N12150502WA006730071045
B2357333910367N12150500WA006700070810
B2357343910374N12150496WA006680070876
B2357353910382N12150494WA006670070610
B2357363910389N12150490WA006670070569
B2357373910396N12150488WA006650070463
B2357383910403N12150485WA006640070322
B2357393910409N12150482WA006620070313
B2357403910415N12150479WA006610069999
B2357413910423N12150477WA006590069806
B2357423910430N12150474WA006570069544
B2357433910437N12150471WA006540069426
B2357443910444N12150469WA006530069226
B2357453910451N12150468WA006500069150
B2357463910458N12150465WA006480068896
B2357473910466N12150463WA006460068836
B2357483910473N12150460WA006440068638
B2357493910480N12150458WA006420068567
B2357503910487N12150456WA006410068388
B2357513910494N12150454WA006390068257
B2357523910501N12150452WA006370067864
B2357533910508N12150447WA006350067735
B2357543910515N12150443WA006320067262
B2357553910523N12150439WA006280067032
B2357563910530N12150434WA006260066801
B2357573910536N12150429WA006240066581
B2357583910543N12150424WA006210066391
B2357593910551N12150418WA006190066105
B2358003910557N12150413WA006170065975
B2358013910565N12150409WA006150065635
B2358023910572N12150405WA006130065476
B2358033910580N12150401WA006120065130
B2358043910587N12150396WA006100065072
B2358053910594N12150391WA006080064879
B2358063910601N12150386WA006080064842
B2358073910607N12150381WA006070064672
B2358083910614N12150376WA006060064649
B2358093910620N12150372WA006040064640
B2358103910626N12150367WA006030064683
B2358113910632N12150362WA006010064669
B2358123910639N12150357WA005990064222
B2358133910645N12150352WA005960063970
B2358143910651N12150346WA005940063791
B2358153910657N12150340WA005920063657
B2358163910663N12150334WA005900063179
B2358173910669N12150330WA005880063133
B2358183910674N12150325WA005850062989
B2358193910680N12150321WA005830062764
B2358203910686N12150317WA005800062360
B2358213910693N12150312WA005770061918
B2358223910699N12150307WA005730061553
B2358233910705N12150302WA005700061161
B2358243910712N12150297WA005670060738
B2358253910718N12150293WA005630060599
B2358263910725N12150290WA005590060231
B2358273910731N12150286WA005560059925
B2358283910737N12150282WA005540059547
B2358293910743N12150278WA005500059299
B2358303910750N12150275WA005470058965
B2358313910756N12150271WA005450058794
B2358323910762N12150267WA005420058481
B2358333910768N12150262WA005410058287
B2358343910774N12150258WA005390058042
B2358353910779N12150255WA005360057791
B2358363910785N12150251WA005330057398
B2358373910792N12150248WA005290056938
B2358383910799N12150245WA005260056649
B2358393910806N12150242WA005230056353
B2358403910813N12150238WA005200056189
B2358413910820N12150235WA005170055961
B2358423910827N12150231WA005160055807
B2358433910833N12150228WA005150055744
B2358443910840N12150225WA005140055533
B2358453910847N12150222WA005120055303
B2358463910853N12150218WA005100055288
B2358473910860N12150215WA005070054972
B2358483910867N12150211WA005050054728
B2358493910873N12150208WA005030054592
B2358503910880N12150204WA005010054372
B2358513910887N12150200WA004990054264
B2358523910894N12150196WA004980054137
B2358533910900N12150193WA004970054061
B2358543910907N12150190WA004960053871
B2358553910914N12150187WA004940053764
B2358563910921N12150184WA004920053475
B2358573910928N12150181WA004910053296
B2358583910935N12150177WA004890053155
B2358593910941N12150173WA004880052864
B2359003910948N12150169WA004880052640
B2359013910954N12150165WA004880052666
B2359023910960N12150161WA004880052738
B2359033910965N12150159WA004880052714
B2359043910968N12150156WA004880052671
B2359053910971N12150152WA004880052575
B2359063910976N12150149WA004870052325
B2359073910980N12150145WA004870052163
B2359083910985N12150141WA004860051984
B2359093910991N12150137WA004860051827
B2359103910996N12150134WA004860051825
B2359113911000N12150131WA004860051845
B2359123911005N12150128WA004860051834
B2359133911008N12150124WA004870051855
B2359143911012N12150121WA004870051654
B2359153911015N12150118WA004870051765
B2359163911019N12150115WA004860051581
B2359173911023N12150111WA004850051451
B2359183911028N12150106WA004840051209
B2359193911032N12150103WA004830051201
B2359203911037N12150100WA004820051030
B2359213911042N12150097WA004810050821
B2359223911046N12150093WA004790050690
B2359233911051N12150088WA004780050533
B2359243911055N12150083WA004770050527
B2359253911059N12150078WA004750050348
B2359263911064N12150074WA004730050175
B2359273911071N12150070WA004700049807
B2359283911078N12150066WA004670049457
B2359293911086N12150063WA004640049020
B2359303911094N12150059WA004610048721
B2359313911101N12150055WA004600048857
B2359323911107N12150052WA004600048985
B2359333911113N12150049WA004610049036
B2359343911118N12150046WA004610048914
B2359353911123N12150043WA004600048901
B2359363911128N12150039WA004590048841
B2359373911133N12150035WA004580048682
B2359383911139N12150031WA004570048503
B2359393911144N12150027WA004560048439
B2359403911149N12150024WA004550048349
B2359413911154N12150022WA004540048302
B2359423911158N12150019WA004540048275
B2359433911163N12150016WA004540048218
B2359443911167N12150014WA004530048272
B2359453911172N12150010WA004520048207
B2359463911175N12150005WA004500048017
B2359473911179N12150001WA004490047583
B2359483911184N12149996WA004470047388
B2359493911189N12149991WA004450047229
B2359503911193N12149987WA004440047277
B2359513911198N12149983WA004420047273
B2359523911203N12149979WA004400047366
B2359533911209N12149976WA004380047200
B2359543911215N12149971WA004350047119
B2359553911221N12149967WA004320046763
B2359563911228N12149962WA004280046358
B2359573911236N12149957WA004250045808
B2359583911242N12149953WA004220045736
B2359593911248N12149949WA004230045591
B0000003911254N12149945WA004240045405
B0000013911258N12149941WA004240045392
B0000023911263N12149937WA004240045472
B0000033911268N12149933WA004240045301
B0000043911272N12149928WA004230045349
B0000053911277N12149924WA004220045227
B0000063911282N12149920WA004210045075
B0000073911287N12149916WA004200044962
B0000083911292N12149912WA004190044860
B0000093911297N12149908WA004180044702
B0000103911301N12149904WA004170044745
B0000113911306N12149900WA004160044627
B0000123911311N12149896WA004150044739
B0000133911316N12149892WA004140044617
B0000143911320N12149888WA004130044665
B0000153911325N12149883WA004120044527
B0000163911329N12149879WA004120044531
B0000173911334N12149874WA004110044408
B0000183911339N12149870WA004100044403
B0000193911344N12149865WA004090044319
B0000203911349N12149861WA004080044326
B0000213911354N12149857WA004080044201
B0000223911358N12149852WA004070044172
B0000233911363N12149847WA004070044187
B0000243911368N12149843WA004070044048
B0000253911373N12149840WA004070043910
B0000263911377N12149836WA004060043887
B0000273911381N12149832WA004050043694
B0000283911386N12149828WA004040043561
B0000293911390N12149824WA004030043374
B0000303911395N12149820WA004000043182
B0000313911401N12149816WA003980042903
B0000323911407N12149811WA003950042759
B0000333911414N12149806WA003920042470
B0000343911421N12149800WA003890042085
B0000353911429N12149795WA003860041907
B0000363911435N12149790WA003850041839
B0000373911441N12149786WA003860041769
B0000383911447N12149782WA003870041705
B0000393911451N12149778WA003870041776
B0000403911456N12149774WA003880041836
B0000413911461N12149770WA003880041732
B0000423911466N12149765WA003870041638
B0000433911471N12149760WA003870041689
B0000443911476N12149755WA003860041654
B0000453911481N12149749WA003860041615
B0000463911486N12149745WA003860041600
B0000473911491N12149741WA003870041783
B0000483911496N12149736WA003870041758
B0000493911502N12149731WA003880041817
B0000503911507N12149726WA003880041900
B0000513911511N12149720WA003890041997
B0000523911516N12149716WA003890042090
B0000533911521N12149711WA003910042217
B0000543911525N12149708WA003920042355
B0000553911529N12149704WA003940042435
B0000563911533N12149700WA003970042523
B0000573911537N12149695WA003990042766
B0000583911541N12149691WA004010042993
B0000593911546N12149687WA004040043103
B0001003911549N12149681WA004060043234
B0001013911551N12149674WA004080043439
B0001023911550N12149669WA004080043590
B0001033911547N12149663WA004080043498
B0001043911542N12149661WA004080043476
B0001053911537N12149662WA004080043572
B0001063911533N12149665WA004090043684
B0001073911530N12149671WA004090043782
B0001083911529N12149676WA004110043889
B0001093911530N12149682WA004120043939
B0001103911532N12149688WA004140044035
B0001113911536N12149693WA004150044132
B0001123911541N12149696WA004170044328
B0001133911547N12149697WA004190044565
B0001143911554N12149696WA004210044521
B0001153911560N12149691WA004220044635
B0001163911564N12149684WA004230044785
B0001173911567N12149676WA004240044919
B0001183911567N12149669WA004260045234
B0001193911565N12149662WA004280045524
B0001203911562N12149657WA004300045664
B0001213911558N12149656WA004330045884
B0001223911554N12149656WA004350046079
B0001233911551N12149658WA004370046128
B0001243911547N12149662WA004370046252
B0001253911544N12149666WA004370046363
B0001263911543N12149672WA004370046528
B0001273911543N12149679WA004380046713
B0001283911544N12149685WA004400046772
B0001293911548N12149689WA004410046869
B0001303911553N12149693WA004430046952
B0001313911559N12149694WA004440047082
B0001323911566N12149693WA004450047054
B0001333911572N12149690WA004460047196
B0001343911578N12149685WA004480047414
B0001353911581N12149678WA004500047694
B0001363911584N12149670WA004520047636
B0001373911585N12149663WA004540047815
B0001383911583N12149657WA004560048171
B0001393911581N12149652WA004580048423
B0001403911577N12149649WA004590048563
B0001413911573N12149648WA004610048533
B0001423911568N12149648WA004620048679
B0001433911564N12149649WA004630048776
B0001443911560N12149650WA004630048773
B0001453911556N12149652WA004640049036
B0001463911552N12149654WA004640048765
B0001473911551N12149661WA004650048900
B0001483911550N12149668WA004650048950
B0001493911551N12149675WA004650048871
B0001503911554N12149681WA004660049078
B0001513911560N12149686WA004670049108
B0001523911566N12149688WA004680049201
B0001533911572N12149687WA004700049419
B0001543911578N12149686WA004710049512
B0001553911583N12149682WA004720049673
B0001563911589N12149677WA004730049524
B0001573911592N12149670WA004730049672
B0001583911596N12149663WA004740049724
B0001593911596N12149656WA004750049800
B0002003911594N12149649WA004770049993
B0002013911592N12149644WA004790050273
B0002023911589N12149641WA004810050455
B0002033911585N12149640WA004820050816
B0002043911580N12149642WA004840050960
B0002053911576N12149645WA004850050955
B0002063911573N12149650WA004850051041
B0002073911572N12149656WA004850050905
B0002083911571N12149663WA004850051151
B0002093911572N12149670WA004860051257
B0002103911575N12149676WA004870051328
B0002113911579N12149681WA004880051575
B0002123911586N12149684WA004890051611
B0002133911593N12149684WA004910051705
B0002143911599N12149682WA004920051863
B0002153911605N12149678WA004940052022
B0002163911610N12149672WA004950052132
B0002173911613N12149665WA004960052398
B0002183911615N12149658WA004980052497
B0002193911616N12149651WA004980052461
B0002203911615N12149644WA004990052592
B0002213911613N12149638WA004990052675
B0002223911610N12149634WA004990052646
B0002233911606N12149633WA005000052717
B0002243911601N12149634WA005010052762
B0002253911597N12149636WA005020052905
B0002263911592N12149641WA005020052941
B0002273911591N12149646WA005030052831
B0002283911591N12149652WA005040053093
B0002293911594N12149657WA005050053248
B0002303911599N12149662WA005060053607
B0002313911605N12149666WA005080053711
B0002323911611N12149666WA005090053828
B0002333911617N12149665WA005110053811
B0002343911622N12149660WA005110053971
B0002353911627N12149653WA005110054153
B0002363911631N12149645WA005120054197
B0002373911633N12149637WA005130054356
B0002383911634N12149629WA005130054207
B0002393911632N12149623WA005140054481
B0002403911629N12149618WA005150054470
B0002413911626N12149614WA005170054651
B0002423911621N12149612WA005180054784
B0002433911617N12149614WA005200054692
B0002443911614N12149616WA005210054708
B0002453911610N12149620WA005220054795
B0002463911608N12149625WA005240054925
B0002473911606N12149630WA005250055179
B0002483911606N12149636WA005270055346
B0002493911606N12149641WA005280055393
B0002503911609N12149646WA005290055259
B0002513911612N12149651WA005300055529
B0002523911619N12149655WA005320055536
B0002533911625N12149658WA005340055965
B0002543911631N12149659WA005360056224
B0002553911636N12149657WA005390056496
B0002563911642N12149654WA005410056552
B0002573911647N12149648WA005420056783
B0002583911652N12149640WA005430056838
B0002593911654N12149632WA005430057095
B0003003911654N12149624WA005440057279
B0003013911652N12149618WA005450057264
B0003023911649N12149614WA005460057335
B0003033911645N12149612WA005470057295
B0003043911641N12149612WA005480057344
B0003053911637N12149614WA005490057486
B0003063911634N12149617WA005490057411
B0003073911630N12149619WA005510057588
B0003083911628N12149623WA005520057804
B0003093911626N12149627WA005530058129
B0003103911626N12149633WA005550058306
B0003113911627N12149640WA005560058397
B0003123911631N12149647WA005580058744
B0003133911635N12149652WA005600058848
B0003143911641N12149655WA005630059101
B0003153911647N12149655WA005660059225
B0003163911653N12149653WA005690059413
B0003173911657N12149650WA005710059696
B0003183911662N12149646WA005730059910
B0003193911664N12149639WA005740060051
B0003203911666N12149631WA005750060136
B0003213911666N12149624WA005760060300
B0003223911663N12149618WA005780060583
B0003233911661N12149614WA005790060705
B0003243911656N12149613WA005810060768
B0003253911652N12149615WA005820061023
B0003263911648N12149619WA005840061274
B0003273911646N12149625WA005860061443
B0003283911645N12149631WA005880061634
B0003293911645N12149637WA005900061909
B0003303911645N12149643WA005920062209
B0003313911646N12149648WA005950062518
B0003323911648N12149652WA005970062898
B0003333911653N12149656WA005990063002
B0003343911658N12149657WA006010063097
B0003353911665N12149657WA006030063240
B0003363911671N12149652WA006040063348
B0003373911676N12149647WA006060063601
B0003383911679N12149639WA006080063926
B0003393911680N12149632WA006100064182
B0003403911680N12149624WA006120064347
B0003413911678N12149617WA006140064587
B0003423911675N12149611WA006160064799
B0003433911672N12149608WA006180064902
B0003443911667N12149606WA006200065167
B0003453911663N12149606WA006220065438
B0003463911659N12149608WA006250065777
B0003473911656N12149612WA006270065950
B0003483911653N12149616WA006280066069
B0003493911652N12149622WA006290066115
B0003503911652N12149628WA006310066225
B0003513911652N12149633WA006330066465
B0003523911655N12149637WA006350066619
B0003533911658N12149642WA006370066664
B0003543911664N12149645WA006380066763
B0003553911671N12149645WA006400066827
B0003563911677N12149644WA006420067040
B0003573911682N12149639WA006440067387
B0003583911686N12149633WA006470067853
B0003593911689N12149626WA006500068221
B0004003911689N12149619WA006520068583
B0004013911688N12149612WA006550068736
B0004023911685N12149607WA006560068660
B0004033911681N12149603WA006570068892
B0004043911677N12149601WA006590069096
B0004053911673N12149601WA006610069372
B0004063911669N12149602WA006630069599
B0004073911666N12149605WA006650069777
B0004083911664N12149609WA006670070027
B0004093911662N12149614WA006690070297
B0004103911662N12149620WA006710070510
B0004113911663N12149625WA006740070609
B0004123911665N12149631WA006760070748
B0004133911669N12149636WA006780070944
B0004143911674N12149640WA006800071240
B0004153911680N12149641WA006820071452
B0004163911686N12149640WA006840071744
B0004173911692N12149637WA006850071823
B0004183911697N12149632WA006860071985
B0004193911702N12149625WA006880072149
B0004203911705N12149618WA006890072260
B0004213911707N12149609WA006910072535
B0004223911707N12149601WA006930072806
B0004233911705N12149595WA006960073160
B0004243911702N12149589WA006980073488
B0004253911698N12149586WA007010073690
B0004263911694N12149583WA007030073798
B0004273911690N12149583WA007060073961
B0004283911686N12149583WA007080073924
B0004293911681N12149585WA007090074183
B0004303911678N12149588WA007110074328
B0004313911675N12149593WA007130074572
B0004323911673N12149598WA007160074851
B0004333911672N12149603WA007180075154
B0004343911673N12149608WA007210075436
B0004353911675N12149614WA007240075801
B0004363911677N12149618WA007260075997
B0004373911682N12149622WA007270076073
B0004383911689N12149623WA007270076007
B0004393911695N12149623WA007270076164
B0004403911702N12149620WA007280076308
B0004413911707N12149616WA007300076640
B0004423911711N12149609WA007320077017
B0004433911713N12149602WA007350077273
B0004443911714N12149594WA007370077684
B0004453911715N12149586WA007400077915
B0004463911713N12149579WA007430078175
B0004473911710N12149572WA007450078359
B0004483911706N12149567WA007470078518
B0004493911701N12149564WA007490078751
B0004503911696N12149562WA007510078738
B0004513911691N12149563WA007540078997
B0004523911687N12149566WA007570079261
B0004533911684N12149570WA007600079462
B0004543911682N12149575WA007630079611
B0004553911682N12149579WA007670079929
B0004563911683N12149585WA007690080285
B0004573911686N12149590WA007710080372
B0004583911691N12149593WA007730080618
B0004593911697N12149594WA007730080726
B0005003911704N12149592WA007730080804
B0005013911710N12149586WA007730080935
B0005023911714N12149578WA007750081261
B0005033911716N12149569WA007780081635
B0005043911716N12149561WA007810082138
B0005053911715N12149555WA007850082605
B0005063911712N12149550WA007880082972
B0005073911709N12149546WA007930083222
B0005083911704N12149543WA007960083474
B0005093911700N12149541WA007990083708
B0005103911695N12149541WA008020084075
B0005113911692N12149543WA008060084422
B0005123911690N12149547WA008080084740
B0005133911689N12149552WA008080084850
B0005143911690N12149558WA008080084845
B0005153911693N12149565WA008080084801
B0005163911697N12149570WA008090085045
B0005173911703N12149573WA008110085123
B0005183911709N12149573WA008130085362
B0005193911715N12149571WA008160085560
B0005203911721N12149566WA008180085602
B0005213911725N12149559WA008200085816
B0005223911728N12149552WA008230086060
B0005233911731N12149544WA008270086516
B0005243911731N12149537WA008300086950
B0005253911730N12149530WA008330087170
B0005263911728N12149524WA008350087450
B0005273911725N12149519WA008380087634
B0005283911721N12149516WA008400087811
B0005293911716N12149516WA008410087912
B0005303911711N12149518WA008420088147
B0005313911708N12149521WA008440088327
B0005323911706N12149526WA008460088594
B0005333911706N12149531WA008480088863
B0005343911707N12149536WA008500089155
B0005353911709N12149541WA008520089148
B0005363911712N12149546WA008530089356
B0005373911716N12149550WA008540089492
B0005383911722N12149552WA008550089524
B0005393911728N12149552WA008560089566
B0005403911735N12149550WA008580089744
B0005413911741N12149546WA008600089954
B0005423911746N12149542WA008620090241
B0005433911750N12149535WA008650090408
B0005443911752N12149528WA008680090785
B0005453911754N12149520WA008710090921
B0005463911754N12149512WA008730091140
B0005473911752N12149505WA008760091289
B0005483911749N12149500WA008790091286
B0005493911747N12149497WA008800091333
B0005503911742N12149495WA008810091789
B0005513911738N12149496WA008820091759
B0005523911734N12149500WA008830091882
B0005533911733N12149505WA008840092000
B0005543911733N12149510WA008860092255
B0005553911736N12149515WA008880092402
B0005563911740N12149519WA008900092711
B0005573911745N12149522WA008910092821
B0005583911751N12149523WA008930093066
B0005593911758N12149524WA008950093300
B0006003911764N12149522WA008970093662
B0006013911770N12149519WA009000093925
B0006023911775N12149515WA009030094303
B0006033911779N12149508WA009050094605
B0006043911781N12149500WA009080094905
B0006053911782N12149491WA009080094937
B0006063911781N12149482WA009090095056
B0006073911778N12149474WA009100095193
B0006083911775N12149468WA009120095444
B0006093911771N12149465WA009150095600
B0006103911766N12149463WA009170095878
B0006113911762N12149464WA009190096070
B0006123911759N12149465WA009200096120
B0006133911755N12149468WA009220096242
B0006143911751N12149472WA009220096196
B0006153911750N12149478WA009230096252
B0006163911750N12149484WA009240096470
B0006173911752N12149488WA009260096768
B0006183911755N12149493WA009280096917
B0006193911758N12149498WA009290097152
B0006203911762N12149502WA009320097208
B0006213911766N12149506WA009330097464
B0006223911772N12149507WA009350097575
B0006233911778N12149505WA009360097796
B0006243911784N12149500WA009370097864
B0006253911788N12149493WA009380097967
B0006263911791N12149486WA009400098137
B0006273911792N12149479WA009410098393
B0006283911791N12149471WA009420098464
B0006293911789N12149465WA009430098670
B0006303911787N12149460WA009440098601
B0006313911782N12149457WA009450098775
B0006323911777N12149456WA009450098884
B0006333911773N12149458WA009460098970
B0006343911770N12149461WA009470098952
B0006353911768N12149465WA009490099241
B0006363911767N12149469WA009510099525
B0006373911767N12149473WA009530099768
B0006383911768N12149478WA009550099944
B0006393911772N12149483WA009560100017
B0006403911778N12149486WA009580099918
B0006413911784N12149488WA009600100189
B0006423911790N12149489WA009620100361
B0006433911796N12149487WA009640100725
B0006443911800N12149484WA009660101083
B0006453911805N12149481WA009680101111
B0006463911809N12149476WA009680101096
B0006473911816N12149472WA009680101016
B0006483911822N12149469WA009690101345
B0006493911828N12149466WA009710101417
B0006503911834N12149463WA009720101609
B0006513911840N12149461WA009740101723
B0006523911846N12149458WA009750101848
B0006533911852N12149456WA009750101846
B0006543911858N12149454WA009750101860
B0006553911864N12149450WA009760101855
B0006563911870N12149446WA009760101952
B0006573911876N12149441WA009770101947
B0006583911882N12149437WA009780102005
B0006593911887N12149433WA009790102164
B0007003911893N12149430WA009790102210
B0007013911898N12149426WA009800102342
B0007023911903N12149423WA009800102344
B0007033911908N12149420WA009800102329
B0007043911913N12149417WA009790102229
B0007053911919N12149414WA009770101909
B0007063911926N12149411WA009740101621
B0007073911934N12149407WA009700101102
B0007083911942N12149402WA009670100808
B0007093911949N12149398WA009630100547
B0007103911956N12149394WA009600100437
B0007113911962N12149391WA009580100341
B0007123911968N12149387WA009580100245
B0007133911974N12149383WA009570100168
B0007143911981N12149379WA009560100007
B0007153911987N12149375WA009550099834
B0007163911993N12149371WA009530099673
B0007173912000N12149366WA009520099348
B0007183912007N12149363WA009500099250
B0007193912014N12149359WA009480099068
B0007203912022N12149358WA009460098821
B0007213912028N12149356WA009440098752
B0007223912034N12149353WA009420098639
B0007233912040N12149350WA009400098429
B0007243912046N12149347WA009370098270
B0007253912052N12149343WA009350097998
B0007263912058N12149340WA009320097791
B0007273912065N12149337WA009290097552
B0007283912072N12149334WA009270097212
B0007293912078N12149330WA009240096947
B0007303912085N12149327WA009210096689
B0007313912092N12149325WA009180096477
B0007323912100N12149323WA009160096223
B0007333912107N12149321WA009150096150
B0007343912114N12149318WA009140095962
B0007353912122N12149315WA009140096007
B0007363912128N12149313WA009150096094
B0007373912135N12149311WA009150096044
B0007383912142N12149309WA009150096108
B0007393912148N12149308WA009160096095
B0007403912155N12149306WA009160096099
B0007413912162N12149304WA009170096278
B0007423912168N12149303WA009190096472
B0007433912173N12149301WA009210096785
B0007443912178N12149299WA009240096969
B0007453912183N12149298WA009260097135
B0007463912188N12149297WA009280097200
B0007473912193N12149295WA009290097200
B0007483912197N12149293WA009310097390
B0007493912202N12149291WA009320097465
B0007503912207N12149289WA009330097458
B0007513912212N12149288WA009350097534
B0007523912217N12149286WA009370097705
B0007533912221N12149285WA009380097960
B0007543912226N12149282WA009390097969
B0007553912230N12149281WA009410098292
B0007563912235N12149279WA009420098346
B0007573912240N12149277WA009430098529
B0007583912245N12149276WA009440098610
B0007593912249N12149274WA009460098890
B0008003912254N12149272WA009480099031
B0008013912258N12149269WA009500099156
B0008023912262N12149267WA009530099390
B0008033912266N12149264WA009550099695
B0008043912271N12149261WA009580099818
B0008053912275N12149258WA009590100019
B0008063912279N12149255WA009610100242
B0008073912283N12149252WA009630100575
B0008083912288N12149250WA009650100755
B0008093912293N12149248WA009670101023
B0008103912297N12149246WA009690101284
B0008113912302N12149244WA009710101526
B0008123912307N12149244WA009730101614
B0008133912312N12149245WA009750101884
B0008143912317N12149248WA009760101999
B0008153912321N12149254WA009760102096
B0008163912323N12149261WA009760102155
B0008173912322N12149267WA009760102128
B0008183912318N12149272WA009760102163
B0008193912313N12149274WA009770102126
B0008203912308N12149276WA009780102378
B0008213912305N12149278WA009790102619
B0008223912301N12149280WA009810102878
B0008233912298N12149281WA009820102906
B0008243912293N12149280WA009830103058
B0008253912289N12149278WA009830102803
B0008263912284N12149274WA009820102826
B0008273912279N12149270WA009820102892
B0008283912276N12149265WA009820102840
B0008293912274N12149258WA009830102911
B0008303912272N12149250WA009830103085
B0008313912274N12149242WA009840103034
B0008323912277N12149235WA009860103302
B0008333912280N12149229WA009880103578
B0008343912285N12149227WA009900103770
B0008353912291N12149226WA009910103964
B0008363912297N12149228WA009930103962
B0008373912303N12149231WA009940103971
B0008383912309N12149235WA009940104031
B0008393912314N12149239WA009960104309
B0008403912317N12149245WA009980104574
B0008413912320N12149251WA010000104756
B0008423912322N12149258WA010030104995
B0008433912324N12149265WA010060105058
B0008443912324N12149273WA010090105374
B0008453912322N12149281WA010110105391
B0008463912318N12149288WA010110105470
B0008473912313N12149292WA010110105451
B0008483912308N12149294WA010120105776
B0008493912303N12149295WA010140105990
B0008503912299N12149292WA010150106177
B0008513912295N12149289WA010160106272
B0008523912293N12149284WA010170106102
B0008533912291N12149278WA010180106112
B0008543912290N12149271WA010190106255
B0008553912291N12149265WA010190106426
B0008563912293N12149259WA010190106434
B0008573912296N12149253WA010200106626
B0008583912299N12149248WA010210106784
B0008593912303N12149244WA010230106831
B0009003912307N12149240WA010250107028
B0009013912312N12149238WA010260107039
B0009023912318N12149238WA010280107105
B0009033912323N12149239WA010290107196
B0009043912330N12149242WA010310107202
B0009053912335N12149245WA010330107382
B0009063912338N12149250WA010350107369
B0009073912340N12149257WA010370107550
B0009083912341N12149263WA010380107681
B0009093912342N12149268WA010380107729
B0009103912341N12149275WA010380107874
B0009113912339N12149283WA010370107882
B0009123912336N12149289WA010370107616
B0009133912331N12149293WA010380107712
B0009143912325N12149295WA010390107862
B0009153912320N12149295WA010400108284
B0009163912316N12149293WA010420108697
B0009173912313N12149290WA010450108958
B0009183912311N12149286WA010470109024
B0009193912309N12149281WA010480109020
B0009203912308N12149274WA010490109146
B0009213912308N12149268WA010500109131
B0009223912309N12149261WA010500109332
B0009233912311N12149254WA010520109528
B0009243912314N12149249WA010530109712
B0009253912317N12149244WA010540109982
B0009263912321N12149240WA010560110092
B0009273912326N12149236WA010570110189
B0009283912331N12149234WA010580110286
B0009293912337N12149233WA010590110319
B0009303912342N12149234WA010610110576
B0009313912347N12149237WA010620110694
B0009323912352N12149241WA010630110764
B0009333912356N12149246WA010640110871
B0009343912359N12149251WA010660110984
B0009353912362N12149257WA010670111143
B0009363912364N12149263WA010680111206
B0009373912362N12149269WA010670111196
B0009383912360N12149276WA010670111162
B0009393912356N12149281WA010670111191
B0009403912351N12149284WA010660111098
B0009413912346N12149288WA010660110963
B0009423912341N12149291WA010650110978
B0009433912337N12149294WA010650111007
B0009443912332N12149296WA010650110911
B0009453912326N12149296WA010660111060
B0009463912321N12149294WA010660111119
B0009473912316N12149292WA010680111479
B0009483912312N12149289WA010700111794
B0009493912309N12149285WA010730111865
B0009503912307N12149279WA010750111948
B0009513912305N12149272WA010760112037
B0009523912304N12149265WA010760112038
B0009533912305N12149257WA010760111988
B0009543912307N12149250WA010770112078
B0009553912311N12149244WA010780112139
B0009563912315N12149240WA010790112456
B0009573912320N12149237WA010800112541
B0009583912325N12149236WA010810112672
B0009593912330N12149236WA010820112684
B0010003912336N12149237WA010830112758
B0010013912341N12149241WA010840112721
B0010023912345N12149245WA010840112823
B0010033912349N12149250WA010840112826
B0010043912351N12149257WA010840112841
B0010053912352N12149265WA010850112734
B0010063912351N12149273WA010860112862
B0010073912349N12149280WA010870113122
B0010083912345N12149285WA010880113137
B0010093912340N12149290WA010890113332
B0010103912335N12149292WA010900113436
B0010113912330N12149294WA010910113744
B0010123912325N12149294WA010930113932
B0010133912320N12149292WA010950114190
B0010143912317N12149287WA010960114351
B0010153912314N12149280WA010980114294
B0010163912314N12149273WA010980114203
B0010173912314N12149265WA011000114427
B0010183912315N12149258WA011000114554
B0010193912318N12149251WA011010114728
B0010203912322N12149246WA011010114950
B0010213912327N12149242WA011010115182
B0010223912333N12149239WA011020115104
B0010233912339N12149238WA011020115137
B0010243912345N12149240WA011020114926
B0010253912350N12149243WA011020115079
B0010263912356N12149246WA011020115078
B0010273912362N12149248WA011020115166
B0010283912368N12149251WA011020115282
B0010293912374N12149253WA011030115287
B0010303912380N12149255WA011040115248
B0010313912385N12149257WA011050115564
B0010323912391N12149259WA011060115605
B0010333912397N12149261WA011070115612
B0010343912403N12149262WA011070115648
B0010353912409N12149265WA011070115665
B0010363912416N12149268WA011080115612
B0010373912421N12149271WA011090115775
B0010383912427N12149274WA011100115832
B0010393912432N12149276WA011110115931
B0010403912437N12149278WA011120116043
B0010413912443N12149279WA011110115959
B0010423912449N12149281WA011100115661
B0010433912456N12149283WA011070115490
B0010443912464N12149285WA011050115083
B0010453912473N12149288WA011030114900
B0010463912480N12149290WA011020114901
B0010473912486N12149292WA011030115044
B0010483912492N12149295WA011040115143
B0010493912498N12149298WA011040115301
B0010503912503N12149300WA011050115479
B0010513912510N12149304WA011060115310
B0010523912517N12149306WA011070115528
B0010533912524N12149310WA011090115533
B0010543912529N12149314WA011120115768
B0010553912533N12149320WA011150116191
B0010563912537N12149325WA011190116571
B0010573912541N12149330WA011220116703
B0010583912544N12149335WA011260117017
B0010593912547N12149339WA011290117349
B0011003912551N12149344WA011310117595
B0011013912557N12149349WA011320117616
B0011023912562N12149354WA011350117932
B0011033912567N12149358WA011390118141
B0011043912572N12149360WA011420118646
B0011053912576N12149363WA011460118998
B0011063912581N12149366WA011490119176
B0011073912586N12149369WA011520119391
B0011083912592N12149372WA011540119720
B0011093912597N12149373WA011560119944
B0011103912603N12149371WA011580120013
B0011113912607N12149367WA011600120267
B0011123912610N12149362WA011610120423
B0011133912610N12149356WA011610120681
B0011143912608N12149350WA011620120723
B0011153912603N12149346WA011630121063
B0011163912598N12149344WA011640121212
B0011173912593N12149343WA011660121440
B0011183912588N12149341WA011680121755
B0011193912584N12149339WA011710122055
B0011203912581N12149337WA011740122204
B0011213912577N12149336WA011760122514
B0011223912572N12149337WA011790122750
B0011233912567N12149340WA011820122884
B0011243912564N12149346WA011840122929
B0011253912563N12149354WA011850123207
B0011263912564N12149363WA011860123363
B0011273912568N12149371WA011870123512
B0011283912572N12149378WA011880123714
B0011293912575N12149385WA011900123944
B0011303912578N12149392WA011930124223
B0011313912581N12149398WA011960124543
B0011323912585N12149402WA011980124898
B0011333912591N12149405WA012000124982
B0011343912597N12149404WA012010124988
B0011353912603N12149402WA012010125075
B0011363912608N12149399WA012010125180
B0011373912612N12149394WA012020125357
B0011383912615N12149390WA012040125645
B0011393912618N12149386WA012060125932
B0011403912621N12149382WA012080126143
B0011413912625N12149378WA012100126316
B0011423912629N12149374WA012120126529
B0011433912633N12149371WA012150126762
B0011443912638N12149368WA012170127010
B0011453912643N12149365WA012190127219
B0011463912648N12149363WA012220127407
B0011473912653N12149361WA012240127631
B0011483912658N12149358WA012260127826
B0011493912663N12149355WA012290128131
B0011503912667N12149351WA012300128365
B0011513912671N12149347WA012320128522
B0011523912675N12149342WA012320128617
B0011533912678N12149338WA012320128790
B0011543912683N12149333WA012320128743
B0011553912688N12149328WA012320128726
B0011563912693N12149324WA012330128856
B0011573912698N12149320WA012340128866
B0011583912703N12149316WA012350128981
B0011593912708N12149311WA012360129158
B0012003912712N12149307WA012370129283
B0012013912717N12149302WA012380129404
B0012023912721N12149298WA012390129561
B0012033912726N12149293WA012410129607
B0012043912730N12149290WA012420129880
B0012053912735N12149285WA012440130029
B0012063912739N12149281WA012460130164
B0012073912744N12149276WA012470130323
B0012083912748N12149270WA012490130547
B0012093912752N12149265WA012510130643
B0012103912756N12149259WA012530130929
B0012113912759N12149255WA012560131293
B0012123912763N12149251WA012580131444
B0012133912767N12149247WA012600131513
B0012143912771N12149243WA012620131711
B0012153912775N12149238WA012630131824
B0012163912779N12149233WA012640131922
B0012173912783N12149228WA012660132145
B0012183912787N12149224WA012670132443
B0012193912791N12149220WA012700132636
B0012203912795N12149217WA012720132864
B0012213912800N12149215WA012740132930
B0012223912805N12149214WA012760133162
B0012233912810N12149215WA012770133295
B0012243912816N12149217WA012770133343
B0012253912821N12149222WA012780133328
B0012263912824N12149228WA012800133488
B0012273912825N12149234WA012820133469
B0012283912826N12149241WA012840133735
B0012293912825N12149247WA012850133939
B0012303912823N12149254WA012870134023
B0012313912820N12149259WA012890134178
B0012323912817N12149264WA012920134399
B0012333912814N12149268WA012950134555
B0012343912810N12149270WA012980134787
B0012353912806N12149272WA013000135133
B0012363912801N12149272WA013010135275
B0012373912797N12149272WA013020135412
B0012383912792N12149270WA013040135593
B0012393912789N12149267WA013050135748
B0012403912786N12149264WA013060135832
B0012413912783N12149259WA013060135837
B0012423912781N12149253WA013070135838
B0012433912779N12149247WA013080135991
B0012443912779N12149239WA013090136093
B0012453912781N12149231WA013100136248
B0012463912784N12149225WA013120136375
B0012473912788N12149219WA013130136539
B0012483912793N12149216WA013140136713
B0012493912798N12149213WA013160136989
B0012503912804N12149214WA013180137132
B0012513912809N12149216WA013200137365
B0012523912813N12149220WA013210137493
B0012533912816N12149225WA013230137533
B0012543912817N12149231WA013250137673
B0012553912818N12149237WA013270137963
B0012563912819N12149243WA013290138060
B0012573912820N12149249WA013300138151
B0012583912820N12149255WA013320138297
B0012593912821N12149261WA013340138417
B0013003912820N12149267WA013350138629
B0013013912818N12149273WA013370138801
B0013023912813N12149277WA013380138992
B0013033912809N12149279WA013390139123
B0013043912804N12149279WA013400139310
B0013053912799N12149277WA013410139453
B0013063912795N12149274WA013420139660
B0013073912792N12149268WA013430139855
B0013083912790N12149261WA013440139949
B0013093912789N12149254WA013450140043
B0013103912790N12149246WA013450140006
B0013113912792N12149239WA013460140122
B0013123912795N12149232WA013470140377
B0013133912800N12149227WA013490140468
B0013143912805N12149224WA013500140694
B0013153912811N12149222WA013520140827
B0013163912816N12149222WA013540141072
B0013173912821N12149223WA013550141191
B0013183912827N12149224WA013560141109
B0013193912832N12149227WA013580141222
B0013203912836N12149230WA013590141465
B0013213912840N12149234WA013600141645
B0013223912842N12149239WA013610141769
B0013233912843N12149246WA013620141713
B0013243912842N12149252WA013630141939
B0013253912839N12149258WA013640141965
B0013263912836N12149263WA013650142195
B0013273912833N12149268WA013670142293
B0013283912831N12149272WA013680142446
B0013293912828N12149276WA013690142583
B0013303912826N12149279WA013700142608
B0013313912821N12149281WA013700142657
B0013323912816N12149281WA013700142619
B0013333912810N12149280WA013700142555
B0013343912805N12149277WA013700142648
B0013353912800N12149273WA013710142780
B0013363912797N12149267WA013720142833
B0013373912794N12149260WA013730143085
B0013383912793N12149253WA013740143052
B0013393912793N12149246WA013760143144
B0013403912794N12149239WA013770143357
B0013413912797N12149233WA013780143547
B0013423912801N12149228WA013790143568
B0013433912806N12149225WA013790143593
B0013443912812N12149224WA013800143533
B0013453912817N12149225WA013810143661
B0013463912822N12149227WA013820143755
B0013473912826N12149231WA013830143984
B0013483912830N12149236WA013850143922
B0013493912832N12149241WA013850143963
B0013503912833N12149246WA013850143927
B0013513912832N12149252WA013850143967
B0013523912830N12149258WA013850143996
B0013533912827N12149262WA013850144029
B0013543912823N12149266WA013860144044
B0013553912819N12149269WA013870144130
B0013563912814N12149269WA013880144017
B0013573912808N12149268WA013880144194
B0013583912803N12149265WA013890144179
B0013593912799N12149262WA013890144122
B0014003912795N12149256WA013900144334
B0014013912792N12149250WA013900144390
B0014023912791N12149242WA013910144348
B0014033912791N12149236WA013910144320
B0014043912791N12149228WA013920144467
B0014053912792N12149221WA013920144537
B0014063912793N12149215WA013930144675
B0014073912796N12149210WA013930144740
B0014083912799N12149204WA013930144872
B0014093912804N12149199WA013930144938
B0014103912808N12149196WA013940144985
B0014113912813N12149194WA013950145177
B0014123912818N12149193WA013970145398
B0014133912823N12149194WA013980145477
B0014143912828N12149195WA013990145437
B0014153912832N12149198WA014000145412
B0014163912835N12149201WA014010145549
B0014173912838N12149206WA014010145508
B0014183912839N12149213WA014010145581
B0014193912840N12149218WA014010145526
B0014203912840N12149224WA014010145611
B0014213912838N12149229WA014020145584
B0014223912837N12149235WA014020145543
B0014233912836N12149241WA014020145571
B0014243912836N12149247WA014030145575
B0014253912836N12149253WA014030145715
B0014263912834N12149259WA014040145811
B0014273912831N12149264WA014040145949
B0014283912827N12149269WA014050145965
B0014293912823N12149272WA014050145918
B0014303912818N12149274WA014050145938
B0014313912812N12149274WA014050145899
B0014323912807N12149273WA014050145945
B0014333912802N12149271WA014060145948
B0014343912797N12149268WA014070146067
B0014353912793N12149264WA014070146134
B0014363912790N12149259WA014080146129
B0014373912787N12149254WA014080146192
B0014383912785N12149247WA014070146187
B0014393912784N12149240WA014070146082
B0014403912785N12149232WA014070145956
B0014413912787N12149225WA014060145850
B0014423912791N12149218WA014050145826
B0014433912796N12149213WA014050145708
B0014443912801N12149211WA014050145810
B0014453912806N12149210WA014060145949
B0014463912811N12149210WA014060146134
B0014473912816N12149210WA014070146332
B0014483912820N12149210WA014080146476
B0014493912825N12149212WA014100146537
B0014503912829N12149216WA014110146622
B0014513912832N12149220WA014120146717
B0014523912834N12149225WA014130146879
B0014533912835N12149232WA014140146860
B0014543912835N12149237WA014140146938
B0014553912833N12149243WA014160147106
B0014563912829N12149248WA014160147147
B0014573912824N12149252WA014160147164
B0014583912819N12149254WA014160147125
B0014593912813N12149255WA014150147136
B0015003912807N12149254WA014150147118
B0015013912801N12149252WA014150147160
B0015023912797N12149247WA014150147106
B0015033912793N12149242WA014160147234
B0015043912790N12149236WA014160147391
B0015053912789N12149228WA014160147317
B0015063912788N12149220WA014150147379
B0015073912788N12149212WA014140147251
B0015083912790N12149204WA014140147260
B0015093912792N12149197WA014140147282
B0015103912795N12149191WA014140147234
B0015113912798N12149185WA014150147425
B0015123912801N12149178WA014160147509
B0015133912804N12149172WA014170147583
B0015143912808N12149166WA014180147783
B0015153912813N12149161WA014200148043
B0015163912818N12149157WA014220148249
B0015173912823N12149155WA014240148459
B0015183912829N12149154WA014260148414
B0015193912835N12149154WA014270148517
B0015203912840N12149156WA014280148553
B0015213912845N12149159WA014280148664
B0015223912849N12149164WA014280148610
B0015233912851N12149169WA014280148783
B0015243912853N12149175WA014280148712
B0015253912853N12149181WA014290148703
B0015263912851N12149187WA014290148757
B0015273912848N12149192WA014290148757
B0015283912844N12149197WA014290148740
B0015293912839N12149201WA014290148760
B0015303912834N12149205WA014290148740
B0015313912830N12149207WA014300148701
B0015323912825N12149208WA014300148840
B0015333912820N12149206WA014290148812
B0015343912814N12149201WA014280148506
B0015353912808N12149195WA014270148487
B0015363912804N12149188WA014270148301
B0015373912801N12149180WA014270148545
B0015383912800N12149172WA014280148519
B0015393912798N12149165WA014290148797
B0015403912797N12149158WA014300148746
B0015413912794N12149151WA014310148732
B0015423912791N12149143WA014310148763
B0015433912789N12149135WA014320148871
B0015443912788N12149128WA014340149065
B0015453912788N12149121WA014350149205
B0015463912788N12149114WA014370149437
B0015473912790N12149108WA014390149630
B0015483912793N12149101WA014400149752
B0015493912798N12149096WA014400149807
B0015503912803N12149093WA014410149809
B0015513912808N12149093WA014410149940
B0015523912814N12149094WA014410149803
B0015533912819N12149097WA014420150061
B0015543912823N12149102WA014440150202
B0015553912825N12149108WA014450150442
B0015563912825N12149114WA014460150477
B0015573912825N12149120WA014470150516
B0015583912822N12149126WA014490150599
B0015593912820N12149131WA014500150664
B0016003912815N12149134WA014510150607
B0016013912809N12149136WA014520150685
B0016023912803N12149137WA014530150972
B0016033912797N12149135WA014550151089
B0016043912792N12149132WA014570151218
B0016053912787N12149128WA014580151492
B0016063912784N12149121WA014590151573
B0016073912782N12149114WA014590151550
B0016083912781N12149105WA014590151699
B0016093912781N12149098WA014600151891
B0016103912783N12149090WA014620152038
B0016113912785N12149084WA014630152189
B0016123912790N12149079WA014640152202
B0016133912794N12149075WA014650152346
B0016143912799N12149071WA014660152342
B0016153912804N12149068WA014670152335
B0016163912809N12149067WA014670152526
B0016173912814N12149068WA014680152653
B0016183912819N12149070WA014680152617
B0016193912823N12149073WA014690152727
B0016203912826N12149077WA014700152994
B0016213912829N12149081WA014720153068
B0016223912831N12149086WA014740153205
B0016233912831N12149091WA014760153455
B0016243912831N12149097WA014770153500
B0016253912830N12149103WA014790153628
B0016263912828N12149109WA014790153678
B0016273912826N12149115WA014790153709
B0016283912822N12149121WA014800153862
B0016293912817N12149124WA014810154082
B0016303912812N12149126WA014830154269
B0016313912807N12149128WA014840154399
B0016323912802N12149129WA014860154556
B0016333912797N12149128WA014870154749
B0016343912792N12149126WA014880154704
B0016353912786N12149121WA014880154774
B0016363912782N12149114WA014870154645
B0016373912780N12149106WA014880154604
B0016383912779N12149098WA014880154761
B0016393912781N12149090WA014870154764
B0016403912785N12149083WA014870154628
B0016413912790N12149079WA014870154633
B0016423912795N12149077WA014880154766
B0016433912801N12149077WA014880154812
B0016443912805N12149077WA014900155178
B0016453912809N12149079WA014910155398
B0016463912813N12149083WA014930155560
B0016473912816N12149087WA014950155570
B0016483912819N12149092WA014960155590
B0016493912823N12149096WA014980155666
B0016503912827N12149101WA014990155840
B0016513912831N12149105WA015010156000
B0016523912833N12149109WA015020156214
B0016533912833N12149114WA015020156286
B0016543912832N12149120WA015010156267
B0016553912829N12149126WA015000156285
B0016563912825N12149131WA015000156285
B0016573912820N12149134WA015000156141
B0016583912815N12149133WA015000156115
B0016593912809N12149131WA015000156147
B0017003912804N12149128WA014990156032
B0017013912799N12149123WA014990155952
B0017023912795N12149117WA014980155903
B0017033912791N12149110WA014990156084
B0017043912789N12149103WA014990156171
B0017053912789N12149094WA014990156139
B0017063912791N12149087WA014990156120
B0017073912794N12149080WA014990156150
B0017083912798N12149074WA015000156270
B0017093912803N12149069WA015020156423
B0017103912807N12149065WA015040156762
B0017113912811N12149061WA015050156847
B0017123912815N12149059WA015070156900
B0017133912819N12149057WA015090157000
B0017143912823N12149056WA015090157093
B0017153912828N12149057WA015090156994
B0017163912833N12149058WA015100157049
B0017173912836N12149061WA015110157298
B0017183912839N12149065WA015120157353
B0017193912841N12149070WA015130157421
B0017203912842N12149075WA015120157405
B0017213912841N12149081WA015120157375
B0017223912840N12149087WA015120157257
B0017233912838N12149092WA015120157106
B0017243912834N12149096WA015110157104
B0017253912829N12149099WA015110157053
B0017263912824N12149100WA015100157029
B0017273912818N12149100WA015090156918
B0017283912812N12149099WA015080156920
B0017293912806N12149095WA015080156949
B0017303912801N12149091WA015070156973
B0017313912797N12149085WA015080156915
B0017323912793N12149078WA015090156929
B0017333912790N12149072WA015090157065
B0017343912788N12149065WA015100157156
B0017353912787N12149058WA015100157152
B0017363912786N12149050WA015090157083
B0017373912787N12149042WA015090156963
B0017383912789N12149034WA015070156878
B0017393912793N12149028WA015060156721
B0017403912797N12149022WA015050156879
B0017413912802N12149017WA015040156778
B0017423912808N12149013WA015040156835
B0017433912813N12149008WA015030156794
B0017443912819N12149003WA015040156591
B0017453912825N12148997WA015040156509
B0017463912830N12148993WA015050156702
B0017473912834N12148987WA015070156878
B0017483912839N12148982WA015090156938
B0017493912844N12148978WA015100157136
B0017503912849N12148973WA015120157318
B0017513912853N12148968WA015140157427
B0017523912857N12148962WA015170157419
B0017533912861N12148957WA015190157606
B0017543912865N12148952WA015200157811
B0017553912868N12148945WA015220157858
B0017563912870N12148938WA015230158014
B0017573912870N12148929WA015230158034
B0017583912868N12148920WA015230158126
B0017593912864N12148913WA015230158225
B0018003912858N12148910WA015230158320
B0018013912852N12148910WA015240158431
B0018023912847N12148913WA015260158744
B0018033912844N12148918WA015280159123
B0018043912841N12148923WA015310159483
B0018053912839N12148927WA015340159648
B0018063912837N12148932WA015380159841
B0018073912836N12148937WA015400160072
B0018083912837N12148943WA015420160220
B0018093912839N12148948WA015440160305
B0018103912841N12148953WA015460160479
B0018113912845N12148958WA015470160634
B0018123912850N12148961WA015490160901
B0018133912855N12148960WA015500160966
B0018143912861N12148957WA015510161023
B0018153912866N12148951WA015510161121
B0018163912869N12148943WA015520161330
B0018173912869N12148934WA015530161592
B0018183912868N12148925WA015550161709
B0018193912865N12148917WA015560161769
B0018203912860N12148912WA015580161827
B0018213912854N12148910WA015590162065
B0018223912848N12148909WA015610162181
B0018233912843N12148909WA015630162201
B0018243912837N12148908WA015650162589
B0018253912833N12148909WA015670162860
B0018263912830N12148910WA015690163125
B0018273912827N12148915WA015710163271
B0018283912827N12148920WA015710163208
B0018293912828N12148927WA015710163158
B0018303912832N12148933WA015710163149
B0018313912837N12148938WA015710163262
B0018323912842N12148940WA015720163393
B0018333912847N12148940WA015740163699
B0018343912852N12148939WA015760163821
B0018353912856N12148936WA015780164053
B0018363912860N12148931WA015790164094
B0018373912864N12148924WA015800164188
B0018383912868N12148917WA015800164120
B0018393912869N12148908WA015810164272
B0018403912868N12148899WA015820164395
B0018413912865N12148891WA015830164485
B0018423912861N12148885WA015830164564
B0018433912856N12148881WA015850164654
B0018443912851N12148879WA015850164704
B0018453912845N12148880WA015870164850
B0018463912840N12148882WA015880164863
B0018473912836N12148885WA015890165068
B0018483912833N12148889WA015910165279
B0018493912831N12148893WA015930165348
B0018503912830N12148897WA015940165408
B0018513912828N12148901WA015950165449
B0018523912827N12148907WA015950165582
B0018533912828N12148913WA015950165695
B0018543912832N12148919WA015940165513
B0018553912837N12148923WA015940165428
B0018563912843N12148926WA015930165360
B0018573912850N12148925WA015930165336
B0018583912856N12148923WA015940165526
B0018593912860N12148920WA015950165797
B0019003912865N12148917WA015950165830
B0019013912869N12148912WA015960165925
B0019023912872N12148906WA015960165996
B0019033912875N12148898WA015950165738
B0019043912876N12148889WA015950165671
B0019053912875N12148879WA015940165756
B0019063912872N12148872WA015940165890
B0019073912868N12148866WA015950165887
B0019083912864N12148864WA015960165900
B0019093912859N12148863WA015970166029
B0019103912855N12148865WA015980166104
B0019113912851N12148869WA015990166130
B0019123912848N12148874WA015990166172
B0019133912846N12148881WA015990166080
B0019143912846N12148887WA016000166078
B0019153912848N12148894WA016010166006
B0019163912850N12148900WA016010166124
B0019173912853N12148905WA016020166237
B0019183912857N12148910WA016020166252
B0019193912861N12148912WA016030166299
B0019203912865N12148914WA016030166383
B0019213912869N12148914WA016030166489
B0019223912873N12148914WA016030166596
B0019233912879N12148913WA016020166462
B0019243912885N12148910WA016000166292
B0019253912893N12148906WA015980166020
B0019263912900N12148900WA015970165905
B0019273912906N12148895WA015960166010
B0019283912911N12148889WA015980166216
B0019293912915N12148884WA015990166461
B0019303912920N12148878WA016020166612
B0019313912924N12148871WA016040166797
B0019323912929N12148865WA016060166790
B0019333912934N12148858WA016070166888
B0019343912939N12148853WA016070166952
B0019353912944N12148847WA016070167005
B0019363912948N12148840WA016070167106
B0019373912952N12148833WA016060167034
B0019383912957N12148825WA016040166801
B0019393912961N12148817WA016020166641
B0019403912966N12148809WA016010166626
B0019413912970N12148802WA016010166642
B0019423912974N12148794WA016010166617
B0019433912978N12148787WA016010166685
B0019443912983N12148779WA016010166603
B0019453912986N12148770WA016020166686
B0019463912990N12148763WA016030166760
B0019473912993N12148755WA016050166897
B0019483912997N12148748WA016060167026
B0019493913000N12148740WA016080167298
B0019503913004N12148732WA016090167246
B0019513913008N12148724WA016090167251
B0019523913012N12148715WA016090167326
B0019533913016N12148708WA016100167430
B0019543913019N12148700WA016110167679
B0019553913022N12148694WA016120167741
B0019563913025N12148687WA016130167961
B0019573913028N12148680WA016140168060
B0019583913031N12148672WA016150168175
B0019593913035N12148664WA016150168105
B0020003913038N12148656WA016150168148
B0020013913041N12148648WA016150168139
B0020023913044N12148641WA016160168116
B0020033913047N12148634WA016170168228
B0020043913050N12148628WA016180168345
B0020053913053N12148622WA016190168442
B0020063913056N12148615WA016200168533
B0020073913059N12148608WA016200168551
B0020083913062N12148600WA016200168657
B0020093913065N12148593WA016190168643
B0020103913068N12148586WA016190168591
B0020113913072N12148578WA016190168427
B0020123913075N12148570WA016200168599
B0020133913079N12148563WA016200168657
B0020143913083N12148556WA016210168618
B0020153913087N12148550WA016220168702
B0020163913091N12148543WA016240168745
B0020173913095N12148536WA016250168959
B0020183913100N12148530WA016260168917
B0020193913104N12148524WA016270169082
B0020203913109N12148517WA016280169083
B0020213913114N12148510WA016290169136
B0020223913119N12148503WA016300169109
B0020233913123N12148498WA016320169464
B0020243913127N12148492WA016330169567
B0020253913131N12148486WA016350169664
B0020263913136N12148479WA016360169613
B0020273913140N12148472WA016360169772
B0020283913145N12148464WA016360169849
B0020293913150N12148457WA016370169929
B0020303913153N12148451WA016380170093
B0020313913157N12148444WA016400170187
B0020323913161N12148437WA016410170105
B0020333913164N12148430WA016420170342
B0020343913168N12148423WA016420170344
B0020353913172N12148414WA016410170229
B0020363913176N12148405WA016400170054
B0020373913180N12148396WA016390170054
B0020383913184N12148388WA016370170182
B0020393913188N12148379WA016360170169
B0020403913192N12148372WA016350170054
B0020413913196N12148364WA016340169855
B0020423913200N12148356WA016320169691
B0020433913205N12148347WA016300169395
B0020443913211N12148338WA016270169169
B0020453913217N12148329WA016250168839
B0020463913223N12148320WA016220168653
B0020473913230N12148311WA016200168502
B0020483913236N12148302WA016190168402
B0020493913241N12148293WA016190168473
B0020503913247N12148284WA016180168329
B0020513913252N12148276WA016170168160
B0020523913257N12148267WA016150168080
B0020533913263N12148258WA016130167986
B0020543913269N12148249WA016110167796
B0020553913276N12148241WA016090167535
B0020563913282N12148233WA016060167272
B0020573913288N12148224WA016050167156
B0020583913294N12148216WA016040167084
B0020593913301N12148208WA016040167035
B0021003913308N12148200WA016040166924
B0021013913314N12148192WA016030166710
B0021023913320N12148183WA016020166635
B0021033913326N12148175WA016010166532
B0021043913332N12148167WA016000166582
B0021053913339N12148159WA015990166360
B0021063913346N12148151WA015980166232
B0021073913352N12148143WA015960166191
B0021083913359N12148135WA015950166062
B0021093913366N12148127WA015930165890
B0021103913374N12148118WA015920165629
B0021113913381N12148109WA015910165539
B0021123913387N12148100WA015910165489
B0021133913393N12148092WA015900165382
B0021143913399N12148083WA015910165389
B0021153913406N12148076WA015900165325
B0021163913412N12148068WA015890165261
B0021173913418N12148059WA015870165098
B0021183913425N12148050WA015860164929
B0021193913431N12148042WA015840164755
B0021203913437N12148034WA015830164765
B0021213913444N12148027WA015820164602
B0021223913449N12148018WA015800164628
B0021233913454N12148011WA015790164483
B0021243913460N12148002WA015780164389
B0021253913467N12147994WA015760164135
B0021263913472N12147985WA015740164098
B0021273913480N12147975WA015720163819
B0021283913486N12147966WA015690163785
B0021293913493N12147957WA015680163639
B0021303913499N12147949WA015680163558
B0021313913504N12147942WA015680163662
B0021323913509N12147933WA015680163599
B0021333913515N12147925WA015680163426
B0021343913520N12147917WA015670163371
B0021353913526N12147908WA015660163174
B0021363913532N12147900WA015650162963
B0021373913538N12147892WA015650163007
B0021383913543N12147885WA015650163115
B0021393913547N12147878WA015650163142
B0021403913551N12147870WA015650163159
B0021413913555N12147863WA015640162971
B0021423913560N12147855WA015620162845
B0021433913565N12147847WA015610162531
B0021443913570N12147839WA015590162480
B0021453913576N12147831WA015580162211
B0021463913581N12147823WA015560162140
B0021473913586N12147814WA015550162147
B0021483913591N12147806WA015540162047
B0021493913596N12147798WA015530161911
B0021503913600N12147789WA015520161756
B0021513913604N12147781WA015510161674
B0021523913609N12147773WA015500161521
B0021533913613N12147764WA015490161379
B0021543913618N12147756WA015470161138
B0021553913623N12147748WA015450160924
B0021563913628N12147740WA015430160721
B0021573913632N12147731WA015410160572
B0021583913637N12147722WA015400160304
B0021593913641N12147714WA015380160171
B0022003913645N12147705WA015370160067
B0022013913649N12147697WA015350159993
B0022023913654N12147689WA015330159782
B0022033913660N12147681WA015310159514
B0022043913665N12147673WA015300159388
B0022053913671N12147666WA015300159321
B0022063913676N12147658WA015300159308
B0022073913680N12147651WA015300159327
B0022083913684N12147645WA015300159331
B0022093913688N12147639WA015310159461
B0022103913692N12147633WA015310159473
B0022113913696N12147627WA015310159572
B0022123913700N12147620WA015310159387
B0022133913705N12147614WA015300159203
B0022143913709N12147607WA015290159172
B0022153913714N12147599WA015270158927
B0022163913718N12147592WA015260158961
B0022173913722N12147584WA015260158909
B0022183913725N12147578WA015260158963
B0022193913729N12147571WA015260158926
B0022203913732N12147565WA015260158993
B0022213913736N12147558WA015260158865
B0022223913740N12147551WA015250158778
B0022233913744N12147544WA015250158768
B0022243913748N12147537WA015240158768
B0022253913752N12147530WA015240158729
B0022263913755N12147524WA015240158780
B0022273913759N12147517WA015240158712
B0022283913762N12147510WA015240158766
B0022293913766N12147504WA015240158670
B0022303913770N12147496WA015240158599
B0022313913775N12147489WA015230158409
B0022323913779N12147483WA015230158410
B0022333913783N12147476WA015220158412
B0022343913787N12147469WA015210158316
B0022353913791N12147462WA015210158218
B0022363913794N12147456WA015200158291
B0022373913798N12147449WA015200158282
B0022383913803N12147442WA015190158103
B0022393913807N12147435WA015180158047
B0022403913811N12147429WA015170158091
B0022413913816N12147423WA015170157971
B0022423913821N12147417WA015160157831
B0022433913825N12147411WA015150157782
B0022443913830N12147405WA015150157742
B0022453913835N12147399WA015140157605
B0022463913839N12147394WA015130157661
B0022473913844N12147388WA015120157511
B0022483913848N12147381WA015110157369
B0022493913853N12147375WA015090157104
B0022503913857N12147368WA015080157027
B0022513913861N12147362WA015070156864
B0022523913865N12147356WA015060156790
B0022533913870N12147350WA015050156642
B0022543913874N12147343WA015050156648
B0022553913878N12147337WA015040156575
B0022563913883N12147330WA015030156437
B0022573913887N12147324WA015020156393
B0022583913892N12147317WA015010156137
B0022593913896N12147311WA014990156041
B0023003913900N12147304WA014980155951
B0023013913904N12147296WA014960155778
B0023023913908N12147290WA014950155670
B0023033913913N12147283WA014930155516
B0023043913917N12147278WA014920155460
B0023053913922N12147271WA014900155227
B0023063913927N12147265WA014890155114
B0023073913932N12147258WA014870154918
B0023083913936N12147252WA014860154894
B0023093913941N12147246WA014860154822
B0023103913945N12147240WA014860154830
B0023113913949N12147233WA014860154758
B0023123913954N12147227WA014850154628
B0023133913958N12147222WA014840154570
B0023143913963N12147215WA014830154438
B0023153913967N12147209WA014820154291
B0023163913972N12147202WA014810154143
B0023173913976N12147195WA014800154157
B0023183913980N12147189WA014790154133
B0023193913983N12147183WA014780153970
B0023203913987N12147176WA014760153826
B0023213913991N12147169WA014740153441
B0023223913996N12147161WA014700153020
B0023233914001N12147151WA014670152649
B0023243914006N12147142WA014630152386
B0023253914012N12147133WA014600152128
B0023263914017N12147126WA014590152022
B0023273914022N12147119WA014600152132
B0023283914027N12147112WA014600152109
B0023293914031N12147106WA014600152165
B0023303914036N12147099WA014590152076
B0023313914042N12147092WA014580151834
B0023323914047N12147085WA014560151693
B0023333914053N12147077WA014550151529
B0023343914058N12147070WA014540151437
B0023353914063N12147063WA014530151419
B0023363914067N12147056WA014520151396
B0023373914073N12147049WA014500151200
B0023383914078N12147040WA014490150908
B0023393914083N12147032WA014470150615
B0023403914088N12147024WA014450150413
B0023413914093N12147016WA014430150223
B0023423914098N12147008WA014410150146
B0023433914103N12147001WA014390150073
B0023443914109N12146994WA014380149912
B0023453914114N12146987WA014360149640
B0023463914119N12146979WA014340149474
B0023473914125N12146971WA014320149286
B0023483914132N12146963WA014300148907
B0023493914138N12146955WA014280148707
B0023503914143N12146947WA014260148589
B0023513914149N12146940WA014250148426
B0023523914154N12146933WA014230148371
B0023533914160N12146925WA014220148132
B0023543914166N12146916WA014200147919
B0023553914171N12146907WA014180147679
B0023563914177N12146898WA014160147448
B0023573914182N12146889WA014140147258
B0023583914187N12146881WA014120147054
B0023593914192N12146873WA014110146910
B0024003914196N12146864WA014090146965
B0024013914201N12146856WA014070146771
B0024023914207N12146848WA014060146653
B0024033914214N12146840WA014040146404
B0024043914220N12146833WA014030146292
B0024053914228N12146826WA014030146104
B0024063914234N12146819WA014030146259
B0024073914240N12146813WA014040146227
B0024083914245N12146807WA014030146257
B0024093914251N12146801WA014020146118
B0024103914256N12146795WA014000145887
B0024113914262N12146789WA013970145593
B0024123914269N12146782WA013940145144
B0024133914276N12146776WA013910144882
B0024143914284N12146769WA013890144599
B0024153914293N12146764WA013850144320
B0024163914301N12146758WA013830144263
B0024173914309N12146753WA013820144060
B0024183914316N12146747WA013810143963
B0024193914323N12146740WA013790143767
B0024203914330N12146733WA013770143479
B0024213914338N12146726WA013740143004
B0024223914346N12146719WA013710142705
B0024233914354N12146712WA013690142417
B0024243914362N12146706WA013660142330
B0024253914370N12146699WA013670142239
B0024263914377N12146694WA013680142423
B0024273914383N12146688WA013700142733
B0024283914388N12146683WA013720143014
B0024293914392N12146678WA013730143226
B0024303914396N12146673WA013730143266
B0024313914401N12146668WA013720143094
B0024323914408N12146662WA013700142712
B0024333914415N12146655WA013680142312
B0024343914423N12146648WA013650141903
B0024353914430N12146640WA013620141799
B0024363914437N12146633WA013600141791
B0024373914444N12146626WA013600141810
B0024383914449N12146619WA013610142068
B0024393914454N12146613WA013620142059
B0024403914459N12146608WA013620142030
B0024413914464N12146601WA013610142046
B0024423914469N12146594WA013600141879
B0024433914475N12146588WA013580141691
B0024443914481N12146581WA013570141494
B0024453914488N12146575WA013550141304
B0024463914493N12146569WA013540141248
B0024473914498N12146564WA013530141267
B0024483914503N12146559WA013520141147
B0024493914508N12146554WA013510140955
B0024503914514N12146549WA013490140720
B0024513914520N12146543WA013470140426
B0024523914526N12146538WA013450140274
B0024533914533N12146532WA013420139949
B0024543914540N12146527WA013400139758
B0024553914547N12146522WA013380139597
B0024563914555N12146517WA013360139228
B0024573914562N12146512WA013340139038
B0024583914569N12146507WA013310138955
B0024593914576N12146501WA013300138788
B0025003914584N12146496WA013280138541
B0025013914591N12146490WA013260138369
B0025023914598N12146485WA013240138084
B0025033914606N12146480WA013220137812
B0025043914612N12146475WA013200137692
B0025053914619N12146470WA013190137420
B0025063914625N12146464WA013170137337
B0025073914631N12146460WA013160137161
B0025083914638N12146455WA013140136842
B0025093914646N12146450WA013110136505
B0025103914653N12146445WA013080136283
B0025113914661N12146440WA013050135974
B0025123914669N12146435WA013030135741
B0025133914676N12146429WA013010135606
B0025143914682N12146424WA012990135452
B0025153914689N12146418WA012970135213
B0025163914695N12146412WA012950135077
B0025173914702N12146407WA012930134680
B0025183914710N12146401WA012900134446
B0025193914717N12146395WA012880134278
B0025203914725N12146390WA012860134058
B0025213914733N12146385WA012850133807
B0025223914740N12146380WA012840133636
B0025233914747N12146375WA012830133529
B0025243914754N12146370WA012820133336
B0025253914761N12146366WA012810133160
B0025263914769N12146360WA012790132816
B0025273914776N12146354WA012760132579
B0025283914784N12146349WA012740132220
B0025293914791N12146342WA012710132096
B0025303914799N12146337WA012680131841
B0025313914807N12146331WA012660131602
B0025323914814N12146325WA012640131447
B0025333914822N12146320WA012610131310
B0025343914829N12146314WA012590131150
B0025353914837N12146308WA012570130904
B0025363914844N12146303WA012550130771
B0025373914852N12146297WA012530130588
B0025383914861N12146292WA012510130341
B0025393914870N12146286WA012490130007
B0025403914878N12146281WA012470129951
B0025413914886N12146275WA012450129776
B0025423914894N12146270WA012430129665
B0025433914902N12146265WA012430129550
B0025443914910N12146259WA012430129366
B0025453914918N12146254WA012410129286
B0025463914926N12146249WA012400129096
B0025473914934N12146244WA012380128899
B0025483914943N12146240WA012370128703
B0025493914951N12146236WA012350128500
B0025503914959N12146231WA012330128413
B0025513914967N12146226WA012310128329
B0025523914975N12146222WA012290128117
B0025533914983N12146218WA012270127937
B0025543914991N12146214WA012250127666
B0025553915000N12146210WA012230127313
B0025563915009N12146205WA012200127108
B0025573915018N12146201WA012180126909
B0025583915026N12146197WA012170126884
B0025593915035N12146193WA012170126723
B0026003915043N12146189WA012180126716
B0026013915050N12146185WA012180126868
B0026023915057N12146181WA012180126868
B0026033915064N12146177WA012170126794
B0026043915072N12146173WA012160126630
B0026053915080N12146168WA012140126332
B0026063915088N12146162WA012110125879
B0026073915096N12146157WA012080125677
B0026083915106N12146151WA012050125307
B0026093915115N12146146WA012020125101
B0026103915123N12146140WA011990125065
B0026113915132N12146135WA011980124903
B0026123915140N12146130WA011980124828
B0026133915148N12146126WA011970124766
B0026143915156N12146121WA011960124598
B0026153915165N12146115WA011950124419
B0026163915173N12146110WA011940124296
B0026173915182N12146106WA011930124211
B0026183915190N12146101WA011920124176
B0026193915199N12146097WA011910124102
B0026203915206N12146092WA011890124188
B0026213915214N12146088WA011880123972
B0026223915222N12146083WA011860123864
B0026233915230N12146078WA011850123655
B0026243915239N12146073WA011830123444
B0026253915247N12146068WA011820123195
B0026263915256N12146063WA011800122923
B0026273915264N12146058WA011780122760
B0026283915272N12146053WA011780122763
B0026293915280N12146049WA011780122684
B0026303915288N12146044WA011770122568
B0026313915296N12146040WA011760122377
B0026323915305N12146036WA011750122208
B0026333915314N12146033WA011730122102
B0026343915322N12146029WA011720122076
B0026353915330N12146026WA011700121985
B0026363915338N12146023WA011690121880
B0026373915346N12146018WA011680121939
B0026383915353N12146014WA011680121867
B0026393915360N12146010WA011680121731
B0026403915367N12146006WA011670121738
B0026413915374N12146002WA011660121769
B0026423915382N12145999WA011650121423
B0026433915390N12145995WA011640121311
B0026443915398N12145991WA011620121122
B0026453915406N12145986WA011600121116
B0026463915413N12145983WA011590121040
B0026473915420N12145978WA011580121048
B0026483915427N12145974WA011570120987
B0026493915434N12145970WA011550120798
B0026503915442N12145966WA011540120655
B0026513915450N12145962WA011520120524
B0026523915458N12145959WA011510120519
B0026533915465N12145957WA011500120483
B0026543915473N12145955WA011500120465
B0026553915480N12145952WA011500120189
B0026563915488N12145949WA011490120158
B0026573915497N12145946WA011480120128
B0026583915505N12145943WA011460119932
B0026593915513N12145939WA011440119825
B0027003915521N12145935WA011430119716
B0027013915528N12145932WA011420119650
B0027023915535N12145928WA011410119599
B0027033915543N12145925WA011400119407
B0027043915550N12145922WA011390119365
B0027053915558N12145919WA011380119044
B0027063915566N12145916WA011370118845
B0027073915574N12145913WA011350118748
B0027083915582N12145910WA011340118607
B0027093915589N12145907WA011330118563
B0027103915596N12145904WA011320118591
B0027113915604N12145900WA011310118538
B0027123915611N12145898WA011300118480
B0027133915619N12145894WA011290118267
B0027143915627N12145891WA011270118077
B0027153915635N12145888WA011250117966
B0027163915643N12145886WA011240117843
B0027173915651N12145883WA011220117768
B0027183915659N12145881WA011200117588
B0027193915667N12145879WA011190117376
B0027203915675N12145877WA011180117283
B0027213915683N12145874WA011170117144
B0027223915691N12145871WA011150117010
B0027233915699N12145868WA011140116942
B0027243915707N12145865WA011120116780
B0027253915715N12145862WA011110116562
B0027263915723N12145859WA011090116497
B0027273915731N12145856WA011070116382
B0027283915740N12145851WA011040116206
B0027293915749N12145847WA011020116037
B0027303915758N12145843WA010990115617
B0027313915767N12145839WA010960115353
B0027323915777N12145834WA010940115037
B0027333915786N12145830WA010930114794
B0027343915796N12145826WA010930114427
B0027353915804N12145823WA010920114231
B0027363915812N12145819WA010910114147
B0027373915820N12145816WA010900113943
B0027383915828N12145812WA010880113763
B0027393915837N12145807WA010850113419
B0027403915845N12145804WA010830113173
B0027413915854N12145800WA010810112978
B0027423915863N12145796WA010790112727
B0027433915871N12145792WA010770112668
B0027443915880N12145788WA010750112508
B0027453915888N12145785WA010750112422
B0027463915896N12145781WA010750112352
B0027473915904N12145777WA010730112147
B0027483915912N12145774WA010720111980
B0027493915921N12145770WA010700111700
B0027503915929N12145765WA010680111533
B0027513915937N12145761WA010650111396
B0027523915946N12145757WA010630111077
B0027533915955N12145754WA010610110874
B0027543915965N12145750WA010580110609
B0027553915974N12145747WA010560110448
B0027563915983N12145744WA010540110257
B0027573915992N12145741WA010520110368
B0027583916001N12145738WA010510110216
B0027593916010N12145735WA010500110006
B0028003916018N12145732WA010490109981
B0028013916028N12145728WA010470109718
B0028023916037N12145726WA010450109632
B0028033916046N12145723WA010440109475
B0028043916055N12145721WA010420109290
B0028053916065N12145718WA010400109226
B0028063916074N12145716WA010380109073
B0028073916083N12145713WA010370108984
B0028083916093N12145711WA010360108712
B0028093916102N12145708WA010350108667
B0028103916111N12145706WA010350108679
B0028113916120N12145705WA010350108623
B0028123916128N12145704WA010350108560
B0028133916136N12145702WA010340108459
B0028143916144N12145701WA010320108267
B0028153916153N12145700WA010300107935
B0028163916161N12145699WA010270107593
B0028173916171N12145698WA010240107120
B0028183916180N12145696WA010210106856
B0028193916189N12145694WA010180106648
B0028203916197N12145693WA010150106490
B0028213916206N12145691WA010130106342
B0028223916214N12145689WA010100106148
B0028233916222N12145687WA010080105888
B0028243916231N12145686WA010050105543
B0028253916240N12145684WA010010105173
B0028263916249N12145682WA009990104895
B0028273916259N12145681WA009960104542
B0028283916269N12145680WA009930104231
B0028293916278N12145679WA009920104072
B0028303916287N12145677WA009910103999
B0028313916296N12145676WA009900103886
B0028323916305N12145675WA009890103656
B0028333916314N12145674WA009870103452
B0028343916324N12145674WA009850103110
B0028353916333N12145673WA009830102959
B0028363916342N12145673WA009810102680
B0028373916352N12145672WA009780102411
B0028383916361N12145671WA009760102303
B0028393916369N12145670WA009730102087
B0028403916378N12145670WA009700101853
B0028413916387N12145669WA009670101472
B0028423916397N12145668WA009640101116
B0028433916406N12145667WA009610100869
B0028443916416N12145667WA009580100524
B0028453916425N12145666WA009570100377
B0028463916434N12145666WA009560100290
B0028473916444N12145665WA009560100011
B0028483916453N12145664WA009540099823
B0028493916462N12145663WA009520099636
B0028503916471N12145663WA009500099362
B0028513916481N12145663WA009480099105
B0028523916490N12145663WA009460098973
B0028533916500N12145664WA009440098701
B0028543916509N12145664WA009420098636
B0028553916518N12145664WA009400098559
B0028563916527N12145665WA009400098430
B0028573916536N12145664WA009400098427
B0028583916545N12145664WA009390098301
B0028593916553N12145663WA009380098285
B0029003916562N12145662WA009370098168
B0029013916571N12145661WA009360097969
B0029023916580N12145660WA009340097798
B0029033916590N12145659WA009320097536
B0029043916599N12145658WA009300097360
B0029053916609N12145656WA009280097119
B0029063916618N12145655WA009260096921
B0029073916627N12145653WA009230096802
B0029083916636N12145651WA009210096519
B0029093916644N12145650WA009180096183
B0029103916653N12145648WA009150095896
B0029113916662N12145646WA009130095774
B0029123916671N12145644WA009110095558
B0029133916679N12145644WA009100095590
B0029143916688N12145643WA009100095363
B0029153916697N12145643WA009090095130
B0029163916706N12145642WA009070094948
B0029173916715N12145642WA009050094778
B0029183916724N12145642WA009040094597
B0029193916734N12145642WA009020094408
B0029203916742N12145642WA009010094396
B0029213916751N12145642WA008990094203
B0029223916759N12145642WA008970094147
B0029233916768N12145642WA008950094126
B0029243916777N12145642WA008930093814
B0029253916786N12145641WA008900093554
B0029263916795N12145641WA008880093292
B0029273916805N12145640WA008860093008
B0029283916813N12145640WA008860092988
B0029293916822N12145640WA008850092838
B0029303916830N12145640WA008840092737
B0029313916838N12145640WA008830092577
B0029323916847N12145640WA008810092465
B0029333916856N12145639WA008790092217
B0029343916865N12145638WA008770092126
B0029353916873N12145638WA008760092030
B0029363916881N12145637WA008760091902
B0029373916887N12145636WA008760091868
B0029383916893N12145636WA008760091802
B0029393916897N12145636WA008760091958
B0029403916902N12145637WA008770092006
B0029413916906N12145638WA008770091948
B0029423916911N12145640WA008770091925
B0029433916916N12145641WA008760091756
B0029443916922N12145642WA008750091609
B0029453916927N12145643WA008740091546
B0029463916932N12145643WA008730091559
B0029473916937N12145644WA008720091553
B0029483916942N12145644WA008720091572
B0029493916948N12145644WA008710091401
B0029503916953N12145643WA008700091362
B0029513916958N12145642WA008690091292
B0029523916964N12145641WA008680091104
B0029533916969N12145641WA008670091081
B0029543916975N12145641WA008660090891
B0029553916982N12145641WA008650090731
B0029563916988N12145640WA008640090679
B0029573916995N12145640WA008630090449
B0029583917002N12145641WA008610090290
B0029593917010N12145640WA008590090095
B0030003917019N12145640WA008570089920
B0030013917027N12145640WA008560089861
B0030023917035N12145640WA008540089788
B0030033917043N12145641WA008530089657
B0030043917050N12145642WA008530089593
B0030053917058N12145642WA008520089495
B0030063917067N12145642WA008500089158
B0030073917076N12145643WA008480088761
B0030083917085N12145644WA008460088661
B0030093917094N12145646WA008440088631
B0030103917102N12145648WA008440088630
B0030113917110N12145648WA008440088747
B0030123917117N12145649WA008440088571
B0030133917125N12145649WA008420088340
B0030143917133N12145648WA008410088008
B0030153917141N12145648WA008390087823
B0030163917149N12145647WA008370087656
B0030173917157N12145646WA008340087482
B0030183917165N12145645WA008330087362
B0030193917173N12145644WA008310087313
B0030203917180N12145643WA008310087255
B0030213917187N12145643WA008300087140
B0030223917194N12145642WA008290087034
B0030233917201N12145641WA008280086835
B0030243917209N12145641WA008260086610
B0030253917216N12145640WA008230086499
B0030263917224N12145640WA008210086184
B0030273917232N12145639WA008190085977
B0030283917240N12145639WA008170085816
B0030293917247N12145640WA008160085752
B0030303917255N12145640WA008140085605
B0030313917262N12145640WA008130085485
B0030323917271N12145640WA008110085113
B0030333917279N12145640WA008080084889
B0030343917288N12145641WA008060084481
B0030353917297N12145641WA008040084182
B0030363917306N12145641WA008010084033
B0030373917314N12145640WA008000083937
B0030383917321N12145640WA008000083980
B0030393917329N12145639WA008000083928
B0030403917336N12145639WA008000083918
B0030413917342N12145639WA007990083899
B0030423917350N12145640WA007980083711
B0030433917357N12145639WA007960083459
B0030443917365N12145639WA007940083253
B0030453917373N12145638WA007920082974
B0030463917381N12145637WA007900082957
B0030473917388N12145637WA007900082973
B0030483917395N12145637WA007890082925
B0030493917401N12145637WA007880082956
B0030503917408N12145638WA007860082721
B0030513917415N12145637WA007840082349
B0030523917423N12145637WA007810081966
B0030533917431N12145637WA007780081694
B0030543917440N12145636WA007750081408
B0030553917447N12145636WA007730081391
B0030563917455N12145636WA007720081200
B0030573917462N12145636WA007700081038
B0030583917469N12145637WA007690080855
B0030593917477N12145637WA007660080622
B0031003917485N12145636WA007630080222
B0031013917493N12145635WA007610079843
B0031023917501N12145634WA007580079591
B0031033917510N12145632WA007550079319
B0031043917518N12145631WA007520079149
B0031053917526N12145630WA007490078955
B0031063917534N12145628WA007470078763
B0031073917542N12145626WA007460078584
B0031083917551N12145624WA007430078200
B0031093917559N12145621WA007410078065
B0031103917568N12145620WA007380077740
B0031113917577N12145618WA007360077422
B0031123917585N12145616WA007330077197
B0031133917594N12145615WA007310076930
B0031143917602N12145613WA007280076786
B0031153917611N12145612WA007260076514
B0031163917619N12145611WA007230076254
B0031173917628N12145610WA007200076021
B0031183917636N12145608WA007170075661
B0031193917645N12145605WA007140075366
B0031203917654N12145602WA007100074975
B0031213917663N12145599WA007080074796
B0031223917672N12145596WA007060074488
B0031233917681N12145594WA007060074335
B0031243917689N12145592WA007050074286
B0031253917698N12145590WA007040074018
B0031263917706N12145589WA007010073771
B0031273917715N12145587WA006990073561
B0031283917724N12145584WA006960073251
B0031293917733N12145580WA006920072948
B0031303917742N12145576WA006890072679
B0031313917751N12145573WA006860072387
B0031323917760N12145570WA006830072185
B0031333917769N12145567WA006800071855
B0031343917778N12145564WA006770071508
B0031353917786N12145561WA006750071397
B0031363917796N12145558WA006720071013
B0031373917805N12145554WA006690070709
B0031383917813N12145550WA006680070578
B0031393917822N12145546WA006670070444
B0031403917830N12145542WA006660070241
B0031413917838N12145538WA006640070065
B0031423917847N12145534WA006630069818
B0031433917855N12145530WA006610069588
B0031443917864N12145527WA006580069260
B0031453917873N12145522WA006550068969
B0031463917882N12145519WA006530068833
B0031473917891N12145516WA006510068703
B0031483917899N12145513WA006490068551
B0031493917907N12145509WA006470068396
B0031503917916N12145506WA006440068162
B0031513917925N12145502WA006410067741
B0031523917934N12145497WA006380067486
B0031533917943N12145492WA006350067097
B0031543917952N12145488WA006330066884
B0031553917961N12145484WA006300066665
B0031563917969N12145480WA006290066496
B0031573917978N12145477WA006270066210
B0031583917986N12145472WA006260065929
B0031593917994N12145468WA006230065746
B0032003918002N12145464WA006210065495
B0032013918011N12145460WA006180065245
B0032023918019N12145456WA006160065055
B0032033918027N12145452WA006130064874
B0032043918036N12145448WA006110064619
B0032053918044N12145445WA006100064458
B0032063918052N12145442WA006100064496
B0032073918060N12145439WA006110064559
B0032083918067N12145437WA006120064721
B0032093918072N12145435WA006140065080
B0032103918078N12145433WA006150065328
B0032113918083N12145432WA006170065374
B0032123918089N12145430WA006180065320
B0032133918093N12145426WA006170065370
B0032143918096N12145420WA006170065198
B0032153918097N12145414WA006160065196
B0032163918097N12145408WA006150064912
B0032173918094N12145403WA006140064818
B0032183918091N12145402WA006140064786
B0032193918089N12145403WA006140064779
B0032203918086N12145407WA006140064648
B0032213918084N12145413WA006140064531
B0032223918083N12145419WA006130064546
B0032233918083N12145426WA006130064459
B0032243918084N12145434WA006130064331
B0032253918088N12145440WA006130064357
B0032263918093N12145446WA006130064137
B0032273918098N12145451WA006140064236
B0032283918104N12145455WA006150064240
B0032293918110N12145456WA006150064486
B0032303918116N12145456WA006170064663
B0032313918122N12145454WA006180064713
B0032323918126N12145451WA006180064780
B0032333918129N12145445WA006180064675
B0032343918131N12145439WA006170064555
B0032353918130N12145434WA006160064491
B0032363918128N12145429WA006150064463
B0032373918125N12145426WA006140064324
B0032383918121N12145425WA006150064459
B0032393918118N12145427WA006160064539
B0032403918115N12145432WA006160064791
B0032413918113N12145437WA006170064799
B0032423918112N12145443WA006180064638
B0032433918110N12145449WA006180064758
B0032443918111N12145456WA006180064733
B0032453918114N12145463WA006180064506
B0032463918119N12145469WA006170064536
B0032473918126N12145474WA006160064441
B0032483918134N12145476WA006160064314
B0032493918141N12145476WA006160064475
B0032503918148N12145474WA006160064544
B0032513918153N12145471WA006170064656
B0032523918157N12145468WA006180064704
B0032533918159N12145465WA006190064891
B0032543918162N12145460WA006180064841
B0032553918163N12145453WA006180065069
B0032563918162N12145448WA006170064971
B0032573918159N12145443WA006160064862
B0032583918155N12145441WA006150064720
B0032593918150N12145440WA006150064778
B0033003918147N12145441WA006150064852
B0033013918144N12145440WA006160064818
B0033023918140N12145440WA006180064948
B0033033918137N12145442WA006190065041
B0033043918134N12145445WA006200065195
B0033053918132N12145450WA006200065086
B0033063918133N12145458WA006190064810
B0033073918135N12145466WA006180064720
B0033083918140N12145471WA006170064769
B0033093918147N12145477WA006150064600
B0033103918154N12145480WA006140064623
B0033113918161N12145482WA006140064610
B0033123918167N12145482WA006130064675
B0033133918174N12145481WA006130064535
B0033143918181N12145479WA006120064446
B0033153918189N12145477WA006120064317
B0033163918196N12145476WA006110064393
B0033173918204N12145475WA006120064422
B0033183918210N12145474WA006120064766
B0033193918216N12145473WA006130064874
B0033203918222N12145472WA006130064769
B0033213918229N12145471WA006120064439
B0033223918237N12145470WA006100064018
B0033233918245N12145469WA006070063684
B0033243918255N12145468WA006040063301
B0033253918263N12145467WA006020063272
B0033263918271N12145466WA006000063283
B0033273918279N12145466WA006000063312
B0033283918285N12145466WA006000063353
B0033293918291N12145466WA006000063367
B0033303918298N12145466WA006000063315
B0033313918304N12145465WA006000063275
B0033323918311N12145464WA005990063055
B0033333918318N12145463WA005980062991
B0033343918325N12145460WA005980062988
B0033353918332N12145458WA005990063013
B0033363918338N12145456WA005990063136
B0033373918344N12145455WA005990063036
B0033383918350N12145454WA005980062976
B0033393918357N12145454WA005970062750
B0033403918365N12145453WA005960062411
B0033413918373N12145452WA005940062324
B0033423918382N12145451WA005920062107
B0033433918391N12145450WA005900062016
B0033443918399N12145449WA005890061919
B0033453918406N12145449WA005890061883
B0033463918414N12145449WA005900061905
B0033473918420N12145449WA005900061945
B0033483918426N12145449WA005890061962
B0033493918433N12145448WA005890061916
B0033503918439N12145448WA005870061892
B0033513918447N12145447WA005860061503
B0033523918454N12145446WA005850061414
B0033533918460N12145445WA005840061497
B0033543918467N12145444WA005830061443
B0033553918473N12145442WA005820061377
B0033563918479N12145442WA005810061381
B0033573918486N12145441WA005800061240
B0033583918493N12145440WA005790061002
B0033593918499N12145438WA005770060958
B0034003918506N12145436WA005750060845
B0034013918512N12145434WA005740060753
B0034023918519N12145431WA005720060616
B0034033918525N12145429WA005720060415
B0034043918530N12145427WA005720060394
B0034053918536N12145425WA005710060217
B0034063918541N12145423WA005700060066
B0034073918547N12145421WA005670059987
B0034083918554N12145420WA005650059561
B0034093918562N12145418WA005620059211
B0034103918570N12145416WA005580058911
B0034113918578N12145414WA005550058712
B0034123918586N12145412WA005520058507
B0034133918593N12145411WA005510058542
B0034143918599N12145410WA005510058491
B0034153918606N12145408WA005510058355
B0034163918613N12145407WA005510058302
B0034173918619N12145405WA005500058175
B0034183918626N12145403WA005490058021
B0034193918633N12145400WA005490057959
B0034203918639N12145399WA005480057851
B0034213918645N12145397WA005470057847
B0034223918651N12145396WA005470057769
B0034233918658N12145395WA005460057617
B0034243918664N12145394WA005450057588
B0034253918671N12145393WA005440057564
B0034263918678N12145391WA005440057526
B0034273918684N12145389WA005440057449
B0034283918690N12145388WA005430057341
B0034293918696N12145386WA005430057333
B0034303918702N12145384WA005420057161
B0034313918708N12145382WA005410057090
B0034323918715N12145379WA005390056820
B0034333918722N12145376WA005370056609
B0034343918729N12145374WA005350056418
B0034353918736N12145372WA005320056251
B0034363918744N12145369WA005300055901
B0034373918751N12145366WA005270055693
B0034383918759N12145364WA005250055482
B0034393918767N12145362WA005230055251
B0034403918775N12145359WA005210055128
B0034413918782N12145357WA005200054963
B0034423918789N12145356WA005190054991
B0034433918797N12145354WA005180054814
B0034443918804N12145353WA005180054887
B0034453918811N12145352WA005180054683
B0034463918818N12145350WA005180054659
B0034473918824N12145349WA005180054603
B0034483918830N12145347WA005170054648
B0034493918835N12145346WA005160054584
B0034503918841N12145345WA005150054482
B0034513918848N12145343WA005140054259
B0034523918854N12145342WA005120054187
B0034533918861N12145341WA005100054035
B0034543918867N12145339WA005080053889
B0034553918874N12145338WA005060053675
B0034563918881N12145337WA005030053382
B0034573918889N12145335WA005000053007
B0034583918896N12145334WA004980052752
B0034593918903N12145333WA004950052592
B0035003918910N12145332WA004930052483
B0035013918917N12145331WA004910052167
B0035023918924N12145330WA004900051969
B0035033918931N12145330WA004880051746
B0035043918938N12145329WA004860051396
B0035053918946N12145328WA004840051194
B0035063918954N12145327WA004820051050
B0035073918961N12145326WA004820050943
B0035083918967N12145325WA004820051093
B0035093918973N12145324WA004820051114
B0035103918978N12145323WA004820051068
B0035113918984N12145323WA004810050941
B0035123918990N12145323WA004790050821
B0035133918997N12145322WA004780050616
B0035143919003N12145322WA004760050354
B0035153919009N12145322WA004750050266
B0035163919015N12145322WA004730050156
B0035173919021N12145322WA004730050141
B0035183919027N12145321WA004740050206
B0035193919032N12145321WA004740050366
B0035203919037N12145322WA004740050261
B0035213919042N12145322WA004730050188
B0035223919048N12145323WA004720049924
B0035233919053N12145323WA004700049899
B0035243919060N12145324WA004690049702
B0035253919066N12145324WA004680049635
B0035263919073N12145323WA004670049629
B0035273919079N12145323WA004670049556
B0035283919085N12145323WA004670049594
B0035293919092N12145323WA004670049702
B0035303919097N12145322WA004680049688
B0035313919103N12145323WA004680049652
B0035323919109N12145323WA004680049671
B0035333919116N12145322WA004680049535
B0035343919122N12145322WA004680049550
B0035353919128N12145320WA004680049588
B0035363919135N12145319WA004690049709
B0035373919140N12145319WA004690049895
B0035383919147N12145318WA004700049966
B0035393919153N12145317WA004710049847
B0035403919159N12145317WA004720049843
B0035413919165N12145316WA004720049885
B0035423919172N12145315WA004720049888
B0035433919178N12145315WA004720049795
B0035443919184N12145315WA004720049686
B0035453919190N12145314WA004720049678
B0035463919196N12145313WA004720049657
B0035473919202N12145312WA004720049623
B0035483919207N12145311WA004720049583
B0035493919213N12145309WA004720049552
B0035503919219N12145307WA004710049435
B0035513919225N12145305WA004710049404
B0035523919230N12145303WA004700049442
B0035533919235N12145301WA004700049363
B0035543919241N12145298WA004690049318
B0035553919246N12145297WA004700049422
B0035563919251N12145295WA004700049467
B0035573919257N12145294WA004710049508
B0035583919262N12145294WA004720049732
B0035593919268N12145293WA004730049721
B0036003919273N12145292WA004740049722
B0036013919278N12145290WA004740049729
B0036023919283N12145290WA004750049665
B0036033919289N12145290WA004750049605
B0036043919295N12145290WA004750049733
B0036053919301N12145290WA004750049504
B0036063919307N12145290WA004760049654
B0036073919313N12145291WA004770049625
B0036083919318N12145293WA004770049754
B0036093919324N12145295WA004780049821
B0036103919329N12145297WA004800049979
B0036113919335N12145299WA004800050158
B0036123919340N12145302WA004820050250
B0036133919345N12145303WA004830050369
B0036143919350N12145305WA004850050463
B0036153919355N12145307WA004870050763
B0036163919360N12145309WA004890050972
B0036173919365N12145310WA004910051008
B0036183919369N12145311WA004930051374
B0036193919374N12145311WA004950051592
B0036203919379N12145309WA004960051774
B0036213919384N12145306WA004970051928
B0036223919387N12145303WA004990052190
B0036233919391N12145298WA005000052428
B0036243919394N12145294WA005020052655
B0036253919397N12145289WA005040053059
B0036263919400N12145285WA005070053232
B0036273919403N12145281WA005090053640
B0036283919407N12145278WA005120053821
B0036293919412N12145276WA005140054044
B0036303919418N12145275WA005170054249
B0036313919424N12145277WA005190054357
B0036323919430N12145281WA005210054611
B0036333919435N12145286WA005230054738
B0036343919438N12145293WA005250055066
B0036353919441N12145301WA005270055124
B0036363919441N12145309WA005290055211
B0036373919440N12145316WA005320055620
B0036383919435N12145322WA005330055877
B0036393919431N12145327WA005340056066
B0036403919427N12145331WA005350056105
B0036413919421N12145333WA005360056261
B0036423919417N12145332WA005380056514
B0036433919413N12145330WA005400056908
B0036443919410N12145327WA005420056714
B0036453919407N12145322WA005440056988
B0036463919406N12145317WA005460057228
B0036473919405N12145312WA005480057403
B0036483919403N12145306WA005500057469
B0036493919402N12145301WA005520057672
B0036503919403N12145295WA005540057852
B0036513919405N12145289WA005560057919
B0036523919408N12145285WA005590058223
B0036533919412N12145282WA005600058432
B0036543919419N12145280WA005600058400
B0036553919425N12145278WA005600058359
B0036563919431N12145280WA005610058445
B0036573919437N12145283WA005620058615
B0036583919442N12145288WA005640058801
B0036593919446N12145294WA005660059026
B0037003919449N12145302WA005690059214
B0037013919450N12145310WA005720059403
B0037023919449N12145317WA005740059527
B0037033919447N12145324WA005760059810
B0037043919443N12145330WA005790060045
B0037053919439N12145335WA005810060285
B0037063919435N12145338WA005830060454
B0037073919430N12145338WA005860060799
B0037083919426N12145337WA005890061198
B0037093919423N12145333WA005910061245
B0037103919421N12145328WA005920061400
B0037113919419N12145322WA005940061770
B0037123919419N12145315WA005960062086
B0037133919421N12145309WA005980062387
B0037143919424N12145304WA006000062673
B0037153919428N12145299WA006010062889
B0037163919433N12145296WA006020062947
B0037173919438N12145295WA006030063172
B0037183919444N12145295WA006050063311
B0037193919449N12145296WA006060063555
B0037203919454N12145299WA006070063697
B0037213919460N12145304WA006090063735
B0037223919464N12145311WA006110063877
B0037233919466N12145319WA006140063879
B0037243919467N12145327WA006170064161
B0037253919467N12145334WA006200064433
B0037263919465N12145341WA006240064850
B0037273919463N12145348WA006280065242
B0037283919460N12145354WA006310065572
B0037293919457N12145359WA006340065960
B0037303919453N12145362WA006360066178
B0037313919447N12145362WA006370066285
B0037323919442N12145359WA006380066267
B0037333919438N12145354WA006380066306
B0037343919435N12145347WA006400066578
B0037353919434N12145341WA006420067064
B0037363919436N12145335WA006440067454
B0037373919438N12145329WA006480067699
B0037383919442N12145324WA006500067879
B0037393919447N12145320WA006530068011
B0037403919451N12145316WA006550068188
B0037413919458N12145314WA006560068160
B0037423919464N12145313WA006580068294
B0037433919470N12145314WA006590068485
B0037443919476N12145317WA006610068662
B0037453919481N12145321WA006620068784
B0037463919486N12145327WA006640068879
B0037473919491N12145334WA006660069117
B0037483919494N12145341WA006690069788
B0037493919497N12145348WA006740070147
B0037503919498N12145355WA006780070557
B0037513919498N12145363WA006820070834
B0037523919497N12145371WA006850070915
B0037533919494N12145379WA006880071166
B0037543919491N12145386WA006910071384
B0037553919488N12145392WA006940071610
B0037563919483N12145396WA006960072193
B0037573919479N12145399WA006990072600
B0037583919473N12145399WA007010073254
B0037593919469N12145396WA007020073237
B0038003919465N12145391WA007030073270
B0038013919465N12145384WA007050073314
B0038023919465N12145377WA007070073662
B0038033919467N12145370WA007090074004
B0038043919469N12145364WA007120074378
B0038053919473N12145361WA007160074650
B0038063919477N12145357WA007190074975
B0038073919482N12145354WA007220075257
B0038083919488N12145352WA007250075526
B0038093919494N12145352WA007280075813
B0038103919500N12145354WA007320076211
B0038113919505N12145357WA007350076693
B0038123919510N12145362WA007380076874
B0038133919514N12145368WA007410077316
B0038143919516N12145376WA007410077501
B0038153919517N12145384WA007420077618
B0038163919516N12145393WA007440077896
B0038173919515N12145402WA007460078003
B0038183919512N12145409WA007490078564
B0038193919508N12145414WA007520078975
B0038203919504N12145418WA007560079326
B0038213919499N12145420WA007590079605
B0038223919494N12145420WA007620079789
B0038233919491N12145420WA007640079880
B0038243919488N12145417WA007640079707
B0038253919485N12145413WA007640079844
B0038263919483N12145407WA007650080099
B0038273919483N12145401WA007650079871
B0038283919484N12145395WA007670080060
B0038293919487N12145389WA007680080354
B0038303919490N12145384WA007700080468
B0038313919495N12145379WA007720080577
B0038323919501N12145375WA007740080580
B0038333919508N12145372WA007770080772
B0038343919514N12145371WA007800081188
B0038353919519N12145373WA007830081783
B0038363919524N12145375WA007880082119
B0038373919528N12145379WA007920082533
B0038383919532N12145383WA007950082775
B0038393919537N12145389WA007970082862
B0038403919541N12145396WA007970083038
B0038413919542N12145406WA007980083182
B0038423919542N12145414WA008000083361
B0038433919539N12145421WA008010083644
B0038443919535N12145427WA008030083486
B0038453919531N12145433WA008040083610
B0038463919525N12145437WA008060083870
B0038473919520N12145438WA008080084228
B0038483919515N12145438WA008100084554
B0038493919511N12145436WA008130084728
B0038503919507N12145433WA008140084974
B0038513919504N12145429WA008130085071
B0038523919502N12145424WA008140085135
B0038533919500N12145419WA008150085123
B0038543919499N12145413WA008150085359
B0038553919499N12145408WA008160085481
B0038563919500N12145401WA008180085596
B0038573919500N12145395WA008190085666
B0038583919500N12145390WA008200085600
B0038593919500N12145383WA008210085426
B0039003919503N12145376WA008230085602
B0039013919504N12145369WA008240085690
B0039023919508N12145362WA008260085753
B0039033919514N12145357WA008280085804
B0039043919516N12145354WA008300085992
B0039053919523N12145351WA008320085831
B0039063919530N12145350WA008340086221
B0039073919538N12145351WA008360086435
B0039083919546N12145354WA008370086521
B0039093919554N12145358WA008380086702
B0039103919560N12145364WA008380087062
B0039113919565N12145370WA008390087128
B0039123919568N12145378WA008400087491
B0039133919571N12145385WA008410087677
B0039143919573N12145394WA008430087671
B0039153919574N12145402WA008440087600
B0039163919570N12145408WA008460087887
B0039173919566N12145414WA008480088064
B0039183919562N12145417WA008500088276
B0039193919558N12145418WA008520088323
B0039203919554N12145416WA008530088544
B0039213919550N12145412WA008530088440
B0039223919547N12145406WA008530088529
B0039233919545N12145402WA008530088820
B0039243919544N12145396WA008550089001
B0039253919544N12145389WA008570089329
B0039263919545N12145382WA008590089509
B0039273919547N12145374WA008610089708
B0039283919550N12145366WA008630089858
B0039293919556N12145360WA008650090007
B0039303919563N12145357WA008670090236
B0039313919570N12145358WA008690090572
B0039323919578N12145360WA008710090809
B0039333919584N12145365WA008730091005
B0039343919589N12145371WA008750091113
B0039353919593N12145378WA008770091322
B0039363919596N12145386WA008780091451
B0039373919598N12145394WA008780091564
B0039383919598N12145401WA008790091688
B0039393919597N12145409WA008800091722
B0039403919594N12145415WA008800091764
B0039413919590N12145420WA008820091990
B0039423919586N12145423WA008830092182
B0039433919583N12145424WA008860092336
B0039443919580N12145423WA008870092456
B0039453919577N12145422WA008890092753
B0039463919573N12145420WA008900092793
B0039473919569N12145418WA008900092891
B0039483919566N12145415WA008910092805
B0039493919562N12145412WA008910092966
B0039503919559N12145408WA008930093111
B0039513919557N12145401WA008940093306
B0039523919557N12145394WA008950093304
B0039533919558N12145386WA008960093499
B0039543919562N12145380WA008980093533
B0039553919565N12145374WA008990093698
B0039563919570N12145370WA009010093922
B0039573919575N12145366WA009030094035
B0039583919581N12145363WA009040094175
B0039593919588N12145360WA009050094249
B0040003919594N12145358WA009050094355
B0040013919601N12145356WA009060094551
B0040023919608N12145353WA009070094738
B0040033919614N12145351WA009090094839
B0040043919620N12145348WA009100095086
B0040053919627N12145345WA009110094980
B0040063919634N12145341WA009120095027
B0040073919641N12145339WA009130095165
B0040083919647N12145336WA009140095044
B0040093919652N12145332WA009150095168
B0040103919657N12145328WA009160095377
B0040113919662N12145324WA009180095570
B0040123919667N12145319WA009210095953
B0040133919671N12145315WA009230096340
B0040143919676N12145310WA009260096528
B0040153919681N12145307WA009280096742
B0040163919687N12145303WA009300096801
B0040173919692N12145298WA009310096814
B0040183919697N12145293WA009320096956
B0040193919702N12145289WA009320097082
B0040203919708N12145285WA009330097122
B0040213919713N12145281WA009340097353
B0040223919719N12145277WA009350097417
B0040233919725N12145274WA009360097424
B0040243919730N12145270WA009360097353
B0040253919735N12145265WA009350097289
B0040263919741N12145261WA009340096944
B0040273919748N12145257WA009310096643
B0040283919756N12145253WA009270096166
B0040293919765N12145249WA009230095703
B0040303919773N12145244WA009190095465
B0040313919782N12145240WA009160095324
B0040323919789N12145236WA009150095262
B0040333919796N12145231WA009150095166
B0040343919804N12145227WA009140095014
B0040353919811N12145223WA009130094873
B0040363919819N12145219WA009110094664
B0040373919827N12145216WA009090094481
B0040383919837N12145213WA009070094313
B0040393919845N12145209WA009060094019
B0040403919852N12145206WA009050094072
B0040413919860N12145203WA009050094165
B0040423919868N12145200WA009050094126
B0040433919875N12145198WA009050094263
B0040443919883N12145195WA009050094328
B0040453919890N12145193WA009050094258
B0040463919898N12145192WA009050094207
B0040473919906N12145192WA009050094101
B0040483919913N12145191WA009050093918
B0040493919920N12145191WA009050094002
B0040503919926N12145191WA009060094131
B0040513919932N12145191WA009060094135
B0040523919938N12145192WA009070094381
B0040533919946N12145192WA009060094336
B0040543919953N12145192WA009060094276
B0040553919961N12145192WA009060094265
B0040563919968N12145191WA009060094083
B0040573919975N12145189WA009070094026
B0040583919981N12145188WA009070094151
B0040593919987N12145186WA009070094179
B0041003919995N12145186WA009060094026
B0041013920002N12145186WA009060093893
B0041023920010N12145185WA009050093638
B0041033920017N12145185WA009050093750
B0041043920024N12145184WA009050093795
B0041053920031N12145184WA009050093774
B0041063920038N12145185WA009060093861
B0041073920047N12145185WA009060093948
B0041083920055N12145185WA009060093607
B0041093920062N12145185WA009070093809
B0041103920068N12145187WA009090094090
B0041113920075N12145187WA009100094365
B0041123920082N12145187WA009130094537
B0041133920089N12145187WA009150094707
B0041143920095N12145187WA009180094943
B0041153920101N12145187WA009200095176
B0041163920108N12145187WA009220095309
B0041173920114N12145187WA009240095629
B0041183920121N12145187WA009270095826
B0041193920127N12145187WA009290096192
B0041203920134N12145187WA009310096452
B0041213920139N12145188WA009340096696
B0041223920145N12145190WA009370097044
B0041233920149N12145194WA009390097186
B0041243920152N12145201WA009410097263
B0041253920154N12145208WA009420097463
B0041263920154N12145215WA009440097790
B0041273920154N12145220WA009460098039
B0041283920152N12145226WA009480098205
B0041293920148N12145231WA009500098491
B0041303920145N12145235WA009510098531
B0041313920141N12145238WA009530098832
B0041323920136N12145239WA009550099084
B0041333920132N12145240WA009570099155
B0041343920128N12145238WA009580099309
B0041353920123N12145234WA009590099365
B0041363920121N12145229WA009610099404
B0041373920118N12145223WA009630099820
B0041383920116N12145216WA009650100124
B0041393920115N12145209WA009680100327
B0041403920114N12145202WA009700100764
B0041413920114N12145195WA009720101045
B0041423920115N12145187WA009740101048
B0041433920116N12145180WA009750101382
B0041443920118N12145173WA009770101421
B0041453920122N12145166WA009780101626
B0041463920127N12145161WA009790101831
B0041473920133N12145156WA009800101885
B0041483920141N12145153WA009810101908
B0041493920147N12145153WA009820102154
B0041503920154N12145154WA009840102343
B0041513920160N12145157WA009860102542
B0041523920164N12145161WA009880102996
B0041533920168N12145167WA009910103131
B0041543920170N12145172WA009930103278
B0041553920172N12145179WA009960103322
B0041563920172N12145185WA009980103284
B0041573920172N12145191WA009990103434
B0041583920170N12145197WA010000103675
B0041593920168N12145202WA010010103902
B0042003920164N12145204WA010030104219
B0042013920160N12145205WA010050104507
B0042023920156N12145205WA010070104834
B0042033920152N12145203WA010090105076
B0042043920149N12145200WA010110105250
B0042053920147N12145194WA010120105417
B0042063920145N12145188WA010140105662
B0042073920144N12145181WA010160105887
B0042083920144N12145174WA010180106189
B0042093920145N12145168WA010190106394
B0042103920148N12145160WA010210106308
B0042113920151N12145153WA010210106439
B0042123920155N12145146WA010220106548
B0042133920160N12145140WA010240106727
B0042143920165N12145135WA010250106866
B0042153920171N12145132WA010270107054
B0042163920178N12145130WA010290107212
B0042173920184N12145129WA010310107485
B0042183920191N12145130WA010330107713
B0042193920196N12145132WA010350107992
B0042203920202N12145135WA010370108030
B0042213920207N12145139WA010380108201
B0042223920210N12145144WA010390108380
B0042233920213N12145149WA010400108489
B0042243920215N12145156WA010420108415
B0042253920216N12145162WA010430108608
B0042263920216N12145169WA010440108722
B0042273920215N12145174WA010450108948
B0042283920212N12145179WA010470108996
B0042293920209N12145183WA010470109061
B0042303920205N12145185WA010490109139
B0042313920201N12145188WA010500109410
B0042323920197N12145189WA010520109769
B0042333920194N12145191WA010540109945
B0042343920191N12145192WA010560110217
B0042353920187N12145193WA010580110353
B0042363920183N12145192WA010600110549
B0042373920179N12145192WA010610110619
B0042383920174N12145192WA010620110765
B0042393920170N12145191WA010630110942
B0042403920166N12145187WA010640111187
B0042413920164N12145182WA010650111213
B0042423920162N12145174WA010660111208
B0042433920161N12145166WA010660111335
B0042443920161N12145158WA010670111372
B0042453920163N12145150WA010690111599
B0042463920167N12145144WA010700111867
B0042473920172N12145139WA010720111977
B0042483920178N12145135WA010730111970
B0042493920185N12145131WA010750112033
B0042503920192N12145128WA010760112118
B0042513920198N12145128WA010770112353
B0042523920204N12145129WA010790112673
B0042533920210N12145131WA010800112757
B0042543920216N12145135WA010810112823
B0042553920221N12145139WA010820112838
B0042563920225N12145145WA010830112930
B0042573920227N12145151WA010840113180
B0042583920228N12145157WA010860113268
B0042593920228N12145163WA010870113319
B0043003920227N12145169WA010890113504
B0043013920224N12145174WA010900113814
B0043023920221N12145177WA010920113943
B0043033920217N12145179WA010940113936
B0043043920213N12145181WA010950114126
B0043053920209N12145183WA010970114332
B0043063920205N12145184WA010990114536
B0043073920201N12145185WA011010114757
B0043083920197N12145185WA011030114948
B0043093920193N12145184WA011050115119
B0043103920189N12145182WA011060115314
B0043113920185N12145178WA011080115475
B0043123920182N12145172WA011090115587
B0043133920180N12145166WA011100115740
B0043143920178N12145158WA011110115708
B0043153920177N12145151WA011110115881
B0043163920178N12145144WA011120115900
B0043173920179N12145135WA011130116067
B0043183920181N12145127WA011130116032
B0043193920185N12145118WA011130116138
B0043203920190N12145110WA011130116145
B0043213920196N12145103WA011130116281
B0043223920203N12145097WA011140116302
B0043233920209N12145093WA011140116416
B0043243920216N12145091WA011150116607
B0043253920223N12145091WA011160116347
B0043263920230N12145094WA011160116454
B0043273920236N12145098WA011170116688
B0043283920241N12145104WA011180116725
B0043293920244N12145110WA011190116935
B0043303920246N12145117WA011200117111
B0043313920247N12145123WA011200117104
B0043323920246N12145129WA011210117150
B0043333920244N12145134WA011210117091
B0043343920242N12145138WA011210117125
B0043353920239N12145142WA011210117200
B0043363920235N12145145WA011220117283
B0043373920232N12145147WA011230117378
B0043383920229N12145150WA011250117573
B0043393920227N12145152WA011270117621
B0043403920224N12145153WA011280117875
B0043413920221N12145154WA011300117974
B0043423920218N12145154WA011300117920
B0043433920214N12145151WA011300117947
B0043443920211N12145147WA011300117902
B0043453920208N12145140WA011300118042
B0043463920207N12145132WA011300118115
B0043473920207N12145124WA011310118167
B0043483920208N12145117WA011320118150
B0043493920212N12145108WA011320118148
B0043503920217N12145101WA011330118251
B0043513920224N12145094WA011340118217
B0043523920231N12145089WA011350118145
B0043533920237N12145085WA011360118099
B0043543920245N12145083WA011380118205
B0043553920252N12145082WA011390118336
B0043563920259N12145082WA011400118542
B0043573920266N12145082WA011410118657
B0043583920273N12145084WA011420118727
B0043593920279N12145087WA011430118836
B0044003920284N12145091WA011440119020
B0044013920287N12145095WA011440119170
B0044023920290N12145099WA011440119106
B0044033920291N12145105WA011440119056
B0044043920291N12145111WA011440118935
B0044053920290N12145117WA011430118844
B0044063920287N12145122WA011430118874
B0044073920284N12145126WA011430118963
B0044083920281N12145129WA011440119142
B0044093920278N12145131WA011450119363
B0044103920275N12145133WA011460119441
B0044113920272N12145134WA011470119565
B0044123920269N12145135WA011480119413
B0044133920265N12145135WA011480119559
B0044143920261N12145136WA011480119576
B0044153920257N12145137WA011480119674
B0044163920254N12145139WA011490119712
B0044173920250N12145141WA011500119883
B0044183920248N12145143WA011510120004
B0044193920244N12145144WA011510120075
B0044203920241N12145144WA011520120106
B0044213920237N12145143WA011530120025
B0044223920232N12145139WA011520120089
B0044233920228N12145133WA011510119963
B0044243920226N12145124WA011500119729
B0044253920225N12145116WA011500119720
B0044263920226N12145107WA011490119863
B0044273920230N12145099WA011490119803
B0044283920235N12145092WA011480119822
B0044293920241N12145087WA011480119740
B0044303920248N12145083WA011470119660
B0044313920256N12145082WA011460119530
B0044323920263N12145081WA011450119352
B0044333920271N12145080WA011450119276
B0044343920279N12145080WA011440119081
B0044353920287N12145079WA011440118965
B0044363920295N12145079WA011450119106
B0044373920302N12145079WA011460119438
B0044383920308N12145080WA011470119790
B0044393920315N12145080WA011490119970
B0044403920322N12145079WA011510120126
B0044413920329N12145079WA011530120303
B0044423920336N12145079WA011530120390
B0044433920345N12145077WA011530120247
B0044443920353N12145076WA011530120284
B0044453920362N12145075WA011530120246
B0044463920370N12145075WA011530120331
B0044473920378N12145075WA011540120501
B0044483920385N12145075WA011550120513
B0044493920392N12145075WA011550120571
B0044503920400N12145074WA011550120455
B0044513920408N12145074WA011550120480
B0044523920416N12145073WA011550120494
B0044533920424N12145073WA011560120692
B0044543920432N12145073WA011570120916
B0044553920439N12145073WA011580121117
B0044563920446N12145074WA011600121244
B0044573920454N12145075WA011610121210
B0044583920461N12145075WA011630121397
B0044593920469N12145076WA011640121440
B0045003920476N12145076WA011660121766
B0045013920482N12145077WA011680122070
B0045023920488N12145077WA011700122243
B0045033920493N12145077WA011730122497
B0045043920499N12145077WA011740122682
B0045053920505N12145076WA011740122686
B0045063920512N12145075WA011740122689
B0045073920520N12145075WA011740122503
B0045083920526N12145074WA011750122788
B0045093920533N12145074WA011760122935
B0045103920539N12145074WA011770123182
B0045113920546N12145074WA011790123240
B0045123920553N12145073WA011800123209
B0045133920559N12145073WA011810123398
B0045143920567N12145074WA011820123410
B0045153920574N12145074WA011840123511
B0045163920580N12145073WA011850123789
B0045173920587N12145073WA011870123926
B0045183920593N12145073WA011880124051
B0045193920600N12145073WA011890124023
B0045203920607N12145073WA011880124121
B0045213920614N12145072WA011880124137
B0045223920621N12145072WA011880124195
B0045233920629N12145072WA011880124242
B0045243920636N12145071WA011880124258
B0045253920643N12145071WA011890124364
B0045263920650N12145070WA011900124458
B0045273920657N12145071WA011910124532
B0045283920664N12145071WA011910124643
B0045293920671N12145071WA011930124711
B0045303920677N12145070WA011940124851
B0045313920683N12145069WA011950124964
B0045323920689N12145068WA011970125157
B0045333920695N12145068WA011980125133
B0045343920701N12145068WA011980125111
B0045353920707N12145067WA011970125017
B0045363920713N12145067WA011970124853
B0045373920720N12145066WA011960124705
B0045383920727N12145066WA011950124613
B0045393920734N12145065WA011940124733
B0045403920740N12145065WA011950124871
B0045413920747N12145064WA011950124914
B0045423920753N12145063WA011960124939
B0045433920760N12145064WA011970125010
B0045443920767N12145064WA011970124952
B0045453920774N12145064WA011970124763
B0045463920781N12145064WA011970124762
B0045473920788N12145063WA011980124859
B0045483920795N12145063WA011980125012
B0045493920801N12145062WA011990125025
B0045503920807N12145062WA012000125142
B0045513920813N12145061WA012000125236
B0045523920820N12145061WA012000125393
B0045533920828N12145060WA012000125216
B0045543920835N12145059WA012000125278
B0045553920842N12145058WA012000125287
B0045563920850N12145058WA012010125222
B0045573920857N12145057WA012010125276
B0045583920864N12145056WA012020125399
B0045593920872N12145055WA012030125468
B0046003920879N12145054WA012040125669
B0046013920886N12145053WA012050125888
B0046023920894N12145053WA012070125916
B0046033920901N12145053WA012080126143
B0046043920908N12145052WA012100126237
B0046053920915N12145052WA012110126402
B0046063920921N12145051WA012130126595
B0046073920928N12145050WA012130126595
B0046083920936N12145050WA012130126500
B0046093920942N12145049WA012130126592
B0046103920950N12145048WA012140126748
B0046113920957N12145048WA012140126744
B0046123920964N12145047WA012150126934
B0046133920971N12145047WA012160126981
B0046143920978N12145046WA012170126867
B0046153920985N12145046WA012170126985
B0046163920992N12145045WA012170127086
B0046173920999N12145045WA012180127071
B0046183921006N12145044WA012180127156
B0046193921012N12145044WA012190127184
B0046203921018N12145043WA012200127279
B0046213921025N12145043WA012200127123
B0046223921032N12145042WA012190127143
B0046233921039N12145041WA012180126951
B0046243921046N12145040WA012170126841
B0046253921053N12145039WA012160126838
B0046263921059N12145039WA012160126885
B0046273921066N12145038WA012150126838
B0046283921073N12145038WA012150126705
B0046293921079N12145038WA012130126682
B0046303921087N12145038WA012130126422
B0046313921094N12145037WA012120126269
B0046323921101N12145037WA012120126254
B0046333921108N12145037WA012120126295
B0046343921116N12145037WA012110126202
B0046353921122N12145036WA012120126373
B0046363921129N12145035WA012120126348
B0046373921136N12145036WA012110126160
B0046383921144N12145035WA012110126164
B0046393921152N12145035WA012110126224
B0046403921159N12145035WA012120126252
B0046413921166N12145035WA012110126460
B0046423921173N12145035WA012130126551
B0046433921180N12145035WA012140126511
B0046443921186N12145035WA012130126470
B0046453921193N12145035WA012140126283
B0046463921201N12145035WA012130126042
B0046473921209N12145035WA012120125912
B0046483921216N12145035WA012110125800
B0046493921223N12145035WA012110125942
B0046503921230N12145034WA012120126066
B0046513921237N12145033WA012120126181
B0046523921244N12145031WA012120126132
B0046533921250N12145029WA012120126184
B0046543921257N12145027WA012120126156
B0046553921264N12145026WA012120126148
B0046563921271N12145025WA012120126170
B0046573921278N12145023WA012120126179
B0046583921285N12145022WA012120126136
B0046593921292N12145022WA012120126122
B0047003921299N12145021WA012120126016
B0047013921306N12145020WA012120126048
B0047023921313N12145020WA012120125927
B0047033921320N12145020WA012110125967
B0047043921327N12145021WA012100125980
B0047053921335N12145020WA012100125814
B0047063921342N12145020WA012090125812
B0047073921349N12145019WA012080125668
B0047083921356N12145019WA012070125592
B0047093921364N12145019WA012070125403
B0047103921370N12145019WA012060125390
B0047113921378N12145018WA012050125339
B0047123921386N12145017WA012040125209
B0047133921393N12145017WA012040125294
B0047143921400N12145016WA012040125142
B0047153921406N12145015WA012030125096
B0047163921413N12145014WA012010124835
B0047173921420N12145014WA011990124682
B0047183921429N12145014WA011960124331
B0047193921438N12145014WA011940124114
B0047203921446N12145015WA011910123884
B0047213921455N12145016WA011890123750
B0047223921463N12145015WA011860123844
B0047233921471N12145014WA011840123722
B0047243921479N12145014WA011830123595
B0047253921488N12145014WA011800123256
B0047263921497N12145014WA011780122954
B0047273921507N12145015WA011760122811
B0047283921516N12145015WA011730122689
B0047293921526N12145016WA011710122385
B0047303921535N12145017WA011700122184
B0047313921545N12145018WA011700122125
B0047323921554N12145019WA011700121900
B0047333921562N12145019WA011690121774
B0047343921571N12145019WA011680121503
B0047353921579N12145019WA011650121240
B0047363921588N12145019WA011630121195
B0047373921598N12145020WA011600120781
B0047383921608N12145021WA011570120542
B0047393921617N12145022WA011550120313
B0047403921625N12145022WA011530120544
B0047413921634N12145023WA011520120712
B0047423921642N12145023WA011520120656
B0047433921651N12145024WA011520120421
B0047443921660N12145024WA011500120105
B0047453921669N12145025WA011490119882
B0047463921679N12145025WA011470119602
B0047473921688N12145025WA011460119513
B0047483921696N12145025WA011450119666
B0047493921705N12145025WA011450119608
B0047503921713N12145026WA011440119640
B0047513921721N12145026WA011440119542
B0047523921730N12145025WA011420119209
B0047533921739N12145026WA011390118920
B0047543921749N12145025WA011360118616
B0047553921759N12145025WA011330118307
B0047563921768N12145025WA011310118156
B0047573921777N12145025WA011280118030
B0047583921786N12145024WA011270118058
B0047593921796N12145024WA011250117848
B0048003921805N12145024WA011240117589
B0048013921816N12145025WA011220117300
B0048023921826N12145025WA011200117103
B0048033921834N12145024WA011200116984
B0048043921843N12145022WA011200116919
B0048053921850N12145021WA011200117075
B0048063921858N12145020WA011200117023
B0048073921865N12145019WA011200117062
B0048083921872N12145017WA011200117056
B0048093921879N12145016WA011210117142
B0048103921886N12145014WA011210117206
B0048113921893N12145013WA011200117225
B0048123921900N12145012WA011200117143
B0048133921907N12145011WA011190116981
B0048143921915N12145009WA011190116848
B0048153921922N12145008WA011180116874
B0048163921929N12145007WA011170116780
B0048173921936N12145006WA011170116753
B0048183921943N12145005WA011160116811
B0048193921950N12145004WA011160116817
B0048203921957N12145005WA011150116810
B0048213921964N12145005WA011140116723
B0048223921971N12145005WA011130116635
B0048233921978N12145006WA011120116490
B0048243921984N12145006WA011110116395
B0048253921991N12145006WA011100116448
B0048263921997N12145006WA011100116554
B0048273922004N12145007WA011100116420
B0048283922011N12145007WA011090116207
B0048293922017N12145007WA011080116025
B0048303922024N12145008WA011070116042
B0048313922031N12145009WA011060115961
B0048323922038N12145009WA011050115842
B0048333922044N12145009WA011050115899
B0048343922050N12145010WA011040115781
B0048353922058N12145011WA011030115711
B0048363922065N12145011WA011020115558
B0048373922073N12145012WA011010115313
B0048383922079N12145012WA011020115184
B0048393922086N12145011WA011020115043
B0048403922092N12145010WA011030115155
B0048413922098N12145009WA011040115178
B0048423922104N12145009WA011050115378
B0048433922111N12145009WA011060115416
B0048443922118N12145010WA011070115502
B0048453922124N12145010WA011070115475
B0048463922131N12145011WA011070115467
B0048473922138N12145013WA011070115681
B0048483922144N12145013WA011080115778
B0048493922150N12145015WA011090115811
B0048503922156N12145016WA011090115702
B0048513922162N12145016WA011080115669
B0048523922169N12145017WA011070115492
B0048533922177N12145017WA011050115350
B0048543922186N12145017WA011030115005
B0048553922195N12145017WA011000114919
B0048563922202N12145017WA010980114739
B0048573922209N12145017WA010960114944
B0048583922217N12145018WA010940114825
B0048593922224N12145018WA010920114680
B0049003922232N12145018WA010900114689
B0049013922240N12145019WA010880114470
B0049023922249N12145018WA010850114319
B0049033922256N12145018WA010820114097
B0049043922264N12145019WA010790113693
B0049053922273N12145020WA010770113424
B0049063922280N12145021WA010780113277
B0049073922288N12145021WA010780113238
B0049083922295N12145022WA010780113182
B0049093922303N12145022WA010780113015
B0049103922309N12145022WA010760112888
B0049113922317N12145022WA010750112627
B0049123922325N12145021WA010720112595
B0049133922334N12145021WA010690112440
B0049143922343N12145021WA010670112085
B0049153922351N12145022WA010670112083
B0049163922359N12145022WA010680112255
B0049173922364N12145022WA010690112297
B0049183922370N12145022WA010700112519
B0049193922375N12145022WA010710112459
B0049203922382N12145022WA010700112315
B0049213922389N12145021WA010690112000
B0049223922396N12145020WA010680111751
B0049233922403N12145019WA010670111516
B0049243922409N12145019WA010660111449
B0049253922415N12145020WA010670111553
B0049263922421N12145020WA010670111593
B0049273922428N12145019WA010670111636
B0049283922434N12145018WA010670111569
B0049293922440N12145018WA010660111484
B0049303922447N12145017WA010650111327
B0049313922454N12145017WA010630111149
B0049323922461N12145017WA010610110986
B0049333922469N12145018WA010590110753
B0049343922477N12145018WA010570110448
B0049353922485N12145020WA010550110213
B0049363922492N12145021WA010540110164
B0049373922499N12145021WA010550110136
B0049383922505N12145021WA010550110175
B0049393922512N12145020WA010550110243
B0049403922518N12145019WA010540110173
B0049413922525N12145018WA010540110175
B0049423922532N12145017WA010530110107
B0049433922538N12145017WA010530110275
B0049443922545N12145016WA010530110025
B0049453922552N12145014WA010520109907
B0049463922558N12145013WA010510109865
B0049473922566N12145013WA010510109705
B0049483922572N12145013WA010510109570
B0049493922578N12145012WA010510109567
B0049503922584N12145012WA010510109655
B0049513922590N12145012WA010510109765
B0049523922596N12145012WA010510109679
B0049533922603N12145013WA010500109538
B0049543922610N12145014WA010490109508
B0049553922617N12145015WA010480109309
B0049563922623N12145017WA010470109321
B0049573922629N12145017WA010460109339
B0049583922635N12145018WA010450109277
B0049593922642N12145019WA010450109178
B0050003922649N12145020WA010440109015
B0050013922656N12145021WA010430108941
B0050023922663N12145022WA010420108986
B0050033922670N12145023WA010420108966
B0050043922676N12145024WA010410108972
B0050053922683N12145025WA010400108817
B0050063922689N12145026WA010400108799
B0050073922696N12145028WA010390108590
B0050083922703N12145028WA010370108588
B0050093922710N12145029WA010360108463
B0050103922717N12145030WA010350108410
B0050113922723N12145030WA010340108385
B0050123922729N12145031WA010330108390
B0050133922736N12145030WA010310108218
B0050143922743N12145031WA010300108005
B0050153922749N12145032WA010280107882
B0050163922757N12145033WA010270107702
B0050173922764N12145034WA010250107570
B0050183922772N12145034WA010230107414
B0050193922779N12145035WA010210107294
B0050203922788N12145035WA010200107136
B0050213922796N12145035WA010190106946
B0050223922803N12145035WA010190106785
B0050233922811N12145035WA010190106807
B0050243922818N12145035WA010180106779
B0050253922825N12145035WA010180106686
B0050263922832N12145035WA010170106593
B0050273922840N12145035WA010150106406
B0050283922847N12145035WA010140106247
B0050293922854N12145036WA010130106181
B0050303922862N12145037WA010120105900
B0050313922869N12145037WA010110105827
B0050323922875N12145038WA010100105773
B0050333922882N12145038WA010100105626
B0050343922888N12145038WA010090105545
B0050353922894N12145039WA010080105388
B0050363922901N12145040WA010070105122
B0050373922908N12145040WA010060105014
B0050383922914N12145040WA010050104748
B0050393922921N12145041WA010030104709
B0050403922928N12145042WA010010104403
B0050413922935N12145043WA010000104227
B0050423922942N12145045WA009980103971
B0050433922949N12145046WA009970103705
B0050443922955N12145047WA009960103742
B0050453922961N12145048WA009960103708
B0050463922967N12145049WA009950103638
B0050473922973N12145050WA009940103517
B0050483922980N12145051WA009920103657
B0050493922987N12145052WA009900103575
B0050503922994N12145053WA009900103374
B0050513923001N12145054WA009890103335
B0050523923007N12145054WA009890103248
B0050533923013N12145055WA009880103498
B0050543923020N12145056WA009870103173
B0050553923028N12145057WA009860102926
B0050563923035N12145059WA009840102782
B0050573923042N12145059WA009820102485
B0050583923050N12145060WA009800102327
B0050593923057N12145061WA009790102128
B0051003923064N12145062WA009780102116
B0051013923070N12145063WA009770102090
B0051023923078N12145063WA009770101924
B0051033923086N12145063WA009760101801
B0051043923093N12145063WA009750101643
B0051053923100N12145063WA009750101695
B0051063923108N12145063WA009740101559
B0051073923115N12145063WA009750101676
B0051083923122N12145064WA009750101780
B0051093923129N12145064WA009750101892
B0051103923137N12145064WA009760101869
B0051113923144N12145064WA009770101939
B0051123923151N12145066WA009780102380
B0051133923158N12145066WA009790102585
B0051143923165N12145067WA009810102763
B0051153923172N12145067WA009830102806
B0051163923179N12145067WA009850102924
B0051173923186N12145068WA009860102842
B0051183923193N12145070WA009850102773
B0051193923200N12145073WA009850102826
B0051203923206N12145078WA009850102909
B0051213923209N12145085WA009850102969
B0051223923211N12145093WA009850102856
B0051233923212N12145101WA009850102943
B0051243923211N12145108WA009860102901
B0051253923208N12145113WA009860103057
B0051263923205N12145118WA009860103003
B0051273923201N12145122WA009870103170
B0051283923198N12145124WA009870103211
B0051293923194N12145124WA009870103242
B0051303923190N12145123WA009880103352
B0051313923187N12145119WA009880103331
B0051323923185N12145114WA009880103324
B0051333923182N12145109WA009890103550
B0051343923180N12145104WA009900103532
B0051353923178N12145100WA009910103680
B0051363923178N12145094WA009920103775
B0051373923179N12145088WA009930103853
B0051383923181N12145081WA009940103792
B0051393923185N12145075WA009940103732
B0051403923189N12145070WA009940103831
B0051413923195N12145066WA009960103874
B0051423923202N12145064WA009970104015
B0051433923208N12145064WA009980104143
B0051443923215N12145065WA010000104324
B0051453923221N12145067WA010020104344
B0051463923227N12145070WA010040104654
B0051473923232N12145073WA010060104859
B0051483923237N12145078WA010070105017
B0051493923240N12145084WA010080105099
B0051503923243N12145092WA010090105120
B0051513923244N12145099WA010090105202
B0051523923243N12145106WA010100105241
B0051533923241N12145111WA010110105429
B0051543923237N12145116WA010110105490
B0051553923234N12145119WA010110105401
B0051563923229N12145120WA010110105391
B0051573923226N12145118WA010120105308
B0051583923222N12145116WA010120105441
B0051593923220N12145110WA010130105585
B0052003923219N12145103WA010140105587
B0052013923218N12145097WA010150105856
B0052023923218N12145091WA010160106035
B0052033923218N12145086WA010180106270
B0052043923220N12145079WA010190106375
B0052053923224N12145072WA010200106308
B0052063923228N12145066WA010200106333
B0052073923233N12145061WA010200106457
B0052083923239N12145058WA010210106567
B0052093923246N12145057WA010210106654
B0052103923253N12145057WA010220106668
B0052113923260N12145059WA010230106713
B0052123923266N12145062WA010240106904
B0052133923270N12145067WA010260107190
B0052143923274N12145072WA010270107228
B0052153923276N12145079WA010280107388
B0052163923277N12145087WA010290107381
B0052173923277N12145093WA010310107358
B0052183923276N12145099WA010320107457
B0052193923273N12145104WA010330107552
B0052203923269N12145107WA010340107685
B0052213923265N12145109WA010340107764
B0052223923261N12145110WA010350107818
B0052233923257N12145111WA010350108026
B0052243923253N12145112WA010370108262
B0052253923250N12145111WA010390108443
B0052263923247N12145108WA010400108533
B0052273923244N12145104WA010420108643
B0052283923241N12145099WA010430108675
B0052293923239N12145095WA010440108844
B0052303923238N12145090WA010450108901
B0052313923238N12145084WA010460109107
B0052323923239N12145078WA010460109015
B0052333923242N12145071WA010450108926
B0052343923246N12145065WA010440108852
B0052353923252N12145059WA010430108814
B0052363923258N12145055WA010430108783
B0052373923265N12145053WA010440108852
B0052383923272N12145052WA010450108946
B0052393923278N12145053WA010460109176
B0052403923284N12145056WA010470109352
B0052413923289N12145060WA010490109381
B0052423923294N12145065WA010490109377
B0052433923298N12145073WA010490109353
B0052443923301N12145080WA010490109318
B0052453923302N12145087WA010500109545
B0052463923301N12145093WA010520109799
B0052473923300N12145100WA010540109950
B0052483923298N12145104WA010550110089
B0052493923296N12145109WA010560110153
B0052503923293N12145114WA010580110395
B0052513923291N12145119WA010590110425
B0052523923288N12145123WA010600110644
B0052533923284N12145126WA010610110663
B0052543923280N12145127WA010620110681
B0052553923276N12145125WA010620110766
B0052563923273N12145122WA010620110716
B0052573923269N12145118WA010620110652
B0052583923268N12145113WA010620110611
B0052593923268N12145106WA010630110739
B0053003923270N12145100WA010630110737
B0053013923272N12145094WA010620110685
B0053023923278N12145088WA010610110443
B0053033923284N12145084WA010600110360
B0053043923291N12145081WA010590110450
B0053053923298N12145079WA010580110360
B0053063923305N12145077WA010580110463
B0053073923313N12145077WA010590110402
B0053083923320N12145079WA010600110340
B0053093923327N12145081WA010610110639
B0053103923333N12145085WA010620110785
B0053113923339N12145090WA010630110843
B0053123923344N12145095WA010640110948
B0053133923349N12145101WA010650111065
B0053143923354N12145106WA010670111237
B0053153923359N12145110WA010680111387
B0053163923366N12145114WA010680111401
B0053173923372N12145116WA010690111443
B0053183923378N12145117WA010680111595
B0053193923385N12145119WA010680111414
B0053203923391N12145120WA010680111465
B0053213923397N12145120WA010680111447
B0053223923404N12145121WA010680111534
B0053233923411N12145121WA010670111419
B0053243923419N12145122WA010650111410
B0053253923427N12145122WA010640111214
B0053263923434N12145123WA010640111170
B0053273923442N12145123WA010640111214
B0053283923447N12145123WA010650111293
B0053293923454N12145122WA010650111349
B0053303923461N12145123WA010650111332
B0053313923468N12145123WA010640111107
B0053323923475N12145124WA010640111078
B0053333923483N12145125WA010630110837
B0053343923490N12145125WA010630110848
B0053353923497N12145126WA010630110804
B0053363923503N12145126WA010630110859
B0053373923510N12145127WA010630110910
B0053383923517N12145128WA010630110821
B0053393923524N12145129WA010630110744
B0053403923531N12145129WA010630110838
B0053413923537N12145130WA010630110885
B0053423923543N12145131WA010630110974
B0053433923549N12145132WA010630110873
B0053443923556N12145133WA010620110711
B0053453923562N12145134WA010610110691
B0053463923570N12145135WA010590110543
B0053473923577N12145135WA010580110429
B0053483923584N12145135WA010570110528
B0053493923590N12145136WA010560110485
B0053503923597N12145136WA010550110347
B0053513923604N12145136WA010540110315
B0053523923611N12145136WA010530110117
B0053533923618N12145136WA010520110077
B0053543923625N12145136WA010510109789
B0053553923633N12145137WA010500109666
B0053563923640N12145137WA010490109598
B0053573923647N12145138WA010480109495
B0053583923654N12145139WA010470109390
B0053593923662N12145139WA010470109309
B0054003923669N12145140WA010460109253
B0054013923677N12145140WA010450109017
B0054023923684N12145142WA010440109040
B0054033923692N12145143WA010440109001
B0054043923698N12145143WA010440109098
B0054053923706N12145144WA010430109103
B0054063923713N12145145WA010430109161
B0054073923721N12145145WA010420109069
B0054083923729N12145146WA010420108855
B0054093923736N12145146WA010410108768
B0054103923744N12145147WA010400108920
B0054113923751N12145148WA010400109052
B0054123923758N12145149WA010390108847
B0054133923765N12145151WA010380108813
B0054143923772N12145152WA010370108658
B0054153923779N12145154WA010360108692
B0054163923787N12145156WA010350108870
B0054173923795N12145156WA010350108607
B0054183923801N12145158WA010340108679
B0054193923808N12145160WA010330108407
B0054203923814N12145162WA010320108286
B0054213923821N12145164WA010310108097
B0054223923829N12145167WA010290107833
B0054233923836N12145169WA010270107678
B0054243923844N12145171WA010250107506
B0054253923851N12145173WA010230107447
B0054263923858N12145175WA010210107294
B0054273923866N12145177WA010180107029
B0054283923873N12145180WA010170106971
B0054293923881N12145182WA010150106791
B0054303923890N12145184WA010130106687
B0054313923899N12145187WA010110106340
B0054323923907N12145189WA010100106184
B0054333923916N12145191WA010090106094
B0054343923925N12145193WA010080105853
B0054353923934N12145195WA010080105906
B0054363923942N12145197WA010070105806
B0054373923949N12145200WA010060105791
B0054383923957N12145202WA010050105574
B0054393923966N12145205WA010030105321
B0054403923974N12145207WA010010105026
B0054413923981N12145210WA009990104987
B0054423923990N12145212WA009970104719
B0054433923998N12145215WA009950104661
B0054443924007N12145216WA009940104307
B0054453924015N12145218WA009920104322
B0054463924023N12145220WA009900104253
B0054473924031N12145222WA009880104066
B0054483924039N12145225WA009860103873
B0054493924047N12145228WA009840103572
B0054503924055N12145230WA009820103393
B0054513924064N12145232WA009800103134
B0054523924073N12145234WA009780102809
B0054533924082N12145237WA009760102505
B0054543924090N12145240WA009740102361
B0054553924099N12145241WA009730102249
B0054563924107N12145243WA009720102148
B0054573924115N12145246WA009700101811
B0054583924122N12145247WA009690101699
B0054593924130N12145248WA009680101486
B0055003924139N12145249WA009660101435
B0055013924147N12145249WA009650101375
B0055023924156N12145250WA009660101207
B0055033924164N12145252WA009670101312
B0055043924171N12145253WA009670101340
B0055053924178N12145253WA009680101455
B0055063924185N12145254WA009680101372
B0055073924193N12145254WA009670101349
B0055083924201N12145255WA009660101194
B0055093924210N12145255WA009650101149
B0055103924218N12145256WA009660101102
B0055113924225N12145256WA009670101223
B0055123924232N12145256WA009680101332
B0055133924239N12145255WA009690101529
B0055143924246N12145255WA009700101443
B0055153924253N12145255WA009700101478
B0055163924261N12145256WA009690101355
B0055173924269N12145256WA009690101411
B0055183924276N12145255WA009680101375
B0055193924284N12145255WA009680101260
B0055203924292N12145255WA009680101334
B0055213924300N12145255WA009680101326
B0055223924307N12145257WA009680101274
B0055233924315N12145259WA009680101347
B0055243924324N12145261WA009680101209
B0055253924331N12145265WA009690101173
B0055263924338N12145267WA009700101258
B0055273924345N12145270WA009710101375
B0055283924352N12145273WA009720101534
B0055293924359N12145276WA009740101624
B0055303924366N12145278WA009760101747
B0055313924373N12145281WA009770101990
B0055323924380N12145283WA009790102047
B0055333924387N12145286WA009810102273
B0055343924394N12145289WA009820102370
B0055353924402N12145291WA009830102329
B0055363924409N12145295WA009850102734
B0055373924416N12145298WA009870102955
B0055383924423N12145301WA009880102996
B0055393924430N12145305WA009890103095
B0055403924438N12145309WA009890103214
B0055413924445N12145313WA009900103285
B0055423924453N12145317WA009900103294
B0055433924461N12145320WA009910103368
B0055443924469N12145324WA009910103415
B0055453924476N12145327WA009930103718
B0055463924482N12145330WA009940103896
B0055473924489N12145334WA009960103960
B0055483924496N12145337WA009970103973
B0055493924504N12145340WA009970103905
B0055503924510N12145343WA009970104065
B0055513924517N12145347WA009970103926
B0055523924524N12145350WA009970103807
B0055533924531N12145353WA009970104047
B0055543924538N12145357WA009970104061
B0055553924545N12145360WA009970104066
B0055563924552N12145364WA009970104082
B0055573924559N12145367WA009970104034
B0055583924566N12145371WA009970104001
B0055593924572N12145374WA009970104178
B0056003924579N12145378WA009960104199
B0056013924587N12145382WA009950104067
B0056023924594N12145386WA009940104060
B0056033924601N12145389WA009930104044
B0056043924608N12145392WA009920103884
B0056053924616N12145395WA009900103823
B0056063924623N12145398WA009890103579
B0056073924631N12145401WA009870103436
B0056083924638N12145405WA009850103170
B0056093924647N12145407WA009830103019
B0056103924655N12145410WA009800102868
B0056113924664N12145414WA009770102542
B0056123924673N12145417WA009740102268
B0056133924682N12145420WA009710101977
B0056143924691N12145424WA009690101784
B0056153924700N12145428WA009660101567
B0056163924709N12145432WA009640101317
B0056173924717N12145436WA009630101167
B0056183924726N12145440WA009610100905
B0056193924734N12145444WA009600100791
B0056203924743N12145447WA009580100588
B0056213924752N12145451WA009560100487
B0056223924761N12145455WA009550100493
B0056233924770N12145459WA009550100401
B0056243924777N12145462WA009540100196
B0056253924785N12145466WA009540100064
B0056263924793N12145469WA009520099993
B0056273924802N12145472WA009510099807
B0056283924810N12145476WA009500099670
B0056293924819N12145479WA009480099462
B0056303924828N12145481WA009460099234
B0056313924836N12145484WA009450099275
B0056323924845N12145487WA009430099028
B0056333924852N12145490WA009420099199
B0056343924861N12145493WA009420099148
B0056353924869N12145496WA009410098987
B0056363924878N12145500WA009410098852
B0056373924886N12145503WA009400098775
B0056383924895N12145506WA009390098539
B0056393924903N12145510WA009370098487
B0056403924911N12145514WA009360098375
B0056413924919N12145518WA009350098156
B0056423924927N12145522WA009330098051
B0056433924935N12145525WA009320098045
B0056443924942N12145529WA009300097994
B0056453924951N12145532WA009290097807
B0056463924958N12145535WA009280097789
B0056473924966N12145539WA009260097579
B0056483924974N12145543WA009250097379
B0056493924982N12145547WA009230097154
B0056503924990N12145551WA009220097093
B0056513924999N12145555WA009200096851
B0056523925007N12145558WA009180096665
B0056533925016N12145562WA009170096707
B0056543925023N12145566WA009170096591
B0056553925031N12145570WA009160096593
B0056563925039N12145574WA009150096390
B0056573925047N12145578WA009140096240
B0056583925056N12145582WA009130096202
B0056593925064N12145586WA009120095939
B0057003925072N12145590WA009100095872
B0057013925080N12145593WA009090095573
B0057023925088N12145596WA009080095433
B0057033925096N12145599WA009060095476
B0057043925104N12145602WA009050095285
B0057053925112N12145605WA009040095155
B0057063925120N12145608WA009020095033
B0057073925128N12145611WA009000094973
B0057083925137N12145614WA008980094706
B0057093925145N12145617WA008960094653
B0057103925154N12145619WA008940094424
B0057113925162N12145621WA008920094288
B0057123925171N12145624WA008900094142
B0057133925179N12145626WA008890093974
B0057143925188N12145628WA008870093807
B0057153925196N12145630WA008860093723
B0057163925204N12145632WA008840093630
B0057173925212N12145634WA008820093476
B0057183925221N12145637WA008800093212
B0057193925229N12145639WA008780092954
B0057203925237N12145642WA008760092661
B0057213925245N12145644WA008740092696
B0057223925254N12145647WA008720092537
B0057233925263N12145650WA008710092309
B0057243925271N12145654WA008690092013
B0057253925279N12145657WA008680091806
B0057263925286N12145662WA008670091640
B0057273925293N12145666WA008660091459
B0057283925300N12145672WA008650091383
B0057293925307N12145677WA008640091187
B0057303925314N12145683WA008630090972
B0057313925321N12145688WA008620090745
B0057323925328N12145694WA008600090520
B0057333925334N12145699WA008590090397
B0057343925341N12145705WA008570090186
B0057353925348N12145711WA008550090056
B0057363925355N12145717WA008530089834
B0057373925362N12145723WA008510089640
B0057383925370N12145728WA008500089507
B0057393925377N12145734WA008500089465
B0057403925384N12145740WA008500089572
B0057413925391N12145745WA008520089715
B0057423925396N12145749WA008540090048
B0057433925401N12145753WA008560090302
B0057443925405N12145756WA008580090476
B0057453925410N12145760WA008590090458
B0057463925415N12145765WA008580090375
B0057473925421N12145769WA008580090248
B0057483925427N12145772WA008580090297
B0057493925435N12145773WA008570090115
B0057503925442N12145771WA008570090167
B0057513925449N12145767WA008560090032
B0057523925454N12145761WA008570090143
B0057533925457N12145755WA008580090360
B0057543925458N12145749WA008590090482
B0057553925458N12145744WA008620090616
B0057563925456N12145741WA008640090866
B0057573925454N12145740WA008660091035
B0057583925452N12145740WA008680091125
B0057593925449N12145741WA008700091380
B0058003925447N12145741WA008710091457
B0058013925445N12145743WA008730091513
B0058023925442N12145746WA008740091680
B0058033925440N12145750WA008750091861
B0058043925440N12145755WA008760091848
B0058053925441N12145762WA008760091980
B0058063925444N12145767WA008760092096
B0058073925449N12145772WA008760092089
B0058083925455N12145776WA008760091935
B0058093925462N12145779WA008750092000
B0058103925469N12145779WA008750092054
B0058113925476N12145778WA008750091975
B0058123925483N12145776WA008760092063
B0058133925489N12145773WA008770092062
B0058143925494N12145769WA008790092386
B0058153925499N12145765WA008810092622
B0058163925501N12145759WA008840092877
B0058173925502N12145754WA008860093052
B0058183925502N12145749WA008880093112
B0058193925501N12145745WA008910093302
B0058203925499N12145743WA008940093600
B0058213925496N12145742WA008960093964
B0058223925493N12145743WA008990094187
B0058233925491N12145746WA009010094313
B0058243925488N12145749WA009030094568
B0058253925486N12145754WA009040094652
B0058263925485N12145760WA009060094890
B0058273925486N12145766WA009060094963
B0058283925488N12145773WA009060094983
B0058293925492N12145779WA009060094935
B0058303925497N12145785WA009050094911
B0058313925503N12145788WA009050094959
B0058323925511N12145789WA009040094732
B0058333925519N12145787WA009040094658
B0058343925527N12145783WA009030094648
B0058353925533N12145778WA009040094522
B0058363925537N12145771WA009050094809
B0058373925539N12145765WA009070095119
B0058383925539N12145761WA009100095580
B0058393925539N12145757WA009130095833
B0058403925537N12145755WA009160096043
B0058413925534N12145754WA009190096177
B0058423925531N12145755WA009210096238
B0058433925528N12145759WA009210096382
B0058443925527N12145764WA009220096326
B0058453925527N12145771WA009220096440
B0058463925529N12145778WA009220096451
B0058473925533N12145785WA009230096450
B0058483925538N12145791WA009230096570
B0058493925545N12145794WA009230096519
B0058503925552N12145796WA009230096575
B0058513925561N12145796WA009240096608
B0058523925569N12145795WA009240096600
B0058533925576N12145791WA009250096727
B0058543925582N12145786WA009260096803
B0058553925586N12145779WA009280097002
B0058563925588N12145772WA009290097326
B0058573925589N12145766WA009320097738
B0058583925589N12145761WA009350098079
B0058593925589N12145758WA009390098461
B0059003925588N12145755WA009420098722
B0059013925586N12145753WA009460099008
B0059023925583N12145754WA009490099208
B0059033925580N12145758WA009510099441
B0059043925578N12145764WA009520099561
B0059053925578N12145771WA009520099645
B0059063925580N12145779WA009530099731
B0059073925584N12145786WA009540099823
B0059083925589N12145792WA009560100040
B0059093925596N12145796WA009570100110
B0059103925603N12145797WA009580100178
B0059113925611N12145798WA009580100130
B0059123925619N12145796WA009590100200
B0059133925625N12145791WA009590100359
B0059143925630N12145785WA009600100459
B0059153925634N12145779WA009620100665
B0059163925638N12145772WA009640100817
B0059173925640N12145766WA009670101076
B0059183925642N12145759WA009690101379
B0059193925644N12145753WA009720101685
B0059203925646N12145748WA009760101945
B0059213925646N12145743WA009800102493
B0059223925647N12145738WA009830102736
B0059233925646N12145732WA009860102897
B0059243925645N12145727WA009900103031
B0059253925644N12145721WA009920103373
B0059263925643N12145717WA009950103686
B0059273925642N12145716WA009960103961
B0059283925640N12145717WA009960103880
B0059293925639N12145722WA009950103692
B0059303925641N12145730WA009930103348
B0059313925645N12145740WA009910103160
B0059323925651N12145746WA009910103218
B0059333925656N12145751WA009930103747
B0059343925662N12145754WA009960104226
B0059353925667N12145757WA009990104695
B0059363925674N12145759WA010030104960
B0059373925681N12145758WA010060105069
B0059383925687N12145756WA010090105390
B0059393925692N12145751WA010120105580
B0059403925696N12145744WA010150105708
B0059413925697N12145738WA010170106084
B0059423925698N12145732WA010190106313
B0059433925696N12145727WA010220106679
B0059443925694N12145725WA010240106989
B0059453925692N12145725WA010270107026
B0059463925690N12145728WA010280107205
B0059473925688N12145733WA010280107262
B0059483925688N12145739WA010280107287
B0059493925691N12145747WA010290107401
B0059503925694N12145753WA010310107648
B0059513925698N12145759WA010320107847
B0059523925702N12145765WA010350108078
B0059533925708N12145771WA010370108219
B0059543925714N12145777WA010400108315
B0059553925720N12145781WA010430108599
B0059563925728N12145784WA010460108810
B0059573925735N12145783WA010480109101
B0059583925741N12145779WA010510109387
B0059593925746N12145773WA010520109483
B0100003925749N12145766WA010530109680
B0100013925751N12145759WA010550109901
B0100023925750N12145753WA010570110265
B0100033925748N12145749WA010590110586
B0100043925745N12145747WA010620110778
B0100053925741N12145747WA010640110987
B0100063925738N12145749WA010670111226
B0100073925735N12145753WA010700111598
B0100083925735N12145759WA010730111899
B0100093925737N12145766WA010760112138
B0100103925739N12145773WA010790112268
B0100113925742N12145781WA010810112563
B0100123925746N12145788WA010840112825
B0100133925750N12145794WA010860113158
B0100143925756N12145799WA010880113329
B0100153925762N12145803WA010890113574
B0100163925770N12145805WA010910113700
B0100173925777N12145804WA010920113905
B0100183925783N12145802WA010940114122
B0100193925788N12145797WA010960114367
B0100203925792N12145791WA010980114559
B0100213925795N12145785WA011000114715
B0100223925796N12145779WA011010114940
B0100233925796N12145772WA011020114906
B0100243925793N12145767WA011020114982
B0100253925790N12145762WA011030115048
B0100263925786N12145760WA011040115235
B0100273925782N12145760WA011060115410
B0100283925778N12145759WA011080115648
B0100293925774N12145759WA011110115996
B0100303925771N12145758WA011130116175
B0100313925768N12145757WA011160116335
B0100323925765N12145757WA011180116613
B0100333925761N12145757WA011190116778
B0100343925758N12145759WA011200116852
B0100353925756N12145763WA011200116901
B0100363925754N12145768WA011200116938
B0100373925755N12145775WA011200116917
B0100383925758N12145782WA011200116856
B0100393925763N12145788WA011200116765
B0100403925769N12145792WA011210116979
B0100413925776N12145795WA011220117119
B0100423925782N12145797WA011240117162
B0100433925788N12145797WA011260117377
B0100443925795N12145796WA011280117594
B0100453925802N12145793WA011300117666
B0100463925809N12145790WA011310117722
B0100473925814N12145785WA011330117876
B0100483925818N12145779WA011350117966
B0100493925820N12145773WA011350117938
B0100503925821N12145767WA011360118341
B0100513925820N12145761WA011370118310
B0100523925817N12145756WA011370118470
B0100533925814N12145752WA011380118446
B0100543925809N12145751WA011390118594
B0100553925805N12145751WA011400118627
B0100563925800N12145752WA011400118697
B0100573925796N12145754WA011410118691
B0100583925792N12145755WA011410118685
B0100593925788N12145757WA011410118775
B0101003925785N12145760WA011420118718
B0101013925782N12145765WA011410118768
B0101023925782N12145772WA011410118634
B0101033925783N12145779WA011400118450
B0101043925787N12145785WA011390118369
B0101053925792N12145791WA011380118296
B0101063925799N12145795WA011370118274
B0101073925806N12145797WA011370118394
B0101083925813N12145799WA011380118433
B0101093925820N12145800WA011390118609
B0101103925826N12145802WA011400118757
B0101113925832N12145803WA011410118877
B0101123925839N12145804WA011410118876
B0101133925847N12145804WA011420118815
B0101143925854N12145804WA011430118846
B0101153925862N12145805WA011430118803
B0101163925869N12145807WA011440118861
B0101173925877N12145808WA011450119015
B0101183925884N12145809WA011460119333
B0101193925891N12145809WA011480119559
B0101203925897N12145810WA011500119792
B0101213925904N12145811WA011510119852
B0101223925911N12145812WA011530119811
B0101233925917N12145812WA011540119988
B0101243925924N12145813WA011540120082
B0101253925931N12145814WA011540120190
B0101263925938N12145814WA011550120246
B0101273925944N12145815WA011550120296
B0101283925951N12145816WA011560120387
B0101293925958N12145817WA011570120342
B0101303925965N12145817WA011570120449
B0101313925972N12145819WA011570120430
B0101323925979N12145820WA011570120508
B0101333925985N12145824WA011570120514
B0101343925990N12145829WA011560120428
B0101353925994N12145836WA011560120337
B0101363925996N12145843WA011550120367
B0101373925996N12145850WA011550120280
B0101383925995N12145855WA011550120294
B0101393925993N12145858WA011560120395
B0101403925991N12145859WA011560120469
B0101413925988N12145860WA011560120476
B0101423925985N12145860WA011570120473
B0101433925983N12145859WA011570120532
B0101443925981N12145857WA011570120519
B0101453925978N12145856WA011580120689
B0101463925976N12145853WA011580120776
B0101473925974N12145851WA011580120743
B0101483925971N12145849WA011580120755
B0101493925968N12145848WA011590120783
B0101503925966N12145846WA011590120924
B0101513925963N12145844WA011600120959
B0101523925961N12145843WA011610121031
B0101533925959N12145841WA011630121223
B0101543925957N12145839WA011640121357
B0101553925955N12145837WA011650121457
B0101563925953N12145835WA011660121309
B0101573925950N12145833WA011660121426
B0101583925947N12145831WA011670121576
B0101593925945N12145829WA011680121756
B0102003925943N12145827WA011690121921
B0102013925941N12145824WA011710122118
B0102023925939N12145821WA011720122307
B0102033925937N12145818WA011740122333
B0102043925936N12145813WA011750122329
B0102053925936N12145808WA011750122222
B0102063925938N12145802WA011750122211
B0102073925941N12145796WA011760122455
B0102083925945N12145792WA011780122898
B0102093925951N12145790WA011800123056
B0102103925957N12145789WA011810123176
B0102113925964N12145789WA011820123384
B0102123925972N12145790WA011830123313
B0102133925979N12145793WA011830123341
B0102143925986N12145796WA011840123423
B0102153925992N12145800WA011850123557
B0102163925997N12145806WA011860123576
B0102173926001N12145813WA011870123645
B0102183926003N12145821WA011880123651
B0102193926003N12145828WA011890123744
B0102203926002N12145834WA011900123842
B0102213926000N12145838WA011910123958
B0102223925997N12145842WA011920124183
B0102233925995N12145845WA011930124120
B0102243925992N12145846WA011940124214
B0102253925988N12145847WA011950124331
B0102263925985N12145846WA011960124471
B0102273925983N12145843WA011970124428
B0102283925980N12145841WA011960124461
B0102293925978N12145837WA011960124675
B0102303925976N12145833WA011960124638
B0102313925974N12145829WA011960124659
B0102323925972N12145825WA011960124682
B0102333925972N12145819WA011970124737
B0102343925973N12145813WA011970124869
B0102353925976N12145808WA011980124837
B0102363925980N12145803WA011980124824
B0102373925984N12145798WA011970124733
B0102383925988N12145793WA011970124775
B0102393925995N12145789WA011970124713
B0102403926001N12145786WA011980124781
B0102413926009N12145783WA011980124828
B0102423926017N12145782WA012000124956
B0102433926025N12145782WA012010125043
B0102443926033N12145782WA012030125215
B0102453926040N12145785WA012050125440
B0102463926047N12145789WA012060125664
B0102473926053N12145795WA012070125592
B0102483926059N12145801WA012060125536
B0102493926064N12145808WA012060125406
B0102503926067N12145815WA012070125567
B0102513926070N12145821WA012070125707
B0102523926071N12145828WA012080125801
B0102533926069N12145834WA012090125981
B0102543926068N12145839WA012080125668
B0102553926066N12145845WA012080125660
B0102563926064N12145849WA012080125516
B0102573926061N12145852WA012080125749
B0102583926058N12145855WA012090125720
B0102593926054N12145856WA012090125893
B0103003926051N12145856WA012090125955
B0103013926048N12145856WA012100126035
B0103023926045N12145855WA012110126183
B0103033926043N12145854WA012120126275
B0103043926041N12145853WA012130126351
B0103053926039N12145852WA012140126409
B0103063926035N12145852WA012140126382
B0103073926032N12145850WA012140126219
B0103083926029N12145848WA012150126413
B0103093926027N12145844WA012150126550
B0103103926027N12145838WA012160126528
B0103113926027N12145833WA012160126622
B0103123926029N12145827WA012170126731
B0103133926032N12145821WA012170126825
B0103143926035N12145816WA012180126890
B0103153926041N12145810WA012170126808
B0103163926047N12145805WA012180126840
B0103173926054N12145799WA012180126886
B0103183926062N12145795WA012190126810
B0103193926069N12145791WA012210127032
B0103203926075N12145787WA012240127331
B0103213926080N12145782WA012270127689
B0103223926085N12145779WA012290127890
B0103233926090N12145773WA012300127966
B0103243926094N12145766WA012300127944
B0103253926096N12145758WA012300127926
B0103263926095N12145752WA012300128003
B0103273926091N12145748WA012310128197
B0103283926088N12145747WA012320128362
B0103293926084N12145749WA012330128440
B0103303926080N12145753WA012340128483
B0103313926078N12145759WA012350128574
B0103323926079N12145767WA012370128740
B0103333926082N12145774WA012370128737
B0103343926086N12145781WA012380128863
B0103353926091N12145787WA012390128970
B0103363926097N12145791WA012400129184
B0103373926104N12145794WA012410129375
B0103383926112N12145795WA012430129429
B0103393926119N12145796WA012450129682
B0103403926126N12145794WA012470129988
B0103413926133N12145791WA012490130119
B0103423926138N12145787WA012510130251
B0103433926143N12145780WA012510130209
B0103443926146N12145773WA012510130208
B0103453926147N12145766WA012500130231
B0103463926147N12145759WA012500130160
B0103473926146N12145752WA012500130177
B0103483926144N12145747WA012500130156
B0103493926141N12145744WA012500130166
B0103503926138N12145743WA012510130215
B0103513926134N12145745WA012520130343
B0103523926130N12145748WA012520130397
B0103533926128N12145753WA012530130435
B0103543926126N12145758WA012550130569
B0103553926125N12145763WA012560130699
B0103563926125N12145769WA012570130882
B0103573926126N12145775WA012580131072
B0103583926128N12145781WA012590131088
B0103593926131N12145788WA012600131168
B0104003926135N12145796WA012610131110
B0104013926139N12145802WA012620131370
B0104023926144N12145807WA012640131495
B0104033926150N12145811WA012650131771
B0104043926157N12145812WA012670131831
B0104053926164N12145812WA012680131940
B0104063926171N12145809WA012690132066
B0104073926177N12145805WA012690132092
B0104083926183N12145799WA012690132133
B0104093926187N12145792WA012690132101
B0104103926189N12145784WA012700132267
B0104113926190N12145777WA012710132275
B0104123926190N12145771WA012710132424
B0104133926188N12145766WA012720132517
B0104143926185N12145763WA012730132463
B0104153926181N12145761WA012740132491
B0104163926178N12145760WA012740132443
B0104173926174N12145760WA012750132549
B0104183926170N12145762WA012760132665
B0104193926167N12145764WA012770132944
B0104203926164N12145766WA012780133072
B0104213926162N12145769WA012800133121
B0104223926160N12145773WA012810133222
B0104233926159N12145778WA012830133543
B0104243926160N12145784WA012840133536
B0104253926162N12145790WA012850133598
B0104263926167N12145796WA012860133654
B0104273926173N12145800WA012860133797
B0104283926181N12145803WA012860133835
B0104293926189N12145803WA012870133908
B0104303926196N12145802WA012880134124
B0104313926202N12145798WA012890134386
B0104323926208N12145793WA012900134402
B0104333926212N12145786WA012920134616
B0104343926215N12145779WA012930134642
B0104353926217N12145771WA012940134714
B0104363926217N12145764WA012950134882
B0104373926216N12145757WA012960134895
B0104383926214N12145751WA012960134968
B0104393926211N12145747WA012960134848
B0104403926207N12145746WA012960134969
B0104413926203N12145748WA012960135080
B0104423926200N12145749WA012970135145
B0104433926197N12145751WA012980135221
B0104443926194N12145753WA012990135366
B0104453926192N12145756WA013000135443
B0104463926190N12145760WA013010135582
B0104473926190N12145765WA013020135791
B0104483926192N12145770WA013030135869
B0104493926196N12145777WA013040135822
B0104503926201N12145782WA013040135769
B0104513926208N12145786WA013040135716
B0104523926215N12145788WA013050135814
B0104533926222N12145787WA013050135936
B0104543926229N12145785WA013050136001
B0104553926235N12145780WA013060136103
B0104563926240N12145774WA013060136144
B0104573926244N12145767WA013070136145
B0104583926247N12145760WA013070136263
B0104593926248N12145752WA013070136289
B0105003926248N12145745WA013070136198
B0105013926247N12145739WA013070136062
B0105023926245N12145733WA013070135988
B0105033926243N12145729WA013060135907
B0105043926239N12145727WA013060135870
B0105053926235N12145726WA013050135783
B0105063926232N12145727WA013050135720
B0105073926229N12145729WA013060135846
B0105083926227N12145732WA013060136035
B0105093926225N12145735WA013070136118
B0105103926222N12145739WA013080136290
B0105113926220N12145741WA013090136296
B0105123926219N12145744WA013100136228
B0105133926217N12145748WA013110136341
B0105143926216N12145751WA013110136311
B0105153926215N12145755WA013110136265
B0105163926217N12145761WA013110136058
B0105173926220N12145768WA013100135983
B0105183926225N12145774WA013100135844
B0105193926231N12145779WA013090135921
B0105203926236N12145783WA013100136093
B0105213926242N12145786WA013100136185
B0105223926249N12145788WA013110136230
B0105233926256N12145788WA013110136261
B0105243926264N12145786WA013110136132
B0105253926272N12145783WA013100136024
B0105263926280N12145780WA013100135907
B0105273926287N12145778WA013090135917
B0105283926294N12145777WA013090136040
B0105293926302N12145776WA013090136012
B0105303926310N12145775WA013080135803
B0105313926318N12145774WA013070135737
B0105323926326N12145774WA013060135721
B0105333926333N12145773WA013060135857
B0105343926340N12145772WA013060135959
B0105353926347N12145771WA013060135974
B0105363926355N12145770WA013050135965
B0105373926363N12145769WA013040135843
B0105383926371N12145768WA013030135716
B0105393926378N12145767WA013020135796
B0105403926386N12145766WA013010135657
B0105413926393N12145766WA013000135671
B0105423926400N12145766WA013000135591
B0105433926408N12145765WA012990135413
B0105443926414N12145764WA012980135391
B0105453926422N12145761WA012970135136
B0105463926429N12145760WA012950135054
B0105473926437N12145758WA012940134916
B0105483926444N12145756WA012920134872
B0105493926451N12145754WA012910134794
B0105503926459N12145752WA012890134625
B0105513926466N12145750WA012880134436
B0105523926473N12145749WA012870134332
B0105533926480N12145747WA012850134129
B0105543926486N12145746WA012830134195
B0105553926493N12145745WA012820134063
B0105563926500N12145743WA012800133875
B0105573926508N12145742WA012780133752
B0105583926516N12145740WA012750133526
B0105593926524N12145739WA012730133212
B0106003926531N12145738WA012710133011
B0106013926538N12145736WA012700132942
B0106023926545N12145735WA012690132743
B0106033926552N12145734WA012670132555
B0106043926560N12145732WA012650132313
B0106053926567N12145731WA012630132193
B0106063926575N12145730WA012610131833
B0106073926582N12145729WA012590131754
B0106083926589N12145728WA012590131641
B0106093926596N12145727WA012580131513
B0106103926603N12145725WA012580131469
B0106113926611N12145724WA012570131205
B0106123926618N12145723WA012550131023
B0106133926625N12145722WA012540130943
B0106143926632N12145721WA012530130850
B0106153926639N12145719WA012510130703
B0106163926646N12145718WA012500130532
B0106173926653N12145717WA012480130364
B0106183926662N12145716WA012460130135
B0106193926671N12145715WA012430129735
B0106203926681N12145714WA012400129505
B0106213926690N12145713WA012380129241
B0106223926699N12145712WA012370129125
B0106233926707N12145711WA012370129111
B0106243926714N12145710WA012370129163
B0106253926722N12145708WA012360129157
B0106263926730N12145707WA012340128761
B0106273926739N12145705WA012320128457
B0106283926748N12145703WA012290128179
B0106293926758N12145702WA012260127901
B0106303926767N12145700WA012250127707
B0106313926775N12145699WA012230127656
B0106323926784N12145697WA012220127505
B0106333926792N12145695WA012220127336
B0106343926800N12145693WA012200127182
B0106353926809N12145691WA012180126824
B0106363926818N12145689WA012160126604
B0106373926826N12145687WA012140126492
B0106383926835N12145684WA012120126277
B0106393926844N12145682WA012100126104
B0106403926852N12145680WA012090125954
B0106413926861N12145678WA012070125801
B0106423926869N12145676WA012050125650
B0106433926878N12145673WA012030125466
B0106443926887N12145671WA012010125085
B0106453926897N12145669WA011990124896
B0106463926907N12145667WA011970124661
B0106473926916N12145665WA011980124693
B0106483926925N12145664WA011980124732
B0106493926932N12145663WA011990124862
B0106503926939N12145662WA012000125023
B0106513926945N12145661WA012010125103
B0106523926951N12145660WA012010125128
B0106533926957N12145660WA012000125042
B0106543926965N12145659WA011980124940
B0106553926974N12145657WA011970124635
B0106563926981N12145656WA011950124482
B0106573926988N12145655WA011940124406
B0106583926994N12145654WA011940124488
B0106593927001N12145653WA011940124467
B0107003927008N12145652WA011940124498
B0107013927016N12145651WA011940124371
B0107023927024N12145650WA011940124371
B0107033927032N12145649WA011940124444
B0107043927039N12145648WA011950124597
B0107053927047N12145648WA011950124621
B0107063927054N12145647WA011950124752
B0107073927062N12145646WA011950124616
B0107083927070N12145645WA011950124509
B0107093927078N12145645WA011940124502
B0107103927085N12145644WA011940124498
B0107113927093N12145644WA011930124555
B0107123927101N12145643WA011930124538
B0107133927108N12145643WA011930124578
B0107143927115N12145643WA011930124598
B0107153927123N12145644WA011930124521
B0107163927130N12145644WA011930124511
B0107173927137N12145644WA011920124444
B0107183927144N12145644WA011920124487
B0107193927152N12145644WA011910124419
B0107203927159N12145645WA011910124424
B0107213927166N12145645WA011900124487
B0107223927173N12145645WA011900124389
B0107233927181N12145646WA011890124321
B0107243927188N12145646WA011890124381
B0107253927196N12145644WA011880124238
B0107263927203N12145645WA011880124282
B0107273927211N12145644WA011870124113
B0107283927218N12145644WA011870124150
B0107293927225N12145643WA011870124181
B0107303927233N12145642WA011860124117
B0107313927240N12145642WA011860124020
B0107323927247N12145641WA011850123956
B0107333927254N12145641WA011840123879
B0107343927262N12145641WA011830123749
B0107353927269N12145641WA011830123634
B0107363927276N12145641WA011820123640
B0107373927283N12145640WA011820123505
B0107383927289N12145640WA011820123566
B0107393927296N12145641WA011810123462
B0107403927304N12145642WA011800123201
B0107413927311N12145643WA011790123142
B0107423927318N12145644WA011780123138
B0107433927325N12145646WA011770122954
B0107443927332N12145647WA011760122838
B0107453927339N12145649WA011760122924
B0107463927346N12145651WA011750122925
B0107473927353N12145653WA011740122932
B0107483927360N12145655WA011740122851
B0107493927367N12145657WA011730122775
B0107503927374N12145659WA011730122867
B0107513927381N12145661WA011730122773
B0107523927389N12145663WA011720122602
B0107533927396N12145665WA011720122502
B0107543927403N12145667WA011710122422
B0107553927410N12145668WA011700122339
B0107563927417N12145670WA011690122247
B0107573927424N12145672WA011700122252
B0107583927431N12145673WA011700122387
B0107593927438N12145675WA011690122353
B0108003927445N12145676WA011690122389
B0108013927452N12145678WA011690122271
B0108023927459N12145679WA011680122094
B0108033927466N12145680WA011670121995
B0108043927473N12145681WA011660121987
B0108053927481N12145683WA011650121802
B0108063927488N12145684WA011640121735
B0108073927495N12145686WA011620121535
B0108083927502N12145689WA011610121442
B0108093927508N12145691WA011610121398
B0108103927515N12145694WA011600121274
B0108113927522N12145696WA011590121254
B0108123927529N12145698WA011590121151
B0108133927536N12145699WA011580121049
B0108143927543N12145702WA011570120936
B0108153927550N12145705WA011560120829
B0108163927557N12145708WA011550120726
B0108173927564N12145711WA011540120641
B0108183927571N12145712WA011530120363
B0108193927578N12145714WA011520120232
B0108203927585N12145716WA011510120113
B0108213927592N12145718WA011500120045
B0108223927599N12145720WA011490119963
B0108233927606N12145722WA011480119854
B0108243927613N12145724WA011480119923
B0108253927619N12145726WA011470119878
B0108263927626N12145728WA011460119857
B0108273927633N12145731WA011460119820
B0108283927640N12145733WA011450119720
B0108293927647N12145735WA011440119621
B0108303927654N12145736WA011420119629
B0108313927660N12145739WA011410119576
B0108323927667N12145741WA011410119445
B0108333927674N12145743WA011400119415
B0108343927680N12145745WA011390119389
B0108353927687N12145748WA011380119235
B0108363927693N12145752WA011380119280
B0108373927700N12145755WA011370119035
B0108383927706N12145758WA011350118968
B0108393927713N12145761WA011340118821
B0108403927719N12145764WA011330118763
B0108413927726N12145767WA011310118642
B0108423927733N12145770WA011300118501
B0108433927740N12145772WA011290118316
B0108443927747N12145775WA011280118116
B0108453927754N12145779WA011290118101
B0108463927760N12145782WA011290118045
B0108473927767N12145786WA011280117903
B0108483927774N12145789WA011270117916
B0108493927780N12145792WA011260117962
B0108503927787N12145794WA011250117887
B0108513927795N12145797WA011240117715
B0108523927802N12145800WA011230117702
B0108533927808N12145803WA011220117764
B0108543927815N12145805WA011210117646
B0108553927822N12145808WA011210117502
B0108563927828N12145811WA011200117373
B0108573927835N12145815WA011190117281
B0108583927842N12145818WA011180117125
B0108593927849N12145821WA011160117118
B0109003927855N12145824WA011150117189
B0109013927862N12145829WA011140116933
B0109023927869N12145832WA011130116815
B0109033927875N12145835WA011130116767
B0109043927881N12145839WA011120116774
B0109053927888N12145842WA011100116765
B0109063927895N12145845WA011090116474
B0109073927902N12145848WA011080116354
B0109083927909N12145850WA011060116233
B0109093927916N12145852WA011050116329
B0109103927923N12145855WA011040116319
B0109113927929N12145858WA011030116189
B0109123927936N12145861WA011020116085
B0109133927944N12145864WA011010115802
B0109143927951N12145867WA011000115711
B0109153927958N12145870WA010980115621
B0109163927965N12145872WA010980115516
B0109173927971N12145875WA010970115382
B0109183927978N12145877WA010960115147
B0109193927985N12145879WA010950115079
B0109203927992N12145881WA010940114978
B0109213927999N12145883WA010940114763
B0109223928006N12145885WA010940114764
B0109233928012N12145887WA010930114761
B0109243928018N12145888WA010930114792
B0109253928025N12145889WA010930114649
B0109263928032N12145891WA010930114536
B0109273928039N12145893WA010920114503
B0109283928045N12145894WA010920114444
B0109293928051N12145895WA010910114492
B0109303928058N12145896WA010910114415
B0109313928064N12145897WA010900114396
B0109323928071N12145898WA010900114246
B0109333928077N12145900WA010890114173
B0109343928084N12145902WA010890114100
B0109353928090N12145903WA010880114058
B0109363928097N12145905WA010870114004
B0109373928102N12145907WA010870113992
B0109383928109N12145908WA010870113945
B0109393928115N12145909WA010870113988
B0109403928122N12145911WA010870113840
B0109413928129N12145911WA010870113818
B0109423928135N12145912WA010860113768
B0109433928141N12145914WA010860113790
B0109443928148N12145915WA010850113632
B0109453928154N12145916WA010840113565
B0109463928161N12145917WA010840113533
B0109473928167N12145917WA010830113388
B0109483928174N12145918WA010830113448
B0109493928181N12145919WA010820113426
B0109503928187N12145920WA010820113486
B0109513928194N12145922WA010810113331
B0109523928200N12145923WA010810113344
B0109533928207N12145923WA010800113209
B0109543928213N12145925WA010790113240
B0109553928220N12145926WA010790113231
B0109563928226N12145927WA010780113163
B0109573928232N12145928WA010780113091
B0109583928239N12145929WA010770112963
B0109593928246N12145930WA010770112802
B0110003928252N12145931WA010760112768
B0110013928258N12145933WA010750112692
B0110023928265N12145934WA010740112443
B0110033928271N12145935WA010710112390
B0110043928278N12145935WA010720112360
B0110053928284N12145935WA010700112178
B0110063928290N12145937WA010690112072
B0110073928297N12145937WA010690111919
B0110083928303N12145939WA010680111752
B0110093928310N12145940WA010660111641
B0110103928317N12145941WA010650111510
B0110113928323N12145941WA010620111446
B0110123928329N12145941WA010630111386
B0110133928336N12145942WA010620111211
B0110143928342N12145942WA010610111166
B0110153928349N12145942WA010600111028
B0110163928355N12145943WA010590110961
B0110173928362N12145943WA010580110829
B0110183928368N12145945WA010570110742
B0110193928374N12145945WA010550110581
B0110203928381N12145945WA010540110418
B0110213928387N12145946WA010510110318
B0110223928393N12145947WA010520110255
B0110233928400N12145947WA010500110117
B0110243928406N12145948WA010480109993
B0110253928413N12145948WA010480109735
B0110263928420N12145948WA010470109537
B0110273928426N12145948WA010450109375
B0110283928433N12145948WA010440109334
B0110293928439N12145948WA010430109183
B0110303928446N12145948WA010420109034
B0110313928452N12145948WA010410108891
B0110323928459N12145948WA010390108750
B0110333928466N12145948WA010370108730
B0110343928472N12145948WA010360108686
B0110353928479N12145949WA010350108441
B0110363928486N12145949WA010340108307
B0110373928492N12145950WA010330108185
B0110383928500N12145950WA010310107908
B0110393928507N12145951WA010300107829
B0110403928514N12145953WA010280107723
B0110413928521N12145954WA010260107508
B0110423928527N12145956WA010240107443
B0110433928534N12145957WA010220107217
B0110443928540N12145959WA010210107061
B0110453928547N12145960WA010190106812
B0110463928553N12145961WA010180106786
B0110473928560N12145962WA010160106654
B0110483928567N12145963WA010150106448
B0110493928573N12145965WA010140106381
B0110503928580N12145966WA010130106136
B0110513928587N12145968WA010110105901
B0110523928594N12145968WA010090105849
B0110533928601N12145970WA010060105555
B0110543928608N12145972WA010040105360
B0110553928615N12145973WA010020105274
B0110563928622N12145974WA010000105078
B0110573928629N12145976WA009990105048
B0110583928635N12145977WA009980104999
B0110593928643N12145979WA009970104935
B0111003928650N12145981WA009970104863
B0111013928657N12145982WA009960104890
B0111023928664N12145982WA009970104877
B0111033928671N12145983WA009970104746
B0111043928677N12145985WA009970104789
B0111053928684N12145987WA009970104703
B0111063928690N12145989WA009970104631
B0111073928696N12145990WA009960104669
B0111083928703N12145992WA009950104549
B0111093928710N12145995WA009940104403
B0111103928716N12145998WA009930104297
B0111113928724N12146001WA009910104104
B0111123928731N12146003WA009900104006
B0111133928737N12146005WA009890103959
B0111143928744N12146008WA009880103801
B0111153928750N12146010WA009870103762
B0111163928757N12146012WA009860103543
B0111173928764N12146014WA009850103574
B0111183928772N12146016WA009840103410
B0111193928779N12146017WA009840103419
B0111203928786N12146019WA009850103305
B0111213928792N12146021WA009850103362
B0111223928799N12146022WA009850103232
B0111233928806N12146023WA009840103119
B0111243928813N12146025WA009840103020
B0111253928820N12146026WA009840102988
B0111263928828N12146028WA009840102952
B0111273928835N12146029WA009840102981
B0111283928842N12146030WA009850103143
B0111293928848N12146031WA009860103283
B0111303928855N12146031WA009860103305
B0111313928861N12146032WA009860103258
B0111323928868N12146033WA009860103153
B0111333928875N12146034WA009850103154
B0111343928882N12146035WA009850103056
B0111353928889N12146037WA009840102971
B0111363928896N12146038WA009840102986
B0111373928903N12146039WA009840102943
B0111383928910N12146040WA009840102933
B0111393928917N12146041WA009830102915
B0111403928924N12146043WA009830102930
B0111413928931N12146044WA009830102968
B0111423928939N12146045WA009830102905
B0111433928945N12146046WA009830103184
B0111443928952N12146047WA009840103250
B0111453928958N12146047WA009840103341
B0111463928965N12146046WA009840103309
B0111473928971N12146048WA009830103295
B0111483928979N12146049WA009830103018
B0111493928986N12146050WA009820102939
B0111503928993N12146052WA009810102994
B0111513929001N12146053WA009810102922
B0111523929008N12146053WA009810102837
B0111533929015N12146053WA009810102767
B0111543929022N12146054WA009800102731
B0111553929029N12146055WA009800102746
B0111563929036N12146057WA009790102641
B0111573929043N12146058WA009780102587
B0111583929050N12146060WA009780102489
B0111593929058N12146062WA009770102372
B0112003929066N12146064WA009760102432
B0112013929073N12146065WA009750102439
B0112023929080N12146067WA009750102373
B0112033929088N12146068WA009740102329
B0112043929095N12146069WA009740102298
B0112053929103N12146071WA009730102172
B0112063929111N12146072WA009730102046
B0112073929118N12146073WA009720101989
B0112083929126N12146074WA009710101820
B0112093929133N12146075WA009700101821
B0112103929140N12146076WA009690101750
B0112113929148N12146076WA009680101639
B0112123929156N12146078WA009670101501
B0112133929163N12146079WA009660101378
B0112143929171N12146081WA009660101301
B0112153929177N12146083WA009650101391
B0112163929184N12146085WA009650101396
B0112173929191N12146087WA009650101270
B0112183929199N12146087WA009640101106
B0112193929206N12146089WA009630101040
B0112203929214N12146090WA009620100918
B0112213929221N12146092WA009620100836
B0112223929228N12146093WA009610100938
B0112233929234N12146095WA009610100995
B0112243929241N12146096WA009610100969
B0112253929248N12146098WA009600100856
B0112263929255N12146100WA009600100683
B0112273929263N12146102WA009590100531
B0112283929270N12146103WA009580100488
B0112293929277N12146104WA009570100585
B0112303929284N12146104WA009570100599
B0112313929291N12146105WA009560100569
B0112323929298N12146107WA009560100451
B0112333929305N12146108WA009560100346
B0112343929312N12146109WA009550100347
B0112353929319N12146110WA009540100248
B0112363929326N12146111WA009530100191
B0112373929334N12146112WA009530100012
B0112383929341N12146113WA009520099922
B0112393929348N12146113WA009510099879
B0112403929356N12146114WA009510099812
B0112413929363N12146114WA009500099711
B0112423929369N12146114WA009500099792
B0112433929377N12146114WA009490099607
B0112443929384N12146115WA009490099402
B0112453929391N12146116WA009470099340
B0112463929398N12146116WA009460099183
B0112473929406N12146116WA009450099016
B0112483929413N12146116WA009440098962
B0112493929421N12146116WA009440098817
B0112503929428N12146117WA009430098743
B0112513929435N12146118WA009430098762
B0112523929442N12146119WA009420098774
B0112533929449N12146120WA009420098654
B0112543929456N12146121WA009410098571
B0112553929463N12146122WA009400098370
B0112563929471N12146122WA009380098213
B0112573929478N12146123WA009370098140
B0112583929485N12146124WA009360098050
B0112593929492N12146124WA009340097926
B0113003929498N12146124WA009330097889
B0113013929505N12146125WA009310097755
B0113023929512N12146126WA009300097671
B0113033929519N12146126WA009290097497
B0113043929527N12146127WA009270097339
B0113053929534N12146128WA009260097137
B0113063929541N12146129WA009250097024
B0113073929548N12146130WA009230096803
B0113083929555N12146130WA009220096608
B0113093929562N12146131WA009190096414
B0113103929569N12146132WA009170096331
B0113113929577N12146132WA009140096179
B0113123929585N12146133WA009120095772
B0113133929594N12146133WA009090095583
B0113143929603N12146133WA009060095157
B0113153929612N12146133WA009040095073
B0113163929620N12146132WA009040094929
B0113173929627N12146131WA009040094949
B0113183929635N12146131WA009030094823
B0113193929643N12146130WA009020094709
B0113203929650N12146131WA009000094461
B0113213929658N12146131WA008980094294
B0113223929667N12146132WA008960093947
B0113233929676N12146133WA008940093807
B0113243929684N12146134WA008920093715
B0113253929692N12146134WA008900093728
B0113263929700N12146135WA008890093635
B0113273929708N12146136WA008880093573
B0113283929716N12146136WA008870093380
B0113293929725N12146136WA008870093103
B0113303929733N12146135WA008860093037
B0113313929741N12146135WA008860093023
B0113323929748N12146135WA008850092995
B0113333929756N12146136WA008840092741
B0113343929763N12146136WA008830092869
B0113353929770N12146137WA008820092758
B0113363929776N12146138WA008810092696
B0113373929783N12146139WA008810092644
B0113383929790N12146139WA008790092519
B0113393929797N12146140WA008780092302
B0113403929804N12146140WA008760092047
B0113413929811N12146141WA008750091881
B0113423929818N12146141WA008730091798
B0113433929825N12146141WA008730091779
B0113443929832N12146141WA008730091619
B0113453929839N12146141WA008730091609
B0113463929846N12146141WA008730091418
B0113473929853N12146141WA008720091378
B0113483929861N12146141WA008720091252
B0113493929868N12146140WA008720091169
B0113503929876N12146140WA008710091228
B0113513929883N12146140WA008710091243
B0113523929890N12146140WA008710091274
B0113533929897N12146140WA008720091395
B0113543929905N12146139WA008720091328
B0113553929912N12146139WA008730091333
B0113563929919N12146139WA008730091475
B0113573929927N12146139WA008730091509
B0113583929934N12146140WA008740091501
B0113593929941N12146139WA008740091629
B0114003929947N12146139WA008750091676
B0114013929954N12146140WA008760091702
B0114023929959N12146143WA008770091850
B0114033929964N12146147WA008770091767
B0114043929968N12146153WA008770091679
B0114053929972N12146161WA008760091503
B0114063929974N12146168WA008740091565
B0114073929974N12146176WA008730091693
B0114083929974N12146183WA008730091632
B0114093929972N12146189WA008720091613
B0114103929969N12146194WA008710091610
B0114113929965N12146196WA008700091556
B0114123929961N12146197WA008690091473
B0114133929958N12146195WA008680091105
B0114143929954N12146192WA008680091296
B0114153929952N12146189WA008680091134
B0114163929950N12146185WA008680091255
B0114173929949N12146180WA008690091229
B0114183929948N12146176WA008700091390
B0114193929949N12146171WA008700091411
B0114203929949N12146165WA008700091443
B0114213929949N12146159WA008710091421
B0114223929948N12146153WA008710091380
B0114233929948N12146147WA008720091452
B0114243929948N12146141WA008730091603
B0114253929947N12146136WA008740091810
B0114263929946N12146130WA008750091958
B0114273929946N12146125WA008760092026
B0114283929946N12146120WA008760092050
B0114293929948N12146114WA008750091930
B0114303929952N12146107WA008750091933
B0114313929957N12146101WA008740091858
B0114323929964N12146097WA008730091744
B0114333929970N12146094WA008720091664
B0114343929977N12146093WA008710091635
B0114353929984N12146094WA008710091668
B0114363929991N12146096WA008700091559
B0114373929998N12146099WA008700091422
B0114383930005N12146100WA008690091396
B0114393930013N12146101WA008690091297
B0114403930022N12146102WA008690091207
B0114413930029N12146104WA008690091263
B0114423930036N12146105WA008700091479
B0114433930043N12146108WA008720091510
B0114443930048N12146109WA008730091779
B0114453930054N12146112WA008740091843
B0114463930060N12146114WA008760091947
B0114473930066N12146118WA008770091902
B0114483930071N12146123WA008770091828
B0114493930075N12146130WA008770091900
B0114503930077N12146136WA008770091829
B0114513930078N12146144WA008770091941
B0114523930077N12146150WA008780091947
B0114533930075N12146156WA008780092054
B0114543930073N12146160WA008780092106
B0114553930069N12146163WA008780092145
B0114563930065N12146164WA008780092197
B0114573930062N12146164WA008780092075
B0114583930059N12146163WA008780091951
B0114593930056N12146160WA008780092055
B0115003930054N12146157WA008780092162
B0115013930053N12146153WA008790092102
B0115023930052N12146147WA008800092217
B0115033930052N12146141WA008810092239
B0115043930052N12146136WA008810092295
B0115053930053N12146130WA008820092278
B0115063930054N12146124WA008820092297
B0115073930056N12146118WA008820092208
B0115083930057N12146113WA008820092241
B0115093930060N12146106WA008820092366
B0115103930064N12146101WA008820092381
B0115113930070N12146096WA008810092353
B0115123930077N12146093WA008810092223
B0115133930083N12146091WA008820092273
B0115143930089N12146090WA008830092375
B0115153930095N12146091WA008840092662
B0115163930101N12146093WA008850092734
B0115173930107N12146097WA008850092703
B0115183930112N12146102WA008860092757
B0115193930117N12146109WA008860092730
B0115203930121N12146115WA008860092796
B0115213930124N12146123WA008870092760
B0115223930125N12146130WA008880092821
B0115233930125N12146137WA008880092850
B0115243930124N12146143WA008890092872
B0115253930123N12146150WA008890092823
B0115263930121N12146156WA008880092612
B0115273930118N12146161WA008880092663
B0115283930115N12146164WA008880092657
B0115293930112N12146166WA008880092518
B0115303930108N12146167WA008880092554
B0115313930104N12146166WA008880092574
B0115323930101N12146164WA008880092623
B0115333930098N12146162WA008890092713
B0115343930095N12146159WA008900092936
B0115353930093N12146157WA008910093106
B0115363930091N12146154WA008920093217
B0115373930090N12146150WA008920093208
B0115383930090N12146145WA008910093121
B0115393930092N12146138WA008900093022
B0115403930096N12146131WA008890092827
B0115413930101N12146126WA008880092736
B0115423930107N12146123WA008870092740
B0115433930113N12146120WA008860092679
B0115443930120N12146119WA008850092618
B0115453930126N12146119WA008850092676
B0115463930133N12146119WA008850092569
B0115473930140N12146120WA008840092587
B0115483930147N12146121WA008850092579
B0115493930154N12146122WA008850092564
B0115503930160N12146122WA008850092639
B0115513930166N12146123WA008860092674
B0115523930173N12146124WA008860092711
B0115533930179N12146125WA008860092820
B0115543930185N12146125WA008870092861
B0115553930192N12146125WA008870092931
B0115563930198N12146125WA008870092985
B0115573930205N12146126WA008880093064
B0115583930212N12146126WA008890093133
B0115593930218N12146127WA008900093176
B0116003930224N12146128WA008910093286
B0116013930231N12146130WA008910093240
B0116023930238N12146131WA008920093321
B0116033930245N12146131WA008920093245
B0116043930252N12146133WA008930093221
B0116053930259N12146134WA008940093333
B0116063930266N12146135WA008940093456
B0116073930273N12146136WA008950093474
B0116083930280N12146136WA008960093557
B0116093930286N12146137WA008960093690
B0116103930293N12146135WA008950093616
B0116113930298N12146131WA008940093559
B0116123930302N12146125WA008920093236
B0116133930303N12146117WA008900093044
B0116143930302N12146110WA008880092704
B0116153930298N12146106WA008860092692
B0116163930295N12146105WA008840092632
B0116173930291N12146107WA008830092574
B0116183930289N12146112WA008830092434
B0116193930288N12146118WA008830092306
B0116203930287N12146125WA008840092423
B0116213930285N12146131WA008840092481
B0116223930284N12146136WA008850092533
B0116233930282N12146140WA008850092713
B0116243930280N12146144WA008860092704
B0116253930278N12146148WA008870092815
B0116263930276N12146152WA008880092862
B0116273930275N12146156WA008880092965
B0116283930274N12146161WA008890093001
B0116293930271N12146165WA008900093193
B0116303930270N12146169WA008910093124
B0116313930268N12146173WA008910093267
B0116323930267N12146177WA008910093269
B0116333930268N12146183WA008900093201
B0116343930270N12146189WA008890093028
B0116353930274N12146196WA008880092844
B0116363930280N12146201WA008860092614
B0116373930286N12146204WA008850092596
B0116383930293N12146206WA008830092592
B0116393930300N12146206WA008820092478
B0116403930307N12146207WA008820092531
B0116413930313N12146207WA008810092475
B0116423930320N12146208WA008800092370
B0116433930328N12146208WA008780091963
B0116443930337N12146208WA008760091626
B0116453930345N12146209WA008730091381
B0116463930354N12146209WA008700091182
B0116473930363N12146210WA008680090964
B0116483930372N12146212WA008660090823
B0116493930380N12146214WA008640090717
B0116503930388N12146218WA008640090700
B0116513930395N12146222WA008630090693
B0116523930403N12146227WA008620090487
B0116533930411N12146233WA008610090393
B0116543930419N12146238WA008600090149
B0116553930427N12146244WA008600090060
B0116563930435N12146249WA008600090043
B0116573930443N12146255WA008600090000
B0116583930450N12146259WA008590089987
B0116593930458N12146264WA008590089858
B0117003930466N12146270WA008590089841
B0117013930473N12146275WA008580089887
B0117023930481N12146281WA008580089824
B0117033930488N12146286WA008580089781
B0117043930496N12146291WA008570089726
B0117053930504N12146297WA008560089503
B0117063930511N12146302WA008560089466
B0117073930518N12146308WA008550089387
B0117083930526N12146314WA008540089326
B0117093930533N12146320WA008530089131
B0117103930540N12146325WA008510089088
B0117113930548N12146331WA008500089019
B0117123930555N12146337WA008490088929
B0117133930562N12146343WA008490088926
B0117143930568N12146349WA008490088882
B0117153930575N12146354WA008490088815
B0117163930581N12146359WA008490088887
B0117173930588N12146365WA008480088832
B0117183930594N12146371WA008470088690
B0117193930602N12146377WA008450088513
B0117203930609N12146383WA008430088311
B0117213930616N12146388WA008420088234
B0117223930623N12146393WA008400088067
B0117233930630N12146398WA008390088057
B0117243930637N12146404WA008370087954
B0117253930644N12146409WA008360087876
B0117263930651N12146415WA008340087795
B0117273930659N12146421WA008330087733
B0117283930666N12146426WA008330087647
B0117293930673N12146431WA008320087578
B0117303930681N12146437WA008320087401
B0117313930688N12146442WA008310087307
B0117323930695N12146448WA008290087253
B0117333930702N12146453WA008280087168
B0117343930710N12146458WA008270087018
B0117353930717N12146464WA008250086851
B0117363930724N12146469WA008230086784
B0117373930731N12146474WA008220086689
B0117383930739N12146480WA008200086401
B0117393930746N12146486WA008180086302
B0117403930753N12146492WA008160086042
B0117413930761N12146498WA008150085912
B0117423930768N12146502WA008140085748
B0117433930774N12146508WA008150085582
B0117443930781N12146513WA008150085501
B0117453930787N12146516WA008150085539
B0117463930793N12146521WA008140085486
B0117473930800N12146526WA008130085361
B0117483930807N12146530WA008120085368
B0117493930814N12146535WA008100085048
B0117503930821N12146541WA008080084800
B0117513930827N12146545WA008070084945
B0117523930833N12146550WA008070084816
B0117533930838N12146555WA008070084841
B0117543930844N12146558WA008060084808
B0117553930849N12146562WA008050084776
B0117563930855N12146566WA008040084556
B0117573930861N12146570WA008030084310
B0117583930867N12146572WA008020084239
B0117593930873N12146576WA008010084080
B0118003930880N12146579WA008000083962
B0118013930887N12146582WA007990083964
B0118023930893N12146585WA007980083979
B0118033930899N12146588WA007980083953
B0118043930905N12146590WA007980083734
B0118053930911N12146593WA007970083611
B0118063930917N12146596WA007960083535
B0118073930923N12146600WA007940083481
B0118083930930N12146603WA007930083370
B0118093930937N12146605WA007910083258
B0118103930943N12146609WA007890083085
B0118113930950N12146613WA007880083010
B0118123930955N12146617WA007870083053
B0118133930961N12146621WA007860082954
B0118143930967N12146626WA007850082760
B0118153930973N12146631WA007840082664
B0118163930979N12146637WA007840082584
B0118173930985N12146640WA007840082575
B0118183930990N12146645WA007840082295
B0118193930996N12146650WA007840082266
B0118203931002N12146656WA007830082108
B0118213931007N12146663WA007820082086
B0118223931014N12146669WA007810081808
B0118233931020N12146675WA007800081733
B0118243931026N12146681WA007790081760
B0118253931032N12146685WA007800081880
B0118263931038N12146689WA007800081828
B0118273931043N12146695WA007800081851
B0118283931049N12146700WA007800081742
B0118293931055N12146705WA007790081792
B0118303931061N12146710WA007790081796
B0118313931067N12146715WA007790081784
B0118323931073N12146719WA007790081734
B0118333931078N12146723WA007800081654
B0118343931083N12146727WA007800081668
B0118353931088N12146732WA007790081694
B0118363931095N12146738WA007790081602
B0118373931100N12146743WA007780081456
B0118383931106N12146748WA007770081405
B0118393931110N12146752WA007770081454
B0118403931115N12146756WA007770081337
B0118413931120N12146761WA007760081372
B0118423931126N12146766WA007750081265
B0118433931132N12146772WA007740081082
B0118443931139N12146778WA007720080983
B0118453931147N12146784WA007700080804
B0118463931154N12146790WA007690080642
B0118473931162N12146795WA007690080606
B0118483931169N12146800WA007690080569
B0118493931176N12146805WA007700080666
B0118503931183N12146809WA007710080639
B0118513931189N12146814WA007720080874
B0118523931195N12146819WA007730080883
B0118533931201N12146823WA007740080895
B0118543931207N12146828WA007750080976
B0118553931213N12146833WA007750080947
B0118563931219N12146838WA007750080932
B0118573931225N12146843WA007740080803
B0118583931231N12146848WA007730080843
B0118593931238N12146853WA007720080811
B0119003931244N12146858WA007710080742
B0119013931250N12146863WA007690080593
B0119023931257N12146868WA007670080456
B0119033931264N12146873WA007660080347
B0119043931271N12146878WA007640080329
B0119053931277N12146884WA007620080391
B0119063931284N12146888WA007610080323
B0119073931290N12146892WA007590080168
B0119083931297N12146897WA007580080028
B0119093931303N12146902WA007560079980
B0119103931310N12146907WA007550079721
B0119113931316N12146911WA007550079567
B0119123931322N12146916WA007540079569
B0119133931328N12146921WA007530079646
B0119143931334N12146926WA007520079459
B0119153931340N12146931WA007520079388
B0119163931346N12146936WA007510079475
B0119173931353N12146941WA007490079174
B0119183931360N12146947WA007480078962
B0119193931368N12146953WA007460078720
B0119203931375N12146958WA007440078427
B0119213931382N12146964WA007430078203
B0119223931388N12146969WA007430078236
B0119233931393N12146974WA007430078174
B0119243931400N12146979WA007420077939
B0119253931407N12146985WA007410077724
B0119263931414N12146990WA007390077547
B0119273931421N12146995WA007380077368
B0119283931428N12147000WA007360077348
B0119293931434N12147005WA007350077390
B0119303931441N12147009WA007340077250
B0119313931447N12147013WA007330077257
B0119323931453N12147018WA007310077154
B0119333931460N12147023WA007300076823
B0119343931466N12147028WA007280076586
B0119353931473N12147033WA007260076444
B0119363931479N12147038WA007240076275
B0119373931486N12147043WA007220076016
B0119383931492N12147048WA007210075946
B0119393931499N12147053WA007190075804
B0119403931505N12147058WA007170075681
B0119413931512N12147062WA007160075454
B0119423931519N12147066WA007140075269
B0119433931526N12147071WA007120075195
B0119443931534N12147076WA007100074720
B0119453931541N12147080WA007070074489
B0119463931549N12147085WA007040074179
B0119473931557N12147090WA007020073986
B0119483931565N12147096WA007000073831
B0119493931572N12147101WA006980073793
B0119503931580N12147106WA006950073458
B0119513931588N12147112WA006930073237
B0119523931596N12147117WA006900073088
B0119533931605N12147122WA006880072804
B0119543931613N12147127WA006860072532
B0119553931621N12147131WA006840072359
B0119563931630N12147136WA006830072119
B0119573931638N12147141WA006810072094
B0119583931647N12147146WA006800071911
B0119593931655N12147150WA006800071913
B0120003931662N12147154WA006800071874
B0120013931670N12147158WA006790071767
B0120023931678N12147163WA006770071771
B0120033931687N12147167WA006750071568
B0120043931697N12147171WA006700071209
B0120053931706N12147175WA006730071034
B0120063931715N12147178WA006710070897
B0120073931725N12147182WA006690070814
B0120083931734N12147185WA006670070626
B0120093931742N12147190WA006640070471
B0120103931751N12147194WA006650070340
B0120113931760N12147199WA006640070232
B0120123931769N12147204WA006620070123
B0120133931777N12147209WA006580069990
B0120143931786N12147214WA006610069790
B0120153931795N12147219WA006590069653
B0120163931804N12147224WA006570069419
B0120173931812N12147230WA006540069293
B0120183931821N12147235WA006520069075
B0120193931830N12147240WA006500068994
B0120203931839N12147245WA006490068860
B0120213931848N12147249WA006480068717
B0120223931856N12147254WA006470068692
B0120233931866N12147258WA006460068527
B0120243931875N12147262WA006450068348
B0120253931884N12147267WA006430068148
B0120263931893N12147273WA006410068021
B0120273931901N12147277WA006410067979
B0120283931909N12147282WA006410067869
B0120293931917N12147287WA006420067830
B0120303931924N12147292WA006410067895
B0120313931932N12147297WA006400067676
B0120323931940N12147303WA006400067484
B0120333931949N12147308WA006390067317
B0120343931957N12147313WA006370067201
B0120353931965N12147316WA006360067107
B0120363931972N12147321WA006360066964
B0120373931979N12147326WA006350066861
B0120383931987N12147330WA006350066705
B0120393931994N12147336WA006340066620
B0120403932002N12147341WA006330066601
B0120413932009N12147346WA006310066492
B0120423932018N12147351WA006300066332
B0120433932026N12147355WA006290066258
B0120443932034N12147360WA006280066115
B0120453932041N12147365WA006290066150
B0120463932049N12147369WA006290066126
B0120473932056N12147374WA006280066081
B0120483932064N12147377WA006280065875
B0120493932073N12147381WA006270065615
B0120503932081N12147385WA006270065534
B0120513932090N12147389WA006260065305
B0120523932098N12147394WA006270065305
B0120533932105N12147399WA006280065455
B0120543932113N12147403WA006290065609
B0120553932119N12147407WA006310065788
B0120563932125N12147411WA006320065764
B0120573932132N12147415WA006320065721
B0120583932139N12147419WA006310065722
B0120593932146N12147423WA006290065686
B0121003932154N12147427WA006280065544
B0121013932162N12147431WA006260065643
B0121023932170N12147436WA006240065641
B0121033932178N12147440WA006230065464
B0121043932186N12147445WA006220065374
B0121053932194N12147450WA006210065345
B0121063932202N12147455WA006200065204
B0121073932209N12147460WA006190065181
B0121083932217N12147464WA006180065163
B0121093932225N12147467WA006170065037
B0121103932233N12147473WA006160064911
B0121113932240N12147477WA006150064898
B0121123932249N12147482WA006140064706
B0121133932257N12147487WA006130064601
B0121143932264N12147491WA006120064467
B0121153932272N12147495WA006110064457
B0121163932280N12147499WA006110064447
B0121173932288N12147503WA006110064368
B0121183932296N12147508WA006100064170
B0121193932304N12147512WA006100064093
B0121203932313N12147517WA006090064004
B0121213932320N12147522WA006090064030
B0121223932327N12147527WA006090063947
B0121233932334N12147533WA006090063812
B0121243932341N12147538WA006080063807
B0121253932348N12147544WA006070063636
B0121263932355N12147550WA006060063558
B0121273932362N12147557WA006050063553
B0121283932370N12147563WA006050063421
B0121293932377N12147568WA006040063359
B0121303932384N12147574WA006030063384
B0121313932392N12147580WA006030063404
B0121323932399N12147586WA006040063340
B0121333932406N12147592WA006030063261
B0121343932413N12147598WA006030063171
B0121353932421N12147604WA006020063150
B0121363932428N12147610WA006010063071
B0121373932436N12147616WA006010062864
B0121383932444N12147621WA006010062869
B0121393932452N12147627WA006010062846
B0121403932460N12147633WA006010063001
B0121413932467N12147639WA006010063111
B0121423932474N12147644WA006020063152
B0121433932481N12147649WA006020063198
B0121443932489N12147655WA006020063220
B0121453932497N12147661WA006010063212
B0121463932504N12147667WA006010063184
B0121473932512N12147674WA006010063042
B0121483932520N12147680WA006020063108
B0121493932527N12147686WA006030063359
B0121503932535N12147692WA006050063606
B0121513932542N12147697WA006070063926
B0121523932548N12147702WA006090064360
B0121533932554N12147705WA006120064646
B0121543932560N12147709WA006150064827
B0121553932566N12147714WA006170064900
B0121563932572N12147718WA006170064912
B0121573932579N12147723WA006170064827
B0121583932586N12147728WA006170064718
B0121593932593N12147733WA006160064766
B0122003932600N12147738WA006160064737
B0122013932607N12147742WA006160064758
B0122023932613N12147748WA006170064795
B0122033932621N12147751WA006170064746
B0122043932627N12147757WA006170064266
B0122053932634N12147763WA006170064204
B0122063932640N12147768WA006170064393
B0122073932647N12147772WA006170064357
B0122083932654N12147777WA006160064249
B0122093932661N12147783WA006150064122
B0122103932668N12147789WA006140064060
B0122113932676N12147795WA006130064039
B0122123932683N12147803WA006120063950
B0122133932690N12147810WA006120063991
B0122143932697N12147816WA006120063996
B0122153932705N12147822WA006120064012
B0122163932712N12147826WA006130064234
B0122173932719N12147830WA006130064139
B0122183932726N12147836WA006120064235
B0122193932733N12147842WA006110064043
B0122203932740N12147848WA006100064069
B0122213932747N12147855WA006100064051
B0122223932754N12147861WA006100064124
B0122233932760N12147868WA006100064190
B0122243932767N12147874WA006090064128
B0122253932773N12147881WA006090064087
B0122263932780N12147889WA006070064132
B0122273932786N12147897WA006060064050
B0122283932793N12147903WA006040063929
B0122293932801N12147909WA006030063908
B0122303932808N12147916WA006010063854
B0122313932816N12147923WA005990063633
B0122323932824N12147929WA005980063459
B0122333932832N12147935WA005960063156
B0122343932840N12147941WA005940063020
B0122353932847N12147946WA005930063091
B0122363932855N12147950WA005920063046
B0122373932863N12147956WA005910062812
B0122383932870N12147961WA005900062671
B0122393932877N12147966WA005890062486
B0122403932885N12147972WA005890062464
B0122413932893N12147978WA005880062422
B0122423932900N12147983WA005880062348
B0122433932907N12147989WA005880062384
B0122443932915N12147994WA005880062233
B0122453932923N12147998WA005880062205
B0122463932930N12148003WA005870062148
B0122473932938N12148009WA005870062103
B0122483932946N12148013WA005870062006
B0122493932953N12148018WA005870062017
B0122503932959N12148023WA005870062176
B0122513932966N12148027WA005880062234
B0122523932972N12148031WA005880062171
B0122533932978N12148036WA005880061984
B0122543932985N12148041WA005880061817
B0122553932991N12148047WA005870061895
B0122563932998N12148052WA005870061868
B0122573933005N12148057WA005870061853
B0122583933011N12148061WA005870061871
B0122593933018N12148065WA005870061722
B0123003933024N12148069WA005860061674
B0123013933031N12148074WA005850061542
B0123023933037N12148078WA005840061580
B0123033933045N12148082WA005840061402
B0123043933051N12148086WA005830061324
B0123053933058N12148089WA005820061218
B0123063933064N12148094WA005810061042
B0123073933071N12148098WA005800061006
B0123083933077N12148103WA005790060996
B0123093933084N12148109WA005790060990
B0123103933091N12148113WA005780060981
B0123113933099N12148116WA005780060809
B0123123933105N12148121WA005780060757
B0123133933111N12148126WA005770060763
B0123143933117N12148130WA005770060693
B0123153933124N12148135WA005770060505
B0123163933130N12148140WA005760060438
B0123173933137N12148145WA005750060517
B0123183933143N12148150WA005740060449
B0123193933150N12148155WA005730060310
B0123203933156N12148160WA005720060380
B0123213933163N12148165WA005710060281
B0123223933171N12148168WA005720060218
B0123233933177N12148173WA005730060320
B0123243933182N12148177WA005750060723
B0123253933186N12148181WA005770060829
B0123263933191N12148185WA005790060909
B0123273933196N12148189WA005800060933
B0123283933202N12148192WA005820061042
B0123293933208N12148195WA005840060944
B0123303933213N12148199WA005850060869
B0123313933218N12148204WA005860060981
B0123323933223N12148208WA005860061162
B0123333933229N12148210WA005860061118
B0123343933235N12148212WA005860061148
B0123353933243N12148212WA005860061106
B0123363933251N12148210WA005860061220
B0123373933258N12148204WA005860061253
B0123383933263N12148197WA005860061167
B0123393933266N12148190WA005870061145
B0123403933266N12148184WA005880061380
B0123413933265N12148178WA005890061486
B0123423933263N12148176WA005900061651
B0123433933260N12148176WA005920061875
B0123443933258N12148179WA005930062031
B0123453933256N12148182WA005950062141
B0123463933253N12148183WA005960062148
B0123473933250N12148184WA005970062112
B0123483933247N12148182WA005980062209
B0123493933243N12148182WA005990062390
B0123503933241N12148182WA005990062538
B0123513933239N12148186WA006000062711
B0123523933238N12148191WA006010062715
B0123533933239N12148198WA006000062745
B0123543933245N12148205WA006000062619
B0123553933252N12148210WA005990062659
B0123563933259N12148213WA006000062883
B0123573933266N12148213WA006010063260
B0123583933272N12148210WA006030063568
B0123593933278N12148206WA006050063825
B0124003933282N12148200WA006070063659
B0124013933285N12148193WA006070063658
B0124023933286N12148186WA006070063641
B0124033933285N12148179WA006070063655
B0124043933283N12148175WA006070063751
B0124053933281N12148173WA006090064060
B0124063933279N12148173WA006100064278
B0124073933278N12148176WA006110064231
B0124083933276N12148180WA006110064278
B0124093933275N12148187WA006110064098
B0124103933276N12148195WA006100063939
B0124113933278N12148204WA006100063852
B0124123933282N12148212WA006100064044
B0124133933287N12148219WA006110064095
B0124143933294N12148224WA006110064138
B0124153933301N12148229WA006120064211
B0124163933307N12148231WA006140064498
B0124173933315N12148231WA006150064628
B0124183933322N12148228WA006160064657
B0124193933329N12148224WA006160064573
B0124203933336N12148221WA006170064573
B0124213933344N12148220WA006170064716
B0124223933350N12148222WA006180064894
B0124233933358N12148223WA006200064847
B0124243933365N12148227WA006210064605
B0124253933371N12148231WA006220064824
B0124263933377N12148236WA006230064860
B0124273933383N12148240WA006240065079
B0124283933390N12148245WA006260065236
B0124293933396N12148250WA006280065375
B0124303933403N12148255WA006300065512
B0124313933408N12148259WA006320065887
B0124323933414N12148264WA006340066042
B0124333933421N12148268WA006360066144
B0124343933428N12148272WA006380066334
B0124353933434N12148277WA006400066591
B0124363933442N12148280WA006420066719
B0124373933448N12148286WA006430066820
B0124383933455N12148290WA006450067013
B0124393933462N12148293WA006460067366
B0124403933470N12148294WA006460067280
B0124413933479N12148291WA006460067317
B0124423933485N12148286WA006460067372
B0124433933489N12148279WA006460067384
B0124443933491N12148273WA006460067360
B0124453933491N12148268WA006460067450
B0124463933490N12148265WA006470067530
B0124473933488N12148262WA006470067586
B0124483933487N12148261WA006480067760
B0124493933486N12148260WA006500067838
B0124503933485N12148261WA006510067917
B0124513933483N12148263WA006530068072
B0124523933482N12148265WA006540068121
B0124533933480N12148267WA006550068242
B0124543933478N12148270WA006570068398
B0124553933477N12148275WA006580068435
B0124563933476N12148281WA006600068451
B0124573933477N12148288WA006610068544
B0124583933478N12148295WA006630068749
B0124593933484N12148305WA006650068800
B0125003933489N12148312WA006670069451
B0125013933495N12148318WA006700069781
B0125023933503N12148322WA006720069918
B0125033933511N12148324WA006740070171
B0125043933520N12148323WA006760070227
B0125053933527N12148320WA006770070395
B0125063933533N12148315WA006780070680
B0125073933538N12148309WA006800070832
B0125083933538N12148304WA006820070938
B0125093933537N12148301WA006830071153
B0125103933535N12148299WA006850071368
B0125113933533N12148300WA006860071559
B0125123933531N12148304WA006870071635
B0125133933529N12148309WA006890071894
B0125143933529N12148315WA006920072129
B0125153933529N12148322WA006940072467
B0125163933532N12148330WA006970072605
B0125173933536N12148339WA006990072832
B0125183933542N12148347WA007010073035
B0125193933549N12148353WA007020073177
B0125203933557N12148357WA007030073299
B0125213933566N12148359WA007040073444
B0125223933574N12148358WA007050073455
B0125233933581N12148355WA007060073656
B0125243933587N12148350WA007080073809
B0125253933590N12148346WA007100074064
B0125263933591N12148341WA007110074288
B0125273933590N12148338WA007120074394
B0125283933588N12148336WA007130074476
B0125293933585N12148337WA007140074572
B0125303933583N12148338WA007170074809
B0125313933580N12148340WA007200075289
B0125323933580N12148343WA007240075705
B0125333933579N12148348WA007280076190
B0125343933580N12148354WA007310076353
B0125353933583N12148363WA007320076306
B0125363933587N12148373WA007310076327
B0125373933593N12148383WA007310076183
B0125383933601N12148389WA007300076175
B0125393933609N12148392WA007300076384
B0125403933617N12148391WA007310076436
B0125413933623N12148388WA007320076567
B0125423933628N12148384WA007330076661
B0125433933632N12148379WA007340076721
B0125443933634N12148374WA007360077014
B0125453933635N12148370WA007380077202
B0125463933634N12148367WA007400077530
B0125473933633N12148364WA007430077732
B0125483933631N12148361WA007460078084
B0125493933630N12148358WA007490078349
B0125503933629N12148356WA007530078607
B0125513933627N12148356WA007560078956
B0125523933625N12148359WA007590079388
B0125533933625N12148365WA007620079559
B0125543933627N12148374WA007620079628
B0125553933631N12148384WA007640079781
B0125563933639N12148391WA007650079723
B0125573933647N12148396WA007670080090
B0125583933657N12148393WA007680080042
B0125593933664N12148389WA007700080081
B0126003933670N12148383WA007710080399
B0126013933672N12148380WA007730080480
B0126023933675N12148375WA007750080752
B0126033933674N12148371WA007770080783
B0126043933674N12148367WA007800081056
B0126053933674N12148364WA007830081304
B0126063933673N12148362WA007850081521
B0126073933671N12148362WA007880081781
B0126083933670N12148362WA007900081939
B0126093933669N12148365WA007920082028
B0126103933668N12148370WA007930082392
B0126113933669N12148376WA007940082337
B0126123933671N12148384WA007950082436
B0126133933675N12148393WA007960082520
B0126143933680N12148400WA007970082686
B0126153933687N12148407WA007980082842
B0126163933695N12148410WA008010083053
B0126173933703N12148411WA008030083572
B0126183933711N12148410WA008060083797
B0126193933719N12148408WA008080084050
B0126203933726N12148403WA008110084369
B0126213933732N12148399WA008140084625
B0126223933736N12148395WA008170084900
B0126233933738N12148390WA008190085253
B0126243933740N12148385WA008210085358
B0126253933743N12148380WA008210085405
B0126263933745N12148375WA008230085603
B0126273933745N12148370WA008240085867
B0126283933744N12148367WA008250085895
B0126293933743N12148367WA008250085931
B0126303933741N12148368WA008250085722
B0126313933740N12148375WA008250085804
B0126323933740N12148382WA008260085917
B0126333933740N12148390WA008270086167
B0126343933742N12148398WA008280086441
B0126353933744N12148404WA008310086739
B0126363933747N12148411WA008330087087
B0126373933753N12148418WA008350087101
B0126383933759N12148424WA008370087291
B0126393933768N12148429WA008380087201
B0126403933777N12148431WA008400087403
B0126413933785N12148432WA008420087489
B0126423933793N12148430WA008450087667
B0126433933800N12148427WA008470087850
B0126443933806N12148422WA008490087988
B0126453933811N12148418WA008520088254
B0126463933815N12148412WA008530088259
B0126473933817N12148407WA008530088493
B0126483933818N12148402WA008520088461
B0126493933817N12148397WA008520088479
B0126503933816N12148395WA008530088644
B0126513933815N12148395WA008540088722
B0126523933814N12148396WA008550088927
B0126533933814N12148399WA008560089028
B0126543933814N12148404WA008570089116
B0126553933814N12148409WA008590089248
B0126563933815N12148415WA008600089327
B0126573933816N12148422WA008630089540
B0126583933818N12148428WA008650089825
B0126593933821N12148435WA008670090004
B0127003933824N12148442WA008690090250
B0127013933829N12148448WA008710090456
B0127023933836N12148454WA008740090630
B0127033933844N12148458WA008760090820
B0127043933852N12148461WA008780091071
B0127053933861N12148463WA008810091303
B0127063933868N12148461WA008830091597
B0127073933876N12148458WA008850091948
B0127083933882N12148455WA008860091855
B0127093933888N12148450WA008860091856
B0127103933893N12148444WA008860091958
B0127113933897N12148438WA008850092027
B0127123933898N12148433WA008850092071
B0127133933897N12148428WA008850092089
B0127143933895N12148427WA008850092080
B0127153933893N12148427WA008850092053
B0127163933891N12148429WA008860092184
B0127173933889N12148431WA008860092288
B0127183933888N12148435WA008870092291
B0127193933887N12148436WA008890092499
B0127203933886N12148438WA008900092586
B0127213933885N12148440WA008920092669
B0127223933884N12148445WA008930092746
B0127233933883N12148450WA008950092887
B0127243933883N12148456WA008980092932
B0127253933884N12148462WA009000093111
B0127263933887N12148469WA009020093284
B0127273933891N12148477WA009040093451
B0127283933897N12148483WA009060093543
B0127293933904N12148488WA009080093849
B0127303933912N12148491WA009100094167
B0127313933920N12148492WA009120094398
B0127323933929N12148491WA009140094535
B0127333933936N12148488WA009160094783
B0127343933943N12148484WA009170095025
B0127353933948N12148480WA009180095234
B0127363933951N12148475WA009200095463
B0127373933952N12148470WA009200095488
B0127383933952N12148466WA009200095365
B0127393933951N12148463WA009200095446
B0127403933949N12148462WA009210095670
B0127413933948N12148462WA009220095822
B0127423933947N12148462WA009240095960
B0127433933946N12148464WA009260095919
B0127443933944N12148468WA009280096131
B0127453933943N12148471WA009310096426
B0127463933942N12148476WA009330096783
B0127473933943N12148482WA009350096997
B0127483933946N12148490WA009380097153
B0127493933950N12148498WA009410097390
B0127503933956N12148505WA009430097604
B0127513933963N12148511WA009450097820
B0127523933970N12148515WA009460098062
B0127533933978N12148517WA009480098225
B0127543933985N12148518WA009480098470
B0127553933993N12148517WA009480098575
B0127563934002N12148515WA009490098508
B0127573934009N12148510WA009500098608
B0127583934015N12148506WA009520098928
B0127593934019N12148501WA009530099176
B0128003934022N12148496WA009550099292
B0128013934024N12148490WA009550099322
B0128023934023N12148484WA009560099389
B0128033934022N12148481WA009560099424
B0128043934019N12148480WA009570099580
B0128053934017N12148480WA009580099736
B0128063934015N12148481WA009590099829
B0128073934013N12148483WA009610100059
B0128083934011N12148485WA009630100368
B0128093934009N12148487WA009660100578
B0128103934007N12148489WA009680100796
B0128113934005N12148491WA009700101090
B0128123934004N12148492WA009730101307
B0128133934000N12148493WA009760101654
B0128143933999N12148497WA009790101962
B0128153933999N12148502WA009810102294
B0128163934001N12148509WA009820102370
B0128173934005N12148516WA009820102349
B0128183934010N12148524WA009820102223
B0128193934017N12148530WA009820102204
B0128203934024N12148534WA009830102379
B0128213934033N12148536WA009830102426
B0128223934040N12148536WA009850102599
B0128233934048N12148535WA009860102821
B0128243934055N12148530WA009880103008
B0128253934061N12148526WA009890103037
B0128263934067N12148521WA009900103001
B0128273934071N12148513WA009920103198
B0128283934076N12148506WA009930103204
B0128293934076N12148500WA009950103361
B0128303934077N12148493WA009980103444
B0128313934076N12148489WA010000103622
B0128323934075N12148485WA010020103707
B0128333934072N12148483WA010050103866
B0128343934070N12148483WA010070103904
B0128353934067N12148484WA010080104138
B0128363934064N12148487WA010090104365
B0128373934062N12148490WA010110104625
B0128383934060N12148493WA010130104924
B0128393934058N12148496WA010150105294
B0128403934058N12148500WA010180105666
B0128413934059N12148506WA010200105950
B0128423934062N12148512WA010210106003
B0128433934066N12148518WA010210106048
B0128443934072N12148524WA010200106019
B0128453934079N12148529WA010200106036
B0128463934086N12148532WA010210106178
B0128473934095N12148533WA010210106206
B0128483934103N12148532WA010220106326
B0128493934111N12148530WA010230106445
B0128503934118N12148525WA010240106467
B0128513934124N12148519WA010250106593
B0128523934129N12148512WA010260106862
B0128533934132N12148504WA010280106987
B0128543934134N12148497WA010300107174
B0128553934135N12148490WA010310107327
B0128563934134N12148484WA010330107483
B0128573934133N12148478WA010340107589
B0128583934132N12148474WA010340107546
B0128593934130N12148472WA010340107606
B0129003934127N12148472WA010340107656
B0129013934124N12148474WA010330107599
B0129023934122N12148479WA010330107483
B0129033934121N12148484WA010320107398
B0129043934121N12148490WA010320107325
B0129053934120N12148495WA010310107327
B0129063934119N12148499WA010320107438
B0129073934119N12148504WA010330107642
B0129083934121N12148508WA010340107708
B0129093934124N12148514WA010340107751
B0129103934129N12148519WA010340107682
B0129113934136N12148524WA010340107562
B0129123934144N12148526WA010340107595
B0129133934153N12148527WA010350107606
B0129143934161N12148525WA010360107619
B0129153934168N12148522WA010370107868
B0129163934175N12148518WA010380108073
B0129173934182N12148513WA010390108102
B0129183934186N12148507WA010400108372
B0129193934190N12148501WA010420108400
B0129203934191N12148495WA010430108552
B0129213934191N12148490WA010440108546
B0129223934189N12148487WA010440108693
B0129233934187N12148485WA010430108561
B0129243934184N12148484WA010430108468
B0129253934181N12148486WA010420108422
B0129263934178N12148489WA010420108331
B0129273934176N12148493WA010410108425
B0129283934175N12148498WA010400108317
B0129293934176N12148506WA010390108244
B0129303934178N12148514WA010380108280
B0129313934183N12148521WA010380108393
B0129323934190N12148526WA010380108267
B0129333934197N12148531WA010390108206
B0129343934204N12148534WA010390108410
B0129353934211N12148535WA010400108521
B0129363934218N12148532WA010410108455
B0129373934225N12148529WA010410108230
B0129383934232N12148524WA010410108222
B0129393934238N12148519WA010410108301
B0129403934242N12148514WA010420108412
B0129413934244N12148509WA010420108351
B0129423934245N12148503WA010430108359
B0129433934244N12148499WA010430108362
B0129443934242N12148495WA010420108486
B0129453934239N12148493WA010420108493
B0129463934236N12148494WA010410108351
B0129473934233N12148496WA010420108325
B0129483934231N12148501WA010430108542
B0129493934232N12148506WA010430108718
B0129503934232N12148512WA010430108784
B0129513934237N12148519WA010430108738
B0129523934241N12148526WA010430108659
B0129533934246N12148533WA010430108659
B0129543934252N12148540WA010430108705
B0129553934258N12148545WA010440108795
B0129563934265N12148549WA010440108858
B0129573934272N12148552WA010450108863
B0129583934280N12148552WA010450108929
B0129593934288N12148552WA010440108859
B0130003934297N12148552WA010440108718
B0130013934305N12148553WA010430108676
B0130023934314N12148554WA010430108611
B0130033934322N12148554WA010430108639
B0130043934329N12148555WA010430108682
B0130053934337N12148554WA010430108658
B0130063934345N12148554WA010440108654
B0130073934353N12148554WA010430108561
B0130083934361N12148553WA010430108415
B0130093934368N12148552WA010420108398
B0130103934377N12148552WA010410108218
B0130113934385N12148550WA010400108247
B0130123934393N12148548WA010390108109
B0130133934401N12148546WA010370107929
B0130143934408N12148545WA010360107881
B0130153934416N12148543WA010350107829
B0130163934423N12148542WA010330107856
B0130173934431N12148542WA010320107701
B0130183934438N12148541WA010310107645
B0130193934445N12148540WA010300107568
B0130203934452N12148540WA010290107471
B0130213934459N12148539WA010280107357
B0130223934466N12148539WA010260107298
B0130233934474N12148539WA010240106969
B0130243934482N12148540WA010220106605
B0130253934489N12148541WA010210106536
B0130263934496N12148542WA010190106411
B0130273934502N12148543WA010190106372
B0130283934509N12148544WA010180106238
B0130293934516N12148545WA010170106149
B0130303934523N12148546WA010160105885
B0130313934532N12148547WA010140105619
B0130323934540N12148548WA010120105597
B0130333934549N12148549WA010100105387
B0130343934558N12148551WA010080105172
B0130353934567N12148552WA010070105047
B0130363934576N12148553WA010070104927
B0130373934584N12148554WA010070105068
B0130383934593N12148556WA010070104954
B0130393934601N12148558WA010060104886
B0130403934611N12148560WA010050104714
B0130413934620N12148562WA010040104709
B0130423934629N12148564WA010040104618
B0130433934637N12148566WA010030104685
B0130443934646N12148569WA010030104610
B0130453934653N12148571WA010020104593
B0130463934662N12148573WA010010104342
B0130473934670N12148575WA010000104492
B0130483934679N12148576WA009990104208
B0130493934687N12148577WA009970104269
B0130503934695N12148578WA009950104298
B0130513934703N12148578WA009940104088
B0130523934711N12148579WA009910103875
B0130533934720N12148579WA009890103706
B0130543934728N12148580WA009870103384
B0130553934737N12148581WA009850103269
B0130563934746N12148583WA009840103017
B0130573934754N12148585WA009830102919
B0130583934762N12148587WA009830102915
B0130593934769N12148589WA009830102963
B0131003934777N12148590WA009820102712
B0131013934785N12148591WA009800102431
B0131023934794N12148592WA009790102313
B0131033934803N12148593WA009770102022
B0131043934812N12148593WA009740101725
B0131053934821N12148594WA009720101540
B0131063934829N12148594WA009700101482
B0131073934837N12148595WA009680101381
B0131083934845N12148596WA009660101162
B0131093934853N12148597WA009650101041
B0131103934861N12148598WA009630101070
B0131113934870N12148598WA009610100858
B0131123934879N12148600WA009590100660
B0131133934888N12148600WA009570100464
B0131143934896N12148601WA009550100373
B0131153934905N12148602WA009550100121
B0131163934913N12148603WA009540100050
B0131173934921N12148603WA009530099958
B0131183934929N12148604WA009520099880
B0131193934937N12148604WA009510099574
B0131203934946N12148605WA009490099202
B0131213934954N12148605WA009470099067
B0131223934963N12148606WA009440098764
B0131233934972N12148606WA009420098537
B0131243934981N12148606WA009400098445
B0131253934990N12148606WA009380098390
B0131263935000N12148605WA009360098014
B0131273935009N12148605WA009340097817
B0131283935018N12148606WA009320097665
B0131293935027N12148607WA009290097369
B0131303935036N12148608WA009280097266
B0131313935045N12148610WA009250097140
B0131323935053N12148611WA009230096990
B0131333935062N12148612WA009200096491
B0131343935071N12148613WA009180096245
B0131353935080N12148614WA009150096077
B0131363935090N12148615WA009130095712
B0131373935099N12148616WA009110095445
B0131383935108N12148617WA009080095285
B0131393935118N12148619WA009060095010
B0131403935127N12148620WA009030094640
B0131413935136N12148621WA009000094188
B0131423935145N12148624WA008970093792
B0131433935155N12148626WA008930093423
B0131443935164N12148628WA008900093146
B0131453935174N12148630WA008870093006
B0131463935184N12148632WA008840092600
B0131473935194N12148632WA008830092407
B0131483935203N12148634WA008830092271
B0131493935213N12148635WA008820092146
B0131503935223N12148636WA008800092024
B0131513935232N12148637WA008790091979
B0131523935241N12148639WA008780091884
B0131533935250N12148640WA008760091676
B0131543935259N12148641WA008750091449
B0131553935268N12148643WA008730091213
B0131563935277N12148645WA008710091020
B0131573935286N12148646WA008690090927
B0131583935295N12148648WA008660090732
B0131593935305N12148648WA008640090417
B0132003935315N12148648WA008620090304
B0132013935324N12148648WA008610090163
B0132023935334N12148647WA008590090056
B0132033935344N12148647WA008580089864
B0132043935354N12148646WA008560089676
B0132053935365N12148646WA008550089303
B0132063935375N12148647WA008540089131
B0132073935385N12148647WA008530088976
B0132083935396N12148648WA008530088930
B0132093935407N12148648WA008530088934
B0132103935417N12148649WA008530088939
B0132113935426N12148651WA008540089174
B0132123935434N12148652WA008560089436
B0132133935441N12148653WA008580089613
B0132143935447N12148653WA008590089875
B0132153935453N12148653WA008600089896
B0132163935461N12148652WA008590089629
B0132173935469N12148652WA008580089507
B0132183935477N12148652WA008570089548
B0132193935485N12148652WA008560089454
B0132203935493N12148652WA008560089512
B0132213935499N12148651WA008570089565
B0132223935505N12148651WA008570089574
B0132233935513N12148651WA008560089529
B0132243935521N12148651WA008560089307
B0132253935528N12148652WA008550089206
B0132263935535N12148653WA008540088973
B0132273935543N12148654WA008530089018
B0132283935550N12148656WA008520088882
B0132293935558N12148657WA008510088904
B0132303935565N12148658WA008500088744
B0132313935573N12148659WA008490088630
B0132323935580N12148660WA008480088669
B0132333935588N12148662WA008460088519
B0132343935595N12148664WA008450088487
B0132353935603N12148666WA008440088340
B0132363935611N12148667WA008430088202
B0132373935618N12148668WA008420088086
B0132383935625N12148670WA008410088097
B0132393935633N12148672WA008410087853
B0132403935641N12148673WA008400087737
B0132413935649N12148675WA008390087533
B0132423935656N12148676WA008380087384
B0132433935664N12148677WA008380087420
B0132443935671N12148677WA008370087454
B0132453935679N12148678WA008360087216
B0132463935686N12148678WA008350087178
B0132473935694N12148679WA008330086922
B0132483935701N12148680WA008310086774
B0132493935708N12148681WA008290086690
B0132503935717N12148681WA008270086537
B0132513935725N12148682WA008250086449
B0132523935734N12148683WA008230086306
B0132533935742N12148685WA008220086041
B0132543935750N12148686WA008200086097
B0132553935759N12148688WA008190085800
B0132563935767N12148689WA008170085827
B0132573935775N12148691WA008150085772
B0132583935784N12148693WA008130085650
B0132593935793N12148693WA008110085448
B0133003935802N12148694WA008080084986
B0133013935812N12148694WA008060084768
B0133023935822N12148695WA008030084393
B0133033935833N12148695WA008000084053
B0133043935843N12148695WA007980083983
B0133053935854N12148696WA007980083732
B0133063935864N12148697WA007980083712
B0133073935873N12148697WA007980083508
B0133083935882N12148698WA007970083420
B0133093935891N12148698WA007970083334
B0133103935900N12148698WA007960083279
B0133113935910N12148699WA007950083184
B0133123935919N12148700WA007940083074
B0133133935928N12148700WA007940083001
B0133143935935N12148700WA007940083098
B0133153935943N12148701WA007930083071
B0133163935950N12148701WA007930083061
B0133173935957N12148701WA007910082984
B0133183935965N12148701WA007900082752
B0133193935973N12148700WA007880082535
B0133203935980N12148699WA007870082498
B0133213935988N12148698WA007860082293
B0133223935996N12148697WA007850082219
B0133233936002N12148697WA007850082255
B0133243936009N12148697WA007840082185
B0133253936017N12148698WA007830082160
B0133263936024N12148698WA007820081994
B0133273936033N12148698WA007810081710
B0133283936041N12148698WA007800081605
B0133293936049N12148698WA007800081416
B0133303936056N12148698WA007790081387
B0133313936064N12148698WA007790081210
B0133323936072N12148698WA007780081200
B0133333936079N12148697WA007770081199
B0133343936087N12148697WA007760081046
B0133353936095N12148696WA007760081027
B0133363936102N12148696WA007760081075
B0133373936110N12148696WA007760081152
B0133383936118N12148696WA007760081036
B0133393936126N12148697WA007760081002
B0133403936133N12148697WA007760081097
B0133413936141N12148697WA007750081056
B0133423936149N12148698WA007750081012
B0133433936156N12148698WA007750081087
B0133443936165N12148699WA007750080903
B0133453936172N12148700WA007740080791
B0133463936180N12148700WA007740080742
B0133473936188N12148699WA007730080527
B0133483936195N12148699WA007720080496
B0133493936203N12148699WA007720080442
B0133503936210N12148699WA007710080476
B0133513936218N12148699WA007700080384
B0133523936226N12148699WA007690080270
B0133533936234N12148699WA007680080170
B0133543936242N12148699WA007670079997
B0133553936250N12148700WA007660079843
B0133563936258N12148700WA007650079625
B0133573936266N12148700WA007650079628
B0133583936273N12148701WA007660079777
B0133593936281N12148701WA007660079618
B0134003936288N12148701WA007650079748
B0134013936296N12148701WA007650079600
B0134023936303N12148699WA007640079799
B0134033936311N12148699WA007620079771
B0134043936319N12148698WA007630079772
B0134053936326N12148698WA007630079770
B0134063936333N12148698WA007630079861
B0134073936339N12148698WA007640079835
B0134083936345N12148698WA007640079836
B0134093936351N12148698WA007640079776
B0134103936358N12148698WA007630079676
B0134113936366N12148698WA007620079611
B0134123936373N12148698WA007610079642
B0134133936380N12148697WA007610079768
B0134143936387N12148697WA007620079727
B0134153936393N12148698WA007620079953
B0134163936400N12148699WA007620079844
B0134173936408N12148700WA007620079713
B0134183936415N12148700WA007610079656
B0134193936422N12148701WA007600079682
B0134203936429N12148701WA007600079599
B0134213936436N12148703WA007600079680
B0134223936443N12148704WA007610079685
B0134233936450N12148705WA007620079674
B0134243936458N12148706WA007620079744
B0134253936465N12148707WA007610079694
B0134263936473N12148708WA007610079617
B0134273936481N12148710WA007600079532
B0134283936488N12148711WA007610079522
B0134293936495N12148712WA007610079667
B0134303936503N12148713WA007610079602
B0134313936511N12148713WA007610079603
B0134323936518N12148713WA007600079689
B0134333936526N12148715WA007590079590
B0134343936535N12148716WA007600079540
B0134353936543N12148717WA007600079573
B0134363936551N12148718WA007600079538
B0134373936559N12148720WA007590079418
B0134383936566N12148722WA007580079398
B0134393936575N12148724WA007570079155
B0134403936583N12148726WA007550078968
B0134413936591N12148728WA007530078894
B0134423936600N12148729WA007510078744
B0134433936608N12148730WA007490078634
B0134443936615N12148731WA007470078687
B0134453936623N12148733WA007460078412
B0134463936631N12148734WA007450078245
B0134473936639N12148735WA007440078126
B0134483936647N12148736WA007430078029
B0134493936655N12148738WA007420077911
B0134503936663N12148739WA007420077853
B0134513936670N12148740WA007410077899
B0134523936678N12148743WA007400077540
B0134533936685N12148745WA007390077650
B0134543936693N12148745WA007380077329
B0134553936701N12148746WA007370077326
B0134563936708N12148747WA007350077266
B0134573936716N12148748WA007340077034
B0134583936723N12148749WA007340076997
B0134593936731N12148750WA007330076843
B0135003936738N12148751WA007330076784
B0135013936746N12148753WA007310076671
B0135023936755N12148754WA007300076415
B0135033936762N12148755WA007280076267
B0135043936769N12148757WA007270076283
B0135053936777N12148758WA007250076279
B0135063936785N12148761WA007240076033
B0135073936792N12148763WA007220075987
B0135083936800N12148765WA007200075713
B0135093936807N12148767WA007190075656
B0135103936814N12148768WA007180075492
B0135113936822N12148769WA007180075478
B0135123936830N12148771WA007180075211
B0135133936837N12148773WA007170075261
B0135143936845N12148774WA007160075170
B0135153936853N12148775WA007150074965
B0135163936862N12148777WA007140074902
B0135173936870N12148778WA007130074979
B0135183936879N12148780WA007130074717
B0135193936886N12148782WA007130074889
B0135203936894N12148785WA007130074771
B0135213936902N12148787WA007120074864
B0135223936910N12148789WA007120074859
B0135233936918N12148792WA007110074630
B0135243936926N12148793WA007100074636
B0135253936933N12148796WA007090074672
B0135263936941N12148797WA007080074515
B0135273936948N12148799WA007080074684
B0135283936956N12148800WA007070074413
B0135293936963N12148800WA007060074389
B0135303936971N12148802WA007040074185
B0135313936979N12148803WA007030073989
B0135323936987N12148804WA007020073729
B0135333936995N12148805WA007000073607
B0135343937002N12148806WA006980073471
B0135353937010N12148806WA006970073333
B0135363937018N12148806WA006960073224
B0135373937026N12148806WA006950073119
B0135383937034N12148806WA006940073126
B0135393937041N12148807WA006930072981
B0135403937049N12148808WA006920072926
B0135413937056N12148809WA006910072753
B0135423937064N12148810WA006890072533
B0135433937072N12148810WA006870072439
B0135443937080N12148811WA006850072355
B0135453937088N12148812WA006840072251
B0135463937096N12148812WA006840072102
B0135473937103N12148813WA006830072066
B0135483937111N12148814WA006820071965
B0135493937119N12148815WA006810071653
B0135503937127N12148815WA006800071477
B0135513937135N12148816WA006780071250
B0135523937143N12148816WA006760071195
B0135533937151N12148817WA006750071081
B0135543937159N12148817WA006730071076
B0135553937167N12148818WA006710070682
B0135563937175N12148818WA006700070497
B0135573937184N12148818WA006690070077
B0135583937192N12148818WA006670069998
B0135593937200N12148819WA006660070098
B0136003937208N12148821WA006650069923
B0136013937215N12148822WA006630069958
B0136023937223N12148823WA006620069626
B0136033937231N12148824WA006610069534
B0136043937239N12148825WA006590069452
B0136053937247N12148825WA006580069276
B0136063937255N12148826WA006570069261
B0136073937263N12148826WA006560069177
B0136083937271N12148827WA006550068966
B0136093937279N12148828WA006550068737
B0136103937287N12148830WA006540068593
B0136113937296N12148831WA006540068656
B0136123937304N12148832WA006530068597
B0136133937312N12148833WA006520068462
B0136143937320N12148834WA006510068454
B0136153937328N12148834WA006500068319
B0136163937336N12148835WA006480068216
B0136173937343N12148835WA006460068099
B0136183937352N12148835WA006450068007
B0136193937359N12148835WA006430067734
B0136203937366N12148834WA006420067856
B0136213937374N12148834WA006410067728
B0136223937381N12148835WA006410067630
B0136233937388N12148834WA006400067425
B0136243937397N12148833WA006390067418
B0136253937405N12148832WA006380067246
B0136263937413N12148832WA006370067022
B0136273937420N12148832WA006360066971
B0136283937428N12148831WA006350066843
B0136293937435N12148831WA006340066686
B0136303937443N12148831WA006340066559
B0136313937451N12148831WA006330066427
B0136323937459N12148832WA006330066232
B0136333937466N12148831WA006320066145
B0136343937473N12148831WA006320066113
B0136353937480N12148830WA006310065868
B0136363937488N12148830WA006290065701
B0136373937495N12148829WA006270065542
B0136383937502N12148828WA006260065562
B0136393937509N12148827WA006240065385
B0136403937517N12148826WA006230065333
B0136413937524N12148825WA006220065375
B0136423937532N12148824WA006200065275
B0136433937540N12148824WA006190065021
B0136443937547N12148822WA006180064999
B0136453937555N12148821WA006170064979
B0136463937563N12148821WA006170064833
B0136473937570N12148820WA006170064635
B0136483937577N12148820WA006170064635
B0136493937584N12148820WA006160064581
B0136503937592N12148819WA006150064435
B0136513937600N12148818WA006140064426
B0136523937608N12148818WA006130064356
B0136533937615N12148818WA006130064397
B0136543937623N12148819WA006130064321
B0136553937629N12148819WA006140064374
B0136563937636N12148819WA006140064234
B0136573937642N12148819WA006140064496
B0136583937650N12148819WA006130064229
B0136593937658N12148819WA006120064018
B0137003937666N12148819WA006110063932
B0137013937673N12148819WA006100063750
B0137023937680N12148818WA006090063641
B0137033937686N12148817WA006090063675
B0137043937693N12148818WA006080063782
B0137053937700N12148817WA006070063506
B0137063937706N12148816WA006060063574
B0137073937713N12148816WA006050063442
B0137083937720N12148815WA006040063347
B0137093937727N12148815WA006030063210
B0137103937734N12148814WA006020063156
B0137113937741N12148814WA006010063061
B0137123937749N12148813WA006000062837
B0137133937757N12148813WA005990062881
B0137143937766N12148812WA005970062615
B0137153937774N12148812WA005960062561
B0137163937782N12148811WA005950062476
B0137173937790N12148811WA005940062380
B0137183937798N12148811WA005930062251
B0137193937806N12148810WA005920062118
B0137203937814N12148810WA005910062109
B0137213937821N12148810WA005900061958
B0137223937829N12148810WA005880061837
B0137233937836N12148810WA005870061729
B0137243937843N12148810WA005860061645
B0137253937850N12148810WA005850061605
B0137263937857N12148809WA005840061415
B0137273937864N12148808WA005830061337
B0137283937871N12148808WA005830061185
B0137293937879N12148807WA005810061030
B0137303937886N12148805WA005800060967
B0137313937893N12148805WA005790060870
B0137323937900N12148804WA005780060683
B0137333937908N12148803WA005780060529
B0137343937915N12148803WA005770060639
B0137353937922N12148803WA005760060447
B0137363937929N12148803WA005750060323
B0137373937937N12148803WA005740060202
B0137383937943N12148802WA005740060285
B0137393937950N12148801WA005730060312
B0137403937956N12148800WA005720060269
B0137413937963N12148800WA005710060154
B0137423937970N12148800WA005710060132
B0137433937977N12148799WA005700060156
B0137443937984N12148799WA005690060040
B0137453937991N12148798WA005680059918
B0137463937998N12148797WA005680059829
B0137473938005N12148797WA005670059706
B0137483938012N12148797WA005660059713
B0137493938019N12148796WA005660059608
B0137503938025N12148795WA005650059693
B0137513938032N12148794WA005650059477
B0137523938039N12148794WA005640059413
B0137533938045N12148794WA005630059230
B0137543938052N12148792WA005620059249
B0137553938058N12148792WA005610059064
B0137563938065N12148791WA005600058914
B0137573938071N12148790WA005590058874
B0137583938078N12148789WA005580058730
B0137593938085N12148788WA005560058604
B0138003938091N12148787WA005550058473
B0138013938098N12148785WA005540058484
B0138023938105N12148784WA005540058389
B0138033938112N12148784WA005540058312
B0138043938119N12148783WA005540058206
B0138053938125N12148782WA005540058167
B0138063938131N12148782WA005530058180
B0138073938137N12148781WA005530058177
B0138083938144N12148780WA005520058007
B0138093938150N12148780WA005510057972
B0138103938157N12148779WA005500057834
B0138113938164N12148778WA005490057705
B0138123938170N12148777WA005490057736
B0138133938176N12148776WA005480057742
B0138143938182N12148775WA005470057550
B0138153938188N12148773WA005460057595
B0138163938195N12148772WA005450057442
B0138173938202N12148770WA005440057339
B0138183938209N12148769WA005430057246
B0138193938215N12148767WA005420057089
B0138203938222N12148766WA005420057037
B0138213938229N12148765WA005420056910
B0138223938235N12148763WA005420056856
B0138233938242N12148762WA005420056703
B0138243938248N12148760WA005410056713
B0138253938254N12148758WA005400056650
B0138263938260N12148755WA005390056548
B0138273938266N12148753WA005370056479
B0138283938272N12148752WA005360056491
B0138293938279N12148750WA005350056312
B0138303938285N12148748WA005330056244
B0138313938291N12148746WA005320056169
B0138323938297N12148744WA005300055949
B0138333938304N12148742WA005290055909
B0138343938310N12148741WA005270055724
B0138353938316N12148739WA005260055537
B0138363938322N12148737WA005250055424
B0138373938327N12148736WA005250055370
B0138383938333N12148734WA005240055252
B0138393938339N12148732WA005230055147
B0138403938345N12148730WA005220054917
B0138413938351N12148727WA005200054769
B0138423938357N12148726WA005190054560
B0138433938363N12148724WA005170054474
B0138443938369N12148722WA005160054356
B0138453938375N12148720WA005140054148
B0138463938380N12148718WA005130054095
B0138473938386N12148715WA005110053776
B0138483938392N12148712WA005100053563
B0138493938398N12148709WA005080053444
B0138503938403N12148706WA005070053399
B0138513938408N12148704WA005070053395
B0138523938413N12148701WA005060053267
B0138533938418N12148699WA005050053273
B0138543938424N12148697WA005030052911
B0138553938429N12148694WA005020052850
B0138563938435N12148691WA005000052700
B0138573938440N12148688WA004990052745
B0138583938445N12148686WA004990052750
B0138593938450N12148683WA004980052550
B0139003938455N12148680WA004970052468
B0139013938460N12148677WA004960052339
B0139023938465N12148675WA004950052234
B0139033938470N12148673WA004940052083
B0139043938475N12148670WA004930051982
B0139053938480N12148667WA004910051995
B0139063938485N12148664WA004890051760
B0139073938490N12148660WA004880051651
B0139083938495N12148657WA004870051713
B0139093938499N12148654WA004850051664
B0139103938504N12148651WA004840051438
B0139113938509N12148648WA004830051175
B0139123938514N12148645WA004810051081
B0139133938519N12148642WA004800051033
B0139143938524N12148639WA004800050813
B0139153938528N12148636WA004790050766
B0139163938533N12148633WA004780050526
B0139173938537N12148630WA004770050277
B0139183938542N12148627WA004750050127
B0139193938546N12148624WA004740049992
B0139203938551N12148621WA004730049880
B0139213938556N12148617WA004710049808
B0139223938560N12148614WA004700049636
B0139233938564N12148611WA004680049658
B0139243938568N12148608WA004670049475
B0139253938573N12148605WA004650049326
B0139263938577N12148602WA004630049288
B0139273938582N12148599WA004620049079
B0139283938587N12148597WA004610048994
B0139293938593N12148595WA004610048935
B0139303938599N12148594WA004610048806
B0139313938604N12148593WA004600048777
B0139323938610N12148592WA004590048547
B0139333938617N12148591WA004580048419
B0139343938622N12148590WA004570048387
B0139353938628N12148589WA004560048382
B0139363938634N12148587WA004550048277
B0139373938640N12148585WA004540048259
B0139383938646N12148585WA004530048141
B0139393938651N12148583WA004520048097
B0139403938658N12148582WA004510047930
B0139413938664N12148580WA004510047875
B0139423938670N12148579WA004500047782
B0139433938676N12148577WA004500047672
B0139443938682N12148576WA004490047592
B0139453938689N12148575WA004480047441
B0139463938695N12148573WA004470047479
B0139473938702N12148573WA004460047240
B0139483938708N12148571WA004460047247
B0139493938713N12148570WA004450047175
B0139503938719N12148569WA004440047157
B0139513938725N12148568WA004430047153
B0139523938731N12148567WA004420047197
B0139533938737N12148567WA004420047190
B0139543938744N12148566WA004410047032
B0139553938750N12148565WA004400046999
B0139563938757N12148565WA004390046934
B0139573938763N12148564WA004380046888
B0139583938769N12148564WA004380046764
B0139593938776N12148563WA004370046515
B0140003938782N12148562WA004360046361
B0140013938789N12148560WA004350046247
B0140023938795N12148559WA004340046255
B0140033938801N12148558WA004340046266
B0140043938807N12148557WA004340046288
B0140053938813N12148557WA004330046172
B0140063938820N12148556WA004330046133
B0140073938826N12148554WA004320046099
B0140083938833N12148553WA004310045937
B0140093938839N12148552WA004310046036
B0140103938845N12148551WA004300045825
B0140113938850N12148550WA004300045789
B0140123938856N12148550WA004290045573
B0140133938863N12148549WA004280045425
B0140143938869N12148548WA004260045336
B0140153938875N12148547WA004250045220
B0140163938880N12148545WA004240045151
B0140173938885N12148543WA004230045197
B0140183938891N12148542WA004220044977
B0140193938897N12148541WA004210044793
B0140203938904N12148540WA004200044506
B0140213938909N12148540WA004190044484
B0140223938915N12148539WA004180044424
B0140233938921N12148538WA004170044214
B0140243938926N12148536WA004150044188
B0140253938933N12148535WA004140044016
B0140263938938N12148534WA004130044091
B0140273938945N12148533WA004120044021
B0140283938952N12148532WA004110043901
B0140293938959N12148531WA004090043711
B0140303938966N12148529WA004080043539
B0140313938973N12148529WA004060043340
B0140323938980N12148528WA004050043260
B0140333938987N12148526WA004050043285
B0140343938994N12148525WA004040043193
B0140353939002N12148524WA004040043000
B0140363939009N12148522WA004030043038
B0140373939016N12148521WA004020042961
B0140383939023N12148519WA004020042881
B0140393939031N12148517WA004010042704
B0140403939038N12148515WA004000042649
B0140413939045N12148514WA003990042647
B0140423939052N12148513WA003990042539
B0140433939058N12148513WA003990042571
B0140443939065N12148512WA003990042143
B0140453939072N12148511WA003990042261
B0140463939079N12148510WA003990042227
B0140473939085N12148510WA003990042244
B0140483939092N12148509WA003980042017
B0140493939098N12148508WA003980042099
B0140503939105N12148507WA003970041998
B0140513939112N12148507WA003960041832
B0140523939118N12148506WA003960041941
B0140533939124N12148504WA003960042069
B0140543939129N12148504WA003960041953
B0140553939134N12148502WA003960041799
B0140563939140N12148502WA003950041750
B0140573939146N12148501WA003940041641
B0140583939152N12148500WA003930041640
B0140593939158N12148499WA003920041613
B0141003939163N12148498WA003920041662
B0141013939168N12148497WA003910041671
B0141023939173N12148495WA003910041676
B0141033939179N12148494WA003900041652
B0141043939185N12148493WA003890041452
B0141053939191N12148491WA003880041338
B0141063939197N12148490WA003870041108
B0141073939202N12148489WA003860041154
B0141083939207N12148488WA003850041086
B0141093939213N12148487WA003840040839
B0141103939218N12148487WA003830040780
B0141113939224N12148485WA003820040553
B0141123939230N12148484WA003800040405
B0141133939235N12148483WA003790040362
B0141143939241N12148482WA003780040310
B0141153939246N12148480WA003770040391
B0141163939252N12148478WA003770040354
B0141173939257N12148476WA003760040278
B0141183939263N12148475WA003760040139
B0141193939268N12148474WA003750039944
B0141203939273N12148473WA003740039875
B0141213939278N12148472WA003730039792
B0141223939284N12148471WA003720039637
B0141233939289N12148470WA003710039667
B0141243939295N12148469WA003690039515
B0141253939300N12148468WA003690039587
B0141263939306N12148468WA003680039551
B0141273939312N12148466WA003670039418
B0141283939317N12148465WA003660039249
B0141293939323N12148464WA003650039162
B0141303939329N12148462WA003640038989
B0141313939336N12148461WA003620038817
B0141323939342N12148459WA003610038678
B0141333939349N12148458WA003600038547
B0141343939355N12148457WA003600038339
B0141353939360N12148456WA003590038287
B0141363939367N12148455WA003580038005
B0141373939373N12148454WA003570038070
B0141383939380N12148451WA003550037859
B0141393939386N12148450WA003540037776
B0141403939392N12148449WA003520037687
B0141413939398N12148448WA003510037556
B0141423939404N12148447WA003490037373
B0141433939410N12148445WA003480037143
B0141443939417N12148444WA003460037124
B0141453939423N12148442WA003450036947
B0141463939429N12148440WA003430036757
B0141473939435N12148438WA003410036699
B0141483939442N12148437WA003400036505
B0141493939448N12148435WA003380036529
B0141503939454N12148433WA003370036369
B0141513939460N12148433WA003360036170
B0141523939466N12148432WA003350035963
B0141533939472N12148431WA003340035996
B0141543939479N12148431WA003330035791
B0141553939486N12148430WA003330035570
B0141563939492N12148428WA003330035481
B0141573939499N12148426WA003330035302
B0141583939504N12148424WA003330035239
B0141593939511N12148424WA003330035307
B0142003939516N12148423WA003320035225
B0142013939522N12148423WA003320035175
B0142023939528N12148423WA003310034962
B0142033939534N12148422WA003310034850
B0142043939540N12148420WA003310034752
B0142053939545N12148419WA003310034648
B0142063939550N12148419WA003300034620
B0142073939555N12148418WA003300034516
B0142083939560N12148418WA003290034461
B0142093939566N12148416WA003280034424
B0142103939572N12148415WA003270034542
B0142113939577N12148414WA003260034452
B0142123939582N12148413WA003260034496
B0142133939587N12148413WA003250034382
B0142143939593N12148411WA003240034219
B0142153939598N12148410WA003230034144
B0142163939603N12148409WA003220034094
B0142173939609N12148408WA003210033922
B0142183939614N12148407WA003200033954
B0142193939619N12148406WA003190033885
B0142203939625N12148406WA003180033721
B0142213939630N12148405WA003160033755
B0142223939635N12148405WA003150033560
B0142233939640N12148404WA003140033561
B0142243939646N12148402WA003130033437
B0142253939651N12148401WA003130033343
B0142263939656N12148400WA003120033384
B0142273939661N12148399WA003110033393
B0142283939666N12148397WA003100033057
B0142293939671N12148396WA003090032960
B0142303939676N12148394WA003080032968
B0142313939682N12148393WA003080032803
B0142323939687N12148391WA003080032747
B0142333939692N12148389WA003070032646
B0142343939697N12148387WA003070032439
B0142353939702N12148385WA003060032328
B0142363939707N12148384WA003060032203
B0142373939712N12148382WA003050032066
B0142383939718N12148380WA003040032049
B0142393939723N12148379WA003040032183
B0142403939728N12148377WA003030032069
B0142413939733N12148376WA003020032046
B0142423939738N12148374WA003010031979
B0142433939743N12148372WA003000031779
B0142443939749N12148369WA002990031735
B0142453939754N12148366WA002990031631
B0142463939758N12148363WA002990031549
B0142473939762N12148362WA002990031664
B0142483939766N12148360WA002990031667
B0142493939770N12148358WA002980031527
B0142503939774N12148356WA002970031453
B0142513939779N12148353WA002960031320
B0142523939784N12148350WA002950031389
B0142533939789N12148348WA002940031352
B0142543939793N12148346WA002930031353
B0142553939797N12148344WA002930031325
B0142563939800N12148342WA002920031285
B0142573939804N12148340WA002910031185
B0142583939809N12148338WA002900031020
B0142593939814N12148335WA002890030823
B0143003939818N12148331WA002870030789
B0143013939823N12148328WA002860030441
B0143023939828N12148324WA002840030343
B0143033939834N12148320WA002830030330
B0143043939839N12148317WA002820030250
B0143053939844N12148314WA002820030137
B0143063939849N12148312WA002820030020
B0143073939854N12148309WA002810030013
B0143083939858N12148306WA002800029894
B0143093939864N12148303WA002790029737
B0143103939869N12148300WA002780029645
B0143113939874N12148297WA002770029625
B0143123939879N12148295WA002760029501
B0143133939883N12148292WA002760029599
B0143143939888N12148290WA002750029380
B0143153939893N12148286WA002740029287
B0143163939898N12148283WA002720029284
B0143173939903N12148279WA002710029163
B0143183939908N12148275WA002700029007
B0143193939912N12148272WA002680029052
B0143203939916N12148268WA002670028954
B0143213939920N12148264WA002660028765
B0143223939924N12148260WA002650028673
B0143233939928N12148256WA002630028570
B0143243939933N12148250WA002610028437
B0143253939936N12148246WA002600028468
B0143263939940N12148242WA002580028376
B0143273939944N12148238WA002560028140
B0143283939948N12148232WA002550027959
B0143293939952N12148227WA002540028087
B0143303939956N12148222WA002530027951
B0143313939960N12148216WA002520027820
B0143323939961N12148211WA002520027771
B0143333939964N12148206WA002530027609
B0143343939966N12148204WA002540027710
B0143353939968N12148201WA002540027807
B0143363939970N12148199WA002550027714
B0143373939971N12148196WA002540027686
B0143383939973N12148193WA002530027485
B0143393939975N12148189WA002520027399
B0143403939978N12148185WA002510027308
B0143413939979N12148181WA002500027298
B0143423939981N12148178WA002490027174
B0143433939983N12148174WA002480027015
B0143443939985N12148170WA002480027007
B0143453939987N12148166WA002480026959
B0143463939989N12148163WA002470026887
B0143473939992N12148159WA002460026775
B0143483939995N12148155WA002440026638
B0143493939997N12148151WA002430026666
B0143503940000N12148148WA002420026603
B0143513940003N12148144WA002420026624
B0143523940006N12148140WA002400026563
B0143533940010N12148136WA002390026315
B0143543940013N12148132WA002380026344
B0143553940017N12148128WA002370026140
B0143563940021N12148123WA002360025916
B0143573940024N12148119WA002340025841
B0143583940027N12148114WA002330025799
B0143593940031N12148110WA002330025829
B0144003940035N12148106WA002320025719
B0144013940039N12148103WA002300025513
B0144023940042N12148099WA002290025467
B0144033940046N12148095WA002280025276
B0144043940051N12148091WA002270025026
B0144053940055N12148087WA002260024857
B0144063940059N12148083WA002250024648
B0144073940063N12148080WA002240024520
B0144083940067N12148076WA002240024405
B0144093940070N12148072WA002230024496
B0144103940074N12148069WA002220024353
B0144113940078N12148065WA002210024216
B0144123940081N12148061WA002200024265
B0144133940085N12148056WA002190024006
B0144143940088N12148052WA002180023931
B0144153940091N12148047WA002170023833
B0144163940094N12148042WA002160023854
B0144173940097N12148037WA002150023819
B0144183940099N12148033WA002150023874
B0144193940102N12148029WA002150023817
B0144203940104N12148025WA002140023747
B0144213940106N12148021WA002130023522
B0144223940107N12148016WA002120023557
B0144233940108N12148012WA002110023393
B0144243940110N12148008WA002100023217
B0144253940111N12148005WA002090023153
B0144263940113N12148001WA002070022904
B0144273940114N12147998WA002060022880
B0144283940116N12147994WA002040022637
B0144293940117N12147990WA002020022479
B0144303940118N12147987WA002000022271
B0144313940119N12147983WA001980022064
B0144323940119N12147980WA001970021953
B0144333940118N12147977WA001960021922
B0144343940116N12147976WA001950021822
B0144353940113N12147976WA001930021742
B0144363940109N12147977WA001920021478
B0144373940105N12147981WA001900021190
B0144383940101N12147986WA001880020998
B0144393940099N12147995WA001860020781
B0144403940097N12148003WA001840020598
B0144413940096N12148013WA001820020252
B0144423940094N12148022WA001800020191
B0144433940093N12148031WA001780019854
B0144443940090N12148039WA001760019766
B0144453940087N12148047WA001750019757
B0144463940084N12148054WA001740019475
B0144473940081N12148059WA001730019413
B0144483940077N12148063WA001720019332
B0144493940073N12148066WA001710019271
B0144503940070N12148066WA001700019129
B0144513940066N12148066WA001690019066
B0144523940063N12148066WA001680019024
B0144533940059N12148069WA001670018865
B0144543940055N12148074WA001660018945
B0144553940050N12148080WA001650018788
B0144563940047N12148088WA001630018512
B0144573940043N12148096WA001620018463
B0144583940040N12148102WA001610018369
B0144593940037N12148109WA001610018281
B0145003940035N12148116WA001600018125
B0145013940032N12148123WA001590018064
B0145023940029N12148131WA001580017891
B0145033940027N12148139WA001560017522
B0145043940024N12148147WA001550017398
B0145053940022N12148156WA001550017399
B0145063940022N12148165WA001550017297
B0145073940024N12148174WA001540017248
B0145083940027N12148183WA001540017228
B0145093940031N12148192WA001530017155
B0145103940037N12148199WA001510017056
B0145113940043N12148204WA001500017075
B0145123940050N12148204WA001480016996
B0145133940056N12148203WA001470016952
B0145143940060N12148200WA001460016609
B0145153940063N12148198WA001460016420
B0145163940062N12148194WA001460016427
B0145173940060N12148192WA001450016329
B0145183940056N12148192WA001440016190
B0145193940051N12148194WA001430016091
B0145203940047N12148198WA001420015863
B0145213940043N12148205WA001410015737
B0145223940040N12148214WA001400015666
B0145233940039N12148223WA001390015487
B0145243940040N12148233WA001380015433
B0145253940040N12148242WA001370015494
B0145263940042N12148250WA001370015417
B0145273940042N12148259WA001360015344
B0145283940042N12148268WA001350015287
B0145293940043N12148278WA001340015204
B0145303940043N12148287WA001330015174
B0145313940043N12148296WA001320014830
B0145323940042N12148305WA001310014813
B0145333940038N12148312WA001290014838
B0145343940034N12148319WA001270014647
B0145353940030N12148326WA001270014560
B0145363940026N12148331WA001270014584
B0145373940022N12148335WA001270014588
B0145383940018N12148338WA001260014374
B0145393940014N12148339WA001240014230
B0145403940009N12148340WA001230014388
B0145413940005N12148342WA001220014113
B0145423940000N12148344WA001200014253
B0145433939996N12148345WA001190014163
B0145443939992N12148345WA001170013934
B0145453939988N12148344WA001160013753
B0145463939984N12148343WA001140013688
B0145473939980N12148345WA001130013673
B0145483939975N12148346WA001120013584
B0145493939971N12148347WA001100013512
B0145503939967N12148346WA001100013308
B0145513939963N12148347WA001090013113
B0145523939959N12148347WA001090013182
B0145533939955N12148348WA001080013094
B0145543939952N12148349WA001080012977
B0145553939948N12148350WA001070013198
B0145563939944N12148352WA001060012982
B0145573939940N12148352WA001050012847
B0145583939936N12148352WA001040012768
B0145593939933N12148352WA001030012406
B0146003939930N12148351WA001020012342
B0146013939927N12148348WA001010012266
B0146023939926N12148344WA001010012076
B0146033939927N12148340WA000990011845
B0146043939930N12148337WA000980011685
B0146053939936N12148335WA000970011506
B0146063939941N12148335WA000960011436
B0146073939946N12148335WA000960011367
B0146083939951N12148336WA000960011292
B0146093939955N12148336WA000950011173
B0146103939959N12148335WA000940010981
B0146113939964N12148333WA000930010907
B0146123939966N12148331WA000920010615
B0146133939967N12148327WA000910010617
B0146143939965N12148324WA000890010437
B0146153939961N12148322WA000870010278
B0146163939957N12148324WA000850010113
B0146173939952N12148327WA000830010052
B0146183939947N12148331WA000810009881
B0146193939943N12148334WA000810009882
B0146203939939N12148336WA000810009750
B0146213939935N12148336WA000810009634
B0146223939931N12148335WA000800009592
B0146233939930N12148332WA000790009411
B0146243939930N12148328WA000780009257
B0146253939933N12148325WA000760009140
B0146263939938N12148322WA000740008904
B0146273939943N12148321WA000730008835
B0146283939948N12148321WA000720008858
B0146293939952N12148322WA000730008985
B0146303939956N12148321WA000730008999
B0146313939960N12148320WA000730008894
B0146323939964N12148319WA000720008883
B0146333939969N12148318WA000700008615
B0146343939973N12148317WA000690008579
B0146353939978N12148316WA000680008376
B0146363939983N12148315WA000670008363
B0146373939988N12148314WA000660008303
B0146383939991N12148312WA000660008230
B0146393939993N12148308WA000650008053
B0146403939993N12148304WA000640007930
B0146413939991N12148300WA000630007605
B0146423939987N12148299WA000610007521
B0146433939982N12148300WA000600007442
B0146443939978N12148303WA000580007340
B0146453939974N12148304WA000570007393
B0146463939971N12148303WA000560007223
B0146473939968N12148301WA000540006970
B0146483939970N12148293WA000520006724
B0146493939973N12148288WA000500006562
B0146503939979N12148286WA000480006420
B0146513939985N12148286WA000460006300
B0146523939991N12148286WA000460006322
B0146533939996N12148284WA000460006204
B0146543939999N12148280WA000450006038
B0146553940001N12148275WA000420005924
B0146563940001N12148269WA000400005752
B0146573940000N12148263WA000370005582
B0146583939999N12148258WA000360005421
B0146593939997N12148253WA000340005485
B0147003939995N12148249WA000330005390
B0147013939994N12148244WA000340005268
B0147023939993N12148241WA000340005162
B0147033939993N12148239WA000340005100
B0147043939992N12148236WA000330005045
B0147053939992N12148235WA000340005034
B0147063939992N12148234WA000330005107
B0147073939991N12148234WA000330005176
B0147083939991N12148235WA000330005153
B0147093939991N12148235WA000330005116
B0147103939991N12148235WA000330005106
B0147113939991N12148235WA000330005115
B0147123939991N12148235WA000330005030
B0147133939991N12148234WA000330005031
B0147143939991N12148233WA000330005029
B0147153939991N12148234WA000330005020
B0147163939991N12148234WA000330005022
B0147173939991N12148234WA000330005032
B0147183939991N12148234WA000330005054
B0147193939991N12148234WA000330004972
B0147203939991N12148234WA000330004983
LXCTFAICIVLCOMPLIANT true
G867B3CE7DFD3B4F2945140DA2D07692C62689FBA4D3BEEEF48D00AAB15004864
G065177680FDAE805F749946464E51566C166B0066AA7A3E9BA085C02C2D3CBBA
GBBB21CCF924312430D485039DD92D8AFBCD0682BC12EF9328FFEBBE7366F1C50
GBF95C391EAA068CD4B1C7A2A5672A369DF4AACB3E419B20874C7787B90FAFBE4
